[2026-07-28T00:29:48.488+0000] {processor.py:186} INFO - Started process (PID=166) to work on /opt/airflow/dags/flex_eau_pipeline.py
[2026-07-28T00:29:48.489+0000] {processor.py:914} INFO - Processing file /opt/airflow/dags/flex_eau_pipeline.py for tasks to queue
[2026-07-28T00:29:48.492+0000] {logging_mixin.py:190} INFO - [2026-07-28T00:29:48.492+0000] {dagbag.py:587} INFO - Filling up the DagBag from /opt/airflow/dags/flex_eau_pipeline.py
[2026-07-28T00:29:48.527+0000] {processor.py:925} INFO - DAG(s) 'flex_eau_pipeline' retrieved from /opt/airflow/dags/flex_eau_pipeline.py
[2026-07-28T00:29:48.588+0000] {logging_mixin.py:190} INFO - [2026-07-28T00:29:48.588+0000] {dag.py:3211} INFO - Sync 1 DAGs
[2026-07-28T00:29:48.639+0000] {logging_mixin.py:190} INFO - [2026-07-28T00:29:48.639+0000] {dag.py:4138} INFO - Setting next_dagrun for flex_eau_pipeline to 2026-07-28 00:00:00+00:00, run_after=2026-07-29 00:00:00+00:00
[2026-07-28T00:29:48.677+0000] {processor.py:208} INFO - Processing /opt/airflow/dags/flex_eau_pipeline.py took 0.200 seconds
[2026-07-28T00:30:18.838+0000] {processor.py:186} INFO - Started process (PID=202) to work on /opt/airflow/dags/flex_eau_pipeline.py
[2026-07-28T00:30:18.839+0000] {processor.py:914} INFO - Processing file /opt/airflow/dags/flex_eau_pipeline.py for tasks to queue
[2026-07-28T00:30:18.842+0000] {logging_mixin.py:190} INFO - [2026-07-28T00:30:18.842+0000] {dagbag.py:587} INFO - Filling up the DagBag from /opt/airflow/dags/flex_eau_pipeline.py
[2026-07-28T00:30:18.872+0000] {processor.py:925} INFO - DAG(s) 'flex_eau_pipeline' retrieved from /opt/airflow/dags/flex_eau_pipeline.py
[2026-07-28T00:30:18.913+0000] {logging_mixin.py:190} INFO - [2026-07-28T00:30:18.912+0000] {dag.py:3211} INFO - Sync 1 DAGs
[2026-07-28T00:30:18.957+0000] {logging_mixin.py:190} INFO - [2026-07-28T00:30:18.956+0000] {dag.py:4138} INFO - Setting next_dagrun for flex_eau_pipeline to 2026-07-28 00:00:00+00:00, run_after=2026-07-29 00:00:00+00:00
[2026-07-28T00:30:18.987+0000] {processor.py:208} INFO - Processing /opt/airflow/dags/flex_eau_pipeline.py took 0.156 seconds
[2026-07-28T00:30:49.282+0000] {processor.py:186} INFO - Started process (PID=207) to work on /opt/airflow/dags/flex_eau_pipeline.py
[2026-07-28T00:30:49.283+0000] {processor.py:914} INFO - Processing file /opt/airflow/dags/flex_eau_pipeline.py for tasks to queue
[2026-07-28T00:30:49.286+0000] {logging_mixin.py:190} INFO - [2026-07-28T00:30:49.285+0000] {dagbag.py:587} INFO - Filling up the DagBag from /opt/airflow/dags/flex_eau_pipeline.py
[2026-07-28T00:30:49.314+0000] {processor.py:925} INFO - DAG(s) 'flex_eau_pipeline' retrieved from /opt/airflow/dags/flex_eau_pipeline.py
[2026-07-28T00:30:49.349+0000] {logging_mixin.py:190} INFO - [2026-07-28T00:30:49.349+0000] {dag.py:3211} INFO - Sync 1 DAGs
[2026-07-28T00:30:49.373+0000] {logging_mixin.py:190} INFO - [2026-07-28T00:30:49.373+0000] {dag.py:4138} INFO - Setting next_dagrun for flex_eau_pipeline to 2026-07-28 00:00:00+00:00, run_after=2026-07-29 00:00:00+00:00
[2026-07-28T00:30:49.396+0000] {processor.py:208} INFO - Processing /opt/airflow/dags/flex_eau_pipeline.py took 0.122 seconds
[2026-07-28T00:31:19.671+0000] {processor.py:186} INFO - Started process (PID=212) to work on /opt/airflow/dags/flex_eau_pipeline.py
[2026-07-28T00:31:19.672+0000] {processor.py:914} INFO - Processing file /opt/airflow/dags/flex_eau_pipeline.py for tasks to queue
[2026-07-28T00:31:19.675+0000] {logging_mixin.py:190} INFO - [2026-07-28T00:31:19.675+0000] {dagbag.py:587} INFO - Filling up the DagBag from /opt/airflow/dags/flex_eau_pipeline.py
[2026-07-28T00:31:19.707+0000] {processor.py:925} INFO - DAG(s) 'flex_eau_pipeline' retrieved from /opt/airflow/dags/flex_eau_pipeline.py
[2026-07-28T00:31:19.745+0000] {logging_mixin.py:190} INFO - [2026-07-28T00:31:19.744+0000] {dag.py:3211} INFO - Sync 1 DAGs
[2026-07-28T00:31:19.767+0000] {logging_mixin.py:190} INFO - [2026-07-28T00:31:19.767+0000] {dag.py:4138} INFO - Setting next_dagrun for flex_eau_pipeline to 2026-07-28 00:00:00+00:00, run_after=2026-07-29 00:00:00+00:00
[2026-07-28T00:31:19.787+0000] {processor.py:208} INFO - Processing /opt/airflow/dags/flex_eau_pipeline.py took 0.126 seconds
[2026-07-28T00:31:50.127+0000] {processor.py:186} INFO - Started process (PID=217) to work on /opt/airflow/dags/flex_eau_pipeline.py
[2026-07-28T00:31:50.128+0000] {processor.py:914} INFO - Processing file /opt/airflow/dags/flex_eau_pipeline.py for tasks to queue
[2026-07-28T00:31:50.131+0000] {logging_mixin.py:190} INFO - [2026-07-28T00:31:50.131+0000] {dagbag.py:587} INFO - Filling up the DagBag from /opt/airflow/dags/flex_eau_pipeline.py
[2026-07-28T00:31:50.161+0000] {processor.py:925} INFO - DAG(s) 'flex_eau_pipeline' retrieved from /opt/airflow/dags/flex_eau_pipeline.py
[2026-07-28T00:31:50.199+0000] {logging_mixin.py:190} INFO - [2026-07-28T00:31:50.199+0000] {dag.py:3211} INFO - Sync 1 DAGs
[2026-07-28T00:31:50.225+0000] {logging_mixin.py:190} INFO - [2026-07-28T00:31:50.225+0000] {dag.py:4138} INFO - Setting next_dagrun for flex_eau_pipeline to 2026-07-28 00:00:00+00:00, run_after=2026-07-29 00:00:00+00:00
[2026-07-28T00:31:50.246+0000] {processor.py:208} INFO - Processing /opt/airflow/dags/flex_eau_pipeline.py took 0.128 seconds
[2026-07-28T00:32:20.439+0000] {processor.py:186} INFO - Started process (PID=222) to work on /opt/airflow/dags/flex_eau_pipeline.py
[2026-07-28T00:32:20.440+0000] {processor.py:914} INFO - Processing file /opt/airflow/dags/flex_eau_pipeline.py for tasks to queue
[2026-07-28T00:32:20.443+0000] {logging_mixin.py:190} INFO - [2026-07-28T00:32:20.442+0000] {dagbag.py:587} INFO - Filling up the DagBag from /opt/airflow/dags/flex_eau_pipeline.py
[2026-07-28T00:32:20.472+0000] {processor.py:925} INFO - DAG(s) 'flex_eau_pipeline' retrieved from /opt/airflow/dags/flex_eau_pipeline.py
[2026-07-28T00:32:20.514+0000] {logging_mixin.py:190} INFO - [2026-07-28T00:32:20.514+0000] {dag.py:3211} INFO - Sync 1 DAGs
[2026-07-28T00:32:20.540+0000] {logging_mixin.py:190} INFO - [2026-07-28T00:32:20.540+0000] {dag.py:4138} INFO - Setting next_dagrun for flex_eau_pipeline to 2026-07-28 00:00:00+00:00, run_after=2026-07-29 00:00:00+00:00
[2026-07-28T00:32:20.562+0000] {processor.py:208} INFO - Processing /opt/airflow/dags/flex_eau_pipeline.py took 0.130 seconds
[2026-07-28T00:32:50.855+0000] {processor.py:186} INFO - Started process (PID=227) to work on /opt/airflow/dags/flex_eau_pipeline.py
[2026-07-28T00:32:50.857+0000] {processor.py:914} INFO - Processing file /opt/airflow/dags/flex_eau_pipeline.py for tasks to queue
[2026-07-28T00:32:50.860+0000] {logging_mixin.py:190} INFO - [2026-07-28T00:32:50.859+0000] {dagbag.py:587} INFO - Filling up the DagBag from /opt/airflow/dags/flex_eau_pipeline.py
[2026-07-28T00:32:50.895+0000] {processor.py:925} INFO - DAG(s) 'flex_eau_pipeline' retrieved from /opt/airflow/dags/flex_eau_pipeline.py
[2026-07-28T00:32:50.940+0000] {logging_mixin.py:190} INFO - [2026-07-28T00:32:50.940+0000] {dag.py:3211} INFO - Sync 1 DAGs
[2026-07-28T00:32:50.967+0000] {logging_mixin.py:190} INFO - [2026-07-28T00:32:50.967+0000] {dag.py:4138} INFO - Setting next_dagrun for flex_eau_pipeline to 2026-07-28 00:00:00+00:00, run_after=2026-07-29 00:00:00+00:00
[2026-07-28T00:32:50.992+0000] {processor.py:208} INFO - Processing /opt/airflow/dags/flex_eau_pipeline.py took 0.149 seconds
[2026-07-28T00:33:21.331+0000] {processor.py:186} INFO - Started process (PID=232) to work on /opt/airflow/dags/flex_eau_pipeline.py
[2026-07-28T00:33:21.333+0000] {processor.py:914} INFO - Processing file /opt/airflow/dags/flex_eau_pipeline.py for tasks to queue
[2026-07-28T00:33:21.335+0000] {logging_mixin.py:190} INFO - [2026-07-28T00:33:21.335+0000] {dagbag.py:587} INFO - Filling up the DagBag from /opt/airflow/dags/flex_eau_pipeline.py
[2026-07-28T00:33:21.363+0000] {processor.py:925} INFO - DAG(s) 'flex_eau_pipeline' retrieved from /opt/airflow/dags/flex_eau_pipeline.py
[2026-07-28T00:33:21.399+0000] {logging_mixin.py:190} INFO - [2026-07-28T00:33:21.398+0000] {dag.py:3211} INFO - Sync 1 DAGs
[2026-07-28T00:33:21.422+0000] {logging_mixin.py:190} INFO - [2026-07-28T00:33:21.422+0000] {dag.py:4138} INFO - Setting next_dagrun for flex_eau_pipeline to 2026-07-28 00:00:00+00:00, run_after=2026-07-29 00:00:00+00:00
[2026-07-28T00:33:21.448+0000] {processor.py:208} INFO - Processing /opt/airflow/dags/flex_eau_pipeline.py took 0.126 seconds
[2026-07-28T00:33:51.804+0000] {processor.py:186} INFO - Started process (PID=237) to work on /opt/airflow/dags/flex_eau_pipeline.py
[2026-07-28T00:33:51.805+0000] {processor.py:914} INFO - Processing file /opt/airflow/dags/flex_eau_pipeline.py for tasks to queue
[2026-07-28T00:33:51.808+0000] {logging_mixin.py:190} INFO - [2026-07-28T00:33:51.808+0000] {dagbag.py:587} INFO - Filling up the DagBag from /opt/airflow/dags/flex_eau_pipeline.py
[2026-07-28T00:33:51.834+0000] {processor.py:925} INFO - DAG(s) 'flex_eau_pipeline' retrieved from /opt/airflow/dags/flex_eau_pipeline.py
[2026-07-28T00:33:51.875+0000] {logging_mixin.py:190} INFO - [2026-07-28T00:33:51.875+0000] {dag.py:3211} INFO - Sync 1 DAGs
[2026-07-28T00:33:51.902+0000] {logging_mixin.py:190} INFO - [2026-07-28T00:33:51.901+0000] {dag.py:4138} INFO - Setting next_dagrun for flex_eau_pipeline to 2026-07-28 00:00:00+00:00, run_after=2026-07-29 00:00:00+00:00
[2026-07-28T00:33:51.929+0000] {processor.py:208} INFO - Processing /opt/airflow/dags/flex_eau_pipeline.py took 0.132 seconds
[2026-07-28T00:34:22.150+0000] {processor.py:186} INFO - Started process (PID=242) to work on /opt/airflow/dags/flex_eau_pipeline.py
[2026-07-28T00:34:22.151+0000] {processor.py:914} INFO - Processing file /opt/airflow/dags/flex_eau_pipeline.py for tasks to queue
[2026-07-28T00:34:22.153+0000] {logging_mixin.py:190} INFO - [2026-07-28T00:34:22.153+0000] {dagbag.py:587} INFO - Filling up the DagBag from /opt/airflow/dags/flex_eau_pipeline.py
[2026-07-28T00:34:22.180+0000] {processor.py:925} INFO - DAG(s) 'flex_eau_pipeline' retrieved from /opt/airflow/dags/flex_eau_pipeline.py
[2026-07-28T00:34:22.217+0000] {logging_mixin.py:190} INFO - [2026-07-28T00:34:22.217+0000] {dag.py:3211} INFO - Sync 1 DAGs
[2026-07-28T00:34:22.246+0000] {logging_mixin.py:190} INFO - [2026-07-28T00:34:22.246+0000] {dag.py:4138} INFO - Setting next_dagrun for flex_eau_pipeline to 2026-07-28 00:00:00+00:00, run_after=2026-07-29 00:00:00+00:00
[2026-07-28T00:34:22.268+0000] {processor.py:208} INFO - Processing /opt/airflow/dags/flex_eau_pipeline.py took 0.126 seconds
[2026-07-28T00:34:52.562+0000] {processor.py:186} INFO - Started process (PID=247) to work on /opt/airflow/dags/flex_eau_pipeline.py
[2026-07-28T00:34:52.563+0000] {processor.py:914} INFO - Processing file /opt/airflow/dags/flex_eau_pipeline.py for tasks to queue
[2026-07-28T00:34:52.566+0000] {logging_mixin.py:190} INFO - [2026-07-28T00:34:52.566+0000] {dagbag.py:587} INFO - Filling up the DagBag from /opt/airflow/dags/flex_eau_pipeline.py
[2026-07-28T00:34:52.593+0000] {processor.py:925} INFO - DAG(s) 'flex_eau_pipeline' retrieved from /opt/airflow/dags/flex_eau_pipeline.py
[2026-07-28T00:34:52.629+0000] {logging_mixin.py:190} INFO - [2026-07-28T00:34:52.628+0000] {dag.py:3211} INFO - Sync 1 DAGs
[2026-07-28T00:34:52.653+0000] {logging_mixin.py:190} INFO - [2026-07-28T00:34:52.653+0000] {dag.py:4138} INFO - Setting next_dagrun for flex_eau_pipeline to 2026-07-28 00:00:00+00:00, run_after=2026-07-29 00:00:00+00:00
[2026-07-28T00:34:52.676+0000] {processor.py:208} INFO - Processing /opt/airflow/dags/flex_eau_pipeline.py took 0.121 seconds
[2026-07-28T00:35:22.953+0000] {processor.py:186} INFO - Started process (PID=292) to work on /opt/airflow/dags/flex_eau_pipeline.py
[2026-07-28T00:35:22.954+0000] {processor.py:914} INFO - Processing file /opt/airflow/dags/flex_eau_pipeline.py for tasks to queue
[2026-07-28T00:35:22.956+0000] {logging_mixin.py:190} INFO - [2026-07-28T00:35:22.956+0000] {dagbag.py:587} INFO - Filling up the DagBag from /opt/airflow/dags/flex_eau_pipeline.py
[2026-07-28T00:35:22.982+0000] {processor.py:925} INFO - DAG(s) 'flex_eau_pipeline' retrieved from /opt/airflow/dags/flex_eau_pipeline.py
[2026-07-28T00:35:23.019+0000] {logging_mixin.py:190} INFO - [2026-07-28T00:35:23.019+0000] {dag.py:3211} INFO - Sync 1 DAGs
[2026-07-28T00:35:23.043+0000] {logging_mixin.py:190} INFO - [2026-07-28T00:35:23.042+0000] {dag.py:4138} INFO - Setting next_dagrun for flex_eau_pipeline to 2026-07-28 00:00:00+00:00, run_after=2026-07-29 00:00:00+00:00
[2026-07-28T00:35:23.063+0000] {processor.py:208} INFO - Processing /opt/airflow/dags/flex_eau_pipeline.py took 0.116 seconds
[2026-07-28T00:35:53.263+0000] {processor.py:186} INFO - Started process (PID=312) to work on /opt/airflow/dags/flex_eau_pipeline.py
[2026-07-28T00:35:53.264+0000] {processor.py:914} INFO - Processing file /opt/airflow/dags/flex_eau_pipeline.py for tasks to queue
[2026-07-28T00:35:53.268+0000] {logging_mixin.py:190} INFO - [2026-07-28T00:35:53.267+0000] {dagbag.py:587} INFO - Filling up the DagBag from /opt/airflow/dags/flex_eau_pipeline.py
[2026-07-28T00:35:53.301+0000] {processor.py:925} INFO - DAG(s) 'flex_eau_pipeline' retrieved from /opt/airflow/dags/flex_eau_pipeline.py
[2026-07-28T00:35:53.358+0000] {logging_mixin.py:190} INFO - [2026-07-28T00:35:53.357+0000] {dag.py:3211} INFO - Sync 1 DAGs
[2026-07-28T00:35:53.393+0000] {logging_mixin.py:190} INFO - [2026-07-28T00:35:53.393+0000] {dag.py:4138} INFO - Setting next_dagrun for flex_eau_pipeline to 2026-07-28 00:00:00+00:00, run_after=2026-07-29 00:00:00+00:00
[2026-07-28T00:35:53.424+0000] {processor.py:208} INFO - Processing /opt/airflow/dags/flex_eau_pipeline.py took 0.174 seconds
[2026-07-28T00:36:24.382+0000] {processor.py:186} INFO - Started process (PID=1141) to work on /opt/airflow/dags/flex_eau_pipeline.py
[2026-07-28T00:36:24.387+0000] {processor.py:914} INFO - Processing file /opt/airflow/dags/flex_eau_pipeline.py for tasks to queue
[2026-07-28T00:36:24.398+0000] {logging_mixin.py:190} INFO - [2026-07-28T00:36:24.397+0000] {dagbag.py:587} INFO - Filling up the DagBag from /opt/airflow/dags/flex_eau_pipeline.py
[2026-07-28T00:36:24.562+0000] {processor.py:925} INFO - DAG(s) 'flex_eau_pipeline' retrieved from /opt/airflow/dags/flex_eau_pipeline.py
[2026-07-28T00:36:24.856+0000] {logging_mixin.py:190} INFO - [2026-07-28T00:36:24.855+0000] {dag.py:3211} INFO - Sync 1 DAGs
[2026-07-28T00:36:24.946+0000] {logging_mixin.py:190} INFO - [2026-07-28T00:36:24.945+0000] {dag.py:4138} INFO - Setting next_dagrun for flex_eau_pipeline to 2026-07-28 00:00:00+00:00, run_after=2026-07-29 00:00:00+00:00
[2026-07-28T00:36:25.006+0000] {processor.py:208} INFO - Processing /opt/airflow/dags/flex_eau_pipeline.py took 0.653 seconds
[2026-07-28T00:36:55.251+0000] {processor.py:186} INFO - Started process (PID=1520) to work on /opt/airflow/dags/flex_eau_pipeline.py
[2026-07-28T00:36:55.255+0000] {processor.py:914} INFO - Processing file /opt/airflow/dags/flex_eau_pipeline.py for tasks to queue
[2026-07-28T00:36:55.259+0000] {logging_mixin.py:190} INFO - [2026-07-28T00:36:55.259+0000] {dagbag.py:587} INFO - Filling up the DagBag from /opt/airflow/dags/flex_eau_pipeline.py
[2026-07-28T00:36:55.304+0000] {processor.py:925} INFO - DAG(s) 'flex_eau_pipeline' retrieved from /opt/airflow/dags/flex_eau_pipeline.py
[2026-07-28T00:36:55.368+0000] {logging_mixin.py:190} INFO - [2026-07-28T00:36:55.368+0000] {dag.py:3211} INFO - Sync 1 DAGs
[2026-07-28T00:36:55.410+0000] {logging_mixin.py:190} INFO - [2026-07-28T00:36:55.409+0000] {dag.py:4138} INFO - Setting next_dagrun for flex_eau_pipeline to 2026-07-28 00:00:00+00:00, run_after=2026-07-29 00:00:00+00:00
[2026-07-28T00:36:55.441+0000] {processor.py:208} INFO - Processing /opt/airflow/dags/flex_eau_pipeline.py took 0.210 seconds
[2026-07-28T00:37:25.622+0000] {processor.py:186} INFO - Started process (PID=1923) to work on /opt/airflow/dags/flex_eau_pipeline.py
[2026-07-28T00:37:25.625+0000] {processor.py:914} INFO - Processing file /opt/airflow/dags/flex_eau_pipeline.py for tasks to queue
[2026-07-28T00:37:25.633+0000] {logging_mixin.py:190} INFO - [2026-07-28T00:37:25.631+0000] {dagbag.py:587} INFO - Filling up the DagBag from /opt/airflow/dags/flex_eau_pipeline.py
[2026-07-28T00:37:25.717+0000] {processor.py:925} INFO - DAG(s) 'flex_eau_pipeline' retrieved from /opt/airflow/dags/flex_eau_pipeline.py
[2026-07-28T00:37:25.857+0000] {logging_mixin.py:190} INFO - [2026-07-28T00:37:25.856+0000] {dag.py:3211} INFO - Sync 1 DAGs
[2026-07-28T00:37:25.949+0000] {logging_mixin.py:190} INFO - [2026-07-28T00:37:25.949+0000] {dag.py:4138} INFO - Setting next_dagrun for flex_eau_pipeline to 2026-07-28 00:00:00+00:00, run_after=2026-07-29 00:00:00+00:00
[2026-07-28T00:37:25.995+0000] {processor.py:208} INFO - Processing /opt/airflow/dags/flex_eau_pipeline.py took 0.390 seconds
[2026-07-28T00:37:56.236+0000] {processor.py:186} INFO - Started process (PID=2135) to work on /opt/airflow/dags/flex_eau_pipeline.py
[2026-07-28T00:37:56.238+0000] {processor.py:914} INFO - Processing file /opt/airflow/dags/flex_eau_pipeline.py for tasks to queue
[2026-07-28T00:37:56.246+0000] {logging_mixin.py:190} INFO - [2026-07-28T00:37:56.245+0000] {dagbag.py:587} INFO - Filling up the DagBag from /opt/airflow/dags/flex_eau_pipeline.py
[2026-07-28T00:37:56.301+0000] {processor.py:925} INFO - DAG(s) 'flex_eau_pipeline' retrieved from /opt/airflow/dags/flex_eau_pipeline.py
[2026-07-28T00:37:56.396+0000] {logging_mixin.py:190} INFO - [2026-07-28T00:37:56.395+0000] {dag.py:3211} INFO - Sync 1 DAGs
[2026-07-28T00:37:56.454+0000] {logging_mixin.py:190} INFO - [2026-07-28T00:37:56.454+0000] {dag.py:4138} INFO - Setting next_dagrun for flex_eau_pipeline to 2026-07-28 00:00:00+00:00, run_after=2026-07-29 00:00:00+00:00
[2026-07-28T00:37:56.498+0000] {processor.py:208} INFO - Processing /opt/airflow/dags/flex_eau_pipeline.py took 0.275 seconds
[2026-07-28T00:38:57.062+0000] {processor.py:186} INFO - Started process (PID=167) to work on /opt/airflow/dags/flex_eau_pipeline.py
[2026-07-28T00:38:57.064+0000] {processor.py:914} INFO - Processing file /opt/airflow/dags/flex_eau_pipeline.py for tasks to queue
[2026-07-28T00:38:57.067+0000] {logging_mixin.py:190} INFO - [2026-07-28T00:38:57.066+0000] {dagbag.py:587} INFO - Filling up the DagBag from /opt/airflow/dags/flex_eau_pipeline.py
[2026-07-28T00:38:57.133+0000] {processor.py:925} INFO - DAG(s) 'flex_eau_pipeline' retrieved from /opt/airflow/dags/flex_eau_pipeline.py
[2026-07-28T00:38:57.503+0000] {logging_mixin.py:190} INFO - [2026-07-28T00:38:57.502+0000] {override.py:1858} INFO - Created Permission View: can read on DAG:flex_eau_pipeline
[2026-07-28T00:38:57.521+0000] {logging_mixin.py:190} INFO - [2026-07-28T00:38:57.520+0000] {override.py:1858} INFO - Created Permission View: can edit on DAG:flex_eau_pipeline
[2026-07-28T00:38:57.535+0000] {logging_mixin.py:190} INFO - [2026-07-28T00:38:57.534+0000] {override.py:1858} INFO - Created Permission View: can delete on DAG:flex_eau_pipeline
[2026-07-28T00:38:57.537+0000] {logging_mixin.py:190} INFO - [2026-07-28T00:38:57.536+0000] {dag.py:3211} INFO - Sync 1 DAGs
[2026-07-28T00:38:57.560+0000] {logging_mixin.py:190} INFO - [2026-07-28T00:38:57.559+0000] {dag.py:3234} INFO - Creating ORM DAG for flex_eau_pipeline
[2026-07-28T00:38:57.580+0000] {logging_mixin.py:190} INFO - [2026-07-28T00:38:57.580+0000] {dag.py:4138} INFO - Setting next_dagrun for flex_eau_pipeline to 2026-07-27 00:00:00+00:00, run_after=2026-07-28 00:00:00+00:00
[2026-07-28T00:38:57.631+0000] {processor.py:208} INFO - Processing /opt/airflow/dags/flex_eau_pipeline.py took 0.583 seconds
[2026-07-28T00:39:28.117+0000] {processor.py:186} INFO - Started process (PID=172) to work on /opt/airflow/dags/flex_eau_pipeline.py
[2026-07-28T00:39:28.119+0000] {processor.py:914} INFO - Processing file /opt/airflow/dags/flex_eau_pipeline.py for tasks to queue
[2026-07-28T00:39:28.124+0000] {logging_mixin.py:190} INFO - [2026-07-28T00:39:28.123+0000] {dagbag.py:587} INFO - Filling up the DagBag from /opt/airflow/dags/flex_eau_pipeline.py
[2026-07-28T00:39:28.158+0000] {processor.py:925} INFO - DAG(s) 'flex_eau_pipeline' retrieved from /opt/airflow/dags/flex_eau_pipeline.py
[2026-07-28T00:39:28.212+0000] {logging_mixin.py:190} INFO - [2026-07-28T00:39:28.211+0000] {dag.py:3211} INFO - Sync 1 DAGs
[2026-07-28T00:39:28.244+0000] {logging_mixin.py:190} INFO - [2026-07-28T00:39:28.244+0000] {dag.py:4138} INFO - Setting next_dagrun for flex_eau_pipeline to 2026-07-27 00:00:00+00:00, run_after=2026-07-28 00:00:00+00:00
[2026-07-28T00:39:28.269+0000] {processor.py:208} INFO - Processing /opt/airflow/dags/flex_eau_pipeline.py took 0.168 seconds
[2026-07-28T00:39:58.481+0000] {processor.py:186} INFO - Started process (PID=177) to work on /opt/airflow/dags/flex_eau_pipeline.py
[2026-07-28T00:39:58.483+0000] {processor.py:914} INFO - Processing file /opt/airflow/dags/flex_eau_pipeline.py for tasks to queue
[2026-07-28T00:39:58.485+0000] {logging_mixin.py:190} INFO - [2026-07-28T00:39:58.485+0000] {dagbag.py:587} INFO - Filling up the DagBag from /opt/airflow/dags/flex_eau_pipeline.py
[2026-07-28T00:39:58.514+0000] {processor.py:925} INFO - DAG(s) 'flex_eau_pipeline' retrieved from /opt/airflow/dags/flex_eau_pipeline.py
[2026-07-28T00:39:58.558+0000] {logging_mixin.py:190} INFO - [2026-07-28T00:39:58.558+0000] {dag.py:3211} INFO - Sync 1 DAGs
[2026-07-28T00:39:58.588+0000] {logging_mixin.py:190} INFO - [2026-07-28T00:39:58.588+0000] {dag.py:4138} INFO - Setting next_dagrun for flex_eau_pipeline to 2026-07-27 00:00:00+00:00, run_after=2026-07-28 00:00:00+00:00
[2026-07-28T00:39:58.614+0000] {processor.py:208} INFO - Processing /opt/airflow/dags/flex_eau_pipeline.py took 0.140 seconds
[2026-07-28T00:45:55.916+0000] {processor.py:186} INFO - Started process (PID=167) to work on /opt/airflow/dags/flex_eau_pipeline.py
[2026-07-28T00:45:55.918+0000] {processor.py:914} INFO - Processing file /opt/airflow/dags/flex_eau_pipeline.py for tasks to queue
[2026-07-28T00:45:55.920+0000] {logging_mixin.py:190} INFO - [2026-07-28T00:45:55.920+0000] {dagbag.py:587} INFO - Filling up the DagBag from /opt/airflow/dags/flex_eau_pipeline.py
[2026-07-28T00:45:55.954+0000] {processor.py:925} INFO - DAG(s) 'flex_eau_pipeline' retrieved from /opt/airflow/dags/flex_eau_pipeline.py
[2026-07-28T00:45:56.001+0000] {logging_mixin.py:190} INFO - [2026-07-28T00:45:56.000+0000] {dag.py:3211} INFO - Sync 1 DAGs
[2026-07-28T00:45:56.034+0000] {logging_mixin.py:190} INFO - [2026-07-28T00:45:56.034+0000] {dag.py:4138} INFO - Setting next_dagrun for flex_eau_pipeline to 2026-07-27 00:00:00+00:00, run_after=2026-07-28 00:00:00+00:00
[2026-07-28T00:45:56.063+0000] {processor.py:208} INFO - Processing /opt/airflow/dags/flex_eau_pipeline.py took 0.157 seconds
[2026-07-28T00:46:26.268+0000] {processor.py:186} INFO - Started process (PID=172) to work on /opt/airflow/dags/flex_eau_pipeline.py
[2026-07-28T00:46:26.269+0000] {processor.py:914} INFO - Processing file /opt/airflow/dags/flex_eau_pipeline.py for tasks to queue
[2026-07-28T00:46:26.272+0000] {logging_mixin.py:190} INFO - [2026-07-28T00:46:26.271+0000] {dagbag.py:587} INFO - Filling up the DagBag from /opt/airflow/dags/flex_eau_pipeline.py
[2026-07-28T00:46:26.303+0000] {processor.py:925} INFO - DAG(s) 'flex_eau_pipeline' retrieved from /opt/airflow/dags/flex_eau_pipeline.py
[2026-07-28T00:46:26.347+0000] {logging_mixin.py:190} INFO - [2026-07-28T00:46:26.347+0000] {dag.py:3211} INFO - Sync 1 DAGs
[2026-07-28T00:46:26.374+0000] {logging_mixin.py:190} INFO - [2026-07-28T00:46:26.373+0000] {dag.py:4138} INFO - Setting next_dagrun for flex_eau_pipeline to 2026-07-27 00:00:00+00:00, run_after=2026-07-28 00:00:00+00:00
[2026-07-28T00:46:26.398+0000] {processor.py:208} INFO - Processing /opt/airflow/dags/flex_eau_pipeline.py took 0.139 seconds
[2026-07-28T00:46:56.547+0000] {processor.py:186} INFO - Started process (PID=203) to work on /opt/airflow/dags/flex_eau_pipeline.py
[2026-07-28T00:46:56.549+0000] {processor.py:914} INFO - Processing file /opt/airflow/dags/flex_eau_pipeline.py for tasks to queue
[2026-07-28T00:46:56.553+0000] {logging_mixin.py:190} INFO - [2026-07-28T00:46:56.553+0000] {dagbag.py:587} INFO - Filling up the DagBag from /opt/airflow/dags/flex_eau_pipeline.py
[2026-07-28T00:46:56.594+0000] {processor.py:925} INFO - DAG(s) 'flex_eau_pipeline' retrieved from /opt/airflow/dags/flex_eau_pipeline.py
[2026-07-28T00:46:56.650+0000] {logging_mixin.py:190} INFO - [2026-07-28T00:46:56.650+0000] {dag.py:3211} INFO - Sync 1 DAGs
[2026-07-28T00:46:56.681+0000] {logging_mixin.py:190} INFO - [2026-07-28T00:46:56.681+0000] {dag.py:4138} INFO - Setting next_dagrun for flex_eau_pipeline to 2026-07-28 00:00:00+00:00, run_after=2026-07-29 00:00:00+00:00
[2026-07-28T00:46:56.706+0000] {processor.py:208} INFO - Processing /opt/airflow/dags/flex_eau_pipeline.py took 0.169 seconds
[2026-07-28T00:47:26.949+0000] {processor.py:186} INFO - Started process (PID=225) to work on /opt/airflow/dags/flex_eau_pipeline.py
[2026-07-28T00:47:26.950+0000] {processor.py:914} INFO - Processing file /opt/airflow/dags/flex_eau_pipeline.py for tasks to queue
[2026-07-28T00:47:26.953+0000] {logging_mixin.py:190} INFO - [2026-07-28T00:47:26.953+0000] {dagbag.py:587} INFO - Filling up the DagBag from /opt/airflow/dags/flex_eau_pipeline.py
[2026-07-28T00:47:26.986+0000] {processor.py:925} INFO - DAG(s) 'flex_eau_pipeline' retrieved from /opt/airflow/dags/flex_eau_pipeline.py
[2026-07-28T00:47:27.030+0000] {logging_mixin.py:190} INFO - [2026-07-28T00:47:27.030+0000] {dag.py:3211} INFO - Sync 1 DAGs
[2026-07-28T00:47:27.062+0000] {logging_mixin.py:190} INFO - [2026-07-28T00:47:27.062+0000] {dag.py:4138} INFO - Setting next_dagrun for flex_eau_pipeline to 2026-07-28 00:00:00+00:00, run_after=2026-07-29 00:00:00+00:00
[2026-07-28T00:47:27.087+0000] {processor.py:208} INFO - Processing /opt/airflow/dags/flex_eau_pipeline.py took 0.146 seconds
[2026-07-28T00:47:58.268+0000] {processor.py:186} INFO - Started process (PID=1322) to work on /opt/airflow/dags/flex_eau_pipeline.py
[2026-07-28T00:47:58.275+0000] {processor.py:914} INFO - Processing file /opt/airflow/dags/flex_eau_pipeline.py for tasks to queue
[2026-07-28T00:47:58.304+0000] {logging_mixin.py:190} INFO - [2026-07-28T00:47:58.303+0000] {dagbag.py:587} INFO - Filling up the DagBag from /opt/airflow/dags/flex_eau_pipeline.py
[2026-07-28T00:47:58.449+0000] {processor.py:925} INFO - DAG(s) 'flex_eau_pipeline' retrieved from /opt/airflow/dags/flex_eau_pipeline.py
[2026-07-28T00:47:58.651+0000] {logging_mixin.py:190} INFO - [2026-07-28T00:47:58.651+0000] {dag.py:3211} INFO - Sync 1 DAGs
[2026-07-28T00:47:58.743+0000] {logging_mixin.py:190} INFO - [2026-07-28T00:47:58.743+0000] {dag.py:4138} INFO - Setting next_dagrun for flex_eau_pipeline to 2026-07-28 00:00:00+00:00, run_after=2026-07-29 00:00:00+00:00
[2026-07-28T00:47:58.815+0000] {processor.py:208} INFO - Processing /opt/airflow/dags/flex_eau_pipeline.py took 0.606 seconds
[2026-07-28T00:48:29.078+0000] {processor.py:186} INFO - Started process (PID=1466) to work on /opt/airflow/dags/flex_eau_pipeline.py
[2026-07-28T00:48:29.080+0000] {processor.py:914} INFO - Processing file /opt/airflow/dags/flex_eau_pipeline.py for tasks to queue
[2026-07-28T00:48:29.089+0000] {logging_mixin.py:190} INFO - [2026-07-28T00:48:29.087+0000] {dagbag.py:587} INFO - Filling up the DagBag from /opt/airflow/dags/flex_eau_pipeline.py
[2026-07-28T00:48:29.289+0000] {processor.py:925} INFO - DAG(s) 'flex_eau_pipeline' retrieved from /opt/airflow/dags/flex_eau_pipeline.py
[2026-07-28T00:48:29.491+0000] {logging_mixin.py:190} INFO - [2026-07-28T00:48:29.490+0000] {dag.py:3211} INFO - Sync 1 DAGs
[2026-07-28T00:48:29.668+0000] {logging_mixin.py:190} INFO - [2026-07-28T00:48:29.667+0000] {dag.py:4138} INFO - Setting next_dagrun for flex_eau_pipeline to 2026-07-28 00:00:00+00:00, run_after=2026-07-29 00:00:00+00:00
[2026-07-28T00:48:29.735+0000] {processor.py:208} INFO - Processing /opt/airflow/dags/flex_eau_pipeline.py took 0.676 seconds
[2026-07-28T00:48:59.999+0000] {processor.py:186} INFO - Started process (PID=1714) to work on /opt/airflow/dags/flex_eau_pipeline.py
[2026-07-28T00:49:00.001+0000] {processor.py:914} INFO - Processing file /opt/airflow/dags/flex_eau_pipeline.py for tasks to queue
[2026-07-28T00:49:00.006+0000] {logging_mixin.py:190} INFO - [2026-07-28T00:49:00.005+0000] {dagbag.py:587} INFO - Filling up the DagBag from /opt/airflow/dags/flex_eau_pipeline.py
[2026-07-28T00:49:00.053+0000] {processor.py:925} INFO - DAG(s) 'flex_eau_pipeline' retrieved from /opt/airflow/dags/flex_eau_pipeline.py
[2026-07-28T00:49:00.112+0000] {logging_mixin.py:190} INFO - [2026-07-28T00:49:00.112+0000] {dag.py:3211} INFO - Sync 1 DAGs
[2026-07-28T00:49:00.158+0000] {logging_mixin.py:190} INFO - [2026-07-28T00:49:00.158+0000] {dag.py:4138} INFO - Setting next_dagrun for flex_eau_pipeline to 2026-07-28 00:00:00+00:00, run_after=2026-07-29 00:00:00+00:00
[2026-07-28T00:49:00.192+0000] {processor.py:208} INFO - Processing /opt/airflow/dags/flex_eau_pipeline.py took 0.207 seconds
[2026-07-28T00:49:30.515+0000] {processor.py:186} INFO - Started process (PID=1975) to work on /opt/airflow/dags/flex_eau_pipeline.py
[2026-07-28T00:49:30.519+0000] {processor.py:914} INFO - Processing file /opt/airflow/dags/flex_eau_pipeline.py for tasks to queue
[2026-07-28T00:49:30.526+0000] {logging_mixin.py:190} INFO - [2026-07-28T00:49:30.525+0000] {dagbag.py:587} INFO - Filling up the DagBag from /opt/airflow/dags/flex_eau_pipeline.py
[2026-07-28T00:49:30.592+0000] {processor.py:925} INFO - DAG(s) 'flex_eau_pipeline' retrieved from /opt/airflow/dags/flex_eau_pipeline.py
[2026-07-28T00:49:30.688+0000] {logging_mixin.py:190} INFO - [2026-07-28T00:49:30.688+0000] {dag.py:3211} INFO - Sync 1 DAGs
[2026-07-28T00:49:30.757+0000] {logging_mixin.py:190} INFO - [2026-07-28T00:49:30.755+0000] {dag.py:4138} INFO - Setting next_dagrun for flex_eau_pipeline to 2026-07-28 00:00:00+00:00, run_after=2026-07-29 00:00:00+00:00
[2026-07-28T00:49:31.065+0000] {processor.py:208} INFO - Processing /opt/airflow/dags/flex_eau_pipeline.py took 0.567 seconds
[2026-07-28T00:50:01.264+0000] {processor.py:186} INFO - Started process (PID=2785) to work on /opt/airflow/dags/flex_eau_pipeline.py
[2026-07-28T00:50:01.280+0000] {processor.py:914} INFO - Processing file /opt/airflow/dags/flex_eau_pipeline.py for tasks to queue
[2026-07-28T00:50:01.295+0000] {logging_mixin.py:190} INFO - [2026-07-28T00:50:01.293+0000] {dagbag.py:587} INFO - Filling up the DagBag from /opt/airflow/dags/flex_eau_pipeline.py
[2026-07-28T00:50:01.437+0000] {processor.py:925} INFO - DAG(s) 'flex_eau_pipeline' retrieved from /opt/airflow/dags/flex_eau_pipeline.py
[2026-07-28T00:50:01.628+0000] {logging_mixin.py:190} INFO - [2026-07-28T00:50:01.627+0000] {dag.py:3211} INFO - Sync 1 DAGs
[2026-07-28T00:50:01.804+0000] {logging_mixin.py:190} INFO - [2026-07-28T00:50:01.803+0000] {dag.py:4138} INFO - Setting next_dagrun for flex_eau_pipeline to 2026-07-28 00:00:00+00:00, run_after=2026-07-29 00:00:00+00:00
[2026-07-28T00:50:01.906+0000] {processor.py:208} INFO - Processing /opt/airflow/dags/flex_eau_pipeline.py took 0.686 seconds
[2026-07-28T00:50:33.138+0000] {processor.py:186} INFO - Started process (PID=3127) to work on /opt/airflow/dags/flex_eau_pipeline.py
[2026-07-28T00:50:33.141+0000] {processor.py:914} INFO - Processing file /opt/airflow/dags/flex_eau_pipeline.py for tasks to queue
[2026-07-28T00:50:33.152+0000] {logging_mixin.py:190} INFO - [2026-07-28T00:50:33.151+0000] {dagbag.py:587} INFO - Filling up the DagBag from /opt/airflow/dags/flex_eau_pipeline.py
[2026-07-28T00:50:33.237+0000] {processor.py:925} INFO - DAG(s) 'flex_eau_pipeline' retrieved from /opt/airflow/dags/flex_eau_pipeline.py
[2026-07-28T00:50:33.418+0000] {logging_mixin.py:190} INFO - [2026-07-28T00:50:33.418+0000] {dag.py:3211} INFO - Sync 1 DAGs
[2026-07-28T00:50:33.577+0000] {logging_mixin.py:190} INFO - [2026-07-28T00:50:33.576+0000] {dag.py:4138} INFO - Setting next_dagrun for flex_eau_pipeline to 2026-07-28 00:00:00+00:00, run_after=2026-07-29 00:00:00+00:00
[2026-07-28T00:50:33.633+0000] {processor.py:208} INFO - Processing /opt/airflow/dags/flex_eau_pipeline.py took 0.525 seconds
[2026-07-28T00:51:04.213+0000] {processor.py:186} INFO - Started process (PID=3560) to work on /opt/airflow/dags/flex_eau_pipeline.py
[2026-07-28T00:51:04.216+0000] {processor.py:914} INFO - Processing file /opt/airflow/dags/flex_eau_pipeline.py for tasks to queue
[2026-07-28T00:51:04.222+0000] {logging_mixin.py:190} INFO - [2026-07-28T00:51:04.221+0000] {dagbag.py:587} INFO - Filling up the DagBag from /opt/airflow/dags/flex_eau_pipeline.py
[2026-07-28T00:51:04.276+0000] {processor.py:925} INFO - DAG(s) 'flex_eau_pipeline' retrieved from /opt/airflow/dags/flex_eau_pipeline.py
[2026-07-28T00:51:04.353+0000] {logging_mixin.py:190} INFO - [2026-07-28T00:51:04.353+0000] {dag.py:3211} INFO - Sync 1 DAGs
[2026-07-28T00:51:04.410+0000] {logging_mixin.py:190} INFO - [2026-07-28T00:51:04.409+0000] {dag.py:4138} INFO - Setting next_dagrun for flex_eau_pipeline to 2026-07-28 00:00:00+00:00, run_after=2026-07-29 00:00:00+00:00
[2026-07-28T00:51:04.452+0000] {processor.py:208} INFO - Processing /opt/airflow/dags/flex_eau_pipeline.py took 0.252 seconds
[2026-07-28T00:51:34.721+0000] {processor.py:186} INFO - Started process (PID=4122) to work on /opt/airflow/dags/flex_eau_pipeline.py
[2026-07-28T00:51:34.723+0000] {processor.py:914} INFO - Processing file /opt/airflow/dags/flex_eau_pipeline.py for tasks to queue
[2026-07-28T00:51:34.727+0000] {logging_mixin.py:190} INFO - [2026-07-28T00:51:34.727+0000] {dagbag.py:587} INFO - Filling up the DagBag from /opt/airflow/dags/flex_eau_pipeline.py
[2026-07-28T00:51:34.823+0000] {processor.py:925} INFO - DAG(s) 'flex_eau_pipeline' retrieved from /opt/airflow/dags/flex_eau_pipeline.py
[2026-07-28T00:51:34.909+0000] {logging_mixin.py:190} INFO - [2026-07-28T00:51:34.909+0000] {dag.py:3211} INFO - Sync 1 DAGs
[2026-07-28T00:51:34.956+0000] {logging_mixin.py:190} INFO - [2026-07-28T00:51:34.955+0000] {dag.py:4138} INFO - Setting next_dagrun for flex_eau_pipeline to 2026-07-28 00:00:00+00:00, run_after=2026-07-29 00:00:00+00:00
[2026-07-28T00:51:35.001+0000] {processor.py:208} INFO - Processing /opt/airflow/dags/flex_eau_pipeline.py took 0.295 seconds
[2026-07-28T00:52:05.310+0000] {processor.py:186} INFO - Started process (PID=4398) to work on /opt/airflow/dags/flex_eau_pipeline.py
[2026-07-28T00:52:05.312+0000] {processor.py:914} INFO - Processing file /opt/airflow/dags/flex_eau_pipeline.py for tasks to queue
[2026-07-28T00:52:05.316+0000] {logging_mixin.py:190} INFO - [2026-07-28T00:52:05.315+0000] {dagbag.py:587} INFO - Filling up the DagBag from /opt/airflow/dags/flex_eau_pipeline.py
[2026-07-28T00:52:05.344+0000] {processor.py:925} INFO - DAG(s) 'flex_eau_pipeline' retrieved from /opt/airflow/dags/flex_eau_pipeline.py
[2026-07-28T00:52:05.389+0000] {logging_mixin.py:190} INFO - [2026-07-28T00:52:05.388+0000] {dag.py:3211} INFO - Sync 1 DAGs
[2026-07-28T00:52:05.421+0000] {logging_mixin.py:190} INFO - [2026-07-28T00:52:05.420+0000] {dag.py:4138} INFO - Setting next_dagrun for flex_eau_pipeline to 2026-07-28 00:00:00+00:00, run_after=2026-07-29 00:00:00+00:00
[2026-07-28T00:52:05.446+0000] {processor.py:208} INFO - Processing /opt/airflow/dags/flex_eau_pipeline.py took 0.144 seconds
[2026-07-28T00:52:35.837+0000] {processor.py:186} INFO - Started process (PID=4403) to work on /opt/airflow/dags/flex_eau_pipeline.py
[2026-07-28T00:52:35.839+0000] {processor.py:914} INFO - Processing file /opt/airflow/dags/flex_eau_pipeline.py for tasks to queue
[2026-07-28T00:52:35.842+0000] {logging_mixin.py:190} INFO - [2026-07-28T00:52:35.842+0000] {dagbag.py:587} INFO - Filling up the DagBag from /opt/airflow/dags/flex_eau_pipeline.py
[2026-07-28T00:52:35.874+0000] {processor.py:925} INFO - DAG(s) 'flex_eau_pipeline' retrieved from /opt/airflow/dags/flex_eau_pipeline.py
[2026-07-28T00:52:35.914+0000] {logging_mixin.py:190} INFO - [2026-07-28T00:52:35.914+0000] {dag.py:3211} INFO - Sync 1 DAGs
[2026-07-28T00:52:35.945+0000] {logging_mixin.py:190} INFO - [2026-07-28T00:52:35.944+0000] {dag.py:4138} INFO - Setting next_dagrun for flex_eau_pipeline to 2026-07-28 00:00:00+00:00, run_after=2026-07-29 00:00:00+00:00
[2026-07-28T00:52:35.971+0000] {processor.py:208} INFO - Processing /opt/airflow/dags/flex_eau_pipeline.py took 0.143 seconds
[2026-07-28T00:53:06.191+0000] {processor.py:186} INFO - Started process (PID=4408) to work on /opt/airflow/dags/flex_eau_pipeline.py
[2026-07-28T00:53:06.192+0000] {processor.py:914} INFO - Processing file /opt/airflow/dags/flex_eau_pipeline.py for tasks to queue
[2026-07-28T00:53:06.195+0000] {logging_mixin.py:190} INFO - [2026-07-28T00:53:06.195+0000] {dagbag.py:587} INFO - Filling up the DagBag from /opt/airflow/dags/flex_eau_pipeline.py
[2026-07-28T00:53:06.225+0000] {processor.py:925} INFO - DAG(s) 'flex_eau_pipeline' retrieved from /opt/airflow/dags/flex_eau_pipeline.py
[2026-07-28T00:53:06.265+0000] {logging_mixin.py:190} INFO - [2026-07-28T00:53:06.264+0000] {dag.py:3211} INFO - Sync 1 DAGs
[2026-07-28T00:53:06.291+0000] {logging_mixin.py:190} INFO - [2026-07-28T00:53:06.291+0000] {dag.py:4138} INFO - Setting next_dagrun for flex_eau_pipeline to 2026-07-28 00:00:00+00:00, run_after=2026-07-29 00:00:00+00:00
[2026-07-28T00:53:06.316+0000] {processor.py:208} INFO - Processing /opt/airflow/dags/flex_eau_pipeline.py took 0.132 seconds
[2026-07-28T00:53:36.692+0000] {processor.py:186} INFO - Started process (PID=4413) to work on /opt/airflow/dags/flex_eau_pipeline.py
[2026-07-28T00:53:36.693+0000] {processor.py:914} INFO - Processing file /opt/airflow/dags/flex_eau_pipeline.py for tasks to queue
[2026-07-28T00:53:36.695+0000] {logging_mixin.py:190} INFO - [2026-07-28T00:53:36.695+0000] {dagbag.py:587} INFO - Filling up the DagBag from /opt/airflow/dags/flex_eau_pipeline.py
[2026-07-28T00:53:36.725+0000] {processor.py:925} INFO - DAG(s) 'flex_eau_pipeline' retrieved from /opt/airflow/dags/flex_eau_pipeline.py
[2026-07-28T00:53:36.763+0000] {logging_mixin.py:190} INFO - [2026-07-28T00:53:36.763+0000] {dag.py:3211} INFO - Sync 1 DAGs
[2026-07-28T00:53:36.790+0000] {logging_mixin.py:190} INFO - [2026-07-28T00:53:36.790+0000] {dag.py:4138} INFO - Setting next_dagrun for flex_eau_pipeline to 2026-07-28 00:00:00+00:00, run_after=2026-07-29 00:00:00+00:00
[2026-07-28T00:53:36.815+0000] {processor.py:208} INFO - Processing /opt/airflow/dags/flex_eau_pipeline.py took 0.130 seconds
[2026-07-28T00:54:07.123+0000] {processor.py:186} INFO - Started process (PID=4418) to work on /opt/airflow/dags/flex_eau_pipeline.py
[2026-07-28T00:54:07.125+0000] {processor.py:914} INFO - Processing file /opt/airflow/dags/flex_eau_pipeline.py for tasks to queue
[2026-07-28T00:54:07.129+0000] {logging_mixin.py:190} INFO - [2026-07-28T00:54:07.128+0000] {dagbag.py:587} INFO - Filling up the DagBag from /opt/airflow/dags/flex_eau_pipeline.py
[2026-07-28T00:54:07.166+0000] {processor.py:925} INFO - DAG(s) 'flex_eau_pipeline' retrieved from /opt/airflow/dags/flex_eau_pipeline.py
[2026-07-28T00:54:07.205+0000] {logging_mixin.py:190} INFO - [2026-07-28T00:54:07.205+0000] {dag.py:3211} INFO - Sync 1 DAGs
[2026-07-28T00:54:07.232+0000] {logging_mixin.py:190} INFO - [2026-07-28T00:54:07.232+0000] {dag.py:4138} INFO - Setting next_dagrun for flex_eau_pipeline to 2026-07-28 00:00:00+00:00, run_after=2026-07-29 00:00:00+00:00
[2026-07-28T00:54:07.258+0000] {processor.py:208} INFO - Processing /opt/airflow/dags/flex_eau_pipeline.py took 0.143 seconds
[2026-07-28T00:54:37.581+0000] {processor.py:186} INFO - Started process (PID=4423) to work on /opt/airflow/dags/flex_eau_pipeline.py
[2026-07-28T00:54:37.582+0000] {processor.py:914} INFO - Processing file /opt/airflow/dags/flex_eau_pipeline.py for tasks to queue
[2026-07-28T00:54:37.585+0000] {logging_mixin.py:190} INFO - [2026-07-28T00:54:37.585+0000] {dagbag.py:587} INFO - Filling up the DagBag from /opt/airflow/dags/flex_eau_pipeline.py
[2026-07-28T00:54:37.615+0000] {processor.py:925} INFO - DAG(s) 'flex_eau_pipeline' retrieved from /opt/airflow/dags/flex_eau_pipeline.py
[2026-07-28T00:54:37.664+0000] {logging_mixin.py:190} INFO - [2026-07-28T00:54:37.664+0000] {dag.py:3211} INFO - Sync 1 DAGs
[2026-07-28T00:54:37.699+0000] {logging_mixin.py:190} INFO - [2026-07-28T00:54:37.698+0000] {dag.py:4138} INFO - Setting next_dagrun for flex_eau_pipeline to 2026-07-28 00:00:00+00:00, run_after=2026-07-29 00:00:00+00:00
[2026-07-28T00:54:37.724+0000] {processor.py:208} INFO - Processing /opt/airflow/dags/flex_eau_pipeline.py took 0.151 seconds
[2026-07-28T00:55:08.052+0000] {processor.py:186} INFO - Started process (PID=4428) to work on /opt/airflow/dags/flex_eau_pipeline.py
[2026-07-28T00:55:08.053+0000] {processor.py:914} INFO - Processing file /opt/airflow/dags/flex_eau_pipeline.py for tasks to queue
[2026-07-28T00:55:08.056+0000] {logging_mixin.py:190} INFO - [2026-07-28T00:55:08.056+0000] {dagbag.py:587} INFO - Filling up the DagBag from /opt/airflow/dags/flex_eau_pipeline.py
[2026-07-28T00:55:08.086+0000] {processor.py:925} INFO - DAG(s) 'flex_eau_pipeline' retrieved from /opt/airflow/dags/flex_eau_pipeline.py
[2026-07-28T00:55:08.126+0000] {logging_mixin.py:190} INFO - [2026-07-28T00:55:08.126+0000] {dag.py:3211} INFO - Sync 1 DAGs
[2026-07-28T00:55:08.154+0000] {logging_mixin.py:190} INFO - [2026-07-28T00:55:08.154+0000] {dag.py:4138} INFO - Setting next_dagrun for flex_eau_pipeline to 2026-07-28 00:00:00+00:00, run_after=2026-07-29 00:00:00+00:00
[2026-07-28T00:55:08.176+0000] {processor.py:208} INFO - Processing /opt/airflow/dags/flex_eau_pipeline.py took 0.132 seconds
[2026-07-28T00:55:38.569+0000] {processor.py:186} INFO - Started process (PID=4433) to work on /opt/airflow/dags/flex_eau_pipeline.py
[2026-07-28T00:55:38.571+0000] {processor.py:914} INFO - Processing file /opt/airflow/dags/flex_eau_pipeline.py for tasks to queue
[2026-07-28T00:55:38.573+0000] {logging_mixin.py:190} INFO - [2026-07-28T00:55:38.573+0000] {dagbag.py:587} INFO - Filling up the DagBag from /opt/airflow/dags/flex_eau_pipeline.py
[2026-07-28T00:55:38.604+0000] {processor.py:925} INFO - DAG(s) 'flex_eau_pipeline' retrieved from /opt/airflow/dags/flex_eau_pipeline.py
[2026-07-28T00:55:38.647+0000] {logging_mixin.py:190} INFO - [2026-07-28T00:55:38.646+0000] {dag.py:3211} INFO - Sync 1 DAGs
[2026-07-28T00:55:38.677+0000] {logging_mixin.py:190} INFO - [2026-07-28T00:55:38.677+0000] {dag.py:4138} INFO - Setting next_dagrun for flex_eau_pipeline to 2026-07-28 00:00:00+00:00, run_after=2026-07-29 00:00:00+00:00
[2026-07-28T00:55:38.704+0000] {processor.py:208} INFO - Processing /opt/airflow/dags/flex_eau_pipeline.py took 0.142 seconds
[2026-07-28T00:56:09.077+0000] {processor.py:186} INFO - Started process (PID=4438) to work on /opt/airflow/dags/flex_eau_pipeline.py
[2026-07-28T00:56:09.079+0000] {processor.py:914} INFO - Processing file /opt/airflow/dags/flex_eau_pipeline.py for tasks to queue
[2026-07-28T00:56:09.081+0000] {logging_mixin.py:190} INFO - [2026-07-28T00:56:09.081+0000] {dagbag.py:587} INFO - Filling up the DagBag from /opt/airflow/dags/flex_eau_pipeline.py
[2026-07-28T00:56:09.110+0000] {processor.py:925} INFO - DAG(s) 'flex_eau_pipeline' retrieved from /opt/airflow/dags/flex_eau_pipeline.py
[2026-07-28T00:56:09.154+0000] {logging_mixin.py:190} INFO - [2026-07-28T00:56:09.153+0000] {dag.py:3211} INFO - Sync 1 DAGs
[2026-07-28T00:56:09.180+0000] {logging_mixin.py:190} INFO - [2026-07-28T00:56:09.180+0000] {dag.py:4138} INFO - Setting next_dagrun for flex_eau_pipeline to 2026-07-28 00:00:00+00:00, run_after=2026-07-29 00:00:00+00:00
[2026-07-28T00:56:09.206+0000] {processor.py:208} INFO - Processing /opt/airflow/dags/flex_eau_pipeline.py took 0.138 seconds
[2026-07-28T00:56:39.434+0000] {processor.py:186} INFO - Started process (PID=4443) to work on /opt/airflow/dags/flex_eau_pipeline.py
[2026-07-28T00:56:39.436+0000] {processor.py:914} INFO - Processing file /opt/airflow/dags/flex_eau_pipeline.py for tasks to queue
[2026-07-28T00:56:39.438+0000] {logging_mixin.py:190} INFO - [2026-07-28T00:56:39.438+0000] {dagbag.py:587} INFO - Filling up the DagBag from /opt/airflow/dags/flex_eau_pipeline.py
[2026-07-28T00:56:39.467+0000] {processor.py:925} INFO - DAG(s) 'flex_eau_pipeline' retrieved from /opt/airflow/dags/flex_eau_pipeline.py
[2026-07-28T00:56:39.506+0000] {logging_mixin.py:190} INFO - [2026-07-28T00:56:39.506+0000] {dag.py:3211} INFO - Sync 1 DAGs
[2026-07-28T00:56:39.535+0000] {logging_mixin.py:190} INFO - [2026-07-28T00:56:39.534+0000] {dag.py:4138} INFO - Setting next_dagrun for flex_eau_pipeline to 2026-07-28 00:00:00+00:00, run_after=2026-07-29 00:00:00+00:00
[2026-07-28T00:56:39.556+0000] {processor.py:208} INFO - Processing /opt/airflow/dags/flex_eau_pipeline.py took 0.129 seconds
[2026-07-28T00:57:09.998+0000] {processor.py:186} INFO - Started process (PID=4448) to work on /opt/airflow/dags/flex_eau_pipeline.py
[2026-07-28T00:57:09.999+0000] {processor.py:914} INFO - Processing file /opt/airflow/dags/flex_eau_pipeline.py for tasks to queue
[2026-07-28T00:57:10.001+0000] {logging_mixin.py:190} INFO - [2026-07-28T00:57:10.001+0000] {dagbag.py:587} INFO - Filling up the DagBag from /opt/airflow/dags/flex_eau_pipeline.py
[2026-07-28T00:57:10.030+0000] {processor.py:925} INFO - DAG(s) 'flex_eau_pipeline' retrieved from /opt/airflow/dags/flex_eau_pipeline.py
[2026-07-28T00:57:10.070+0000] {logging_mixin.py:190} INFO - [2026-07-28T00:57:10.070+0000] {dag.py:3211} INFO - Sync 1 DAGs
[2026-07-28T00:57:10.098+0000] {logging_mixin.py:190} INFO - [2026-07-28T00:57:10.097+0000] {dag.py:4138} INFO - Setting next_dagrun for flex_eau_pipeline to 2026-07-28 00:00:00+00:00, run_after=2026-07-29 00:00:00+00:00
[2026-07-28T00:57:10.122+0000] {processor.py:208} INFO - Processing /opt/airflow/dags/flex_eau_pipeline.py took 0.132 seconds
[2026-07-28T00:57:40.479+0000] {processor.py:186} INFO - Started process (PID=4453) to work on /opt/airflow/dags/flex_eau_pipeline.py
[2026-07-28T00:57:40.481+0000] {processor.py:914} INFO - Processing file /opt/airflow/dags/flex_eau_pipeline.py for tasks to queue
[2026-07-28T00:57:40.485+0000] {logging_mixin.py:190} INFO - [2026-07-28T00:57:40.484+0000] {dagbag.py:587} INFO - Filling up the DagBag from /opt/airflow/dags/flex_eau_pipeline.py
[2026-07-28T00:57:40.517+0000] {processor.py:925} INFO - DAG(s) 'flex_eau_pipeline' retrieved from /opt/airflow/dags/flex_eau_pipeline.py
[2026-07-28T00:57:40.564+0000] {logging_mixin.py:190} INFO - [2026-07-28T00:57:40.564+0000] {dag.py:3211} INFO - Sync 1 DAGs
[2026-07-28T00:57:40.594+0000] {logging_mixin.py:190} INFO - [2026-07-28T00:57:40.593+0000] {dag.py:4138} INFO - Setting next_dagrun for flex_eau_pipeline to 2026-07-28 00:00:00+00:00, run_after=2026-07-29 00:00:00+00:00
[2026-07-28T00:57:40.618+0000] {processor.py:208} INFO - Processing /opt/airflow/dags/flex_eau_pipeline.py took 0.148 seconds
[2026-07-28T00:58:10.879+0000] {processor.py:186} INFO - Started process (PID=4458) to work on /opt/airflow/dags/flex_eau_pipeline.py
[2026-07-28T00:58:10.880+0000] {processor.py:914} INFO - Processing file /opt/airflow/dags/flex_eau_pipeline.py for tasks to queue
[2026-07-28T00:58:10.883+0000] {logging_mixin.py:190} INFO - [2026-07-28T00:58:10.883+0000] {dagbag.py:587} INFO - Filling up the DagBag from /opt/airflow/dags/flex_eau_pipeline.py
[2026-07-28T00:58:10.913+0000] {processor.py:925} INFO - DAG(s) 'flex_eau_pipeline' retrieved from /opt/airflow/dags/flex_eau_pipeline.py
[2026-07-28T00:58:10.963+0000] {logging_mixin.py:190} INFO - [2026-07-28T00:58:10.963+0000] {dag.py:3211} INFO - Sync 1 DAGs
[2026-07-28T00:58:11.008+0000] {logging_mixin.py:190} INFO - [2026-07-28T00:58:11.008+0000] {dag.py:4138} INFO - Setting next_dagrun for flex_eau_pipeline to 2026-07-28 00:00:00+00:00, run_after=2026-07-29 00:00:00+00:00
[2026-07-28T00:58:11.042+0000] {processor.py:208} INFO - Processing /opt/airflow/dags/flex_eau_pipeline.py took 0.171 seconds
[2026-07-28T00:58:41.244+0000] {processor.py:186} INFO - Started process (PID=4463) to work on /opt/airflow/dags/flex_eau_pipeline.py
[2026-07-28T00:58:41.246+0000] {processor.py:914} INFO - Processing file /opt/airflow/dags/flex_eau_pipeline.py for tasks to queue
[2026-07-28T00:58:41.250+0000] {logging_mixin.py:190} INFO - [2026-07-28T00:58:41.249+0000] {dagbag.py:587} INFO - Filling up the DagBag from /opt/airflow/dags/flex_eau_pipeline.py
[2026-07-28T00:58:41.291+0000] {processor.py:925} INFO - DAG(s) 'flex_eau_pipeline' retrieved from /opt/airflow/dags/flex_eau_pipeline.py
[2026-07-28T00:58:41.331+0000] {logging_mixin.py:190} INFO - [2026-07-28T00:58:41.331+0000] {dag.py:3211} INFO - Sync 1 DAGs
[2026-07-28T00:58:41.362+0000] {logging_mixin.py:190} INFO - [2026-07-28T00:58:41.361+0000] {dag.py:4138} INFO - Setting next_dagrun for flex_eau_pipeline to 2026-07-28 00:00:00+00:00, run_after=2026-07-29 00:00:00+00:00
[2026-07-28T00:58:41.386+0000] {processor.py:208} INFO - Processing /opt/airflow/dags/flex_eau_pipeline.py took 0.154 seconds
[2026-07-28T00:59:11.767+0000] {processor.py:186} INFO - Started process (PID=4468) to work on /opt/airflow/dags/flex_eau_pipeline.py
[2026-07-28T00:59:11.768+0000] {processor.py:914} INFO - Processing file /opt/airflow/dags/flex_eau_pipeline.py for tasks to queue
[2026-07-28T00:59:11.771+0000] {logging_mixin.py:190} INFO - [2026-07-28T00:59:11.770+0000] {dagbag.py:587} INFO - Filling up the DagBag from /opt/airflow/dags/flex_eau_pipeline.py
[2026-07-28T00:59:11.800+0000] {processor.py:925} INFO - DAG(s) 'flex_eau_pipeline' retrieved from /opt/airflow/dags/flex_eau_pipeline.py
[2026-07-28T00:59:11.840+0000] {logging_mixin.py:190} INFO - [2026-07-28T00:59:11.840+0000] {dag.py:3211} INFO - Sync 1 DAGs
[2026-07-28T00:59:11.874+0000] {logging_mixin.py:190} INFO - [2026-07-28T00:59:11.873+0000] {dag.py:4138} INFO - Setting next_dagrun for flex_eau_pipeline to 2026-07-28 00:00:00+00:00, run_after=2026-07-29 00:00:00+00:00
[2026-07-28T00:59:11.897+0000] {processor.py:208} INFO - Processing /opt/airflow/dags/flex_eau_pipeline.py took 0.139 seconds
[2026-07-28T00:59:42.202+0000] {processor.py:186} INFO - Started process (PID=4473) to work on /opt/airflow/dags/flex_eau_pipeline.py
[2026-07-28T00:59:42.203+0000] {processor.py:914} INFO - Processing file /opt/airflow/dags/flex_eau_pipeline.py for tasks to queue
[2026-07-28T00:59:42.206+0000] {logging_mixin.py:190} INFO - [2026-07-28T00:59:42.206+0000] {dagbag.py:587} INFO - Filling up the DagBag from /opt/airflow/dags/flex_eau_pipeline.py
[2026-07-28T00:59:42.234+0000] {processor.py:925} INFO - DAG(s) 'flex_eau_pipeline' retrieved from /opt/airflow/dags/flex_eau_pipeline.py
[2026-07-28T00:59:42.273+0000] {logging_mixin.py:190} INFO - [2026-07-28T00:59:42.273+0000] {dag.py:3211} INFO - Sync 1 DAGs
[2026-07-28T00:59:42.296+0000] {logging_mixin.py:190} INFO - [2026-07-28T00:59:42.296+0000] {dag.py:4138} INFO - Setting next_dagrun for flex_eau_pipeline to 2026-07-28 00:00:00+00:00, run_after=2026-07-29 00:00:00+00:00
[2026-07-28T00:59:42.320+0000] {processor.py:208} INFO - Processing /opt/airflow/dags/flex_eau_pipeline.py took 0.125 seconds
[2026-07-28T01:00:12.654+0000] {processor.py:186} INFO - Started process (PID=4478) to work on /opt/airflow/dags/flex_eau_pipeline.py
[2026-07-28T01:00:12.655+0000] {processor.py:914} INFO - Processing file /opt/airflow/dags/flex_eau_pipeline.py for tasks to queue
[2026-07-28T01:00:12.658+0000] {logging_mixin.py:190} INFO - [2026-07-28T01:00:12.658+0000] {dagbag.py:587} INFO - Filling up the DagBag from /opt/airflow/dags/flex_eau_pipeline.py
[2026-07-28T01:00:12.691+0000] {processor.py:925} INFO - DAG(s) 'flex_eau_pipeline' retrieved from /opt/airflow/dags/flex_eau_pipeline.py
[2026-07-28T01:00:12.732+0000] {logging_mixin.py:190} INFO - [2026-07-28T01:00:12.732+0000] {dag.py:3211} INFO - Sync 1 DAGs
[2026-07-28T01:00:12.763+0000] {logging_mixin.py:190} INFO - [2026-07-28T01:00:12.762+0000] {dag.py:4138} INFO - Setting next_dagrun for flex_eau_pipeline to 2026-07-28 00:00:00+00:00, run_after=2026-07-29 00:00:00+00:00
[2026-07-28T01:00:12.793+0000] {processor.py:208} INFO - Processing /opt/airflow/dags/flex_eau_pipeline.py took 0.147 seconds
[2026-07-28T01:00:43.125+0000] {processor.py:186} INFO - Started process (PID=4483) to work on /opt/airflow/dags/flex_eau_pipeline.py
[2026-07-28T01:00:43.126+0000] {processor.py:914} INFO - Processing file /opt/airflow/dags/flex_eau_pipeline.py for tasks to queue
[2026-07-28T01:00:43.131+0000] {logging_mixin.py:190} INFO - [2026-07-28T01:00:43.130+0000] {dagbag.py:587} INFO - Filling up the DagBag from /opt/airflow/dags/flex_eau_pipeline.py
[2026-07-28T01:00:43.167+0000] {processor.py:925} INFO - DAG(s) 'flex_eau_pipeline' retrieved from /opt/airflow/dags/flex_eau_pipeline.py
[2026-07-28T01:00:43.211+0000] {logging_mixin.py:190} INFO - [2026-07-28T01:00:43.210+0000] {dag.py:3211} INFO - Sync 1 DAGs
[2026-07-28T01:00:43.239+0000] {logging_mixin.py:190} INFO - [2026-07-28T01:00:43.238+0000] {dag.py:4138} INFO - Setting next_dagrun for flex_eau_pipeline to 2026-07-28 00:00:00+00:00, run_after=2026-07-29 00:00:00+00:00
[2026-07-28T01:00:43.263+0000] {processor.py:208} INFO - Processing /opt/airflow/dags/flex_eau_pipeline.py took 0.146 seconds
[2026-07-28T01:01:13.707+0000] {processor.py:186} INFO - Started process (PID=4488) to work on /opt/airflow/dags/flex_eau_pipeline.py
[2026-07-28T01:01:13.708+0000] {processor.py:914} INFO - Processing file /opt/airflow/dags/flex_eau_pipeline.py for tasks to queue
[2026-07-28T01:01:13.712+0000] {logging_mixin.py:190} INFO - [2026-07-28T01:01:13.712+0000] {dagbag.py:587} INFO - Filling up the DagBag from /opt/airflow/dags/flex_eau_pipeline.py
[2026-07-28T01:01:13.744+0000] {processor.py:925} INFO - DAG(s) 'flex_eau_pipeline' retrieved from /opt/airflow/dags/flex_eau_pipeline.py
[2026-07-28T01:01:13.783+0000] {logging_mixin.py:190} INFO - [2026-07-28T01:01:13.782+0000] {dag.py:3211} INFO - Sync 1 DAGs
[2026-07-28T01:01:13.808+0000] {logging_mixin.py:190} INFO - [2026-07-28T01:01:13.808+0000] {dag.py:4138} INFO - Setting next_dagrun for flex_eau_pipeline to 2026-07-28 00:00:00+00:00, run_after=2026-07-29 00:00:00+00:00
[2026-07-28T01:01:13.835+0000] {processor.py:208} INFO - Processing /opt/airflow/dags/flex_eau_pipeline.py took 0.136 seconds
[2026-07-28T01:01:44.185+0000] {processor.py:186} INFO - Started process (PID=4493) to work on /opt/airflow/dags/flex_eau_pipeline.py
[2026-07-28T01:01:44.186+0000] {processor.py:914} INFO - Processing file /opt/airflow/dags/flex_eau_pipeline.py for tasks to queue
[2026-07-28T01:01:44.190+0000] {logging_mixin.py:190} INFO - [2026-07-28T01:01:44.190+0000] {dagbag.py:587} INFO - Filling up the DagBag from /opt/airflow/dags/flex_eau_pipeline.py
[2026-07-28T01:01:44.222+0000] {processor.py:925} INFO - DAG(s) 'flex_eau_pipeline' retrieved from /opt/airflow/dags/flex_eau_pipeline.py
[2026-07-28T01:01:44.264+0000] {logging_mixin.py:190} INFO - [2026-07-28T01:01:44.264+0000] {dag.py:3211} INFO - Sync 1 DAGs
[2026-07-28T01:01:44.290+0000] {logging_mixin.py:190} INFO - [2026-07-28T01:01:44.290+0000] {dag.py:4138} INFO - Setting next_dagrun for flex_eau_pipeline to 2026-07-28 00:00:00+00:00, run_after=2026-07-29 00:00:00+00:00
[2026-07-28T01:01:44.314+0000] {processor.py:208} INFO - Processing /opt/airflow/dags/flex_eau_pipeline.py took 0.140 seconds
[2026-07-28T01:02:14.892+0000] {processor.py:186} INFO - Started process (PID=4498) to work on /opt/airflow/dags/flex_eau_pipeline.py
[2026-07-28T01:02:14.893+0000] {processor.py:914} INFO - Processing file /opt/airflow/dags/flex_eau_pipeline.py for tasks to queue
[2026-07-28T01:02:14.896+0000] {logging_mixin.py:190} INFO - [2026-07-28T01:02:14.896+0000] {dagbag.py:587} INFO - Filling up the DagBag from /opt/airflow/dags/flex_eau_pipeline.py
[2026-07-28T01:02:14.927+0000] {processor.py:925} INFO - DAG(s) 'flex_eau_pipeline' retrieved from /opt/airflow/dags/flex_eau_pipeline.py
[2026-07-28T01:02:14.967+0000] {logging_mixin.py:190} INFO - [2026-07-28T01:02:14.967+0000] {dag.py:3211} INFO - Sync 1 DAGs
[2026-07-28T01:02:14.993+0000] {logging_mixin.py:190} INFO - [2026-07-28T01:02:14.993+0000] {dag.py:4138} INFO - Setting next_dagrun for flex_eau_pipeline to 2026-07-28 00:00:00+00:00, run_after=2026-07-29 00:00:00+00:00
[2026-07-28T01:02:15.019+0000] {processor.py:208} INFO - Processing /opt/airflow/dags/flex_eau_pipeline.py took 0.135 seconds
[2026-07-28T01:02:45.347+0000] {processor.py:186} INFO - Started process (PID=4503) to work on /opt/airflow/dags/flex_eau_pipeline.py
[2026-07-28T01:02:45.349+0000] {processor.py:914} INFO - Processing file /opt/airflow/dags/flex_eau_pipeline.py for tasks to queue
[2026-07-28T01:02:45.352+0000] {logging_mixin.py:190} INFO - [2026-07-28T01:02:45.352+0000] {dagbag.py:587} INFO - Filling up the DagBag from /opt/airflow/dags/flex_eau_pipeline.py
[2026-07-28T01:02:45.382+0000] {processor.py:925} INFO - DAG(s) 'flex_eau_pipeline' retrieved from /opt/airflow/dags/flex_eau_pipeline.py
[2026-07-28T01:02:45.426+0000] {logging_mixin.py:190} INFO - [2026-07-28T01:02:45.426+0000] {dag.py:3211} INFO - Sync 1 DAGs
[2026-07-28T01:02:45.456+0000] {logging_mixin.py:190} INFO - [2026-07-28T01:02:45.456+0000] {dag.py:4138} INFO - Setting next_dagrun for flex_eau_pipeline to 2026-07-28 00:00:00+00:00, run_after=2026-07-29 00:00:00+00:00
[2026-07-28T01:02:45.479+0000] {processor.py:208} INFO - Processing /opt/airflow/dags/flex_eau_pipeline.py took 0.139 seconds
[2026-07-28T01:03:16.049+0000] {processor.py:186} INFO - Started process (PID=4508) to work on /opt/airflow/dags/flex_eau_pipeline.py
[2026-07-28T01:03:16.050+0000] {processor.py:914} INFO - Processing file /opt/airflow/dags/flex_eau_pipeline.py for tasks to queue
[2026-07-28T01:03:16.053+0000] {logging_mixin.py:190} INFO - [2026-07-28T01:03:16.053+0000] {dagbag.py:587} INFO - Filling up the DagBag from /opt/airflow/dags/flex_eau_pipeline.py
[2026-07-28T01:03:16.085+0000] {processor.py:925} INFO - DAG(s) 'flex_eau_pipeline' retrieved from /opt/airflow/dags/flex_eau_pipeline.py
[2026-07-28T01:03:16.124+0000] {logging_mixin.py:190} INFO - [2026-07-28T01:03:16.124+0000] {dag.py:3211} INFO - Sync 1 DAGs
[2026-07-28T01:03:16.151+0000] {logging_mixin.py:190} INFO - [2026-07-28T01:03:16.151+0000] {dag.py:4138} INFO - Setting next_dagrun for flex_eau_pipeline to 2026-07-28 00:00:00+00:00, run_after=2026-07-29 00:00:00+00:00
[2026-07-28T01:03:16.175+0000] {processor.py:208} INFO - Processing /opt/airflow/dags/flex_eau_pipeline.py took 0.135 seconds
[2026-07-28T01:03:46.467+0000] {processor.py:186} INFO - Started process (PID=4513) to work on /opt/airflow/dags/flex_eau_pipeline.py
[2026-07-28T01:03:46.468+0000] {processor.py:914} INFO - Processing file /opt/airflow/dags/flex_eau_pipeline.py for tasks to queue
[2026-07-28T01:03:46.472+0000] {logging_mixin.py:190} INFO - [2026-07-28T01:03:46.471+0000] {dagbag.py:587} INFO - Filling up the DagBag from /opt/airflow/dags/flex_eau_pipeline.py
[2026-07-28T01:03:46.504+0000] {processor.py:925} INFO - DAG(s) 'flex_eau_pipeline' retrieved from /opt/airflow/dags/flex_eau_pipeline.py
[2026-07-28T01:03:46.545+0000] {logging_mixin.py:190} INFO - [2026-07-28T01:03:46.545+0000] {dag.py:3211} INFO - Sync 1 DAGs
[2026-07-28T01:03:46.572+0000] {logging_mixin.py:190} INFO - [2026-07-28T01:03:46.572+0000] {dag.py:4138} INFO - Setting next_dagrun for flex_eau_pipeline to 2026-07-28 00:00:00+00:00, run_after=2026-07-29 00:00:00+00:00
[2026-07-28T01:03:46.595+0000] {processor.py:208} INFO - Processing /opt/airflow/dags/flex_eau_pipeline.py took 0.135 seconds
[2026-07-28T01:04:17.081+0000] {processor.py:186} INFO - Started process (PID=4518) to work on /opt/airflow/dags/flex_eau_pipeline.py
[2026-07-28T01:04:17.083+0000] {processor.py:914} INFO - Processing file /opt/airflow/dags/flex_eau_pipeline.py for tasks to queue
[2026-07-28T01:04:17.086+0000] {logging_mixin.py:190} INFO - [2026-07-28T01:04:17.086+0000] {dagbag.py:587} INFO - Filling up the DagBag from /opt/airflow/dags/flex_eau_pipeline.py
[2026-07-28T01:04:17.120+0000] {processor.py:925} INFO - DAG(s) 'flex_eau_pipeline' retrieved from /opt/airflow/dags/flex_eau_pipeline.py
[2026-07-28T01:04:17.161+0000] {logging_mixin.py:190} INFO - [2026-07-28T01:04:17.161+0000] {dag.py:3211} INFO - Sync 1 DAGs
[2026-07-28T01:04:17.189+0000] {logging_mixin.py:190} INFO - [2026-07-28T01:04:17.189+0000] {dag.py:4138} INFO - Setting next_dagrun for flex_eau_pipeline to 2026-07-28 00:00:00+00:00, run_after=2026-07-29 00:00:00+00:00
[2026-07-28T01:04:17.216+0000] {processor.py:208} INFO - Processing /opt/airflow/dags/flex_eau_pipeline.py took 0.144 seconds
[2026-07-28T01:04:47.589+0000] {processor.py:186} INFO - Started process (PID=4523) to work on /opt/airflow/dags/flex_eau_pipeline.py
[2026-07-28T01:04:47.591+0000] {processor.py:914} INFO - Processing file /opt/airflow/dags/flex_eau_pipeline.py for tasks to queue
[2026-07-28T01:04:47.595+0000] {logging_mixin.py:190} INFO - [2026-07-28T01:04:47.594+0000] {dagbag.py:587} INFO - Filling up the DagBag from /opt/airflow/dags/flex_eau_pipeline.py
[2026-07-28T01:04:47.630+0000] {processor.py:925} INFO - DAG(s) 'flex_eau_pipeline' retrieved from /opt/airflow/dags/flex_eau_pipeline.py
[2026-07-28T01:04:47.669+0000] {logging_mixin.py:190} INFO - [2026-07-28T01:04:47.669+0000] {dag.py:3211} INFO - Sync 1 DAGs
[2026-07-28T01:04:47.699+0000] {logging_mixin.py:190} INFO - [2026-07-28T01:04:47.699+0000] {dag.py:4138} INFO - Setting next_dagrun for flex_eau_pipeline to 2026-07-28 00:00:00+00:00, run_after=2026-07-29 00:00:00+00:00
[2026-07-28T01:04:47.722+0000] {processor.py:208} INFO - Processing /opt/airflow/dags/flex_eau_pipeline.py took 0.143 seconds
[2026-07-28T01:05:18.109+0000] {processor.py:186} INFO - Started process (PID=4528) to work on /opt/airflow/dags/flex_eau_pipeline.py
[2026-07-28T01:05:18.111+0000] {processor.py:914} INFO - Processing file /opt/airflow/dags/flex_eau_pipeline.py for tasks to queue
[2026-07-28T01:05:18.114+0000] {logging_mixin.py:190} INFO - [2026-07-28T01:05:18.114+0000] {dagbag.py:587} INFO - Filling up the DagBag from /opt/airflow/dags/flex_eau_pipeline.py
[2026-07-28T01:05:18.148+0000] {processor.py:925} INFO - DAG(s) 'flex_eau_pipeline' retrieved from /opt/airflow/dags/flex_eau_pipeline.py
[2026-07-28T01:05:18.193+0000] {logging_mixin.py:190} INFO - [2026-07-28T01:05:18.193+0000] {dag.py:3211} INFO - Sync 1 DAGs
[2026-07-28T01:05:18.223+0000] {logging_mixin.py:190} INFO - [2026-07-28T01:05:18.223+0000] {dag.py:4138} INFO - Setting next_dagrun for flex_eau_pipeline to 2026-07-28 00:00:00+00:00, run_after=2026-07-29 00:00:00+00:00
[2026-07-28T01:05:18.246+0000] {processor.py:208} INFO - Processing /opt/airflow/dags/flex_eau_pipeline.py took 0.147 seconds
[2026-07-28T01:05:48.641+0000] {processor.py:186} INFO - Started process (PID=4533) to work on /opt/airflow/dags/flex_eau_pipeline.py
[2026-07-28T01:05:48.643+0000] {processor.py:914} INFO - Processing file /opt/airflow/dags/flex_eau_pipeline.py for tasks to queue
[2026-07-28T01:05:48.646+0000] {logging_mixin.py:190} INFO - [2026-07-28T01:05:48.646+0000] {dagbag.py:587} INFO - Filling up the DagBag from /opt/airflow/dags/flex_eau_pipeline.py
[2026-07-28T01:05:48.681+0000] {processor.py:925} INFO - DAG(s) 'flex_eau_pipeline' retrieved from /opt/airflow/dags/flex_eau_pipeline.py
[2026-07-28T01:05:48.721+0000] {logging_mixin.py:190} INFO - [2026-07-28T01:05:48.721+0000] {dag.py:3211} INFO - Sync 1 DAGs
[2026-07-28T01:05:48.748+0000] {logging_mixin.py:190} INFO - [2026-07-28T01:05:48.748+0000] {dag.py:4138} INFO - Setting next_dagrun for flex_eau_pipeline to 2026-07-28 00:00:00+00:00, run_after=2026-07-29 00:00:00+00:00
[2026-07-28T01:05:48.773+0000] {processor.py:208} INFO - Processing /opt/airflow/dags/flex_eau_pipeline.py took 0.143 seconds
[2026-07-28T01:06:19.265+0000] {processor.py:186} INFO - Started process (PID=4538) to work on /opt/airflow/dags/flex_eau_pipeline.py
[2026-07-28T01:06:19.266+0000] {processor.py:914} INFO - Processing file /opt/airflow/dags/flex_eau_pipeline.py for tasks to queue
[2026-07-28T01:06:19.270+0000] {logging_mixin.py:190} INFO - [2026-07-28T01:06:19.269+0000] {dagbag.py:587} INFO - Filling up the DagBag from /opt/airflow/dags/flex_eau_pipeline.py
[2026-07-28T01:06:19.299+0000] {processor.py:925} INFO - DAG(s) 'flex_eau_pipeline' retrieved from /opt/airflow/dags/flex_eau_pipeline.py
[2026-07-28T01:06:19.338+0000] {logging_mixin.py:190} INFO - [2026-07-28T01:06:19.338+0000] {dag.py:3211} INFO - Sync 1 DAGs
[2026-07-28T01:06:19.362+0000] {logging_mixin.py:190} INFO - [2026-07-28T01:06:19.362+0000] {dag.py:4138} INFO - Setting next_dagrun for flex_eau_pipeline to 2026-07-28 00:00:00+00:00, run_after=2026-07-29 00:00:00+00:00
[2026-07-28T01:06:19.384+0000] {processor.py:208} INFO - Processing /opt/airflow/dags/flex_eau_pipeline.py took 0.129 seconds
[2026-07-28T01:06:49.714+0000] {processor.py:186} INFO - Started process (PID=4543) to work on /opt/airflow/dags/flex_eau_pipeline.py
[2026-07-28T01:06:49.715+0000] {processor.py:914} INFO - Processing file /opt/airflow/dags/flex_eau_pipeline.py for tasks to queue
[2026-07-28T01:06:49.718+0000] {logging_mixin.py:190} INFO - [2026-07-28T01:06:49.718+0000] {dagbag.py:587} INFO - Filling up the DagBag from /opt/airflow/dags/flex_eau_pipeline.py
[2026-07-28T01:06:49.751+0000] {processor.py:925} INFO - DAG(s) 'flex_eau_pipeline' retrieved from /opt/airflow/dags/flex_eau_pipeline.py
[2026-07-28T01:06:49.794+0000] {logging_mixin.py:190} INFO - [2026-07-28T01:06:49.794+0000] {dag.py:3211} INFO - Sync 1 DAGs
[2026-07-28T01:06:49.823+0000] {logging_mixin.py:190} INFO - [2026-07-28T01:06:49.823+0000] {dag.py:4138} INFO - Setting next_dagrun for flex_eau_pipeline to 2026-07-28 00:00:00+00:00, run_after=2026-07-29 00:00:00+00:00
[2026-07-28T01:06:49.849+0000] {processor.py:208} INFO - Processing /opt/airflow/dags/flex_eau_pipeline.py took 0.144 seconds
[2026-07-28T01:07:20.356+0000] {processor.py:186} INFO - Started process (PID=4548) to work on /opt/airflow/dags/flex_eau_pipeline.py
[2026-07-28T01:07:20.358+0000] {processor.py:914} INFO - Processing file /opt/airflow/dags/flex_eau_pipeline.py for tasks to queue
[2026-07-28T01:07:20.361+0000] {logging_mixin.py:190} INFO - [2026-07-28T01:07:20.361+0000] {dagbag.py:587} INFO - Filling up the DagBag from /opt/airflow/dags/flex_eau_pipeline.py
[2026-07-28T01:07:20.389+0000] {processor.py:925} INFO - DAG(s) 'flex_eau_pipeline' retrieved from /opt/airflow/dags/flex_eau_pipeline.py
[2026-07-28T01:07:20.427+0000] {logging_mixin.py:190} INFO - [2026-07-28T01:07:20.427+0000] {dag.py:3211} INFO - Sync 1 DAGs
[2026-07-28T01:07:20.457+0000] {logging_mixin.py:190} INFO - [2026-07-28T01:07:20.456+0000] {dag.py:4138} INFO - Setting next_dagrun for flex_eau_pipeline to 2026-07-28 00:00:00+00:00, run_after=2026-07-29 00:00:00+00:00
[2026-07-28T01:07:20.484+0000] {processor.py:208} INFO - Processing /opt/airflow/dags/flex_eau_pipeline.py took 0.135 seconds
[2026-07-28T01:07:50.843+0000] {processor.py:186} INFO - Started process (PID=4553) to work on /opt/airflow/dags/flex_eau_pipeline.py
[2026-07-28T01:07:50.845+0000] {processor.py:914} INFO - Processing file /opt/airflow/dags/flex_eau_pipeline.py for tasks to queue
[2026-07-28T01:07:50.849+0000] {logging_mixin.py:190} INFO - [2026-07-28T01:07:50.849+0000] {dagbag.py:587} INFO - Filling up the DagBag from /opt/airflow/dags/flex_eau_pipeline.py
[2026-07-28T01:07:50.886+0000] {processor.py:925} INFO - DAG(s) 'flex_eau_pipeline' retrieved from /opt/airflow/dags/flex_eau_pipeline.py
[2026-07-28T01:07:50.930+0000] {logging_mixin.py:190} INFO - [2026-07-28T01:07:50.929+0000] {dag.py:3211} INFO - Sync 1 DAGs
[2026-07-28T01:07:50.957+0000] {logging_mixin.py:190} INFO - [2026-07-28T01:07:50.957+0000] {dag.py:4138} INFO - Setting next_dagrun for flex_eau_pipeline to 2026-07-28 00:00:00+00:00, run_after=2026-07-29 00:00:00+00:00
[2026-07-28T01:07:50.979+0000] {processor.py:208} INFO - Processing /opt/airflow/dags/flex_eau_pipeline.py took 0.146 seconds
[2026-07-28T01:08:21.367+0000] {processor.py:186} INFO - Started process (PID=4558) to work on /opt/airflow/dags/flex_eau_pipeline.py
[2026-07-28T01:08:21.369+0000] {processor.py:914} INFO - Processing file /opt/airflow/dags/flex_eau_pipeline.py for tasks to queue
[2026-07-28T01:08:21.372+0000] {logging_mixin.py:190} INFO - [2026-07-28T01:08:21.371+0000] {dagbag.py:587} INFO - Filling up the DagBag from /opt/airflow/dags/flex_eau_pipeline.py
[2026-07-28T01:08:21.402+0000] {processor.py:925} INFO - DAG(s) 'flex_eau_pipeline' retrieved from /opt/airflow/dags/flex_eau_pipeline.py
[2026-07-28T01:08:21.440+0000] {logging_mixin.py:190} INFO - [2026-07-28T01:08:21.440+0000] {dag.py:3211} INFO - Sync 1 DAGs
[2026-07-28T01:08:21.466+0000] {logging_mixin.py:190} INFO - [2026-07-28T01:08:21.465+0000] {dag.py:4138} INFO - Setting next_dagrun for flex_eau_pipeline to 2026-07-28 00:00:00+00:00, run_after=2026-07-29 00:00:00+00:00
[2026-07-28T01:08:21.488+0000] {processor.py:208} INFO - Processing /opt/airflow/dags/flex_eau_pipeline.py took 0.128 seconds
[2026-07-28T01:08:51.817+0000] {processor.py:186} INFO - Started process (PID=4563) to work on /opt/airflow/dags/flex_eau_pipeline.py
[2026-07-28T01:08:51.819+0000] {processor.py:914} INFO - Processing file /opt/airflow/dags/flex_eau_pipeline.py for tasks to queue
[2026-07-28T01:08:51.822+0000] {logging_mixin.py:190} INFO - [2026-07-28T01:08:51.821+0000] {dagbag.py:587} INFO - Filling up the DagBag from /opt/airflow/dags/flex_eau_pipeline.py
[2026-07-28T01:08:51.856+0000] {processor.py:925} INFO - DAG(s) 'flex_eau_pipeline' retrieved from /opt/airflow/dags/flex_eau_pipeline.py
[2026-07-28T01:08:51.894+0000] {logging_mixin.py:190} INFO - [2026-07-28T01:08:51.893+0000] {dag.py:3211} INFO - Sync 1 DAGs
[2026-07-28T01:08:51.917+0000] {logging_mixin.py:190} INFO - [2026-07-28T01:08:51.916+0000] {dag.py:4138} INFO - Setting next_dagrun for flex_eau_pipeline to 2026-07-28 00:00:00+00:00, run_after=2026-07-29 00:00:00+00:00
[2026-07-28T01:08:51.943+0000] {processor.py:208} INFO - Processing /opt/airflow/dags/flex_eau_pipeline.py took 0.134 seconds
[2026-07-28T01:09:22.366+0000] {processor.py:186} INFO - Started process (PID=4568) to work on /opt/airflow/dags/flex_eau_pipeline.py
[2026-07-28T01:09:22.368+0000] {processor.py:914} INFO - Processing file /opt/airflow/dags/flex_eau_pipeline.py for tasks to queue
[2026-07-28T01:09:22.370+0000] {logging_mixin.py:190} INFO - [2026-07-28T01:09:22.370+0000] {dagbag.py:587} INFO - Filling up the DagBag from /opt/airflow/dags/flex_eau_pipeline.py
[2026-07-28T01:09:22.401+0000] {processor.py:925} INFO - DAG(s) 'flex_eau_pipeline' retrieved from /opt/airflow/dags/flex_eau_pipeline.py
[2026-07-28T01:09:22.437+0000] {logging_mixin.py:190} INFO - [2026-07-28T01:09:22.437+0000] {dag.py:3211} INFO - Sync 1 DAGs
[2026-07-28T01:09:22.460+0000] {logging_mixin.py:190} INFO - [2026-07-28T01:09:22.460+0000] {dag.py:4138} INFO - Setting next_dagrun for flex_eau_pipeline to 2026-07-28 00:00:00+00:00, run_after=2026-07-29 00:00:00+00:00
[2026-07-28T01:09:22.484+0000] {processor.py:208} INFO - Processing /opt/airflow/dags/flex_eau_pipeline.py took 0.125 seconds
[2026-07-28T01:09:52.795+0000] {processor.py:186} INFO - Started process (PID=4573) to work on /opt/airflow/dags/flex_eau_pipeline.py
[2026-07-28T01:09:52.796+0000] {processor.py:914} INFO - Processing file /opt/airflow/dags/flex_eau_pipeline.py for tasks to queue
[2026-07-28T01:09:52.800+0000] {logging_mixin.py:190} INFO - [2026-07-28T01:09:52.799+0000] {dagbag.py:587} INFO - Filling up the DagBag from /opt/airflow/dags/flex_eau_pipeline.py
[2026-07-28T01:09:52.834+0000] {processor.py:925} INFO - DAG(s) 'flex_eau_pipeline' retrieved from /opt/airflow/dags/flex_eau_pipeline.py
[2026-07-28T01:09:52.877+0000] {logging_mixin.py:190} INFO - [2026-07-28T01:09:52.877+0000] {dag.py:3211} INFO - Sync 1 DAGs
[2026-07-28T01:09:52.901+0000] {logging_mixin.py:190} INFO - [2026-07-28T01:09:52.901+0000] {dag.py:4138} INFO - Setting next_dagrun for flex_eau_pipeline to 2026-07-28 00:00:00+00:00, run_after=2026-07-29 00:00:00+00:00
[2026-07-28T01:09:52.920+0000] {processor.py:208} INFO - Processing /opt/airflow/dags/flex_eau_pipeline.py took 0.135 seconds
[2026-07-28T01:10:23.356+0000] {processor.py:186} INFO - Started process (PID=4578) to work on /opt/airflow/dags/flex_eau_pipeline.py
[2026-07-28T01:10:23.357+0000] {processor.py:914} INFO - Processing file /opt/airflow/dags/flex_eau_pipeline.py for tasks to queue
[2026-07-28T01:10:23.360+0000] {logging_mixin.py:190} INFO - [2026-07-28T01:10:23.360+0000] {dagbag.py:587} INFO - Filling up the DagBag from /opt/airflow/dags/flex_eau_pipeline.py
[2026-07-28T01:10:23.392+0000] {processor.py:925} INFO - DAG(s) 'flex_eau_pipeline' retrieved from /opt/airflow/dags/flex_eau_pipeline.py
[2026-07-28T01:10:23.436+0000] {logging_mixin.py:190} INFO - [2026-07-28T01:10:23.436+0000] {dag.py:3211} INFO - Sync 1 DAGs
[2026-07-28T01:10:23.461+0000] {logging_mixin.py:190} INFO - [2026-07-28T01:10:23.461+0000] {dag.py:4138} INFO - Setting next_dagrun for flex_eau_pipeline to 2026-07-28 00:00:00+00:00, run_after=2026-07-29 00:00:00+00:00
[2026-07-28T01:10:23.485+0000] {processor.py:208} INFO - Processing /opt/airflow/dags/flex_eau_pipeline.py took 0.136 seconds
[2026-07-28T01:10:53.864+0000] {processor.py:186} INFO - Started process (PID=4583) to work on /opt/airflow/dags/flex_eau_pipeline.py
[2026-07-28T01:10:53.866+0000] {processor.py:914} INFO - Processing file /opt/airflow/dags/flex_eau_pipeline.py for tasks to queue
[2026-07-28T01:10:53.869+0000] {logging_mixin.py:190} INFO - [2026-07-28T01:10:53.869+0000] {dagbag.py:587} INFO - Filling up the DagBag from /opt/airflow/dags/flex_eau_pipeline.py
[2026-07-28T01:10:53.900+0000] {processor.py:925} INFO - DAG(s) 'flex_eau_pipeline' retrieved from /opt/airflow/dags/flex_eau_pipeline.py
[2026-07-28T01:10:53.940+0000] {logging_mixin.py:190} INFO - [2026-07-28T01:10:53.939+0000] {dag.py:3211} INFO - Sync 1 DAGs
[2026-07-28T01:10:53.965+0000] {logging_mixin.py:190} INFO - [2026-07-28T01:10:53.965+0000] {dag.py:4138} INFO - Setting next_dagrun for flex_eau_pipeline to 2026-07-28 00:00:00+00:00, run_after=2026-07-29 00:00:00+00:00
[2026-07-28T01:10:53.991+0000] {processor.py:208} INFO - Processing /opt/airflow/dags/flex_eau_pipeline.py took 0.135 seconds
[2026-07-28T01:11:24.444+0000] {processor.py:186} INFO - Started process (PID=4588) to work on /opt/airflow/dags/flex_eau_pipeline.py
[2026-07-28T01:11:24.446+0000] {processor.py:914} INFO - Processing file /opt/airflow/dags/flex_eau_pipeline.py for tasks to queue
[2026-07-28T01:11:24.451+0000] {logging_mixin.py:190} INFO - [2026-07-28T01:11:24.451+0000] {dagbag.py:587} INFO - Filling up the DagBag from /opt/airflow/dags/flex_eau_pipeline.py
[2026-07-28T01:11:24.485+0000] {processor.py:925} INFO - DAG(s) 'flex_eau_pipeline' retrieved from /opt/airflow/dags/flex_eau_pipeline.py
[2026-07-28T01:11:24.529+0000] {logging_mixin.py:190} INFO - [2026-07-28T01:11:24.529+0000] {dag.py:3211} INFO - Sync 1 DAGs
[2026-07-28T01:11:24.556+0000] {logging_mixin.py:190} INFO - [2026-07-28T01:11:24.556+0000] {dag.py:4138} INFO - Setting next_dagrun for flex_eau_pipeline to 2026-07-28 00:00:00+00:00, run_after=2026-07-29 00:00:00+00:00
[2026-07-28T01:11:24.584+0000] {processor.py:208} INFO - Processing /opt/airflow/dags/flex_eau_pipeline.py took 0.150 seconds
[2026-07-28T01:11:54.872+0000] {processor.py:186} INFO - Started process (PID=4593) to work on /opt/airflow/dags/flex_eau_pipeline.py
[2026-07-28T01:11:54.874+0000] {processor.py:914} INFO - Processing file /opt/airflow/dags/flex_eau_pipeline.py for tasks to queue
[2026-07-28T01:11:54.878+0000] {logging_mixin.py:190} INFO - [2026-07-28T01:11:54.877+0000] {dagbag.py:587} INFO - Filling up the DagBag from /opt/airflow/dags/flex_eau_pipeline.py
[2026-07-28T01:11:54.910+0000] {processor.py:925} INFO - DAG(s) 'flex_eau_pipeline' retrieved from /opt/airflow/dags/flex_eau_pipeline.py
[2026-07-28T01:11:54.953+0000] {logging_mixin.py:190} INFO - [2026-07-28T01:11:54.953+0000] {dag.py:3211} INFO - Sync 1 DAGs
[2026-07-28T01:11:54.977+0000] {logging_mixin.py:190} INFO - [2026-07-28T01:11:54.977+0000] {dag.py:4138} INFO - Setting next_dagrun for flex_eau_pipeline to 2026-07-28 00:00:00+00:00, run_after=2026-07-29 00:00:00+00:00
[2026-07-28T01:11:55.014+0000] {processor.py:208} INFO - Processing /opt/airflow/dags/flex_eau_pipeline.py took 0.156 seconds
[2026-07-28T01:12:25.307+0000] {processor.py:186} INFO - Started process (PID=4598) to work on /opt/airflow/dags/flex_eau_pipeline.py
[2026-07-28T01:12:25.309+0000] {processor.py:914} INFO - Processing file /opt/airflow/dags/flex_eau_pipeline.py for tasks to queue
[2026-07-28T01:12:25.312+0000] {logging_mixin.py:190} INFO - [2026-07-28T01:12:25.312+0000] {dagbag.py:587} INFO - Filling up the DagBag from /opt/airflow/dags/flex_eau_pipeline.py
[2026-07-28T01:12:25.344+0000] {processor.py:925} INFO - DAG(s) 'flex_eau_pipeline' retrieved from /opt/airflow/dags/flex_eau_pipeline.py
[2026-07-28T01:12:25.384+0000] {logging_mixin.py:190} INFO - [2026-07-28T01:12:25.383+0000] {dag.py:3211} INFO - Sync 1 DAGs
[2026-07-28T01:12:25.410+0000] {logging_mixin.py:190} INFO - [2026-07-28T01:12:25.410+0000] {dag.py:4138} INFO - Setting next_dagrun for flex_eau_pipeline to 2026-07-28 00:00:00+00:00, run_after=2026-07-29 00:00:00+00:00
[2026-07-28T01:12:25.432+0000] {processor.py:208} INFO - Processing /opt/airflow/dags/flex_eau_pipeline.py took 0.134 seconds
[2026-07-28T01:12:55.765+0000] {processor.py:186} INFO - Started process (PID=4603) to work on /opt/airflow/dags/flex_eau_pipeline.py
[2026-07-28T01:12:55.767+0000] {processor.py:914} INFO - Processing file /opt/airflow/dags/flex_eau_pipeline.py for tasks to queue
[2026-07-28T01:12:55.770+0000] {logging_mixin.py:190} INFO - [2026-07-28T01:12:55.769+0000] {dagbag.py:587} INFO - Filling up the DagBag from /opt/airflow/dags/flex_eau_pipeline.py
[2026-07-28T01:12:55.824+0000] {processor.py:925} INFO - DAG(s) 'flex_eau_pipeline' retrieved from /opt/airflow/dags/flex_eau_pipeline.py
[2026-07-28T01:12:55.874+0000] {logging_mixin.py:190} INFO - [2026-07-28T01:12:55.874+0000] {dag.py:3211} INFO - Sync 1 DAGs
[2026-07-28T01:12:55.901+0000] {logging_mixin.py:190} INFO - [2026-07-28T01:12:55.900+0000] {dag.py:4138} INFO - Setting next_dagrun for flex_eau_pipeline to 2026-07-28 00:00:00+00:00, run_after=2026-07-29 00:00:00+00:00
[2026-07-28T01:12:55.924+0000] {processor.py:208} INFO - Processing /opt/airflow/dags/flex_eau_pipeline.py took 0.167 seconds
[2026-07-28T01:13:26.259+0000] {processor.py:186} INFO - Started process (PID=4608) to work on /opt/airflow/dags/flex_eau_pipeline.py
[2026-07-28T01:13:26.261+0000] {processor.py:914} INFO - Processing file /opt/airflow/dags/flex_eau_pipeline.py for tasks to queue
[2026-07-28T01:13:26.265+0000] {logging_mixin.py:190} INFO - [2026-07-28T01:13:26.264+0000] {dagbag.py:587} INFO - Filling up the DagBag from /opt/airflow/dags/flex_eau_pipeline.py
[2026-07-28T01:13:26.299+0000] {processor.py:925} INFO - DAG(s) 'flex_eau_pipeline' retrieved from /opt/airflow/dags/flex_eau_pipeline.py
[2026-07-28T01:13:26.344+0000] {logging_mixin.py:190} INFO - [2026-07-28T01:13:26.343+0000] {dag.py:3211} INFO - Sync 1 DAGs
[2026-07-28T01:13:26.380+0000] {logging_mixin.py:190} INFO - [2026-07-28T01:13:26.380+0000] {dag.py:4138} INFO - Setting next_dagrun for flex_eau_pipeline to 2026-07-28 00:00:00+00:00, run_after=2026-07-29 00:00:00+00:00
[2026-07-28T01:13:26.410+0000] {processor.py:208} INFO - Processing /opt/airflow/dags/flex_eau_pipeline.py took 0.159 seconds
[2026-07-28T01:13:56.760+0000] {processor.py:186} INFO - Started process (PID=4613) to work on /opt/airflow/dags/flex_eau_pipeline.py
[2026-07-28T01:13:56.761+0000] {processor.py:914} INFO - Processing file /opt/airflow/dags/flex_eau_pipeline.py for tasks to queue
[2026-07-28T01:13:56.765+0000] {logging_mixin.py:190} INFO - [2026-07-28T01:13:56.765+0000] {dagbag.py:587} INFO - Filling up the DagBag from /opt/airflow/dags/flex_eau_pipeline.py
[2026-07-28T01:13:56.803+0000] {processor.py:925} INFO - DAG(s) 'flex_eau_pipeline' retrieved from /opt/airflow/dags/flex_eau_pipeline.py
[2026-07-28T01:13:56.841+0000] {logging_mixin.py:190} INFO - [2026-07-28T01:13:56.841+0000] {dag.py:3211} INFO - Sync 1 DAGs
[2026-07-28T01:13:56.870+0000] {logging_mixin.py:190} INFO - [2026-07-28T01:13:56.870+0000] {dag.py:4138} INFO - Setting next_dagrun for flex_eau_pipeline to 2026-07-28 00:00:00+00:00, run_after=2026-07-29 00:00:00+00:00
[2026-07-28T01:13:56.895+0000] {processor.py:208} INFO - Processing /opt/airflow/dags/flex_eau_pipeline.py took 0.143 seconds
[2026-07-28T01:14:27.239+0000] {processor.py:186} INFO - Started process (PID=4618) to work on /opt/airflow/dags/flex_eau_pipeline.py
[2026-07-28T01:14:27.241+0000] {processor.py:914} INFO - Processing file /opt/airflow/dags/flex_eau_pipeline.py for tasks to queue
[2026-07-28T01:14:27.245+0000] {logging_mixin.py:190} INFO - [2026-07-28T01:14:27.245+0000] {dagbag.py:587} INFO - Filling up the DagBag from /opt/airflow/dags/flex_eau_pipeline.py
[2026-07-28T01:14:27.277+0000] {processor.py:925} INFO - DAG(s) 'flex_eau_pipeline' retrieved from /opt/airflow/dags/flex_eau_pipeline.py
[2026-07-28T01:14:27.316+0000] {logging_mixin.py:190} INFO - [2026-07-28T01:14:27.316+0000] {dag.py:3211} INFO - Sync 1 DAGs
[2026-07-28T01:14:27.341+0000] {logging_mixin.py:190} INFO - [2026-07-28T01:14:27.341+0000] {dag.py:4138} INFO - Setting next_dagrun for flex_eau_pipeline to 2026-07-28 00:00:00+00:00, run_after=2026-07-29 00:00:00+00:00
[2026-07-28T01:14:27.364+0000] {processor.py:208} INFO - Processing /opt/airflow/dags/flex_eau_pipeline.py took 0.132 seconds
[2026-07-28T01:14:57.691+0000] {processor.py:186} INFO - Started process (PID=4623) to work on /opt/airflow/dags/flex_eau_pipeline.py
[2026-07-28T01:14:57.693+0000] {processor.py:914} INFO - Processing file /opt/airflow/dags/flex_eau_pipeline.py for tasks to queue
[2026-07-28T01:14:57.696+0000] {logging_mixin.py:190} INFO - [2026-07-28T01:14:57.696+0000] {dagbag.py:587} INFO - Filling up the DagBag from /opt/airflow/dags/flex_eau_pipeline.py
[2026-07-28T01:14:57.727+0000] {processor.py:925} INFO - DAG(s) 'flex_eau_pipeline' retrieved from /opt/airflow/dags/flex_eau_pipeline.py
[2026-07-28T01:14:57.763+0000] {logging_mixin.py:190} INFO - [2026-07-28T01:14:57.763+0000] {dag.py:3211} INFO - Sync 1 DAGs
[2026-07-28T01:14:57.788+0000] {logging_mixin.py:190} INFO - [2026-07-28T01:14:57.788+0000] {dag.py:4138} INFO - Setting next_dagrun for flex_eau_pipeline to 2026-07-28 00:00:00+00:00, run_after=2026-07-29 00:00:00+00:00
[2026-07-28T01:14:57.812+0000] {processor.py:208} INFO - Processing /opt/airflow/dags/flex_eau_pipeline.py took 0.130 seconds
[2026-07-28T01:15:28.188+0000] {processor.py:186} INFO - Started process (PID=4628) to work on /opt/airflow/dags/flex_eau_pipeline.py
[2026-07-28T01:15:28.190+0000] {processor.py:914} INFO - Processing file /opt/airflow/dags/flex_eau_pipeline.py for tasks to queue
[2026-07-28T01:15:28.193+0000] {logging_mixin.py:190} INFO - [2026-07-28T01:15:28.193+0000] {dagbag.py:587} INFO - Filling up the DagBag from /opt/airflow/dags/flex_eau_pipeline.py
[2026-07-28T01:15:28.225+0000] {processor.py:925} INFO - DAG(s) 'flex_eau_pipeline' retrieved from /opt/airflow/dags/flex_eau_pipeline.py
[2026-07-28T01:15:28.265+0000] {logging_mixin.py:190} INFO - [2026-07-28T01:15:28.264+0000] {dag.py:3211} INFO - Sync 1 DAGs
[2026-07-28T01:15:28.289+0000] {logging_mixin.py:190} INFO - [2026-07-28T01:15:28.289+0000] {dag.py:4138} INFO - Setting next_dagrun for flex_eau_pipeline to 2026-07-28 00:00:00+00:00, run_after=2026-07-29 00:00:00+00:00
[2026-07-28T01:15:28.311+0000] {processor.py:208} INFO - Processing /opt/airflow/dags/flex_eau_pipeline.py took 0.131 seconds
[2026-07-28T01:15:58.731+0000] {processor.py:186} INFO - Started process (PID=4633) to work on /opt/airflow/dags/flex_eau_pipeline.py
[2026-07-28T01:15:58.732+0000] {processor.py:914} INFO - Processing file /opt/airflow/dags/flex_eau_pipeline.py for tasks to queue
[2026-07-28T01:15:58.735+0000] {logging_mixin.py:190} INFO - [2026-07-28T01:15:58.735+0000] {dagbag.py:587} INFO - Filling up the DagBag from /opt/airflow/dags/flex_eau_pipeline.py
[2026-07-28T01:15:58.766+0000] {processor.py:925} INFO - DAG(s) 'flex_eau_pipeline' retrieved from /opt/airflow/dags/flex_eau_pipeline.py
[2026-07-28T01:15:58.804+0000] {logging_mixin.py:190} INFO - [2026-07-28T01:15:58.803+0000] {dag.py:3211} INFO - Sync 1 DAGs
[2026-07-28T01:15:58.828+0000] {logging_mixin.py:190} INFO - [2026-07-28T01:15:58.828+0000] {dag.py:4138} INFO - Setting next_dagrun for flex_eau_pipeline to 2026-07-28 00:00:00+00:00, run_after=2026-07-29 00:00:00+00:00
[2026-07-28T01:15:58.852+0000] {processor.py:208} INFO - Processing /opt/airflow/dags/flex_eau_pipeline.py took 0.129 seconds
[2026-07-28T01:16:29.172+0000] {processor.py:186} INFO - Started process (PID=4638) to work on /opt/airflow/dags/flex_eau_pipeline.py
[2026-07-28T01:16:29.173+0000] {processor.py:914} INFO - Processing file /opt/airflow/dags/flex_eau_pipeline.py for tasks to queue
[2026-07-28T01:16:29.176+0000] {logging_mixin.py:190} INFO - [2026-07-28T01:16:29.176+0000] {dagbag.py:587} INFO - Filling up the DagBag from /opt/airflow/dags/flex_eau_pipeline.py
[2026-07-28T01:16:29.210+0000] {processor.py:925} INFO - DAG(s) 'flex_eau_pipeline' retrieved from /opt/airflow/dags/flex_eau_pipeline.py
[2026-07-28T01:16:29.249+0000] {logging_mixin.py:190} INFO - [2026-07-28T01:16:29.249+0000] {dag.py:3211} INFO - Sync 1 DAGs
[2026-07-28T01:16:29.274+0000] {logging_mixin.py:190} INFO - [2026-07-28T01:16:29.274+0000] {dag.py:4138} INFO - Setting next_dagrun for flex_eau_pipeline to 2026-07-28 00:00:00+00:00, run_after=2026-07-29 00:00:00+00:00
[2026-07-28T01:16:29.296+0000] {processor.py:208} INFO - Processing /opt/airflow/dags/flex_eau_pipeline.py took 0.135 seconds
[2026-07-28T01:16:59.778+0000] {processor.py:186} INFO - Started process (PID=4643) to work on /opt/airflow/dags/flex_eau_pipeline.py
[2026-07-28T01:16:59.779+0000] {processor.py:914} INFO - Processing file /opt/airflow/dags/flex_eau_pipeline.py for tasks to queue
[2026-07-28T01:16:59.783+0000] {logging_mixin.py:190} INFO - [2026-07-28T01:16:59.782+0000] {dagbag.py:587} INFO - Filling up the DagBag from /opt/airflow/dags/flex_eau_pipeline.py
[2026-07-28T01:16:59.811+0000] {processor.py:925} INFO - DAG(s) 'flex_eau_pipeline' retrieved from /opt/airflow/dags/flex_eau_pipeline.py
[2026-07-28T01:16:59.849+0000] {logging_mixin.py:190} INFO - [2026-07-28T01:16:59.849+0000] {dag.py:3211} INFO - Sync 1 DAGs
[2026-07-28T01:16:59.875+0000] {logging_mixin.py:190} INFO - [2026-07-28T01:16:59.875+0000] {dag.py:4138} INFO - Setting next_dagrun for flex_eau_pipeline to 2026-07-28 00:00:00+00:00, run_after=2026-07-29 00:00:00+00:00
[2026-07-28T01:16:59.899+0000] {processor.py:208} INFO - Processing /opt/airflow/dags/flex_eau_pipeline.py took 0.130 seconds
[2026-07-28T01:17:30.222+0000] {processor.py:186} INFO - Started process (PID=4648) to work on /opt/airflow/dags/flex_eau_pipeline.py
[2026-07-28T01:17:30.224+0000] {processor.py:914} INFO - Processing file /opt/airflow/dags/flex_eau_pipeline.py for tasks to queue
[2026-07-28T01:17:30.229+0000] {logging_mixin.py:190} INFO - [2026-07-28T01:17:30.228+0000] {dagbag.py:587} INFO - Filling up the DagBag from /opt/airflow/dags/flex_eau_pipeline.py
[2026-07-28T01:17:30.258+0000] {processor.py:925} INFO - DAG(s) 'flex_eau_pipeline' retrieved from /opt/airflow/dags/flex_eau_pipeline.py
[2026-07-28T01:17:30.298+0000] {logging_mixin.py:190} INFO - [2026-07-28T01:17:30.297+0000] {dag.py:3211} INFO - Sync 1 DAGs
[2026-07-28T01:17:30.324+0000] {logging_mixin.py:190} INFO - [2026-07-28T01:17:30.324+0000] {dag.py:4138} INFO - Setting next_dagrun for flex_eau_pipeline to 2026-07-28 00:00:00+00:00, run_after=2026-07-29 00:00:00+00:00
[2026-07-28T01:17:30.347+0000] {processor.py:208} INFO - Processing /opt/airflow/dags/flex_eau_pipeline.py took 0.133 seconds
[2026-07-28T01:18:00.800+0000] {processor.py:186} INFO - Started process (PID=4653) to work on /opt/airflow/dags/flex_eau_pipeline.py
[2026-07-28T01:18:00.802+0000] {processor.py:914} INFO - Processing file /opt/airflow/dags/flex_eau_pipeline.py for tasks to queue
[2026-07-28T01:18:00.805+0000] {logging_mixin.py:190} INFO - [2026-07-28T01:18:00.805+0000] {dagbag.py:587} INFO - Filling up the DagBag from /opt/airflow/dags/flex_eau_pipeline.py
[2026-07-28T01:18:00.834+0000] {processor.py:925} INFO - DAG(s) 'flex_eau_pipeline' retrieved from /opt/airflow/dags/flex_eau_pipeline.py
[2026-07-28T01:18:00.871+0000] {logging_mixin.py:190} INFO - [2026-07-28T01:18:00.870+0000] {dag.py:3211} INFO - Sync 1 DAGs
[2026-07-28T01:18:00.895+0000] {logging_mixin.py:190} INFO - [2026-07-28T01:18:00.894+0000] {dag.py:4138} INFO - Setting next_dagrun for flex_eau_pipeline to 2026-07-28 00:00:00+00:00, run_after=2026-07-29 00:00:00+00:00
[2026-07-28T01:18:00.916+0000] {processor.py:208} INFO - Processing /opt/airflow/dags/flex_eau_pipeline.py took 0.126 seconds
[2026-07-28T01:18:31.193+0000] {processor.py:186} INFO - Started process (PID=4658) to work on /opt/airflow/dags/flex_eau_pipeline.py
[2026-07-28T01:18:31.195+0000] {processor.py:914} INFO - Processing file /opt/airflow/dags/flex_eau_pipeline.py for tasks to queue
[2026-07-28T01:18:31.198+0000] {logging_mixin.py:190} INFO - [2026-07-28T01:18:31.198+0000] {dagbag.py:587} INFO - Filling up the DagBag from /opt/airflow/dags/flex_eau_pipeline.py
[2026-07-28T01:18:31.228+0000] {processor.py:925} INFO - DAG(s) 'flex_eau_pipeline' retrieved from /opt/airflow/dags/flex_eau_pipeline.py
[2026-07-28T01:18:31.273+0000] {logging_mixin.py:190} INFO - [2026-07-28T01:18:31.273+0000] {dag.py:3211} INFO - Sync 1 DAGs
[2026-07-28T01:18:31.301+0000] {logging_mixin.py:190} INFO - [2026-07-28T01:18:31.300+0000] {dag.py:4138} INFO - Setting next_dagrun for flex_eau_pipeline to 2026-07-28 00:00:00+00:00, run_after=2026-07-29 00:00:00+00:00
[2026-07-28T01:18:31.327+0000] {processor.py:208} INFO - Processing /opt/airflow/dags/flex_eau_pipeline.py took 0.141 seconds
[2026-07-28T01:19:01.648+0000] {processor.py:186} INFO - Started process (PID=4663) to work on /opt/airflow/dags/flex_eau_pipeline.py
[2026-07-28T01:19:01.650+0000] {processor.py:914} INFO - Processing file /opt/airflow/dags/flex_eau_pipeline.py for tasks to queue
[2026-07-28T01:19:01.653+0000] {logging_mixin.py:190} INFO - [2026-07-28T01:19:01.653+0000] {dagbag.py:587} INFO - Filling up the DagBag from /opt/airflow/dags/flex_eau_pipeline.py
[2026-07-28T01:19:01.685+0000] {processor.py:925} INFO - DAG(s) 'flex_eau_pipeline' retrieved from /opt/airflow/dags/flex_eau_pipeline.py
[2026-07-28T01:19:01.724+0000] {logging_mixin.py:190} INFO - [2026-07-28T01:19:01.724+0000] {dag.py:3211} INFO - Sync 1 DAGs
[2026-07-28T01:19:01.748+0000] {logging_mixin.py:190} INFO - [2026-07-28T01:19:01.748+0000] {dag.py:4138} INFO - Setting next_dagrun for flex_eau_pipeline to 2026-07-28 00:00:00+00:00, run_after=2026-07-29 00:00:00+00:00
[2026-07-28T01:19:01.770+0000] {processor.py:208} INFO - Processing /opt/airflow/dags/flex_eau_pipeline.py took 0.131 seconds
[2026-07-28T01:19:32.271+0000] {processor.py:186} INFO - Started process (PID=4668) to work on /opt/airflow/dags/flex_eau_pipeline.py
[2026-07-28T01:19:32.272+0000] {processor.py:914} INFO - Processing file /opt/airflow/dags/flex_eau_pipeline.py for tasks to queue
[2026-07-28T01:19:32.276+0000] {logging_mixin.py:190} INFO - [2026-07-28T01:19:32.275+0000] {dagbag.py:587} INFO - Filling up the DagBag from /opt/airflow/dags/flex_eau_pipeline.py
[2026-07-28T01:19:32.308+0000] {processor.py:925} INFO - DAG(s) 'flex_eau_pipeline' retrieved from /opt/airflow/dags/flex_eau_pipeline.py
[2026-07-28T01:19:32.344+0000] {logging_mixin.py:190} INFO - [2026-07-28T01:19:32.344+0000] {dag.py:3211} INFO - Sync 1 DAGs
[2026-07-28T01:19:32.367+0000] {logging_mixin.py:190} INFO - [2026-07-28T01:19:32.367+0000] {dag.py:4138} INFO - Setting next_dagrun for flex_eau_pipeline to 2026-07-28 00:00:00+00:00, run_after=2026-07-29 00:00:00+00:00
[2026-07-28T01:19:32.389+0000] {processor.py:208} INFO - Processing /opt/airflow/dags/flex_eau_pipeline.py took 0.126 seconds
[2026-07-28T01:20:02.624+0000] {processor.py:186} INFO - Started process (PID=4673) to work on /opt/airflow/dags/flex_eau_pipeline.py
[2026-07-28T01:20:02.626+0000] {processor.py:914} INFO - Processing file /opt/airflow/dags/flex_eau_pipeline.py for tasks to queue
[2026-07-28T01:20:02.630+0000] {logging_mixin.py:190} INFO - [2026-07-28T01:20:02.630+0000] {dagbag.py:587} INFO - Filling up the DagBag from /opt/airflow/dags/flex_eau_pipeline.py
[2026-07-28T01:20:02.667+0000] {processor.py:925} INFO - DAG(s) 'flex_eau_pipeline' retrieved from /opt/airflow/dags/flex_eau_pipeline.py
[2026-07-28T01:20:02.706+0000] {logging_mixin.py:190} INFO - [2026-07-28T01:20:02.706+0000] {dag.py:3211} INFO - Sync 1 DAGs
[2026-07-28T01:20:02.731+0000] {logging_mixin.py:190} INFO - [2026-07-28T01:20:02.731+0000] {dag.py:4138} INFO - Setting next_dagrun for flex_eau_pipeline to 2026-07-28 00:00:00+00:00, run_after=2026-07-29 00:00:00+00:00
[2026-07-28T01:20:02.755+0000] {processor.py:208} INFO - Processing /opt/airflow/dags/flex_eau_pipeline.py took 0.141 seconds
[2026-07-28T01:20:33.091+0000] {processor.py:186} INFO - Started process (PID=4678) to work on /opt/airflow/dags/flex_eau_pipeline.py
[2026-07-28T01:20:33.092+0000] {processor.py:914} INFO - Processing file /opt/airflow/dags/flex_eau_pipeline.py for tasks to queue
[2026-07-28T01:20:33.096+0000] {logging_mixin.py:190} INFO - [2026-07-28T01:20:33.096+0000] {dagbag.py:587} INFO - Filling up the DagBag from /opt/airflow/dags/flex_eau_pipeline.py
[2026-07-28T01:20:33.129+0000] {processor.py:925} INFO - DAG(s) 'flex_eau_pipeline' retrieved from /opt/airflow/dags/flex_eau_pipeline.py
[2026-07-28T01:20:33.166+0000] {logging_mixin.py:190} INFO - [2026-07-28T01:20:33.166+0000] {dag.py:3211} INFO - Sync 1 DAGs
[2026-07-28T01:20:33.191+0000] {logging_mixin.py:190} INFO - [2026-07-28T01:20:33.191+0000] {dag.py:4138} INFO - Setting next_dagrun for flex_eau_pipeline to 2026-07-28 00:00:00+00:00, run_after=2026-07-29 00:00:00+00:00
[2026-07-28T01:20:33.229+0000] {processor.py:208} INFO - Processing /opt/airflow/dags/flex_eau_pipeline.py took 0.147 seconds
[2026-07-28T01:21:03.556+0000] {processor.py:186} INFO - Started process (PID=4683) to work on /opt/airflow/dags/flex_eau_pipeline.py
[2026-07-28T01:21:03.557+0000] {processor.py:914} INFO - Processing file /opt/airflow/dags/flex_eau_pipeline.py for tasks to queue
[2026-07-28T01:21:03.562+0000] {logging_mixin.py:190} INFO - [2026-07-28T01:21:03.561+0000] {dagbag.py:587} INFO - Filling up the DagBag from /opt/airflow/dags/flex_eau_pipeline.py
[2026-07-28T01:21:03.595+0000] {processor.py:925} INFO - DAG(s) 'flex_eau_pipeline' retrieved from /opt/airflow/dags/flex_eau_pipeline.py
[2026-07-28T01:21:03.641+0000] {logging_mixin.py:190} INFO - [2026-07-28T01:21:03.641+0000] {dag.py:3211} INFO - Sync 1 DAGs
[2026-07-28T01:21:03.670+0000] {logging_mixin.py:190} INFO - [2026-07-28T01:21:03.670+0000] {dag.py:4138} INFO - Setting next_dagrun for flex_eau_pipeline to 2026-07-28 00:00:00+00:00, run_after=2026-07-29 00:00:00+00:00
[2026-07-28T01:21:03.694+0000] {processor.py:208} INFO - Processing /opt/airflow/dags/flex_eau_pipeline.py took 0.148 seconds
[2026-07-28T01:21:34.127+0000] {processor.py:186} INFO - Started process (PID=4688) to work on /opt/airflow/dags/flex_eau_pipeline.py
[2026-07-28T01:21:34.129+0000] {processor.py:914} INFO - Processing file /opt/airflow/dags/flex_eau_pipeline.py for tasks to queue
[2026-07-28T01:21:34.132+0000] {logging_mixin.py:190} INFO - [2026-07-28T01:21:34.132+0000] {dagbag.py:587} INFO - Filling up the DagBag from /opt/airflow/dags/flex_eau_pipeline.py
[2026-07-28T01:21:34.166+0000] {processor.py:925} INFO - DAG(s) 'flex_eau_pipeline' retrieved from /opt/airflow/dags/flex_eau_pipeline.py
[2026-07-28T01:21:34.205+0000] {logging_mixin.py:190} INFO - [2026-07-28T01:21:34.205+0000] {dag.py:3211} INFO - Sync 1 DAGs
[2026-07-28T01:21:34.232+0000] {logging_mixin.py:190} INFO - [2026-07-28T01:21:34.232+0000] {dag.py:4138} INFO - Setting next_dagrun for flex_eau_pipeline to 2026-07-28 00:00:00+00:00, run_after=2026-07-29 00:00:00+00:00
[2026-07-28T01:21:34.253+0000] {processor.py:208} INFO - Processing /opt/airflow/dags/flex_eau_pipeline.py took 0.134 seconds
[2026-07-28T01:22:04.548+0000] {processor.py:186} INFO - Started process (PID=4693) to work on /opt/airflow/dags/flex_eau_pipeline.py
[2026-07-28T01:22:04.550+0000] {processor.py:914} INFO - Processing file /opt/airflow/dags/flex_eau_pipeline.py for tasks to queue
[2026-07-28T01:22:04.553+0000] {logging_mixin.py:190} INFO - [2026-07-28T01:22:04.553+0000] {dagbag.py:587} INFO - Filling up the DagBag from /opt/airflow/dags/flex_eau_pipeline.py
[2026-07-28T01:22:04.583+0000] {processor.py:925} INFO - DAG(s) 'flex_eau_pipeline' retrieved from /opt/airflow/dags/flex_eau_pipeline.py
[2026-07-28T01:22:04.621+0000] {logging_mixin.py:190} INFO - [2026-07-28T01:22:04.620+0000] {dag.py:3211} INFO - Sync 1 DAGs
[2026-07-28T01:22:04.646+0000] {logging_mixin.py:190} INFO - [2026-07-28T01:22:04.646+0000] {dag.py:4138} INFO - Setting next_dagrun for flex_eau_pipeline to 2026-07-28 00:00:00+00:00, run_after=2026-07-29 00:00:00+00:00
[2026-07-28T01:22:04.668+0000] {processor.py:208} INFO - Processing /opt/airflow/dags/flex_eau_pipeline.py took 0.128 seconds
[2026-07-28T01:22:35.158+0000] {processor.py:186} INFO - Started process (PID=4698) to work on /opt/airflow/dags/flex_eau_pipeline.py
[2026-07-28T01:22:35.159+0000] {processor.py:914} INFO - Processing file /opt/airflow/dags/flex_eau_pipeline.py for tasks to queue
[2026-07-28T01:22:35.162+0000] {logging_mixin.py:190} INFO - [2026-07-28T01:22:35.162+0000] {dagbag.py:587} INFO - Filling up the DagBag from /opt/airflow/dags/flex_eau_pipeline.py
[2026-07-28T01:22:35.193+0000] {processor.py:925} INFO - DAG(s) 'flex_eau_pipeline' retrieved from /opt/airflow/dags/flex_eau_pipeline.py
[2026-07-28T01:22:35.234+0000] {logging_mixin.py:190} INFO - [2026-07-28T01:22:35.234+0000] {dag.py:3211} INFO - Sync 1 DAGs
[2026-07-28T01:22:35.259+0000] {logging_mixin.py:190} INFO - [2026-07-28T01:22:35.259+0000] {dag.py:4138} INFO - Setting next_dagrun for flex_eau_pipeline to 2026-07-28 00:00:00+00:00, run_after=2026-07-29 00:00:00+00:00
[2026-07-28T01:22:35.284+0000] {processor.py:208} INFO - Processing /opt/airflow/dags/flex_eau_pipeline.py took 0.134 seconds
[2026-07-28T01:23:05.799+0000] {processor.py:186} INFO - Started process (PID=4703) to work on /opt/airflow/dags/flex_eau_pipeline.py
[2026-07-28T01:23:05.801+0000] {processor.py:914} INFO - Processing file /opt/airflow/dags/flex_eau_pipeline.py for tasks to queue
[2026-07-28T01:23:05.808+0000] {logging_mixin.py:190} INFO - [2026-07-28T01:23:05.807+0000] {dagbag.py:587} INFO - Filling up the DagBag from /opt/airflow/dags/flex_eau_pipeline.py
[2026-07-28T01:23:05.867+0000] {processor.py:925} INFO - DAG(s) 'flex_eau_pipeline' retrieved from /opt/airflow/dags/flex_eau_pipeline.py
[2026-07-28T01:23:05.912+0000] {logging_mixin.py:190} INFO - [2026-07-28T01:23:05.912+0000] {dag.py:3211} INFO - Sync 1 DAGs
[2026-07-28T01:23:05.947+0000] {logging_mixin.py:190} INFO - [2026-07-28T01:23:05.946+0000] {dag.py:4138} INFO - Setting next_dagrun for flex_eau_pipeline to 2026-07-28 00:00:00+00:00, run_after=2026-07-29 00:00:00+00:00
[2026-07-28T01:23:05.978+0000] {processor.py:208} INFO - Processing /opt/airflow/dags/flex_eau_pipeline.py took 0.196 seconds
[2026-07-28T01:23:36.462+0000] {processor.py:186} INFO - Started process (PID=4708) to work on /opt/airflow/dags/flex_eau_pipeline.py
[2026-07-28T01:23:36.464+0000] {processor.py:914} INFO - Processing file /opt/airflow/dags/flex_eau_pipeline.py for tasks to queue
[2026-07-28T01:23:36.468+0000] {logging_mixin.py:190} INFO - [2026-07-28T01:23:36.468+0000] {dagbag.py:587} INFO - Filling up the DagBag from /opt/airflow/dags/flex_eau_pipeline.py
[2026-07-28T01:23:36.508+0000] {processor.py:925} INFO - DAG(s) 'flex_eau_pipeline' retrieved from /opt/airflow/dags/flex_eau_pipeline.py
[2026-07-28T01:23:36.567+0000] {logging_mixin.py:190} INFO - [2026-07-28T01:23:36.567+0000] {dag.py:3211} INFO - Sync 1 DAGs
[2026-07-28T01:23:36.602+0000] {logging_mixin.py:190} INFO - [2026-07-28T01:23:36.602+0000] {dag.py:4138} INFO - Setting next_dagrun for flex_eau_pipeline to 2026-07-28 00:00:00+00:00, run_after=2026-07-29 00:00:00+00:00
[2026-07-28T01:23:36.633+0000] {processor.py:208} INFO - Processing /opt/airflow/dags/flex_eau_pipeline.py took 0.180 seconds
[2026-07-28T01:24:07.235+0000] {processor.py:186} INFO - Started process (PID=4713) to work on /opt/airflow/dags/flex_eau_pipeline.py
[2026-07-28T01:24:07.241+0000] {processor.py:914} INFO - Processing file /opt/airflow/dags/flex_eau_pipeline.py for tasks to queue
[2026-07-28T01:24:07.245+0000] {logging_mixin.py:190} INFO - [2026-07-28T01:24:07.245+0000] {dagbag.py:587} INFO - Filling up the DagBag from /opt/airflow/dags/flex_eau_pipeline.py
[2026-07-28T01:24:07.297+0000] {processor.py:925} INFO - DAG(s) 'flex_eau_pipeline' retrieved from /opt/airflow/dags/flex_eau_pipeline.py
[2026-07-28T01:24:07.365+0000] {logging_mixin.py:190} INFO - [2026-07-28T01:24:07.365+0000] {dag.py:3211} INFO - Sync 1 DAGs
[2026-07-28T01:24:07.399+0000] {logging_mixin.py:190} INFO - [2026-07-28T01:24:07.398+0000] {dag.py:4138} INFO - Setting next_dagrun for flex_eau_pipeline to 2026-07-28 00:00:00+00:00, run_after=2026-07-29 00:00:00+00:00
[2026-07-28T01:24:07.431+0000] {processor.py:208} INFO - Processing /opt/airflow/dags/flex_eau_pipeline.py took 0.214 seconds
[2026-07-28T01:24:37.573+0000] {processor.py:186} INFO - Started process (PID=4718) to work on /opt/airflow/dags/flex_eau_pipeline.py
[2026-07-28T01:24:37.576+0000] {processor.py:914} INFO - Processing file /opt/airflow/dags/flex_eau_pipeline.py for tasks to queue
[2026-07-28T01:24:37.584+0000] {logging_mixin.py:190} INFO - [2026-07-28T01:24:37.583+0000] {dagbag.py:587} INFO - Filling up the DagBag from /opt/airflow/dags/flex_eau_pipeline.py
[2026-07-28T01:24:37.684+0000] {processor.py:925} INFO - DAG(s) 'flex_eau_pipeline' retrieved from /opt/airflow/dags/flex_eau_pipeline.py
[2026-07-28T01:24:37.790+0000] {logging_mixin.py:190} INFO - [2026-07-28T01:24:37.790+0000] {dag.py:3211} INFO - Sync 1 DAGs
[2026-07-28T01:24:37.825+0000] {logging_mixin.py:190} INFO - [2026-07-28T01:24:37.825+0000] {dag.py:4138} INFO - Setting next_dagrun for flex_eau_pipeline to 2026-07-28 00:00:00+00:00, run_after=2026-07-29 00:00:00+00:00
[2026-07-28T01:24:37.855+0000] {processor.py:208} INFO - Processing /opt/airflow/dags/flex_eau_pipeline.py took 0.308 seconds
[2026-07-28T01:25:08.369+0000] {processor.py:186} INFO - Started process (PID=4723) to work on /opt/airflow/dags/flex_eau_pipeline.py
[2026-07-28T01:25:08.376+0000] {processor.py:914} INFO - Processing file /opt/airflow/dags/flex_eau_pipeline.py for tasks to queue
[2026-07-28T01:25:08.388+0000] {logging_mixin.py:190} INFO - [2026-07-28T01:25:08.386+0000] {dagbag.py:587} INFO - Filling up the DagBag from /opt/airflow/dags/flex_eau_pipeline.py
[2026-07-28T01:25:08.539+0000] {processor.py:925} INFO - DAG(s) 'flex_eau_pipeline' retrieved from /opt/airflow/dags/flex_eau_pipeline.py
[2026-07-28T01:25:08.636+0000] {logging_mixin.py:190} INFO - [2026-07-28T01:25:08.636+0000] {dag.py:3211} INFO - Sync 1 DAGs
[2026-07-28T01:25:08.693+0000] {logging_mixin.py:190} INFO - [2026-07-28T01:25:08.692+0000] {dag.py:4138} INFO - Setting next_dagrun for flex_eau_pipeline to 2026-07-28 00:00:00+00:00, run_after=2026-07-29 00:00:00+00:00
[2026-07-28T01:25:08.738+0000] {processor.py:208} INFO - Processing /opt/airflow/dags/flex_eau_pipeline.py took 0.408 seconds
[2026-07-28T01:25:39.702+0000] {processor.py:186} INFO - Started process (PID=4728) to work on /opt/airflow/dags/flex_eau_pipeline.py
[2026-07-28T01:25:39.705+0000] {processor.py:914} INFO - Processing file /opt/airflow/dags/flex_eau_pipeline.py for tasks to queue
[2026-07-28T01:25:39.709+0000] {logging_mixin.py:190} INFO - [2026-07-28T01:25:39.709+0000] {dagbag.py:587} INFO - Filling up the DagBag from /opt/airflow/dags/flex_eau_pipeline.py
[2026-07-28T01:25:39.761+0000] {processor.py:925} INFO - DAG(s) 'flex_eau_pipeline' retrieved from /opt/airflow/dags/flex_eau_pipeline.py
[2026-07-28T01:25:39.819+0000] {logging_mixin.py:190} INFO - [2026-07-28T01:25:39.819+0000] {dag.py:3211} INFO - Sync 1 DAGs
[2026-07-28T01:25:39.861+0000] {logging_mixin.py:190} INFO - [2026-07-28T01:25:39.861+0000] {dag.py:4138} INFO - Setting next_dagrun for flex_eau_pipeline to 2026-07-28 00:00:00+00:00, run_after=2026-07-29 00:00:00+00:00
[2026-07-28T01:25:39.894+0000] {processor.py:208} INFO - Processing /opt/airflow/dags/flex_eau_pipeline.py took 0.202 seconds
[2026-07-28T01:26:10.757+0000] {processor.py:186} INFO - Started process (PID=4733) to work on /opt/airflow/dags/flex_eau_pipeline.py
[2026-07-28T01:26:10.760+0000] {processor.py:914} INFO - Processing file /opt/airflow/dags/flex_eau_pipeline.py for tasks to queue
[2026-07-28T01:26:10.767+0000] {logging_mixin.py:190} INFO - [2026-07-28T01:26:10.767+0000] {dagbag.py:587} INFO - Filling up the DagBag from /opt/airflow/dags/flex_eau_pipeline.py
[2026-07-28T01:26:10.843+0000] {processor.py:925} INFO - DAG(s) 'flex_eau_pipeline' retrieved from /opt/airflow/dags/flex_eau_pipeline.py
[2026-07-28T01:26:10.922+0000] {logging_mixin.py:190} INFO - [2026-07-28T01:26:10.921+0000] {dag.py:3211} INFO - Sync 1 DAGs
[2026-07-28T01:26:10.985+0000] {logging_mixin.py:190} INFO - [2026-07-28T01:26:10.984+0000] {dag.py:4138} INFO - Setting next_dagrun for flex_eau_pipeline to 2026-07-28 00:00:00+00:00, run_after=2026-07-29 00:00:00+00:00
[2026-07-28T01:26:11.044+0000] {processor.py:208} INFO - Processing /opt/airflow/dags/flex_eau_pipeline.py took 0.312 seconds
[2026-07-28T01:26:41.813+0000] {processor.py:186} INFO - Started process (PID=4738) to work on /opt/airflow/dags/flex_eau_pipeline.py
[2026-07-28T01:26:41.815+0000] {processor.py:914} INFO - Processing file /opt/airflow/dags/flex_eau_pipeline.py for tasks to queue
[2026-07-28T01:26:41.820+0000] {logging_mixin.py:190} INFO - [2026-07-28T01:26:41.819+0000] {dagbag.py:587} INFO - Filling up the DagBag from /opt/airflow/dags/flex_eau_pipeline.py
[2026-07-28T01:26:41.865+0000] {processor.py:925} INFO - DAG(s) 'flex_eau_pipeline' retrieved from /opt/airflow/dags/flex_eau_pipeline.py
[2026-07-28T01:26:41.915+0000] {logging_mixin.py:190} INFO - [2026-07-28T01:26:41.915+0000] {dag.py:3211} INFO - Sync 1 DAGs
[2026-07-28T01:26:41.962+0000] {logging_mixin.py:190} INFO - [2026-07-28T01:26:41.961+0000] {dag.py:4138} INFO - Setting next_dagrun for flex_eau_pipeline to 2026-07-28 00:00:00+00:00, run_after=2026-07-29 00:00:00+00:00
[2026-07-28T01:26:42.013+0000] {processor.py:208} INFO - Processing /opt/airflow/dags/flex_eau_pipeline.py took 0.222 seconds
[2026-07-28T01:27:12.909+0000] {processor.py:186} INFO - Started process (PID=4743) to work on /opt/airflow/dags/flex_eau_pipeline.py
[2026-07-28T01:27:12.917+0000] {processor.py:914} INFO - Processing file /opt/airflow/dags/flex_eau_pipeline.py for tasks to queue
[2026-07-28T01:27:12.930+0000] {logging_mixin.py:190} INFO - [2026-07-28T01:27:12.929+0000] {dagbag.py:587} INFO - Filling up the DagBag from /opt/airflow/dags/flex_eau_pipeline.py
[2026-07-28T01:27:13.009+0000] {processor.py:925} INFO - DAG(s) 'flex_eau_pipeline' retrieved from /opt/airflow/dags/flex_eau_pipeline.py
[2026-07-28T01:27:13.135+0000] {logging_mixin.py:190} INFO - [2026-07-28T01:27:13.135+0000] {dag.py:3211} INFO - Sync 1 DAGs
[2026-07-28T01:27:13.211+0000] {logging_mixin.py:190} INFO - [2026-07-28T01:27:13.210+0000] {dag.py:4138} INFO - Setting next_dagrun for flex_eau_pipeline to 2026-07-28 00:00:00+00:00, run_after=2026-07-29 00:00:00+00:00
[2026-07-28T01:27:13.278+0000] {processor.py:208} INFO - Processing /opt/airflow/dags/flex_eau_pipeline.py took 0.421 seconds
[2026-07-28T01:27:43.866+0000] {processor.py:186} INFO - Started process (PID=4748) to work on /opt/airflow/dags/flex_eau_pipeline.py
[2026-07-28T01:27:43.868+0000] {processor.py:914} INFO - Processing file /opt/airflow/dags/flex_eau_pipeline.py for tasks to queue
[2026-07-28T01:27:43.873+0000] {logging_mixin.py:190} INFO - [2026-07-28T01:27:43.872+0000] {dagbag.py:587} INFO - Filling up the DagBag from /opt/airflow/dags/flex_eau_pipeline.py
[2026-07-28T01:27:43.921+0000] {processor.py:925} INFO - DAG(s) 'flex_eau_pipeline' retrieved from /opt/airflow/dags/flex_eau_pipeline.py
[2026-07-28T01:27:44.008+0000] {logging_mixin.py:190} INFO - [2026-07-28T01:27:44.007+0000] {dag.py:3211} INFO - Sync 1 DAGs
[2026-07-28T01:27:44.066+0000] {logging_mixin.py:190} INFO - [2026-07-28T01:27:44.066+0000] {dag.py:4138} INFO - Setting next_dagrun for flex_eau_pipeline to 2026-07-28 00:00:00+00:00, run_after=2026-07-29 00:00:00+00:00
[2026-07-28T01:27:44.111+0000] {processor.py:208} INFO - Processing /opt/airflow/dags/flex_eau_pipeline.py took 0.257 seconds
[2026-07-28T01:28:14.872+0000] {processor.py:186} INFO - Started process (PID=4753) to work on /opt/airflow/dags/flex_eau_pipeline.py
[2026-07-28T01:28:14.875+0000] {processor.py:914} INFO - Processing file /opt/airflow/dags/flex_eau_pipeline.py for tasks to queue
[2026-07-28T01:28:14.884+0000] {logging_mixin.py:190} INFO - [2026-07-28T01:28:14.883+0000] {dagbag.py:587} INFO - Filling up the DagBag from /opt/airflow/dags/flex_eau_pipeline.py
[2026-07-28T01:28:14.964+0000] {processor.py:925} INFO - DAG(s) 'flex_eau_pipeline' retrieved from /opt/airflow/dags/flex_eau_pipeline.py
[2026-07-28T01:28:15.067+0000] {logging_mixin.py:190} INFO - [2026-07-28T01:28:15.067+0000] {dag.py:3211} INFO - Sync 1 DAGs
[2026-07-28T01:28:15.148+0000] {logging_mixin.py:190} INFO - [2026-07-28T01:28:15.147+0000] {dag.py:4138} INFO - Setting next_dagrun for flex_eau_pipeline to 2026-07-28 00:00:00+00:00, run_after=2026-07-29 00:00:00+00:00
[2026-07-28T01:28:15.210+0000] {processor.py:208} INFO - Processing /opt/airflow/dags/flex_eau_pipeline.py took 0.358 seconds
[2026-07-28T01:28:46.008+0000] {processor.py:186} INFO - Started process (PID=4758) to work on /opt/airflow/dags/flex_eau_pipeline.py
[2026-07-28T01:28:46.010+0000] {processor.py:914} INFO - Processing file /opt/airflow/dags/flex_eau_pipeline.py for tasks to queue
[2026-07-28T01:28:46.014+0000] {logging_mixin.py:190} INFO - [2026-07-28T01:28:46.013+0000] {dagbag.py:587} INFO - Filling up the DagBag from /opt/airflow/dags/flex_eau_pipeline.py
[2026-07-28T01:28:46.059+0000] {processor.py:925} INFO - DAG(s) 'flex_eau_pipeline' retrieved from /opt/airflow/dags/flex_eau_pipeline.py
[2026-07-28T01:28:46.114+0000] {logging_mixin.py:190} INFO - [2026-07-28T01:28:46.113+0000] {dag.py:3211} INFO - Sync 1 DAGs
[2026-07-28T01:28:46.164+0000] {logging_mixin.py:190} INFO - [2026-07-28T01:28:46.163+0000] {dag.py:4138} INFO - Setting next_dagrun for flex_eau_pipeline to 2026-07-28 00:00:00+00:00, run_after=2026-07-29 00:00:00+00:00
[2026-07-28T01:28:46.215+0000] {processor.py:208} INFO - Processing /opt/airflow/dags/flex_eau_pipeline.py took 0.220 seconds
[2026-07-28T01:29:16.961+0000] {processor.py:186} INFO - Started process (PID=4763) to work on /opt/airflow/dags/flex_eau_pipeline.py
[2026-07-28T01:29:16.962+0000] {processor.py:914} INFO - Processing file /opt/airflow/dags/flex_eau_pipeline.py for tasks to queue
[2026-07-28T01:29:16.965+0000] {logging_mixin.py:190} INFO - [2026-07-28T01:29:16.965+0000] {dagbag.py:587} INFO - Filling up the DagBag from /opt/airflow/dags/flex_eau_pipeline.py
[2026-07-28T01:29:17.002+0000] {processor.py:925} INFO - DAG(s) 'flex_eau_pipeline' retrieved from /opt/airflow/dags/flex_eau_pipeline.py
[2026-07-28T01:29:17.051+0000] {logging_mixin.py:190} INFO - [2026-07-28T01:29:17.051+0000] {dag.py:3211} INFO - Sync 1 DAGs
[2026-07-28T01:29:17.084+0000] {logging_mixin.py:190} INFO - [2026-07-28T01:29:17.084+0000] {dag.py:4138} INFO - Setting next_dagrun for flex_eau_pipeline to 2026-07-28 00:00:00+00:00, run_after=2026-07-29 00:00:00+00:00
[2026-07-28T01:29:17.115+0000] {processor.py:208} INFO - Processing /opt/airflow/dags/flex_eau_pipeline.py took 0.163 seconds
[2026-07-28T01:29:47.792+0000] {processor.py:186} INFO - Started process (PID=4768) to work on /opt/airflow/dags/flex_eau_pipeline.py
[2026-07-28T01:29:47.794+0000] {processor.py:914} INFO - Processing file /opt/airflow/dags/flex_eau_pipeline.py for tasks to queue
[2026-07-28T01:29:47.798+0000] {logging_mixin.py:190} INFO - [2026-07-28T01:29:47.797+0000] {dagbag.py:587} INFO - Filling up the DagBag from /opt/airflow/dags/flex_eau_pipeline.py
[2026-07-28T01:29:47.837+0000] {processor.py:925} INFO - DAG(s) 'flex_eau_pipeline' retrieved from /opt/airflow/dags/flex_eau_pipeline.py
[2026-07-28T01:29:47.892+0000] {logging_mixin.py:190} INFO - [2026-07-28T01:29:47.892+0000] {dag.py:3211} INFO - Sync 1 DAGs
[2026-07-28T01:29:47.929+0000] {logging_mixin.py:190} INFO - [2026-07-28T01:29:47.929+0000] {dag.py:4138} INFO - Setting next_dagrun for flex_eau_pipeline to 2026-07-28 00:00:00+00:00, run_after=2026-07-29 00:00:00+00:00
[2026-07-28T01:29:47.967+0000] {processor.py:208} INFO - Processing /opt/airflow/dags/flex_eau_pipeline.py took 0.186 seconds
[2026-07-28T01:30:18.841+0000] {processor.py:186} INFO - Started process (PID=4773) to work on /opt/airflow/dags/flex_eau_pipeline.py
[2026-07-28T01:30:18.848+0000] {processor.py:914} INFO - Processing file /opt/airflow/dags/flex_eau_pipeline.py for tasks to queue
[2026-07-28T01:30:18.866+0000] {logging_mixin.py:190} INFO - [2026-07-28T01:30:18.864+0000] {dagbag.py:587} INFO - Filling up the DagBag from /opt/airflow/dags/flex_eau_pipeline.py
[2026-07-28T01:30:19.025+0000] {processor.py:925} INFO - DAG(s) 'flex_eau_pipeline' retrieved from /opt/airflow/dags/flex_eau_pipeline.py
[2026-07-28T01:30:19.232+0000] {logging_mixin.py:190} INFO - [2026-07-28T01:30:19.231+0000] {dag.py:3211} INFO - Sync 1 DAGs
[2026-07-28T01:30:19.314+0000] {logging_mixin.py:190} INFO - [2026-07-28T01:30:19.314+0000] {dag.py:4138} INFO - Setting next_dagrun for flex_eau_pipeline to 2026-07-28 00:00:00+00:00, run_after=2026-07-29 00:00:00+00:00
[2026-07-28T01:30:19.369+0000] {processor.py:208} INFO - Processing /opt/airflow/dags/flex_eau_pipeline.py took 0.564 seconds
[2026-07-28T01:30:49.491+0000] {processor.py:186} INFO - Started process (PID=4778) to work on /opt/airflow/dags/flex_eau_pipeline.py
[2026-07-28T01:30:49.493+0000] {processor.py:914} INFO - Processing file /opt/airflow/dags/flex_eau_pipeline.py for tasks to queue
[2026-07-28T01:30:49.497+0000] {logging_mixin.py:190} INFO - [2026-07-28T01:30:49.497+0000] {dagbag.py:587} INFO - Filling up the DagBag from /opt/airflow/dags/flex_eau_pipeline.py
[2026-07-28T01:30:49.543+0000] {processor.py:925} INFO - DAG(s) 'flex_eau_pipeline' retrieved from /opt/airflow/dags/flex_eau_pipeline.py
[2026-07-28T01:30:49.587+0000] {logging_mixin.py:190} INFO - [2026-07-28T01:30:49.587+0000] {dag.py:3211} INFO - Sync 1 DAGs
[2026-07-28T01:30:49.621+0000] {logging_mixin.py:190} INFO - [2026-07-28T01:30:49.621+0000] {dag.py:4138} INFO - Setting next_dagrun for flex_eau_pipeline to 2026-07-28 00:00:00+00:00, run_after=2026-07-29 00:00:00+00:00
[2026-07-28T01:30:49.656+0000] {processor.py:208} INFO - Processing /opt/airflow/dags/flex_eau_pipeline.py took 0.176 seconds
[2026-07-28T01:31:20.460+0000] {processor.py:186} INFO - Started process (PID=4783) to work on /opt/airflow/dags/flex_eau_pipeline.py
[2026-07-28T01:31:20.462+0000] {processor.py:914} INFO - Processing file /opt/airflow/dags/flex_eau_pipeline.py for tasks to queue
[2026-07-28T01:31:20.467+0000] {logging_mixin.py:190} INFO - [2026-07-28T01:31:20.467+0000] {dagbag.py:587} INFO - Filling up the DagBag from /opt/airflow/dags/flex_eau_pipeline.py
[2026-07-28T01:31:20.507+0000] {processor.py:925} INFO - DAG(s) 'flex_eau_pipeline' retrieved from /opt/airflow/dags/flex_eau_pipeline.py
[2026-07-28T01:31:20.558+0000] {logging_mixin.py:190} INFO - [2026-07-28T01:31:20.558+0000] {dag.py:3211} INFO - Sync 1 DAGs
[2026-07-28T01:31:20.592+0000] {logging_mixin.py:190} INFO - [2026-07-28T01:31:20.592+0000] {dag.py:4138} INFO - Setting next_dagrun for flex_eau_pipeline to 2026-07-28 00:00:00+00:00, run_after=2026-07-29 00:00:00+00:00
[2026-07-28T01:31:20.650+0000] {processor.py:208} INFO - Processing /opt/airflow/dags/flex_eau_pipeline.py took 0.200 seconds
[2026-07-28T01:31:51.422+0000] {processor.py:186} INFO - Started process (PID=4788) to work on /opt/airflow/dags/flex_eau_pipeline.py
[2026-07-28T01:31:51.426+0000] {processor.py:914} INFO - Processing file /opt/airflow/dags/flex_eau_pipeline.py for tasks to queue
[2026-07-28T01:31:51.433+0000] {logging_mixin.py:190} INFO - [2026-07-28T01:31:51.432+0000] {dagbag.py:587} INFO - Filling up the DagBag from /opt/airflow/dags/flex_eau_pipeline.py
[2026-07-28T01:31:51.523+0000] {processor.py:925} INFO - DAG(s) 'flex_eau_pipeline' retrieved from /opt/airflow/dags/flex_eau_pipeline.py
[2026-07-28T01:31:51.634+0000] {logging_mixin.py:190} INFO - [2026-07-28T01:31:51.633+0000] {dag.py:3211} INFO - Sync 1 DAGs
[2026-07-28T01:31:51.722+0000] {logging_mixin.py:190} INFO - [2026-07-28T01:31:51.721+0000] {dag.py:4138} INFO - Setting next_dagrun for flex_eau_pipeline to 2026-07-28 00:00:00+00:00, run_after=2026-07-29 00:00:00+00:00
[2026-07-28T01:31:51.778+0000] {processor.py:208} INFO - Processing /opt/airflow/dags/flex_eau_pipeline.py took 0.386 seconds
[2026-07-28T01:32:22.408+0000] {processor.py:186} INFO - Started process (PID=4793) to work on /opt/airflow/dags/flex_eau_pipeline.py
[2026-07-28T01:32:22.411+0000] {processor.py:914} INFO - Processing file /opt/airflow/dags/flex_eau_pipeline.py for tasks to queue
[2026-07-28T01:32:22.419+0000] {logging_mixin.py:190} INFO - [2026-07-28T01:32:22.418+0000] {dagbag.py:587} INFO - Filling up the DagBag from /opt/airflow/dags/flex_eau_pipeline.py
[2026-07-28T01:32:22.494+0000] {processor.py:925} INFO - DAG(s) 'flex_eau_pipeline' retrieved from /opt/airflow/dags/flex_eau_pipeline.py
[2026-07-28T01:32:22.580+0000] {logging_mixin.py:190} INFO - [2026-07-28T01:32:22.579+0000] {dag.py:3211} INFO - Sync 1 DAGs
[2026-07-28T01:32:22.632+0000] {logging_mixin.py:190} INFO - [2026-07-28T01:32:22.632+0000] {dag.py:4138} INFO - Setting next_dagrun for flex_eau_pipeline to 2026-07-28 00:00:00+00:00, run_after=2026-07-29 00:00:00+00:00
[2026-07-28T01:32:22.673+0000] {processor.py:208} INFO - Processing /opt/airflow/dags/flex_eau_pipeline.py took 0.287 seconds
[2026-07-28T01:32:53.639+0000] {processor.py:186} INFO - Started process (PID=4798) to work on /opt/airflow/dags/flex_eau_pipeline.py
[2026-07-28T01:32:53.641+0000] {processor.py:914} INFO - Processing file /opt/airflow/dags/flex_eau_pipeline.py for tasks to queue
[2026-07-28T01:32:53.646+0000] {logging_mixin.py:190} INFO - [2026-07-28T01:32:53.646+0000] {dagbag.py:587} INFO - Filling up the DagBag from /opt/airflow/dags/flex_eau_pipeline.py
[2026-07-28T01:32:53.720+0000] {processor.py:925} INFO - DAG(s) 'flex_eau_pipeline' retrieved from /opt/airflow/dags/flex_eau_pipeline.py
[2026-07-28T01:32:53.827+0000] {logging_mixin.py:190} INFO - [2026-07-28T01:32:53.826+0000] {dag.py:3211} INFO - Sync 1 DAGs
[2026-07-28T01:32:53.903+0000] {logging_mixin.py:190} INFO - [2026-07-28T01:32:53.903+0000] {dag.py:4138} INFO - Setting next_dagrun for flex_eau_pipeline to 2026-07-28 00:00:00+00:00, run_after=2026-07-29 00:00:00+00:00
[2026-07-28T01:32:53.962+0000] {processor.py:208} INFO - Processing /opt/airflow/dags/flex_eau_pipeline.py took 0.337 seconds
[2026-07-28T01:33:24.520+0000] {processor.py:186} INFO - Started process (PID=4803) to work on /opt/airflow/dags/flex_eau_pipeline.py
[2026-07-28T01:33:24.522+0000] {processor.py:914} INFO - Processing file /opt/airflow/dags/flex_eau_pipeline.py for tasks to queue
[2026-07-28T01:33:24.529+0000] {logging_mixin.py:190} INFO - [2026-07-28T01:33:24.528+0000] {dagbag.py:587} INFO - Filling up the DagBag from /opt/airflow/dags/flex_eau_pipeline.py
[2026-07-28T01:33:24.594+0000] {processor.py:925} INFO - DAG(s) 'flex_eau_pipeline' retrieved from /opt/airflow/dags/flex_eau_pipeline.py
[2026-07-28T01:33:24.688+0000] {logging_mixin.py:190} INFO - [2026-07-28T01:33:24.687+0000] {dag.py:3211} INFO - Sync 1 DAGs
[2026-07-28T01:33:24.765+0000] {logging_mixin.py:190} INFO - [2026-07-28T01:33:24.764+0000] {dag.py:4138} INFO - Setting next_dagrun for flex_eau_pipeline to 2026-07-28 00:00:00+00:00, run_after=2026-07-29 00:00:00+00:00
[2026-07-28T01:33:24.833+0000] {processor.py:208} INFO - Processing /opt/airflow/dags/flex_eau_pipeline.py took 0.332 seconds
[2026-07-28T01:33:55.677+0000] {processor.py:186} INFO - Started process (PID=4808) to work on /opt/airflow/dags/flex_eau_pipeline.py
[2026-07-28T01:33:55.679+0000] {processor.py:914} INFO - Processing file /opt/airflow/dags/flex_eau_pipeline.py for tasks to queue
[2026-07-28T01:33:55.685+0000] {logging_mixin.py:190} INFO - [2026-07-28T01:33:55.684+0000] {dagbag.py:587} INFO - Filling up the DagBag from /opt/airflow/dags/flex_eau_pipeline.py
[2026-07-28T01:33:55.742+0000] {processor.py:925} INFO - DAG(s) 'flex_eau_pipeline' retrieved from /opt/airflow/dags/flex_eau_pipeline.py
[2026-07-28T01:33:55.792+0000] {logging_mixin.py:190} INFO - [2026-07-28T01:33:55.791+0000] {dag.py:3211} INFO - Sync 1 DAGs
[2026-07-28T01:33:55.827+0000] {logging_mixin.py:190} INFO - [2026-07-28T01:33:55.826+0000] {dag.py:4138} INFO - Setting next_dagrun for flex_eau_pipeline to 2026-07-28 00:00:00+00:00, run_after=2026-07-29 00:00:00+00:00
[2026-07-28T01:33:55.858+0000] {processor.py:208} INFO - Processing /opt/airflow/dags/flex_eau_pipeline.py took 0.196 seconds
[2026-07-28T01:34:26.712+0000] {processor.py:186} INFO - Started process (PID=4813) to work on /opt/airflow/dags/flex_eau_pipeline.py
[2026-07-28T01:34:26.719+0000] {processor.py:914} INFO - Processing file /opt/airflow/dags/flex_eau_pipeline.py for tasks to queue
[2026-07-28T01:34:26.735+0000] {logging_mixin.py:190} INFO - [2026-07-28T01:34:26.733+0000] {dagbag.py:587} INFO - Filling up the DagBag from /opt/airflow/dags/flex_eau_pipeline.py
[2026-07-28T01:34:26.920+0000] {processor.py:925} INFO - DAG(s) 'flex_eau_pipeline' retrieved from /opt/airflow/dags/flex_eau_pipeline.py
[2026-07-28T01:34:27.035+0000] {logging_mixin.py:190} INFO - [2026-07-28T01:34:27.035+0000] {dag.py:3211} INFO - Sync 1 DAGs
[2026-07-28T01:34:27.107+0000] {logging_mixin.py:190} INFO - [2026-07-28T01:34:27.106+0000] {dag.py:4138} INFO - Setting next_dagrun for flex_eau_pipeline to 2026-07-28 00:00:00+00:00, run_after=2026-07-29 00:00:00+00:00
[2026-07-28T01:34:27.165+0000] {processor.py:208} INFO - Processing /opt/airflow/dags/flex_eau_pipeline.py took 0.509 seconds
[2026-07-28T01:34:57.596+0000] {processor.py:186} INFO - Started process (PID=4818) to work on /opt/airflow/dags/flex_eau_pipeline.py
[2026-07-28T01:34:57.598+0000] {processor.py:914} INFO - Processing file /opt/airflow/dags/flex_eau_pipeline.py for tasks to queue
[2026-07-28T01:34:57.601+0000] {logging_mixin.py:190} INFO - [2026-07-28T01:34:57.600+0000] {dagbag.py:587} INFO - Filling up the DagBag from /opt/airflow/dags/flex_eau_pipeline.py
[2026-07-28T01:34:57.664+0000] {processor.py:925} INFO - DAG(s) 'flex_eau_pipeline' retrieved from /opt/airflow/dags/flex_eau_pipeline.py
[2026-07-28T01:34:57.757+0000] {logging_mixin.py:190} INFO - [2026-07-28T01:34:57.756+0000] {dag.py:3211} INFO - Sync 1 DAGs
[2026-07-28T01:34:57.835+0000] {logging_mixin.py:190} INFO - [2026-07-28T01:34:57.835+0000] {dag.py:4138} INFO - Setting next_dagrun for flex_eau_pipeline to 2026-07-28 00:00:00+00:00, run_after=2026-07-29 00:00:00+00:00
[2026-07-28T01:34:57.894+0000] {processor.py:208} INFO - Processing /opt/airflow/dags/flex_eau_pipeline.py took 0.309 seconds
[2026-07-28T01:35:28.408+0000] {processor.py:186} INFO - Started process (PID=4823) to work on /opt/airflow/dags/flex_eau_pipeline.py
[2026-07-28T01:35:28.411+0000] {processor.py:914} INFO - Processing file /opt/airflow/dags/flex_eau_pipeline.py for tasks to queue
[2026-07-28T01:35:28.418+0000] {logging_mixin.py:190} INFO - [2026-07-28T01:35:28.417+0000] {dagbag.py:587} INFO - Filling up the DagBag from /opt/airflow/dags/flex_eau_pipeline.py
[2026-07-28T01:35:28.463+0000] {processor.py:925} INFO - DAG(s) 'flex_eau_pipeline' retrieved from /opt/airflow/dags/flex_eau_pipeline.py
[2026-07-28T01:35:28.515+0000] {logging_mixin.py:190} INFO - [2026-07-28T01:35:28.514+0000] {dag.py:3211} INFO - Sync 1 DAGs
[2026-07-28T01:35:28.552+0000] {logging_mixin.py:190} INFO - [2026-07-28T01:35:28.552+0000] {dag.py:4138} INFO - Setting next_dagrun for flex_eau_pipeline to 2026-07-28 00:00:00+00:00, run_after=2026-07-29 00:00:00+00:00
[2026-07-28T01:35:28.595+0000] {processor.py:208} INFO - Processing /opt/airflow/dags/flex_eau_pipeline.py took 0.203 seconds
[2026-07-28T01:35:59.265+0000] {processor.py:186} INFO - Started process (PID=4828) to work on /opt/airflow/dags/flex_eau_pipeline.py
[2026-07-28T01:35:59.268+0000] {processor.py:914} INFO - Processing file /opt/airflow/dags/flex_eau_pipeline.py for tasks to queue
[2026-07-28T01:35:59.275+0000] {logging_mixin.py:190} INFO - [2026-07-28T01:35:59.274+0000] {dagbag.py:587} INFO - Filling up the DagBag from /opt/airflow/dags/flex_eau_pipeline.py
[2026-07-28T01:35:59.358+0000] {processor.py:925} INFO - DAG(s) 'flex_eau_pipeline' retrieved from /opt/airflow/dags/flex_eau_pipeline.py
[2026-07-28T01:35:59.463+0000] {logging_mixin.py:190} INFO - [2026-07-28T01:35:59.463+0000] {dag.py:3211} INFO - Sync 1 DAGs
[2026-07-28T01:35:59.531+0000] {logging_mixin.py:190} INFO - [2026-07-28T01:35:59.530+0000] {dag.py:4138} INFO - Setting next_dagrun for flex_eau_pipeline to 2026-07-28 00:00:00+00:00, run_after=2026-07-29 00:00:00+00:00
[2026-07-28T01:35:59.576+0000] {processor.py:208} INFO - Processing /opt/airflow/dags/flex_eau_pipeline.py took 0.330 seconds
[2026-07-28T01:36:30.437+0000] {processor.py:186} INFO - Started process (PID=4833) to work on /opt/airflow/dags/flex_eau_pipeline.py
[2026-07-28T01:36:30.441+0000] {processor.py:914} INFO - Processing file /opt/airflow/dags/flex_eau_pipeline.py for tasks to queue
[2026-07-28T01:36:30.457+0000] {logging_mixin.py:190} INFO - [2026-07-28T01:36:30.449+0000] {dagbag.py:587} INFO - Filling up the DagBag from /opt/airflow/dags/flex_eau_pipeline.py
[2026-07-28T01:36:30.527+0000] {processor.py:925} INFO - DAG(s) 'flex_eau_pipeline' retrieved from /opt/airflow/dags/flex_eau_pipeline.py
[2026-07-28T01:36:30.592+0000] {logging_mixin.py:190} INFO - [2026-07-28T01:36:30.592+0000] {dag.py:3211} INFO - Sync 1 DAGs
[2026-07-28T01:36:30.638+0000] {logging_mixin.py:190} INFO - [2026-07-28T01:36:30.637+0000] {dag.py:4138} INFO - Setting next_dagrun for flex_eau_pipeline to 2026-07-28 00:00:00+00:00, run_after=2026-07-29 00:00:00+00:00
[2026-07-28T01:36:30.679+0000] {processor.py:208} INFO - Processing /opt/airflow/dags/flex_eau_pipeline.py took 0.267 seconds
[2026-07-28T01:37:01.129+0000] {processor.py:186} INFO - Started process (PID=4838) to work on /opt/airflow/dags/flex_eau_pipeline.py
[2026-07-28T01:37:01.131+0000] {processor.py:914} INFO - Processing file /opt/airflow/dags/flex_eau_pipeline.py for tasks to queue
[2026-07-28T01:37:01.135+0000] {logging_mixin.py:190} INFO - [2026-07-28T01:37:01.135+0000] {dagbag.py:587} INFO - Filling up the DagBag from /opt/airflow/dags/flex_eau_pipeline.py
[2026-07-28T01:37:01.175+0000] {processor.py:925} INFO - DAG(s) 'flex_eau_pipeline' retrieved from /opt/airflow/dags/flex_eau_pipeline.py
[2026-07-28T01:37:01.248+0000] {logging_mixin.py:190} INFO - [2026-07-28T01:37:01.248+0000] {dag.py:3211} INFO - Sync 1 DAGs
[2026-07-28T01:37:01.294+0000] {logging_mixin.py:190} INFO - [2026-07-28T01:37:01.294+0000] {dag.py:4138} INFO - Setting next_dagrun for flex_eau_pipeline to 2026-07-28 00:00:00+00:00, run_after=2026-07-29 00:00:00+00:00
[2026-07-28T01:37:01.345+0000] {processor.py:208} INFO - Processing /opt/airflow/dags/flex_eau_pipeline.py took 0.229 seconds
[2026-07-28T01:37:32.306+0000] {processor.py:186} INFO - Started process (PID=4843) to work on /opt/airflow/dags/flex_eau_pipeline.py
[2026-07-28T01:37:32.310+0000] {processor.py:914} INFO - Processing file /opt/airflow/dags/flex_eau_pipeline.py for tasks to queue
[2026-07-28T01:37:32.319+0000] {logging_mixin.py:190} INFO - [2026-07-28T01:37:32.319+0000] {dagbag.py:587} INFO - Filling up the DagBag from /opt/airflow/dags/flex_eau_pipeline.py
[2026-07-28T01:37:32.420+0000] {processor.py:925} INFO - DAG(s) 'flex_eau_pipeline' retrieved from /opt/airflow/dags/flex_eau_pipeline.py
[2026-07-28T01:37:32.557+0000] {logging_mixin.py:190} INFO - [2026-07-28T01:37:32.557+0000] {dag.py:3211} INFO - Sync 1 DAGs
[2026-07-28T01:37:32.621+0000] {logging_mixin.py:190} INFO - [2026-07-28T01:37:32.621+0000] {dag.py:4138} INFO - Setting next_dagrun for flex_eau_pipeline to 2026-07-28 00:00:00+00:00, run_after=2026-07-29 00:00:00+00:00
[2026-07-28T01:37:32.657+0000] {processor.py:208} INFO - Processing /opt/airflow/dags/flex_eau_pipeline.py took 0.373 seconds
[2026-07-28T01:38:03.199+0000] {processor.py:186} INFO - Started process (PID=4848) to work on /opt/airflow/dags/flex_eau_pipeline.py
[2026-07-28T01:38:03.206+0000] {processor.py:914} INFO - Processing file /opt/airflow/dags/flex_eau_pipeline.py for tasks to queue
[2026-07-28T01:38:03.221+0000] {logging_mixin.py:190} INFO - [2026-07-28T01:38:03.219+0000] {dagbag.py:587} INFO - Filling up the DagBag from /opt/airflow/dags/flex_eau_pipeline.py
[2026-07-28T01:38:03.336+0000] {processor.py:925} INFO - DAG(s) 'flex_eau_pipeline' retrieved from /opt/airflow/dags/flex_eau_pipeline.py
[2026-07-28T01:38:03.432+0000] {logging_mixin.py:190} INFO - [2026-07-28T01:38:03.432+0000] {dag.py:3211} INFO - Sync 1 DAGs
[2026-07-28T01:38:03.503+0000] {logging_mixin.py:190} INFO - [2026-07-28T01:38:03.503+0000] {dag.py:4138} INFO - Setting next_dagrun for flex_eau_pipeline to 2026-07-28 00:00:00+00:00, run_after=2026-07-29 00:00:00+00:00
[2026-07-28T01:38:03.565+0000] {processor.py:208} INFO - Processing /opt/airflow/dags/flex_eau_pipeline.py took 0.406 seconds
[2026-07-28T01:38:34.259+0000] {processor.py:186} INFO - Started process (PID=4853) to work on /opt/airflow/dags/flex_eau_pipeline.py
[2026-07-28T01:38:34.262+0000] {processor.py:914} INFO - Processing file /opt/airflow/dags/flex_eau_pipeline.py for tasks to queue
[2026-07-28T01:38:34.268+0000] {logging_mixin.py:190} INFO - [2026-07-28T01:38:34.268+0000] {dagbag.py:587} INFO - Filling up the DagBag from /opt/airflow/dags/flex_eau_pipeline.py
[2026-07-28T01:38:34.307+0000] {processor.py:925} INFO - DAG(s) 'flex_eau_pipeline' retrieved from /opt/airflow/dags/flex_eau_pipeline.py
[2026-07-28T01:38:34.358+0000] {logging_mixin.py:190} INFO - [2026-07-28T01:38:34.357+0000] {dag.py:3211} INFO - Sync 1 DAGs
[2026-07-28T01:38:34.396+0000] {logging_mixin.py:190} INFO - [2026-07-28T01:38:34.396+0000] {dag.py:4138} INFO - Setting next_dagrun for flex_eau_pipeline to 2026-07-28 00:00:00+00:00, run_after=2026-07-29 00:00:00+00:00
[2026-07-28T01:38:34.435+0000] {processor.py:208} INFO - Processing /opt/airflow/dags/flex_eau_pipeline.py took 0.199 seconds
[2026-07-28T01:39:05.217+0000] {processor.py:186} INFO - Started process (PID=4858) to work on /opt/airflow/dags/flex_eau_pipeline.py
[2026-07-28T01:39:05.219+0000] {processor.py:914} INFO - Processing file /opt/airflow/dags/flex_eau_pipeline.py for tasks to queue
[2026-07-28T01:39:05.222+0000] {logging_mixin.py:190} INFO - [2026-07-28T01:39:05.222+0000] {dagbag.py:587} INFO - Filling up the DagBag from /opt/airflow/dags/flex_eau_pipeline.py
[2026-07-28T01:39:05.260+0000] {processor.py:925} INFO - DAG(s) 'flex_eau_pipeline' retrieved from /opt/airflow/dags/flex_eau_pipeline.py
[2026-07-28T01:39:05.310+0000] {logging_mixin.py:190} INFO - [2026-07-28T01:39:05.310+0000] {dag.py:3211} INFO - Sync 1 DAGs
[2026-07-28T01:39:05.354+0000] {logging_mixin.py:190} INFO - [2026-07-28T01:39:05.354+0000] {dag.py:4138} INFO - Setting next_dagrun for flex_eau_pipeline to 2026-07-28 00:00:00+00:00, run_after=2026-07-29 00:00:00+00:00
[2026-07-28T01:39:05.392+0000] {processor.py:208} INFO - Processing /opt/airflow/dags/flex_eau_pipeline.py took 0.186 seconds
[2026-07-28T01:39:36.107+0000] {processor.py:186} INFO - Started process (PID=4863) to work on /opt/airflow/dags/flex_eau_pipeline.py
[2026-07-28T01:39:36.109+0000] {processor.py:914} INFO - Processing file /opt/airflow/dags/flex_eau_pipeline.py for tasks to queue
[2026-07-28T01:39:36.112+0000] {logging_mixin.py:190} INFO - [2026-07-28T01:39:36.112+0000] {dagbag.py:587} INFO - Filling up the DagBag from /opt/airflow/dags/flex_eau_pipeline.py
[2026-07-28T01:39:36.158+0000] {processor.py:925} INFO - DAG(s) 'flex_eau_pipeline' retrieved from /opt/airflow/dags/flex_eau_pipeline.py
[2026-07-28T01:39:36.226+0000] {logging_mixin.py:190} INFO - [2026-07-28T01:39:36.226+0000] {dag.py:3211} INFO - Sync 1 DAGs
[2026-07-28T01:39:36.267+0000] {logging_mixin.py:190} INFO - [2026-07-28T01:39:36.266+0000] {dag.py:4138} INFO - Setting next_dagrun for flex_eau_pipeline to 2026-07-28 00:00:00+00:00, run_after=2026-07-29 00:00:00+00:00
[2026-07-28T01:39:36.300+0000] {processor.py:208} INFO - Processing /opt/airflow/dags/flex_eau_pipeline.py took 0.206 seconds
[2026-07-28T01:40:07.091+0000] {processor.py:186} INFO - Started process (PID=4868) to work on /opt/airflow/dags/flex_eau_pipeline.py
[2026-07-28T01:40:07.094+0000] {processor.py:914} INFO - Processing file /opt/airflow/dags/flex_eau_pipeline.py for tasks to queue
[2026-07-28T01:40:07.100+0000] {logging_mixin.py:190} INFO - [2026-07-28T01:40:07.099+0000] {dagbag.py:587} INFO - Filling up the DagBag from /opt/airflow/dags/flex_eau_pipeline.py
[2026-07-28T01:40:07.162+0000] {processor.py:925} INFO - DAG(s) 'flex_eau_pipeline' retrieved from /opt/airflow/dags/flex_eau_pipeline.py
[2026-07-28T01:40:07.268+0000] {logging_mixin.py:190} INFO - [2026-07-28T01:40:07.267+0000] {dag.py:3211} INFO - Sync 1 DAGs
[2026-07-28T01:40:07.350+0000] {logging_mixin.py:190} INFO - [2026-07-28T01:40:07.349+0000] {dag.py:4138} INFO - Setting next_dagrun for flex_eau_pipeline to 2026-07-28 00:00:00+00:00, run_after=2026-07-29 00:00:00+00:00
[2026-07-28T01:40:07.418+0000] {processor.py:208} INFO - Processing /opt/airflow/dags/flex_eau_pipeline.py took 0.357 seconds
[2026-07-28T01:40:37.892+0000] {processor.py:186} INFO - Started process (PID=4873) to work on /opt/airflow/dags/flex_eau_pipeline.py
[2026-07-28T01:40:37.896+0000] {processor.py:914} INFO - Processing file /opt/airflow/dags/flex_eau_pipeline.py for tasks to queue
[2026-07-28T01:40:37.901+0000] {logging_mixin.py:190} INFO - [2026-07-28T01:40:37.900+0000] {dagbag.py:587} INFO - Filling up the DagBag from /opt/airflow/dags/flex_eau_pipeline.py
[2026-07-28T01:40:37.953+0000] {processor.py:925} INFO - DAG(s) 'flex_eau_pipeline' retrieved from /opt/airflow/dags/flex_eau_pipeline.py
[2026-07-28T01:40:38.017+0000] {logging_mixin.py:190} INFO - [2026-07-28T01:40:38.016+0000] {dag.py:3211} INFO - Sync 1 DAGs
[2026-07-28T01:40:38.111+0000] {logging_mixin.py:190} INFO - [2026-07-28T01:40:38.110+0000] {dag.py:4138} INFO - Setting next_dagrun for flex_eau_pipeline to 2026-07-28 00:00:00+00:00, run_after=2026-07-29 00:00:00+00:00
[2026-07-28T01:40:38.172+0000] {processor.py:208} INFO - Processing /opt/airflow/dags/flex_eau_pipeline.py took 0.294 seconds
[2026-07-28T01:41:08.813+0000] {processor.py:186} INFO - Started process (PID=4878) to work on /opt/airflow/dags/flex_eau_pipeline.py
[2026-07-28T01:41:08.815+0000] {processor.py:914} INFO - Processing file /opt/airflow/dags/flex_eau_pipeline.py for tasks to queue
[2026-07-28T01:41:08.819+0000] {logging_mixin.py:190} INFO - [2026-07-28T01:41:08.818+0000] {dagbag.py:587} INFO - Filling up the DagBag from /opt/airflow/dags/flex_eau_pipeline.py
[2026-07-28T01:41:08.862+0000] {processor.py:925} INFO - DAG(s) 'flex_eau_pipeline' retrieved from /opt/airflow/dags/flex_eau_pipeline.py
[2026-07-28T01:41:08.908+0000] {logging_mixin.py:190} INFO - [2026-07-28T01:41:08.908+0000] {dag.py:3211} INFO - Sync 1 DAGs
[2026-07-28T01:41:08.940+0000] {logging_mixin.py:190} INFO - [2026-07-28T01:41:08.940+0000] {dag.py:4138} INFO - Setting next_dagrun for flex_eau_pipeline to 2026-07-28 00:00:00+00:00, run_after=2026-07-29 00:00:00+00:00
[2026-07-28T01:41:08.984+0000] {processor.py:208} INFO - Processing /opt/airflow/dags/flex_eau_pipeline.py took 0.189 seconds
[2026-07-28T01:41:39.550+0000] {processor.py:186} INFO - Started process (PID=4883) to work on /opt/airflow/dags/flex_eau_pipeline.py
[2026-07-28T01:41:39.552+0000] {processor.py:914} INFO - Processing file /opt/airflow/dags/flex_eau_pipeline.py for tasks to queue
[2026-07-28T01:41:39.556+0000] {logging_mixin.py:190} INFO - [2026-07-28T01:41:39.555+0000] {dagbag.py:587} INFO - Filling up the DagBag from /opt/airflow/dags/flex_eau_pipeline.py
[2026-07-28T01:41:39.611+0000] {processor.py:925} INFO - DAG(s) 'flex_eau_pipeline' retrieved from /opt/airflow/dags/flex_eau_pipeline.py
[2026-07-28T01:41:39.667+0000] {logging_mixin.py:190} INFO - [2026-07-28T01:41:39.667+0000] {dag.py:3211} INFO - Sync 1 DAGs
[2026-07-28T01:41:39.706+0000] {logging_mixin.py:190} INFO - [2026-07-28T01:41:39.705+0000] {dag.py:4138} INFO - Setting next_dagrun for flex_eau_pipeline to 2026-07-28 00:00:00+00:00, run_after=2026-07-29 00:00:00+00:00
[2026-07-28T01:41:39.746+0000] {processor.py:208} INFO - Processing /opt/airflow/dags/flex_eau_pipeline.py took 0.206 seconds
[2026-07-28T01:42:10.315+0000] {processor.py:186} INFO - Started process (PID=4888) to work on /opt/airflow/dags/flex_eau_pipeline.py
[2026-07-28T01:42:10.317+0000] {processor.py:914} INFO - Processing file /opt/airflow/dags/flex_eau_pipeline.py for tasks to queue
[2026-07-28T01:42:10.320+0000] {logging_mixin.py:190} INFO - [2026-07-28T01:42:10.320+0000] {dagbag.py:587} INFO - Filling up the DagBag from /opt/airflow/dags/flex_eau_pipeline.py
[2026-07-28T01:42:10.365+0000] {processor.py:925} INFO - DAG(s) 'flex_eau_pipeline' retrieved from /opt/airflow/dags/flex_eau_pipeline.py
[2026-07-28T01:42:10.413+0000] {logging_mixin.py:190} INFO - [2026-07-28T01:42:10.413+0000] {dag.py:3211} INFO - Sync 1 DAGs
[2026-07-28T01:42:10.446+0000] {logging_mixin.py:190} INFO - [2026-07-28T01:42:10.446+0000] {dag.py:4138} INFO - Setting next_dagrun for flex_eau_pipeline to 2026-07-28 00:00:00+00:00, run_after=2026-07-29 00:00:00+00:00
[2026-07-28T01:42:10.486+0000] {processor.py:208} INFO - Processing /opt/airflow/dags/flex_eau_pipeline.py took 0.182 seconds
[2026-07-28T01:42:40.991+0000] {processor.py:186} INFO - Started process (PID=4893) to work on /opt/airflow/dags/flex_eau_pipeline.py
[2026-07-28T01:42:40.993+0000] {processor.py:914} INFO - Processing file /opt/airflow/dags/flex_eau_pipeline.py for tasks to queue
[2026-07-28T01:42:40.997+0000] {logging_mixin.py:190} INFO - [2026-07-28T01:42:40.996+0000] {dagbag.py:587} INFO - Filling up the DagBag from /opt/airflow/dags/flex_eau_pipeline.py
[2026-07-28T01:42:41.031+0000] {processor.py:925} INFO - DAG(s) 'flex_eau_pipeline' retrieved from /opt/airflow/dags/flex_eau_pipeline.py
[2026-07-28T01:42:41.093+0000] {logging_mixin.py:190} INFO - [2026-07-28T01:42:41.092+0000] {dag.py:3211} INFO - Sync 1 DAGs
[2026-07-28T01:42:41.125+0000] {logging_mixin.py:190} INFO - [2026-07-28T01:42:41.124+0000] {dag.py:4138} INFO - Setting next_dagrun for flex_eau_pipeline to 2026-07-28 00:00:00+00:00, run_after=2026-07-29 00:00:00+00:00
[2026-07-28T01:42:41.168+0000] {processor.py:208} INFO - Processing /opt/airflow/dags/flex_eau_pipeline.py took 0.185 seconds
[2026-07-28T01:43:11.802+0000] {processor.py:186} INFO - Started process (PID=4898) to work on /opt/airflow/dags/flex_eau_pipeline.py
[2026-07-28T01:43:11.804+0000] {processor.py:914} INFO - Processing file /opt/airflow/dags/flex_eau_pipeline.py for tasks to queue
[2026-07-28T01:43:11.808+0000] {logging_mixin.py:190} INFO - [2026-07-28T01:43:11.808+0000] {dagbag.py:587} INFO - Filling up the DagBag from /opt/airflow/dags/flex_eau_pipeline.py
[2026-07-28T01:43:11.875+0000] {processor.py:925} INFO - DAG(s) 'flex_eau_pipeline' retrieved from /opt/airflow/dags/flex_eau_pipeline.py
[2026-07-28T01:43:11.928+0000] {logging_mixin.py:190} INFO - [2026-07-28T01:43:11.928+0000] {dag.py:3211} INFO - Sync 1 DAGs
[2026-07-28T01:43:11.961+0000] {logging_mixin.py:190} INFO - [2026-07-28T01:43:11.960+0000] {dag.py:4138} INFO - Setting next_dagrun for flex_eau_pipeline to 2026-07-28 00:00:00+00:00, run_after=2026-07-29 00:00:00+00:00
[2026-07-28T01:43:12.002+0000] {processor.py:208} INFO - Processing /opt/airflow/dags/flex_eau_pipeline.py took 0.210 seconds
[2026-07-28T01:43:42.536+0000] {processor.py:186} INFO - Started process (PID=4903) to work on /opt/airflow/dags/flex_eau_pipeline.py
[2026-07-28T01:43:42.539+0000] {processor.py:914} INFO - Processing file /opt/airflow/dags/flex_eau_pipeline.py for tasks to queue
[2026-07-28T01:43:42.544+0000] {logging_mixin.py:190} INFO - [2026-07-28T01:43:42.543+0000] {dagbag.py:587} INFO - Filling up the DagBag from /opt/airflow/dags/flex_eau_pipeline.py
[2026-07-28T01:43:42.615+0000] {processor.py:925} INFO - DAG(s) 'flex_eau_pipeline' retrieved from /opt/airflow/dags/flex_eau_pipeline.py
[2026-07-28T01:43:42.675+0000] {logging_mixin.py:190} INFO - [2026-07-28T01:43:42.675+0000] {dag.py:3211} INFO - Sync 1 DAGs
[2026-07-28T01:43:42.710+0000] {logging_mixin.py:190} INFO - [2026-07-28T01:43:42.710+0000] {dag.py:4138} INFO - Setting next_dagrun for flex_eau_pipeline to 2026-07-28 00:00:00+00:00, run_after=2026-07-29 00:00:00+00:00
[2026-07-28T01:43:42.745+0000] {processor.py:208} INFO - Processing /opt/airflow/dags/flex_eau_pipeline.py took 0.223 seconds
[2026-07-28T01:44:13.326+0000] {processor.py:186} INFO - Started process (PID=4908) to work on /opt/airflow/dags/flex_eau_pipeline.py
[2026-07-28T01:44:13.328+0000] {processor.py:914} INFO - Processing file /opt/airflow/dags/flex_eau_pipeline.py for tasks to queue
[2026-07-28T01:44:13.334+0000] {logging_mixin.py:190} INFO - [2026-07-28T01:44:13.333+0000] {dagbag.py:587} INFO - Filling up the DagBag from /opt/airflow/dags/flex_eau_pipeline.py
[2026-07-28T01:44:13.380+0000] {processor.py:925} INFO - DAG(s) 'flex_eau_pipeline' retrieved from /opt/airflow/dags/flex_eau_pipeline.py
[2026-07-28T01:44:13.434+0000] {logging_mixin.py:190} INFO - [2026-07-28T01:44:13.434+0000] {dag.py:3211} INFO - Sync 1 DAGs
[2026-07-28T01:44:13.471+0000] {logging_mixin.py:190} INFO - [2026-07-28T01:44:13.470+0000] {dag.py:4138} INFO - Setting next_dagrun for flex_eau_pipeline to 2026-07-28 00:00:00+00:00, run_after=2026-07-29 00:00:00+00:00
[2026-07-28T01:44:13.512+0000] {processor.py:208} INFO - Processing /opt/airflow/dags/flex_eau_pipeline.py took 0.194 seconds
[2026-07-28T01:44:44.088+0000] {processor.py:186} INFO - Started process (PID=4913) to work on /opt/airflow/dags/flex_eau_pipeline.py
[2026-07-28T01:44:44.091+0000] {processor.py:914} INFO - Processing file /opt/airflow/dags/flex_eau_pipeline.py for tasks to queue
[2026-07-28T01:44:44.097+0000] {logging_mixin.py:190} INFO - [2026-07-28T01:44:44.097+0000] {dagbag.py:587} INFO - Filling up the DagBag from /opt/airflow/dags/flex_eau_pipeline.py
[2026-07-28T01:44:44.164+0000] {processor.py:925} INFO - DAG(s) 'flex_eau_pipeline' retrieved from /opt/airflow/dags/flex_eau_pipeline.py
[2026-07-28T01:44:44.207+0000] {logging_mixin.py:190} INFO - [2026-07-28T01:44:44.207+0000] {dag.py:3211} INFO - Sync 1 DAGs
[2026-07-28T01:44:44.244+0000] {logging_mixin.py:190} INFO - [2026-07-28T01:44:44.244+0000] {dag.py:4138} INFO - Setting next_dagrun for flex_eau_pipeline to 2026-07-28 00:00:00+00:00, run_after=2026-07-29 00:00:00+00:00
[2026-07-28T01:44:44.288+0000] {processor.py:208} INFO - Processing /opt/airflow/dags/flex_eau_pipeline.py took 0.219 seconds
[2026-07-28T01:45:14.845+0000] {processor.py:186} INFO - Started process (PID=4918) to work on /opt/airflow/dags/flex_eau_pipeline.py
[2026-07-28T01:45:14.849+0000] {processor.py:914} INFO - Processing file /opt/airflow/dags/flex_eau_pipeline.py for tasks to queue
[2026-07-28T01:45:14.858+0000] {logging_mixin.py:190} INFO - [2026-07-28T01:45:14.857+0000] {dagbag.py:587} INFO - Filling up the DagBag from /opt/airflow/dags/flex_eau_pipeline.py
[2026-07-28T01:45:14.952+0000] {processor.py:925} INFO - DAG(s) 'flex_eau_pipeline' retrieved from /opt/airflow/dags/flex_eau_pipeline.py
[2026-07-28T01:45:15.017+0000] {logging_mixin.py:190} INFO - [2026-07-28T01:45:15.015+0000] {dag.py:3211} INFO - Sync 1 DAGs
[2026-07-28T01:45:15.077+0000] {logging_mixin.py:190} INFO - [2026-07-28T01:45:15.076+0000] {dag.py:4138} INFO - Setting next_dagrun for flex_eau_pipeline to 2026-07-28 00:00:00+00:00, run_after=2026-07-29 00:00:00+00:00
[2026-07-28T01:45:15.193+0000] {processor.py:208} INFO - Processing /opt/airflow/dags/flex_eau_pipeline.py took 0.315 seconds
[2026-07-28T01:45:45.690+0000] {processor.py:186} INFO - Started process (PID=4923) to work on /opt/airflow/dags/flex_eau_pipeline.py
[2026-07-28T01:45:45.692+0000] {processor.py:914} INFO - Processing file /opt/airflow/dags/flex_eau_pipeline.py for tasks to queue
[2026-07-28T01:45:45.695+0000] {logging_mixin.py:190} INFO - [2026-07-28T01:45:45.695+0000] {dagbag.py:587} INFO - Filling up the DagBag from /opt/airflow/dags/flex_eau_pipeline.py
[2026-07-28T01:45:45.733+0000] {processor.py:925} INFO - DAG(s) 'flex_eau_pipeline' retrieved from /opt/airflow/dags/flex_eau_pipeline.py
[2026-07-28T01:45:45.783+0000] {logging_mixin.py:190} INFO - [2026-07-28T01:45:45.783+0000] {dag.py:3211} INFO - Sync 1 DAGs
[2026-07-28T01:45:45.821+0000] {logging_mixin.py:190} INFO - [2026-07-28T01:45:45.820+0000] {dag.py:4138} INFO - Setting next_dagrun for flex_eau_pipeline to 2026-07-28 00:00:00+00:00, run_after=2026-07-29 00:00:00+00:00
[2026-07-28T01:45:45.867+0000] {processor.py:208} INFO - Processing /opt/airflow/dags/flex_eau_pipeline.py took 0.187 seconds
[2026-07-28T01:46:16.730+0000] {processor.py:186} INFO - Started process (PID=4928) to work on /opt/airflow/dags/flex_eau_pipeline.py
[2026-07-28T01:46:16.732+0000] {processor.py:914} INFO - Processing file /opt/airflow/dags/flex_eau_pipeline.py for tasks to queue
[2026-07-28T01:46:16.736+0000] {logging_mixin.py:190} INFO - [2026-07-28T01:46:16.735+0000] {dagbag.py:587} INFO - Filling up the DagBag from /opt/airflow/dags/flex_eau_pipeline.py
[2026-07-28T01:46:16.785+0000] {processor.py:925} INFO - DAG(s) 'flex_eau_pipeline' retrieved from /opt/airflow/dags/flex_eau_pipeline.py
[2026-07-28T01:46:16.882+0000] {logging_mixin.py:190} INFO - [2026-07-28T01:46:16.882+0000] {dag.py:3211} INFO - Sync 1 DAGs
[2026-07-28T01:46:16.918+0000] {logging_mixin.py:190} INFO - [2026-07-28T01:46:16.918+0000] {dag.py:4138} INFO - Setting next_dagrun for flex_eau_pipeline to 2026-07-28 00:00:00+00:00, run_after=2026-07-29 00:00:00+00:00
[2026-07-28T01:46:16.964+0000] {processor.py:208} INFO - Processing /opt/airflow/dags/flex_eau_pipeline.py took 0.245 seconds
[2026-07-28T01:46:47.505+0000] {processor.py:186} INFO - Started process (PID=4933) to work on /opt/airflow/dags/flex_eau_pipeline.py
[2026-07-28T01:46:47.513+0000] {processor.py:914} INFO - Processing file /opt/airflow/dags/flex_eau_pipeline.py for tasks to queue
[2026-07-28T01:46:47.524+0000] {logging_mixin.py:190} INFO - [2026-07-28T01:46:47.523+0000] {dagbag.py:587} INFO - Filling up the DagBag from /opt/airflow/dags/flex_eau_pipeline.py
[2026-07-28T01:46:47.579+0000] {processor.py:925} INFO - DAG(s) 'flex_eau_pipeline' retrieved from /opt/airflow/dags/flex_eau_pipeline.py
[2026-07-28T01:46:47.624+0000] {logging_mixin.py:190} INFO - [2026-07-28T01:46:47.624+0000] {dag.py:3211} INFO - Sync 1 DAGs
[2026-07-28T01:46:47.655+0000] {logging_mixin.py:190} INFO - [2026-07-28T01:46:47.655+0000] {dag.py:4138} INFO - Setting next_dagrun for flex_eau_pipeline to 2026-07-28 00:00:00+00:00, run_after=2026-07-29 00:00:00+00:00
[2026-07-28T01:46:47.686+0000] {processor.py:208} INFO - Processing /opt/airflow/dags/flex_eau_pipeline.py took 0.239 seconds
[2026-07-28T01:47:18.173+0000] {processor.py:186} INFO - Started process (PID=4938) to work on /opt/airflow/dags/flex_eau_pipeline.py
[2026-07-28T01:47:18.176+0000] {processor.py:914} INFO - Processing file /opt/airflow/dags/flex_eau_pipeline.py for tasks to queue
[2026-07-28T01:47:18.179+0000] {logging_mixin.py:190} INFO - [2026-07-28T01:47:18.179+0000] {dagbag.py:587} INFO - Filling up the DagBag from /opt/airflow/dags/flex_eau_pipeline.py
[2026-07-28T01:47:18.220+0000] {processor.py:925} INFO - DAG(s) 'flex_eau_pipeline' retrieved from /opt/airflow/dags/flex_eau_pipeline.py
[2026-07-28T01:47:18.275+0000] {logging_mixin.py:190} INFO - [2026-07-28T01:47:18.275+0000] {dag.py:3211} INFO - Sync 1 DAGs
[2026-07-28T01:47:18.328+0000] {logging_mixin.py:190} INFO - [2026-07-28T01:47:18.328+0000] {dag.py:4138} INFO - Setting next_dagrun for flex_eau_pipeline to 2026-07-28 00:00:00+00:00, run_after=2026-07-29 00:00:00+00:00
[2026-07-28T01:47:18.361+0000] {processor.py:208} INFO - Processing /opt/airflow/dags/flex_eau_pipeline.py took 0.199 seconds
[2026-07-28T01:47:48.973+0000] {processor.py:186} INFO - Started process (PID=4943) to work on /opt/airflow/dags/flex_eau_pipeline.py
[2026-07-28T01:47:48.975+0000] {processor.py:914} INFO - Processing file /opt/airflow/dags/flex_eau_pipeline.py for tasks to queue
[2026-07-28T01:47:48.979+0000] {logging_mixin.py:190} INFO - [2026-07-28T01:47:48.978+0000] {dagbag.py:587} INFO - Filling up the DagBag from /opt/airflow/dags/flex_eau_pipeline.py
[2026-07-28T01:47:49.036+0000] {processor.py:925} INFO - DAG(s) 'flex_eau_pipeline' retrieved from /opt/airflow/dags/flex_eau_pipeline.py
[2026-07-28T01:47:49.082+0000] {logging_mixin.py:190} INFO - [2026-07-28T01:47:49.082+0000] {dag.py:3211} INFO - Sync 1 DAGs
[2026-07-28T01:47:49.113+0000] {logging_mixin.py:190} INFO - [2026-07-28T01:47:49.113+0000] {dag.py:4138} INFO - Setting next_dagrun for flex_eau_pipeline to 2026-07-28 00:00:00+00:00, run_after=2026-07-29 00:00:00+00:00
[2026-07-28T01:47:49.143+0000] {processor.py:208} INFO - Processing /opt/airflow/dags/flex_eau_pipeline.py took 0.178 seconds
[2026-07-28T01:48:19.630+0000] {processor.py:186} INFO - Started process (PID=4948) to work on /opt/airflow/dags/flex_eau_pipeline.py
[2026-07-28T01:48:19.632+0000] {processor.py:914} INFO - Processing file /opt/airflow/dags/flex_eau_pipeline.py for tasks to queue
[2026-07-28T01:48:19.637+0000] {logging_mixin.py:190} INFO - [2026-07-28T01:48:19.637+0000] {dagbag.py:587} INFO - Filling up the DagBag from /opt/airflow/dags/flex_eau_pipeline.py
[2026-07-28T01:48:19.672+0000] {processor.py:925} INFO - DAG(s) 'flex_eau_pipeline' retrieved from /opt/airflow/dags/flex_eau_pipeline.py
[2026-07-28T01:48:19.724+0000] {logging_mixin.py:190} INFO - [2026-07-28T01:48:19.721+0000] {dag.py:3211} INFO - Sync 1 DAGs
[2026-07-28T01:48:19.786+0000] {logging_mixin.py:190} INFO - [2026-07-28T01:48:19.786+0000] {dag.py:4138} INFO - Setting next_dagrun for flex_eau_pipeline to 2026-07-28 00:00:00+00:00, run_after=2026-07-29 00:00:00+00:00
[2026-07-28T01:48:19.829+0000] {processor.py:208} INFO - Processing /opt/airflow/dags/flex_eau_pipeline.py took 0.208 seconds
[2026-07-28T01:48:50.513+0000] {processor.py:186} INFO - Started process (PID=4953) to work on /opt/airflow/dags/flex_eau_pipeline.py
[2026-07-28T01:48:50.516+0000] {processor.py:914} INFO - Processing file /opt/airflow/dags/flex_eau_pipeline.py for tasks to queue
[2026-07-28T01:48:50.525+0000] {logging_mixin.py:190} INFO - [2026-07-28T01:48:50.524+0000] {dagbag.py:587} INFO - Filling up the DagBag from /opt/airflow/dags/flex_eau_pipeline.py
[2026-07-28T01:48:50.598+0000] {processor.py:925} INFO - DAG(s) 'flex_eau_pipeline' retrieved from /opt/airflow/dags/flex_eau_pipeline.py
[2026-07-28T01:48:50.656+0000] {logging_mixin.py:190} INFO - [2026-07-28T01:48:50.656+0000] {dag.py:3211} INFO - Sync 1 DAGs
[2026-07-28T01:48:50.711+0000] {logging_mixin.py:190} INFO - [2026-07-28T01:48:50.710+0000] {dag.py:4138} INFO - Setting next_dagrun for flex_eau_pipeline to 2026-07-28 00:00:00+00:00, run_after=2026-07-29 00:00:00+00:00
[2026-07-28T01:48:50.762+0000] {processor.py:208} INFO - Processing /opt/airflow/dags/flex_eau_pipeline.py took 0.272 seconds
[2026-07-28T01:49:21.217+0000] {processor.py:186} INFO - Started process (PID=4958) to work on /opt/airflow/dags/flex_eau_pipeline.py
[2026-07-28T01:49:21.219+0000] {processor.py:914} INFO - Processing file /opt/airflow/dags/flex_eau_pipeline.py for tasks to queue
[2026-07-28T01:49:21.222+0000] {logging_mixin.py:190} INFO - [2026-07-28T01:49:21.221+0000] {dagbag.py:587} INFO - Filling up the DagBag from /opt/airflow/dags/flex_eau_pipeline.py
[2026-07-28T01:49:21.255+0000] {processor.py:925} INFO - DAG(s) 'flex_eau_pipeline' retrieved from /opt/airflow/dags/flex_eau_pipeline.py
[2026-07-28T01:49:21.307+0000] {logging_mixin.py:190} INFO - [2026-07-28T01:49:21.307+0000] {dag.py:3211} INFO - Sync 1 DAGs
[2026-07-28T01:49:21.353+0000] {logging_mixin.py:190} INFO - [2026-07-28T01:49:21.352+0000] {dag.py:4138} INFO - Setting next_dagrun for flex_eau_pipeline to 2026-07-28 00:00:00+00:00, run_after=2026-07-29 00:00:00+00:00
[2026-07-28T01:49:21.399+0000] {processor.py:208} INFO - Processing /opt/airflow/dags/flex_eau_pipeline.py took 0.191 seconds
[2026-07-28T01:49:52.047+0000] {processor.py:186} INFO - Started process (PID=4963) to work on /opt/airflow/dags/flex_eau_pipeline.py
[2026-07-28T01:49:52.048+0000] {processor.py:914} INFO - Processing file /opt/airflow/dags/flex_eau_pipeline.py for tasks to queue
[2026-07-28T01:49:52.052+0000] {logging_mixin.py:190} INFO - [2026-07-28T01:49:52.051+0000] {dagbag.py:587} INFO - Filling up the DagBag from /opt/airflow/dags/flex_eau_pipeline.py
[2026-07-28T01:49:52.086+0000] {processor.py:925} INFO - DAG(s) 'flex_eau_pipeline' retrieved from /opt/airflow/dags/flex_eau_pipeline.py
[2026-07-28T01:49:52.128+0000] {logging_mixin.py:190} INFO - [2026-07-28T01:49:52.128+0000] {dag.py:3211} INFO - Sync 1 DAGs
[2026-07-28T01:49:52.161+0000] {logging_mixin.py:190} INFO - [2026-07-28T01:49:52.161+0000] {dag.py:4138} INFO - Setting next_dagrun for flex_eau_pipeline to 2026-07-28 00:00:00+00:00, run_after=2026-07-29 00:00:00+00:00
[2026-07-28T01:49:52.194+0000] {processor.py:208} INFO - Processing /opt/airflow/dags/flex_eau_pipeline.py took 0.156 seconds
[2026-07-28T01:50:22.671+0000] {processor.py:186} INFO - Started process (PID=4968) to work on /opt/airflow/dags/flex_eau_pipeline.py
[2026-07-28T01:50:22.672+0000] {processor.py:914} INFO - Processing file /opt/airflow/dags/flex_eau_pipeline.py for tasks to queue
[2026-07-28T01:50:22.676+0000] {logging_mixin.py:190} INFO - [2026-07-28T01:50:22.676+0000] {dagbag.py:587} INFO - Filling up the DagBag from /opt/airflow/dags/flex_eau_pipeline.py
[2026-07-28T01:50:22.736+0000] {processor.py:925} INFO - DAG(s) 'flex_eau_pipeline' retrieved from /opt/airflow/dags/flex_eau_pipeline.py
[2026-07-28T01:50:22.785+0000] {logging_mixin.py:190} INFO - [2026-07-28T01:50:22.785+0000] {dag.py:3211} INFO - Sync 1 DAGs
[2026-07-28T01:50:22.815+0000] {logging_mixin.py:190} INFO - [2026-07-28T01:50:22.815+0000] {dag.py:4138} INFO - Setting next_dagrun for flex_eau_pipeline to 2026-07-28 00:00:00+00:00, run_after=2026-07-29 00:00:00+00:00
[2026-07-28T01:50:22.857+0000] {processor.py:208} INFO - Processing /opt/airflow/dags/flex_eau_pipeline.py took 0.198 seconds
[2026-07-28T01:50:53.431+0000] {processor.py:186} INFO - Started process (PID=4973) to work on /opt/airflow/dags/flex_eau_pipeline.py
[2026-07-28T01:50:53.433+0000] {processor.py:914} INFO - Processing file /opt/airflow/dags/flex_eau_pipeline.py for tasks to queue
[2026-07-28T01:50:53.436+0000] {logging_mixin.py:190} INFO - [2026-07-28T01:50:53.436+0000] {dagbag.py:587} INFO - Filling up the DagBag from /opt/airflow/dags/flex_eau_pipeline.py
[2026-07-28T01:50:53.488+0000] {processor.py:925} INFO - DAG(s) 'flex_eau_pipeline' retrieved from /opt/airflow/dags/flex_eau_pipeline.py
[2026-07-28T01:50:53.532+0000] {logging_mixin.py:190} INFO - [2026-07-28T01:50:53.532+0000] {dag.py:3211} INFO - Sync 1 DAGs
[2026-07-28T01:50:53.566+0000] {logging_mixin.py:190} INFO - [2026-07-28T01:50:53.566+0000] {dag.py:4138} INFO - Setting next_dagrun for flex_eau_pipeline to 2026-07-28 00:00:00+00:00, run_after=2026-07-29 00:00:00+00:00
[2026-07-28T01:50:53.599+0000] {processor.py:208} INFO - Processing /opt/airflow/dags/flex_eau_pipeline.py took 0.179 seconds
[2026-07-28T01:51:24.337+0000] {processor.py:186} INFO - Started process (PID=4978) to work on /opt/airflow/dags/flex_eau_pipeline.py
[2026-07-28T01:51:24.340+0000] {processor.py:914} INFO - Processing file /opt/airflow/dags/flex_eau_pipeline.py for tasks to queue
[2026-07-28T01:51:24.344+0000] {logging_mixin.py:190} INFO - [2026-07-28T01:51:24.343+0000] {dagbag.py:587} INFO - Filling up the DagBag from /opt/airflow/dags/flex_eau_pipeline.py
[2026-07-28T01:51:24.393+0000] {processor.py:925} INFO - DAG(s) 'flex_eau_pipeline' retrieved from /opt/airflow/dags/flex_eau_pipeline.py
[2026-07-28T01:51:24.455+0000] {logging_mixin.py:190} INFO - [2026-07-28T01:51:24.455+0000] {dag.py:3211} INFO - Sync 1 DAGs
[2026-07-28T01:51:24.488+0000] {logging_mixin.py:190} INFO - [2026-07-28T01:51:24.488+0000] {dag.py:4138} INFO - Setting next_dagrun for flex_eau_pipeline to 2026-07-28 00:00:00+00:00, run_after=2026-07-29 00:00:00+00:00
[2026-07-28T01:51:24.539+0000] {processor.py:208} INFO - Processing /opt/airflow/dags/flex_eau_pipeline.py took 0.213 seconds
[2026-07-28T01:51:55.024+0000] {processor.py:186} INFO - Started process (PID=4983) to work on /opt/airflow/dags/flex_eau_pipeline.py
[2026-07-28T01:51:55.026+0000] {processor.py:914} INFO - Processing file /opt/airflow/dags/flex_eau_pipeline.py for tasks to queue
[2026-07-28T01:51:55.029+0000] {logging_mixin.py:190} INFO - [2026-07-28T01:51:55.029+0000] {dagbag.py:587} INFO - Filling up the DagBag from /opt/airflow/dags/flex_eau_pipeline.py
[2026-07-28T01:51:55.063+0000] {processor.py:925} INFO - DAG(s) 'flex_eau_pipeline' retrieved from /opt/airflow/dags/flex_eau_pipeline.py
[2026-07-28T01:51:55.109+0000] {logging_mixin.py:190} INFO - [2026-07-28T01:51:55.108+0000] {dag.py:3211} INFO - Sync 1 DAGs
[2026-07-28T01:51:55.142+0000] {logging_mixin.py:190} INFO - [2026-07-28T01:51:55.142+0000] {dag.py:4138} INFO - Setting next_dagrun for flex_eau_pipeline to 2026-07-28 00:00:00+00:00, run_after=2026-07-29 00:00:00+00:00
[2026-07-28T01:51:55.170+0000] {processor.py:208} INFO - Processing /opt/airflow/dags/flex_eau_pipeline.py took 0.155 seconds
[2026-07-28T01:52:25.732+0000] {processor.py:186} INFO - Started process (PID=4988) to work on /opt/airflow/dags/flex_eau_pipeline.py
[2026-07-28T01:52:25.734+0000] {processor.py:914} INFO - Processing file /opt/airflow/dags/flex_eau_pipeline.py for tasks to queue
[2026-07-28T01:52:25.739+0000] {logging_mixin.py:190} INFO - [2026-07-28T01:52:25.738+0000] {dagbag.py:587} INFO - Filling up the DagBag from /opt/airflow/dags/flex_eau_pipeline.py
[2026-07-28T01:52:25.776+0000] {processor.py:925} INFO - DAG(s) 'flex_eau_pipeline' retrieved from /opt/airflow/dags/flex_eau_pipeline.py
[2026-07-28T01:52:25.821+0000] {logging_mixin.py:190} INFO - [2026-07-28T01:52:25.821+0000] {dag.py:3211} INFO - Sync 1 DAGs
[2026-07-28T01:52:25.859+0000] {logging_mixin.py:190} INFO - [2026-07-28T01:52:25.858+0000] {dag.py:4138} INFO - Setting next_dagrun for flex_eau_pipeline to 2026-07-28 00:00:00+00:00, run_after=2026-07-29 00:00:00+00:00
[2026-07-28T01:52:25.903+0000] {processor.py:208} INFO - Processing /opt/airflow/dags/flex_eau_pipeline.py took 0.181 seconds
[2026-07-28T01:52:56.494+0000] {processor.py:186} INFO - Started process (PID=4993) to work on /opt/airflow/dags/flex_eau_pipeline.py
[2026-07-28T01:52:56.495+0000] {processor.py:914} INFO - Processing file /opt/airflow/dags/flex_eau_pipeline.py for tasks to queue
[2026-07-28T01:52:56.499+0000] {logging_mixin.py:190} INFO - [2026-07-28T01:52:56.498+0000] {dagbag.py:587} INFO - Filling up the DagBag from /opt/airflow/dags/flex_eau_pipeline.py
[2026-07-28T01:52:56.548+0000] {processor.py:925} INFO - DAG(s) 'flex_eau_pipeline' retrieved from /opt/airflow/dags/flex_eau_pipeline.py
[2026-07-28T01:52:56.596+0000] {logging_mixin.py:190} INFO - [2026-07-28T01:52:56.596+0000] {dag.py:3211} INFO - Sync 1 DAGs
[2026-07-28T01:52:56.630+0000] {logging_mixin.py:190} INFO - [2026-07-28T01:52:56.629+0000] {dag.py:4138} INFO - Setting next_dagrun for flex_eau_pipeline to 2026-07-28 00:00:00+00:00, run_after=2026-07-29 00:00:00+00:00
[2026-07-28T01:52:56.659+0000] {processor.py:208} INFO - Processing /opt/airflow/dags/flex_eau_pipeline.py took 0.178 seconds
[2026-07-28T01:53:27.340+0000] {processor.py:186} INFO - Started process (PID=4998) to work on /opt/airflow/dags/flex_eau_pipeline.py
[2026-07-28T01:53:27.342+0000] {processor.py:914} INFO - Processing file /opt/airflow/dags/flex_eau_pipeline.py for tasks to queue
[2026-07-28T01:53:27.347+0000] {logging_mixin.py:190} INFO - [2026-07-28T01:53:27.346+0000] {dagbag.py:587} INFO - Filling up the DagBag from /opt/airflow/dags/flex_eau_pipeline.py
[2026-07-28T01:53:27.406+0000] {processor.py:925} INFO - DAG(s) 'flex_eau_pipeline' retrieved from /opt/airflow/dags/flex_eau_pipeline.py
[2026-07-28T01:53:27.498+0000] {logging_mixin.py:190} INFO - [2026-07-28T01:53:27.497+0000] {dag.py:3211} INFO - Sync 1 DAGs
[2026-07-28T01:53:27.569+0000] {logging_mixin.py:190} INFO - [2026-07-28T01:53:27.568+0000] {dag.py:4138} INFO - Setting next_dagrun for flex_eau_pipeline to 2026-07-28 00:00:00+00:00, run_after=2026-07-29 00:00:00+00:00
[2026-07-28T01:53:27.628+0000] {processor.py:208} INFO - Processing /opt/airflow/dags/flex_eau_pipeline.py took 0.304 seconds
[2026-07-28T01:53:57.987+0000] {processor.py:186} INFO - Started process (PID=5003) to work on /opt/airflow/dags/flex_eau_pipeline.py
[2026-07-28T01:53:57.989+0000] {processor.py:914} INFO - Processing file /opt/airflow/dags/flex_eau_pipeline.py for tasks to queue
[2026-07-28T01:53:57.993+0000] {logging_mixin.py:190} INFO - [2026-07-28T01:53:57.993+0000] {dagbag.py:587} INFO - Filling up the DagBag from /opt/airflow/dags/flex_eau_pipeline.py
[2026-07-28T01:53:58.026+0000] {processor.py:925} INFO - DAG(s) 'flex_eau_pipeline' retrieved from /opt/airflow/dags/flex_eau_pipeline.py
[2026-07-28T01:53:58.076+0000] {logging_mixin.py:190} INFO - [2026-07-28T01:53:58.075+0000] {dag.py:3211} INFO - Sync 1 DAGs
[2026-07-28T01:53:58.113+0000] {logging_mixin.py:190} INFO - [2026-07-28T01:53:58.113+0000] {dag.py:4138} INFO - Setting next_dagrun for flex_eau_pipeline to 2026-07-28 00:00:00+00:00, run_after=2026-07-29 00:00:00+00:00
[2026-07-28T01:53:58.141+0000] {processor.py:208} INFO - Processing /opt/airflow/dags/flex_eau_pipeline.py took 0.163 seconds
[2026-07-28T01:54:28.677+0000] {processor.py:186} INFO - Started process (PID=5008) to work on /opt/airflow/dags/flex_eau_pipeline.py
[2026-07-28T01:54:28.679+0000] {processor.py:914} INFO - Processing file /opt/airflow/dags/flex_eau_pipeline.py for tasks to queue
[2026-07-28T01:54:28.682+0000] {logging_mixin.py:190} INFO - [2026-07-28T01:54:28.682+0000] {dagbag.py:587} INFO - Filling up the DagBag from /opt/airflow/dags/flex_eau_pipeline.py
[2026-07-28T01:54:28.714+0000] {processor.py:925} INFO - DAG(s) 'flex_eau_pipeline' retrieved from /opt/airflow/dags/flex_eau_pipeline.py
[2026-07-28T01:54:28.763+0000] {logging_mixin.py:190} INFO - [2026-07-28T01:54:28.763+0000] {dag.py:3211} INFO - Sync 1 DAGs
[2026-07-28T01:54:28.807+0000] {logging_mixin.py:190} INFO - [2026-07-28T01:54:28.806+0000] {dag.py:4138} INFO - Setting next_dagrun for flex_eau_pipeline to 2026-07-28 00:00:00+00:00, run_after=2026-07-29 00:00:00+00:00
[2026-07-28T01:54:28.860+0000] {processor.py:208} INFO - Processing /opt/airflow/dags/flex_eau_pipeline.py took 0.191 seconds
[2026-07-28T01:54:59.484+0000] {processor.py:186} INFO - Started process (PID=5013) to work on /opt/airflow/dags/flex_eau_pipeline.py
[2026-07-28T01:54:59.485+0000] {processor.py:914} INFO - Processing file /opt/airflow/dags/flex_eau_pipeline.py for tasks to queue
[2026-07-28T01:54:59.489+0000] {logging_mixin.py:190} INFO - [2026-07-28T01:54:59.488+0000] {dagbag.py:587} INFO - Filling up the DagBag from /opt/airflow/dags/flex_eau_pipeline.py
[2026-07-28T01:54:59.551+0000] {processor.py:925} INFO - DAG(s) 'flex_eau_pipeline' retrieved from /opt/airflow/dags/flex_eau_pipeline.py
[2026-07-28T01:54:59.629+0000] {logging_mixin.py:190} INFO - [2026-07-28T01:54:59.628+0000] {dag.py:3211} INFO - Sync 1 DAGs
[2026-07-28T01:54:59.660+0000] {logging_mixin.py:190} INFO - [2026-07-28T01:54:59.660+0000] {dag.py:4138} INFO - Setting next_dagrun for flex_eau_pipeline to 2026-07-28 00:00:00+00:00, run_after=2026-07-29 00:00:00+00:00
[2026-07-28T01:54:59.689+0000] {processor.py:208} INFO - Processing /opt/airflow/dags/flex_eau_pipeline.py took 0.216 seconds
[2026-07-28T01:55:30.107+0000] {processor.py:186} INFO - Started process (PID=5018) to work on /opt/airflow/dags/flex_eau_pipeline.py
[2026-07-28T01:55:30.109+0000] {processor.py:914} INFO - Processing file /opt/airflow/dags/flex_eau_pipeline.py for tasks to queue
[2026-07-28T01:55:30.112+0000] {logging_mixin.py:190} INFO - [2026-07-28T01:55:30.112+0000] {dagbag.py:587} INFO - Filling up the DagBag from /opt/airflow/dags/flex_eau_pipeline.py
[2026-07-28T01:55:30.154+0000] {processor.py:925} INFO - DAG(s) 'flex_eau_pipeline' retrieved from /opt/airflow/dags/flex_eau_pipeline.py
[2026-07-28T01:55:30.213+0000] {logging_mixin.py:190} INFO - [2026-07-28T01:55:30.213+0000] {dag.py:3211} INFO - Sync 1 DAGs
[2026-07-28T01:55:30.259+0000] {logging_mixin.py:190} INFO - [2026-07-28T01:55:30.259+0000] {dag.py:4138} INFO - Setting next_dagrun for flex_eau_pipeline to 2026-07-28 00:00:00+00:00, run_after=2026-07-29 00:00:00+00:00
[2026-07-28T01:55:30.304+0000] {processor.py:208} INFO - Processing /opt/airflow/dags/flex_eau_pipeline.py took 0.207 seconds
[2026-07-28T01:56:01.088+0000] {processor.py:186} INFO - Started process (PID=5023) to work on /opt/airflow/dags/flex_eau_pipeline.py
[2026-07-28T01:56:01.090+0000] {processor.py:914} INFO - Processing file /opt/airflow/dags/flex_eau_pipeline.py for tasks to queue
[2026-07-28T01:56:01.097+0000] {logging_mixin.py:190} INFO - [2026-07-28T01:56:01.096+0000] {dagbag.py:587} INFO - Filling up the DagBag from /opt/airflow/dags/flex_eau_pipeline.py
[2026-07-28T01:56:01.178+0000] {processor.py:925} INFO - DAG(s) 'flex_eau_pipeline' retrieved from /opt/airflow/dags/flex_eau_pipeline.py
[2026-07-28T01:56:01.286+0000] {logging_mixin.py:190} INFO - [2026-07-28T01:56:01.285+0000] {dag.py:3211} INFO - Sync 1 DAGs
[2026-07-28T01:56:01.356+0000] {logging_mixin.py:190} INFO - [2026-07-28T01:56:01.355+0000] {dag.py:4138} INFO - Setting next_dagrun for flex_eau_pipeline to 2026-07-28 00:00:00+00:00, run_after=2026-07-29 00:00:00+00:00
[2026-07-28T01:56:01.398+0000] {processor.py:208} INFO - Processing /opt/airflow/dags/flex_eau_pipeline.py took 0.329 seconds
[2026-07-28T01:56:32.333+0000] {processor.py:186} INFO - Started process (PID=5028) to work on /opt/airflow/dags/flex_eau_pipeline.py
[2026-07-28T01:56:32.336+0000] {processor.py:914} INFO - Processing file /opt/airflow/dags/flex_eau_pipeline.py for tasks to queue
[2026-07-28T01:56:32.344+0000] {logging_mixin.py:190} INFO - [2026-07-28T01:56:32.343+0000] {dagbag.py:587} INFO - Filling up the DagBag from /opt/airflow/dags/flex_eau_pipeline.py
[2026-07-28T01:56:32.420+0000] {processor.py:925} INFO - DAG(s) 'flex_eau_pipeline' retrieved from /opt/airflow/dags/flex_eau_pipeline.py
[2026-07-28T01:56:32.519+0000] {logging_mixin.py:190} INFO - [2026-07-28T01:56:32.518+0000] {dag.py:3211} INFO - Sync 1 DAGs
[2026-07-28T01:56:32.584+0000] {logging_mixin.py:190} INFO - [2026-07-28T01:56:32.584+0000] {dag.py:4138} INFO - Setting next_dagrun for flex_eau_pipeline to 2026-07-28 00:00:00+00:00, run_after=2026-07-29 00:00:00+00:00
[2026-07-28T01:56:32.619+0000] {processor.py:208} INFO - Processing /opt/airflow/dags/flex_eau_pipeline.py took 0.340 seconds
[2026-07-28T01:57:03.307+0000] {processor.py:186} INFO - Started process (PID=5033) to work on /opt/airflow/dags/flex_eau_pipeline.py
[2026-07-28T01:57:03.314+0000] {processor.py:914} INFO - Processing file /opt/airflow/dags/flex_eau_pipeline.py for tasks to queue
[2026-07-28T01:57:03.326+0000] {logging_mixin.py:190} INFO - [2026-07-28T01:57:03.324+0000] {dagbag.py:587} INFO - Filling up the DagBag from /opt/airflow/dags/flex_eau_pipeline.py
[2026-07-28T01:57:03.482+0000] {processor.py:925} INFO - DAG(s) 'flex_eau_pipeline' retrieved from /opt/airflow/dags/flex_eau_pipeline.py
[2026-07-28T01:57:03.645+0000] {logging_mixin.py:190} INFO - [2026-07-28T01:57:03.644+0000] {dag.py:3211} INFO - Sync 1 DAGs
[2026-07-28T01:57:03.711+0000] {logging_mixin.py:190} INFO - [2026-07-28T01:57:03.710+0000] {dag.py:4138} INFO - Setting next_dagrun for flex_eau_pipeline to 2026-07-28 00:00:00+00:00, run_after=2026-07-29 00:00:00+00:00
[2026-07-28T01:57:03.768+0000] {processor.py:208} INFO - Processing /opt/airflow/dags/flex_eau_pipeline.py took 0.497 seconds
[2026-07-28T01:57:34.198+0000] {processor.py:186} INFO - Started process (PID=5038) to work on /opt/airflow/dags/flex_eau_pipeline.py
[2026-07-28T01:57:34.201+0000] {processor.py:914} INFO - Processing file /opt/airflow/dags/flex_eau_pipeline.py for tasks to queue
[2026-07-28T01:57:34.209+0000] {logging_mixin.py:190} INFO - [2026-07-28T01:57:34.208+0000] {dagbag.py:587} INFO - Filling up the DagBag from /opt/airflow/dags/flex_eau_pipeline.py
[2026-07-28T01:57:34.305+0000] {processor.py:925} INFO - DAG(s) 'flex_eau_pipeline' retrieved from /opt/airflow/dags/flex_eau_pipeline.py
[2026-07-28T01:57:34.399+0000] {logging_mixin.py:190} INFO - [2026-07-28T01:57:34.398+0000] {dag.py:3211} INFO - Sync 1 DAGs
[2026-07-28T01:57:34.439+0000] {logging_mixin.py:190} INFO - [2026-07-28T01:57:34.439+0000] {dag.py:4138} INFO - Setting next_dagrun for flex_eau_pipeline to 2026-07-28 00:00:00+00:00, run_after=2026-07-29 00:00:00+00:00
[2026-07-28T01:57:34.486+0000] {processor.py:208} INFO - Processing /opt/airflow/dags/flex_eau_pipeline.py took 0.311 seconds
[2026-07-28T01:58:04.800+0000] {processor.py:186} INFO - Started process (PID=5043) to work on /opt/airflow/dags/flex_eau_pipeline.py
[2026-07-28T01:58:04.803+0000] {processor.py:914} INFO - Processing file /opt/airflow/dags/flex_eau_pipeline.py for tasks to queue
[2026-07-28T01:58:04.808+0000] {logging_mixin.py:190} INFO - [2026-07-28T01:58:04.808+0000] {dagbag.py:587} INFO - Filling up the DagBag from /opt/airflow/dags/flex_eau_pipeline.py
[2026-07-28T01:58:04.850+0000] {processor.py:925} INFO - DAG(s) 'flex_eau_pipeline' retrieved from /opt/airflow/dags/flex_eau_pipeline.py
[2026-07-28T01:58:04.912+0000] {logging_mixin.py:190} INFO - [2026-07-28T01:58:04.911+0000] {dag.py:3211} INFO - Sync 1 DAGs
[2026-07-28T01:58:04.946+0000] {logging_mixin.py:190} INFO - [2026-07-28T01:58:04.946+0000] {dag.py:4138} INFO - Setting next_dagrun for flex_eau_pipeline to 2026-07-28 00:00:00+00:00, run_after=2026-07-29 00:00:00+00:00
[2026-07-28T01:58:04.977+0000] {processor.py:208} INFO - Processing /opt/airflow/dags/flex_eau_pipeline.py took 0.196 seconds
[2026-07-28T01:58:35.399+0000] {processor.py:186} INFO - Started process (PID=5048) to work on /opt/airflow/dags/flex_eau_pipeline.py
[2026-07-28T01:58:35.401+0000] {processor.py:914} INFO - Processing file /opt/airflow/dags/flex_eau_pipeline.py for tasks to queue
[2026-07-28T01:58:35.405+0000] {logging_mixin.py:190} INFO - [2026-07-28T01:58:35.404+0000] {dagbag.py:587} INFO - Filling up the DagBag from /opt/airflow/dags/flex_eau_pipeline.py
[2026-07-28T01:58:35.444+0000] {processor.py:925} INFO - DAG(s) 'flex_eau_pipeline' retrieved from /opt/airflow/dags/flex_eau_pipeline.py
[2026-07-28T01:58:35.494+0000] {logging_mixin.py:190} INFO - [2026-07-28T01:58:35.494+0000] {dag.py:3211} INFO - Sync 1 DAGs
[2026-07-28T01:58:35.526+0000] {logging_mixin.py:190} INFO - [2026-07-28T01:58:35.526+0000] {dag.py:4138} INFO - Setting next_dagrun for flex_eau_pipeline to 2026-07-28 00:00:00+00:00, run_after=2026-07-29 00:00:00+00:00
[2026-07-28T01:58:35.570+0000] {processor.py:208} INFO - Processing /opt/airflow/dags/flex_eau_pipeline.py took 0.182 seconds
[2026-07-28T01:59:06.004+0000] {processor.py:186} INFO - Started process (PID=5053) to work on /opt/airflow/dags/flex_eau_pipeline.py
[2026-07-28T01:59:06.006+0000] {processor.py:914} INFO - Processing file /opt/airflow/dags/flex_eau_pipeline.py for tasks to queue
[2026-07-28T01:59:06.010+0000] {logging_mixin.py:190} INFO - [2026-07-28T01:59:06.009+0000] {dagbag.py:587} INFO - Filling up the DagBag from /opt/airflow/dags/flex_eau_pipeline.py
[2026-07-28T01:59:06.066+0000] {processor.py:925} INFO - DAG(s) 'flex_eau_pipeline' retrieved from /opt/airflow/dags/flex_eau_pipeline.py
[2026-07-28T01:59:06.131+0000] {logging_mixin.py:190} INFO - [2026-07-28T01:59:06.131+0000] {dag.py:3211} INFO - Sync 1 DAGs
[2026-07-28T01:59:06.169+0000] {logging_mixin.py:190} INFO - [2026-07-28T01:59:06.169+0000] {dag.py:4138} INFO - Setting next_dagrun for flex_eau_pipeline to 2026-07-28 00:00:00+00:00, run_after=2026-07-29 00:00:00+00:00
[2026-07-28T01:59:06.202+0000] {processor.py:208} INFO - Processing /opt/airflow/dags/flex_eau_pipeline.py took 0.211 seconds
[2026-07-28T01:59:36.692+0000] {processor.py:186} INFO - Started process (PID=5058) to work on /opt/airflow/dags/flex_eau_pipeline.py
[2026-07-28T01:59:36.694+0000] {processor.py:914} INFO - Processing file /opt/airflow/dags/flex_eau_pipeline.py for tasks to queue
[2026-07-28T01:59:36.699+0000] {logging_mixin.py:190} INFO - [2026-07-28T01:59:36.698+0000] {dagbag.py:587} INFO - Filling up the DagBag from /opt/airflow/dags/flex_eau_pipeline.py
[2026-07-28T01:59:36.742+0000] {processor.py:925} INFO - DAG(s) 'flex_eau_pipeline' retrieved from /opt/airflow/dags/flex_eau_pipeline.py
[2026-07-28T01:59:36.825+0000] {logging_mixin.py:190} INFO - [2026-07-28T01:59:36.824+0000] {dag.py:3211} INFO - Sync 1 DAGs
[2026-07-28T01:59:36.865+0000] {logging_mixin.py:190} INFO - [2026-07-28T01:59:36.865+0000] {dag.py:4138} INFO - Setting next_dagrun for flex_eau_pipeline to 2026-07-28 00:00:00+00:00, run_after=2026-07-29 00:00:00+00:00
[2026-07-28T01:59:36.892+0000] {processor.py:208} INFO - Processing /opt/airflow/dags/flex_eau_pipeline.py took 0.210 seconds
[2026-07-28T02:00:07.456+0000] {processor.py:186} INFO - Started process (PID=5063) to work on /opt/airflow/dags/flex_eau_pipeline.py
[2026-07-28T02:00:07.461+0000] {processor.py:914} INFO - Processing file /opt/airflow/dags/flex_eau_pipeline.py for tasks to queue
[2026-07-28T02:00:07.473+0000] {logging_mixin.py:190} INFO - [2026-07-28T02:00:07.472+0000] {dagbag.py:587} INFO - Filling up the DagBag from /opt/airflow/dags/flex_eau_pipeline.py
[2026-07-28T02:00:07.605+0000] {processor.py:925} INFO - DAG(s) 'flex_eau_pipeline' retrieved from /opt/airflow/dags/flex_eau_pipeline.py
[2026-07-28T02:00:07.689+0000] {logging_mixin.py:190} INFO - [2026-07-28T02:00:07.689+0000] {dag.py:3211} INFO - Sync 1 DAGs
[2026-07-28T02:00:07.724+0000] {logging_mixin.py:190} INFO - [2026-07-28T02:00:07.723+0000] {dag.py:4138} INFO - Setting next_dagrun for flex_eau_pipeline to 2026-07-28 00:00:00+00:00, run_after=2026-07-29 00:00:00+00:00
[2026-07-28T02:00:07.754+0000] {processor.py:208} INFO - Processing /opt/airflow/dags/flex_eau_pipeline.py took 0.334 seconds
[2026-07-28T02:00:38.250+0000] {processor.py:186} INFO - Started process (PID=5068) to work on /opt/airflow/dags/flex_eau_pipeline.py
[2026-07-28T02:00:38.252+0000] {processor.py:914} INFO - Processing file /opt/airflow/dags/flex_eau_pipeline.py for tasks to queue
[2026-07-28T02:00:38.256+0000] {logging_mixin.py:190} INFO - [2026-07-28T02:00:38.255+0000] {dagbag.py:587} INFO - Filling up the DagBag from /opt/airflow/dags/flex_eau_pipeline.py
[2026-07-28T02:00:38.300+0000] {processor.py:925} INFO - DAG(s) 'flex_eau_pipeline' retrieved from /opt/airflow/dags/flex_eau_pipeline.py
[2026-07-28T02:00:38.357+0000] {logging_mixin.py:190} INFO - [2026-07-28T02:00:38.356+0000] {dag.py:3211} INFO - Sync 1 DAGs
[2026-07-28T02:00:38.411+0000] {logging_mixin.py:190} INFO - [2026-07-28T02:00:38.410+0000] {dag.py:4138} INFO - Setting next_dagrun for flex_eau_pipeline to 2026-07-28 00:00:00+00:00, run_after=2026-07-29 00:00:00+00:00
[2026-07-28T02:00:38.440+0000] {processor.py:208} INFO - Processing /opt/airflow/dags/flex_eau_pipeline.py took 0.201 seconds
[2026-07-28T02:01:09.221+0000] {processor.py:186} INFO - Started process (PID=5073) to work on /opt/airflow/dags/flex_eau_pipeline.py
[2026-07-28T02:01:09.222+0000] {processor.py:914} INFO - Processing file /opt/airflow/dags/flex_eau_pipeline.py for tasks to queue
[2026-07-28T02:01:09.225+0000] {logging_mixin.py:190} INFO - [2026-07-28T02:01:09.225+0000] {dagbag.py:587} INFO - Filling up the DagBag from /opt/airflow/dags/flex_eau_pipeline.py
[2026-07-28T02:01:09.276+0000] {processor.py:925} INFO - DAG(s) 'flex_eau_pipeline' retrieved from /opt/airflow/dags/flex_eau_pipeline.py
[2026-07-28T02:01:09.323+0000] {logging_mixin.py:190} INFO - [2026-07-28T02:01:09.323+0000] {dag.py:3211} INFO - Sync 1 DAGs
[2026-07-28T02:01:09.358+0000] {logging_mixin.py:190} INFO - [2026-07-28T02:01:09.357+0000] {dag.py:4138} INFO - Setting next_dagrun for flex_eau_pipeline to 2026-07-28 00:00:00+00:00, run_after=2026-07-29 00:00:00+00:00
[2026-07-28T02:01:09.405+0000] {processor.py:208} INFO - Processing /opt/airflow/dags/flex_eau_pipeline.py took 0.193 seconds
[2026-07-28T02:01:39.900+0000] {processor.py:186} INFO - Started process (PID=5078) to work on /opt/airflow/dags/flex_eau_pipeline.py
[2026-07-28T02:01:39.902+0000] {processor.py:914} INFO - Processing file /opt/airflow/dags/flex_eau_pipeline.py for tasks to queue
[2026-07-28T02:01:39.905+0000] {logging_mixin.py:190} INFO - [2026-07-28T02:01:39.905+0000] {dagbag.py:587} INFO - Filling up the DagBag from /opt/airflow/dags/flex_eau_pipeline.py
[2026-07-28T02:01:39.942+0000] {processor.py:925} INFO - DAG(s) 'flex_eau_pipeline' retrieved from /opt/airflow/dags/flex_eau_pipeline.py
[2026-07-28T02:01:39.985+0000] {logging_mixin.py:190} INFO - [2026-07-28T02:01:39.984+0000] {dag.py:3211} INFO - Sync 1 DAGs
[2026-07-28T02:01:40.015+0000] {logging_mixin.py:190} INFO - [2026-07-28T02:01:40.015+0000] {dag.py:4138} INFO - Setting next_dagrun for flex_eau_pipeline to 2026-07-28 00:00:00+00:00, run_after=2026-07-29 00:00:00+00:00
[2026-07-28T02:01:40.043+0000] {processor.py:208} INFO - Processing /opt/airflow/dags/flex_eau_pipeline.py took 0.153 seconds
[2026-07-28T02:02:10.838+0000] {processor.py:186} INFO - Started process (PID=5083) to work on /opt/airflow/dags/flex_eau_pipeline.py
[2026-07-28T02:02:10.840+0000] {processor.py:914} INFO - Processing file /opt/airflow/dags/flex_eau_pipeline.py for tasks to queue
[2026-07-28T02:02:10.843+0000] {logging_mixin.py:190} INFO - [2026-07-28T02:02:10.842+0000] {dagbag.py:587} INFO - Filling up the DagBag from /opt/airflow/dags/flex_eau_pipeline.py
[2026-07-28T02:02:10.880+0000] {processor.py:925} INFO - DAG(s) 'flex_eau_pipeline' retrieved from /opt/airflow/dags/flex_eau_pipeline.py
[2026-07-28T02:02:10.948+0000] {logging_mixin.py:190} INFO - [2026-07-28T02:02:10.948+0000] {dag.py:3211} INFO - Sync 1 DAGs
[2026-07-28T02:02:10.979+0000] {logging_mixin.py:190} INFO - [2026-07-28T02:02:10.979+0000] {dag.py:4138} INFO - Setting next_dagrun for flex_eau_pipeline to 2026-07-28 00:00:00+00:00, run_after=2026-07-29 00:00:00+00:00
[2026-07-28T02:02:11.006+0000] {processor.py:208} INFO - Processing /opt/airflow/dags/flex_eau_pipeline.py took 0.175 seconds
[2026-07-28T02:02:41.574+0000] {processor.py:186} INFO - Started process (PID=5088) to work on /opt/airflow/dags/flex_eau_pipeline.py
[2026-07-28T02:02:41.577+0000] {processor.py:914} INFO - Processing file /opt/airflow/dags/flex_eau_pipeline.py for tasks to queue
[2026-07-28T02:02:41.580+0000] {logging_mixin.py:190} INFO - [2026-07-28T02:02:41.580+0000] {dagbag.py:587} INFO - Filling up the DagBag from /opt/airflow/dags/flex_eau_pipeline.py
[2026-07-28T02:02:41.629+0000] {processor.py:925} INFO - DAG(s) 'flex_eau_pipeline' retrieved from /opt/airflow/dags/flex_eau_pipeline.py
[2026-07-28T02:02:41.698+0000] {logging_mixin.py:190} INFO - [2026-07-28T02:02:41.698+0000] {dag.py:3211} INFO - Sync 1 DAGs
[2026-07-28T02:02:41.753+0000] {logging_mixin.py:190} INFO - [2026-07-28T02:02:41.752+0000] {dag.py:4138} INFO - Setting next_dagrun for flex_eau_pipeline to 2026-07-28 00:00:00+00:00, run_after=2026-07-29 00:00:00+00:00
[2026-07-28T02:02:41.810+0000] {processor.py:208} INFO - Processing /opt/airflow/dags/flex_eau_pipeline.py took 0.249 seconds
[2026-07-28T02:03:12.307+0000] {processor.py:186} INFO - Started process (PID=5093) to work on /opt/airflow/dags/flex_eau_pipeline.py
[2026-07-28T02:03:12.309+0000] {processor.py:914} INFO - Processing file /opt/airflow/dags/flex_eau_pipeline.py for tasks to queue
[2026-07-28T02:03:12.312+0000] {logging_mixin.py:190} INFO - [2026-07-28T02:03:12.312+0000] {dagbag.py:587} INFO - Filling up the DagBag from /opt/airflow/dags/flex_eau_pipeline.py
[2026-07-28T02:03:12.356+0000] {processor.py:925} INFO - DAG(s) 'flex_eau_pipeline' retrieved from /opt/airflow/dags/flex_eau_pipeline.py
[2026-07-28T02:03:12.408+0000] {logging_mixin.py:190} INFO - [2026-07-28T02:03:12.408+0000] {dag.py:3211} INFO - Sync 1 DAGs
[2026-07-28T02:03:12.445+0000] {logging_mixin.py:190} INFO - [2026-07-28T02:03:12.444+0000] {dag.py:4138} INFO - Setting next_dagrun for flex_eau_pipeline to 2026-07-28 00:00:00+00:00, run_after=2026-07-29 00:00:00+00:00
[2026-07-28T02:03:12.472+0000] {processor.py:208} INFO - Processing /opt/airflow/dags/flex_eau_pipeline.py took 0.175 seconds
[2026-07-28T02:03:43.063+0000] {processor.py:186} INFO - Started process (PID=5098) to work on /opt/airflow/dags/flex_eau_pipeline.py
[2026-07-28T02:03:43.064+0000] {processor.py:914} INFO - Processing file /opt/airflow/dags/flex_eau_pipeline.py for tasks to queue
[2026-07-28T02:03:43.067+0000] {logging_mixin.py:190} INFO - [2026-07-28T02:03:43.067+0000] {dagbag.py:587} INFO - Filling up the DagBag from /opt/airflow/dags/flex_eau_pipeline.py
[2026-07-28T02:03:43.125+0000] {processor.py:925} INFO - DAG(s) 'flex_eau_pipeline' retrieved from /opt/airflow/dags/flex_eau_pipeline.py
[2026-07-28T02:03:43.219+0000] {logging_mixin.py:190} INFO - [2026-07-28T02:03:43.219+0000] {dag.py:3211} INFO - Sync 1 DAGs
[2026-07-28T02:03:43.280+0000] {logging_mixin.py:190} INFO - [2026-07-28T02:03:43.280+0000] {dag.py:4138} INFO - Setting next_dagrun for flex_eau_pipeline to 2026-07-28 00:00:00+00:00, run_after=2026-07-29 00:00:00+00:00
[2026-07-28T02:03:43.313+0000] {processor.py:208} INFO - Processing /opt/airflow/dags/flex_eau_pipeline.py took 0.262 seconds
[2026-07-28T02:04:13.704+0000] {processor.py:186} INFO - Started process (PID=5103) to work on /opt/airflow/dags/flex_eau_pipeline.py
[2026-07-28T02:04:13.705+0000] {processor.py:914} INFO - Processing file /opt/airflow/dags/flex_eau_pipeline.py for tasks to queue
[2026-07-28T02:04:13.708+0000] {logging_mixin.py:190} INFO - [2026-07-28T02:04:13.708+0000] {dagbag.py:587} INFO - Filling up the DagBag from /opt/airflow/dags/flex_eau_pipeline.py
[2026-07-28T02:04:13.739+0000] {processor.py:925} INFO - DAG(s) 'flex_eau_pipeline' retrieved from /opt/airflow/dags/flex_eau_pipeline.py
[2026-07-28T02:04:13.806+0000] {logging_mixin.py:190} INFO - [2026-07-28T02:04:13.805+0000] {dag.py:3211} INFO - Sync 1 DAGs
[2026-07-28T02:04:13.838+0000] {logging_mixin.py:190} INFO - [2026-07-28T02:04:13.838+0000] {dag.py:4138} INFO - Setting next_dagrun for flex_eau_pipeline to 2026-07-28 00:00:00+00:00, run_after=2026-07-29 00:00:00+00:00
[2026-07-28T02:04:13.866+0000] {processor.py:208} INFO - Processing /opt/airflow/dags/flex_eau_pipeline.py took 0.170 seconds
[2026-07-28T02:04:44.271+0000] {processor.py:186} INFO - Started process (PID=5108) to work on /opt/airflow/dags/flex_eau_pipeline.py
[2026-07-28T02:04:44.273+0000] {processor.py:914} INFO - Processing file /opt/airflow/dags/flex_eau_pipeline.py for tasks to queue
[2026-07-28T02:04:44.276+0000] {logging_mixin.py:190} INFO - [2026-07-28T02:04:44.276+0000] {dagbag.py:587} INFO - Filling up the DagBag from /opt/airflow/dags/flex_eau_pipeline.py
[2026-07-28T02:04:44.314+0000] {processor.py:925} INFO - DAG(s) 'flex_eau_pipeline' retrieved from /opt/airflow/dags/flex_eau_pipeline.py
[2026-07-28T02:04:44.365+0000] {logging_mixin.py:190} INFO - [2026-07-28T02:04:44.364+0000] {dag.py:3211} INFO - Sync 1 DAGs
[2026-07-28T02:04:44.398+0000] {logging_mixin.py:190} INFO - [2026-07-28T02:04:44.397+0000] {dag.py:4138} INFO - Setting next_dagrun for flex_eau_pipeline to 2026-07-28 00:00:00+00:00, run_after=2026-07-29 00:00:00+00:00
[2026-07-28T02:04:44.428+0000] {processor.py:208} INFO - Processing /opt/airflow/dags/flex_eau_pipeline.py took 0.167 seconds
[2026-07-28T02:05:15.133+0000] {processor.py:186} INFO - Started process (PID=5113) to work on /opt/airflow/dags/flex_eau_pipeline.py
[2026-07-28T02:05:15.135+0000] {processor.py:914} INFO - Processing file /opt/airflow/dags/flex_eau_pipeline.py for tasks to queue
[2026-07-28T02:05:15.139+0000] {logging_mixin.py:190} INFO - [2026-07-28T02:05:15.139+0000] {dagbag.py:587} INFO - Filling up the DagBag from /opt/airflow/dags/flex_eau_pipeline.py
[2026-07-28T02:05:15.178+0000] {processor.py:925} INFO - DAG(s) 'flex_eau_pipeline' retrieved from /opt/airflow/dags/flex_eau_pipeline.py
[2026-07-28T02:05:15.226+0000] {logging_mixin.py:190} INFO - [2026-07-28T02:05:15.226+0000] {dag.py:3211} INFO - Sync 1 DAGs
[2026-07-28T02:05:15.259+0000] {logging_mixin.py:190} INFO - [2026-07-28T02:05:15.259+0000] {dag.py:4138} INFO - Setting next_dagrun for flex_eau_pipeline to 2026-07-28 00:00:00+00:00, run_after=2026-07-29 00:00:00+00:00
[2026-07-28T02:05:15.303+0000] {processor.py:208} INFO - Processing /opt/airflow/dags/flex_eau_pipeline.py took 0.179 seconds
[2026-07-28T02:05:45.771+0000] {processor.py:186} INFO - Started process (PID=5118) to work on /opt/airflow/dags/flex_eau_pipeline.py
[2026-07-28T02:05:45.773+0000] {processor.py:914} INFO - Processing file /opt/airflow/dags/flex_eau_pipeline.py for tasks to queue
[2026-07-28T02:05:45.776+0000] {logging_mixin.py:190} INFO - [2026-07-28T02:05:45.776+0000] {dagbag.py:587} INFO - Filling up the DagBag from /opt/airflow/dags/flex_eau_pipeline.py
[2026-07-28T02:05:45.815+0000] {processor.py:925} INFO - DAG(s) 'flex_eau_pipeline' retrieved from /opt/airflow/dags/flex_eau_pipeline.py
[2026-07-28T02:05:45.864+0000] {logging_mixin.py:190} INFO - [2026-07-28T02:05:45.864+0000] {dag.py:3211} INFO - Sync 1 DAGs
[2026-07-28T02:05:45.898+0000] {logging_mixin.py:190} INFO - [2026-07-28T02:05:45.898+0000] {dag.py:4138} INFO - Setting next_dagrun for flex_eau_pipeline to 2026-07-28 00:00:00+00:00, run_after=2026-07-29 00:00:00+00:00
[2026-07-28T02:05:45.933+0000] {processor.py:208} INFO - Processing /opt/airflow/dags/flex_eau_pipeline.py took 0.172 seconds
[2026-07-28T02:06:16.662+0000] {processor.py:186} INFO - Started process (PID=5123) to work on /opt/airflow/dags/flex_eau_pipeline.py
[2026-07-28T02:06:16.664+0000] {processor.py:914} INFO - Processing file /opt/airflow/dags/flex_eau_pipeline.py for tasks to queue
[2026-07-28T02:06:16.667+0000] {logging_mixin.py:190} INFO - [2026-07-28T02:06:16.667+0000] {dagbag.py:587} INFO - Filling up the DagBag from /opt/airflow/dags/flex_eau_pipeline.py
[2026-07-28T02:06:16.727+0000] {processor.py:925} INFO - DAG(s) 'flex_eau_pipeline' retrieved from /opt/airflow/dags/flex_eau_pipeline.py
[2026-07-28T02:06:16.799+0000] {logging_mixin.py:190} INFO - [2026-07-28T02:06:16.798+0000] {dag.py:3211} INFO - Sync 1 DAGs
[2026-07-28T02:06:16.831+0000] {logging_mixin.py:190} INFO - [2026-07-28T02:06:16.831+0000] {dag.py:4138} INFO - Setting next_dagrun for flex_eau_pipeline to 2026-07-28 00:00:00+00:00, run_after=2026-07-29 00:00:00+00:00
[2026-07-28T02:06:16.870+0000] {processor.py:208} INFO - Processing /opt/airflow/dags/flex_eau_pipeline.py took 0.216 seconds
[2026-07-28T02:06:47.267+0000] {processor.py:186} INFO - Started process (PID=5128) to work on /opt/airflow/dags/flex_eau_pipeline.py
[2026-07-28T02:06:47.270+0000] {processor.py:914} INFO - Processing file /opt/airflow/dags/flex_eau_pipeline.py for tasks to queue
[2026-07-28T02:06:47.276+0000] {logging_mixin.py:190} INFO - [2026-07-28T02:06:47.276+0000] {dagbag.py:587} INFO - Filling up the DagBag from /opt/airflow/dags/flex_eau_pipeline.py
[2026-07-28T02:06:47.380+0000] {processor.py:925} INFO - DAG(s) 'flex_eau_pipeline' retrieved from /opt/airflow/dags/flex_eau_pipeline.py
[2026-07-28T02:06:47.438+0000] {logging_mixin.py:190} INFO - [2026-07-28T02:06:47.438+0000] {dag.py:3211} INFO - Sync 1 DAGs
[2026-07-28T02:06:47.474+0000] {logging_mixin.py:190} INFO - [2026-07-28T02:06:47.474+0000] {dag.py:4138} INFO - Setting next_dagrun for flex_eau_pipeline to 2026-07-28 00:00:00+00:00, run_after=2026-07-29 00:00:00+00:00
[2026-07-28T02:06:47.522+0000] {processor.py:208} INFO - Processing /opt/airflow/dags/flex_eau_pipeline.py took 0.273 seconds
[2026-07-28T02:07:18.091+0000] {processor.py:186} INFO - Started process (PID=5133) to work on /opt/airflow/dags/flex_eau_pipeline.py
[2026-07-28T02:07:18.093+0000] {processor.py:914} INFO - Processing file /opt/airflow/dags/flex_eau_pipeline.py for tasks to queue
[2026-07-28T02:07:18.097+0000] {logging_mixin.py:190} INFO - [2026-07-28T02:07:18.097+0000] {dagbag.py:587} INFO - Filling up the DagBag from /opt/airflow/dags/flex_eau_pipeline.py
[2026-07-28T02:07:18.135+0000] {processor.py:925} INFO - DAG(s) 'flex_eau_pipeline' retrieved from /opt/airflow/dags/flex_eau_pipeline.py
[2026-07-28T02:07:18.185+0000] {logging_mixin.py:190} INFO - [2026-07-28T02:07:18.185+0000] {dag.py:3211} INFO - Sync 1 DAGs
[2026-07-28T02:07:18.217+0000] {logging_mixin.py:190} INFO - [2026-07-28T02:07:18.217+0000] {dag.py:4138} INFO - Setting next_dagrun for flex_eau_pipeline to 2026-07-28 00:00:00+00:00, run_after=2026-07-29 00:00:00+00:00
[2026-07-28T02:07:18.249+0000] {processor.py:208} INFO - Processing /opt/airflow/dags/flex_eau_pipeline.py took 0.169 seconds
[2026-07-28T02:07:48.844+0000] {processor.py:186} INFO - Started process (PID=5138) to work on /opt/airflow/dags/flex_eau_pipeline.py
[2026-07-28T02:07:48.846+0000] {processor.py:914} INFO - Processing file /opt/airflow/dags/flex_eau_pipeline.py for tasks to queue
[2026-07-28T02:07:48.852+0000] {logging_mixin.py:190} INFO - [2026-07-28T02:07:48.851+0000] {dagbag.py:587} INFO - Filling up the DagBag from /opt/airflow/dags/flex_eau_pipeline.py
[2026-07-28T02:07:48.911+0000] {processor.py:925} INFO - DAG(s) 'flex_eau_pipeline' retrieved from /opt/airflow/dags/flex_eau_pipeline.py
[2026-07-28T02:07:48.966+0000] {logging_mixin.py:190} INFO - [2026-07-28T02:07:48.966+0000] {dag.py:3211} INFO - Sync 1 DAGs
[2026-07-28T02:07:49.003+0000] {logging_mixin.py:190} INFO - [2026-07-28T02:07:49.003+0000] {dag.py:4138} INFO - Setting next_dagrun for flex_eau_pipeline to 2026-07-28 00:00:00+00:00, run_after=2026-07-29 00:00:00+00:00
[2026-07-28T02:07:49.033+0000] {processor.py:208} INFO - Processing /opt/airflow/dags/flex_eau_pipeline.py took 0.201 seconds
[2026-07-28T02:08:19.611+0000] {processor.py:186} INFO - Started process (PID=5143) to work on /opt/airflow/dags/flex_eau_pipeline.py
[2026-07-28T02:08:19.613+0000] {processor.py:914} INFO - Processing file /opt/airflow/dags/flex_eau_pipeline.py for tasks to queue
[2026-07-28T02:08:19.616+0000] {logging_mixin.py:190} INFO - [2026-07-28T02:08:19.616+0000] {dagbag.py:587} INFO - Filling up the DagBag from /opt/airflow/dags/flex_eau_pipeline.py
[2026-07-28T02:08:19.653+0000] {processor.py:925} INFO - DAG(s) 'flex_eau_pipeline' retrieved from /opt/airflow/dags/flex_eau_pipeline.py
[2026-07-28T02:08:19.699+0000] {logging_mixin.py:190} INFO - [2026-07-28T02:08:19.699+0000] {dag.py:3211} INFO - Sync 1 DAGs
[2026-07-28T02:08:19.738+0000] {logging_mixin.py:190} INFO - [2026-07-28T02:08:19.738+0000] {dag.py:4138} INFO - Setting next_dagrun for flex_eau_pipeline to 2026-07-28 00:00:00+00:00, run_after=2026-07-29 00:00:00+00:00
[2026-07-28T02:08:19.775+0000] {processor.py:208} INFO - Processing /opt/airflow/dags/flex_eau_pipeline.py took 0.174 seconds
[2026-07-28T02:08:50.258+0000] {processor.py:186} INFO - Started process (PID=5148) to work on /opt/airflow/dags/flex_eau_pipeline.py
[2026-07-28T02:08:50.260+0000] {processor.py:914} INFO - Processing file /opt/airflow/dags/flex_eau_pipeline.py for tasks to queue
[2026-07-28T02:08:50.263+0000] {logging_mixin.py:190} INFO - [2026-07-28T02:08:50.262+0000] {dagbag.py:587} INFO - Filling up the DagBag from /opt/airflow/dags/flex_eau_pipeline.py
[2026-07-28T02:08:50.301+0000] {processor.py:925} INFO - DAG(s) 'flex_eau_pipeline' retrieved from /opt/airflow/dags/flex_eau_pipeline.py
[2026-07-28T02:08:50.351+0000] {logging_mixin.py:190} INFO - [2026-07-28T02:08:50.351+0000] {dag.py:3211} INFO - Sync 1 DAGs
[2026-07-28T02:08:50.385+0000] {logging_mixin.py:190} INFO - [2026-07-28T02:08:50.385+0000] {dag.py:4138} INFO - Setting next_dagrun for flex_eau_pipeline to 2026-07-28 00:00:00+00:00, run_after=2026-07-29 00:00:00+00:00
[2026-07-28T02:08:50.439+0000] {processor.py:208} INFO - Processing /opt/airflow/dags/flex_eau_pipeline.py took 0.191 seconds
[2026-07-28T02:09:21.051+0000] {processor.py:186} INFO - Started process (PID=5153) to work on /opt/airflow/dags/flex_eau_pipeline.py
[2026-07-28T02:09:21.053+0000] {processor.py:914} INFO - Processing file /opt/airflow/dags/flex_eau_pipeline.py for tasks to queue
[2026-07-28T02:09:21.058+0000] {logging_mixin.py:190} INFO - [2026-07-28T02:09:21.057+0000] {dagbag.py:587} INFO - Filling up the DagBag from /opt/airflow/dags/flex_eau_pipeline.py
[2026-07-28T02:09:21.118+0000] {processor.py:925} INFO - DAG(s) 'flex_eau_pipeline' retrieved from /opt/airflow/dags/flex_eau_pipeline.py
[2026-07-28T02:09:21.167+0000] {logging_mixin.py:190} INFO - [2026-07-28T02:09:21.167+0000] {dag.py:3211} INFO - Sync 1 DAGs
[2026-07-28T02:09:21.215+0000] {logging_mixin.py:190} INFO - [2026-07-28T02:09:21.215+0000] {dag.py:4138} INFO - Setting next_dagrun for flex_eau_pipeline to 2026-07-28 00:00:00+00:00, run_after=2026-07-29 00:00:00+00:00
[2026-07-28T02:09:21.252+0000] {processor.py:208} INFO - Processing /opt/airflow/dags/flex_eau_pipeline.py took 0.210 seconds
[2026-07-28T02:09:51.581+0000] {processor.py:186} INFO - Started process (PID=5158) to work on /opt/airflow/dags/flex_eau_pipeline.py
[2026-07-28T02:09:51.583+0000] {processor.py:914} INFO - Processing file /opt/airflow/dags/flex_eau_pipeline.py for tasks to queue
[2026-07-28T02:09:51.586+0000] {logging_mixin.py:190} INFO - [2026-07-28T02:09:51.586+0000] {dagbag.py:587} INFO - Filling up the DagBag from /opt/airflow/dags/flex_eau_pipeline.py
[2026-07-28T02:09:51.650+0000] {processor.py:925} INFO - DAG(s) 'flex_eau_pipeline' retrieved from /opt/airflow/dags/flex_eau_pipeline.py
[2026-07-28T02:09:51.735+0000] {logging_mixin.py:190} INFO - [2026-07-28T02:09:51.735+0000] {dag.py:3211} INFO - Sync 1 DAGs
[2026-07-28T02:09:51.768+0000] {logging_mixin.py:190} INFO - [2026-07-28T02:09:51.768+0000] {dag.py:4138} INFO - Setting next_dagrun for flex_eau_pipeline to 2026-07-28 00:00:00+00:00, run_after=2026-07-29 00:00:00+00:00
[2026-07-28T02:09:51.801+0000] {processor.py:208} INFO - Processing /opt/airflow/dags/flex_eau_pipeline.py took 0.229 seconds
[2026-07-28T02:10:22.169+0000] {processor.py:186} INFO - Started process (PID=5163) to work on /opt/airflow/dags/flex_eau_pipeline.py
[2026-07-28T02:10:22.172+0000] {processor.py:914} INFO - Processing file /opt/airflow/dags/flex_eau_pipeline.py for tasks to queue
[2026-07-28T02:10:22.176+0000] {logging_mixin.py:190} INFO - [2026-07-28T02:10:22.175+0000] {dagbag.py:587} INFO - Filling up the DagBag from /opt/airflow/dags/flex_eau_pipeline.py
[2026-07-28T02:10:22.213+0000] {processor.py:925} INFO - DAG(s) 'flex_eau_pipeline' retrieved from /opt/airflow/dags/flex_eau_pipeline.py
[2026-07-28T02:10:22.266+0000] {logging_mixin.py:190} INFO - [2026-07-28T02:10:22.266+0000] {dag.py:3211} INFO - Sync 1 DAGs
[2026-07-28T02:10:22.308+0000] {logging_mixin.py:190} INFO - [2026-07-28T02:10:22.308+0000] {dag.py:4138} INFO - Setting next_dagrun for flex_eau_pipeline to 2026-07-28 00:00:00+00:00, run_after=2026-07-29 00:00:00+00:00
[2026-07-28T02:10:22.357+0000] {processor.py:208} INFO - Processing /opt/airflow/dags/flex_eau_pipeline.py took 0.206 seconds
[2026-07-28T02:10:52.720+0000] {processor.py:186} INFO - Started process (PID=5168) to work on /opt/airflow/dags/flex_eau_pipeline.py
[2026-07-28T02:10:52.722+0000] {processor.py:914} INFO - Processing file /opt/airflow/dags/flex_eau_pipeline.py for tasks to queue
[2026-07-28T02:10:52.726+0000] {logging_mixin.py:190} INFO - [2026-07-28T02:10:52.725+0000] {dagbag.py:587} INFO - Filling up the DagBag from /opt/airflow/dags/flex_eau_pipeline.py
[2026-07-28T02:10:52.767+0000] {processor.py:925} INFO - DAG(s) 'flex_eau_pipeline' retrieved from /opt/airflow/dags/flex_eau_pipeline.py
[2026-07-28T02:10:52.819+0000] {logging_mixin.py:190} INFO - [2026-07-28T02:10:52.819+0000] {dag.py:3211} INFO - Sync 1 DAGs
[2026-07-28T02:10:52.852+0000] {logging_mixin.py:190} INFO - [2026-07-28T02:10:52.851+0000] {dag.py:4138} INFO - Setting next_dagrun for flex_eau_pipeline to 2026-07-28 00:00:00+00:00, run_after=2026-07-29 00:00:00+00:00
[2026-07-28T02:10:52.878+0000] {processor.py:208} INFO - Processing /opt/airflow/dags/flex_eau_pipeline.py took 0.168 seconds
[2026-07-28T02:11:23.488+0000] {processor.py:186} INFO - Started process (PID=5173) to work on /opt/airflow/dags/flex_eau_pipeline.py
[2026-07-28T02:11:23.490+0000] {processor.py:914} INFO - Processing file /opt/airflow/dags/flex_eau_pipeline.py for tasks to queue
[2026-07-28T02:11:23.493+0000] {logging_mixin.py:190} INFO - [2026-07-28T02:11:23.493+0000] {dagbag.py:587} INFO - Filling up the DagBag from /opt/airflow/dags/flex_eau_pipeline.py
[2026-07-28T02:11:23.535+0000] {processor.py:925} INFO - DAG(s) 'flex_eau_pipeline' retrieved from /opt/airflow/dags/flex_eau_pipeline.py
[2026-07-28T02:11:23.585+0000] {logging_mixin.py:190} INFO - [2026-07-28T02:11:23.584+0000] {dag.py:3211} INFO - Sync 1 DAGs
[2026-07-28T02:11:23.620+0000] {logging_mixin.py:190} INFO - [2026-07-28T02:11:23.620+0000] {dag.py:4138} INFO - Setting next_dagrun for flex_eau_pipeline to 2026-07-28 00:00:00+00:00, run_after=2026-07-29 00:00:00+00:00
[2026-07-28T02:11:23.651+0000] {processor.py:208} INFO - Processing /opt/airflow/dags/flex_eau_pipeline.py took 0.171 seconds
[2026-07-28T02:11:54.141+0000] {processor.py:186} INFO - Started process (PID=5178) to work on /opt/airflow/dags/flex_eau_pipeline.py
[2026-07-28T02:11:54.144+0000] {processor.py:914} INFO - Processing file /opt/airflow/dags/flex_eau_pipeline.py for tasks to queue
[2026-07-28T02:11:54.151+0000] {logging_mixin.py:190} INFO - [2026-07-28T02:11:54.150+0000] {dagbag.py:587} INFO - Filling up the DagBag from /opt/airflow/dags/flex_eau_pipeline.py
[2026-07-28T02:11:54.221+0000] {processor.py:925} INFO - DAG(s) 'flex_eau_pipeline' retrieved from /opt/airflow/dags/flex_eau_pipeline.py
[2026-07-28T02:11:54.320+0000] {logging_mixin.py:190} INFO - [2026-07-28T02:11:54.320+0000] {dag.py:3211} INFO - Sync 1 DAGs
[2026-07-28T02:11:54.368+0000] {logging_mixin.py:190} INFO - [2026-07-28T02:11:54.368+0000] {dag.py:4138} INFO - Setting next_dagrun for flex_eau_pipeline to 2026-07-28 00:00:00+00:00, run_after=2026-07-29 00:00:00+00:00
[2026-07-28T02:11:54.401+0000] {processor.py:208} INFO - Processing /opt/airflow/dags/flex_eau_pipeline.py took 0.278 seconds
[2026-07-28T02:12:24.945+0000] {processor.py:186} INFO - Started process (PID=5183) to work on /opt/airflow/dags/flex_eau_pipeline.py
[2026-07-28T02:12:24.947+0000] {processor.py:914} INFO - Processing file /opt/airflow/dags/flex_eau_pipeline.py for tasks to queue
[2026-07-28T02:12:24.950+0000] {logging_mixin.py:190} INFO - [2026-07-28T02:12:24.950+0000] {dagbag.py:587} INFO - Filling up the DagBag from /opt/airflow/dags/flex_eau_pipeline.py
[2026-07-28T02:12:25.005+0000] {processor.py:925} INFO - DAG(s) 'flex_eau_pipeline' retrieved from /opt/airflow/dags/flex_eau_pipeline.py
[2026-07-28T02:12:25.060+0000] {logging_mixin.py:190} INFO - [2026-07-28T02:12:25.060+0000] {dag.py:3211} INFO - Sync 1 DAGs
[2026-07-28T02:12:25.098+0000] {logging_mixin.py:190} INFO - [2026-07-28T02:12:25.098+0000] {dag.py:4138} INFO - Setting next_dagrun for flex_eau_pipeline to 2026-07-28 00:00:00+00:00, run_after=2026-07-29 00:00:00+00:00
[2026-07-28T02:12:25.140+0000] {processor.py:208} INFO - Processing /opt/airflow/dags/flex_eau_pipeline.py took 0.205 seconds
[2026-07-28T02:12:55.529+0000] {processor.py:186} INFO - Started process (PID=5188) to work on /opt/airflow/dags/flex_eau_pipeline.py
[2026-07-28T02:12:55.531+0000] {processor.py:914} INFO - Processing file /opt/airflow/dags/flex_eau_pipeline.py for tasks to queue
[2026-07-28T02:12:55.534+0000] {logging_mixin.py:190} INFO - [2026-07-28T02:12:55.534+0000] {dagbag.py:587} INFO - Filling up the DagBag from /opt/airflow/dags/flex_eau_pipeline.py
[2026-07-28T02:12:55.569+0000] {processor.py:925} INFO - DAG(s) 'flex_eau_pipeline' retrieved from /opt/airflow/dags/flex_eau_pipeline.py
[2026-07-28T02:12:55.623+0000] {logging_mixin.py:190} INFO - [2026-07-28T02:12:55.623+0000] {dag.py:3211} INFO - Sync 1 DAGs
[2026-07-28T02:12:55.667+0000] {logging_mixin.py:190} INFO - [2026-07-28T02:12:55.666+0000] {dag.py:4138} INFO - Setting next_dagrun for flex_eau_pipeline to 2026-07-28 00:00:00+00:00, run_after=2026-07-29 00:00:00+00:00
[2026-07-28T02:12:55.698+0000] {processor.py:208} INFO - Processing /opt/airflow/dags/flex_eau_pipeline.py took 0.178 seconds
[2026-07-28T02:13:26.247+0000] {processor.py:186} INFO - Started process (PID=5193) to work on /opt/airflow/dags/flex_eau_pipeline.py
[2026-07-28T02:13:26.250+0000] {processor.py:914} INFO - Processing file /opt/airflow/dags/flex_eau_pipeline.py for tasks to queue
[2026-07-28T02:13:26.263+0000] {logging_mixin.py:190} INFO - [2026-07-28T02:13:26.262+0000] {dagbag.py:587} INFO - Filling up the DagBag from /opt/airflow/dags/flex_eau_pipeline.py
[2026-07-28T02:13:26.312+0000] {processor.py:925} INFO - DAG(s) 'flex_eau_pipeline' retrieved from /opt/airflow/dags/flex_eau_pipeline.py
[2026-07-28T02:13:26.364+0000] {logging_mixin.py:190} INFO - [2026-07-28T02:13:26.363+0000] {dag.py:3211} INFO - Sync 1 DAGs
[2026-07-28T02:13:26.400+0000] {logging_mixin.py:190} INFO - [2026-07-28T02:13:26.399+0000] {dag.py:4138} INFO - Setting next_dagrun for flex_eau_pipeline to 2026-07-28 00:00:00+00:00, run_after=2026-07-29 00:00:00+00:00
[2026-07-28T02:13:26.430+0000] {processor.py:208} INFO - Processing /opt/airflow/dags/flex_eau_pipeline.py took 0.198 seconds
[2026-07-28T02:13:57.055+0000] {processor.py:186} INFO - Started process (PID=5198) to work on /opt/airflow/dags/flex_eau_pipeline.py
[2026-07-28T02:13:57.057+0000] {processor.py:914} INFO - Processing file /opt/airflow/dags/flex_eau_pipeline.py for tasks to queue
[2026-07-28T02:13:57.063+0000] {logging_mixin.py:190} INFO - [2026-07-28T02:13:57.062+0000] {dagbag.py:587} INFO - Filling up the DagBag from /opt/airflow/dags/flex_eau_pipeline.py
[2026-07-28T02:13:57.110+0000] {processor.py:925} INFO - DAG(s) 'flex_eau_pipeline' retrieved from /opt/airflow/dags/flex_eau_pipeline.py
[2026-07-28T02:13:57.172+0000] {logging_mixin.py:190} INFO - [2026-07-28T02:13:57.172+0000] {dag.py:3211} INFO - Sync 1 DAGs
[2026-07-28T02:13:57.218+0000] {logging_mixin.py:190} INFO - [2026-07-28T02:13:57.217+0000] {dag.py:4138} INFO - Setting next_dagrun for flex_eau_pipeline to 2026-07-28 00:00:00+00:00, run_after=2026-07-29 00:00:00+00:00
[2026-07-28T02:13:57.251+0000] {processor.py:208} INFO - Processing /opt/airflow/dags/flex_eau_pipeline.py took 0.206 seconds
[2026-07-28T02:14:27.881+0000] {processor.py:186} INFO - Started process (PID=5203) to work on /opt/airflow/dags/flex_eau_pipeline.py
[2026-07-28T02:14:27.883+0000] {processor.py:914} INFO - Processing file /opt/airflow/dags/flex_eau_pipeline.py for tasks to queue
[2026-07-28T02:14:27.887+0000] {logging_mixin.py:190} INFO - [2026-07-28T02:14:27.886+0000] {dagbag.py:587} INFO - Filling up the DagBag from /opt/airflow/dags/flex_eau_pipeline.py
[2026-07-28T02:14:27.920+0000] {processor.py:925} INFO - DAG(s) 'flex_eau_pipeline' retrieved from /opt/airflow/dags/flex_eau_pipeline.py
[2026-07-28T02:14:27.965+0000] {logging_mixin.py:190} INFO - [2026-07-28T02:14:27.965+0000] {dag.py:3211} INFO - Sync 1 DAGs
[2026-07-28T02:14:28.003+0000] {logging_mixin.py:190} INFO - [2026-07-28T02:14:28.002+0000] {dag.py:4138} INFO - Setting next_dagrun for flex_eau_pipeline to 2026-07-28 00:00:00+00:00, run_after=2026-07-29 00:00:00+00:00
[2026-07-28T02:14:28.047+0000] {processor.py:208} INFO - Processing /opt/airflow/dags/flex_eau_pipeline.py took 0.178 seconds
[2026-07-28T02:14:58.571+0000] {processor.py:186} INFO - Started process (PID=5208) to work on /opt/airflow/dags/flex_eau_pipeline.py
[2026-07-28T02:14:58.579+0000] {processor.py:914} INFO - Processing file /opt/airflow/dags/flex_eau_pipeline.py for tasks to queue
[2026-07-28T02:14:58.587+0000] {logging_mixin.py:190} INFO - [2026-07-28T02:14:58.586+0000] {dagbag.py:587} INFO - Filling up the DagBag from /opt/airflow/dags/flex_eau_pipeline.py
[2026-07-28T02:14:58.668+0000] {processor.py:925} INFO - DAG(s) 'flex_eau_pipeline' retrieved from /opt/airflow/dags/flex_eau_pipeline.py
[2026-07-28T02:14:58.777+0000] {logging_mixin.py:190} INFO - [2026-07-28T02:14:58.776+0000] {dag.py:3211} INFO - Sync 1 DAGs
[2026-07-28T02:14:58.855+0000] {logging_mixin.py:190} INFO - [2026-07-28T02:14:58.854+0000] {dag.py:4138} INFO - Setting next_dagrun for flex_eau_pipeline to 2026-07-28 00:00:00+00:00, run_after=2026-07-29 00:00:00+00:00
[2026-07-28T02:14:58.961+0000] {processor.py:208} INFO - Processing /opt/airflow/dags/flex_eau_pipeline.py took 0.411 seconds
[2026-07-28T02:15:29.361+0000] {processor.py:186} INFO - Started process (PID=5213) to work on /opt/airflow/dags/flex_eau_pipeline.py
[2026-07-28T02:15:29.365+0000] {processor.py:914} INFO - Processing file /opt/airflow/dags/flex_eau_pipeline.py for tasks to queue
[2026-07-28T02:15:29.372+0000] {logging_mixin.py:190} INFO - [2026-07-28T02:15:29.371+0000] {dagbag.py:587} INFO - Filling up the DagBag from /opt/airflow/dags/flex_eau_pipeline.py
[2026-07-28T02:15:29.439+0000] {processor.py:925} INFO - DAG(s) 'flex_eau_pipeline' retrieved from /opt/airflow/dags/flex_eau_pipeline.py
[2026-07-28T02:15:29.532+0000] {logging_mixin.py:190} INFO - [2026-07-28T02:15:29.531+0000] {dag.py:3211} INFO - Sync 1 DAGs
[2026-07-28T02:15:29.589+0000] {logging_mixin.py:190} INFO - [2026-07-28T02:15:29.588+0000] {dag.py:4138} INFO - Setting next_dagrun for flex_eau_pipeline to 2026-07-28 00:00:00+00:00, run_after=2026-07-29 00:00:00+00:00
[2026-07-28T02:15:29.648+0000] {processor.py:208} INFO - Processing /opt/airflow/dags/flex_eau_pipeline.py took 0.308 seconds
[2026-07-28T02:16:00.346+0000] {processor.py:186} INFO - Started process (PID=5218) to work on /opt/airflow/dags/flex_eau_pipeline.py
[2026-07-28T02:16:00.349+0000] {processor.py:914} INFO - Processing file /opt/airflow/dags/flex_eau_pipeline.py for tasks to queue
[2026-07-28T02:16:00.353+0000] {logging_mixin.py:190} INFO - [2026-07-28T02:16:00.353+0000] {dagbag.py:587} INFO - Filling up the DagBag from /opt/airflow/dags/flex_eau_pipeline.py
[2026-07-28T02:16:00.405+0000] {processor.py:925} INFO - DAG(s) 'flex_eau_pipeline' retrieved from /opt/airflow/dags/flex_eau_pipeline.py
[2026-07-28T02:16:00.450+0000] {logging_mixin.py:190} INFO - [2026-07-28T02:16:00.450+0000] {dag.py:3211} INFO - Sync 1 DAGs
[2026-07-28T02:16:00.482+0000] {logging_mixin.py:190} INFO - [2026-07-28T02:16:00.482+0000] {dag.py:4138} INFO - Setting next_dagrun for flex_eau_pipeline to 2026-07-28 00:00:00+00:00, run_after=2026-07-29 00:00:00+00:00
[2026-07-28T02:16:00.512+0000] {processor.py:208} INFO - Processing /opt/airflow/dags/flex_eau_pipeline.py took 0.180 seconds
[2026-07-28T02:16:31.135+0000] {processor.py:186} INFO - Started process (PID=5223) to work on /opt/airflow/dags/flex_eau_pipeline.py
[2026-07-28T02:16:31.137+0000] {processor.py:914} INFO - Processing file /opt/airflow/dags/flex_eau_pipeline.py for tasks to queue
[2026-07-28T02:16:31.142+0000] {logging_mixin.py:190} INFO - [2026-07-28T02:16:31.141+0000] {dagbag.py:587} INFO - Filling up the DagBag from /opt/airflow/dags/flex_eau_pipeline.py
[2026-07-28T02:16:31.202+0000] {processor.py:925} INFO - DAG(s) 'flex_eau_pipeline' retrieved from /opt/airflow/dags/flex_eau_pipeline.py
[2026-07-28T02:16:31.254+0000] {logging_mixin.py:190} INFO - [2026-07-28T02:16:31.253+0000] {dag.py:3211} INFO - Sync 1 DAGs
[2026-07-28T02:16:31.292+0000] {logging_mixin.py:190} INFO - [2026-07-28T02:16:31.291+0000] {dag.py:4138} INFO - Setting next_dagrun for flex_eau_pipeline to 2026-07-28 00:00:00+00:00, run_after=2026-07-29 00:00:00+00:00
[2026-07-28T02:16:31.336+0000] {processor.py:208} INFO - Processing /opt/airflow/dags/flex_eau_pipeline.py took 0.211 seconds
[2026-07-28T02:17:01.709+0000] {processor.py:186} INFO - Started process (PID=5228) to work on /opt/airflow/dags/flex_eau_pipeline.py
[2026-07-28T02:17:01.711+0000] {processor.py:914} INFO - Processing file /opt/airflow/dags/flex_eau_pipeline.py for tasks to queue
[2026-07-28T02:17:01.715+0000] {logging_mixin.py:190} INFO - [2026-07-28T02:17:01.714+0000] {dagbag.py:587} INFO - Filling up the DagBag from /opt/airflow/dags/flex_eau_pipeline.py
[2026-07-28T02:17:01.748+0000] {processor.py:925} INFO - DAG(s) 'flex_eau_pipeline' retrieved from /opt/airflow/dags/flex_eau_pipeline.py
[2026-07-28T02:17:01.795+0000] {logging_mixin.py:190} INFO - [2026-07-28T02:17:01.795+0000] {dag.py:3211} INFO - Sync 1 DAGs
[2026-07-28T02:17:01.828+0000] {logging_mixin.py:190} INFO - [2026-07-28T02:17:01.828+0000] {dag.py:4138} INFO - Setting next_dagrun for flex_eau_pipeline to 2026-07-28 00:00:00+00:00, run_after=2026-07-29 00:00:00+00:00
[2026-07-28T02:17:01.880+0000] {processor.py:208} INFO - Processing /opt/airflow/dags/flex_eau_pipeline.py took 0.184 seconds
[2026-07-28T02:17:32.399+0000] {processor.py:186} INFO - Started process (PID=5233) to work on /opt/airflow/dags/flex_eau_pipeline.py
[2026-07-28T02:17:32.401+0000] {processor.py:914} INFO - Processing file /opt/airflow/dags/flex_eau_pipeline.py for tasks to queue
[2026-07-28T02:17:32.405+0000] {logging_mixin.py:190} INFO - [2026-07-28T02:17:32.405+0000] {dagbag.py:587} INFO - Filling up the DagBag from /opt/airflow/dags/flex_eau_pipeline.py
[2026-07-28T02:17:32.482+0000] {processor.py:925} INFO - DAG(s) 'flex_eau_pipeline' retrieved from /opt/airflow/dags/flex_eau_pipeline.py
[2026-07-28T02:17:32.582+0000] {logging_mixin.py:190} INFO - [2026-07-28T02:17:32.582+0000] {dag.py:3211} INFO - Sync 1 DAGs
[2026-07-28T02:17:32.643+0000] {logging_mixin.py:190} INFO - [2026-07-28T02:17:32.642+0000] {dag.py:4138} INFO - Setting next_dagrun for flex_eau_pipeline to 2026-07-28 00:00:00+00:00, run_after=2026-07-29 00:00:00+00:00
[2026-07-28T02:17:32.694+0000] {processor.py:208} INFO - Processing /opt/airflow/dags/flex_eau_pipeline.py took 0.308 seconds
[2026-07-28T02:18:03.236+0000] {processor.py:186} INFO - Started process (PID=5238) to work on /opt/airflow/dags/flex_eau_pipeline.py
[2026-07-28T02:18:03.238+0000] {processor.py:914} INFO - Processing file /opt/airflow/dags/flex_eau_pipeline.py for tasks to queue
[2026-07-28T02:18:03.241+0000] {logging_mixin.py:190} INFO - [2026-07-28T02:18:03.240+0000] {dagbag.py:587} INFO - Filling up the DagBag from /opt/airflow/dags/flex_eau_pipeline.py
[2026-07-28T02:18:03.282+0000] {processor.py:925} INFO - DAG(s) 'flex_eau_pipeline' retrieved from /opt/airflow/dags/flex_eau_pipeline.py
[2026-07-28T02:18:03.333+0000] {logging_mixin.py:190} INFO - [2026-07-28T02:18:03.332+0000] {dag.py:3211} INFO - Sync 1 DAGs
[2026-07-28T02:18:03.383+0000] {logging_mixin.py:190} INFO - [2026-07-28T02:18:03.383+0000] {dag.py:4138} INFO - Setting next_dagrun for flex_eau_pipeline to 2026-07-28 00:00:00+00:00, run_after=2026-07-29 00:00:00+00:00
[2026-07-28T02:18:03.415+0000] {processor.py:208} INFO - Processing /opt/airflow/dags/flex_eau_pipeline.py took 0.188 seconds
[2026-07-28T02:18:34.054+0000] {processor.py:186} INFO - Started process (PID=5243) to work on /opt/airflow/dags/flex_eau_pipeline.py
[2026-07-28T02:18:34.056+0000] {processor.py:914} INFO - Processing file /opt/airflow/dags/flex_eau_pipeline.py for tasks to queue
[2026-07-28T02:18:34.060+0000] {logging_mixin.py:190} INFO - [2026-07-28T02:18:34.059+0000] {dagbag.py:587} INFO - Filling up the DagBag from /opt/airflow/dags/flex_eau_pipeline.py
[2026-07-28T02:18:34.092+0000] {processor.py:925} INFO - DAG(s) 'flex_eau_pipeline' retrieved from /opt/airflow/dags/flex_eau_pipeline.py
[2026-07-28T02:18:34.147+0000] {logging_mixin.py:190} INFO - [2026-07-28T02:18:34.147+0000] {dag.py:3211} INFO - Sync 1 DAGs
[2026-07-28T02:18:34.185+0000] {logging_mixin.py:190} INFO - [2026-07-28T02:18:34.185+0000] {dag.py:4138} INFO - Setting next_dagrun for flex_eau_pipeline to 2026-07-28 00:00:00+00:00, run_after=2026-07-29 00:00:00+00:00
[2026-07-28T02:18:34.225+0000] {processor.py:208} INFO - Processing /opt/airflow/dags/flex_eau_pipeline.py took 0.179 seconds
[2026-07-28T02:19:04.769+0000] {processor.py:186} INFO - Started process (PID=5248) to work on /opt/airflow/dags/flex_eau_pipeline.py
[2026-07-28T02:19:04.771+0000] {processor.py:914} INFO - Processing file /opt/airflow/dags/flex_eau_pipeline.py for tasks to queue
[2026-07-28T02:19:04.776+0000] {logging_mixin.py:190} INFO - [2026-07-28T02:19:04.776+0000] {dagbag.py:587} INFO - Filling up the DagBag from /opt/airflow/dags/flex_eau_pipeline.py
[2026-07-28T02:19:04.828+0000] {processor.py:925} INFO - DAG(s) 'flex_eau_pipeline' retrieved from /opt/airflow/dags/flex_eau_pipeline.py
[2026-07-28T02:19:04.897+0000] {logging_mixin.py:190} INFO - [2026-07-28T02:19:04.897+0000] {dag.py:3211} INFO - Sync 1 DAGs
[2026-07-28T02:19:04.931+0000] {logging_mixin.py:190} INFO - [2026-07-28T02:19:04.931+0000] {dag.py:4138} INFO - Setting next_dagrun for flex_eau_pipeline to 2026-07-28 00:00:00+00:00, run_after=2026-07-29 00:00:00+00:00
[2026-07-28T02:19:04.970+0000] {processor.py:208} INFO - Processing /opt/airflow/dags/flex_eau_pipeline.py took 0.220 seconds
[2026-07-28T02:19:35.602+0000] {processor.py:186} INFO - Started process (PID=5253) to work on /opt/airflow/dags/flex_eau_pipeline.py
[2026-07-28T02:19:35.604+0000] {processor.py:914} INFO - Processing file /opt/airflow/dags/flex_eau_pipeline.py for tasks to queue
[2026-07-28T02:19:35.607+0000] {logging_mixin.py:190} INFO - [2026-07-28T02:19:35.607+0000] {dagbag.py:587} INFO - Filling up the DagBag from /opt/airflow/dags/flex_eau_pipeline.py
[2026-07-28T02:19:35.644+0000] {processor.py:925} INFO - DAG(s) 'flex_eau_pipeline' retrieved from /opt/airflow/dags/flex_eau_pipeline.py
[2026-07-28T02:19:35.696+0000] {logging_mixin.py:190} INFO - [2026-07-28T02:19:35.695+0000] {dag.py:3211} INFO - Sync 1 DAGs
[2026-07-28T02:19:35.728+0000] {logging_mixin.py:190} INFO - [2026-07-28T02:19:35.727+0000] {dag.py:4138} INFO - Setting next_dagrun for flex_eau_pipeline to 2026-07-28 00:00:00+00:00, run_after=2026-07-29 00:00:00+00:00
[2026-07-28T02:19:35.757+0000] {processor.py:208} INFO - Processing /opt/airflow/dags/flex_eau_pipeline.py took 0.163 seconds
[2026-07-28T02:20:06.378+0000] {processor.py:186} INFO - Started process (PID=5258) to work on /opt/airflow/dags/flex_eau_pipeline.py
[2026-07-28T02:20:06.380+0000] {processor.py:914} INFO - Processing file /opt/airflow/dags/flex_eau_pipeline.py for tasks to queue
[2026-07-28T02:20:06.383+0000] {logging_mixin.py:190} INFO - [2026-07-28T02:20:06.383+0000] {dagbag.py:587} INFO - Filling up the DagBag from /opt/airflow/dags/flex_eau_pipeline.py
[2026-07-28T02:20:06.444+0000] {processor.py:925} INFO - DAG(s) 'flex_eau_pipeline' retrieved from /opt/airflow/dags/flex_eau_pipeline.py
[2026-07-28T02:20:06.502+0000] {logging_mixin.py:190} INFO - [2026-07-28T02:20:06.501+0000] {dag.py:3211} INFO - Sync 1 DAGs
[2026-07-28T02:20:06.532+0000] {logging_mixin.py:190} INFO - [2026-07-28T02:20:06.532+0000] {dag.py:4138} INFO - Setting next_dagrun for flex_eau_pipeline to 2026-07-28 00:00:00+00:00, run_after=2026-07-29 00:00:00+00:00
[2026-07-28T02:20:06.569+0000] {processor.py:208} INFO - Processing /opt/airflow/dags/flex_eau_pipeline.py took 0.201 seconds
[2026-07-28T02:20:37.030+0000] {processor.py:186} INFO - Started process (PID=5263) to work on /opt/airflow/dags/flex_eau_pipeline.py
[2026-07-28T02:20:37.032+0000] {processor.py:914} INFO - Processing file /opt/airflow/dags/flex_eau_pipeline.py for tasks to queue
[2026-07-28T02:20:37.035+0000] {logging_mixin.py:190} INFO - [2026-07-28T02:20:37.034+0000] {dagbag.py:587} INFO - Filling up the DagBag from /opt/airflow/dags/flex_eau_pipeline.py
[2026-07-28T02:20:37.076+0000] {processor.py:925} INFO - DAG(s) 'flex_eau_pipeline' retrieved from /opt/airflow/dags/flex_eau_pipeline.py
[2026-07-28T02:20:37.133+0000] {logging_mixin.py:190} INFO - [2026-07-28T02:20:37.133+0000] {dag.py:3211} INFO - Sync 1 DAGs
[2026-07-28T02:20:37.165+0000] {logging_mixin.py:190} INFO - [2026-07-28T02:20:37.165+0000] {dag.py:4138} INFO - Setting next_dagrun for flex_eau_pipeline to 2026-07-28 00:00:00+00:00, run_after=2026-07-29 00:00:00+00:00
[2026-07-28T02:20:37.206+0000] {processor.py:208} INFO - Processing /opt/airflow/dags/flex_eau_pipeline.py took 0.189 seconds
[2026-07-28T02:21:07.927+0000] {processor.py:186} INFO - Started process (PID=5268) to work on /opt/airflow/dags/flex_eau_pipeline.py
[2026-07-28T02:21:07.929+0000] {processor.py:914} INFO - Processing file /opt/airflow/dags/flex_eau_pipeline.py for tasks to queue
[2026-07-28T02:21:07.932+0000] {logging_mixin.py:190} INFO - [2026-07-28T02:21:07.931+0000] {dagbag.py:587} INFO - Filling up the DagBag from /opt/airflow/dags/flex_eau_pipeline.py
[2026-07-28T02:21:07.971+0000] {processor.py:925} INFO - DAG(s) 'flex_eau_pipeline' retrieved from /opt/airflow/dags/flex_eau_pipeline.py
[2026-07-28T02:21:08.029+0000] {logging_mixin.py:190} INFO - [2026-07-28T02:21:08.028+0000] {dag.py:3211} INFO - Sync 1 DAGs
[2026-07-28T02:21:08.070+0000] {logging_mixin.py:190} INFO - [2026-07-28T02:21:08.070+0000] {dag.py:4138} INFO - Setting next_dagrun for flex_eau_pipeline to 2026-07-28 00:00:00+00:00, run_after=2026-07-29 00:00:00+00:00
[2026-07-28T02:21:08.111+0000] {processor.py:208} INFO - Processing /opt/airflow/dags/flex_eau_pipeline.py took 0.193 seconds
[2026-07-28T02:21:38.633+0000] {processor.py:186} INFO - Started process (PID=5273) to work on /opt/airflow/dags/flex_eau_pipeline.py
[2026-07-28T02:21:38.635+0000] {processor.py:914} INFO - Processing file /opt/airflow/dags/flex_eau_pipeline.py for tasks to queue
[2026-07-28T02:21:38.640+0000] {logging_mixin.py:190} INFO - [2026-07-28T02:21:38.639+0000] {dagbag.py:587} INFO - Filling up the DagBag from /opt/airflow/dags/flex_eau_pipeline.py
[2026-07-28T02:21:38.703+0000] {processor.py:925} INFO - DAG(s) 'flex_eau_pipeline' retrieved from /opt/airflow/dags/flex_eau_pipeline.py
[2026-07-28T02:21:38.753+0000] {logging_mixin.py:190} INFO - [2026-07-28T02:21:38.752+0000] {dag.py:3211} INFO - Sync 1 DAGs
[2026-07-28T02:21:38.788+0000] {logging_mixin.py:190} INFO - [2026-07-28T02:21:38.788+0000] {dag.py:4138} INFO - Setting next_dagrun for flex_eau_pipeline to 2026-07-28 00:00:00+00:00, run_after=2026-07-29 00:00:00+00:00
[2026-07-28T02:21:38.834+0000] {processor.py:208} INFO - Processing /opt/airflow/dags/flex_eau_pipeline.py took 0.220 seconds
[2026-07-28T02:22:09.334+0000] {processor.py:186} INFO - Started process (PID=5278) to work on /opt/airflow/dags/flex_eau_pipeline.py
[2026-07-28T02:22:09.336+0000] {processor.py:914} INFO - Processing file /opt/airflow/dags/flex_eau_pipeline.py for tasks to queue
[2026-07-28T02:22:09.341+0000] {logging_mixin.py:190} INFO - [2026-07-28T02:22:09.341+0000] {dagbag.py:587} INFO - Filling up the DagBag from /opt/airflow/dags/flex_eau_pipeline.py
[2026-07-28T02:22:09.439+0000] {processor.py:925} INFO - DAG(s) 'flex_eau_pipeline' retrieved from /opt/airflow/dags/flex_eau_pipeline.py
[2026-07-28T02:22:09.527+0000] {logging_mixin.py:190} INFO - [2026-07-28T02:22:09.526+0000] {dag.py:3211} INFO - Sync 1 DAGs
[2026-07-28T02:22:09.597+0000] {logging_mixin.py:190} INFO - [2026-07-28T02:22:09.596+0000] {dag.py:4138} INFO - Setting next_dagrun for flex_eau_pipeline to 2026-07-28 00:00:00+00:00, run_after=2026-07-29 00:00:00+00:00
[2026-07-28T02:22:09.638+0000] {processor.py:208} INFO - Processing /opt/airflow/dags/flex_eau_pipeline.py took 0.320 seconds
[2026-07-28T02:22:40.226+0000] {processor.py:186} INFO - Started process (PID=5283) to work on /opt/airflow/dags/flex_eau_pipeline.py
[2026-07-28T02:22:40.228+0000] {processor.py:914} INFO - Processing file /opt/airflow/dags/flex_eau_pipeline.py for tasks to queue
[2026-07-28T02:22:40.232+0000] {logging_mixin.py:190} INFO - [2026-07-28T02:22:40.231+0000] {dagbag.py:587} INFO - Filling up the DagBag from /opt/airflow/dags/flex_eau_pipeline.py
[2026-07-28T02:22:40.289+0000] {processor.py:925} INFO - DAG(s) 'flex_eau_pipeline' retrieved from /opt/airflow/dags/flex_eau_pipeline.py
[2026-07-28T02:22:40.343+0000] {logging_mixin.py:190} INFO - [2026-07-28T02:22:40.343+0000] {dag.py:3211} INFO - Sync 1 DAGs
[2026-07-28T02:22:40.377+0000] {logging_mixin.py:190} INFO - [2026-07-28T02:22:40.377+0000] {dag.py:4138} INFO - Setting next_dagrun for flex_eau_pipeline to 2026-07-28 00:00:00+00:00, run_after=2026-07-29 00:00:00+00:00
[2026-07-28T02:22:40.418+0000] {processor.py:208} INFO - Processing /opt/airflow/dags/flex_eau_pipeline.py took 0.201 seconds
[2026-07-28T02:23:10.922+0000] {processor.py:186} INFO - Started process (PID=5288) to work on /opt/airflow/dags/flex_eau_pipeline.py
[2026-07-28T02:23:10.925+0000] {processor.py:914} INFO - Processing file /opt/airflow/dags/flex_eau_pipeline.py for tasks to queue
[2026-07-28T02:23:10.928+0000] {logging_mixin.py:190} INFO - [2026-07-28T02:23:10.928+0000] {dagbag.py:587} INFO - Filling up the DagBag from /opt/airflow/dags/flex_eau_pipeline.py
[2026-07-28T02:23:10.983+0000] {processor.py:925} INFO - DAG(s) 'flex_eau_pipeline' retrieved from /opt/airflow/dags/flex_eau_pipeline.py
[2026-07-28T02:23:11.029+0000] {logging_mixin.py:190} INFO - [2026-07-28T02:23:11.029+0000] {dag.py:3211} INFO - Sync 1 DAGs
[2026-07-28T02:23:11.085+0000] {logging_mixin.py:190} INFO - [2026-07-28T02:23:11.085+0000] {dag.py:4138} INFO - Setting next_dagrun for flex_eau_pipeline to 2026-07-28 00:00:00+00:00, run_after=2026-07-29 00:00:00+00:00
[2026-07-28T02:23:11.131+0000] {processor.py:208} INFO - Processing /opt/airflow/dags/flex_eau_pipeline.py took 0.221 seconds
[2026-07-28T02:23:41.726+0000] {processor.py:186} INFO - Started process (PID=5293) to work on /opt/airflow/dags/flex_eau_pipeline.py
[2026-07-28T02:23:41.728+0000] {processor.py:914} INFO - Processing file /opt/airflow/dags/flex_eau_pipeline.py for tasks to queue
[2026-07-28T02:23:41.732+0000] {logging_mixin.py:190} INFO - [2026-07-28T02:23:41.732+0000] {dagbag.py:587} INFO - Filling up the DagBag from /opt/airflow/dags/flex_eau_pipeline.py
[2026-07-28T02:23:41.776+0000] {processor.py:925} INFO - DAG(s) 'flex_eau_pipeline' retrieved from /opt/airflow/dags/flex_eau_pipeline.py
[2026-07-28T02:23:41.850+0000] {logging_mixin.py:190} INFO - [2026-07-28T02:23:41.849+0000] {dag.py:3211} INFO - Sync 1 DAGs
[2026-07-28T02:23:41.899+0000] {logging_mixin.py:190} INFO - [2026-07-28T02:23:41.898+0000] {dag.py:4138} INFO - Setting next_dagrun for flex_eau_pipeline to 2026-07-28 00:00:00+00:00, run_after=2026-07-29 00:00:00+00:00
[2026-07-28T02:23:41.949+0000] {processor.py:208} INFO - Processing /opt/airflow/dags/flex_eau_pipeline.py took 0.231 seconds
[2026-07-28T02:24:12.373+0000] {processor.py:186} INFO - Started process (PID=5298) to work on /opt/airflow/dags/flex_eau_pipeline.py
[2026-07-28T02:24:12.375+0000] {processor.py:914} INFO - Processing file /opt/airflow/dags/flex_eau_pipeline.py for tasks to queue
[2026-07-28T02:24:12.379+0000] {logging_mixin.py:190} INFO - [2026-07-28T02:24:12.378+0000] {dagbag.py:587} INFO - Filling up the DagBag from /opt/airflow/dags/flex_eau_pipeline.py
[2026-07-28T02:24:12.447+0000] {processor.py:925} INFO - DAG(s) 'flex_eau_pipeline' retrieved from /opt/airflow/dags/flex_eau_pipeline.py
[2026-07-28T02:24:12.508+0000] {logging_mixin.py:190} INFO - [2026-07-28T02:24:12.508+0000] {dag.py:3211} INFO - Sync 1 DAGs
[2026-07-28T02:24:12.541+0000] {logging_mixin.py:190} INFO - [2026-07-28T02:24:12.541+0000] {dag.py:4138} INFO - Setting next_dagrun for flex_eau_pipeline to 2026-07-28 00:00:00+00:00, run_after=2026-07-29 00:00:00+00:00
[2026-07-28T02:24:12.575+0000] {processor.py:208} INFO - Processing /opt/airflow/dags/flex_eau_pipeline.py took 0.215 seconds
[2026-07-28T02:24:43.324+0000] {processor.py:186} INFO - Started process (PID=5303) to work on /opt/airflow/dags/flex_eau_pipeline.py
[2026-07-28T02:24:43.327+0000] {processor.py:914} INFO - Processing file /opt/airflow/dags/flex_eau_pipeline.py for tasks to queue
[2026-07-28T02:24:43.333+0000] {logging_mixin.py:190} INFO - [2026-07-28T02:24:43.333+0000] {dagbag.py:587} INFO - Filling up the DagBag from /opt/airflow/dags/flex_eau_pipeline.py
[2026-07-28T02:24:43.409+0000] {processor.py:925} INFO - DAG(s) 'flex_eau_pipeline' retrieved from /opt/airflow/dags/flex_eau_pipeline.py
[2026-07-28T02:24:43.522+0000] {logging_mixin.py:190} INFO - [2026-07-28T02:24:43.521+0000] {dag.py:3211} INFO - Sync 1 DAGs
[2026-07-28T02:24:43.595+0000] {logging_mixin.py:190} INFO - [2026-07-28T02:24:43.595+0000] {dag.py:4138} INFO - Setting next_dagrun for flex_eau_pipeline to 2026-07-28 00:00:00+00:00, run_after=2026-07-29 00:00:00+00:00
[2026-07-28T02:24:43.654+0000] {processor.py:208} INFO - Processing /opt/airflow/dags/flex_eau_pipeline.py took 0.347 seconds
[2026-07-28T02:25:14.009+0000] {processor.py:186} INFO - Started process (PID=5308) to work on /opt/airflow/dags/flex_eau_pipeline.py
[2026-07-28T02:25:14.011+0000] {processor.py:914} INFO - Processing file /opt/airflow/dags/flex_eau_pipeline.py for tasks to queue
[2026-07-28T02:25:14.014+0000] {logging_mixin.py:190} INFO - [2026-07-28T02:25:14.014+0000] {dagbag.py:587} INFO - Filling up the DagBag from /opt/airflow/dags/flex_eau_pipeline.py
[2026-07-28T02:25:14.053+0000] {processor.py:925} INFO - DAG(s) 'flex_eau_pipeline' retrieved from /opt/airflow/dags/flex_eau_pipeline.py
[2026-07-28T02:25:14.108+0000] {logging_mixin.py:190} INFO - [2026-07-28T02:25:14.108+0000] {dag.py:3211} INFO - Sync 1 DAGs
[2026-07-28T02:25:14.150+0000] {logging_mixin.py:190} INFO - [2026-07-28T02:25:14.150+0000] {dag.py:4138} INFO - Setting next_dagrun for flex_eau_pipeline to 2026-07-28 00:00:00+00:00, run_after=2026-07-29 00:00:00+00:00
[2026-07-28T02:25:14.182+0000] {processor.py:208} INFO - Processing /opt/airflow/dags/flex_eau_pipeline.py took 0.182 seconds
[2026-07-28T02:25:44.653+0000] {processor.py:186} INFO - Started process (PID=5313) to work on /opt/airflow/dags/flex_eau_pipeline.py
[2026-07-28T02:25:44.655+0000] {processor.py:914} INFO - Processing file /opt/airflow/dags/flex_eau_pipeline.py for tasks to queue
[2026-07-28T02:25:44.659+0000] {logging_mixin.py:190} INFO - [2026-07-28T02:25:44.659+0000] {dagbag.py:587} INFO - Filling up the DagBag from /opt/airflow/dags/flex_eau_pipeline.py
[2026-07-28T02:25:44.709+0000] {processor.py:925} INFO - DAG(s) 'flex_eau_pipeline' retrieved from /opt/airflow/dags/flex_eau_pipeline.py
[2026-07-28T02:25:44.761+0000] {logging_mixin.py:190} INFO - [2026-07-28T02:25:44.760+0000] {dag.py:3211} INFO - Sync 1 DAGs
[2026-07-28T02:25:44.793+0000] {logging_mixin.py:190} INFO - [2026-07-28T02:25:44.793+0000] {dag.py:4138} INFO - Setting next_dagrun for flex_eau_pipeline to 2026-07-28 00:00:00+00:00, run_after=2026-07-29 00:00:00+00:00
[2026-07-28T02:25:44.820+0000] {processor.py:208} INFO - Processing /opt/airflow/dags/flex_eau_pipeline.py took 0.185 seconds
[2026-07-28T02:26:15.651+0000] {processor.py:186} INFO - Started process (PID=5318) to work on /opt/airflow/dags/flex_eau_pipeline.py
[2026-07-28T02:26:15.654+0000] {processor.py:914} INFO - Processing file /opt/airflow/dags/flex_eau_pipeline.py for tasks to queue
[2026-07-28T02:26:15.658+0000] {logging_mixin.py:190} INFO - [2026-07-28T02:26:15.658+0000] {dagbag.py:587} INFO - Filling up the DagBag from /opt/airflow/dags/flex_eau_pipeline.py
[2026-07-28T02:26:15.695+0000] {processor.py:925} INFO - DAG(s) 'flex_eau_pipeline' retrieved from /opt/airflow/dags/flex_eau_pipeline.py
[2026-07-28T02:26:15.755+0000] {logging_mixin.py:190} INFO - [2026-07-28T02:26:15.754+0000] {dag.py:3211} INFO - Sync 1 DAGs
[2026-07-28T02:26:15.818+0000] {logging_mixin.py:190} INFO - [2026-07-28T02:26:15.817+0000] {dag.py:4138} INFO - Setting next_dagrun for flex_eau_pipeline to 2026-07-28 00:00:00+00:00, run_after=2026-07-29 00:00:00+00:00
[2026-07-28T02:26:15.849+0000] {processor.py:208} INFO - Processing /opt/airflow/dags/flex_eau_pipeline.py took 0.207 seconds
[2026-07-28T02:26:46.316+0000] {processor.py:186} INFO - Started process (PID=5323) to work on /opt/airflow/dags/flex_eau_pipeline.py
[2026-07-28T02:26:46.318+0000] {processor.py:914} INFO - Processing file /opt/airflow/dags/flex_eau_pipeline.py for tasks to queue
[2026-07-28T02:26:46.322+0000] {logging_mixin.py:190} INFO - [2026-07-28T02:26:46.322+0000] {dagbag.py:587} INFO - Filling up the DagBag from /opt/airflow/dags/flex_eau_pipeline.py
[2026-07-28T02:26:46.365+0000] {processor.py:925} INFO - DAG(s) 'flex_eau_pipeline' retrieved from /opt/airflow/dags/flex_eau_pipeline.py
[2026-07-28T02:26:46.426+0000] {logging_mixin.py:190} INFO - [2026-07-28T02:26:46.426+0000] {dag.py:3211} INFO - Sync 1 DAGs
[2026-07-28T02:26:46.463+0000] {logging_mixin.py:190} INFO - [2026-07-28T02:26:46.462+0000] {dag.py:4138} INFO - Setting next_dagrun for flex_eau_pipeline to 2026-07-28 00:00:00+00:00, run_after=2026-07-29 00:00:00+00:00
[2026-07-28T02:26:46.494+0000] {processor.py:208} INFO - Processing /opt/airflow/dags/flex_eau_pipeline.py took 0.191 seconds
[2026-07-28T02:27:17.051+0000] {processor.py:186} INFO - Started process (PID=5328) to work on /opt/airflow/dags/flex_eau_pipeline.py
[2026-07-28T02:27:17.053+0000] {processor.py:914} INFO - Processing file /opt/airflow/dags/flex_eau_pipeline.py for tasks to queue
[2026-07-28T02:27:17.059+0000] {logging_mixin.py:190} INFO - [2026-07-28T02:27:17.059+0000] {dagbag.py:587} INFO - Filling up the DagBag from /opt/airflow/dags/flex_eau_pipeline.py
[2026-07-28T02:27:17.108+0000] {processor.py:925} INFO - DAG(s) 'flex_eau_pipeline' retrieved from /opt/airflow/dags/flex_eau_pipeline.py
[2026-07-28T02:27:17.155+0000] {logging_mixin.py:190} INFO - [2026-07-28T02:27:17.155+0000] {dag.py:3211} INFO - Sync 1 DAGs
[2026-07-28T02:27:17.194+0000] {logging_mixin.py:190} INFO - [2026-07-28T02:27:17.193+0000] {dag.py:4138} INFO - Setting next_dagrun for flex_eau_pipeline to 2026-07-28 00:00:00+00:00, run_after=2026-07-29 00:00:00+00:00
[2026-07-28T02:27:17.221+0000] {processor.py:208} INFO - Processing /opt/airflow/dags/flex_eau_pipeline.py took 0.189 seconds
[2026-07-28T02:27:47.657+0000] {processor.py:186} INFO - Started process (PID=5333) to work on /opt/airflow/dags/flex_eau_pipeline.py
[2026-07-28T02:27:47.660+0000] {processor.py:914} INFO - Processing file /opt/airflow/dags/flex_eau_pipeline.py for tasks to queue
[2026-07-28T02:27:47.664+0000] {logging_mixin.py:190} INFO - [2026-07-28T02:27:47.663+0000] {dagbag.py:587} INFO - Filling up the DagBag from /opt/airflow/dags/flex_eau_pipeline.py
[2026-07-28T02:27:47.704+0000] {processor.py:925} INFO - DAG(s) 'flex_eau_pipeline' retrieved from /opt/airflow/dags/flex_eau_pipeline.py
[2026-07-28T02:27:47.760+0000] {logging_mixin.py:190} INFO - [2026-07-28T02:27:47.760+0000] {dag.py:3211} INFO - Sync 1 DAGs
[2026-07-28T02:27:47.799+0000] {logging_mixin.py:190} INFO - [2026-07-28T02:27:47.798+0000] {dag.py:4138} INFO - Setting next_dagrun for flex_eau_pipeline to 2026-07-28 00:00:00+00:00, run_after=2026-07-29 00:00:00+00:00
[2026-07-28T02:27:47.837+0000] {processor.py:208} INFO - Processing /opt/airflow/dags/flex_eau_pipeline.py took 0.193 seconds
[2026-07-28T02:28:18.452+0000] {processor.py:186} INFO - Started process (PID=5338) to work on /opt/airflow/dags/flex_eau_pipeline.py
[2026-07-28T02:28:18.455+0000] {processor.py:914} INFO - Processing file /opt/airflow/dags/flex_eau_pipeline.py for tasks to queue
[2026-07-28T02:28:18.464+0000] {logging_mixin.py:190} INFO - [2026-07-28T02:28:18.463+0000] {dagbag.py:587} INFO - Filling up the DagBag from /opt/airflow/dags/flex_eau_pipeline.py
[2026-07-28T02:28:18.535+0000] {processor.py:925} INFO - DAG(s) 'flex_eau_pipeline' retrieved from /opt/airflow/dags/flex_eau_pipeline.py
[2026-07-28T02:28:18.629+0000] {logging_mixin.py:190} INFO - [2026-07-28T02:28:18.628+0000] {dag.py:3211} INFO - Sync 1 DAGs
[2026-07-28T02:28:18.708+0000] {logging_mixin.py:190} INFO - [2026-07-28T02:28:18.708+0000] {dag.py:4138} INFO - Setting next_dagrun for flex_eau_pipeline to 2026-07-28 00:00:00+00:00, run_after=2026-07-29 00:00:00+00:00
[2026-07-28T02:28:18.764+0000] {processor.py:208} INFO - Processing /opt/airflow/dags/flex_eau_pipeline.py took 0.337 seconds
[2026-07-28T02:28:49.154+0000] {processor.py:186} INFO - Started process (PID=5343) to work on /opt/airflow/dags/flex_eau_pipeline.py
[2026-07-28T02:28:49.157+0000] {processor.py:914} INFO - Processing file /opt/airflow/dags/flex_eau_pipeline.py for tasks to queue
[2026-07-28T02:28:49.161+0000] {logging_mixin.py:190} INFO - [2026-07-28T02:28:49.161+0000] {dagbag.py:587} INFO - Filling up the DagBag from /opt/airflow/dags/flex_eau_pipeline.py
[2026-07-28T02:28:49.209+0000] {processor.py:925} INFO - DAG(s) 'flex_eau_pipeline' retrieved from /opt/airflow/dags/flex_eau_pipeline.py
[2026-07-28T02:28:49.277+0000] {logging_mixin.py:190} INFO - [2026-07-28T02:28:49.277+0000] {dag.py:3211} INFO - Sync 1 DAGs
[2026-07-28T02:28:49.341+0000] {logging_mixin.py:190} INFO - [2026-07-28T02:28:49.340+0000] {dag.py:4138} INFO - Setting next_dagrun for flex_eau_pipeline to 2026-07-28 00:00:00+00:00, run_after=2026-07-29 00:00:00+00:00
[2026-07-28T02:28:49.434+0000] {processor.py:208} INFO - Processing /opt/airflow/dags/flex_eau_pipeline.py took 0.296 seconds
[2026-07-28T02:29:20.019+0000] {processor.py:186} INFO - Started process (PID=5348) to work on /opt/airflow/dags/flex_eau_pipeline.py
[2026-07-28T02:29:20.022+0000] {processor.py:914} INFO - Processing file /opt/airflow/dags/flex_eau_pipeline.py for tasks to queue
[2026-07-28T02:29:20.028+0000] {logging_mixin.py:190} INFO - [2026-07-28T02:29:20.027+0000] {dagbag.py:587} INFO - Filling up the DagBag from /opt/airflow/dags/flex_eau_pipeline.py
[2026-07-28T02:29:20.089+0000] {processor.py:925} INFO - DAG(s) 'flex_eau_pipeline' retrieved from /opt/airflow/dags/flex_eau_pipeline.py
[2026-07-28T02:29:20.169+0000] {logging_mixin.py:190} INFO - [2026-07-28T02:29:20.168+0000] {dag.py:3211} INFO - Sync 1 DAGs
[2026-07-28T02:29:20.211+0000] {logging_mixin.py:190} INFO - [2026-07-28T02:29:20.211+0000] {dag.py:4138} INFO - Setting next_dagrun for flex_eau_pipeline to 2026-07-28 00:00:00+00:00, run_after=2026-07-29 00:00:00+00:00
[2026-07-28T02:29:20.248+0000] {processor.py:208} INFO - Processing /opt/airflow/dags/flex_eau_pipeline.py took 0.250 seconds
[2026-07-28T02:29:50.830+0000] {processor.py:186} INFO - Started process (PID=5353) to work on /opt/airflow/dags/flex_eau_pipeline.py
[2026-07-28T02:29:50.832+0000] {processor.py:914} INFO - Processing file /opt/airflow/dags/flex_eau_pipeline.py for tasks to queue
[2026-07-28T02:29:50.836+0000] {logging_mixin.py:190} INFO - [2026-07-28T02:29:50.836+0000] {dagbag.py:587} INFO - Filling up the DagBag from /opt/airflow/dags/flex_eau_pipeline.py
[2026-07-28T02:29:50.876+0000] {processor.py:925} INFO - DAG(s) 'flex_eau_pipeline' retrieved from /opt/airflow/dags/flex_eau_pipeline.py
[2026-07-28T02:29:50.925+0000] {logging_mixin.py:190} INFO - [2026-07-28T02:29:50.924+0000] {dag.py:3211} INFO - Sync 1 DAGs
[2026-07-28T02:29:50.958+0000] {logging_mixin.py:190} INFO - [2026-07-28T02:29:50.958+0000] {dag.py:4138} INFO - Setting next_dagrun for flex_eau_pipeline to 2026-07-28 00:00:00+00:00, run_after=2026-07-29 00:00:00+00:00
[2026-07-28T02:29:50.985+0000] {processor.py:208} INFO - Processing /opt/airflow/dags/flex_eau_pipeline.py took 0.168 seconds
[2026-07-28T02:30:21.683+0000] {processor.py:186} INFO - Started process (PID=5358) to work on /opt/airflow/dags/flex_eau_pipeline.py
[2026-07-28T02:30:21.754+0000] {processor.py:914} INFO - Processing file /opt/airflow/dags/flex_eau_pipeline.py for tasks to queue
[2026-07-28T02:30:21.758+0000] {logging_mixin.py:190} INFO - [2026-07-28T02:30:21.757+0000] {dagbag.py:587} INFO - Filling up the DagBag from /opt/airflow/dags/flex_eau_pipeline.py
[2026-07-28T02:30:21.791+0000] {processor.py:925} INFO - DAG(s) 'flex_eau_pipeline' retrieved from /opt/airflow/dags/flex_eau_pipeline.py
[2026-07-28T02:30:21.840+0000] {logging_mixin.py:190} INFO - [2026-07-28T02:30:21.840+0000] {dag.py:3211} INFO - Sync 1 DAGs
[2026-07-28T02:30:21.886+0000] {logging_mixin.py:190} INFO - [2026-07-28T02:30:21.885+0000] {dag.py:4138} INFO - Setting next_dagrun for flex_eau_pipeline to 2026-07-28 00:00:00+00:00, run_after=2026-07-29 00:00:00+00:00
[2026-07-28T02:30:21.925+0000] {processor.py:208} INFO - Processing /opt/airflow/dags/flex_eau_pipeline.py took 0.181 seconds
[2026-07-28T02:30:52.639+0000] {processor.py:186} INFO - Started process (PID=5363) to work on /opt/airflow/dags/flex_eau_pipeline.py
[2026-07-28T02:30:52.642+0000] {processor.py:914} INFO - Processing file /opt/airflow/dags/flex_eau_pipeline.py for tasks to queue
[2026-07-28T02:30:52.648+0000] {logging_mixin.py:190} INFO - [2026-07-28T02:30:52.647+0000] {dagbag.py:587} INFO - Filling up the DagBag from /opt/airflow/dags/flex_eau_pipeline.py
[2026-07-28T02:30:52.703+0000] {processor.py:925} INFO - DAG(s) 'flex_eau_pipeline' retrieved from /opt/airflow/dags/flex_eau_pipeline.py
[2026-07-28T02:30:52.801+0000] {logging_mixin.py:190} INFO - [2026-07-28T02:30:52.801+0000] {dag.py:3211} INFO - Sync 1 DAGs
[2026-07-28T02:30:52.875+0000] {logging_mixin.py:190} INFO - [2026-07-28T02:30:52.875+0000] {dag.py:4138} INFO - Setting next_dagrun for flex_eau_pipeline to 2026-07-28 00:00:00+00:00, run_after=2026-07-29 00:00:00+00:00
[2026-07-28T02:30:52.935+0000] {processor.py:208} INFO - Processing /opt/airflow/dags/flex_eau_pipeline.py took 0.334 seconds
[2026-07-28T02:31:23.415+0000] {processor.py:186} INFO - Started process (PID=5368) to work on /opt/airflow/dags/flex_eau_pipeline.py
[2026-07-28T02:31:23.417+0000] {processor.py:914} INFO - Processing file /opt/airflow/dags/flex_eau_pipeline.py for tasks to queue
[2026-07-28T02:31:23.422+0000] {logging_mixin.py:190} INFO - [2026-07-28T02:31:23.421+0000] {dagbag.py:587} INFO - Filling up the DagBag from /opt/airflow/dags/flex_eau_pipeline.py
[2026-07-28T02:31:23.472+0000] {processor.py:925} INFO - DAG(s) 'flex_eau_pipeline' retrieved from /opt/airflow/dags/flex_eau_pipeline.py
[2026-07-28T02:31:23.534+0000] {logging_mixin.py:190} INFO - [2026-07-28T02:31:23.534+0000] {dag.py:3211} INFO - Sync 1 DAGs
[2026-07-28T02:31:23.574+0000] {logging_mixin.py:190} INFO - [2026-07-28T02:31:23.574+0000] {dag.py:4138} INFO - Setting next_dagrun for flex_eau_pipeline to 2026-07-28 00:00:00+00:00, run_after=2026-07-29 00:00:00+00:00
[2026-07-28T02:31:23.610+0000] {processor.py:208} INFO - Processing /opt/airflow/dags/flex_eau_pipeline.py took 0.205 seconds
[2026-07-28T02:31:54.460+0000] {processor.py:186} INFO - Started process (PID=5373) to work on /opt/airflow/dags/flex_eau_pipeline.py
[2026-07-28T02:31:54.462+0000] {processor.py:914} INFO - Processing file /opt/airflow/dags/flex_eau_pipeline.py for tasks to queue
[2026-07-28T02:31:54.468+0000] {logging_mixin.py:190} INFO - [2026-07-28T02:31:54.467+0000] {dagbag.py:587} INFO - Filling up the DagBag from /opt/airflow/dags/flex_eau_pipeline.py
[2026-07-28T02:31:54.525+0000] {processor.py:925} INFO - DAG(s) 'flex_eau_pipeline' retrieved from /opt/airflow/dags/flex_eau_pipeline.py
[2026-07-28T02:31:54.582+0000] {logging_mixin.py:190} INFO - [2026-07-28T02:31:54.582+0000] {dag.py:3211} INFO - Sync 1 DAGs
[2026-07-28T02:31:54.620+0000] {logging_mixin.py:190} INFO - [2026-07-28T02:31:54.620+0000] {dag.py:4138} INFO - Setting next_dagrun for flex_eau_pipeline to 2026-07-28 00:00:00+00:00, run_after=2026-07-29 00:00:00+00:00
[2026-07-28T02:31:54.673+0000] {processor.py:208} INFO - Processing /opt/airflow/dags/flex_eau_pipeline.py took 0.227 seconds
[2026-07-28T02:32:25.144+0000] {processor.py:186} INFO - Started process (PID=5378) to work on /opt/airflow/dags/flex_eau_pipeline.py
[2026-07-28T02:32:25.147+0000] {processor.py:914} INFO - Processing file /opt/airflow/dags/flex_eau_pipeline.py for tasks to queue
[2026-07-28T02:32:25.152+0000] {logging_mixin.py:190} INFO - [2026-07-28T02:32:25.151+0000] {dagbag.py:587} INFO - Filling up the DagBag from /opt/airflow/dags/flex_eau_pipeline.py
[2026-07-28T02:32:25.190+0000] {processor.py:925} INFO - DAG(s) 'flex_eau_pipeline' retrieved from /opt/airflow/dags/flex_eau_pipeline.py
[2026-07-28T02:32:25.237+0000] {logging_mixin.py:190} INFO - [2026-07-28T02:32:25.237+0000] {dag.py:3211} INFO - Sync 1 DAGs
[2026-07-28T02:32:25.271+0000] {logging_mixin.py:190} INFO - [2026-07-28T02:32:25.270+0000] {dag.py:4138} INFO - Setting next_dagrun for flex_eau_pipeline to 2026-07-28 00:00:00+00:00, run_after=2026-07-29 00:00:00+00:00
[2026-07-28T02:32:25.303+0000] {processor.py:208} INFO - Processing /opt/airflow/dags/flex_eau_pipeline.py took 0.176 seconds
[2026-07-28T02:32:55.763+0000] {processor.py:186} INFO - Started process (PID=5383) to work on /opt/airflow/dags/flex_eau_pipeline.py
[2026-07-28T02:32:55.765+0000] {processor.py:914} INFO - Processing file /opt/airflow/dags/flex_eau_pipeline.py for tasks to queue
[2026-07-28T02:32:55.773+0000] {logging_mixin.py:190} INFO - [2026-07-28T02:32:55.772+0000] {dagbag.py:587} INFO - Filling up the DagBag from /opt/airflow/dags/flex_eau_pipeline.py
[2026-07-28T02:32:55.835+0000] {processor.py:925} INFO - DAG(s) 'flex_eau_pipeline' retrieved from /opt/airflow/dags/flex_eau_pipeline.py
[2026-07-28T02:32:55.899+0000] {logging_mixin.py:190} INFO - [2026-07-28T02:32:55.899+0000] {dag.py:3211} INFO - Sync 1 DAGs
[2026-07-28T02:32:55.935+0000] {logging_mixin.py:190} INFO - [2026-07-28T02:32:55.935+0000] {dag.py:4138} INFO - Setting next_dagrun for flex_eau_pipeline to 2026-07-28 00:00:00+00:00, run_after=2026-07-29 00:00:00+00:00
[2026-07-28T02:32:55.967+0000] {processor.py:208} INFO - Processing /opt/airflow/dags/flex_eau_pipeline.py took 0.221 seconds
[2026-07-28T02:33:26.478+0000] {processor.py:186} INFO - Started process (PID=5388) to work on /opt/airflow/dags/flex_eau_pipeline.py
[2026-07-28T02:33:26.479+0000] {processor.py:914} INFO - Processing file /opt/airflow/dags/flex_eau_pipeline.py for tasks to queue
[2026-07-28T02:33:26.483+0000] {logging_mixin.py:190} INFO - [2026-07-28T02:33:26.482+0000] {dagbag.py:587} INFO - Filling up the DagBag from /opt/airflow/dags/flex_eau_pipeline.py
[2026-07-28T02:33:26.513+0000] {processor.py:925} INFO - DAG(s) 'flex_eau_pipeline' retrieved from /opt/airflow/dags/flex_eau_pipeline.py
[2026-07-28T02:33:26.562+0000] {logging_mixin.py:190} INFO - [2026-07-28T02:33:26.562+0000] {dag.py:3211} INFO - Sync 1 DAGs
[2026-07-28T02:33:26.596+0000] {logging_mixin.py:190} INFO - [2026-07-28T02:33:26.596+0000] {dag.py:4138} INFO - Setting next_dagrun for flex_eau_pipeline to 2026-07-28 00:00:00+00:00, run_after=2026-07-29 00:00:00+00:00
[2026-07-28T02:33:26.636+0000] {processor.py:208} INFO - Processing /opt/airflow/dags/flex_eau_pipeline.py took 0.167 seconds
[2026-07-28T02:33:57.301+0000] {processor.py:186} INFO - Started process (PID=5393) to work on /opt/airflow/dags/flex_eau_pipeline.py
[2026-07-28T02:33:57.303+0000] {processor.py:914} INFO - Processing file /opt/airflow/dags/flex_eau_pipeline.py for tasks to queue
[2026-07-28T02:33:57.306+0000] {logging_mixin.py:190} INFO - [2026-07-28T02:33:57.305+0000] {dagbag.py:587} INFO - Filling up the DagBag from /opt/airflow/dags/flex_eau_pipeline.py
[2026-07-28T02:33:57.340+0000] {processor.py:925} INFO - DAG(s) 'flex_eau_pipeline' retrieved from /opt/airflow/dags/flex_eau_pipeline.py
[2026-07-28T02:33:57.385+0000] {logging_mixin.py:190} INFO - [2026-07-28T02:33:57.385+0000] {dag.py:3211} INFO - Sync 1 DAGs
[2026-07-28T02:33:57.425+0000] {logging_mixin.py:190} INFO - [2026-07-28T02:33:57.424+0000] {dag.py:4138} INFO - Setting next_dagrun for flex_eau_pipeline to 2026-07-28 00:00:00+00:00, run_after=2026-07-29 00:00:00+00:00
[2026-07-28T02:33:57.462+0000] {processor.py:208} INFO - Processing /opt/airflow/dags/flex_eau_pipeline.py took 0.168 seconds
[2026-07-28T02:34:28.065+0000] {processor.py:186} INFO - Started process (PID=5398) to work on /opt/airflow/dags/flex_eau_pipeline.py
[2026-07-28T02:34:28.068+0000] {processor.py:914} INFO - Processing file /opt/airflow/dags/flex_eau_pipeline.py for tasks to queue
[2026-07-28T02:34:28.074+0000] {logging_mixin.py:190} INFO - [2026-07-28T02:34:28.073+0000] {dagbag.py:587} INFO - Filling up the DagBag from /opt/airflow/dags/flex_eau_pipeline.py
[2026-07-28T02:34:28.134+0000] {processor.py:925} INFO - DAG(s) 'flex_eau_pipeline' retrieved from /opt/airflow/dags/flex_eau_pipeline.py
[2026-07-28T02:34:28.210+0000] {logging_mixin.py:190} INFO - [2026-07-28T02:34:28.210+0000] {dag.py:3211} INFO - Sync 1 DAGs
[2026-07-28T02:34:28.259+0000] {logging_mixin.py:190} INFO - [2026-07-28T02:34:28.258+0000] {dag.py:4138} INFO - Setting next_dagrun for flex_eau_pipeline to 2026-07-28 00:00:00+00:00, run_after=2026-07-29 00:00:00+00:00
[2026-07-28T02:34:28.292+0000] {processor.py:208} INFO - Processing /opt/airflow/dags/flex_eau_pipeline.py took 0.243 seconds
[2026-07-28T02:34:58.884+0000] {processor.py:186} INFO - Started process (PID=5403) to work on /opt/airflow/dags/flex_eau_pipeline.py
[2026-07-28T02:34:58.888+0000] {processor.py:914} INFO - Processing file /opt/airflow/dags/flex_eau_pipeline.py for tasks to queue
[2026-07-28T02:34:58.896+0000] {logging_mixin.py:190} INFO - [2026-07-28T02:34:58.895+0000] {dagbag.py:587} INFO - Filling up the DagBag from /opt/airflow/dags/flex_eau_pipeline.py
[2026-07-28T02:34:58.984+0000] {processor.py:925} INFO - DAG(s) 'flex_eau_pipeline' retrieved from /opt/airflow/dags/flex_eau_pipeline.py
[2026-07-28T02:34:59.096+0000] {logging_mixin.py:190} INFO - [2026-07-28T02:34:59.095+0000] {dag.py:3211} INFO - Sync 1 DAGs
[2026-07-28T02:34:59.164+0000] {logging_mixin.py:190} INFO - [2026-07-28T02:34:59.163+0000] {dag.py:4138} INFO - Setting next_dagrun for flex_eau_pipeline to 2026-07-28 00:00:00+00:00, run_after=2026-07-29 00:00:00+00:00
[2026-07-28T02:34:59.219+0000] {processor.py:208} INFO - Processing /opt/airflow/dags/flex_eau_pipeline.py took 0.355 seconds
[2026-07-28T02:35:29.597+0000] {processor.py:186} INFO - Started process (PID=5408) to work on /opt/airflow/dags/flex_eau_pipeline.py
[2026-07-28T02:35:29.600+0000] {processor.py:914} INFO - Processing file /opt/airflow/dags/flex_eau_pipeline.py for tasks to queue
[2026-07-28T02:35:29.605+0000] {logging_mixin.py:190} INFO - [2026-07-28T02:35:29.604+0000] {dagbag.py:587} INFO - Filling up the DagBag from /opt/airflow/dags/flex_eau_pipeline.py
[2026-07-28T02:35:29.650+0000] {processor.py:925} INFO - DAG(s) 'flex_eau_pipeline' retrieved from /opt/airflow/dags/flex_eau_pipeline.py
[2026-07-28T02:35:29.724+0000] {logging_mixin.py:190} INFO - [2026-07-28T02:35:29.724+0000] {dag.py:3211} INFO - Sync 1 DAGs
[2026-07-28T02:35:29.758+0000] {logging_mixin.py:190} INFO - [2026-07-28T02:35:29.758+0000] {dag.py:4138} INFO - Setting next_dagrun for flex_eau_pipeline to 2026-07-28 00:00:00+00:00, run_after=2026-07-29 00:00:00+00:00
[2026-07-28T02:35:29.784+0000] {processor.py:208} INFO - Processing /opt/airflow/dags/flex_eau_pipeline.py took 0.204 seconds
[2026-07-28T02:36:00.332+0000] {processor.py:186} INFO - Started process (PID=5413) to work on /opt/airflow/dags/flex_eau_pipeline.py
[2026-07-28T02:36:00.335+0000] {processor.py:914} INFO - Processing file /opt/airflow/dags/flex_eau_pipeline.py for tasks to queue
[2026-07-28T02:36:00.341+0000] {logging_mixin.py:190} INFO - [2026-07-28T02:36:00.340+0000] {dagbag.py:587} INFO - Filling up the DagBag from /opt/airflow/dags/flex_eau_pipeline.py
[2026-07-28T02:36:00.395+0000] {processor.py:925} INFO - DAG(s) 'flex_eau_pipeline' retrieved from /opt/airflow/dags/flex_eau_pipeline.py
[2026-07-28T02:36:00.455+0000] {logging_mixin.py:190} INFO - [2026-07-28T02:36:00.455+0000] {dag.py:3211} INFO - Sync 1 DAGs
[2026-07-28T02:36:00.492+0000] {logging_mixin.py:190} INFO - [2026-07-28T02:36:00.492+0000] {dag.py:4138} INFO - Setting next_dagrun for flex_eau_pipeline to 2026-07-28 00:00:00+00:00, run_after=2026-07-29 00:00:00+00:00
[2026-07-28T02:36:00.521+0000] {processor.py:208} INFO - Processing /opt/airflow/dags/flex_eau_pipeline.py took 0.206 seconds
[2026-07-28T02:36:31.302+0000] {processor.py:186} INFO - Started process (PID=5418) to work on /opt/airflow/dags/flex_eau_pipeline.py
[2026-07-28T02:36:31.304+0000] {processor.py:914} INFO - Processing file /opt/airflow/dags/flex_eau_pipeline.py for tasks to queue
[2026-07-28T02:36:31.307+0000] {logging_mixin.py:190} INFO - [2026-07-28T02:36:31.307+0000] {dagbag.py:587} INFO - Filling up the DagBag from /opt/airflow/dags/flex_eau_pipeline.py
[2026-07-28T02:36:31.343+0000] {processor.py:925} INFO - DAG(s) 'flex_eau_pipeline' retrieved from /opt/airflow/dags/flex_eau_pipeline.py
[2026-07-28T02:36:31.390+0000] {logging_mixin.py:190} INFO - [2026-07-28T02:36:31.389+0000] {dag.py:3211} INFO - Sync 1 DAGs
[2026-07-28T02:36:31.446+0000] {logging_mixin.py:190} INFO - [2026-07-28T02:36:31.445+0000] {dag.py:4138} INFO - Setting next_dagrun for flex_eau_pipeline to 2026-07-28 00:00:00+00:00, run_after=2026-07-29 00:00:00+00:00
[2026-07-28T02:36:31.481+0000] {processor.py:208} INFO - Processing /opt/airflow/dags/flex_eau_pipeline.py took 0.188 seconds
[2026-07-28T02:37:02.048+0000] {processor.py:186} INFO - Started process (PID=5423) to work on /opt/airflow/dags/flex_eau_pipeline.py
[2026-07-28T02:37:02.049+0000] {processor.py:914} INFO - Processing file /opt/airflow/dags/flex_eau_pipeline.py for tasks to queue
[2026-07-28T02:37:02.052+0000] {logging_mixin.py:190} INFO - [2026-07-28T02:37:02.052+0000] {dagbag.py:587} INFO - Filling up the DagBag from /opt/airflow/dags/flex_eau_pipeline.py
[2026-07-28T02:37:02.088+0000] {processor.py:925} INFO - DAG(s) 'flex_eau_pipeline' retrieved from /opt/airflow/dags/flex_eau_pipeline.py
[2026-07-28T02:37:02.134+0000] {logging_mixin.py:190} INFO - [2026-07-28T02:37:02.134+0000] {dag.py:3211} INFO - Sync 1 DAGs
[2026-07-28T02:37:02.177+0000] {logging_mixin.py:190} INFO - [2026-07-28T02:37:02.177+0000] {dag.py:4138} INFO - Setting next_dagrun for flex_eau_pipeline to 2026-07-28 00:00:00+00:00, run_after=2026-07-29 00:00:00+00:00
[2026-07-28T02:37:02.229+0000] {processor.py:208} INFO - Processing /opt/airflow/dags/flex_eau_pipeline.py took 0.192 seconds
[2026-07-28T02:37:32.851+0000] {processor.py:186} INFO - Started process (PID=5428) to work on /opt/airflow/dags/flex_eau_pipeline.py
[2026-07-28T02:37:32.853+0000] {processor.py:914} INFO - Processing file /opt/airflow/dags/flex_eau_pipeline.py for tasks to queue
[2026-07-28T02:37:32.856+0000] {logging_mixin.py:190} INFO - [2026-07-28T02:37:32.856+0000] {dagbag.py:587} INFO - Filling up the DagBag from /opt/airflow/dags/flex_eau_pipeline.py
[2026-07-28T02:37:32.889+0000] {processor.py:925} INFO - DAG(s) 'flex_eau_pipeline' retrieved from /opt/airflow/dags/flex_eau_pipeline.py
[2026-07-28T02:37:32.938+0000] {logging_mixin.py:190} INFO - [2026-07-28T02:37:32.938+0000] {dag.py:3211} INFO - Sync 1 DAGs
[2026-07-28T02:37:32.989+0000] {logging_mixin.py:190} INFO - [2026-07-28T02:37:32.988+0000] {dag.py:4138} INFO - Setting next_dagrun for flex_eau_pipeline to 2026-07-28 00:00:00+00:00, run_after=2026-07-29 00:00:00+00:00
[2026-07-28T02:37:33.025+0000] {processor.py:208} INFO - Processing /opt/airflow/dags/flex_eau_pipeline.py took 0.182 seconds
[2026-07-28T02:38:03.633+0000] {processor.py:186} INFO - Started process (PID=5433) to work on /opt/airflow/dags/flex_eau_pipeline.py
[2026-07-28T02:38:03.635+0000] {processor.py:914} INFO - Processing file /opt/airflow/dags/flex_eau_pipeline.py for tasks to queue
[2026-07-28T02:38:03.638+0000] {logging_mixin.py:190} INFO - [2026-07-28T02:38:03.638+0000] {dagbag.py:587} INFO - Filling up the DagBag from /opt/airflow/dags/flex_eau_pipeline.py
[2026-07-28T02:38:03.671+0000] {processor.py:925} INFO - DAG(s) 'flex_eau_pipeline' retrieved from /opt/airflow/dags/flex_eau_pipeline.py
[2026-07-28T02:38:03.720+0000] {logging_mixin.py:190} INFO - [2026-07-28T02:38:03.719+0000] {dag.py:3211} INFO - Sync 1 DAGs
[2026-07-28T02:38:03.752+0000] {logging_mixin.py:190} INFO - [2026-07-28T02:38:03.751+0000] {dag.py:4138} INFO - Setting next_dagrun for flex_eau_pipeline to 2026-07-28 00:00:00+00:00, run_after=2026-07-29 00:00:00+00:00
[2026-07-28T02:38:03.784+0000] {processor.py:208} INFO - Processing /opt/airflow/dags/flex_eau_pipeline.py took 0.166 seconds
[2026-07-28T02:38:34.264+0000] {processor.py:186} INFO - Started process (PID=5438) to work on /opt/airflow/dags/flex_eau_pipeline.py
[2026-07-28T02:38:34.266+0000] {processor.py:914} INFO - Processing file /opt/airflow/dags/flex_eau_pipeline.py for tasks to queue
[2026-07-28T02:38:34.268+0000] {logging_mixin.py:190} INFO - [2026-07-28T02:38:34.268+0000] {dagbag.py:587} INFO - Filling up the DagBag from /opt/airflow/dags/flex_eau_pipeline.py
[2026-07-28T02:38:34.302+0000] {processor.py:925} INFO - DAG(s) 'flex_eau_pipeline' retrieved from /opt/airflow/dags/flex_eau_pipeline.py
[2026-07-28T02:38:34.353+0000] {logging_mixin.py:190} INFO - [2026-07-28T02:38:34.353+0000] {dag.py:3211} INFO - Sync 1 DAGs
[2026-07-28T02:38:34.384+0000] {logging_mixin.py:190} INFO - [2026-07-28T02:38:34.384+0000] {dag.py:4138} INFO - Setting next_dagrun for flex_eau_pipeline to 2026-07-28 00:00:00+00:00, run_after=2026-07-29 00:00:00+00:00
[2026-07-28T02:38:34.421+0000] {processor.py:208} INFO - Processing /opt/airflow/dags/flex_eau_pipeline.py took 0.168 seconds
[2026-07-28T02:39:05.181+0000] {processor.py:186} INFO - Started process (PID=5443) to work on /opt/airflow/dags/flex_eau_pipeline.py
[2026-07-28T02:39:05.183+0000] {processor.py:914} INFO - Processing file /opt/airflow/dags/flex_eau_pipeline.py for tasks to queue
[2026-07-28T02:39:05.187+0000] {logging_mixin.py:190} INFO - [2026-07-28T02:39:05.187+0000] {dagbag.py:587} INFO - Filling up the DagBag from /opt/airflow/dags/flex_eau_pipeline.py
[2026-07-28T02:39:05.246+0000] {processor.py:925} INFO - DAG(s) 'flex_eau_pipeline' retrieved from /opt/airflow/dags/flex_eau_pipeline.py
[2026-07-28T02:39:05.292+0000] {logging_mixin.py:190} INFO - [2026-07-28T02:39:05.292+0000] {dag.py:3211} INFO - Sync 1 DAGs
[2026-07-28T02:39:05.330+0000] {logging_mixin.py:190} INFO - [2026-07-28T02:39:05.329+0000] {dag.py:4138} INFO - Setting next_dagrun for flex_eau_pipeline to 2026-07-28 00:00:00+00:00, run_after=2026-07-29 00:00:00+00:00
[2026-07-28T02:39:05.365+0000] {processor.py:208} INFO - Processing /opt/airflow/dags/flex_eau_pipeline.py took 0.195 seconds
[2026-07-28T02:39:35.801+0000] {processor.py:186} INFO - Started process (PID=5448) to work on /opt/airflow/dags/flex_eau_pipeline.py
[2026-07-28T02:39:35.803+0000] {processor.py:914} INFO - Processing file /opt/airflow/dags/flex_eau_pipeline.py for tasks to queue
[2026-07-28T02:39:35.806+0000] {logging_mixin.py:190} INFO - [2026-07-28T02:39:35.806+0000] {dagbag.py:587} INFO - Filling up the DagBag from /opt/airflow/dags/flex_eau_pipeline.py
[2026-07-28T02:39:35.845+0000] {processor.py:925} INFO - DAG(s) 'flex_eau_pipeline' retrieved from /opt/airflow/dags/flex_eau_pipeline.py
[2026-07-28T02:39:35.902+0000] {logging_mixin.py:190} INFO - [2026-07-28T02:39:35.902+0000] {dag.py:3211} INFO - Sync 1 DAGs
[2026-07-28T02:39:35.935+0000] {logging_mixin.py:190} INFO - [2026-07-28T02:39:35.934+0000] {dag.py:4138} INFO - Setting next_dagrun for flex_eau_pipeline to 2026-07-28 00:00:00+00:00, run_after=2026-07-29 00:00:00+00:00
[2026-07-28T02:39:35.965+0000] {processor.py:208} INFO - Processing /opt/airflow/dags/flex_eau_pipeline.py took 0.172 seconds
[2026-07-28T02:40:06.691+0000] {processor.py:186} INFO - Started process (PID=5453) to work on /opt/airflow/dags/flex_eau_pipeline.py
[2026-07-28T02:40:06.693+0000] {processor.py:914} INFO - Processing file /opt/airflow/dags/flex_eau_pipeline.py for tasks to queue
[2026-07-28T02:40:06.697+0000] {logging_mixin.py:190} INFO - [2026-07-28T02:40:06.697+0000] {dagbag.py:587} INFO - Filling up the DagBag from /opt/airflow/dags/flex_eau_pipeline.py
[2026-07-28T02:40:06.739+0000] {processor.py:925} INFO - DAG(s) 'flex_eau_pipeline' retrieved from /opt/airflow/dags/flex_eau_pipeline.py
[2026-07-28T02:40:06.785+0000] {logging_mixin.py:190} INFO - [2026-07-28T02:40:06.785+0000] {dag.py:3211} INFO - Sync 1 DAGs
[2026-07-28T02:40:06.821+0000] {logging_mixin.py:190} INFO - [2026-07-28T02:40:06.821+0000] {dag.py:4138} INFO - Setting next_dagrun for flex_eau_pipeline to 2026-07-28 00:00:00+00:00, run_after=2026-07-29 00:00:00+00:00
[2026-07-28T02:40:06.864+0000] {processor.py:208} INFO - Processing /opt/airflow/dags/flex_eau_pipeline.py took 0.182 seconds
[2026-07-28T02:40:37.341+0000] {processor.py:186} INFO - Started process (PID=5458) to work on /opt/airflow/dags/flex_eau_pipeline.py
[2026-07-28T02:40:37.343+0000] {processor.py:914} INFO - Processing file /opt/airflow/dags/flex_eau_pipeline.py for tasks to queue
[2026-07-28T02:40:37.347+0000] {logging_mixin.py:190} INFO - [2026-07-28T02:40:37.347+0000] {dagbag.py:587} INFO - Filling up the DagBag from /opt/airflow/dags/flex_eau_pipeline.py
[2026-07-28T02:40:37.382+0000] {processor.py:925} INFO - DAG(s) 'flex_eau_pipeline' retrieved from /opt/airflow/dags/flex_eau_pipeline.py
[2026-07-28T02:40:37.434+0000] {logging_mixin.py:190} INFO - [2026-07-28T02:40:37.434+0000] {dag.py:3211} INFO - Sync 1 DAGs
[2026-07-28T02:40:37.469+0000] {logging_mixin.py:190} INFO - [2026-07-28T02:40:37.469+0000] {dag.py:4138} INFO - Setting next_dagrun for flex_eau_pipeline to 2026-07-28 00:00:00+00:00, run_after=2026-07-29 00:00:00+00:00
[2026-07-28T02:40:37.502+0000] {processor.py:208} INFO - Processing /opt/airflow/dags/flex_eau_pipeline.py took 0.170 seconds
[2026-07-28T02:41:08.184+0000] {processor.py:186} INFO - Started process (PID=5463) to work on /opt/airflow/dags/flex_eau_pipeline.py
[2026-07-28T02:41:08.187+0000] {processor.py:914} INFO - Processing file /opt/airflow/dags/flex_eau_pipeline.py for tasks to queue
[2026-07-28T02:41:08.193+0000] {logging_mixin.py:190} INFO - [2026-07-28T02:41:08.192+0000] {dagbag.py:587} INFO - Filling up the DagBag from /opt/airflow/dags/flex_eau_pipeline.py
[2026-07-28T02:41:08.237+0000] {processor.py:925} INFO - DAG(s) 'flex_eau_pipeline' retrieved from /opt/airflow/dags/flex_eau_pipeline.py
[2026-07-28T02:41:08.283+0000] {logging_mixin.py:190} INFO - [2026-07-28T02:41:08.282+0000] {dag.py:3211} INFO - Sync 1 DAGs
[2026-07-28T02:41:08.322+0000] {logging_mixin.py:190} INFO - [2026-07-28T02:41:08.322+0000] {dag.py:4138} INFO - Setting next_dagrun for flex_eau_pipeline to 2026-07-28 00:00:00+00:00, run_after=2026-07-29 00:00:00+00:00
[2026-07-28T02:41:08.372+0000] {processor.py:208} INFO - Processing /opt/airflow/dags/flex_eau_pipeline.py took 0.206 seconds
[2026-07-28T02:41:38.902+0000] {processor.py:186} INFO - Started process (PID=5468) to work on /opt/airflow/dags/flex_eau_pipeline.py
[2026-07-28T02:41:38.904+0000] {processor.py:914} INFO - Processing file /opt/airflow/dags/flex_eau_pipeline.py for tasks to queue
[2026-07-28T02:41:38.907+0000] {logging_mixin.py:190} INFO - [2026-07-28T02:41:38.907+0000] {dagbag.py:587} INFO - Filling up the DagBag from /opt/airflow/dags/flex_eau_pipeline.py
[2026-07-28T02:41:38.969+0000] {processor.py:925} INFO - DAG(s) 'flex_eau_pipeline' retrieved from /opt/airflow/dags/flex_eau_pipeline.py
[2026-07-28T02:41:39.021+0000] {logging_mixin.py:190} INFO - [2026-07-28T02:41:39.021+0000] {dag.py:3211} INFO - Sync 1 DAGs
[2026-07-28T02:41:39.054+0000] {logging_mixin.py:190} INFO - [2026-07-28T02:41:39.054+0000] {dag.py:4138} INFO - Setting next_dagrun for flex_eau_pipeline to 2026-07-28 00:00:00+00:00, run_after=2026-07-29 00:00:00+00:00
[2026-07-28T02:41:39.082+0000] {processor.py:208} INFO - Processing /opt/airflow/dags/flex_eau_pipeline.py took 0.190 seconds
[2026-07-28T02:42:09.744+0000] {processor.py:186} INFO - Started process (PID=5473) to work on /opt/airflow/dags/flex_eau_pipeline.py
[2026-07-28T02:42:09.745+0000] {processor.py:914} INFO - Processing file /opt/airflow/dags/flex_eau_pipeline.py for tasks to queue
[2026-07-28T02:42:09.748+0000] {logging_mixin.py:190} INFO - [2026-07-28T02:42:09.748+0000] {dagbag.py:587} INFO - Filling up the DagBag from /opt/airflow/dags/flex_eau_pipeline.py
[2026-07-28T02:42:09.806+0000] {processor.py:925} INFO - DAG(s) 'flex_eau_pipeline' retrieved from /opt/airflow/dags/flex_eau_pipeline.py
[2026-07-28T02:42:09.861+0000] {logging_mixin.py:190} INFO - [2026-07-28T02:42:09.861+0000] {dag.py:3211} INFO - Sync 1 DAGs
[2026-07-28T02:42:09.901+0000] {logging_mixin.py:190} INFO - [2026-07-28T02:42:09.900+0000] {dag.py:4138} INFO - Setting next_dagrun for flex_eau_pipeline to 2026-07-28 00:00:00+00:00, run_after=2026-07-29 00:00:00+00:00
[2026-07-28T02:42:09.936+0000] {processor.py:208} INFO - Processing /opt/airflow/dags/flex_eau_pipeline.py took 0.201 seconds
[2026-07-28T02:42:40.485+0000] {processor.py:186} INFO - Started process (PID=5478) to work on /opt/airflow/dags/flex_eau_pipeline.py
[2026-07-28T02:42:40.487+0000] {processor.py:914} INFO - Processing file /opt/airflow/dags/flex_eau_pipeline.py for tasks to queue
[2026-07-28T02:42:40.490+0000] {logging_mixin.py:190} INFO - [2026-07-28T02:42:40.490+0000] {dagbag.py:587} INFO - Filling up the DagBag from /opt/airflow/dags/flex_eau_pipeline.py
[2026-07-28T02:42:40.527+0000] {processor.py:925} INFO - DAG(s) 'flex_eau_pipeline' retrieved from /opt/airflow/dags/flex_eau_pipeline.py
[2026-07-28T02:42:40.597+0000] {logging_mixin.py:190} INFO - [2026-07-28T02:42:40.597+0000] {dag.py:3211} INFO - Sync 1 DAGs
[2026-07-28T02:42:40.631+0000] {logging_mixin.py:190} INFO - [2026-07-28T02:42:40.631+0000] {dag.py:4138} INFO - Setting next_dagrun for flex_eau_pipeline to 2026-07-28 00:00:00+00:00, run_after=2026-07-29 00:00:00+00:00
[2026-07-28T02:42:40.659+0000] {processor.py:208} INFO - Processing /opt/airflow/dags/flex_eau_pipeline.py took 0.184 seconds
[2026-07-28T02:43:11.324+0000] {processor.py:186} INFO - Started process (PID=5483) to work on /opt/airflow/dags/flex_eau_pipeline.py
[2026-07-28T02:43:11.326+0000] {processor.py:914} INFO - Processing file /opt/airflow/dags/flex_eau_pipeline.py for tasks to queue
[2026-07-28T02:43:11.331+0000] {logging_mixin.py:190} INFO - [2026-07-28T02:43:11.331+0000] {dagbag.py:587} INFO - Filling up the DagBag from /opt/airflow/dags/flex_eau_pipeline.py
[2026-07-28T02:43:11.388+0000] {processor.py:925} INFO - DAG(s) 'flex_eau_pipeline' retrieved from /opt/airflow/dags/flex_eau_pipeline.py
[2026-07-28T02:43:11.445+0000] {logging_mixin.py:190} INFO - [2026-07-28T02:43:11.445+0000] {dag.py:3211} INFO - Sync 1 DAGs
[2026-07-28T02:43:11.481+0000] {logging_mixin.py:190} INFO - [2026-07-28T02:43:11.480+0000] {dag.py:4138} INFO - Setting next_dagrun for flex_eau_pipeline to 2026-07-28 00:00:00+00:00, run_after=2026-07-29 00:00:00+00:00
[2026-07-28T02:43:11.517+0000] {processor.py:208} INFO - Processing /opt/airflow/dags/flex_eau_pipeline.py took 0.209 seconds
[2026-07-28T02:43:42.052+0000] {processor.py:186} INFO - Started process (PID=5488) to work on /opt/airflow/dags/flex_eau_pipeline.py
[2026-07-28T02:43:42.055+0000] {processor.py:914} INFO - Processing file /opt/airflow/dags/flex_eau_pipeline.py for tasks to queue
[2026-07-28T02:43:42.060+0000] {logging_mixin.py:190} INFO - [2026-07-28T02:43:42.059+0000] {dagbag.py:587} INFO - Filling up the DagBag from /opt/airflow/dags/flex_eau_pipeline.py
[2026-07-28T02:43:42.115+0000] {processor.py:925} INFO - DAG(s) 'flex_eau_pipeline' retrieved from /opt/airflow/dags/flex_eau_pipeline.py
[2026-07-28T02:43:42.165+0000] {logging_mixin.py:190} INFO - [2026-07-28T02:43:42.164+0000] {dag.py:3211} INFO - Sync 1 DAGs
[2026-07-28T02:43:42.207+0000] {logging_mixin.py:190} INFO - [2026-07-28T02:43:42.206+0000] {dag.py:4138} INFO - Setting next_dagrun for flex_eau_pipeline to 2026-07-28 00:00:00+00:00, run_after=2026-07-29 00:00:00+00:00
[2026-07-28T02:43:42.245+0000] {processor.py:208} INFO - Processing /opt/airflow/dags/flex_eau_pipeline.py took 0.208 seconds
[2026-07-28T02:44:12.872+0000] {processor.py:186} INFO - Started process (PID=5493) to work on /opt/airflow/dags/flex_eau_pipeline.py
[2026-07-28T02:44:12.874+0000] {processor.py:914} INFO - Processing file /opt/airflow/dags/flex_eau_pipeline.py for tasks to queue
[2026-07-28T02:44:12.877+0000] {logging_mixin.py:190} INFO - [2026-07-28T02:44:12.876+0000] {dagbag.py:587} INFO - Filling up the DagBag from /opt/airflow/dags/flex_eau_pipeline.py
[2026-07-28T02:44:12.913+0000] {processor.py:925} INFO - DAG(s) 'flex_eau_pipeline' retrieved from /opt/airflow/dags/flex_eau_pipeline.py
[2026-07-28T02:44:12.957+0000] {logging_mixin.py:190} INFO - [2026-07-28T02:44:12.956+0000] {dag.py:3211} INFO - Sync 1 DAGs
[2026-07-28T02:44:12.990+0000] {logging_mixin.py:190} INFO - [2026-07-28T02:44:12.990+0000] {dag.py:4138} INFO - Setting next_dagrun for flex_eau_pipeline to 2026-07-28 00:00:00+00:00, run_after=2026-07-29 00:00:00+00:00
[2026-07-28T02:44:13.015+0000] {processor.py:208} INFO - Processing /opt/airflow/dags/flex_eau_pipeline.py took 0.151 seconds
[2026-07-28T02:44:43.581+0000] {processor.py:186} INFO - Started process (PID=5498) to work on /opt/airflow/dags/flex_eau_pipeline.py
[2026-07-28T02:44:43.583+0000] {processor.py:914} INFO - Processing file /opt/airflow/dags/flex_eau_pipeline.py for tasks to queue
[2026-07-28T02:44:43.587+0000] {logging_mixin.py:190} INFO - [2026-07-28T02:44:43.586+0000] {dagbag.py:587} INFO - Filling up the DagBag from /opt/airflow/dags/flex_eau_pipeline.py
[2026-07-28T02:44:43.619+0000] {processor.py:925} INFO - DAG(s) 'flex_eau_pipeline' retrieved from /opt/airflow/dags/flex_eau_pipeline.py
[2026-07-28T02:44:43.662+0000] {logging_mixin.py:190} INFO - [2026-07-28T02:44:43.662+0000] {dag.py:3211} INFO - Sync 1 DAGs
[2026-07-28T02:44:43.693+0000] {logging_mixin.py:190} INFO - [2026-07-28T02:44:43.693+0000] {dag.py:4138} INFO - Setting next_dagrun for flex_eau_pipeline to 2026-07-28 00:00:00+00:00, run_after=2026-07-29 00:00:00+00:00
[2026-07-28T02:44:43.733+0000] {processor.py:208} INFO - Processing /opt/airflow/dags/flex_eau_pipeline.py took 0.161 seconds
[2026-07-28T02:45:14.276+0000] {processor.py:186} INFO - Started process (PID=5503) to work on /opt/airflow/dags/flex_eau_pipeline.py
[2026-07-28T02:45:14.278+0000] {processor.py:914} INFO - Processing file /opt/airflow/dags/flex_eau_pipeline.py for tasks to queue
[2026-07-28T02:45:14.281+0000] {logging_mixin.py:190} INFO - [2026-07-28T02:45:14.281+0000] {dagbag.py:587} INFO - Filling up the DagBag from /opt/airflow/dags/flex_eau_pipeline.py
[2026-07-28T02:45:14.318+0000] {processor.py:925} INFO - DAG(s) 'flex_eau_pipeline' retrieved from /opt/airflow/dags/flex_eau_pipeline.py
[2026-07-28T02:45:14.374+0000] {logging_mixin.py:190} INFO - [2026-07-28T02:45:14.374+0000] {dag.py:3211} INFO - Sync 1 DAGs
[2026-07-28T02:45:14.422+0000] {logging_mixin.py:190} INFO - [2026-07-28T02:45:14.421+0000] {dag.py:4138} INFO - Setting next_dagrun for flex_eau_pipeline to 2026-07-28 00:00:00+00:00, run_after=2026-07-29 00:00:00+00:00
[2026-07-28T02:45:14.467+0000] {processor.py:208} INFO - Processing /opt/airflow/dags/flex_eau_pipeline.py took 0.200 seconds
[2026-07-28T02:45:45.070+0000] {processor.py:186} INFO - Started process (PID=5508) to work on /opt/airflow/dags/flex_eau_pipeline.py
[2026-07-28T02:45:45.072+0000] {processor.py:914} INFO - Processing file /opt/airflow/dags/flex_eau_pipeline.py for tasks to queue
[2026-07-28T02:45:45.075+0000] {logging_mixin.py:190} INFO - [2026-07-28T02:45:45.075+0000] {dagbag.py:587} INFO - Filling up the DagBag from /opt/airflow/dags/flex_eau_pipeline.py
[2026-07-28T02:45:45.118+0000] {processor.py:925} INFO - DAG(s) 'flex_eau_pipeline' retrieved from /opt/airflow/dags/flex_eau_pipeline.py
[2026-07-28T02:45:45.170+0000] {logging_mixin.py:190} INFO - [2026-07-28T02:45:45.170+0000] {dag.py:3211} INFO - Sync 1 DAGs
[2026-07-28T02:45:45.218+0000] {logging_mixin.py:190} INFO - [2026-07-28T02:45:45.217+0000] {dag.py:4138} INFO - Setting next_dagrun for flex_eau_pipeline to 2026-07-28 00:00:00+00:00, run_after=2026-07-29 00:00:00+00:00
[2026-07-28T02:45:45.250+0000] {processor.py:208} INFO - Processing /opt/airflow/dags/flex_eau_pipeline.py took 0.194 seconds
[2026-07-28T02:46:15.912+0000] {processor.py:186} INFO - Started process (PID=5513) to work on /opt/airflow/dags/flex_eau_pipeline.py
[2026-07-28T02:46:15.914+0000] {processor.py:914} INFO - Processing file /opt/airflow/dags/flex_eau_pipeline.py for tasks to queue
[2026-07-28T02:46:15.917+0000] {logging_mixin.py:190} INFO - [2026-07-28T02:46:15.917+0000] {dagbag.py:587} INFO - Filling up the DagBag from /opt/airflow/dags/flex_eau_pipeline.py
[2026-07-28T02:46:15.959+0000] {processor.py:925} INFO - DAG(s) 'flex_eau_pipeline' retrieved from /opt/airflow/dags/flex_eau_pipeline.py
[2026-07-28T02:46:16.021+0000] {logging_mixin.py:190} INFO - [2026-07-28T02:46:16.021+0000] {dag.py:3211} INFO - Sync 1 DAGs
[2026-07-28T02:46:16.055+0000] {logging_mixin.py:190} INFO - [2026-07-28T02:46:16.054+0000] {dag.py:4138} INFO - Setting next_dagrun for flex_eau_pipeline to 2026-07-28 00:00:00+00:00, run_after=2026-07-29 00:00:00+00:00
[2026-07-28T02:46:16.084+0000] {processor.py:208} INFO - Processing /opt/airflow/dags/flex_eau_pipeline.py took 0.182 seconds
[2026-07-28T02:46:46.495+0000] {processor.py:186} INFO - Started process (PID=5518) to work on /opt/airflow/dags/flex_eau_pipeline.py
[2026-07-28T02:46:46.497+0000] {processor.py:914} INFO - Processing file /opt/airflow/dags/flex_eau_pipeline.py for tasks to queue
[2026-07-28T02:46:46.499+0000] {logging_mixin.py:190} INFO - [2026-07-28T02:46:46.499+0000] {dagbag.py:587} INFO - Filling up the DagBag from /opt/airflow/dags/flex_eau_pipeline.py
[2026-07-28T02:46:46.534+0000] {processor.py:925} INFO - DAG(s) 'flex_eau_pipeline' retrieved from /opt/airflow/dags/flex_eau_pipeline.py
[2026-07-28T02:46:46.581+0000] {logging_mixin.py:190} INFO - [2026-07-28T02:46:46.581+0000] {dag.py:3211} INFO - Sync 1 DAGs
[2026-07-28T02:46:46.615+0000] {logging_mixin.py:190} INFO - [2026-07-28T02:46:46.615+0000] {dag.py:4138} INFO - Setting next_dagrun for flex_eau_pipeline to 2026-07-28 00:00:00+00:00, run_after=2026-07-29 00:00:00+00:00
[2026-07-28T02:46:46.656+0000] {processor.py:208} INFO - Processing /opt/airflow/dags/flex_eau_pipeline.py took 0.169 seconds
[2026-07-28T02:47:17.027+0000] {processor.py:186} INFO - Started process (PID=5523) to work on /opt/airflow/dags/flex_eau_pipeline.py
[2026-07-28T02:47:17.029+0000] {processor.py:914} INFO - Processing file /opt/airflow/dags/flex_eau_pipeline.py for tasks to queue
[2026-07-28T02:47:17.034+0000] {logging_mixin.py:190} INFO - [2026-07-28T02:47:17.033+0000] {dagbag.py:587} INFO - Filling up the DagBag from /opt/airflow/dags/flex_eau_pipeline.py
[2026-07-28T02:47:17.073+0000] {processor.py:925} INFO - DAG(s) 'flex_eau_pipeline' retrieved from /opt/airflow/dags/flex_eau_pipeline.py
[2026-07-28T02:47:17.129+0000] {logging_mixin.py:190} INFO - [2026-07-28T02:47:17.129+0000] {dag.py:3211} INFO - Sync 1 DAGs
[2026-07-28T02:47:17.164+0000] {logging_mixin.py:190} INFO - [2026-07-28T02:47:17.164+0000] {dag.py:4138} INFO - Setting next_dagrun for flex_eau_pipeline to 2026-07-28 00:00:00+00:00, run_after=2026-07-29 00:00:00+00:00
[2026-07-28T02:47:17.194+0000] {processor.py:208} INFO - Processing /opt/airflow/dags/flex_eau_pipeline.py took 0.179 seconds
[2026-07-28T02:47:47.846+0000] {processor.py:186} INFO - Started process (PID=5528) to work on /opt/airflow/dags/flex_eau_pipeline.py
[2026-07-28T02:47:47.848+0000] {processor.py:914} INFO - Processing file /opt/airflow/dags/flex_eau_pipeline.py for tasks to queue
[2026-07-28T02:47:47.851+0000] {logging_mixin.py:190} INFO - [2026-07-28T02:47:47.851+0000] {dagbag.py:587} INFO - Filling up the DagBag from /opt/airflow/dags/flex_eau_pipeline.py
[2026-07-28T02:47:47.891+0000] {processor.py:925} INFO - DAG(s) 'flex_eau_pipeline' retrieved from /opt/airflow/dags/flex_eau_pipeline.py
[2026-07-28T02:47:47.946+0000] {logging_mixin.py:190} INFO - [2026-07-28T02:47:47.946+0000] {dag.py:3211} INFO - Sync 1 DAGs
[2026-07-28T02:47:47.985+0000] {logging_mixin.py:190} INFO - [2026-07-28T02:47:47.985+0000] {dag.py:4138} INFO - Setting next_dagrun for flex_eau_pipeline to 2026-07-28 00:00:00+00:00, run_after=2026-07-29 00:00:00+00:00
[2026-07-28T02:47:48.020+0000] {processor.py:208} INFO - Processing /opt/airflow/dags/flex_eau_pipeline.py took 0.181 seconds
[2026-07-28T02:48:18.576+0000] {processor.py:186} INFO - Started process (PID=5533) to work on /opt/airflow/dags/flex_eau_pipeline.py
[2026-07-28T02:48:18.579+0000] {processor.py:914} INFO - Processing file /opt/airflow/dags/flex_eau_pipeline.py for tasks to queue
[2026-07-28T02:48:18.586+0000] {logging_mixin.py:190} INFO - [2026-07-28T02:48:18.585+0000] {dagbag.py:587} INFO - Filling up the DagBag from /opt/airflow/dags/flex_eau_pipeline.py
[2026-07-28T02:48:18.656+0000] {processor.py:925} INFO - DAG(s) 'flex_eau_pipeline' retrieved from /opt/airflow/dags/flex_eau_pipeline.py
[2026-07-28T02:48:18.738+0000] {logging_mixin.py:190} INFO - [2026-07-28T02:48:18.738+0000] {dag.py:3211} INFO - Sync 1 DAGs
[2026-07-28T02:48:18.770+0000] {logging_mixin.py:190} INFO - [2026-07-28T02:48:18.770+0000] {dag.py:4138} INFO - Setting next_dagrun for flex_eau_pipeline to 2026-07-28 00:00:00+00:00, run_after=2026-07-29 00:00:00+00:00
[2026-07-28T02:48:18.800+0000] {processor.py:208} INFO - Processing /opt/airflow/dags/flex_eau_pipeline.py took 0.257 seconds
[2026-07-28T02:48:49.420+0000] {processor.py:186} INFO - Started process (PID=5538) to work on /opt/airflow/dags/flex_eau_pipeline.py
[2026-07-28T02:48:49.422+0000] {processor.py:914} INFO - Processing file /opt/airflow/dags/flex_eau_pipeline.py for tasks to queue
[2026-07-28T02:48:49.428+0000] {logging_mixin.py:190} INFO - [2026-07-28T02:48:49.427+0000] {dagbag.py:587} INFO - Filling up the DagBag from /opt/airflow/dags/flex_eau_pipeline.py
[2026-07-28T02:48:49.474+0000] {processor.py:925} INFO - DAG(s) 'flex_eau_pipeline' retrieved from /opt/airflow/dags/flex_eau_pipeline.py
[2026-07-28T02:48:49.546+0000] {logging_mixin.py:190} INFO - [2026-07-28T02:48:49.546+0000] {dag.py:3211} INFO - Sync 1 DAGs
[2026-07-28T02:48:49.594+0000] {logging_mixin.py:190} INFO - [2026-07-28T02:48:49.593+0000] {dag.py:4138} INFO - Setting next_dagrun for flex_eau_pipeline to 2026-07-28 00:00:00+00:00, run_after=2026-07-29 00:00:00+00:00
[2026-07-28T02:48:49.634+0000] {processor.py:208} INFO - Processing /opt/airflow/dags/flex_eau_pipeline.py took 0.228 seconds
[2026-07-28T02:49:20.088+0000] {processor.py:186} INFO - Started process (PID=5543) to work on /opt/airflow/dags/flex_eau_pipeline.py
[2026-07-28T02:49:20.091+0000] {processor.py:914} INFO - Processing file /opt/airflow/dags/flex_eau_pipeline.py for tasks to queue
[2026-07-28T02:49:20.096+0000] {logging_mixin.py:190} INFO - [2026-07-28T02:49:20.095+0000] {dagbag.py:587} INFO - Filling up the DagBag from /opt/airflow/dags/flex_eau_pipeline.py
[2026-07-28T02:49:20.133+0000] {processor.py:925} INFO - DAG(s) 'flex_eau_pipeline' retrieved from /opt/airflow/dags/flex_eau_pipeline.py
[2026-07-28T02:49:20.184+0000] {logging_mixin.py:190} INFO - [2026-07-28T02:49:20.184+0000] {dag.py:3211} INFO - Sync 1 DAGs
[2026-07-28T02:49:20.219+0000] {logging_mixin.py:190} INFO - [2026-07-28T02:49:20.219+0000] {dag.py:4138} INFO - Setting next_dagrun for flex_eau_pipeline to 2026-07-28 00:00:00+00:00, run_after=2026-07-29 00:00:00+00:00
[2026-07-28T02:49:20.261+0000] {processor.py:208} INFO - Processing /opt/airflow/dags/flex_eau_pipeline.py took 0.191 seconds
[2026-07-28T02:49:50.885+0000] {processor.py:186} INFO - Started process (PID=5548) to work on /opt/airflow/dags/flex_eau_pipeline.py
[2026-07-28T02:49:50.888+0000] {processor.py:914} INFO - Processing file /opt/airflow/dags/flex_eau_pipeline.py for tasks to queue
[2026-07-28T02:49:50.896+0000] {logging_mixin.py:190} INFO - [2026-07-28T02:49:50.895+0000] {dagbag.py:587} INFO - Filling up the DagBag from /opt/airflow/dags/flex_eau_pipeline.py
[2026-07-28T02:49:50.973+0000] {processor.py:925} INFO - DAG(s) 'flex_eau_pipeline' retrieved from /opt/airflow/dags/flex_eau_pipeline.py
[2026-07-28T02:49:51.058+0000] {logging_mixin.py:190} INFO - [2026-07-28T02:49:51.058+0000] {dag.py:3211} INFO - Sync 1 DAGs
[2026-07-28T02:49:51.090+0000] {logging_mixin.py:190} INFO - [2026-07-28T02:49:51.090+0000] {dag.py:4138} INFO - Setting next_dagrun for flex_eau_pipeline to 2026-07-28 00:00:00+00:00, run_after=2026-07-29 00:00:00+00:00
[2026-07-28T02:49:51.115+0000] {processor.py:208} INFO - Processing /opt/airflow/dags/flex_eau_pipeline.py took 0.249 seconds
[2026-07-28T02:50:21.605+0000] {processor.py:186} INFO - Started process (PID=5553) to work on /opt/airflow/dags/flex_eau_pipeline.py
[2026-07-28T02:50:21.608+0000] {processor.py:914} INFO - Processing file /opt/airflow/dags/flex_eau_pipeline.py for tasks to queue
[2026-07-28T02:50:21.614+0000] {logging_mixin.py:190} INFO - [2026-07-28T02:50:21.614+0000] {dagbag.py:587} INFO - Filling up the DagBag from /opt/airflow/dags/flex_eau_pipeline.py
[2026-07-28T02:50:21.684+0000] {processor.py:925} INFO - DAG(s) 'flex_eau_pipeline' retrieved from /opt/airflow/dags/flex_eau_pipeline.py
[2026-07-28T02:50:21.765+0000] {logging_mixin.py:190} INFO - [2026-07-28T02:50:21.764+0000] {dag.py:3211} INFO - Sync 1 DAGs
[2026-07-28T02:50:21.797+0000] {logging_mixin.py:190} INFO - [2026-07-28T02:50:21.797+0000] {dag.py:4138} INFO - Setting next_dagrun for flex_eau_pipeline to 2026-07-28 00:00:00+00:00, run_after=2026-07-29 00:00:00+00:00
[2026-07-28T02:50:21.829+0000] {processor.py:208} INFO - Processing /opt/airflow/dags/flex_eau_pipeline.py took 0.241 seconds
[2026-07-28T02:50:52.284+0000] {processor.py:186} INFO - Started process (PID=5558) to work on /opt/airflow/dags/flex_eau_pipeline.py
[2026-07-28T02:50:52.286+0000] {processor.py:914} INFO - Processing file /opt/airflow/dags/flex_eau_pipeline.py for tasks to queue
[2026-07-28T02:50:52.290+0000] {logging_mixin.py:190} INFO - [2026-07-28T02:50:52.289+0000] {dagbag.py:587} INFO - Filling up the DagBag from /opt/airflow/dags/flex_eau_pipeline.py
[2026-07-28T02:50:52.322+0000] {processor.py:925} INFO - DAG(s) 'flex_eau_pipeline' retrieved from /opt/airflow/dags/flex_eau_pipeline.py
[2026-07-28T02:50:52.370+0000] {logging_mixin.py:190} INFO - [2026-07-28T02:50:52.369+0000] {dag.py:3211} INFO - Sync 1 DAGs
[2026-07-28T02:50:52.401+0000] {logging_mixin.py:190} INFO - [2026-07-28T02:50:52.401+0000] {dag.py:4138} INFO - Setting next_dagrun for flex_eau_pipeline to 2026-07-28 00:00:00+00:00, run_after=2026-07-29 00:00:00+00:00
[2026-07-28T02:50:52.458+0000] {processor.py:208} INFO - Processing /opt/airflow/dags/flex_eau_pipeline.py took 0.183 seconds
[2026-07-28T02:51:22.970+0000] {processor.py:186} INFO - Started process (PID=5563) to work on /opt/airflow/dags/flex_eau_pipeline.py
[2026-07-28T02:51:22.972+0000] {processor.py:914} INFO - Processing file /opt/airflow/dags/flex_eau_pipeline.py for tasks to queue
[2026-07-28T02:51:22.975+0000] {logging_mixin.py:190} INFO - [2026-07-28T02:51:22.975+0000] {dagbag.py:587} INFO - Filling up the DagBag from /opt/airflow/dags/flex_eau_pipeline.py
[2026-07-28T02:51:23.005+0000] {processor.py:925} INFO - DAG(s) 'flex_eau_pipeline' retrieved from /opt/airflow/dags/flex_eau_pipeline.py
[2026-07-28T02:51:23.051+0000] {logging_mixin.py:190} INFO - [2026-07-28T02:51:23.050+0000] {dag.py:3211} INFO - Sync 1 DAGs
[2026-07-28T02:51:23.081+0000] {logging_mixin.py:190} INFO - [2026-07-28T02:51:23.081+0000] {dag.py:4138} INFO - Setting next_dagrun for flex_eau_pipeline to 2026-07-28 00:00:00+00:00, run_after=2026-07-29 00:00:00+00:00
[2026-07-28T02:51:23.109+0000] {processor.py:208} INFO - Processing /opt/airflow/dags/flex_eau_pipeline.py took 0.146 seconds
[2026-07-28T02:51:53.791+0000] {processor.py:186} INFO - Started process (PID=5568) to work on /opt/airflow/dags/flex_eau_pipeline.py
[2026-07-28T02:51:53.792+0000] {processor.py:914} INFO - Processing file /opt/airflow/dags/flex_eau_pipeline.py for tasks to queue
[2026-07-28T02:51:53.796+0000] {logging_mixin.py:190} INFO - [2026-07-28T02:51:53.796+0000] {dagbag.py:587} INFO - Filling up the DagBag from /opt/airflow/dags/flex_eau_pipeline.py
[2026-07-28T02:51:53.833+0000] {processor.py:925} INFO - DAG(s) 'flex_eau_pipeline' retrieved from /opt/airflow/dags/flex_eau_pipeline.py
[2026-07-28T02:51:53.878+0000] {logging_mixin.py:190} INFO - [2026-07-28T02:51:53.877+0000] {dag.py:3211} INFO - Sync 1 DAGs
[2026-07-28T02:51:53.912+0000] {logging_mixin.py:190} INFO - [2026-07-28T02:51:53.911+0000] {dag.py:4138} INFO - Setting next_dagrun for flex_eau_pipeline to 2026-07-28 00:00:00+00:00, run_after=2026-07-29 00:00:00+00:00
[2026-07-28T02:51:53.947+0000] {processor.py:208} INFO - Processing /opt/airflow/dags/flex_eau_pipeline.py took 0.164 seconds
[2026-07-28T02:52:24.438+0000] {processor.py:186} INFO - Started process (PID=5573) to work on /opt/airflow/dags/flex_eau_pipeline.py
[2026-07-28T02:52:24.440+0000] {processor.py:914} INFO - Processing file /opt/airflow/dags/flex_eau_pipeline.py for tasks to queue
[2026-07-28T02:52:24.444+0000] {logging_mixin.py:190} INFO - [2026-07-28T02:52:24.444+0000] {dagbag.py:587} INFO - Filling up the DagBag from /opt/airflow/dags/flex_eau_pipeline.py
[2026-07-28T02:52:24.477+0000] {processor.py:925} INFO - DAG(s) 'flex_eau_pipeline' retrieved from /opt/airflow/dags/flex_eau_pipeline.py
[2026-07-28T02:52:24.524+0000] {logging_mixin.py:190} INFO - [2026-07-28T02:52:24.524+0000] {dag.py:3211} INFO - Sync 1 DAGs
[2026-07-28T02:52:24.558+0000] {logging_mixin.py:190} INFO - [2026-07-28T02:52:24.558+0000] {dag.py:4138} INFO - Setting next_dagrun for flex_eau_pipeline to 2026-07-28 00:00:00+00:00, run_after=2026-07-29 00:00:00+00:00
[2026-07-28T02:52:24.584+0000] {processor.py:208} INFO - Processing /opt/airflow/dags/flex_eau_pipeline.py took 0.154 seconds
[2026-07-28T02:52:55.337+0000] {processor.py:186} INFO - Started process (PID=5578) to work on /opt/airflow/dags/flex_eau_pipeline.py
[2026-07-28T02:52:55.339+0000] {processor.py:914} INFO - Processing file /opt/airflow/dags/flex_eau_pipeline.py for tasks to queue
[2026-07-28T02:52:55.342+0000] {logging_mixin.py:190} INFO - [2026-07-28T02:52:55.342+0000] {dagbag.py:587} INFO - Filling up the DagBag from /opt/airflow/dags/flex_eau_pipeline.py
[2026-07-28T02:52:55.398+0000] {processor.py:925} INFO - DAG(s) 'flex_eau_pipeline' retrieved from /opt/airflow/dags/flex_eau_pipeline.py
[2026-07-28T02:52:55.448+0000] {logging_mixin.py:190} INFO - [2026-07-28T02:52:55.448+0000] {dag.py:3211} INFO - Sync 1 DAGs
[2026-07-28T02:52:55.489+0000] {logging_mixin.py:190} INFO - [2026-07-28T02:52:55.488+0000] {dag.py:4138} INFO - Setting next_dagrun for flex_eau_pipeline to 2026-07-28 00:00:00+00:00, run_after=2026-07-29 00:00:00+00:00
[2026-07-28T02:52:55.522+0000] {processor.py:208} INFO - Processing /opt/airflow/dags/flex_eau_pipeline.py took 0.192 seconds
[2026-07-28T02:53:26.102+0000] {processor.py:186} INFO - Started process (PID=5583) to work on /opt/airflow/dags/flex_eau_pipeline.py
[2026-07-28T02:53:26.107+0000] {processor.py:914} INFO - Processing file /opt/airflow/dags/flex_eau_pipeline.py for tasks to queue
[2026-07-28T02:53:26.113+0000] {logging_mixin.py:190} INFO - [2026-07-28T02:53:26.113+0000] {dagbag.py:587} INFO - Filling up the DagBag from /opt/airflow/dags/flex_eau_pipeline.py
[2026-07-28T02:53:26.263+0000] {processor.py:925} INFO - DAG(s) 'flex_eau_pipeline' retrieved from /opt/airflow/dags/flex_eau_pipeline.py
[2026-07-28T02:53:26.330+0000] {logging_mixin.py:190} INFO - [2026-07-28T02:53:26.329+0000] {dag.py:3211} INFO - Sync 1 DAGs
[2026-07-28T02:53:26.364+0000] {logging_mixin.py:190} INFO - [2026-07-28T02:53:26.364+0000] {dag.py:4138} INFO - Setting next_dagrun for flex_eau_pipeline to 2026-07-28 00:00:00+00:00, run_after=2026-07-29 00:00:00+00:00
[2026-07-28T02:53:26.399+0000] {processor.py:208} INFO - Processing /opt/airflow/dags/flex_eau_pipeline.py took 0.347 seconds
[2026-07-28T02:53:56.591+0000] {processor.py:186} INFO - Started process (PID=5588) to work on /opt/airflow/dags/flex_eau_pipeline.py
[2026-07-28T02:53:56.593+0000] {processor.py:914} INFO - Processing file /opt/airflow/dags/flex_eau_pipeline.py for tasks to queue
[2026-07-28T02:53:56.597+0000] {logging_mixin.py:190} INFO - [2026-07-28T02:53:56.596+0000] {dagbag.py:587} INFO - Filling up the DagBag from /opt/airflow/dags/flex_eau_pipeline.py
[2026-07-28T02:53:56.647+0000] {processor.py:925} INFO - DAG(s) 'flex_eau_pipeline' retrieved from /opt/airflow/dags/flex_eau_pipeline.py
[2026-07-28T02:53:56.697+0000] {logging_mixin.py:190} INFO - [2026-07-28T02:53:56.696+0000] {dag.py:3211} INFO - Sync 1 DAGs
[2026-07-28T02:53:56.737+0000] {logging_mixin.py:190} INFO - [2026-07-28T02:53:56.737+0000] {dag.py:4138} INFO - Setting next_dagrun for flex_eau_pipeline to 2026-07-28 00:00:00+00:00, run_after=2026-07-29 00:00:00+00:00
[2026-07-28T02:53:56.779+0000] {processor.py:208} INFO - Processing /opt/airflow/dags/flex_eau_pipeline.py took 0.200 seconds
[2026-07-28T02:54:27.203+0000] {processor.py:186} INFO - Started process (PID=5593) to work on /opt/airflow/dags/flex_eau_pipeline.py
[2026-07-28T02:54:27.205+0000] {processor.py:914} INFO - Processing file /opt/airflow/dags/flex_eau_pipeline.py for tasks to queue
[2026-07-28T02:54:27.208+0000] {logging_mixin.py:190} INFO - [2026-07-28T02:54:27.208+0000] {dagbag.py:587} INFO - Filling up the DagBag from /opt/airflow/dags/flex_eau_pipeline.py
[2026-07-28T02:54:27.248+0000] {processor.py:925} INFO - DAG(s) 'flex_eau_pipeline' retrieved from /opt/airflow/dags/flex_eau_pipeline.py
[2026-07-28T02:54:27.303+0000] {logging_mixin.py:190} INFO - [2026-07-28T02:54:27.302+0000] {dag.py:3211} INFO - Sync 1 DAGs
[2026-07-28T02:54:27.341+0000] {logging_mixin.py:190} INFO - [2026-07-28T02:54:27.341+0000] {dag.py:4138} INFO - Setting next_dagrun for flex_eau_pipeline to 2026-07-28 00:00:00+00:00, run_after=2026-07-29 00:00:00+00:00
[2026-07-28T02:54:27.375+0000] {processor.py:208} INFO - Processing /opt/airflow/dags/flex_eau_pipeline.py took 0.180 seconds
[2026-07-28T02:54:57.838+0000] {processor.py:186} INFO - Started process (PID=5598) to work on /opt/airflow/dags/flex_eau_pipeline.py
[2026-07-28T02:54:57.840+0000] {processor.py:914} INFO - Processing file /opt/airflow/dags/flex_eau_pipeline.py for tasks to queue
[2026-07-28T02:54:57.846+0000] {logging_mixin.py:190} INFO - [2026-07-28T02:54:57.845+0000] {dagbag.py:587} INFO - Filling up the DagBag from /opt/airflow/dags/flex_eau_pipeline.py
[2026-07-28T02:54:57.926+0000] {processor.py:925} INFO - DAG(s) 'flex_eau_pipeline' retrieved from /opt/airflow/dags/flex_eau_pipeline.py
[2026-07-28T02:54:57.996+0000] {logging_mixin.py:190} INFO - [2026-07-28T02:54:57.996+0000] {dag.py:3211} INFO - Sync 1 DAGs
[2026-07-28T02:54:58.033+0000] {logging_mixin.py:190} INFO - [2026-07-28T02:54:58.032+0000] {dag.py:4138} INFO - Setting next_dagrun for flex_eau_pipeline to 2026-07-28 00:00:00+00:00, run_after=2026-07-29 00:00:00+00:00
[2026-07-28T02:54:58.071+0000] {processor.py:208} INFO - Processing /opt/airflow/dags/flex_eau_pipeline.py took 0.251 seconds
[2026-07-28T02:55:28.638+0000] {processor.py:186} INFO - Started process (PID=5603) to work on /opt/airflow/dags/flex_eau_pipeline.py
[2026-07-28T02:55:28.641+0000] {processor.py:914} INFO - Processing file /opt/airflow/dags/flex_eau_pipeline.py for tasks to queue
[2026-07-28T02:55:28.645+0000] {logging_mixin.py:190} INFO - [2026-07-28T02:55:28.645+0000] {dagbag.py:587} INFO - Filling up the DagBag from /opt/airflow/dags/flex_eau_pipeline.py
[2026-07-28T02:55:28.686+0000] {processor.py:925} INFO - DAG(s) 'flex_eau_pipeline' retrieved from /opt/airflow/dags/flex_eau_pipeline.py
[2026-07-28T02:55:28.729+0000] {logging_mixin.py:190} INFO - [2026-07-28T02:55:28.729+0000] {dag.py:3211} INFO - Sync 1 DAGs
[2026-07-28T02:55:28.766+0000] {logging_mixin.py:190} INFO - [2026-07-28T02:55:28.766+0000] {dag.py:4138} INFO - Setting next_dagrun for flex_eau_pipeline to 2026-07-28 00:00:00+00:00, run_after=2026-07-29 00:00:00+00:00
[2026-07-28T02:55:28.807+0000] {processor.py:208} INFO - Processing /opt/airflow/dags/flex_eau_pipeline.py took 0.180 seconds
[2026-07-28T02:55:59.220+0000] {processor.py:186} INFO - Started process (PID=5608) to work on /opt/airflow/dags/flex_eau_pipeline.py
[2026-07-28T02:55:59.222+0000] {processor.py:914} INFO - Processing file /opt/airflow/dags/flex_eau_pipeline.py for tasks to queue
[2026-07-28T02:55:59.225+0000] {logging_mixin.py:190} INFO - [2026-07-28T02:55:59.225+0000] {dagbag.py:587} INFO - Filling up the DagBag from /opt/airflow/dags/flex_eau_pipeline.py
[2026-07-28T02:55:59.262+0000] {processor.py:925} INFO - DAG(s) 'flex_eau_pipeline' retrieved from /opt/airflow/dags/flex_eau_pipeline.py
[2026-07-28T02:55:59.325+0000] {logging_mixin.py:190} INFO - [2026-07-28T02:55:59.324+0000] {dag.py:3211} INFO - Sync 1 DAGs
[2026-07-28T02:55:59.357+0000] {logging_mixin.py:190} INFO - [2026-07-28T02:55:59.357+0000] {dag.py:4138} INFO - Setting next_dagrun for flex_eau_pipeline to 2026-07-28 00:00:00+00:00, run_after=2026-07-29 00:00:00+00:00
[2026-07-28T02:55:59.385+0000] {processor.py:208} INFO - Processing /opt/airflow/dags/flex_eau_pipeline.py took 0.175 seconds
[2026-07-28T02:56:30.225+0000] {processor.py:186} INFO - Started process (PID=5613) to work on /opt/airflow/dags/flex_eau_pipeline.py
[2026-07-28T02:56:30.227+0000] {processor.py:914} INFO - Processing file /opt/airflow/dags/flex_eau_pipeline.py for tasks to queue
[2026-07-28T02:56:30.230+0000] {logging_mixin.py:190} INFO - [2026-07-28T02:56:30.230+0000] {dagbag.py:587} INFO - Filling up the DagBag from /opt/airflow/dags/flex_eau_pipeline.py
[2026-07-28T02:56:30.266+0000] {processor.py:925} INFO - DAG(s) 'flex_eau_pipeline' retrieved from /opt/airflow/dags/flex_eau_pipeline.py
[2026-07-28T02:56:30.322+0000] {logging_mixin.py:190} INFO - [2026-07-28T02:56:30.321+0000] {dag.py:3211} INFO - Sync 1 DAGs
[2026-07-28T02:56:30.370+0000] {logging_mixin.py:190} INFO - [2026-07-28T02:56:30.370+0000] {dag.py:4138} INFO - Setting next_dagrun for flex_eau_pipeline to 2026-07-28 00:00:00+00:00, run_after=2026-07-29 00:00:00+00:00
[2026-07-28T02:56:30.416+0000] {processor.py:208} INFO - Processing /opt/airflow/dags/flex_eau_pipeline.py took 0.199 seconds
[2026-07-28T02:57:00.873+0000] {processor.py:186} INFO - Started process (PID=5618) to work on /opt/airflow/dags/flex_eau_pipeline.py
[2026-07-28T02:57:00.875+0000] {processor.py:914} INFO - Processing file /opt/airflow/dags/flex_eau_pipeline.py for tasks to queue
[2026-07-28T02:57:00.880+0000] {logging_mixin.py:190} INFO - [2026-07-28T02:57:00.879+0000] {dagbag.py:587} INFO - Filling up the DagBag from /opt/airflow/dags/flex_eau_pipeline.py
[2026-07-28T02:57:00.926+0000] {processor.py:925} INFO - DAG(s) 'flex_eau_pipeline' retrieved from /opt/airflow/dags/flex_eau_pipeline.py
[2026-07-28T02:57:00.980+0000] {logging_mixin.py:190} INFO - [2026-07-28T02:57:00.980+0000] {dag.py:3211} INFO - Sync 1 DAGs
[2026-07-28T02:57:01.015+0000] {logging_mixin.py:190} INFO - [2026-07-28T02:57:01.015+0000] {dag.py:4138} INFO - Setting next_dagrun for flex_eau_pipeline to 2026-07-28 00:00:00+00:00, run_after=2026-07-29 00:00:00+00:00
[2026-07-28T02:57:01.047+0000] {processor.py:208} INFO - Processing /opt/airflow/dags/flex_eau_pipeline.py took 0.188 seconds
[2026-07-28T02:57:31.638+0000] {processor.py:186} INFO - Started process (PID=5623) to work on /opt/airflow/dags/flex_eau_pipeline.py
[2026-07-28T02:57:31.640+0000] {processor.py:914} INFO - Processing file /opt/airflow/dags/flex_eau_pipeline.py for tasks to queue
[2026-07-28T02:57:31.652+0000] {logging_mixin.py:190} INFO - [2026-07-28T02:57:31.652+0000] {dagbag.py:587} INFO - Filling up the DagBag from /opt/airflow/dags/flex_eau_pipeline.py
[2026-07-28T02:57:31.695+0000] {processor.py:925} INFO - DAG(s) 'flex_eau_pipeline' retrieved from /opt/airflow/dags/flex_eau_pipeline.py
[2026-07-28T02:57:31.746+0000] {logging_mixin.py:190} INFO - [2026-07-28T02:57:31.746+0000] {dag.py:3211} INFO - Sync 1 DAGs
[2026-07-28T02:57:31.784+0000] {logging_mixin.py:190} INFO - [2026-07-28T02:57:31.783+0000] {dag.py:4138} INFO - Setting next_dagrun for flex_eau_pipeline to 2026-07-28 00:00:00+00:00, run_after=2026-07-29 00:00:00+00:00
[2026-07-28T02:57:31.830+0000] {processor.py:208} INFO - Processing /opt/airflow/dags/flex_eau_pipeline.py took 0.211 seconds
[2026-07-28T02:58:02.427+0000] {processor.py:186} INFO - Started process (PID=5628) to work on /opt/airflow/dags/flex_eau_pipeline.py
[2026-07-28T02:58:02.428+0000] {processor.py:914} INFO - Processing file /opt/airflow/dags/flex_eau_pipeline.py for tasks to queue
[2026-07-28T02:58:02.432+0000] {logging_mixin.py:190} INFO - [2026-07-28T02:58:02.431+0000] {dagbag.py:587} INFO - Filling up the DagBag from /opt/airflow/dags/flex_eau_pipeline.py
[2026-07-28T02:58:02.473+0000] {processor.py:925} INFO - DAG(s) 'flex_eau_pipeline' retrieved from /opt/airflow/dags/flex_eau_pipeline.py
[2026-07-28T02:58:02.549+0000] {logging_mixin.py:190} INFO - [2026-07-28T02:58:02.548+0000] {dag.py:3211} INFO - Sync 1 DAGs
[2026-07-28T02:58:02.597+0000] {logging_mixin.py:190} INFO - [2026-07-28T02:58:02.597+0000] {dag.py:4138} INFO - Setting next_dagrun for flex_eau_pipeline to 2026-07-28 00:00:00+00:00, run_after=2026-07-29 00:00:00+00:00
[2026-07-28T02:58:02.634+0000] {processor.py:208} INFO - Processing /opt/airflow/dags/flex_eau_pipeline.py took 0.216 seconds
[2026-07-28T02:58:33.160+0000] {processor.py:186} INFO - Started process (PID=5633) to work on /opt/airflow/dags/flex_eau_pipeline.py
[2026-07-28T02:58:33.161+0000] {processor.py:914} INFO - Processing file /opt/airflow/dags/flex_eau_pipeline.py for tasks to queue
[2026-07-28T02:58:33.165+0000] {logging_mixin.py:190} INFO - [2026-07-28T02:58:33.165+0000] {dagbag.py:587} INFO - Filling up the DagBag from /opt/airflow/dags/flex_eau_pipeline.py
[2026-07-28T02:58:33.209+0000] {processor.py:925} INFO - DAG(s) 'flex_eau_pipeline' retrieved from /opt/airflow/dags/flex_eau_pipeline.py
[2026-07-28T02:58:33.257+0000] {logging_mixin.py:190} INFO - [2026-07-28T02:58:33.257+0000] {dag.py:3211} INFO - Sync 1 DAGs
[2026-07-28T02:58:33.290+0000] {logging_mixin.py:190} INFO - [2026-07-28T02:58:33.290+0000] {dag.py:4138} INFO - Setting next_dagrun for flex_eau_pipeline to 2026-07-28 00:00:00+00:00, run_after=2026-07-29 00:00:00+00:00
[2026-07-28T02:58:33.336+0000] {processor.py:208} INFO - Processing /opt/airflow/dags/flex_eau_pipeline.py took 0.185 seconds
[2026-07-28T02:59:03.993+0000] {processor.py:186} INFO - Started process (PID=5638) to work on /opt/airflow/dags/flex_eau_pipeline.py
[2026-07-28T02:59:03.994+0000] {processor.py:914} INFO - Processing file /opt/airflow/dags/flex_eau_pipeline.py for tasks to queue
[2026-07-28T02:59:03.998+0000] {logging_mixin.py:190} INFO - [2026-07-28T02:59:03.998+0000] {dagbag.py:587} INFO - Filling up the DagBag from /opt/airflow/dags/flex_eau_pipeline.py
[2026-07-28T02:59:04.032+0000] {processor.py:925} INFO - DAG(s) 'flex_eau_pipeline' retrieved from /opt/airflow/dags/flex_eau_pipeline.py
[2026-07-28T02:59:04.077+0000] {logging_mixin.py:190} INFO - [2026-07-28T02:59:04.077+0000] {dag.py:3211} INFO - Sync 1 DAGs
[2026-07-28T02:59:04.127+0000] {logging_mixin.py:190} INFO - [2026-07-28T02:59:04.127+0000] {dag.py:4138} INFO - Setting next_dagrun for flex_eau_pipeline to 2026-07-28 00:00:00+00:00, run_after=2026-07-29 00:00:00+00:00
[2026-07-28T02:59:04.182+0000] {processor.py:208} INFO - Processing /opt/airflow/dags/flex_eau_pipeline.py took 0.199 seconds
[2026-07-28T02:59:34.724+0000] {processor.py:186} INFO - Started process (PID=5643) to work on /opt/airflow/dags/flex_eau_pipeline.py
[2026-07-28T02:59:34.727+0000] {processor.py:914} INFO - Processing file /opt/airflow/dags/flex_eau_pipeline.py for tasks to queue
[2026-07-28T02:59:34.734+0000] {logging_mixin.py:190} INFO - [2026-07-28T02:59:34.734+0000] {dagbag.py:587} INFO - Filling up the DagBag from /opt/airflow/dags/flex_eau_pipeline.py
[2026-07-28T02:59:34.816+0000] {processor.py:925} INFO - DAG(s) 'flex_eau_pipeline' retrieved from /opt/airflow/dags/flex_eau_pipeline.py
[2026-07-28T02:59:34.934+0000] {logging_mixin.py:190} INFO - [2026-07-28T02:59:34.934+0000] {dag.py:3211} INFO - Sync 1 DAGs
[2026-07-28T02:59:35.010+0000] {logging_mixin.py:190} INFO - [2026-07-28T02:59:35.009+0000] {dag.py:4138} INFO - Setting next_dagrun for flex_eau_pipeline to 2026-07-28 00:00:00+00:00, run_after=2026-07-29 00:00:00+00:00
[2026-07-28T02:59:35.071+0000] {processor.py:208} INFO - Processing /opt/airflow/dags/flex_eau_pipeline.py took 0.368 seconds
[2026-07-28T03:00:05.531+0000] {processor.py:186} INFO - Started process (PID=5648) to work on /opt/airflow/dags/flex_eau_pipeline.py
[2026-07-28T03:00:05.532+0000] {processor.py:914} INFO - Processing file /opt/airflow/dags/flex_eau_pipeline.py for tasks to queue
[2026-07-28T03:00:05.537+0000] {logging_mixin.py:190} INFO - [2026-07-28T03:00:05.536+0000] {dagbag.py:587} INFO - Filling up the DagBag from /opt/airflow/dags/flex_eau_pipeline.py
[2026-07-28T03:00:05.578+0000] {processor.py:925} INFO - DAG(s) 'flex_eau_pipeline' retrieved from /opt/airflow/dags/flex_eau_pipeline.py
[2026-07-28T03:00:05.629+0000] {logging_mixin.py:190} INFO - [2026-07-28T03:00:05.629+0000] {dag.py:3211} INFO - Sync 1 DAGs
[2026-07-28T03:00:05.662+0000] {logging_mixin.py:190} INFO - [2026-07-28T03:00:05.662+0000] {dag.py:4138} INFO - Setting next_dagrun for flex_eau_pipeline to 2026-07-28 00:00:00+00:00, run_after=2026-07-29 00:00:00+00:00
[2026-07-28T03:00:05.689+0000] {processor.py:208} INFO - Processing /opt/airflow/dags/flex_eau_pipeline.py took 0.170 seconds
[2026-07-28T03:00:36.411+0000] {processor.py:186} INFO - Started process (PID=5653) to work on /opt/airflow/dags/flex_eau_pipeline.py
[2026-07-28T03:00:36.412+0000] {processor.py:914} INFO - Processing file /opt/airflow/dags/flex_eau_pipeline.py for tasks to queue
[2026-07-28T03:00:36.415+0000] {logging_mixin.py:190} INFO - [2026-07-28T03:00:36.415+0000] {dagbag.py:587} INFO - Filling up the DagBag from /opt/airflow/dags/flex_eau_pipeline.py
[2026-07-28T03:00:36.474+0000] {processor.py:925} INFO - DAG(s) 'flex_eau_pipeline' retrieved from /opt/airflow/dags/flex_eau_pipeline.py
[2026-07-28T03:00:36.524+0000] {logging_mixin.py:190} INFO - [2026-07-28T03:00:36.524+0000] {dag.py:3211} INFO - Sync 1 DAGs
[2026-07-28T03:00:36.568+0000] {logging_mixin.py:190} INFO - [2026-07-28T03:00:36.567+0000] {dag.py:4138} INFO - Setting next_dagrun for flex_eau_pipeline to 2026-07-28 00:00:00+00:00, run_after=2026-07-29 00:00:00+00:00
[2026-07-28T03:00:36.618+0000] {processor.py:208} INFO - Processing /opt/airflow/dags/flex_eau_pipeline.py took 0.216 seconds
[2026-07-28T03:01:07.037+0000] {processor.py:186} INFO - Started process (PID=5658) to work on /opt/airflow/dags/flex_eau_pipeline.py
[2026-07-28T03:01:07.039+0000] {processor.py:914} INFO - Processing file /opt/airflow/dags/flex_eau_pipeline.py for tasks to queue
[2026-07-28T03:01:07.041+0000] {logging_mixin.py:190} INFO - [2026-07-28T03:01:07.041+0000] {dagbag.py:587} INFO - Filling up the DagBag from /opt/airflow/dags/flex_eau_pipeline.py
[2026-07-28T03:01:07.077+0000] {processor.py:925} INFO - DAG(s) 'flex_eau_pipeline' retrieved from /opt/airflow/dags/flex_eau_pipeline.py
[2026-07-28T03:01:07.122+0000] {logging_mixin.py:190} INFO - [2026-07-28T03:01:07.122+0000] {dag.py:3211} INFO - Sync 1 DAGs
[2026-07-28T03:01:07.157+0000] {logging_mixin.py:190} INFO - [2026-07-28T03:01:07.157+0000] {dag.py:4138} INFO - Setting next_dagrun for flex_eau_pipeline to 2026-07-28 00:00:00+00:00, run_after=2026-07-29 00:00:00+00:00
[2026-07-28T03:01:07.200+0000] {processor.py:208} INFO - Processing /opt/airflow/dags/flex_eau_pipeline.py took 0.171 seconds
[2026-07-28T03:01:37.862+0000] {processor.py:186} INFO - Started process (PID=5663) to work on /opt/airflow/dags/flex_eau_pipeline.py
[2026-07-28T03:01:37.863+0000] {processor.py:914} INFO - Processing file /opt/airflow/dags/flex_eau_pipeline.py for tasks to queue
[2026-07-28T03:01:37.866+0000] {logging_mixin.py:190} INFO - [2026-07-28T03:01:37.866+0000] {dagbag.py:587} INFO - Filling up the DagBag from /opt/airflow/dags/flex_eau_pipeline.py
[2026-07-28T03:01:37.899+0000] {processor.py:925} INFO - DAG(s) 'flex_eau_pipeline' retrieved from /opt/airflow/dags/flex_eau_pipeline.py
[2026-07-28T03:01:37.954+0000] {logging_mixin.py:190} INFO - [2026-07-28T03:01:37.953+0000] {dag.py:3211} INFO - Sync 1 DAGs
[2026-07-28T03:01:37.991+0000] {logging_mixin.py:190} INFO - [2026-07-28T03:01:37.990+0000] {dag.py:4138} INFO - Setting next_dagrun for flex_eau_pipeline to 2026-07-28 00:00:00+00:00, run_after=2026-07-29 00:00:00+00:00
[2026-07-28T03:01:38.031+0000] {processor.py:208} INFO - Processing /opt/airflow/dags/flex_eau_pipeline.py took 0.177 seconds
[2026-07-28T03:02:08.516+0000] {processor.py:186} INFO - Started process (PID=5668) to work on /opt/airflow/dags/flex_eau_pipeline.py
[2026-07-28T03:02:08.518+0000] {processor.py:914} INFO - Processing file /opt/airflow/dags/flex_eau_pipeline.py for tasks to queue
[2026-07-28T03:02:08.524+0000] {logging_mixin.py:190} INFO - [2026-07-28T03:02:08.524+0000] {dagbag.py:587} INFO - Filling up the DagBag from /opt/airflow/dags/flex_eau_pipeline.py
[2026-07-28T03:02:08.602+0000] {processor.py:925} INFO - DAG(s) 'flex_eau_pipeline' retrieved from /opt/airflow/dags/flex_eau_pipeline.py
[2026-07-28T03:02:08.674+0000] {logging_mixin.py:190} INFO - [2026-07-28T03:02:08.674+0000] {dag.py:3211} INFO - Sync 1 DAGs
[2026-07-28T03:02:08.707+0000] {logging_mixin.py:190} INFO - [2026-07-28T03:02:08.707+0000] {dag.py:4138} INFO - Setting next_dagrun for flex_eau_pipeline to 2026-07-28 00:00:00+00:00, run_after=2026-07-29 00:00:00+00:00
[2026-07-28T03:02:08.747+0000] {processor.py:208} INFO - Processing /opt/airflow/dags/flex_eau_pipeline.py took 0.248 seconds
[2026-07-28T03:02:39.502+0000] {processor.py:186} INFO - Started process (PID=5673) to work on /opt/airflow/dags/flex_eau_pipeline.py
[2026-07-28T03:02:39.507+0000] {processor.py:914} INFO - Processing file /opt/airflow/dags/flex_eau_pipeline.py for tasks to queue
[2026-07-28T03:02:39.517+0000] {logging_mixin.py:190} INFO - [2026-07-28T03:02:39.516+0000] {dagbag.py:587} INFO - Filling up the DagBag from /opt/airflow/dags/flex_eau_pipeline.py
[2026-07-28T03:02:39.601+0000] {processor.py:925} INFO - DAG(s) 'flex_eau_pipeline' retrieved from /opt/airflow/dags/flex_eau_pipeline.py
[2026-07-28T03:02:39.651+0000] {logging_mixin.py:190} INFO - [2026-07-28T03:02:39.651+0000] {dag.py:3211} INFO - Sync 1 DAGs
[2026-07-28T03:02:39.689+0000] {logging_mixin.py:190} INFO - [2026-07-28T03:02:39.688+0000] {dag.py:4138} INFO - Setting next_dagrun for flex_eau_pipeline to 2026-07-28 00:00:00+00:00, run_after=2026-07-29 00:00:00+00:00
[2026-07-28T03:02:39.716+0000] {processor.py:208} INFO - Processing /opt/airflow/dags/flex_eau_pipeline.py took 0.245 seconds
[2026-07-28T03:03:10.264+0000] {processor.py:186} INFO - Started process (PID=5678) to work on /opt/airflow/dags/flex_eau_pipeline.py
[2026-07-28T03:03:10.267+0000] {processor.py:914} INFO - Processing file /opt/airflow/dags/flex_eau_pipeline.py for tasks to queue
[2026-07-28T03:03:10.274+0000] {logging_mixin.py:190} INFO - [2026-07-28T03:03:10.273+0000] {dagbag.py:587} INFO - Filling up the DagBag from /opt/airflow/dags/flex_eau_pipeline.py
[2026-07-28T03:03:10.354+0000] {processor.py:925} INFO - DAG(s) 'flex_eau_pipeline' retrieved from /opt/airflow/dags/flex_eau_pipeline.py
[2026-07-28T03:03:10.399+0000] {logging_mixin.py:190} INFO - [2026-07-28T03:03:10.398+0000] {dag.py:3211} INFO - Sync 1 DAGs
[2026-07-28T03:03:10.431+0000] {logging_mixin.py:190} INFO - [2026-07-28T03:03:10.431+0000] {dag.py:4138} INFO - Setting next_dagrun for flex_eau_pipeline to 2026-07-28 00:00:00+00:00, run_after=2026-07-29 00:00:00+00:00
[2026-07-28T03:03:10.460+0000] {processor.py:208} INFO - Processing /opt/airflow/dags/flex_eau_pipeline.py took 0.217 seconds
[2026-07-28T03:03:41.087+0000] {processor.py:186} INFO - Started process (PID=5683) to work on /opt/airflow/dags/flex_eau_pipeline.py
[2026-07-28T03:03:41.088+0000] {processor.py:914} INFO - Processing file /opt/airflow/dags/flex_eau_pipeline.py for tasks to queue
[2026-07-28T03:03:41.091+0000] {logging_mixin.py:190} INFO - [2026-07-28T03:03:41.091+0000] {dagbag.py:587} INFO - Filling up the DagBag from /opt/airflow/dags/flex_eau_pipeline.py
[2026-07-28T03:03:41.124+0000] {processor.py:925} INFO - DAG(s) 'flex_eau_pipeline' retrieved from /opt/airflow/dags/flex_eau_pipeline.py
[2026-07-28T03:03:41.166+0000] {logging_mixin.py:190} INFO - [2026-07-28T03:03:41.166+0000] {dag.py:3211} INFO - Sync 1 DAGs
[2026-07-28T03:03:41.198+0000] {logging_mixin.py:190} INFO - [2026-07-28T03:03:41.198+0000] {dag.py:4138} INFO - Setting next_dagrun for flex_eau_pipeline to 2026-07-28 00:00:00+00:00, run_after=2026-07-29 00:00:00+00:00
[2026-07-28T03:03:41.232+0000] {processor.py:208} INFO - Processing /opt/airflow/dags/flex_eau_pipeline.py took 0.152 seconds
[2026-07-28T03:04:11.741+0000] {processor.py:186} INFO - Started process (PID=5688) to work on /opt/airflow/dags/flex_eau_pipeline.py
[2026-07-28T03:04:11.742+0000] {processor.py:914} INFO - Processing file /opt/airflow/dags/flex_eau_pipeline.py for tasks to queue
[2026-07-28T03:04:11.746+0000] {logging_mixin.py:190} INFO - [2026-07-28T03:04:11.746+0000] {dagbag.py:587} INFO - Filling up the DagBag from /opt/airflow/dags/flex_eau_pipeline.py
[2026-07-28T03:04:11.785+0000] {processor.py:925} INFO - DAG(s) 'flex_eau_pipeline' retrieved from /opt/airflow/dags/flex_eau_pipeline.py
[2026-07-28T03:04:11.838+0000] {logging_mixin.py:190} INFO - [2026-07-28T03:04:11.838+0000] {dag.py:3211} INFO - Sync 1 DAGs
[2026-07-28T03:04:11.878+0000] {logging_mixin.py:190} INFO - [2026-07-28T03:04:11.877+0000] {dag.py:4138} INFO - Setting next_dagrun for flex_eau_pipeline to 2026-07-28 00:00:00+00:00, run_after=2026-07-29 00:00:00+00:00
[2026-07-28T03:04:11.911+0000] {processor.py:208} INFO - Processing /opt/airflow/dags/flex_eau_pipeline.py took 0.179 seconds
[2026-07-28T03:04:42.518+0000] {processor.py:186} INFO - Started process (PID=5693) to work on /opt/airflow/dags/flex_eau_pipeline.py
[2026-07-28T03:04:42.519+0000] {processor.py:914} INFO - Processing file /opt/airflow/dags/flex_eau_pipeline.py for tasks to queue
[2026-07-28T03:04:42.523+0000] {logging_mixin.py:190} INFO - [2026-07-28T03:04:42.522+0000] {dagbag.py:587} INFO - Filling up the DagBag from /opt/airflow/dags/flex_eau_pipeline.py
[2026-07-28T03:04:42.564+0000] {processor.py:925} INFO - DAG(s) 'flex_eau_pipeline' retrieved from /opt/airflow/dags/flex_eau_pipeline.py
[2026-07-28T03:04:42.612+0000] {logging_mixin.py:190} INFO - [2026-07-28T03:04:42.612+0000] {dag.py:3211} INFO - Sync 1 DAGs
[2026-07-28T03:04:42.658+0000] {logging_mixin.py:190} INFO - [2026-07-28T03:04:42.658+0000] {dag.py:4138} INFO - Setting next_dagrun for flex_eau_pipeline to 2026-07-28 00:00:00+00:00, run_after=2026-07-29 00:00:00+00:00
[2026-07-28T03:04:42.697+0000] {processor.py:208} INFO - Processing /opt/airflow/dags/flex_eau_pipeline.py took 0.188 seconds
[2026-07-28T03:05:13.241+0000] {processor.py:186} INFO - Started process (PID=5698) to work on /opt/airflow/dags/flex_eau_pipeline.py
[2026-07-28T03:05:13.243+0000] {processor.py:914} INFO - Processing file /opt/airflow/dags/flex_eau_pipeline.py for tasks to queue
[2026-07-28T03:05:13.248+0000] {logging_mixin.py:190} INFO - [2026-07-28T03:05:13.247+0000] {dagbag.py:587} INFO - Filling up the DagBag from /opt/airflow/dags/flex_eau_pipeline.py
[2026-07-28T03:05:13.300+0000] {processor.py:925} INFO - DAG(s) 'flex_eau_pipeline' retrieved from /opt/airflow/dags/flex_eau_pipeline.py
[2026-07-28T03:05:13.349+0000] {logging_mixin.py:190} INFO - [2026-07-28T03:05:13.348+0000] {dag.py:3211} INFO - Sync 1 DAGs
[2026-07-28T03:05:13.388+0000] {logging_mixin.py:190} INFO - [2026-07-28T03:05:13.388+0000] {dag.py:4138} INFO - Setting next_dagrun for flex_eau_pipeline to 2026-07-28 00:00:00+00:00, run_after=2026-07-29 00:00:00+00:00
[2026-07-28T03:05:13.424+0000] {processor.py:208} INFO - Processing /opt/airflow/dags/flex_eau_pipeline.py took 0.197 seconds
[2026-07-28T03:05:43.995+0000] {processor.py:186} INFO - Started process (PID=5703) to work on /opt/airflow/dags/flex_eau_pipeline.py
[2026-07-28T03:05:43.996+0000] {processor.py:914} INFO - Processing file /opt/airflow/dags/flex_eau_pipeline.py for tasks to queue
[2026-07-28T03:05:44.000+0000] {logging_mixin.py:190} INFO - [2026-07-28T03:05:43.999+0000] {dagbag.py:587} INFO - Filling up the DagBag from /opt/airflow/dags/flex_eau_pipeline.py
[2026-07-28T03:05:44.043+0000] {processor.py:925} INFO - DAG(s) 'flex_eau_pipeline' retrieved from /opt/airflow/dags/flex_eau_pipeline.py
[2026-07-28T03:05:44.090+0000] {logging_mixin.py:190} INFO - [2026-07-28T03:05:44.090+0000] {dag.py:3211} INFO - Sync 1 DAGs
[2026-07-28T03:05:44.120+0000] {logging_mixin.py:190} INFO - [2026-07-28T03:05:44.119+0000] {dag.py:4138} INFO - Setting next_dagrun for flex_eau_pipeline to 2026-07-28 00:00:00+00:00, run_after=2026-07-29 00:00:00+00:00
[2026-07-28T03:05:44.146+0000] {processor.py:208} INFO - Processing /opt/airflow/dags/flex_eau_pipeline.py took 0.164 seconds
[2026-07-28T03:06:14.860+0000] {processor.py:186} INFO - Started process (PID=5708) to work on /opt/airflow/dags/flex_eau_pipeline.py
[2026-07-28T03:06:14.861+0000] {processor.py:914} INFO - Processing file /opt/airflow/dags/flex_eau_pipeline.py for tasks to queue
[2026-07-28T03:06:14.864+0000] {logging_mixin.py:190} INFO - [2026-07-28T03:06:14.864+0000] {dagbag.py:587} INFO - Filling up the DagBag from /opt/airflow/dags/flex_eau_pipeline.py
[2026-07-28T03:06:14.901+0000] {processor.py:925} INFO - DAG(s) 'flex_eau_pipeline' retrieved from /opt/airflow/dags/flex_eau_pipeline.py
[2026-07-28T03:06:14.951+0000] {logging_mixin.py:190} INFO - [2026-07-28T03:06:14.951+0000] {dag.py:3211} INFO - Sync 1 DAGs
[2026-07-28T03:06:14.992+0000] {logging_mixin.py:190} INFO - [2026-07-28T03:06:14.992+0000] {dag.py:4138} INFO - Setting next_dagrun for flex_eau_pipeline to 2026-07-28 00:00:00+00:00, run_after=2026-07-29 00:00:00+00:00
[2026-07-28T03:06:15.036+0000] {processor.py:208} INFO - Processing /opt/airflow/dags/flex_eau_pipeline.py took 0.185 seconds
[2026-07-28T03:06:45.580+0000] {processor.py:186} INFO - Started process (PID=5713) to work on /opt/airflow/dags/flex_eau_pipeline.py
[2026-07-28T03:06:45.582+0000] {processor.py:914} INFO - Processing file /opt/airflow/dags/flex_eau_pipeline.py for tasks to queue
[2026-07-28T03:06:45.586+0000] {logging_mixin.py:190} INFO - [2026-07-28T03:06:45.585+0000] {dagbag.py:587} INFO - Filling up the DagBag from /opt/airflow/dags/flex_eau_pipeline.py
[2026-07-28T03:06:45.622+0000] {processor.py:925} INFO - DAG(s) 'flex_eau_pipeline' retrieved from /opt/airflow/dags/flex_eau_pipeline.py
[2026-07-28T03:06:45.677+0000] {logging_mixin.py:190} INFO - [2026-07-28T03:06:45.677+0000] {dag.py:3211} INFO - Sync 1 DAGs
[2026-07-28T03:06:45.724+0000] {logging_mixin.py:190} INFO - [2026-07-28T03:06:45.723+0000] {dag.py:4138} INFO - Setting next_dagrun for flex_eau_pipeline to 2026-07-28 00:00:00+00:00, run_after=2026-07-29 00:00:00+00:00
[2026-07-28T03:06:45.773+0000] {processor.py:208} INFO - Processing /opt/airflow/dags/flex_eau_pipeline.py took 0.207 seconds
[2026-07-28T03:07:16.397+0000] {processor.py:186} INFO - Started process (PID=5718) to work on /opt/airflow/dags/flex_eau_pipeline.py
[2026-07-28T03:07:16.398+0000] {processor.py:914} INFO - Processing file /opt/airflow/dags/flex_eau_pipeline.py for tasks to queue
[2026-07-28T03:07:16.401+0000] {logging_mixin.py:190} INFO - [2026-07-28T03:07:16.401+0000] {dagbag.py:587} INFO - Filling up the DagBag from /opt/airflow/dags/flex_eau_pipeline.py
[2026-07-28T03:07:16.437+0000] {processor.py:925} INFO - DAG(s) 'flex_eau_pipeline' retrieved from /opt/airflow/dags/flex_eau_pipeline.py
[2026-07-28T03:07:16.485+0000] {logging_mixin.py:190} INFO - [2026-07-28T03:07:16.484+0000] {dag.py:3211} INFO - Sync 1 DAGs
[2026-07-28T03:07:16.519+0000] {logging_mixin.py:190} INFO - [2026-07-28T03:07:16.518+0000] {dag.py:4138} INFO - Setting next_dagrun for flex_eau_pipeline to 2026-07-28 00:00:00+00:00, run_after=2026-07-29 00:00:00+00:00
[2026-07-28T03:07:16.559+0000] {processor.py:208} INFO - Processing /opt/airflow/dags/flex_eau_pipeline.py took 0.174 seconds
[2026-07-28T03:07:47.056+0000] {processor.py:186} INFO - Started process (PID=5723) to work on /opt/airflow/dags/flex_eau_pipeline.py
[2026-07-28T03:07:47.057+0000] {processor.py:914} INFO - Processing file /opt/airflow/dags/flex_eau_pipeline.py for tasks to queue
[2026-07-28T03:07:47.061+0000] {logging_mixin.py:190} INFO - [2026-07-28T03:07:47.060+0000] {dagbag.py:587} INFO - Filling up the DagBag from /opt/airflow/dags/flex_eau_pipeline.py
[2026-07-28T03:07:47.099+0000] {processor.py:925} INFO - DAG(s) 'flex_eau_pipeline' retrieved from /opt/airflow/dags/flex_eau_pipeline.py
[2026-07-28T03:07:47.166+0000] {logging_mixin.py:190} INFO - [2026-07-28T03:07:47.166+0000] {dag.py:3211} INFO - Sync 1 DAGs
[2026-07-28T03:07:47.198+0000] {logging_mixin.py:190} INFO - [2026-07-28T03:07:47.198+0000] {dag.py:4138} INFO - Setting next_dagrun for flex_eau_pipeline to 2026-07-28 00:00:00+00:00, run_after=2026-07-29 00:00:00+00:00
[2026-07-28T03:07:47.241+0000] {processor.py:208} INFO - Processing /opt/airflow/dags/flex_eau_pipeline.py took 0.194 seconds
[2026-07-28T03:08:17.837+0000] {processor.py:186} INFO - Started process (PID=5728) to work on /opt/airflow/dags/flex_eau_pipeline.py
[2026-07-28T03:08:17.839+0000] {processor.py:914} INFO - Processing file /opt/airflow/dags/flex_eau_pipeline.py for tasks to queue
[2026-07-28T03:08:17.843+0000] {logging_mixin.py:190} INFO - [2026-07-28T03:08:17.843+0000] {dagbag.py:587} INFO - Filling up the DagBag from /opt/airflow/dags/flex_eau_pipeline.py
[2026-07-28T03:08:17.883+0000] {processor.py:925} INFO - DAG(s) 'flex_eau_pipeline' retrieved from /opt/airflow/dags/flex_eau_pipeline.py
[2026-07-28T03:08:17.935+0000] {logging_mixin.py:190} INFO - [2026-07-28T03:08:17.935+0000] {dag.py:3211} INFO - Sync 1 DAGs
[2026-07-28T03:08:17.970+0000] {logging_mixin.py:190} INFO - [2026-07-28T03:08:17.970+0000] {dag.py:4138} INFO - Setting next_dagrun for flex_eau_pipeline to 2026-07-28 00:00:00+00:00, run_after=2026-07-29 00:00:00+00:00
[2026-07-28T03:08:18.001+0000] {processor.py:208} INFO - Processing /opt/airflow/dags/flex_eau_pipeline.py took 0.175 seconds
[2026-07-28T03:08:48.545+0000] {processor.py:186} INFO - Started process (PID=5733) to work on /opt/airflow/dags/flex_eau_pipeline.py
[2026-07-28T03:08:48.546+0000] {processor.py:914} INFO - Processing file /opt/airflow/dags/flex_eau_pipeline.py for tasks to queue
[2026-07-28T03:08:48.549+0000] {logging_mixin.py:190} INFO - [2026-07-28T03:08:48.549+0000] {dagbag.py:587} INFO - Filling up the DagBag from /opt/airflow/dags/flex_eau_pipeline.py
[2026-07-28T03:08:48.586+0000] {processor.py:925} INFO - DAG(s) 'flex_eau_pipeline' retrieved from /opt/airflow/dags/flex_eau_pipeline.py
[2026-07-28T03:08:48.640+0000] {logging_mixin.py:190} INFO - [2026-07-28T03:08:48.640+0000] {dag.py:3211} INFO - Sync 1 DAGs
[2026-07-28T03:08:48.674+0000] {logging_mixin.py:190} INFO - [2026-07-28T03:08:48.674+0000] {dag.py:4138} INFO - Setting next_dagrun for flex_eau_pipeline to 2026-07-28 00:00:00+00:00, run_after=2026-07-29 00:00:00+00:00
[2026-07-28T03:08:48.703+0000] {processor.py:208} INFO - Processing /opt/airflow/dags/flex_eau_pipeline.py took 0.166 seconds
[2026-07-28T03:09:19.365+0000] {processor.py:186} INFO - Started process (PID=5738) to work on /opt/airflow/dags/flex_eau_pipeline.py
[2026-07-28T03:09:19.366+0000] {processor.py:914} INFO - Processing file /opt/airflow/dags/flex_eau_pipeline.py for tasks to queue
[2026-07-28T03:09:19.371+0000] {logging_mixin.py:190} INFO - [2026-07-28T03:09:19.371+0000] {dagbag.py:587} INFO - Filling up the DagBag from /opt/airflow/dags/flex_eau_pipeline.py
[2026-07-28T03:09:19.421+0000] {processor.py:925} INFO - DAG(s) 'flex_eau_pipeline' retrieved from /opt/airflow/dags/flex_eau_pipeline.py
[2026-07-28T03:09:19.469+0000] {logging_mixin.py:190} INFO - [2026-07-28T03:09:19.469+0000] {dag.py:3211} INFO - Sync 1 DAGs
[2026-07-28T03:09:19.510+0000] {logging_mixin.py:190} INFO - [2026-07-28T03:09:19.509+0000] {dag.py:4138} INFO - Setting next_dagrun for flex_eau_pipeline to 2026-07-28 00:00:00+00:00, run_after=2026-07-29 00:00:00+00:00
[2026-07-28T03:09:19.564+0000] {processor.py:208} INFO - Processing /opt/airflow/dags/flex_eau_pipeline.py took 0.211 seconds
[2026-07-28T03:09:49.941+0000] {processor.py:186} INFO - Started process (PID=5743) to work on /opt/airflow/dags/flex_eau_pipeline.py
[2026-07-28T03:09:49.943+0000] {processor.py:914} INFO - Processing file /opt/airflow/dags/flex_eau_pipeline.py for tasks to queue
[2026-07-28T03:09:49.946+0000] {logging_mixin.py:190} INFO - [2026-07-28T03:09:49.946+0000] {dagbag.py:587} INFO - Filling up the DagBag from /opt/airflow/dags/flex_eau_pipeline.py
[2026-07-28T03:09:49.985+0000] {processor.py:925} INFO - DAG(s) 'flex_eau_pipeline' retrieved from /opt/airflow/dags/flex_eau_pipeline.py
[2026-07-28T03:09:50.077+0000] {logging_mixin.py:190} INFO - [2026-07-28T03:09:50.077+0000] {dag.py:3211} INFO - Sync 1 DAGs
[2026-07-28T03:09:50.111+0000] {logging_mixin.py:190} INFO - [2026-07-28T03:09:50.111+0000] {dag.py:4138} INFO - Setting next_dagrun for flex_eau_pipeline to 2026-07-28 00:00:00+00:00, run_after=2026-07-29 00:00:00+00:00
[2026-07-28T03:09:50.149+0000] {processor.py:208} INFO - Processing /opt/airflow/dags/flex_eau_pipeline.py took 0.221 seconds
[2026-07-28T03:10:20.774+0000] {processor.py:186} INFO - Started process (PID=5748) to work on /opt/airflow/dags/flex_eau_pipeline.py
[2026-07-28T03:10:20.776+0000] {processor.py:914} INFO - Processing file /opt/airflow/dags/flex_eau_pipeline.py for tasks to queue
[2026-07-28T03:10:20.780+0000] {logging_mixin.py:190} INFO - [2026-07-28T03:10:20.780+0000] {dagbag.py:587} INFO - Filling up the DagBag from /opt/airflow/dags/flex_eau_pipeline.py
[2026-07-28T03:10:20.818+0000] {processor.py:925} INFO - DAG(s) 'flex_eau_pipeline' retrieved from /opt/airflow/dags/flex_eau_pipeline.py
[2026-07-28T03:10:20.866+0000] {logging_mixin.py:190} INFO - [2026-07-28T03:10:20.866+0000] {dag.py:3211} INFO - Sync 1 DAGs
[2026-07-28T03:10:20.900+0000] {logging_mixin.py:190} INFO - [2026-07-28T03:10:20.900+0000] {dag.py:4138} INFO - Setting next_dagrun for flex_eau_pipeline to 2026-07-28 00:00:00+00:00, run_after=2026-07-29 00:00:00+00:00
[2026-07-28T03:10:20.941+0000] {processor.py:208} INFO - Processing /opt/airflow/dags/flex_eau_pipeline.py took 0.177 seconds
[2026-07-28T03:10:51.437+0000] {processor.py:186} INFO - Started process (PID=5753) to work on /opt/airflow/dags/flex_eau_pipeline.py
[2026-07-28T03:10:51.438+0000] {processor.py:914} INFO - Processing file /opt/airflow/dags/flex_eau_pipeline.py for tasks to queue
[2026-07-28T03:10:51.442+0000] {logging_mixin.py:190} INFO - [2026-07-28T03:10:51.442+0000] {dagbag.py:587} INFO - Filling up the DagBag from /opt/airflow/dags/flex_eau_pipeline.py
[2026-07-28T03:10:51.473+0000] {processor.py:925} INFO - DAG(s) 'flex_eau_pipeline' retrieved from /opt/airflow/dags/flex_eau_pipeline.py
[2026-07-28T03:10:51.521+0000] {logging_mixin.py:190} INFO - [2026-07-28T03:10:51.520+0000] {dag.py:3211} INFO - Sync 1 DAGs
[2026-07-28T03:10:51.564+0000] {logging_mixin.py:190} INFO - [2026-07-28T03:10:51.564+0000] {dag.py:4138} INFO - Setting next_dagrun for flex_eau_pipeline to 2026-07-28 00:00:00+00:00, run_after=2026-07-29 00:00:00+00:00
[2026-07-28T03:10:51.596+0000] {processor.py:208} INFO - Processing /opt/airflow/dags/flex_eau_pipeline.py took 0.171 seconds
[2026-07-28T03:11:22.467+0000] {processor.py:186} INFO - Started process (PID=5758) to work on /opt/airflow/dags/flex_eau_pipeline.py
[2026-07-28T03:11:22.468+0000] {processor.py:914} INFO - Processing file /opt/airflow/dags/flex_eau_pipeline.py for tasks to queue
[2026-07-28T03:11:22.471+0000] {logging_mixin.py:190} INFO - [2026-07-28T03:11:22.471+0000] {dagbag.py:587} INFO - Filling up the DagBag from /opt/airflow/dags/flex_eau_pipeline.py
[2026-07-28T03:11:22.509+0000] {processor.py:925} INFO - DAG(s) 'flex_eau_pipeline' retrieved from /opt/airflow/dags/flex_eau_pipeline.py
[2026-07-28T03:11:22.565+0000] {logging_mixin.py:190} INFO - [2026-07-28T03:11:22.565+0000] {dag.py:3211} INFO - Sync 1 DAGs
[2026-07-28T03:11:22.639+0000] {logging_mixin.py:190} INFO - [2026-07-28T03:11:22.639+0000] {dag.py:4138} INFO - Setting next_dagrun for flex_eau_pipeline to 2026-07-28 00:00:00+00:00, run_after=2026-07-29 00:00:00+00:00
[2026-07-28T03:11:22.697+0000] {processor.py:208} INFO - Processing /opt/airflow/dags/flex_eau_pipeline.py took 0.240 seconds
[2026-07-28T03:11:53.080+0000] {processor.py:186} INFO - Started process (PID=5763) to work on /opt/airflow/dags/flex_eau_pipeline.py
[2026-07-28T03:11:53.082+0000] {processor.py:914} INFO - Processing file /opt/airflow/dags/flex_eau_pipeline.py for tasks to queue
[2026-07-28T03:11:53.085+0000] {logging_mixin.py:190} INFO - [2026-07-28T03:11:53.084+0000] {dagbag.py:587} INFO - Filling up the DagBag from /opt/airflow/dags/flex_eau_pipeline.py
[2026-07-28T03:11:53.153+0000] {processor.py:925} INFO - DAG(s) 'flex_eau_pipeline' retrieved from /opt/airflow/dags/flex_eau_pipeline.py
[2026-07-28T03:11:53.238+0000] {logging_mixin.py:190} INFO - [2026-07-28T03:11:53.237+0000] {dag.py:3211} INFO - Sync 1 DAGs
[2026-07-28T03:11:53.275+0000] {logging_mixin.py:190} INFO - [2026-07-28T03:11:53.274+0000] {dag.py:4138} INFO - Setting next_dagrun for flex_eau_pipeline to 2026-07-28 00:00:00+00:00, run_after=2026-07-29 00:00:00+00:00
[2026-07-28T03:11:53.302+0000] {processor.py:208} INFO - Processing /opt/airflow/dags/flex_eau_pipeline.py took 0.231 seconds
[2026-07-28T03:12:23.992+0000] {processor.py:186} INFO - Started process (PID=5768) to work on /opt/airflow/dags/flex_eau_pipeline.py
[2026-07-28T03:12:23.994+0000] {processor.py:914} INFO - Processing file /opt/airflow/dags/flex_eau_pipeline.py for tasks to queue
[2026-07-28T03:12:23.997+0000] {logging_mixin.py:190} INFO - [2026-07-28T03:12:23.997+0000] {dagbag.py:587} INFO - Filling up the DagBag from /opt/airflow/dags/flex_eau_pipeline.py
[2026-07-28T03:12:24.039+0000] {processor.py:925} INFO - DAG(s) 'flex_eau_pipeline' retrieved from /opt/airflow/dags/flex_eau_pipeline.py
[2026-07-28T03:12:24.097+0000] {logging_mixin.py:190} INFO - [2026-07-28T03:12:24.096+0000] {dag.py:3211} INFO - Sync 1 DAGs
[2026-07-28T03:12:24.150+0000] {logging_mixin.py:190} INFO - [2026-07-28T03:12:24.149+0000] {dag.py:4138} INFO - Setting next_dagrun for flex_eau_pipeline to 2026-07-28 00:00:00+00:00, run_after=2026-07-29 00:00:00+00:00
[2026-07-28T03:12:24.198+0000] {processor.py:208} INFO - Processing /opt/airflow/dags/flex_eau_pipeline.py took 0.216 seconds
[2026-07-28T03:12:54.619+0000] {processor.py:186} INFO - Started process (PID=5773) to work on /opt/airflow/dags/flex_eau_pipeline.py
[2026-07-28T03:12:54.621+0000] {processor.py:914} INFO - Processing file /opt/airflow/dags/flex_eau_pipeline.py for tasks to queue
[2026-07-28T03:12:54.625+0000] {logging_mixin.py:190} INFO - [2026-07-28T03:12:54.624+0000] {dagbag.py:587} INFO - Filling up the DagBag from /opt/airflow/dags/flex_eau_pipeline.py
[2026-07-28T03:12:54.695+0000] {processor.py:925} INFO - DAG(s) 'flex_eau_pipeline' retrieved from /opt/airflow/dags/flex_eau_pipeline.py
[2026-07-28T03:12:54.760+0000] {logging_mixin.py:190} INFO - [2026-07-28T03:12:54.760+0000] {dag.py:3211} INFO - Sync 1 DAGs
[2026-07-28T03:12:54.793+0000] {logging_mixin.py:190} INFO - [2026-07-28T03:12:54.793+0000] {dag.py:4138} INFO - Setting next_dagrun for flex_eau_pipeline to 2026-07-28 00:00:00+00:00, run_after=2026-07-29 00:00:00+00:00
[2026-07-28T03:12:54.833+0000] {processor.py:208} INFO - Processing /opt/airflow/dags/flex_eau_pipeline.py took 0.224 seconds
[2026-07-28T03:13:25.501+0000] {processor.py:186} INFO - Started process (PID=5778) to work on /opt/airflow/dags/flex_eau_pipeline.py
[2026-07-28T03:13:25.503+0000] {processor.py:914} INFO - Processing file /opt/airflow/dags/flex_eau_pipeline.py for tasks to queue
[2026-07-28T03:13:25.506+0000] {logging_mixin.py:190} INFO - [2026-07-28T03:13:25.506+0000] {dagbag.py:587} INFO - Filling up the DagBag from /opt/airflow/dags/flex_eau_pipeline.py
[2026-07-28T03:13:25.545+0000] {processor.py:925} INFO - DAG(s) 'flex_eau_pipeline' retrieved from /opt/airflow/dags/flex_eau_pipeline.py
[2026-07-28T03:13:25.598+0000] {logging_mixin.py:190} INFO - [2026-07-28T03:13:25.597+0000] {dag.py:3211} INFO - Sync 1 DAGs
[2026-07-28T03:13:25.636+0000] {logging_mixin.py:190} INFO - [2026-07-28T03:13:25.634+0000] {dag.py:4138} INFO - Setting next_dagrun for flex_eau_pipeline to 2026-07-28 00:00:00+00:00, run_after=2026-07-29 00:00:00+00:00
[2026-07-28T03:13:25.667+0000] {processor.py:208} INFO - Processing /opt/airflow/dags/flex_eau_pipeline.py took 0.175 seconds
[2026-07-28T03:13:56.240+0000] {processor.py:186} INFO - Started process (PID=5783) to work on /opt/airflow/dags/flex_eau_pipeline.py
[2026-07-28T03:13:56.242+0000] {processor.py:914} INFO - Processing file /opt/airflow/dags/flex_eau_pipeline.py for tasks to queue
[2026-07-28T03:13:56.248+0000] {logging_mixin.py:190} INFO - [2026-07-28T03:13:56.248+0000] {dagbag.py:587} INFO - Filling up the DagBag from /opt/airflow/dags/flex_eau_pipeline.py
[2026-07-28T03:13:56.299+0000] {processor.py:925} INFO - DAG(s) 'flex_eau_pipeline' retrieved from /opt/airflow/dags/flex_eau_pipeline.py
[2026-07-28T03:13:56.348+0000] {logging_mixin.py:190} INFO - [2026-07-28T03:13:56.347+0000] {dag.py:3211} INFO - Sync 1 DAGs
[2026-07-28T03:13:56.382+0000] {logging_mixin.py:190} INFO - [2026-07-28T03:13:56.382+0000] {dag.py:4138} INFO - Setting next_dagrun for flex_eau_pipeline to 2026-07-28 00:00:00+00:00, run_after=2026-07-29 00:00:00+00:00
[2026-07-28T03:13:56.424+0000] {processor.py:208} INFO - Processing /opt/airflow/dags/flex_eau_pipeline.py took 0.216 seconds
[2026-07-28T03:14:26.933+0000] {processor.py:186} INFO - Started process (PID=5788) to work on /opt/airflow/dags/flex_eau_pipeline.py
[2026-07-28T03:14:26.935+0000] {processor.py:914} INFO - Processing file /opt/airflow/dags/flex_eau_pipeline.py for tasks to queue
[2026-07-28T03:14:26.942+0000] {logging_mixin.py:190} INFO - [2026-07-28T03:14:26.942+0000] {dagbag.py:587} INFO - Filling up the DagBag from /opt/airflow/dags/flex_eau_pipeline.py
[2026-07-28T03:14:26.990+0000] {processor.py:925} INFO - DAG(s) 'flex_eau_pipeline' retrieved from /opt/airflow/dags/flex_eau_pipeline.py
[2026-07-28T03:14:27.048+0000] {logging_mixin.py:190} INFO - [2026-07-28T03:14:27.047+0000] {dag.py:3211} INFO - Sync 1 DAGs
[2026-07-28T03:14:27.083+0000] {logging_mixin.py:190} INFO - [2026-07-28T03:14:27.082+0000] {dag.py:4138} INFO - Setting next_dagrun for flex_eau_pipeline to 2026-07-28 00:00:00+00:00, run_after=2026-07-29 00:00:00+00:00
[2026-07-28T03:14:27.113+0000] {processor.py:208} INFO - Processing /opt/airflow/dags/flex_eau_pipeline.py took 0.190 seconds
[2026-07-28T03:14:57.748+0000] {processor.py:186} INFO - Started process (PID=5793) to work on /opt/airflow/dags/flex_eau_pipeline.py
[2026-07-28T03:14:57.749+0000] {processor.py:914} INFO - Processing file /opt/airflow/dags/flex_eau_pipeline.py for tasks to queue
[2026-07-28T03:14:57.753+0000] {logging_mixin.py:190} INFO - [2026-07-28T03:14:57.753+0000] {dagbag.py:587} INFO - Filling up the DagBag from /opt/airflow/dags/flex_eau_pipeline.py
[2026-07-28T03:14:57.793+0000] {processor.py:925} INFO - DAG(s) 'flex_eau_pipeline' retrieved from /opt/airflow/dags/flex_eau_pipeline.py
[2026-07-28T03:14:57.841+0000] {logging_mixin.py:190} INFO - [2026-07-28T03:14:57.840+0000] {dag.py:3211} INFO - Sync 1 DAGs
[2026-07-28T03:14:57.879+0000] {logging_mixin.py:190} INFO - [2026-07-28T03:14:57.879+0000] {dag.py:4138} INFO - Setting next_dagrun for flex_eau_pipeline to 2026-07-28 00:00:00+00:00, run_after=2026-07-29 00:00:00+00:00
[2026-07-28T03:14:57.918+0000] {processor.py:208} INFO - Processing /opt/airflow/dags/flex_eau_pipeline.py took 0.181 seconds
[2026-07-28T03:15:28.525+0000] {processor.py:186} INFO - Started process (PID=5798) to work on /opt/airflow/dags/flex_eau_pipeline.py
[2026-07-28T03:15:28.527+0000] {processor.py:914} INFO - Processing file /opt/airflow/dags/flex_eau_pipeline.py for tasks to queue
[2026-07-28T03:15:28.531+0000] {logging_mixin.py:190} INFO - [2026-07-28T03:15:28.530+0000] {dagbag.py:587} INFO - Filling up the DagBag from /opt/airflow/dags/flex_eau_pipeline.py
[2026-07-28T03:15:28.571+0000] {processor.py:925} INFO - DAG(s) 'flex_eau_pipeline' retrieved from /opt/airflow/dags/flex_eau_pipeline.py
[2026-07-28T03:15:28.622+0000] {logging_mixin.py:190} INFO - [2026-07-28T03:15:28.621+0000] {dag.py:3211} INFO - Sync 1 DAGs
[2026-07-28T03:15:28.655+0000] {logging_mixin.py:190} INFO - [2026-07-28T03:15:28.654+0000] {dag.py:4138} INFO - Setting next_dagrun for flex_eau_pipeline to 2026-07-28 00:00:00+00:00, run_after=2026-07-29 00:00:00+00:00
[2026-07-28T03:15:28.697+0000] {processor.py:208} INFO - Processing /opt/airflow/dags/flex_eau_pipeline.py took 0.181 seconds
[2026-07-28T03:15:59.456+0000] {processor.py:186} INFO - Started process (PID=5803) to work on /opt/airflow/dags/flex_eau_pipeline.py
[2026-07-28T03:15:59.457+0000] {processor.py:914} INFO - Processing file /opt/airflow/dags/flex_eau_pipeline.py for tasks to queue
[2026-07-28T03:15:59.461+0000] {logging_mixin.py:190} INFO - [2026-07-28T03:15:59.460+0000] {dagbag.py:587} INFO - Filling up the DagBag from /opt/airflow/dags/flex_eau_pipeline.py
[2026-07-28T03:15:59.507+0000] {processor.py:925} INFO - DAG(s) 'flex_eau_pipeline' retrieved from /opt/airflow/dags/flex_eau_pipeline.py
[2026-07-28T03:15:59.559+0000] {logging_mixin.py:190} INFO - [2026-07-28T03:15:59.559+0000] {dag.py:3211} INFO - Sync 1 DAGs
[2026-07-28T03:15:59.593+0000] {logging_mixin.py:190} INFO - [2026-07-28T03:15:59.592+0000] {dag.py:4138} INFO - Setting next_dagrun for flex_eau_pipeline to 2026-07-28 00:00:00+00:00, run_after=2026-07-29 00:00:00+00:00
[2026-07-28T03:15:59.623+0000] {processor.py:208} INFO - Processing /opt/airflow/dags/flex_eau_pipeline.py took 0.178 seconds
[2026-07-28T03:16:30.307+0000] {processor.py:186} INFO - Started process (PID=5808) to work on /opt/airflow/dags/flex_eau_pipeline.py
[2026-07-28T03:16:30.310+0000] {processor.py:914} INFO - Processing file /opt/airflow/dags/flex_eau_pipeline.py for tasks to queue
[2026-07-28T03:16:30.316+0000] {logging_mixin.py:190} INFO - [2026-07-28T03:16:30.316+0000] {dagbag.py:587} INFO - Filling up the DagBag from /opt/airflow/dags/flex_eau_pipeline.py
[2026-07-28T03:16:30.380+0000] {processor.py:925} INFO - DAG(s) 'flex_eau_pipeline' retrieved from /opt/airflow/dags/flex_eau_pipeline.py
[2026-07-28T03:16:30.490+0000] {logging_mixin.py:190} INFO - [2026-07-28T03:16:30.490+0000] {dag.py:3211} INFO - Sync 1 DAGs
[2026-07-28T03:16:30.567+0000] {logging_mixin.py:190} INFO - [2026-07-28T03:16:30.566+0000] {dag.py:4138} INFO - Setting next_dagrun for flex_eau_pipeline to 2026-07-28 00:00:00+00:00, run_after=2026-07-29 00:00:00+00:00
[2026-07-28T03:16:30.616+0000] {processor.py:208} INFO - Processing /opt/airflow/dags/flex_eau_pipeline.py took 0.333 seconds
[2026-07-28T03:17:00.990+0000] {processor.py:186} INFO - Started process (PID=5813) to work on /opt/airflow/dags/flex_eau_pipeline.py
[2026-07-28T03:17:00.993+0000] {processor.py:914} INFO - Processing file /opt/airflow/dags/flex_eau_pipeline.py for tasks to queue
[2026-07-28T03:17:00.999+0000] {logging_mixin.py:190} INFO - [2026-07-28T03:17:00.998+0000] {dagbag.py:587} INFO - Filling up the DagBag from /opt/airflow/dags/flex_eau_pipeline.py
[2026-07-28T03:17:01.080+0000] {processor.py:925} INFO - DAG(s) 'flex_eau_pipeline' retrieved from /opt/airflow/dags/flex_eau_pipeline.py
[2026-07-28T03:17:01.189+0000] {logging_mixin.py:190} INFO - [2026-07-28T03:17:01.189+0000] {dag.py:3211} INFO - Sync 1 DAGs
[2026-07-28T03:17:01.257+0000] {logging_mixin.py:190} INFO - [2026-07-28T03:17:01.257+0000] {dag.py:4138} INFO - Setting next_dagrun for flex_eau_pipeline to 2026-07-28 00:00:00+00:00, run_after=2026-07-29 00:00:00+00:00
[2026-07-28T03:17:01.310+0000] {processor.py:208} INFO - Processing /opt/airflow/dags/flex_eau_pipeline.py took 0.342 seconds
[2026-07-28T03:17:31.931+0000] {processor.py:186} INFO - Started process (PID=5818) to work on /opt/airflow/dags/flex_eau_pipeline.py
[2026-07-28T03:17:31.933+0000] {processor.py:914} INFO - Processing file /opt/airflow/dags/flex_eau_pipeline.py for tasks to queue
[2026-07-28T03:17:31.938+0000] {logging_mixin.py:190} INFO - [2026-07-28T03:17:31.938+0000] {dagbag.py:587} INFO - Filling up the DagBag from /opt/airflow/dags/flex_eau_pipeline.py
[2026-07-28T03:17:31.995+0000] {processor.py:925} INFO - DAG(s) 'flex_eau_pipeline' retrieved from /opt/airflow/dags/flex_eau_pipeline.py
[2026-07-28T03:17:32.054+0000] {logging_mixin.py:190} INFO - [2026-07-28T03:17:32.054+0000] {dag.py:3211} INFO - Sync 1 DAGs
[2026-07-28T03:17:32.092+0000] {logging_mixin.py:190} INFO - [2026-07-28T03:17:32.092+0000] {dag.py:4138} INFO - Setting next_dagrun for flex_eau_pipeline to 2026-07-28 00:00:00+00:00, run_after=2026-07-29 00:00:00+00:00
[2026-07-28T03:17:32.135+0000] {processor.py:208} INFO - Processing /opt/airflow/dags/flex_eau_pipeline.py took 0.219 seconds
[2026-07-28T03:18:02.596+0000] {processor.py:186} INFO - Started process (PID=5823) to work on /opt/airflow/dags/flex_eau_pipeline.py
[2026-07-28T03:18:02.598+0000] {processor.py:914} INFO - Processing file /opt/airflow/dags/flex_eau_pipeline.py for tasks to queue
[2026-07-28T03:18:02.603+0000] {logging_mixin.py:190} INFO - [2026-07-28T03:18:02.602+0000] {dagbag.py:587} INFO - Filling up the DagBag from /opt/airflow/dags/flex_eau_pipeline.py
[2026-07-28T03:18:02.673+0000] {processor.py:925} INFO - DAG(s) 'flex_eau_pipeline' retrieved from /opt/airflow/dags/flex_eau_pipeline.py
[2026-07-28T03:18:02.726+0000] {logging_mixin.py:190} INFO - [2026-07-28T03:18:02.726+0000] {dag.py:3211} INFO - Sync 1 DAGs
[2026-07-28T03:18:02.760+0000] {logging_mixin.py:190} INFO - [2026-07-28T03:18:02.759+0000] {dag.py:4138} INFO - Setting next_dagrun for flex_eau_pipeline to 2026-07-28 00:00:00+00:00, run_after=2026-07-29 00:00:00+00:00
[2026-07-28T03:18:02.788+0000] {processor.py:208} INFO - Processing /opt/airflow/dags/flex_eau_pipeline.py took 0.205 seconds
[2026-07-28T03:18:33.584+0000] {processor.py:186} INFO - Started process (PID=5828) to work on /opt/airflow/dags/flex_eau_pipeline.py
[2026-07-28T03:18:33.586+0000] {processor.py:914} INFO - Processing file /opt/airflow/dags/flex_eau_pipeline.py for tasks to queue
[2026-07-28T03:18:33.592+0000] {logging_mixin.py:190} INFO - [2026-07-28T03:18:33.592+0000] {dagbag.py:587} INFO - Filling up the DagBag from /opt/airflow/dags/flex_eau_pipeline.py
[2026-07-28T03:18:33.672+0000] {processor.py:925} INFO - DAG(s) 'flex_eau_pipeline' retrieved from /opt/airflow/dags/flex_eau_pipeline.py
[2026-07-28T03:18:33.775+0000] {logging_mixin.py:190} INFO - [2026-07-28T03:18:33.775+0000] {dag.py:3211} INFO - Sync 1 DAGs
[2026-07-28T03:18:33.821+0000] {logging_mixin.py:190} INFO - [2026-07-28T03:18:33.821+0000] {dag.py:4138} INFO - Setting next_dagrun for flex_eau_pipeline to 2026-07-28 00:00:00+00:00, run_after=2026-07-29 00:00:00+00:00
[2026-07-28T03:18:33.851+0000] {processor.py:208} INFO - Processing /opt/airflow/dags/flex_eau_pipeline.py took 0.283 seconds
[2026-07-28T03:19:04.255+0000] {processor.py:186} INFO - Started process (PID=5833) to work on /opt/airflow/dags/flex_eau_pipeline.py
[2026-07-28T03:19:04.257+0000] {processor.py:914} INFO - Processing file /opt/airflow/dags/flex_eau_pipeline.py for tasks to queue
[2026-07-28T03:19:04.262+0000] {logging_mixin.py:190} INFO - [2026-07-28T03:19:04.262+0000] {dagbag.py:587} INFO - Filling up the DagBag from /opt/airflow/dags/flex_eau_pipeline.py
[2026-07-28T03:19:04.321+0000] {processor.py:925} INFO - DAG(s) 'flex_eau_pipeline' retrieved from /opt/airflow/dags/flex_eau_pipeline.py
[2026-07-28T03:19:04.390+0000] {logging_mixin.py:190} INFO - [2026-07-28T03:19:04.390+0000] {dag.py:3211} INFO - Sync 1 DAGs
[2026-07-28T03:19:04.426+0000] {logging_mixin.py:190} INFO - [2026-07-28T03:19:04.425+0000] {dag.py:4138} INFO - Setting next_dagrun for flex_eau_pipeline to 2026-07-28 00:00:00+00:00, run_after=2026-07-29 00:00:00+00:00
[2026-07-28T03:19:04.453+0000] {processor.py:208} INFO - Processing /opt/airflow/dags/flex_eau_pipeline.py took 0.210 seconds
[2026-07-28T03:19:35.189+0000] {processor.py:186} INFO - Started process (PID=5838) to work on /opt/airflow/dags/flex_eau_pipeline.py
[2026-07-28T03:19:35.191+0000] {processor.py:914} INFO - Processing file /opt/airflow/dags/flex_eau_pipeline.py for tasks to queue
[2026-07-28T03:19:35.194+0000] {logging_mixin.py:190} INFO - [2026-07-28T03:19:35.194+0000] {dagbag.py:587} INFO - Filling up the DagBag from /opt/airflow/dags/flex_eau_pipeline.py
[2026-07-28T03:19:35.253+0000] {processor.py:925} INFO - DAG(s) 'flex_eau_pipeline' retrieved from /opt/airflow/dags/flex_eau_pipeline.py
[2026-07-28T03:19:35.314+0000] {logging_mixin.py:190} INFO - [2026-07-28T03:19:35.313+0000] {dag.py:3211} INFO - Sync 1 DAGs
[2026-07-28T03:19:35.347+0000] {logging_mixin.py:190} INFO - [2026-07-28T03:19:35.347+0000] {dag.py:4138} INFO - Setting next_dagrun for flex_eau_pipeline to 2026-07-28 00:00:00+00:00, run_after=2026-07-29 00:00:00+00:00
[2026-07-28T03:19:35.400+0000] {processor.py:208} INFO - Processing /opt/airflow/dags/flex_eau_pipeline.py took 0.222 seconds
[2026-07-28T03:20:05.868+0000] {processor.py:186} INFO - Started process (PID=5843) to work on /opt/airflow/dags/flex_eau_pipeline.py
[2026-07-28T03:20:05.870+0000] {processor.py:914} INFO - Processing file /opt/airflow/dags/flex_eau_pipeline.py for tasks to queue
[2026-07-28T03:20:05.876+0000] {logging_mixin.py:190} INFO - [2026-07-28T03:20:05.875+0000] {dagbag.py:587} INFO - Filling up the DagBag from /opt/airflow/dags/flex_eau_pipeline.py
[2026-07-28T03:20:05.947+0000] {processor.py:925} INFO - DAG(s) 'flex_eau_pipeline' retrieved from /opt/airflow/dags/flex_eau_pipeline.py
[2026-07-28T03:20:05.997+0000] {logging_mixin.py:190} INFO - [2026-07-28T03:20:05.997+0000] {dag.py:3211} INFO - Sync 1 DAGs
[2026-07-28T03:20:06.031+0000] {logging_mixin.py:190} INFO - [2026-07-28T03:20:06.030+0000] {dag.py:4138} INFO - Setting next_dagrun for flex_eau_pipeline to 2026-07-28 00:00:00+00:00, run_after=2026-07-29 00:00:00+00:00
[2026-07-28T03:20:06.072+0000] {processor.py:208} INFO - Processing /opt/airflow/dags/flex_eau_pipeline.py took 0.215 seconds
[2026-07-28T03:20:36.680+0000] {processor.py:186} INFO - Started process (PID=5848) to work on /opt/airflow/dags/flex_eau_pipeline.py
[2026-07-28T03:20:36.682+0000] {processor.py:914} INFO - Processing file /opt/airflow/dags/flex_eau_pipeline.py for tasks to queue
[2026-07-28T03:20:36.685+0000] {logging_mixin.py:190} INFO - [2026-07-28T03:20:36.685+0000] {dagbag.py:587} INFO - Filling up the DagBag from /opt/airflow/dags/flex_eau_pipeline.py
[2026-07-28T03:20:36.751+0000] {processor.py:925} INFO - DAG(s) 'flex_eau_pipeline' retrieved from /opt/airflow/dags/flex_eau_pipeline.py
[2026-07-28T03:20:36.809+0000] {logging_mixin.py:190} INFO - [2026-07-28T03:20:36.808+0000] {dag.py:3211} INFO - Sync 1 DAGs
[2026-07-28T03:20:36.848+0000] {logging_mixin.py:190} INFO - [2026-07-28T03:20:36.847+0000] {dag.py:4138} INFO - Setting next_dagrun for flex_eau_pipeline to 2026-07-28 00:00:00+00:00, run_after=2026-07-29 00:00:00+00:00
[2026-07-28T03:20:36.883+0000] {processor.py:208} INFO - Processing /opt/airflow/dags/flex_eau_pipeline.py took 0.212 seconds
[2026-07-28T03:21:07.310+0000] {processor.py:186} INFO - Started process (PID=5853) to work on /opt/airflow/dags/flex_eau_pipeline.py
[2026-07-28T03:21:07.312+0000] {processor.py:914} INFO - Processing file /opt/airflow/dags/flex_eau_pipeline.py for tasks to queue
[2026-07-28T03:21:07.315+0000] {logging_mixin.py:190} INFO - [2026-07-28T03:21:07.315+0000] {dagbag.py:587} INFO - Filling up the DagBag from /opt/airflow/dags/flex_eau_pipeline.py
[2026-07-28T03:21:07.355+0000] {processor.py:925} INFO - DAG(s) 'flex_eau_pipeline' retrieved from /opt/airflow/dags/flex_eau_pipeline.py
[2026-07-28T03:21:07.410+0000] {logging_mixin.py:190} INFO - [2026-07-28T03:21:07.410+0000] {dag.py:3211} INFO - Sync 1 DAGs
[2026-07-28T03:21:07.449+0000] {logging_mixin.py:190} INFO - [2026-07-28T03:21:07.449+0000] {dag.py:4138} INFO - Setting next_dagrun for flex_eau_pipeline to 2026-07-28 00:00:00+00:00, run_after=2026-07-29 00:00:00+00:00
[2026-07-28T03:21:07.482+0000] {processor.py:208} INFO - Processing /opt/airflow/dags/flex_eau_pipeline.py took 0.182 seconds
[2026-07-28T03:21:38.136+0000] {processor.py:186} INFO - Started process (PID=5858) to work on /opt/airflow/dags/flex_eau_pipeline.py
[2026-07-28T03:21:38.138+0000] {processor.py:914} INFO - Processing file /opt/airflow/dags/flex_eau_pipeline.py for tasks to queue
[2026-07-28T03:21:38.145+0000] {logging_mixin.py:190} INFO - [2026-07-28T03:21:38.145+0000] {dagbag.py:587} INFO - Filling up the DagBag from /opt/airflow/dags/flex_eau_pipeline.py
[2026-07-28T03:21:38.226+0000] {processor.py:925} INFO - DAG(s) 'flex_eau_pipeline' retrieved from /opt/airflow/dags/flex_eau_pipeline.py
[2026-07-28T03:21:38.333+0000] {logging_mixin.py:190} INFO - [2026-07-28T03:21:38.332+0000] {dag.py:3211} INFO - Sync 1 DAGs
[2026-07-28T03:21:38.409+0000] {logging_mixin.py:190} INFO - [2026-07-28T03:21:38.408+0000] {dag.py:4138} INFO - Setting next_dagrun for flex_eau_pipeline to 2026-07-28 00:00:00+00:00, run_after=2026-07-29 00:00:00+00:00
[2026-07-28T03:21:38.465+0000] {processor.py:208} INFO - Processing /opt/airflow/dags/flex_eau_pipeline.py took 0.347 seconds
[2026-07-28T03:22:08.811+0000] {processor.py:186} INFO - Started process (PID=5863) to work on /opt/airflow/dags/flex_eau_pipeline.py
[2026-07-28T03:22:08.813+0000] {processor.py:914} INFO - Processing file /opt/airflow/dags/flex_eau_pipeline.py for tasks to queue
[2026-07-28T03:22:08.818+0000] {logging_mixin.py:190} INFO - [2026-07-28T03:22:08.818+0000] {dagbag.py:587} INFO - Filling up the DagBag from /opt/airflow/dags/flex_eau_pipeline.py
[2026-07-28T03:22:08.894+0000] {processor.py:925} INFO - DAG(s) 'flex_eau_pipeline' retrieved from /opt/airflow/dags/flex_eau_pipeline.py
[2026-07-28T03:22:08.991+0000] {logging_mixin.py:190} INFO - [2026-07-28T03:22:08.991+0000] {dag.py:3211} INFO - Sync 1 DAGs
[2026-07-28T03:22:09.062+0000] {logging_mixin.py:190} INFO - [2026-07-28T03:22:09.061+0000] {dag.py:4138} INFO - Setting next_dagrun for flex_eau_pipeline to 2026-07-28 00:00:00+00:00, run_after=2026-07-29 00:00:00+00:00
[2026-07-28T03:22:09.109+0000] {processor.py:208} INFO - Processing /opt/airflow/dags/flex_eau_pipeline.py took 0.317 seconds
[2026-07-28T03:22:39.728+0000] {processor.py:186} INFO - Started process (PID=5868) to work on /opt/airflow/dags/flex_eau_pipeline.py
[2026-07-28T03:22:39.729+0000] {processor.py:914} INFO - Processing file /opt/airflow/dags/flex_eau_pipeline.py for tasks to queue
[2026-07-28T03:22:39.733+0000] {logging_mixin.py:190} INFO - [2026-07-28T03:22:39.732+0000] {dagbag.py:587} INFO - Filling up the DagBag from /opt/airflow/dags/flex_eau_pipeline.py
[2026-07-28T03:22:39.802+0000] {processor.py:925} INFO - DAG(s) 'flex_eau_pipeline' retrieved from /opt/airflow/dags/flex_eau_pipeline.py
[2026-07-28T03:22:39.850+0000] {logging_mixin.py:190} INFO - [2026-07-28T03:22:39.849+0000] {dag.py:3211} INFO - Sync 1 DAGs
[2026-07-28T03:22:39.890+0000] {logging_mixin.py:190} INFO - [2026-07-28T03:22:39.890+0000] {dag.py:4138} INFO - Setting next_dagrun for flex_eau_pipeline to 2026-07-28 00:00:00+00:00, run_after=2026-07-29 00:00:00+00:00
[2026-07-28T03:22:39.918+0000] {processor.py:208} INFO - Processing /opt/airflow/dags/flex_eau_pipeline.py took 0.198 seconds
[2026-07-28T03:23:10.454+0000] {processor.py:186} INFO - Started process (PID=5873) to work on /opt/airflow/dags/flex_eau_pipeline.py
[2026-07-28T03:23:10.455+0000] {processor.py:914} INFO - Processing file /opt/airflow/dags/flex_eau_pipeline.py for tasks to queue
[2026-07-28T03:23:10.458+0000] {logging_mixin.py:190} INFO - [2026-07-28T03:23:10.458+0000] {dagbag.py:587} INFO - Filling up the DagBag from /opt/airflow/dags/flex_eau_pipeline.py
[2026-07-28T03:23:10.491+0000] {processor.py:925} INFO - DAG(s) 'flex_eau_pipeline' retrieved from /opt/airflow/dags/flex_eau_pipeline.py
[2026-07-28T03:23:10.563+0000] {logging_mixin.py:190} INFO - [2026-07-28T03:23:10.563+0000] {dag.py:3211} INFO - Sync 1 DAGs
[2026-07-28T03:23:10.592+0000] {logging_mixin.py:190} INFO - [2026-07-28T03:23:10.592+0000] {dag.py:4138} INFO - Setting next_dagrun for flex_eau_pipeline to 2026-07-28 00:00:00+00:00, run_after=2026-07-29 00:00:00+00:00
[2026-07-28T03:23:10.618+0000] {processor.py:208} INFO - Processing /opt/airflow/dags/flex_eau_pipeline.py took 0.173 seconds
[2026-07-28T03:23:41.400+0000] {processor.py:186} INFO - Started process (PID=5878) to work on /opt/airflow/dags/flex_eau_pipeline.py
[2026-07-28T03:23:41.404+0000] {processor.py:914} INFO - Processing file /opt/airflow/dags/flex_eau_pipeline.py for tasks to queue
[2026-07-28T03:23:41.418+0000] {logging_mixin.py:190} INFO - [2026-07-28T03:23:41.417+0000] {dagbag.py:587} INFO - Filling up the DagBag from /opt/airflow/dags/flex_eau_pipeline.py
[2026-07-28T03:23:41.568+0000] {processor.py:925} INFO - DAG(s) 'flex_eau_pipeline' retrieved from /opt/airflow/dags/flex_eau_pipeline.py
[2026-07-28T03:23:41.673+0000] {logging_mixin.py:190} INFO - [2026-07-28T03:23:41.672+0000] {dag.py:3211} INFO - Sync 1 DAGs
[2026-07-28T03:23:41.716+0000] {logging_mixin.py:190} INFO - [2026-07-28T03:23:41.715+0000] {dag.py:4138} INFO - Setting next_dagrun for flex_eau_pipeline to 2026-07-28 00:00:00+00:00, run_after=2026-07-29 00:00:00+00:00
[2026-07-28T03:23:41.747+0000] {processor.py:208} INFO - Processing /opt/airflow/dags/flex_eau_pipeline.py took 0.380 seconds
[2026-07-28T03:24:11.912+0000] {processor.py:186} INFO - Started process (PID=5883) to work on /opt/airflow/dags/flex_eau_pipeline.py
[2026-07-28T03:24:11.914+0000] {processor.py:914} INFO - Processing file /opt/airflow/dags/flex_eau_pipeline.py for tasks to queue
[2026-07-28T03:24:11.919+0000] {logging_mixin.py:190} INFO - [2026-07-28T03:24:11.918+0000] {dagbag.py:587} INFO - Filling up the DagBag from /opt/airflow/dags/flex_eau_pipeline.py
[2026-07-28T03:24:11.964+0000] {processor.py:925} INFO - DAG(s) 'flex_eau_pipeline' retrieved from /opt/airflow/dags/flex_eau_pipeline.py
[2026-07-28T03:24:12.065+0000] {logging_mixin.py:190} INFO - [2026-07-28T03:24:12.064+0000] {dag.py:3211} INFO - Sync 1 DAGs
[2026-07-28T03:24:12.105+0000] {logging_mixin.py:190} INFO - [2026-07-28T03:24:12.105+0000] {dag.py:4138} INFO - Setting next_dagrun for flex_eau_pipeline to 2026-07-28 00:00:00+00:00, run_after=2026-07-29 00:00:00+00:00
[2026-07-28T03:24:12.141+0000] {processor.py:208} INFO - Processing /opt/airflow/dags/flex_eau_pipeline.py took 0.241 seconds
[2026-07-28T03:24:42.549+0000] {processor.py:186} INFO - Started process (PID=5888) to work on /opt/airflow/dags/flex_eau_pipeline.py
[2026-07-28T03:24:42.551+0000] {processor.py:914} INFO - Processing file /opt/airflow/dags/flex_eau_pipeline.py for tasks to queue
[2026-07-28T03:24:42.553+0000] {logging_mixin.py:190} INFO - [2026-07-28T03:24:42.553+0000] {dagbag.py:587} INFO - Filling up the DagBag from /opt/airflow/dags/flex_eau_pipeline.py
[2026-07-28T03:24:42.583+0000] {processor.py:925} INFO - DAG(s) 'flex_eau_pipeline' retrieved from /opt/airflow/dags/flex_eau_pipeline.py
[2026-07-28T03:24:42.635+0000] {logging_mixin.py:190} INFO - [2026-07-28T03:24:42.635+0000] {dag.py:3211} INFO - Sync 1 DAGs
[2026-07-28T03:24:42.684+0000] {logging_mixin.py:190} INFO - [2026-07-28T03:24:42.683+0000] {dag.py:4138} INFO - Setting next_dagrun for flex_eau_pipeline to 2026-07-28 00:00:00+00:00, run_after=2026-07-29 00:00:00+00:00
[2026-07-28T03:24:42.719+0000] {processor.py:208} INFO - Processing /opt/airflow/dags/flex_eau_pipeline.py took 0.179 seconds
[2026-07-28T03:25:13.351+0000] {processor.py:186} INFO - Started process (PID=5893) to work on /opt/airflow/dags/flex_eau_pipeline.py
[2026-07-28T03:25:13.352+0000] {processor.py:914} INFO - Processing file /opt/airflow/dags/flex_eau_pipeline.py for tasks to queue
[2026-07-28T03:25:13.355+0000] {logging_mixin.py:190} INFO - [2026-07-28T03:25:13.355+0000] {dagbag.py:587} INFO - Filling up the DagBag from /opt/airflow/dags/flex_eau_pipeline.py
[2026-07-28T03:25:13.387+0000] {processor.py:925} INFO - DAG(s) 'flex_eau_pipeline' retrieved from /opt/airflow/dags/flex_eau_pipeline.py
[2026-07-28T03:25:13.473+0000] {logging_mixin.py:190} INFO - [2026-07-28T03:25:13.472+0000] {dag.py:3211} INFO - Sync 1 DAGs
[2026-07-28T03:25:13.514+0000] {logging_mixin.py:190} INFO - [2026-07-28T03:25:13.513+0000] {dag.py:4138} INFO - Setting next_dagrun for flex_eau_pipeline to 2026-07-28 00:00:00+00:00, run_after=2026-07-29 00:00:00+00:00
[2026-07-28T03:25:13.541+0000] {processor.py:208} INFO - Processing /opt/airflow/dags/flex_eau_pipeline.py took 0.199 seconds
[2026-07-28T03:25:43.983+0000] {processor.py:186} INFO - Started process (PID=5898) to work on /opt/airflow/dags/flex_eau_pipeline.py
[2026-07-28T03:25:43.984+0000] {processor.py:914} INFO - Processing file /opt/airflow/dags/flex_eau_pipeline.py for tasks to queue
[2026-07-28T03:25:43.988+0000] {logging_mixin.py:190} INFO - [2026-07-28T03:25:43.987+0000] {dagbag.py:587} INFO - Filling up the DagBag from /opt/airflow/dags/flex_eau_pipeline.py
[2026-07-28T03:25:44.025+0000] {processor.py:925} INFO - DAG(s) 'flex_eau_pipeline' retrieved from /opt/airflow/dags/flex_eau_pipeline.py
[2026-07-28T03:25:44.070+0000] {logging_mixin.py:190} INFO - [2026-07-28T03:25:44.070+0000] {dag.py:3211} INFO - Sync 1 DAGs
[2026-07-28T03:25:44.102+0000] {logging_mixin.py:190} INFO - [2026-07-28T03:25:44.102+0000] {dag.py:4138} INFO - Setting next_dagrun for flex_eau_pipeline to 2026-07-28 00:00:00+00:00, run_after=2026-07-29 00:00:00+00:00
[2026-07-28T03:25:44.136+0000] {processor.py:208} INFO - Processing /opt/airflow/dags/flex_eau_pipeline.py took 0.161 seconds
[2026-07-28T03:26:14.943+0000] {processor.py:186} INFO - Started process (PID=5903) to work on /opt/airflow/dags/flex_eau_pipeline.py
[2026-07-28T03:26:14.944+0000] {processor.py:914} INFO - Processing file /opt/airflow/dags/flex_eau_pipeline.py for tasks to queue
[2026-07-28T03:26:14.950+0000] {logging_mixin.py:190} INFO - [2026-07-28T03:26:14.950+0000] {dagbag.py:587} INFO - Filling up the DagBag from /opt/airflow/dags/flex_eau_pipeline.py
[2026-07-28T03:26:14.999+0000] {processor.py:925} INFO - DAG(s) 'flex_eau_pipeline' retrieved from /opt/airflow/dags/flex_eau_pipeline.py
[2026-07-28T03:26:15.073+0000] {logging_mixin.py:190} INFO - [2026-07-28T03:26:15.073+0000] {dag.py:3211} INFO - Sync 1 DAGs
[2026-07-28T03:26:15.130+0000] {logging_mixin.py:190} INFO - [2026-07-28T03:26:15.129+0000] {dag.py:4138} INFO - Setting next_dagrun for flex_eau_pipeline to 2026-07-28 00:00:00+00:00, run_after=2026-07-29 00:00:00+00:00
[2026-07-28T03:26:15.178+0000] {processor.py:208} INFO - Processing /opt/airflow/dags/flex_eau_pipeline.py took 0.246 seconds
[2026-07-28T03:26:45.589+0000] {processor.py:186} INFO - Started process (PID=5908) to work on /opt/airflow/dags/flex_eau_pipeline.py
[2026-07-28T03:26:45.591+0000] {processor.py:914} INFO - Processing file /opt/airflow/dags/flex_eau_pipeline.py for tasks to queue
[2026-07-28T03:26:45.596+0000] {logging_mixin.py:190} INFO - [2026-07-28T03:26:45.595+0000] {dagbag.py:587} INFO - Filling up the DagBag from /opt/airflow/dags/flex_eau_pipeline.py
[2026-07-28T03:26:45.645+0000] {processor.py:925} INFO - DAG(s) 'flex_eau_pipeline' retrieved from /opt/airflow/dags/flex_eau_pipeline.py
[2026-07-28T03:26:45.695+0000] {logging_mixin.py:190} INFO - [2026-07-28T03:26:45.694+0000] {dag.py:3211} INFO - Sync 1 DAGs
[2026-07-28T03:26:45.730+0000] {logging_mixin.py:190} INFO - [2026-07-28T03:26:45.730+0000] {dag.py:4138} INFO - Setting next_dagrun for flex_eau_pipeline to 2026-07-28 00:00:00+00:00, run_after=2026-07-29 00:00:00+00:00
[2026-07-28T03:26:45.757+0000] {processor.py:208} INFO - Processing /opt/airflow/dags/flex_eau_pipeline.py took 0.186 seconds
[2026-07-28T03:27:16.450+0000] {processor.py:186} INFO - Started process (PID=5913) to work on /opt/airflow/dags/flex_eau_pipeline.py
[2026-07-28T03:27:16.454+0000] {processor.py:914} INFO - Processing file /opt/airflow/dags/flex_eau_pipeline.py for tasks to queue
[2026-07-28T03:27:16.467+0000] {logging_mixin.py:190} INFO - [2026-07-28T03:27:16.465+0000] {dagbag.py:587} INFO - Filling up the DagBag from /opt/airflow/dags/flex_eau_pipeline.py
[2026-07-28T03:27:16.597+0000] {processor.py:925} INFO - DAG(s) 'flex_eau_pipeline' retrieved from /opt/airflow/dags/flex_eau_pipeline.py
[2026-07-28T03:27:16.755+0000] {logging_mixin.py:190} INFO - [2026-07-28T03:27:16.755+0000] {dag.py:3211} INFO - Sync 1 DAGs
[2026-07-28T03:27:16.824+0000] {logging_mixin.py:190} INFO - [2026-07-28T03:27:16.823+0000] {dag.py:4138} INFO - Setting next_dagrun for flex_eau_pipeline to 2026-07-28 00:00:00+00:00, run_after=2026-07-29 00:00:00+00:00
[2026-07-28T03:27:16.877+0000] {processor.py:208} INFO - Processing /opt/airflow/dags/flex_eau_pipeline.py took 0.460 seconds
[2026-07-28T03:27:47.456+0000] {processor.py:186} INFO - Started process (PID=5918) to work on /opt/airflow/dags/flex_eau_pipeline.py
[2026-07-28T03:27:47.462+0000] {processor.py:914} INFO - Processing file /opt/airflow/dags/flex_eau_pipeline.py for tasks to queue
[2026-07-28T03:27:47.474+0000] {logging_mixin.py:190} INFO - [2026-07-28T03:27:47.472+0000] {dagbag.py:587} INFO - Filling up the DagBag from /opt/airflow/dags/flex_eau_pipeline.py
[2026-07-28T03:27:47.604+0000] {processor.py:925} INFO - DAG(s) 'flex_eau_pipeline' retrieved from /opt/airflow/dags/flex_eau_pipeline.py
[2026-07-28T03:27:47.697+0000] {logging_mixin.py:190} INFO - [2026-07-28T03:27:47.696+0000] {dag.py:3211} INFO - Sync 1 DAGs
[2026-07-28T03:27:47.767+0000] {logging_mixin.py:190} INFO - [2026-07-28T03:27:47.767+0000] {dag.py:4138} INFO - Setting next_dagrun for flex_eau_pipeline to 2026-07-28 00:00:00+00:00, run_after=2026-07-29 00:00:00+00:00
[2026-07-28T03:27:47.818+0000] {processor.py:208} INFO - Processing /opt/airflow/dags/flex_eau_pipeline.py took 0.395 seconds
[2026-07-28T03:28:18.611+0000] {processor.py:186} INFO - Started process (PID=5923) to work on /opt/airflow/dags/flex_eau_pipeline.py
[2026-07-28T03:28:18.616+0000] {processor.py:914} INFO - Processing file /opt/airflow/dags/flex_eau_pipeline.py for tasks to queue
[2026-07-28T03:28:18.626+0000] {logging_mixin.py:190} INFO - [2026-07-28T03:28:18.625+0000] {dagbag.py:587} INFO - Filling up the DagBag from /opt/airflow/dags/flex_eau_pipeline.py
[2026-07-28T03:28:18.743+0000] {processor.py:925} INFO - DAG(s) 'flex_eau_pipeline' retrieved from /opt/airflow/dags/flex_eau_pipeline.py
[2026-07-28T03:28:18.828+0000] {logging_mixin.py:190} INFO - [2026-07-28T03:28:18.828+0000] {dag.py:3211} INFO - Sync 1 DAGs
[2026-07-28T03:28:18.883+0000] {logging_mixin.py:190} INFO - [2026-07-28T03:28:18.882+0000] {dag.py:4138} INFO - Setting next_dagrun for flex_eau_pipeline to 2026-07-28 00:00:00+00:00, run_after=2026-07-29 00:00:00+00:00
[2026-07-28T03:28:18.957+0000] {processor.py:208} INFO - Processing /opt/airflow/dags/flex_eau_pipeline.py took 0.378 seconds
[2026-07-28T03:28:49.642+0000] {processor.py:186} INFO - Started process (PID=5928) to work on /opt/airflow/dags/flex_eau_pipeline.py
[2026-07-28T03:28:49.646+0000] {processor.py:914} INFO - Processing file /opt/airflow/dags/flex_eau_pipeline.py for tasks to queue
[2026-07-28T03:28:49.655+0000] {logging_mixin.py:190} INFO - [2026-07-28T03:28:49.654+0000] {dagbag.py:587} INFO - Filling up the DagBag from /opt/airflow/dags/flex_eau_pipeline.py
[2026-07-28T03:28:49.731+0000] {processor.py:925} INFO - DAG(s) 'flex_eau_pipeline' retrieved from /opt/airflow/dags/flex_eau_pipeline.py
[2026-07-28T03:28:49.845+0000] {logging_mixin.py:190} INFO - [2026-07-28T03:28:49.845+0000] {dag.py:3211} INFO - Sync 1 DAGs
[2026-07-28T03:28:49.924+0000] {logging_mixin.py:190} INFO - [2026-07-28T03:28:49.923+0000] {dag.py:4138} INFO - Setting next_dagrun for flex_eau_pipeline to 2026-07-28 00:00:00+00:00, run_after=2026-07-29 00:00:00+00:00
[2026-07-28T03:28:50.029+0000] {processor.py:208} INFO - Processing /opt/airflow/dags/flex_eau_pipeline.py took 0.426 seconds
[2026-07-28T03:29:20.843+0000] {processor.py:186} INFO - Started process (PID=5933) to work on /opt/airflow/dags/flex_eau_pipeline.py
[2026-07-28T03:29:20.848+0000] {processor.py:914} INFO - Processing file /opt/airflow/dags/flex_eau_pipeline.py for tasks to queue
[2026-07-28T03:29:20.859+0000] {logging_mixin.py:190} INFO - [2026-07-28T03:29:20.858+0000] {dagbag.py:587} INFO - Filling up the DagBag from /opt/airflow/dags/flex_eau_pipeline.py
[2026-07-28T03:29:20.993+0000] {processor.py:925} INFO - DAG(s) 'flex_eau_pipeline' retrieved from /opt/airflow/dags/flex_eau_pipeline.py
[2026-07-28T03:29:21.210+0000] {logging_mixin.py:190} INFO - [2026-07-28T03:29:21.208+0000] {dag.py:3211} INFO - Sync 1 DAGs
[2026-07-28T03:29:21.383+0000] {logging_mixin.py:190} INFO - [2026-07-28T03:29:21.383+0000] {dag.py:4138} INFO - Setting next_dagrun for flex_eau_pipeline to 2026-07-28 00:00:00+00:00, run_after=2026-07-29 00:00:00+00:00
[2026-07-28T03:29:21.428+0000] {processor.py:208} INFO - Processing /opt/airflow/dags/flex_eau_pipeline.py took 0.620 seconds
[2026-07-28T03:29:51.887+0000] {processor.py:186} INFO - Started process (PID=5938) to work on /opt/airflow/dags/flex_eau_pipeline.py
[2026-07-28T03:29:51.894+0000] {processor.py:914} INFO - Processing file /opt/airflow/dags/flex_eau_pipeline.py for tasks to queue
[2026-07-28T03:29:51.905+0000] {logging_mixin.py:190} INFO - [2026-07-28T03:29:51.904+0000] {dagbag.py:587} INFO - Filling up the DagBag from /opt/airflow/dags/flex_eau_pipeline.py
[2026-07-28T03:29:52.014+0000] {processor.py:925} INFO - DAG(s) 'flex_eau_pipeline' retrieved from /opt/airflow/dags/flex_eau_pipeline.py
[2026-07-28T03:29:52.172+0000] {logging_mixin.py:190} INFO - [2026-07-28T03:29:52.171+0000] {dag.py:3211} INFO - Sync 1 DAGs
[2026-07-28T03:29:52.283+0000] {logging_mixin.py:190} INFO - [2026-07-28T03:29:52.283+0000] {dag.py:4138} INFO - Setting next_dagrun for flex_eau_pipeline to 2026-07-28 00:00:00+00:00, run_after=2026-07-29 00:00:00+00:00
[2026-07-28T03:29:52.339+0000] {processor.py:208} INFO - Processing /opt/airflow/dags/flex_eau_pipeline.py took 0.487 seconds
[2026-07-28T03:30:23.289+0000] {processor.py:186} INFO - Started process (PID=5943) to work on /opt/airflow/dags/flex_eau_pipeline.py
[2026-07-28T03:30:23.293+0000] {processor.py:914} INFO - Processing file /opt/airflow/dags/flex_eau_pipeline.py for tasks to queue
[2026-07-28T03:30:23.306+0000] {logging_mixin.py:190} INFO - [2026-07-28T03:30:23.305+0000] {dagbag.py:587} INFO - Filling up the DagBag from /opt/airflow/dags/flex_eau_pipeline.py
[2026-07-28T03:30:23.451+0000] {processor.py:925} INFO - DAG(s) 'flex_eau_pipeline' retrieved from /opt/airflow/dags/flex_eau_pipeline.py
[2026-07-28T03:30:23.686+0000] {logging_mixin.py:190} INFO - [2026-07-28T03:30:23.685+0000] {dag.py:3211} INFO - Sync 1 DAGs
[2026-07-28T03:30:23.756+0000] {logging_mixin.py:190} INFO - [2026-07-28T03:30:23.756+0000] {dag.py:4138} INFO - Setting next_dagrun for flex_eau_pipeline to 2026-07-28 00:00:00+00:00, run_after=2026-07-29 00:00:00+00:00
[2026-07-28T03:30:23.800+0000] {processor.py:208} INFO - Processing /opt/airflow/dags/flex_eau_pipeline.py took 0.543 seconds
[2026-07-28T03:30:54.114+0000] {processor.py:186} INFO - Started process (PID=5948) to work on /opt/airflow/dags/flex_eau_pipeline.py
[2026-07-28T03:30:54.121+0000] {processor.py:914} INFO - Processing file /opt/airflow/dags/flex_eau_pipeline.py for tasks to queue
[2026-07-28T03:30:54.132+0000] {logging_mixin.py:190} INFO - [2026-07-28T03:30:54.131+0000] {dagbag.py:587} INFO - Filling up the DagBag from /opt/airflow/dags/flex_eau_pipeline.py
[2026-07-28T03:30:54.256+0000] {processor.py:925} INFO - DAG(s) 'flex_eau_pipeline' retrieved from /opt/airflow/dags/flex_eau_pipeline.py
[2026-07-28T03:30:54.363+0000] {logging_mixin.py:190} INFO - [2026-07-28T03:30:54.362+0000] {dag.py:3211} INFO - Sync 1 DAGs
[2026-07-28T03:30:54.438+0000] {logging_mixin.py:190} INFO - [2026-07-28T03:30:54.437+0000] {dag.py:4138} INFO - Setting next_dagrun for flex_eau_pipeline to 2026-07-28 00:00:00+00:00, run_after=2026-07-29 00:00:00+00:00
[2026-07-28T03:30:54.497+0000] {processor.py:208} INFO - Processing /opt/airflow/dags/flex_eau_pipeline.py took 0.410 seconds
[2026-07-28T03:31:24.965+0000] {processor.py:186} INFO - Started process (PID=5953) to work on /opt/airflow/dags/flex_eau_pipeline.py
[2026-07-28T03:31:24.970+0000] {processor.py:914} INFO - Processing file /opt/airflow/dags/flex_eau_pipeline.py for tasks to queue
[2026-07-28T03:31:24.980+0000] {logging_mixin.py:190} INFO - [2026-07-28T03:31:24.979+0000] {dagbag.py:587} INFO - Filling up the DagBag from /opt/airflow/dags/flex_eau_pipeline.py
[2026-07-28T03:31:25.116+0000] {processor.py:925} INFO - DAG(s) 'flex_eau_pipeline' retrieved from /opt/airflow/dags/flex_eau_pipeline.py
[2026-07-28T03:31:25.361+0000] {logging_mixin.py:190} INFO - [2026-07-28T03:31:25.360+0000] {dag.py:3211} INFO - Sync 1 DAGs
[2026-07-28T03:31:25.522+0000] {logging_mixin.py:190} INFO - [2026-07-28T03:31:25.521+0000] {dag.py:4138} INFO - Setting next_dagrun for flex_eau_pipeline to 2026-07-28 00:00:00+00:00, run_after=2026-07-29 00:00:00+00:00
[2026-07-28T03:31:31.703+0000] {processor.py:208} INFO - Processing /opt/airflow/dags/flex_eau_pipeline.py took 6.680 seconds
[2026-07-28T03:32:01.916+0000] {processor.py:186} INFO - Started process (PID=5958) to work on /opt/airflow/dags/flex_eau_pipeline.py
[2026-07-28T03:32:01.918+0000] {processor.py:914} INFO - Processing file /opt/airflow/dags/flex_eau_pipeline.py for tasks to queue
[2026-07-28T03:32:01.923+0000] {logging_mixin.py:190} INFO - [2026-07-28T03:32:01.923+0000] {dagbag.py:587} INFO - Filling up the DagBag from /opt/airflow/dags/flex_eau_pipeline.py
[2026-07-28T03:32:01.988+0000] {processor.py:925} INFO - DAG(s) 'flex_eau_pipeline' retrieved from /opt/airflow/dags/flex_eau_pipeline.py
[2026-07-28T03:32:02.066+0000] {logging_mixin.py:190} INFO - [2026-07-28T03:32:02.065+0000] {dag.py:3211} INFO - Sync 1 DAGs
[2026-07-28T03:32:02.122+0000] {logging_mixin.py:190} INFO - [2026-07-28T03:32:02.121+0000] {dag.py:4138} INFO - Setting next_dagrun for flex_eau_pipeline to 2026-07-28 00:00:00+00:00, run_after=2026-07-29 00:00:00+00:00
[2026-07-28T03:32:02.170+0000] {processor.py:208} INFO - Processing /opt/airflow/dags/flex_eau_pipeline.py took 0.269 seconds
[2026-07-28T03:32:32.826+0000] {processor.py:186} INFO - Started process (PID=5963) to work on /opt/airflow/dags/flex_eau_pipeline.py
[2026-07-28T03:32:32.829+0000] {processor.py:914} INFO - Processing file /opt/airflow/dags/flex_eau_pipeline.py for tasks to queue
[2026-07-28T03:32:32.836+0000] {logging_mixin.py:190} INFO - [2026-07-28T03:32:32.835+0000] {dagbag.py:587} INFO - Filling up the DagBag from /opt/airflow/dags/flex_eau_pipeline.py
[2026-07-28T03:32:32.925+0000] {processor.py:925} INFO - DAG(s) 'flex_eau_pipeline' retrieved from /opt/airflow/dags/flex_eau_pipeline.py
[2026-07-28T03:32:33.055+0000] {logging_mixin.py:190} INFO - [2026-07-28T03:32:33.054+0000] {dag.py:3211} INFO - Sync 1 DAGs
[2026-07-28T03:32:33.138+0000] {logging_mixin.py:190} INFO - [2026-07-28T03:32:33.137+0000] {dag.py:4138} INFO - Setting next_dagrun for flex_eau_pipeline to 2026-07-28 00:00:00+00:00, run_after=2026-07-29 00:00:00+00:00
[2026-07-28T03:32:33.203+0000] {processor.py:208} INFO - Processing /opt/airflow/dags/flex_eau_pipeline.py took 0.395 seconds
[2026-07-28T03:33:03.870+0000] {processor.py:186} INFO - Started process (PID=5968) to work on /opt/airflow/dags/flex_eau_pipeline.py
[2026-07-28T03:33:03.873+0000] {processor.py:914} INFO - Processing file /opt/airflow/dags/flex_eau_pipeline.py for tasks to queue
[2026-07-28T03:33:03.881+0000] {logging_mixin.py:190} INFO - [2026-07-28T03:33:03.880+0000] {dagbag.py:587} INFO - Filling up the DagBag from /opt/airflow/dags/flex_eau_pipeline.py
[2026-07-28T03:33:03.954+0000] {processor.py:925} INFO - DAG(s) 'flex_eau_pipeline' retrieved from /opt/airflow/dags/flex_eau_pipeline.py
[2026-07-28T03:33:04.073+0000] {logging_mixin.py:190} INFO - [2026-07-28T03:33:04.073+0000] {dag.py:3211} INFO - Sync 1 DAGs
[2026-07-28T03:33:04.165+0000] {logging_mixin.py:190} INFO - [2026-07-28T03:33:04.165+0000] {dag.py:4138} INFO - Setting next_dagrun for flex_eau_pipeline to 2026-07-28 00:00:00+00:00, run_after=2026-07-29 00:00:00+00:00
[2026-07-28T03:33:04.219+0000] {processor.py:208} INFO - Processing /opt/airflow/dags/flex_eau_pipeline.py took 0.370 seconds
[2026-07-28T03:33:35.250+0000] {processor.py:186} INFO - Started process (PID=5973) to work on /opt/airflow/dags/flex_eau_pipeline.py
[2026-07-28T03:33:35.256+0000] {processor.py:914} INFO - Processing file /opt/airflow/dags/flex_eau_pipeline.py for tasks to queue
[2026-07-28T03:33:35.269+0000] {logging_mixin.py:190} INFO - [2026-07-28T03:33:35.268+0000] {dagbag.py:587} INFO - Filling up the DagBag from /opt/airflow/dags/flex_eau_pipeline.py
[2026-07-28T03:33:35.453+0000] {processor.py:925} INFO - DAG(s) 'flex_eau_pipeline' retrieved from /opt/airflow/dags/flex_eau_pipeline.py
[2026-07-28T03:33:35.521+0000] {logging_mixin.py:190} INFO - [2026-07-28T03:33:35.521+0000] {dag.py:3211} INFO - Sync 1 DAGs
[2026-07-28T03:33:35.604+0000] {logging_mixin.py:190} INFO - [2026-07-28T03:33:35.604+0000] {dag.py:4138} INFO - Setting next_dagrun for flex_eau_pipeline to 2026-07-28 00:00:00+00:00, run_after=2026-07-29 00:00:00+00:00
[2026-07-28T03:33:35.658+0000] {processor.py:208} INFO - Processing /opt/airflow/dags/flex_eau_pipeline.py took 0.453 seconds
[2026-07-28T03:34:06.274+0000] {processor.py:186} INFO - Started process (PID=5978) to work on /opt/airflow/dags/flex_eau_pipeline.py
[2026-07-28T03:34:06.277+0000] {processor.py:914} INFO - Processing file /opt/airflow/dags/flex_eau_pipeline.py for tasks to queue
[2026-07-28T03:34:06.289+0000] {logging_mixin.py:190} INFO - [2026-07-28T03:34:06.288+0000] {dagbag.py:587} INFO - Filling up the DagBag from /opt/airflow/dags/flex_eau_pipeline.py
[2026-07-28T03:34:06.370+0000] {processor.py:925} INFO - DAG(s) 'flex_eau_pipeline' retrieved from /opt/airflow/dags/flex_eau_pipeline.py
[2026-07-28T03:34:06.570+0000] {logging_mixin.py:190} INFO - [2026-07-28T03:34:06.569+0000] {dag.py:3211} INFO - Sync 1 DAGs
[2026-07-28T03:34:06.652+0000] {logging_mixin.py:190} INFO - [2026-07-28T03:34:06.652+0000] {dag.py:4138} INFO - Setting next_dagrun for flex_eau_pipeline to 2026-07-28 00:00:00+00:00, run_after=2026-07-29 00:00:00+00:00
[2026-07-28T03:34:07.235+0000] {processor.py:208} INFO - Processing /opt/airflow/dags/flex_eau_pipeline.py took 0.982 seconds
[2026-07-28T03:34:38.216+0000] {processor.py:186} INFO - Started process (PID=5983) to work on /opt/airflow/dags/flex_eau_pipeline.py
[2026-07-28T03:34:38.226+0000] {processor.py:914} INFO - Processing file /opt/airflow/dags/flex_eau_pipeline.py for tasks to queue
[2026-07-28T03:34:38.244+0000] {logging_mixin.py:190} INFO - [2026-07-28T03:34:38.242+0000] {dagbag.py:587} INFO - Filling up the DagBag from /opt/airflow/dags/flex_eau_pipeline.py
[2026-07-28T03:34:38.422+0000] {processor.py:925} INFO - DAG(s) 'flex_eau_pipeline' retrieved from /opt/airflow/dags/flex_eau_pipeline.py
[2026-07-28T03:34:38.643+0000] {logging_mixin.py:190} INFO - [2026-07-28T03:34:38.642+0000] {dag.py:3211} INFO - Sync 1 DAGs
[2026-07-28T03:34:38.771+0000] {logging_mixin.py:190} INFO - [2026-07-28T03:34:38.770+0000] {dag.py:4138} INFO - Setting next_dagrun for flex_eau_pipeline to 2026-07-28 00:00:00+00:00, run_after=2026-07-29 00:00:00+00:00
[2026-07-28T03:34:38.823+0000] {processor.py:208} INFO - Processing /opt/airflow/dags/flex_eau_pipeline.py took 0.653 seconds
[2026-07-28T03:35:09.235+0000] {processor.py:186} INFO - Started process (PID=5988) to work on /opt/airflow/dags/flex_eau_pipeline.py
[2026-07-28T03:35:09.238+0000] {processor.py:914} INFO - Processing file /opt/airflow/dags/flex_eau_pipeline.py for tasks to queue
[2026-07-28T03:35:09.245+0000] {logging_mixin.py:190} INFO - [2026-07-28T03:35:09.244+0000] {dagbag.py:587} INFO - Filling up the DagBag from /opt/airflow/dags/flex_eau_pipeline.py
[2026-07-28T03:35:09.332+0000] {processor.py:925} INFO - DAG(s) 'flex_eau_pipeline' retrieved from /opt/airflow/dags/flex_eau_pipeline.py
[2026-07-28T03:35:09.439+0000] {logging_mixin.py:190} INFO - [2026-07-28T03:35:09.439+0000] {dag.py:3211} INFO - Sync 1 DAGs
[2026-07-28T03:35:09.514+0000] {logging_mixin.py:190} INFO - [2026-07-28T03:35:09.514+0000] {dag.py:4138} INFO - Setting next_dagrun for flex_eau_pipeline to 2026-07-28 00:00:00+00:00, run_after=2026-07-29 00:00:00+00:00
[2026-07-28T03:35:09.568+0000] {processor.py:208} INFO - Processing /opt/airflow/dags/flex_eau_pipeline.py took 0.358 seconds
[2026-07-28T03:35:40.235+0000] {processor.py:186} INFO - Started process (PID=5993) to work on /opt/airflow/dags/flex_eau_pipeline.py
[2026-07-28T03:35:40.243+0000] {processor.py:914} INFO - Processing file /opt/airflow/dags/flex_eau_pipeline.py for tasks to queue
[2026-07-28T03:35:40.262+0000] {logging_mixin.py:190} INFO - [2026-07-28T03:35:40.261+0000] {dagbag.py:587} INFO - Filling up the DagBag from /opt/airflow/dags/flex_eau_pipeline.py
[2026-07-28T03:35:40.433+0000] {processor.py:925} INFO - DAG(s) 'flex_eau_pipeline' retrieved from /opt/airflow/dags/flex_eau_pipeline.py
[2026-07-28T03:35:40.543+0000] {logging_mixin.py:190} INFO - [2026-07-28T03:35:40.542+0000] {dag.py:3211} INFO - Sync 1 DAGs
[2026-07-28T03:35:40.633+0000] {logging_mixin.py:190} INFO - [2026-07-28T03:35:40.632+0000] {dag.py:4138} INFO - Setting next_dagrun for flex_eau_pipeline to 2026-07-28 00:00:00+00:00, run_after=2026-07-29 00:00:00+00:00
[2026-07-28T03:35:40.674+0000] {processor.py:208} INFO - Processing /opt/airflow/dags/flex_eau_pipeline.py took 0.488 seconds
[2026-07-28T03:36:11.498+0000] {processor.py:186} INFO - Started process (PID=5998) to work on /opt/airflow/dags/flex_eau_pipeline.py
[2026-07-28T03:36:11.507+0000] {processor.py:914} INFO - Processing file /opt/airflow/dags/flex_eau_pipeline.py for tasks to queue
[2026-07-28T03:36:11.523+0000] {logging_mixin.py:190} INFO - [2026-07-28T03:36:11.522+0000] {dagbag.py:587} INFO - Filling up the DagBag from /opt/airflow/dags/flex_eau_pipeline.py
[2026-07-28T03:36:11.615+0000] {processor.py:925} INFO - DAG(s) 'flex_eau_pipeline' retrieved from /opt/airflow/dags/flex_eau_pipeline.py
[2026-07-28T03:36:11.731+0000] {logging_mixin.py:190} INFO - [2026-07-28T03:36:11.730+0000] {dag.py:3211} INFO - Sync 1 DAGs
[2026-07-28T03:36:11.781+0000] {logging_mixin.py:190} INFO - [2026-07-28T03:36:11.780+0000] {dag.py:4138} INFO - Setting next_dagrun for flex_eau_pipeline to 2026-07-28 00:00:00+00:00, run_after=2026-07-29 00:00:00+00:00
[2026-07-28T03:36:11.826+0000] {processor.py:208} INFO - Processing /opt/airflow/dags/flex_eau_pipeline.py took 0.384 seconds
[2026-07-28T03:36:42.665+0000] {processor.py:186} INFO - Started process (PID=6003) to work on /opt/airflow/dags/flex_eau_pipeline.py
[2026-07-28T03:36:42.671+0000] {processor.py:914} INFO - Processing file /opt/airflow/dags/flex_eau_pipeline.py for tasks to queue
[2026-07-28T03:36:42.682+0000] {logging_mixin.py:190} INFO - [2026-07-28T03:36:42.681+0000] {dagbag.py:587} INFO - Filling up the DagBag from /opt/airflow/dags/flex_eau_pipeline.py
[2026-07-28T03:36:42.814+0000] {processor.py:925} INFO - DAG(s) 'flex_eau_pipeline' retrieved from /opt/airflow/dags/flex_eau_pipeline.py
[2026-07-28T03:36:43.028+0000] {logging_mixin.py:190} INFO - [2026-07-28T03:36:43.027+0000] {dag.py:3211} INFO - Sync 1 DAGs
[2026-07-28T03:36:43.078+0000] {logging_mixin.py:190} INFO - [2026-07-28T03:36:43.077+0000] {dag.py:4138} INFO - Setting next_dagrun for flex_eau_pipeline to 2026-07-28 00:00:00+00:00, run_after=2026-07-29 00:00:00+00:00
[2026-07-28T03:36:43.435+0000] {processor.py:208} INFO - Processing /opt/airflow/dags/flex_eau_pipeline.py took 0.802 seconds
[2026-07-28T03:37:13.818+0000] {processor.py:186} INFO - Started process (PID=6008) to work on /opt/airflow/dags/flex_eau_pipeline.py
[2026-07-28T03:37:13.823+0000] {processor.py:914} INFO - Processing file /opt/airflow/dags/flex_eau_pipeline.py for tasks to queue
[2026-07-28T03:37:13.834+0000] {logging_mixin.py:190} INFO - [2026-07-28T03:37:13.833+0000] {dagbag.py:587} INFO - Filling up the DagBag from /opt/airflow/dags/flex_eau_pipeline.py
[2026-07-28T03:37:14.053+0000] {processor.py:925} INFO - DAG(s) 'flex_eau_pipeline' retrieved from /opt/airflow/dags/flex_eau_pipeline.py
[2026-07-28T03:37:14.153+0000] {logging_mixin.py:190} INFO - [2026-07-28T03:37:14.153+0000] {dag.py:3211} INFO - Sync 1 DAGs
[2026-07-28T03:37:14.228+0000] {logging_mixin.py:190} INFO - [2026-07-28T03:37:14.227+0000] {dag.py:4138} INFO - Setting next_dagrun for flex_eau_pipeline to 2026-07-28 00:00:00+00:00, run_after=2026-07-29 00:00:00+00:00
[2026-07-28T03:37:14.281+0000] {processor.py:208} INFO - Processing /opt/airflow/dags/flex_eau_pipeline.py took 0.499 seconds
[2026-07-28T03:37:45.243+0000] {processor.py:186} INFO - Started process (PID=6013) to work on /opt/airflow/dags/flex_eau_pipeline.py
[2026-07-28T03:37:45.245+0000] {processor.py:914} INFO - Processing file /opt/airflow/dags/flex_eau_pipeline.py for tasks to queue
[2026-07-28T03:37:45.251+0000] {logging_mixin.py:190} INFO - [2026-07-28T03:37:45.251+0000] {dagbag.py:587} INFO - Filling up the DagBag from /opt/airflow/dags/flex_eau_pipeline.py
[2026-07-28T03:37:45.320+0000] {processor.py:925} INFO - DAG(s) 'flex_eau_pipeline' retrieved from /opt/airflow/dags/flex_eau_pipeline.py
[2026-07-28T03:37:45.431+0000] {logging_mixin.py:190} INFO - [2026-07-28T03:37:45.430+0000] {dag.py:3211} INFO - Sync 1 DAGs
[2026-07-28T03:37:45.503+0000] {logging_mixin.py:190} INFO - [2026-07-28T03:37:45.502+0000] {dag.py:4138} INFO - Setting next_dagrun for flex_eau_pipeline to 2026-07-28 00:00:00+00:00, run_after=2026-07-29 00:00:00+00:00
[2026-07-28T03:37:45.568+0000] {processor.py:208} INFO - Processing /opt/airflow/dags/flex_eau_pipeline.py took 0.339 seconds
[2026-07-28T03:38:16.196+0000] {processor.py:186} INFO - Started process (PID=6018) to work on /opt/airflow/dags/flex_eau_pipeline.py
[2026-07-28T03:38:16.201+0000] {processor.py:914} INFO - Processing file /opt/airflow/dags/flex_eau_pipeline.py for tasks to queue
[2026-07-28T03:38:16.209+0000] {logging_mixin.py:190} INFO - [2026-07-28T03:38:16.208+0000] {dagbag.py:587} INFO - Filling up the DagBag from /opt/airflow/dags/flex_eau_pipeline.py
[2026-07-28T03:38:16.285+0000] {processor.py:925} INFO - DAG(s) 'flex_eau_pipeline' retrieved from /opt/airflow/dags/flex_eau_pipeline.py
[2026-07-28T03:38:16.559+0000] {logging_mixin.py:190} INFO - [2026-07-28T03:38:16.557+0000] {dag.py:3211} INFO - Sync 1 DAGs
[2026-07-28T03:38:16.713+0000] {logging_mixin.py:190} INFO - [2026-07-28T03:38:16.712+0000] {dag.py:4138} INFO - Setting next_dagrun for flex_eau_pipeline to 2026-07-28 00:00:00+00:00, run_after=2026-07-29 00:00:00+00:00
[2026-07-28T03:38:16.818+0000] {processor.py:208} INFO - Processing /opt/airflow/dags/flex_eau_pipeline.py took 0.647 seconds
[2026-07-28T03:38:47.490+0000] {processor.py:186} INFO - Started process (PID=6023) to work on /opt/airflow/dags/flex_eau_pipeline.py
[2026-07-28T03:38:47.498+0000] {processor.py:914} INFO - Processing file /opt/airflow/dags/flex_eau_pipeline.py for tasks to queue
[2026-07-28T03:38:47.520+0000] {logging_mixin.py:190} INFO - [2026-07-28T03:38:47.512+0000] {dagbag.py:587} INFO - Filling up the DagBag from /opt/airflow/dags/flex_eau_pipeline.py
[2026-07-28T03:38:47.649+0000] {processor.py:925} INFO - DAG(s) 'flex_eau_pipeline' retrieved from /opt/airflow/dags/flex_eau_pipeline.py
[2026-07-28T03:38:47.726+0000] {logging_mixin.py:190} INFO - [2026-07-28T03:38:47.726+0000] {dag.py:3211} INFO - Sync 1 DAGs
[2026-07-28T03:38:47.788+0000] {logging_mixin.py:190} INFO - [2026-07-28T03:38:47.787+0000] {dag.py:4138} INFO - Setting next_dagrun for flex_eau_pipeline to 2026-07-28 00:00:00+00:00, run_after=2026-07-29 00:00:00+00:00
[2026-07-28T03:38:47.840+0000] {processor.py:208} INFO - Processing /opt/airflow/dags/flex_eau_pipeline.py took 0.384 seconds
[2026-07-28T03:39:18.777+0000] {processor.py:186} INFO - Started process (PID=6028) to work on /opt/airflow/dags/flex_eau_pipeline.py
[2026-07-28T03:39:18.783+0000] {processor.py:914} INFO - Processing file /opt/airflow/dags/flex_eau_pipeline.py for tasks to queue
[2026-07-28T03:39:18.798+0000] {logging_mixin.py:190} INFO - [2026-07-28T03:39:18.796+0000] {dagbag.py:587} INFO - Filling up the DagBag from /opt/airflow/dags/flex_eau_pipeline.py
[2026-07-28T03:39:18.922+0000] {processor.py:925} INFO - DAG(s) 'flex_eau_pipeline' retrieved from /opt/airflow/dags/flex_eau_pipeline.py
[2026-07-28T03:39:19.020+0000] {logging_mixin.py:190} INFO - [2026-07-28T03:39:19.019+0000] {dag.py:3211} INFO - Sync 1 DAGs
[2026-07-28T03:39:19.108+0000] {logging_mixin.py:190} INFO - [2026-07-28T03:39:19.107+0000] {dag.py:4138} INFO - Setting next_dagrun for flex_eau_pipeline to 2026-07-28 00:00:00+00:00, run_after=2026-07-29 00:00:00+00:00
[2026-07-28T03:39:19.711+0000] {processor.py:208} INFO - Processing /opt/airflow/dags/flex_eau_pipeline.py took 0.969 seconds
[2026-07-28T03:39:50.618+0000] {processor.py:186} INFO - Started process (PID=6033) to work on /opt/airflow/dags/flex_eau_pipeline.py
[2026-07-28T03:39:50.625+0000] {processor.py:914} INFO - Processing file /opt/airflow/dags/flex_eau_pipeline.py for tasks to queue
[2026-07-28T03:39:50.646+0000] {logging_mixin.py:190} INFO - [2026-07-28T03:39:50.644+0000] {dagbag.py:587} INFO - Filling up the DagBag from /opt/airflow/dags/flex_eau_pipeline.py
[2026-07-28T03:39:50.799+0000] {processor.py:925} INFO - DAG(s) 'flex_eau_pipeline' retrieved from /opt/airflow/dags/flex_eau_pipeline.py
[2026-07-28T03:39:50.960+0000] {logging_mixin.py:190} INFO - [2026-07-28T03:39:50.959+0000] {dag.py:3211} INFO - Sync 1 DAGs
[2026-07-28T03:39:51.353+0000] {logging_mixin.py:190} INFO - [2026-07-28T03:39:51.352+0000] {dag.py:4138} INFO - Setting next_dagrun for flex_eau_pipeline to 2026-07-28 00:00:00+00:00, run_after=2026-07-29 00:00:00+00:00
[2026-07-28T03:39:51.431+0000] {processor.py:208} INFO - Processing /opt/airflow/dags/flex_eau_pipeline.py took 0.855 seconds
[2026-07-28T03:40:22.560+0000] {processor.py:186} INFO - Started process (PID=6038) to work on /opt/airflow/dags/flex_eau_pipeline.py
[2026-07-28T03:40:22.565+0000] {processor.py:914} INFO - Processing file /opt/airflow/dags/flex_eau_pipeline.py for tasks to queue
[2026-07-28T03:40:22.575+0000] {logging_mixin.py:190} INFO - [2026-07-28T03:40:22.574+0000] {dagbag.py:587} INFO - Filling up the DagBag from /opt/airflow/dags/flex_eau_pipeline.py
[2026-07-28T03:40:22.703+0000] {processor.py:925} INFO - DAG(s) 'flex_eau_pipeline' retrieved from /opt/airflow/dags/flex_eau_pipeline.py
[2026-07-28T03:40:22.795+0000] {logging_mixin.py:190} INFO - [2026-07-28T03:40:22.795+0000] {dag.py:3211} INFO - Sync 1 DAGs
[2026-07-28T03:40:22.857+0000] {logging_mixin.py:190} INFO - [2026-07-28T03:40:22.857+0000] {dag.py:4138} INFO - Setting next_dagrun for flex_eau_pipeline to 2026-07-28 00:00:00+00:00, run_after=2026-07-29 00:00:00+00:00
[2026-07-28T03:40:22.908+0000] {processor.py:208} INFO - Processing /opt/airflow/dags/flex_eau_pipeline.py took 0.378 seconds
[2026-07-28T03:40:53.260+0000] {processor.py:186} INFO - Started process (PID=6043) to work on /opt/airflow/dags/flex_eau_pipeline.py
[2026-07-28T03:40:53.263+0000] {processor.py:914} INFO - Processing file /opt/airflow/dags/flex_eau_pipeline.py for tasks to queue
[2026-07-28T03:40:53.268+0000] {logging_mixin.py:190} INFO - [2026-07-28T03:40:53.268+0000] {dagbag.py:587} INFO - Filling up the DagBag from /opt/airflow/dags/flex_eau_pipeline.py
[2026-07-28T03:40:53.326+0000] {processor.py:925} INFO - DAG(s) 'flex_eau_pipeline' retrieved from /opt/airflow/dags/flex_eau_pipeline.py
[2026-07-28T03:40:53.415+0000] {logging_mixin.py:190} INFO - [2026-07-28T03:40:53.409+0000] {dag.py:3211} INFO - Sync 1 DAGs
[2026-07-28T03:40:53.473+0000] {logging_mixin.py:190} INFO - [2026-07-28T03:40:53.472+0000] {dag.py:4138} INFO - Setting next_dagrun for flex_eau_pipeline to 2026-07-28 00:00:00+00:00, run_after=2026-07-29 00:00:00+00:00
[2026-07-28T03:40:53.525+0000] {processor.py:208} INFO - Processing /opt/airflow/dags/flex_eau_pipeline.py took 0.279 seconds
[2026-07-28T03:41:24.391+0000] {processor.py:186} INFO - Started process (PID=6048) to work on /opt/airflow/dags/flex_eau_pipeline.py
[2026-07-28T03:41:24.396+0000] {processor.py:914} INFO - Processing file /opt/airflow/dags/flex_eau_pipeline.py for tasks to queue
[2026-07-28T03:41:24.408+0000] {logging_mixin.py:190} INFO - [2026-07-28T03:41:24.407+0000] {dagbag.py:587} INFO - Filling up the DagBag from /opt/airflow/dags/flex_eau_pipeline.py
[2026-07-28T03:41:24.538+0000] {processor.py:925} INFO - DAG(s) 'flex_eau_pipeline' retrieved from /opt/airflow/dags/flex_eau_pipeline.py
[2026-07-28T03:41:24.706+0000] {logging_mixin.py:190} INFO - [2026-07-28T03:41:24.705+0000] {dag.py:3211} INFO - Sync 1 DAGs
[2026-07-28T03:41:24.844+0000] {logging_mixin.py:190} INFO - [2026-07-28T03:41:24.843+0000] {dag.py:4138} INFO - Setting next_dagrun for flex_eau_pipeline to 2026-07-28 00:00:00+00:00, run_after=2026-07-29 00:00:00+00:00
[2026-07-28T03:41:24.933+0000] {processor.py:208} INFO - Processing /opt/airflow/dags/flex_eau_pipeline.py took 0.575 seconds
[2026-07-28T03:41:55.267+0000] {processor.py:186} INFO - Started process (PID=6053) to work on /opt/airflow/dags/flex_eau_pipeline.py
[2026-07-28T03:41:55.271+0000] {processor.py:914} INFO - Processing file /opt/airflow/dags/flex_eau_pipeline.py for tasks to queue
[2026-07-28T03:41:55.278+0000] {logging_mixin.py:190} INFO - [2026-07-28T03:41:55.277+0000] {dagbag.py:587} INFO - Filling up the DagBag from /opt/airflow/dags/flex_eau_pipeline.py
[2026-07-28T03:41:55.352+0000] {processor.py:925} INFO - DAG(s) 'flex_eau_pipeline' retrieved from /opt/airflow/dags/flex_eau_pipeline.py
[2026-07-28T03:41:55.451+0000] {logging_mixin.py:190} INFO - [2026-07-28T03:41:55.451+0000] {dag.py:3211} INFO - Sync 1 DAGs
[2026-07-28T03:41:55.517+0000] {logging_mixin.py:190} INFO - [2026-07-28T03:41:55.517+0000] {dag.py:4138} INFO - Setting next_dagrun for flex_eau_pipeline to 2026-07-28 00:00:00+00:00, run_after=2026-07-29 00:00:00+00:00
[2026-07-28T03:41:55.831+0000] {processor.py:208} INFO - Processing /opt/airflow/dags/flex_eau_pipeline.py took 0.582 seconds
[2026-07-28T03:42:26.664+0000] {processor.py:186} INFO - Started process (PID=6058) to work on /opt/airflow/dags/flex_eau_pipeline.py
[2026-07-28T03:42:26.670+0000] {processor.py:914} INFO - Processing file /opt/airflow/dags/flex_eau_pipeline.py for tasks to queue
[2026-07-28T03:42:26.682+0000] {logging_mixin.py:190} INFO - [2026-07-28T03:42:26.681+0000] {dagbag.py:587} INFO - Filling up the DagBag from /opt/airflow/dags/flex_eau_pipeline.py
[2026-07-28T03:42:26.803+0000] {processor.py:925} INFO - DAG(s) 'flex_eau_pipeline' retrieved from /opt/airflow/dags/flex_eau_pipeline.py
[2026-07-28T03:42:26.947+0000] {logging_mixin.py:190} INFO - [2026-07-28T03:42:26.946+0000] {dag.py:3211} INFO - Sync 1 DAGs
[2026-07-28T03:42:27.302+0000] {logging_mixin.py:190} INFO - [2026-07-28T03:42:27.301+0000] {dag.py:4138} INFO - Setting next_dagrun for flex_eau_pipeline to 2026-07-28 00:00:00+00:00, run_after=2026-07-29 00:00:00+00:00
[2026-07-28T03:42:27.379+0000] {processor.py:208} INFO - Processing /opt/airflow/dags/flex_eau_pipeline.py took 0.746 seconds
[2026-07-28T03:42:58.371+0000] {processor.py:186} INFO - Started process (PID=6063) to work on /opt/airflow/dags/flex_eau_pipeline.py
[2026-07-28T03:42:58.376+0000] {processor.py:914} INFO - Processing file /opt/airflow/dags/flex_eau_pipeline.py for tasks to queue
[2026-07-28T03:42:58.388+0000] {logging_mixin.py:190} INFO - [2026-07-28T03:42:58.387+0000] {dagbag.py:587} INFO - Filling up the DagBag from /opt/airflow/dags/flex_eau_pipeline.py
[2026-07-28T03:42:58.504+0000] {processor.py:925} INFO - DAG(s) 'flex_eau_pipeline' retrieved from /opt/airflow/dags/flex_eau_pipeline.py
[2026-07-28T03:42:58.696+0000] {logging_mixin.py:190} INFO - [2026-07-28T03:42:58.694+0000] {dag.py:3211} INFO - Sync 1 DAGs
[2026-07-28T03:42:58.858+0000] {logging_mixin.py:190} INFO - [2026-07-28T03:42:58.857+0000] {dag.py:4138} INFO - Setting next_dagrun for flex_eau_pipeline to 2026-07-28 00:00:00+00:00, run_after=2026-07-29 00:00:00+00:00
[2026-07-28T03:42:58.961+0000] {processor.py:208} INFO - Processing /opt/airflow/dags/flex_eau_pipeline.py took 0.622 seconds
[2026-07-28T03:43:29.487+0000] {processor.py:186} INFO - Started process (PID=6068) to work on /opt/airflow/dags/flex_eau_pipeline.py
[2026-07-28T03:43:29.493+0000] {processor.py:914} INFO - Processing file /opt/airflow/dags/flex_eau_pipeline.py for tasks to queue
[2026-07-28T03:43:29.508+0000] {logging_mixin.py:190} INFO - [2026-07-28T03:43:29.506+0000] {dagbag.py:587} INFO - Filling up the DagBag from /opt/airflow/dags/flex_eau_pipeline.py
[2026-07-28T03:43:29.643+0000] {processor.py:925} INFO - DAG(s) 'flex_eau_pipeline' retrieved from /opt/airflow/dags/flex_eau_pipeline.py
[2026-07-28T03:43:29.809+0000] {logging_mixin.py:190} INFO - [2026-07-28T03:43:29.808+0000] {dag.py:3211} INFO - Sync 1 DAGs
[2026-07-28T03:43:29.857+0000] {logging_mixin.py:190} INFO - [2026-07-28T03:43:29.856+0000] {dag.py:4138} INFO - Setting next_dagrun for flex_eau_pipeline to 2026-07-28 00:00:00+00:00, run_after=2026-07-29 00:00:00+00:00
[2026-07-28T03:43:29.920+0000] {processor.py:208} INFO - Processing /opt/airflow/dags/flex_eau_pipeline.py took 0.474 seconds
[2026-07-28T03:44:00.926+0000] {processor.py:186} INFO - Started process (PID=6073) to work on /opt/airflow/dags/flex_eau_pipeline.py
[2026-07-28T03:44:00.935+0000] {processor.py:914} INFO - Processing file /opt/airflow/dags/flex_eau_pipeline.py for tasks to queue
[2026-07-28T03:44:00.958+0000] {logging_mixin.py:190} INFO - [2026-07-28T03:44:00.956+0000] {dagbag.py:587} INFO - Filling up the DagBag from /opt/airflow/dags/flex_eau_pipeline.py
[2026-07-28T03:44:01.142+0000] {processor.py:925} INFO - DAG(s) 'flex_eau_pipeline' retrieved from /opt/airflow/dags/flex_eau_pipeline.py
[2026-07-28T03:44:01.206+0000] {logging_mixin.py:190} INFO - [2026-07-28T03:44:01.206+0000] {dag.py:3211} INFO - Sync 1 DAGs
[2026-07-28T03:44:01.276+0000] {logging_mixin.py:190} INFO - [2026-07-28T03:44:01.275+0000] {dag.py:4138} INFO - Setting next_dagrun for flex_eau_pipeline to 2026-07-28 00:00:00+00:00, run_after=2026-07-29 00:00:00+00:00
[2026-07-28T03:44:01.370+0000] {processor.py:208} INFO - Processing /opt/airflow/dags/flex_eau_pipeline.py took 0.499 seconds
[2026-07-28T03:44:31.868+0000] {processor.py:186} INFO - Started process (PID=6078) to work on /opt/airflow/dags/flex_eau_pipeline.py
[2026-07-28T03:44:31.872+0000] {processor.py:914} INFO - Processing file /opt/airflow/dags/flex_eau_pipeline.py for tasks to queue
[2026-07-28T03:44:31.879+0000] {logging_mixin.py:190} INFO - [2026-07-28T03:44:31.878+0000] {dagbag.py:587} INFO - Filling up the DagBag from /opt/airflow/dags/flex_eau_pipeline.py
[2026-07-28T03:44:31.982+0000] {processor.py:925} INFO - DAG(s) 'flex_eau_pipeline' retrieved from /opt/airflow/dags/flex_eau_pipeline.py
[2026-07-28T03:44:32.104+0000] {logging_mixin.py:190} INFO - [2026-07-28T03:44:32.104+0000] {dag.py:3211} INFO - Sync 1 DAGs
[2026-07-28T03:44:32.163+0000] {logging_mixin.py:190} INFO - [2026-07-28T03:44:32.162+0000] {dag.py:4138} INFO - Setting next_dagrun for flex_eau_pipeline to 2026-07-28 00:00:00+00:00, run_after=2026-07-29 00:00:00+00:00
[2026-07-28T03:44:32.723+0000] {processor.py:208} INFO - Processing /opt/airflow/dags/flex_eau_pipeline.py took 0.880 seconds
[2026-07-28T03:45:03.708+0000] {processor.py:186} INFO - Started process (PID=6083) to work on /opt/airflow/dags/flex_eau_pipeline.py
[2026-07-28T03:45:03.710+0000] {processor.py:914} INFO - Processing file /opt/airflow/dags/flex_eau_pipeline.py for tasks to queue
[2026-07-28T03:45:03.716+0000] {logging_mixin.py:190} INFO - [2026-07-28T03:45:03.715+0000] {dagbag.py:587} INFO - Filling up the DagBag from /opt/airflow/dags/flex_eau_pipeline.py
[2026-07-28T03:45:03.766+0000] {processor.py:925} INFO - DAG(s) 'flex_eau_pipeline' retrieved from /opt/airflow/dags/flex_eau_pipeline.py
[2026-07-28T03:45:03.864+0000] {logging_mixin.py:190} INFO - [2026-07-28T03:45:03.862+0000] {dag.py:3211} INFO - Sync 1 DAGs
[2026-07-28T03:45:04.647+0000] {logging_mixin.py:190} INFO - [2026-07-28T03:45:04.646+0000] {dag.py:4138} INFO - Setting next_dagrun for flex_eau_pipeline to 2026-07-28 00:00:00+00:00, run_after=2026-07-29 00:00:00+00:00
[2026-07-28T03:45:04.704+0000] {processor.py:208} INFO - Processing /opt/airflow/dags/flex_eau_pipeline.py took 0.932 seconds
[2026-07-28T03:45:35.643+0000] {processor.py:186} INFO - Started process (PID=6088) to work on /opt/airflow/dags/flex_eau_pipeline.py
[2026-07-28T03:45:35.647+0000] {processor.py:914} INFO - Processing file /opt/airflow/dags/flex_eau_pipeline.py for tasks to queue
[2026-07-28T03:45:35.654+0000] {logging_mixin.py:190} INFO - [2026-07-28T03:45:35.653+0000] {dagbag.py:587} INFO - Filling up the DagBag from /opt/airflow/dags/flex_eau_pipeline.py
[2026-07-28T03:45:35.740+0000] {processor.py:925} INFO - DAG(s) 'flex_eau_pipeline' retrieved from /opt/airflow/dags/flex_eau_pipeline.py
[2026-07-28T03:45:35.843+0000] {logging_mixin.py:190} INFO - [2026-07-28T03:45:35.842+0000] {dag.py:3211} INFO - Sync 1 DAGs
[2026-07-28T03:45:35.911+0000] {logging_mixin.py:190} INFO - [2026-07-28T03:45:35.910+0000] {dag.py:4138} INFO - Setting next_dagrun for flex_eau_pipeline to 2026-07-28 00:00:00+00:00, run_after=2026-07-29 00:00:00+00:00
[2026-07-28T03:45:35.970+0000] {processor.py:208} INFO - Processing /opt/airflow/dags/flex_eau_pipeline.py took 0.345 seconds
[2026-07-28T03:46:06.533+0000] {processor.py:186} INFO - Started process (PID=6093) to work on /opt/airflow/dags/flex_eau_pipeline.py
[2026-07-28T03:46:06.541+0000] {processor.py:914} INFO - Processing file /opt/airflow/dags/flex_eau_pipeline.py for tasks to queue
[2026-07-28T03:46:06.552+0000] {logging_mixin.py:190} INFO - [2026-07-28T03:46:06.550+0000] {dagbag.py:587} INFO - Filling up the DagBag from /opt/airflow/dags/flex_eau_pipeline.py
[2026-07-28T03:46:06.671+0000] {processor.py:925} INFO - DAG(s) 'flex_eau_pipeline' retrieved from /opt/airflow/dags/flex_eau_pipeline.py
[2026-07-28T03:46:06.823+0000] {logging_mixin.py:190} INFO - [2026-07-28T03:46:06.823+0000] {dag.py:3211} INFO - Sync 1 DAGs
[2026-07-28T03:46:06.935+0000] {logging_mixin.py:190} INFO - [2026-07-28T03:46:06.934+0000] {dag.py:4138} INFO - Setting next_dagrun for flex_eau_pipeline to 2026-07-28 00:00:00+00:00, run_after=2026-07-29 00:00:00+00:00
[2026-07-28T03:46:07.027+0000] {processor.py:208} INFO - Processing /opt/airflow/dags/flex_eau_pipeline.py took 0.532 seconds
[2026-07-28T03:46:38.104+0000] {processor.py:186} INFO - Started process (PID=6098) to work on /opt/airflow/dags/flex_eau_pipeline.py
[2026-07-28T03:46:38.109+0000] {processor.py:914} INFO - Processing file /opt/airflow/dags/flex_eau_pipeline.py for tasks to queue
[2026-07-28T03:46:38.117+0000] {logging_mixin.py:190} INFO - [2026-07-28T03:46:38.117+0000] {dagbag.py:587} INFO - Filling up the DagBag from /opt/airflow/dags/flex_eau_pipeline.py
[2026-07-28T03:46:38.212+0000] {processor.py:925} INFO - DAG(s) 'flex_eau_pipeline' retrieved from /opt/airflow/dags/flex_eau_pipeline.py
[2026-07-28T03:46:38.333+0000] {logging_mixin.py:190} INFO - [2026-07-28T03:46:38.333+0000] {dag.py:3211} INFO - Sync 1 DAGs
[2026-07-28T03:46:38.413+0000] {logging_mixin.py:190} INFO - [2026-07-28T03:46:38.413+0000] {dag.py:4138} INFO - Setting next_dagrun for flex_eau_pipeline to 2026-07-28 00:00:00+00:00, run_after=2026-07-29 00:00:00+00:00
[2026-07-28T03:46:38.477+0000] {processor.py:208} INFO - Processing /opt/airflow/dags/flex_eau_pipeline.py took 0.400 seconds
[2026-07-28T03:47:08.877+0000] {processor.py:186} INFO - Started process (PID=6103) to work on /opt/airflow/dags/flex_eau_pipeline.py
[2026-07-28T03:47:08.880+0000] {processor.py:914} INFO - Processing file /opt/airflow/dags/flex_eau_pipeline.py for tasks to queue
[2026-07-28T03:47:08.887+0000] {logging_mixin.py:190} INFO - [2026-07-28T03:47:08.887+0000] {dagbag.py:587} INFO - Filling up the DagBag from /opt/airflow/dags/flex_eau_pipeline.py
[2026-07-28T03:47:08.970+0000] {processor.py:925} INFO - DAG(s) 'flex_eau_pipeline' retrieved from /opt/airflow/dags/flex_eau_pipeline.py
[2026-07-28T03:47:09.080+0000] {logging_mixin.py:190} INFO - [2026-07-28T03:47:09.079+0000] {dag.py:3211} INFO - Sync 1 DAGs
[2026-07-28T03:47:09.183+0000] {logging_mixin.py:190} INFO - [2026-07-28T03:47:09.182+0000] {dag.py:4138} INFO - Setting next_dagrun for flex_eau_pipeline to 2026-07-28 00:00:00+00:00, run_after=2026-07-29 00:00:00+00:00
[2026-07-28T03:47:09.558+0000] {processor.py:208} INFO - Processing /opt/airflow/dags/flex_eau_pipeline.py took 0.709 seconds
[2026-07-28T03:47:40.210+0000] {processor.py:186} INFO - Started process (PID=6108) to work on /opt/airflow/dags/flex_eau_pipeline.py
[2026-07-28T03:47:40.216+0000] {processor.py:914} INFO - Processing file /opt/airflow/dags/flex_eau_pipeline.py for tasks to queue
[2026-07-28T03:47:40.230+0000] {logging_mixin.py:190} INFO - [2026-07-28T03:47:40.228+0000] {dagbag.py:587} INFO - Filling up the DagBag from /opt/airflow/dags/flex_eau_pipeline.py
[2026-07-28T03:47:40.368+0000] {processor.py:925} INFO - DAG(s) 'flex_eau_pipeline' retrieved from /opt/airflow/dags/flex_eau_pipeline.py
[2026-07-28T03:47:40.535+0000] {logging_mixin.py:190} INFO - [2026-07-28T03:47:40.534+0000] {dag.py:3211} INFO - Sync 1 DAGs
[2026-07-28T03:47:40.919+0000] {logging_mixin.py:190} INFO - [2026-07-28T03:47:40.919+0000] {dag.py:4138} INFO - Setting next_dagrun for flex_eau_pipeline to 2026-07-28 00:00:00+00:00, run_after=2026-07-29 00:00:00+00:00
[2026-07-28T03:47:40.961+0000] {processor.py:208} INFO - Processing /opt/airflow/dags/flex_eau_pipeline.py took 0.809 seconds
[2026-07-28T03:48:11.195+0000] {processor.py:186} INFO - Started process (PID=6113) to work on /opt/airflow/dags/flex_eau_pipeline.py
[2026-07-28T03:48:11.198+0000] {processor.py:914} INFO - Processing file /opt/airflow/dags/flex_eau_pipeline.py for tasks to queue
[2026-07-28T03:48:11.205+0000] {logging_mixin.py:190} INFO - [2026-07-28T03:48:11.205+0000] {dagbag.py:587} INFO - Filling up the DagBag from /opt/airflow/dags/flex_eau_pipeline.py
[2026-07-28T03:48:11.256+0000] {processor.py:925} INFO - DAG(s) 'flex_eau_pipeline' retrieved from /opt/airflow/dags/flex_eau_pipeline.py
[2026-07-28T03:48:11.359+0000] {logging_mixin.py:190} INFO - [2026-07-28T03:48:11.358+0000] {dag.py:3211} INFO - Sync 1 DAGs
[2026-07-28T03:48:11.458+0000] {logging_mixin.py:190} INFO - [2026-07-28T03:48:11.456+0000] {dag.py:4138} INFO - Setting next_dagrun for flex_eau_pipeline to 2026-07-28 00:00:00+00:00, run_after=2026-07-29 00:00:00+00:00
[2026-07-28T03:48:11.562+0000] {processor.py:208} INFO - Processing /opt/airflow/dags/flex_eau_pipeline.py took 0.390 seconds
[2026-07-28T03:48:41.926+0000] {processor.py:186} INFO - Started process (PID=6118) to work on /opt/airflow/dags/flex_eau_pipeline.py
[2026-07-28T03:48:41.928+0000] {processor.py:914} INFO - Processing file /opt/airflow/dags/flex_eau_pipeline.py for tasks to queue
[2026-07-28T03:48:41.933+0000] {logging_mixin.py:190} INFO - [2026-07-28T03:48:41.932+0000] {dagbag.py:587} INFO - Filling up the DagBag from /opt/airflow/dags/flex_eau_pipeline.py
[2026-07-28T03:48:41.987+0000] {processor.py:925} INFO - DAG(s) 'flex_eau_pipeline' retrieved from /opt/airflow/dags/flex_eau_pipeline.py
[2026-07-28T03:48:42.072+0000] {logging_mixin.py:190} INFO - [2026-07-28T03:48:42.071+0000] {dag.py:3211} INFO - Sync 1 DAGs
[2026-07-28T03:48:42.154+0000] {logging_mixin.py:190} INFO - [2026-07-28T03:48:42.154+0000] {dag.py:4138} INFO - Setting next_dagrun for flex_eau_pipeline to 2026-07-28 00:00:00+00:00, run_after=2026-07-29 00:00:00+00:00
[2026-07-28T03:48:42.233+0000] {processor.py:208} INFO - Processing /opt/airflow/dags/flex_eau_pipeline.py took 0.320 seconds
[2026-07-28T03:49:12.787+0000] {processor.py:186} INFO - Started process (PID=6123) to work on /opt/airflow/dags/flex_eau_pipeline.py
[2026-07-28T03:49:12.793+0000] {processor.py:914} INFO - Processing file /opt/airflow/dags/flex_eau_pipeline.py for tasks to queue
[2026-07-28T03:49:12.806+0000] {logging_mixin.py:190} INFO - [2026-07-28T03:49:12.804+0000] {dagbag.py:587} INFO - Filling up the DagBag from /opt/airflow/dags/flex_eau_pipeline.py
[2026-07-28T03:49:12.952+0000] {processor.py:925} INFO - DAG(s) 'flex_eau_pipeline' retrieved from /opt/airflow/dags/flex_eau_pipeline.py
[2026-07-28T03:49:13.054+0000] {logging_mixin.py:190} INFO - [2026-07-28T03:49:13.054+0000] {dag.py:3211} INFO - Sync 1 DAGs
[2026-07-28T03:49:13.119+0000] {logging_mixin.py:190} INFO - [2026-07-28T03:49:13.118+0000] {dag.py:4138} INFO - Setting next_dagrun for flex_eau_pipeline to 2026-07-28 00:00:00+00:00, run_after=2026-07-29 00:00:00+00:00
[2026-07-28T03:49:13.192+0000] {processor.py:208} INFO - Processing /opt/airflow/dags/flex_eau_pipeline.py took 0.438 seconds
[2026-07-28T03:49:43.951+0000] {processor.py:186} INFO - Started process (PID=6128) to work on /opt/airflow/dags/flex_eau_pipeline.py
[2026-07-28T03:49:43.958+0000] {processor.py:914} INFO - Processing file /opt/airflow/dags/flex_eau_pipeline.py for tasks to queue
[2026-07-28T03:49:43.975+0000] {logging_mixin.py:190} INFO - [2026-07-28T03:49:43.974+0000] {dagbag.py:587} INFO - Filling up the DagBag from /opt/airflow/dags/flex_eau_pipeline.py
[2026-07-28T03:49:44.118+0000] {processor.py:925} INFO - DAG(s) 'flex_eau_pipeline' retrieved from /opt/airflow/dags/flex_eau_pipeline.py
[2026-07-28T03:49:44.306+0000] {logging_mixin.py:190} INFO - [2026-07-28T03:49:44.305+0000] {dag.py:3211} INFO - Sync 1 DAGs
[2026-07-28T03:49:44.430+0000] {logging_mixin.py:190} INFO - [2026-07-28T03:49:44.429+0000] {dag.py:4138} INFO - Setting next_dagrun for flex_eau_pipeline to 2026-07-28 00:00:00+00:00, run_after=2026-07-29 00:00:00+00:00
[2026-07-28T03:49:44.894+0000] {processor.py:208} INFO - Processing /opt/airflow/dags/flex_eau_pipeline.py took 0.981 seconds
[2026-07-28T03:50:15.821+0000] {processor.py:186} INFO - Started process (PID=6133) to work on /opt/airflow/dags/flex_eau_pipeline.py
[2026-07-28T03:50:15.826+0000] {processor.py:914} INFO - Processing file /opt/airflow/dags/flex_eau_pipeline.py for tasks to queue
[2026-07-28T03:50:15.837+0000] {logging_mixin.py:190} INFO - [2026-07-28T03:50:15.836+0000] {dagbag.py:587} INFO - Filling up the DagBag from /opt/airflow/dags/flex_eau_pipeline.py
[2026-07-28T03:50:15.984+0000] {processor.py:925} INFO - DAG(s) 'flex_eau_pipeline' retrieved from /opt/airflow/dags/flex_eau_pipeline.py
[2026-07-28T03:50:16.193+0000] {logging_mixin.py:190} INFO - [2026-07-28T03:50:16.193+0000] {dag.py:3211} INFO - Sync 1 DAGs
[2026-07-28T03:50:16.687+0000] {logging_mixin.py:190} INFO - [2026-07-28T03:50:16.686+0000] {dag.py:4138} INFO - Setting next_dagrun for flex_eau_pipeline to 2026-07-28 00:00:00+00:00, run_after=2026-07-29 00:00:00+00:00
[2026-07-28T03:50:16.738+0000] {processor.py:208} INFO - Processing /opt/airflow/dags/flex_eau_pipeline.py took 0.947 seconds
[2026-07-28T03:50:47.709+0000] {processor.py:186} INFO - Started process (PID=6138) to work on /opt/airflow/dags/flex_eau_pipeline.py
[2026-07-28T03:50:47.715+0000] {processor.py:914} INFO - Processing file /opt/airflow/dags/flex_eau_pipeline.py for tasks to queue
[2026-07-28T03:50:47.729+0000] {logging_mixin.py:190} INFO - [2026-07-28T03:50:47.727+0000] {dagbag.py:587} INFO - Filling up the DagBag from /opt/airflow/dags/flex_eau_pipeline.py
[2026-07-28T03:50:47.883+0000] {processor.py:925} INFO - DAG(s) 'flex_eau_pipeline' retrieved from /opt/airflow/dags/flex_eau_pipeline.py
[2026-07-28T03:50:48.085+0000] {logging_mixin.py:190} INFO - [2026-07-28T03:50:48.085+0000] {dag.py:3211} INFO - Sync 1 DAGs
[2026-07-28T03:50:48.148+0000] {logging_mixin.py:190} INFO - [2026-07-28T03:50:48.147+0000] {dag.py:4138} INFO - Setting next_dagrun for flex_eau_pipeline to 2026-07-28 00:00:00+00:00, run_after=2026-07-29 00:00:00+00:00
[2026-07-28T03:50:48.202+0000] {processor.py:208} INFO - Processing /opt/airflow/dags/flex_eau_pipeline.py took 0.529 seconds
[2026-07-28T03:51:18.779+0000] {processor.py:186} INFO - Started process (PID=6143) to work on /opt/airflow/dags/flex_eau_pipeline.py
[2026-07-28T03:51:18.785+0000] {processor.py:914} INFO - Processing file /opt/airflow/dags/flex_eau_pipeline.py for tasks to queue
[2026-07-28T03:51:18.796+0000] {logging_mixin.py:190} INFO - [2026-07-28T03:51:18.795+0000] {dagbag.py:587} INFO - Filling up the DagBag from /opt/airflow/dags/flex_eau_pipeline.py
[2026-07-28T03:51:18.941+0000] {processor.py:925} INFO - DAG(s) 'flex_eau_pipeline' retrieved from /opt/airflow/dags/flex_eau_pipeline.py
[2026-07-28T03:51:19.114+0000] {logging_mixin.py:190} INFO - [2026-07-28T03:51:19.113+0000] {dag.py:3211} INFO - Sync 1 DAGs
[2026-07-28T03:51:19.219+0000] {logging_mixin.py:190} INFO - [2026-07-28T03:51:19.218+0000] {dag.py:4138} INFO - Setting next_dagrun for flex_eau_pipeline to 2026-07-28 00:00:00+00:00, run_after=2026-07-29 00:00:00+00:00
[2026-07-28T03:51:19.298+0000] {processor.py:208} INFO - Processing /opt/airflow/dags/flex_eau_pipeline.py took 0.555 seconds
[2026-07-28T03:51:49.893+0000] {processor.py:186} INFO - Started process (PID=6148) to work on /opt/airflow/dags/flex_eau_pipeline.py
[2026-07-28T03:51:49.900+0000] {processor.py:914} INFO - Processing file /opt/airflow/dags/flex_eau_pipeline.py for tasks to queue
[2026-07-28T03:51:49.911+0000] {logging_mixin.py:190} INFO - [2026-07-28T03:51:49.910+0000] {dagbag.py:587} INFO - Filling up the DagBag from /opt/airflow/dags/flex_eau_pipeline.py
[2026-07-28T03:51:50.044+0000] {processor.py:925} INFO - DAG(s) 'flex_eau_pipeline' retrieved from /opt/airflow/dags/flex_eau_pipeline.py
[2026-07-28T03:51:50.217+0000] {logging_mixin.py:190} INFO - [2026-07-28T03:51:50.216+0000] {dag.py:3211} INFO - Sync 1 DAGs
[2026-07-28T03:51:50.336+0000] {logging_mixin.py:190} INFO - [2026-07-28T03:51:50.335+0000] {dag.py:4138} INFO - Setting next_dagrun for flex_eau_pipeline to 2026-07-28 00:00:00+00:00, run_after=2026-07-29 00:00:00+00:00
[2026-07-28T03:51:50.433+0000] {processor.py:208} INFO - Processing /opt/airflow/dags/flex_eau_pipeline.py took 0.573 seconds
[2026-07-28T03:52:21.008+0000] {processor.py:186} INFO - Started process (PID=6153) to work on /opt/airflow/dags/flex_eau_pipeline.py
[2026-07-28T03:52:21.014+0000] {processor.py:914} INFO - Processing file /opt/airflow/dags/flex_eau_pipeline.py for tasks to queue
[2026-07-28T03:52:21.027+0000] {logging_mixin.py:190} INFO - [2026-07-28T03:52:21.026+0000] {dagbag.py:587} INFO - Filling up the DagBag from /opt/airflow/dags/flex_eau_pipeline.py
[2026-07-28T03:52:21.157+0000] {processor.py:925} INFO - DAG(s) 'flex_eau_pipeline' retrieved from /opt/airflow/dags/flex_eau_pipeline.py
[2026-07-28T03:52:21.297+0000] {logging_mixin.py:190} INFO - [2026-07-28T03:52:21.296+0000] {dag.py:3211} INFO - Sync 1 DAGs
[2026-07-28T03:52:21.410+0000] {logging_mixin.py:190} INFO - [2026-07-28T03:52:21.404+0000] {dag.py:4138} INFO - Setting next_dagrun for flex_eau_pipeline to 2026-07-28 00:00:00+00:00, run_after=2026-07-29 00:00:00+00:00
[2026-07-28T03:52:21.883+0000] {processor.py:208} INFO - Processing /opt/airflow/dags/flex_eau_pipeline.py took 0.910 seconds
[2026-07-28T03:52:52.672+0000] {processor.py:186} INFO - Started process (PID=6158) to work on /opt/airflow/dags/flex_eau_pipeline.py
[2026-07-28T03:52:52.674+0000] {processor.py:914} INFO - Processing file /opt/airflow/dags/flex_eau_pipeline.py for tasks to queue
[2026-07-28T03:52:52.679+0000] {logging_mixin.py:190} INFO - [2026-07-28T03:52:52.678+0000] {dagbag.py:587} INFO - Filling up the DagBag from /opt/airflow/dags/flex_eau_pipeline.py
[2026-07-28T03:52:52.750+0000] {processor.py:925} INFO - DAG(s) 'flex_eau_pipeline' retrieved from /opt/airflow/dags/flex_eau_pipeline.py
[2026-07-28T03:52:52.901+0000] {logging_mixin.py:190} INFO - [2026-07-28T03:52:52.900+0000] {dag.py:3211} INFO - Sync 1 DAGs
[2026-07-28T03:52:53.311+0000] {logging_mixin.py:190} INFO - [2026-07-28T03:52:53.310+0000] {dag.py:4138} INFO - Setting next_dagrun for flex_eau_pipeline to 2026-07-28 00:00:00+00:00, run_after=2026-07-29 00:00:00+00:00
[2026-07-28T03:52:53.367+0000] {processor.py:208} INFO - Processing /opt/airflow/dags/flex_eau_pipeline.py took 0.707 seconds
[2026-07-28T03:53:23.690+0000] {processor.py:186} INFO - Started process (PID=6163) to work on /opt/airflow/dags/flex_eau_pipeline.py
[2026-07-28T03:53:23.695+0000] {processor.py:914} INFO - Processing file /opt/airflow/dags/flex_eau_pipeline.py for tasks to queue
[2026-07-28T03:53:23.706+0000] {logging_mixin.py:190} INFO - [2026-07-28T03:53:23.705+0000] {dagbag.py:587} INFO - Filling up the DagBag from /opt/airflow/dags/flex_eau_pipeline.py
[2026-07-28T03:53:23.856+0000] {processor.py:925} INFO - DAG(s) 'flex_eau_pipeline' retrieved from /opt/airflow/dags/flex_eau_pipeline.py
[2026-07-28T03:53:24.041+0000] {logging_mixin.py:190} INFO - [2026-07-28T03:53:24.040+0000] {dag.py:3211} INFO - Sync 1 DAGs
[2026-07-28T03:53:24.173+0000] {logging_mixin.py:190} INFO - [2026-07-28T03:53:24.172+0000] {dag.py:4138} INFO - Setting next_dagrun for flex_eau_pipeline to 2026-07-28 00:00:00+00:00, run_after=2026-07-29 00:00:00+00:00
[2026-07-28T03:53:24.270+0000] {processor.py:208} INFO - Processing /opt/airflow/dags/flex_eau_pipeline.py took 0.614 seconds
[2026-07-28T03:53:55.065+0000] {processor.py:186} INFO - Started process (PID=6168) to work on /opt/airflow/dags/flex_eau_pipeline.py
[2026-07-28T03:53:55.070+0000] {processor.py:914} INFO - Processing file /opt/airflow/dags/flex_eau_pipeline.py for tasks to queue
[2026-07-28T03:53:55.079+0000] {logging_mixin.py:190} INFO - [2026-07-28T03:53:55.078+0000] {dagbag.py:587} INFO - Filling up the DagBag from /opt/airflow/dags/flex_eau_pipeline.py
[2026-07-28T03:53:55.181+0000] {processor.py:925} INFO - DAG(s) 'flex_eau_pipeline' retrieved from /opt/airflow/dags/flex_eau_pipeline.py
[2026-07-28T03:53:55.353+0000] {logging_mixin.py:190} INFO - [2026-07-28T03:53:55.352+0000] {dag.py:3211} INFO - Sync 1 DAGs
[2026-07-28T03:53:55.436+0000] {logging_mixin.py:190} INFO - [2026-07-28T03:53:55.435+0000] {dag.py:4138} INFO - Setting next_dagrun for flex_eau_pipeline to 2026-07-28 00:00:00+00:00, run_after=2026-07-29 00:00:00+00:00
[2026-07-28T03:53:55.492+0000] {processor.py:208} INFO - Processing /opt/airflow/dags/flex_eau_pipeline.py took 0.457 seconds
[2026-07-28T03:54:25.855+0000] {processor.py:186} INFO - Started process (PID=6173) to work on /opt/airflow/dags/flex_eau_pipeline.py
[2026-07-28T03:54:25.857+0000] {processor.py:914} INFO - Processing file /opt/airflow/dags/flex_eau_pipeline.py for tasks to queue
[2026-07-28T03:54:25.861+0000] {logging_mixin.py:190} INFO - [2026-07-28T03:54:25.860+0000] {dagbag.py:587} INFO - Filling up the DagBag from /opt/airflow/dags/flex_eau_pipeline.py
[2026-07-28T03:54:25.909+0000] {processor.py:925} INFO - DAG(s) 'flex_eau_pipeline' retrieved from /opt/airflow/dags/flex_eau_pipeline.py
[2026-07-28T03:54:25.970+0000] {logging_mixin.py:190} INFO - [2026-07-28T03:54:25.970+0000] {dag.py:3211} INFO - Sync 1 DAGs
[2026-07-28T03:54:26.015+0000] {logging_mixin.py:190} INFO - [2026-07-28T03:54:26.015+0000] {dag.py:4138} INFO - Setting next_dagrun for flex_eau_pipeline to 2026-07-28 00:00:00+00:00, run_after=2026-07-29 00:00:00+00:00
[2026-07-28T03:54:26.050+0000] {processor.py:208} INFO - Processing /opt/airflow/dags/flex_eau_pipeline.py took 0.208 seconds
[2026-07-28T03:54:56.520+0000] {processor.py:186} INFO - Started process (PID=6178) to work on /opt/airflow/dags/flex_eau_pipeline.py
[2026-07-28T03:54:56.523+0000] {processor.py:914} INFO - Processing file /opt/airflow/dags/flex_eau_pipeline.py for tasks to queue
[2026-07-28T03:54:56.527+0000] {logging_mixin.py:190} INFO - [2026-07-28T03:54:56.527+0000] {dagbag.py:587} INFO - Filling up the DagBag from /opt/airflow/dags/flex_eau_pipeline.py
[2026-07-28T03:54:56.579+0000] {processor.py:925} INFO - DAG(s) 'flex_eau_pipeline' retrieved from /opt/airflow/dags/flex_eau_pipeline.py
[2026-07-28T03:54:56.640+0000] {logging_mixin.py:190} INFO - [2026-07-28T03:54:56.640+0000] {dag.py:3211} INFO - Sync 1 DAGs
[2026-07-28T03:54:56.686+0000] {logging_mixin.py:190} INFO - [2026-07-28T03:54:56.685+0000] {dag.py:4138} INFO - Setting next_dagrun for flex_eau_pipeline to 2026-07-28 00:00:00+00:00, run_after=2026-07-29 00:00:00+00:00
[2026-07-28T03:54:57.018+0000] {processor.py:208} INFO - Processing /opt/airflow/dags/flex_eau_pipeline.py took 0.511 seconds
[2026-07-28T03:55:27.574+0000] {processor.py:186} INFO - Started process (PID=6183) to work on /opt/airflow/dags/flex_eau_pipeline.py
[2026-07-28T03:55:27.581+0000] {processor.py:914} INFO - Processing file /opt/airflow/dags/flex_eau_pipeline.py for tasks to queue
[2026-07-28T03:55:27.597+0000] {logging_mixin.py:190} INFO - [2026-07-28T03:55:27.595+0000] {dagbag.py:587} INFO - Filling up the DagBag from /opt/airflow/dags/flex_eau_pipeline.py
[2026-07-28T03:55:27.748+0000] {processor.py:925} INFO - DAG(s) 'flex_eau_pipeline' retrieved from /opt/airflow/dags/flex_eau_pipeline.py
[2026-07-28T03:55:27.937+0000] {logging_mixin.py:190} INFO - [2026-07-28T03:55:27.936+0000] {dag.py:3211} INFO - Sync 1 DAGs
[2026-07-28T03:55:28.388+0000] {logging_mixin.py:190} INFO - [2026-07-28T03:55:28.387+0000] {dag.py:4138} INFO - Setting next_dagrun for flex_eau_pipeline to 2026-07-28 00:00:00+00:00, run_after=2026-07-29 00:00:00+00:00
[2026-07-28T03:55:28.449+0000] {processor.py:208} INFO - Processing /opt/airflow/dags/flex_eau_pipeline.py took 0.911 seconds
[2026-07-28T03:55:59.330+0000] {processor.py:186} INFO - Started process (PID=6188) to work on /opt/airflow/dags/flex_eau_pipeline.py
[2026-07-28T03:55:59.333+0000] {processor.py:914} INFO - Processing file /opt/airflow/dags/flex_eau_pipeline.py for tasks to queue
[2026-07-28T03:55:59.340+0000] {logging_mixin.py:190} INFO - [2026-07-28T03:55:59.339+0000] {dagbag.py:587} INFO - Filling up the DagBag from /opt/airflow/dags/flex_eau_pipeline.py
[2026-07-28T03:55:59.418+0000] {processor.py:925} INFO - DAG(s) 'flex_eau_pipeline' retrieved from /opt/airflow/dags/flex_eau_pipeline.py
[2026-07-28T03:55:59.522+0000] {logging_mixin.py:190} INFO - [2026-07-28T03:55:59.521+0000] {dag.py:3211} INFO - Sync 1 DAGs
[2026-07-28T03:55:59.597+0000] {logging_mixin.py:190} INFO - [2026-07-28T03:55:59.597+0000] {dag.py:4138} INFO - Setting next_dagrun for flex_eau_pipeline to 2026-07-28 00:00:00+00:00, run_after=2026-07-29 00:00:00+00:00
[2026-07-28T03:55:59.651+0000] {processor.py:208} INFO - Processing /opt/airflow/dags/flex_eau_pipeline.py took 0.341 seconds
[2026-07-28T03:56:30.353+0000] {processor.py:186} INFO - Started process (PID=6193) to work on /opt/airflow/dags/flex_eau_pipeline.py
[2026-07-28T03:56:30.360+0000] {processor.py:914} INFO - Processing file /opt/airflow/dags/flex_eau_pipeline.py for tasks to queue
[2026-07-28T03:56:30.373+0000] {logging_mixin.py:190} INFO - [2026-07-28T03:56:30.371+0000] {dagbag.py:587} INFO - Filling up the DagBag from /opt/airflow/dags/flex_eau_pipeline.py
[2026-07-28T03:56:30.540+0000] {processor.py:925} INFO - DAG(s) 'flex_eau_pipeline' retrieved from /opt/airflow/dags/flex_eau_pipeline.py
[2026-07-28T03:56:30.716+0000] {logging_mixin.py:190} INFO - [2026-07-28T03:56:30.715+0000] {dag.py:3211} INFO - Sync 1 DAGs
[2026-07-28T03:56:30.854+0000] {logging_mixin.py:190} INFO - [2026-07-28T03:56:30.852+0000] {dag.py:4138} INFO - Setting next_dagrun for flex_eau_pipeline to 2026-07-28 00:00:00+00:00, run_after=2026-07-29 00:00:00+00:00
[2026-07-28T03:56:30.963+0000] {processor.py:208} INFO - Processing /opt/airflow/dags/flex_eau_pipeline.py took 0.662 seconds
[2026-07-28T03:57:01.293+0000] {processor.py:186} INFO - Started process (PID=6198) to work on /opt/airflow/dags/flex_eau_pipeline.py
[2026-07-28T03:57:01.299+0000] {processor.py:914} INFO - Processing file /opt/airflow/dags/flex_eau_pipeline.py for tasks to queue
[2026-07-28T03:57:01.312+0000] {logging_mixin.py:190} INFO - [2026-07-28T03:57:01.310+0000] {dagbag.py:587} INFO - Filling up the DagBag from /opt/airflow/dags/flex_eau_pipeline.py
[2026-07-28T03:57:01.470+0000] {processor.py:925} INFO - DAG(s) 'flex_eau_pipeline' retrieved from /opt/airflow/dags/flex_eau_pipeline.py
[2026-07-28T03:57:01.717+0000] {logging_mixin.py:190} INFO - [2026-07-28T03:57:01.713+0000] {dag.py:3211} INFO - Sync 1 DAGs
[2026-07-28T03:57:01.798+0000] {logging_mixin.py:190} INFO - [2026-07-28T03:57:01.797+0000] {dag.py:4138} INFO - Setting next_dagrun for flex_eau_pipeline to 2026-07-28 00:00:00+00:00, run_after=2026-07-29 00:00:00+00:00
[2026-07-28T03:57:01.907+0000] {processor.py:208} INFO - Processing /opt/airflow/dags/flex_eau_pipeline.py took 0.649 seconds
[2026-07-28T03:57:32.763+0000] {processor.py:186} INFO - Started process (PID=6203) to work on /opt/airflow/dags/flex_eau_pipeline.py
[2026-07-28T03:57:32.765+0000] {processor.py:914} INFO - Processing file /opt/airflow/dags/flex_eau_pipeline.py for tasks to queue
[2026-07-28T03:57:32.770+0000] {logging_mixin.py:190} INFO - [2026-07-28T03:57:32.769+0000] {dagbag.py:587} INFO - Filling up the DagBag from /opt/airflow/dags/flex_eau_pipeline.py
[2026-07-28T03:57:32.812+0000] {processor.py:925} INFO - DAG(s) 'flex_eau_pipeline' retrieved from /opt/airflow/dags/flex_eau_pipeline.py
[2026-07-28T03:57:32.929+0000] {logging_mixin.py:190} INFO - [2026-07-28T03:57:32.929+0000] {dag.py:3211} INFO - Sync 1 DAGs
[2026-07-28T03:57:33.513+0000] {logging_mixin.py:190} INFO - [2026-07-28T03:57:33.512+0000] {dag.py:4138} INFO - Setting next_dagrun for flex_eau_pipeline to 2026-07-28 00:00:00+00:00, run_after=2026-07-29 00:00:00+00:00
[2026-07-28T03:57:33.570+0000] {processor.py:208} INFO - Processing /opt/airflow/dags/flex_eau_pipeline.py took 0.828 seconds
[2026-07-28T03:58:04.616+0000] {processor.py:186} INFO - Started process (PID=6208) to work on /opt/airflow/dags/flex_eau_pipeline.py
[2026-07-28T03:58:04.621+0000] {processor.py:914} INFO - Processing file /opt/airflow/dags/flex_eau_pipeline.py for tasks to queue
[2026-07-28T03:58:04.631+0000] {logging_mixin.py:190} INFO - [2026-07-28T03:58:04.630+0000] {dagbag.py:587} INFO - Filling up the DagBag from /opt/airflow/dags/flex_eau_pipeline.py
[2026-07-28T03:58:04.720+0000] {processor.py:925} INFO - DAG(s) 'flex_eau_pipeline' retrieved from /opt/airflow/dags/flex_eau_pipeline.py
[2026-07-28T03:58:04.899+0000] {logging_mixin.py:190} INFO - [2026-07-28T03:58:04.899+0000] {dag.py:3211} INFO - Sync 1 DAGs
[2026-07-28T03:58:05.231+0000] {logging_mixin.py:190} INFO - [2026-07-28T03:58:05.231+0000] {dag.py:4138} INFO - Setting next_dagrun for flex_eau_pipeline to 2026-07-28 00:00:00+00:00, run_after=2026-07-29 00:00:00+00:00
[2026-07-28T03:58:05.283+0000] {processor.py:208} INFO - Processing /opt/airflow/dags/flex_eau_pipeline.py took 0.696 seconds
[2026-07-28T03:58:36.251+0000] {processor.py:186} INFO - Started process (PID=6213) to work on /opt/airflow/dags/flex_eau_pipeline.py
[2026-07-28T03:58:36.256+0000] {processor.py:914} INFO - Processing file /opt/airflow/dags/flex_eau_pipeline.py for tasks to queue
[2026-07-28T03:58:36.267+0000] {logging_mixin.py:190} INFO - [2026-07-28T03:58:36.266+0000] {dagbag.py:587} INFO - Filling up the DagBag from /opt/airflow/dags/flex_eau_pipeline.py
[2026-07-28T03:58:36.416+0000] {processor.py:925} INFO - DAG(s) 'flex_eau_pipeline' retrieved from /opt/airflow/dags/flex_eau_pipeline.py
[2026-07-28T03:58:36.705+0000] {logging_mixin.py:190} INFO - [2026-07-28T03:58:36.704+0000] {dag.py:3211} INFO - Sync 1 DAGs
[2026-07-28T03:58:36.837+0000] {logging_mixin.py:190} INFO - [2026-07-28T03:58:36.836+0000] {dag.py:4138} INFO - Setting next_dagrun for flex_eau_pipeline to 2026-07-28 00:00:00+00:00, run_after=2026-07-29 00:00:00+00:00
[2026-07-28T03:58:36.940+0000] {processor.py:208} INFO - Processing /opt/airflow/dags/flex_eau_pipeline.py took 0.632 seconds
[2026-07-28T03:59:07.382+0000] {processor.py:186} INFO - Started process (PID=6218) to work on /opt/airflow/dags/flex_eau_pipeline.py
[2026-07-28T03:59:07.389+0000] {processor.py:914} INFO - Processing file /opt/airflow/dags/flex_eau_pipeline.py for tasks to queue
[2026-07-28T03:59:07.402+0000] {logging_mixin.py:190} INFO - [2026-07-28T03:59:07.401+0000] {dagbag.py:587} INFO - Filling up the DagBag from /opt/airflow/dags/flex_eau_pipeline.py
[2026-07-28T03:59:07.547+0000] {processor.py:925} INFO - DAG(s) 'flex_eau_pipeline' retrieved from /opt/airflow/dags/flex_eau_pipeline.py
[2026-07-28T03:59:07.756+0000] {logging_mixin.py:190} INFO - [2026-07-28T03:59:07.755+0000] {dag.py:3211} INFO - Sync 1 DAGs
[2026-07-28T03:59:07.898+0000] {logging_mixin.py:190} INFO - [2026-07-28T03:59:07.897+0000] {dag.py:4138} INFO - Setting next_dagrun for flex_eau_pipeline to 2026-07-28 00:00:00+00:00, run_after=2026-07-29 00:00:00+00:00
[2026-07-28T03:59:08.004+0000] {processor.py:208} INFO - Processing /opt/airflow/dags/flex_eau_pipeline.py took 0.663 seconds
[2026-07-28T03:59:38.775+0000] {processor.py:186} INFO - Started process (PID=6223) to work on /opt/airflow/dags/flex_eau_pipeline.py
[2026-07-28T03:59:38.780+0000] {processor.py:914} INFO - Processing file /opt/airflow/dags/flex_eau_pipeline.py for tasks to queue
[2026-07-28T03:59:38.793+0000] {logging_mixin.py:190} INFO - [2026-07-28T03:59:38.792+0000] {dagbag.py:587} INFO - Filling up the DagBag from /opt/airflow/dags/flex_eau_pipeline.py
[2026-07-28T03:59:38.881+0000] {processor.py:925} INFO - DAG(s) 'flex_eau_pipeline' retrieved from /opt/airflow/dags/flex_eau_pipeline.py
[2026-07-28T03:59:38.999+0000] {logging_mixin.py:190} INFO - [2026-07-28T03:59:38.998+0000] {dag.py:3211} INFO - Sync 1 DAGs
[2026-07-28T03:59:39.046+0000] {logging_mixin.py:190} INFO - [2026-07-28T03:59:39.045+0000] {dag.py:4138} INFO - Setting next_dagrun for flex_eau_pipeline to 2026-07-28 00:00:00+00:00, run_after=2026-07-29 00:00:00+00:00
[2026-07-28T03:59:39.094+0000] {processor.py:208} INFO - Processing /opt/airflow/dags/flex_eau_pipeline.py took 0.353 seconds
[2026-07-28T04:00:09.646+0000] {processor.py:186} INFO - Started process (PID=6228) to work on /opt/airflow/dags/flex_eau_pipeline.py
[2026-07-28T04:00:09.651+0000] {processor.py:914} INFO - Processing file /opt/airflow/dags/flex_eau_pipeline.py for tasks to queue
[2026-07-28T04:00:09.660+0000] {logging_mixin.py:190} INFO - [2026-07-28T04:00:09.659+0000] {dagbag.py:587} INFO - Filling up the DagBag from /opt/airflow/dags/flex_eau_pipeline.py
[2026-07-28T04:00:09.770+0000] {processor.py:925} INFO - DAG(s) 'flex_eau_pipeline' retrieved from /opt/airflow/dags/flex_eau_pipeline.py
[2026-07-28T04:00:09.914+0000] {logging_mixin.py:190} INFO - [2026-07-28T04:00:09.913+0000] {dag.py:3211} INFO - Sync 1 DAGs
[2026-07-28T04:00:10.310+0000] {logging_mixin.py:190} INFO - [2026-07-28T04:00:10.309+0000] {dag.py:4138} INFO - Setting next_dagrun for flex_eau_pipeline to 2026-07-28 00:00:00+00:00, run_after=2026-07-29 00:00:00+00:00
[2026-07-28T04:00:10.361+0000] {processor.py:208} INFO - Processing /opt/airflow/dags/flex_eau_pipeline.py took 0.748 seconds
[2026-07-28T04:00:40.639+0000] {processor.py:186} INFO - Started process (PID=6233) to work on /opt/airflow/dags/flex_eau_pipeline.py
[2026-07-28T04:00:40.645+0000] {processor.py:914} INFO - Processing file /opt/airflow/dags/flex_eau_pipeline.py for tasks to queue
[2026-07-28T04:00:40.657+0000] {logging_mixin.py:190} INFO - [2026-07-28T04:00:40.655+0000] {dagbag.py:587} INFO - Filling up the DagBag from /opt/airflow/dags/flex_eau_pipeline.py
[2026-07-28T04:00:40.791+0000] {processor.py:925} INFO - DAG(s) 'flex_eau_pipeline' retrieved from /opt/airflow/dags/flex_eau_pipeline.py
[2026-07-28T04:00:40.932+0000] {logging_mixin.py:190} INFO - [2026-07-28T04:00:40.931+0000] {dag.py:3211} INFO - Sync 1 DAGs
[2026-07-28T04:00:41.355+0000] {logging_mixin.py:190} INFO - [2026-07-28T04:00:41.354+0000] {dag.py:4138} INFO - Setting next_dagrun for flex_eau_pipeline to 2026-07-28 00:00:00+00:00, run_after=2026-07-29 00:00:00+00:00
[2026-07-28T04:00:41.408+0000] {processor.py:208} INFO - Processing /opt/airflow/dags/flex_eau_pipeline.py took 0.804 seconds
[2026-07-28T04:01:11.858+0000] {processor.py:186} INFO - Started process (PID=6238) to work on /opt/airflow/dags/flex_eau_pipeline.py
[2026-07-28T04:01:11.862+0000] {processor.py:914} INFO - Processing file /opt/airflow/dags/flex_eau_pipeline.py for tasks to queue
[2026-07-28T04:01:11.870+0000] {logging_mixin.py:190} INFO - [2026-07-28T04:01:11.869+0000] {dagbag.py:587} INFO - Filling up the DagBag from /opt/airflow/dags/flex_eau_pipeline.py
[2026-07-28T04:01:11.957+0000] {processor.py:925} INFO - DAG(s) 'flex_eau_pipeline' retrieved from /opt/airflow/dags/flex_eau_pipeline.py
[2026-07-28T04:01:12.070+0000] {logging_mixin.py:190} INFO - [2026-07-28T04:01:12.069+0000] {dag.py:3211} INFO - Sync 1 DAGs
[2026-07-28T04:01:12.144+0000] {logging_mixin.py:190} INFO - [2026-07-28T04:01:12.144+0000] {dag.py:4138} INFO - Setting next_dagrun for flex_eau_pipeline to 2026-07-28 00:00:00+00:00, run_after=2026-07-29 00:00:00+00:00
[2026-07-28T04:01:12.196+0000] {processor.py:208} INFO - Processing /opt/airflow/dags/flex_eau_pipeline.py took 0.358 seconds
[2026-07-28T04:01:42.895+0000] {processor.py:186} INFO - Started process (PID=6243) to work on /opt/airflow/dags/flex_eau_pipeline.py
[2026-07-28T04:01:42.897+0000] {processor.py:914} INFO - Processing file /opt/airflow/dags/flex_eau_pipeline.py for tasks to queue
[2026-07-28T04:01:42.901+0000] {logging_mixin.py:190} INFO - [2026-07-28T04:01:42.900+0000] {dagbag.py:587} INFO - Filling up the DagBag from /opt/airflow/dags/flex_eau_pipeline.py
[2026-07-28T04:01:42.947+0000] {processor.py:925} INFO - DAG(s) 'flex_eau_pipeline' retrieved from /opt/airflow/dags/flex_eau_pipeline.py
[2026-07-28T04:01:43.013+0000] {logging_mixin.py:190} INFO - [2026-07-28T04:01:43.012+0000] {dag.py:3211} INFO - Sync 1 DAGs
[2026-07-28T04:01:43.061+0000] {logging_mixin.py:190} INFO - [2026-07-28T04:01:43.061+0000] {dag.py:4138} INFO - Setting next_dagrun for flex_eau_pipeline to 2026-07-28 00:00:00+00:00, run_after=2026-07-29 00:00:00+00:00
[2026-07-28T04:01:43.101+0000] {processor.py:208} INFO - Processing /opt/airflow/dags/flex_eau_pipeline.py took 0.217 seconds
[2026-07-28T04:02:13.729+0000] {processor.py:186} INFO - Started process (PID=6248) to work on /opt/airflow/dags/flex_eau_pipeline.py
[2026-07-28T04:02:13.733+0000] {processor.py:914} INFO - Processing file /opt/airflow/dags/flex_eau_pipeline.py for tasks to queue
[2026-07-28T04:02:13.741+0000] {logging_mixin.py:190} INFO - [2026-07-28T04:02:13.740+0000] {dagbag.py:587} INFO - Filling up the DagBag from /opt/airflow/dags/flex_eau_pipeline.py
[2026-07-28T04:02:13.821+0000] {processor.py:925} INFO - DAG(s) 'flex_eau_pipeline' retrieved from /opt/airflow/dags/flex_eau_pipeline.py
[2026-07-28T04:02:13.921+0000] {logging_mixin.py:190} INFO - [2026-07-28T04:02:13.921+0000] {dag.py:3211} INFO - Sync 1 DAGs
[2026-07-28T04:02:13.981+0000] {logging_mixin.py:190} INFO - [2026-07-28T04:02:13.981+0000] {dag.py:4138} INFO - Setting next_dagrun for flex_eau_pipeline to 2026-07-28 00:00:00+00:00, run_after=2026-07-29 00:00:00+00:00
[2026-07-28T04:02:14.032+0000] {processor.py:208} INFO - Processing /opt/airflow/dags/flex_eau_pipeline.py took 0.328 seconds
[2026-07-28T04:02:44.738+0000] {processor.py:186} INFO - Started process (PID=6253) to work on /opt/airflow/dags/flex_eau_pipeline.py
[2026-07-28T04:02:44.741+0000] {processor.py:914} INFO - Processing file /opt/airflow/dags/flex_eau_pipeline.py for tasks to queue
[2026-07-28T04:02:44.751+0000] {logging_mixin.py:190} INFO - [2026-07-28T04:02:44.749+0000] {dagbag.py:587} INFO - Filling up the DagBag from /opt/airflow/dags/flex_eau_pipeline.py
[2026-07-28T04:02:44.852+0000] {processor.py:925} INFO - DAG(s) 'flex_eau_pipeline' retrieved from /opt/airflow/dags/flex_eau_pipeline.py
[2026-07-28T04:02:44.982+0000] {logging_mixin.py:190} INFO - [2026-07-28T04:02:44.982+0000] {dag.py:3211} INFO - Sync 1 DAGs
[2026-07-28T04:02:45.502+0000] {logging_mixin.py:190} INFO - [2026-07-28T04:02:45.501+0000] {dag.py:4138} INFO - Setting next_dagrun for flex_eau_pipeline to 2026-07-28 00:00:00+00:00, run_after=2026-07-29 00:00:00+00:00
[2026-07-28T04:02:45.560+0000] {processor.py:208} INFO - Processing /opt/airflow/dags/flex_eau_pipeline.py took 0.858 seconds
[2026-07-28T04:03:16.529+0000] {processor.py:186} INFO - Started process (PID=6258) to work on /opt/airflow/dags/flex_eau_pipeline.py
[2026-07-28T04:03:16.534+0000] {processor.py:914} INFO - Processing file /opt/airflow/dags/flex_eau_pipeline.py for tasks to queue
[2026-07-28T04:03:16.544+0000] {logging_mixin.py:190} INFO - [2026-07-28T04:03:16.543+0000] {dagbag.py:587} INFO - Filling up the DagBag from /opt/airflow/dags/flex_eau_pipeline.py
[2026-07-28T04:03:16.672+0000] {processor.py:925} INFO - DAG(s) 'flex_eau_pipeline' retrieved from /opt/airflow/dags/flex_eau_pipeline.py
[2026-07-28T04:03:16.841+0000] {logging_mixin.py:190} INFO - [2026-07-28T04:03:16.840+0000] {dag.py:3211} INFO - Sync 1 DAGs
[2026-07-28T04:03:17.262+0000] {logging_mixin.py:190} INFO - [2026-07-28T04:03:17.262+0000] {dag.py:4138} INFO - Setting next_dagrun for flex_eau_pipeline to 2026-07-28 00:00:00+00:00, run_after=2026-07-29 00:00:00+00:00
[2026-07-28T04:03:17.316+0000] {processor.py:208} INFO - Processing /opt/airflow/dags/flex_eau_pipeline.py took 0.817 seconds
[2026-07-28T04:03:48.344+0000] {processor.py:186} INFO - Started process (PID=6263) to work on /opt/airflow/dags/flex_eau_pipeline.py
[2026-07-28T04:03:48.350+0000] {processor.py:914} INFO - Processing file /opt/airflow/dags/flex_eau_pipeline.py for tasks to queue
[2026-07-28T04:03:48.364+0000] {logging_mixin.py:190} INFO - [2026-07-28T04:03:48.362+0000] {dagbag.py:587} INFO - Filling up the DagBag from /opt/airflow/dags/flex_eau_pipeline.py
[2026-07-28T04:03:48.501+0000] {processor.py:925} INFO - DAG(s) 'flex_eau_pipeline' retrieved from /opt/airflow/dags/flex_eau_pipeline.py
[2026-07-28T04:03:48.690+0000] {logging_mixin.py:190} INFO - [2026-07-28T04:03:48.689+0000] {dag.py:3211} INFO - Sync 1 DAGs
[2026-07-28T04:03:48.827+0000] {logging_mixin.py:190} INFO - [2026-07-28T04:03:48.826+0000] {dag.py:4138} INFO - Setting next_dagrun for flex_eau_pipeline to 2026-07-28 00:00:00+00:00, run_after=2026-07-29 00:00:00+00:00
[2026-07-28T04:03:48.938+0000] {processor.py:208} INFO - Processing /opt/airflow/dags/flex_eau_pipeline.py took 0.628 seconds
[2026-07-28T04:04:19.945+0000] {processor.py:186} INFO - Started process (PID=6268) to work on /opt/airflow/dags/flex_eau_pipeline.py
[2026-07-28T04:04:19.952+0000] {processor.py:914} INFO - Processing file /opt/airflow/dags/flex_eau_pipeline.py for tasks to queue
[2026-07-28T04:04:19.963+0000] {logging_mixin.py:190} INFO - [2026-07-28T04:04:19.962+0000] {dagbag.py:587} INFO - Filling up the DagBag from /opt/airflow/dags/flex_eau_pipeline.py
[2026-07-28T04:04:20.095+0000] {processor.py:925} INFO - DAG(s) 'flex_eau_pipeline' retrieved from /opt/airflow/dags/flex_eau_pipeline.py
[2026-07-28T04:04:20.260+0000] {logging_mixin.py:190} INFO - [2026-07-28T04:04:20.259+0000] {dag.py:3211} INFO - Sync 1 DAGs
[2026-07-28T04:04:20.368+0000] {logging_mixin.py:190} INFO - [2026-07-28T04:04:20.367+0000] {dag.py:4138} INFO - Setting next_dagrun for flex_eau_pipeline to 2026-07-28 00:00:00+00:00, run_after=2026-07-29 00:00:00+00:00
[2026-07-28T04:04:20.455+0000] {processor.py:208} INFO - Processing /opt/airflow/dags/flex_eau_pipeline.py took 0.543 seconds
[2026-07-28T04:04:50.910+0000] {processor.py:186} INFO - Started process (PID=6273) to work on /opt/airflow/dags/flex_eau_pipeline.py
[2026-07-28T04:04:50.915+0000] {processor.py:914} INFO - Processing file /opt/airflow/dags/flex_eau_pipeline.py for tasks to queue
[2026-07-28T04:04:50.924+0000] {logging_mixin.py:190} INFO - [2026-07-28T04:04:50.923+0000] {dagbag.py:587} INFO - Filling up the DagBag from /opt/airflow/dags/flex_eau_pipeline.py
[2026-07-28T04:04:51.044+0000] {processor.py:925} INFO - DAG(s) 'flex_eau_pipeline' retrieved from /opt/airflow/dags/flex_eau_pipeline.py
[2026-07-28T04:04:51.203+0000] {logging_mixin.py:190} INFO - [2026-07-28T04:04:51.202+0000] {dag.py:3211} INFO - Sync 1 DAGs
[2026-07-28T04:04:51.265+0000] {logging_mixin.py:190} INFO - [2026-07-28T04:04:51.264+0000] {dag.py:4138} INFO - Setting next_dagrun for flex_eau_pipeline to 2026-07-28 00:00:00+00:00, run_after=2026-07-29 00:00:00+00:00
[2026-07-28T04:04:51.320+0000] {processor.py:208} INFO - Processing /opt/airflow/dags/flex_eau_pipeline.py took 0.440 seconds
[2026-07-28T04:05:22.260+0000] {processor.py:186} INFO - Started process (PID=6278) to work on /opt/airflow/dags/flex_eau_pipeline.py
[2026-07-28T04:05:22.262+0000] {processor.py:914} INFO - Processing file /opt/airflow/dags/flex_eau_pipeline.py for tasks to queue
[2026-07-28T04:05:22.267+0000] {logging_mixin.py:190} INFO - [2026-07-28T04:05:22.267+0000] {dagbag.py:587} INFO - Filling up the DagBag from /opt/airflow/dags/flex_eau_pipeline.py
[2026-07-28T04:05:22.332+0000] {processor.py:925} INFO - DAG(s) 'flex_eau_pipeline' retrieved from /opt/airflow/dags/flex_eau_pipeline.py
[2026-07-28T04:05:22.568+0000] {logging_mixin.py:190} INFO - [2026-07-28T04:05:22.566+0000] {dag.py:3211} INFO - Sync 1 DAGs
[2026-07-28T04:05:23.237+0000] {logging_mixin.py:190} INFO - [2026-07-28T04:05:23.236+0000] {dag.py:4138} INFO - Setting next_dagrun for flex_eau_pipeline to 2026-07-28 00:00:00+00:00, run_after=2026-07-29 00:00:00+00:00
[2026-07-28T04:05:23.285+0000] {processor.py:208} INFO - Processing /opt/airflow/dags/flex_eau_pipeline.py took 1.037 seconds
[2026-07-28T04:05:54.223+0000] {processor.py:186} INFO - Started process (PID=6283) to work on /opt/airflow/dags/flex_eau_pipeline.py
[2026-07-28T04:05:54.231+0000] {processor.py:914} INFO - Processing file /opt/airflow/dags/flex_eau_pipeline.py for tasks to queue
[2026-07-28T04:05:54.262+0000] {logging_mixin.py:190} INFO - [2026-07-28T04:05:54.259+0000] {dagbag.py:587} INFO - Filling up the DagBag from /opt/airflow/dags/flex_eau_pipeline.py
[2026-07-28T04:05:54.413+0000] {processor.py:925} INFO - DAG(s) 'flex_eau_pipeline' retrieved from /opt/airflow/dags/flex_eau_pipeline.py
[2026-07-28T04:05:54.594+0000] {logging_mixin.py:190} INFO - [2026-07-28T04:05:54.593+0000] {dag.py:3211} INFO - Sync 1 DAGs
[2026-07-28T04:05:55.237+0000] {logging_mixin.py:190} INFO - [2026-07-28T04:05:55.236+0000] {dag.py:4138} INFO - Setting next_dagrun for flex_eau_pipeline to 2026-07-28 00:00:00+00:00, run_after=2026-07-29 00:00:00+00:00
[2026-07-28T04:05:55.302+0000] {processor.py:208} INFO - Processing /opt/airflow/dags/flex_eau_pipeline.py took 1.131 seconds
[2026-07-28T04:06:26.283+0000] {processor.py:186} INFO - Started process (PID=6288) to work on /opt/airflow/dags/flex_eau_pipeline.py
[2026-07-28T04:06:26.287+0000] {processor.py:914} INFO - Processing file /opt/airflow/dags/flex_eau_pipeline.py for tasks to queue
[2026-07-28T04:06:26.298+0000] {logging_mixin.py:190} INFO - [2026-07-28T04:06:26.298+0000] {dagbag.py:587} INFO - Filling up the DagBag from /opt/airflow/dags/flex_eau_pipeline.py
[2026-07-28T04:06:26.456+0000] {processor.py:925} INFO - DAG(s) 'flex_eau_pipeline' retrieved from /opt/airflow/dags/flex_eau_pipeline.py
[2026-07-28T04:06:26.630+0000] {logging_mixin.py:190} INFO - [2026-07-28T04:06:26.629+0000] {dag.py:3211} INFO - Sync 1 DAGs
[2026-07-28T04:06:26.716+0000] {logging_mixin.py:190} INFO - [2026-07-28T04:06:26.715+0000] {dag.py:4138} INFO - Setting next_dagrun for flex_eau_pipeline to 2026-07-28 00:00:00+00:00, run_after=2026-07-29 00:00:00+00:00
[2026-07-28T04:06:26.768+0000] {processor.py:208} INFO - Processing /opt/airflow/dags/flex_eau_pipeline.py took 0.584 seconds
[2026-07-28T04:06:57.253+0000] {processor.py:186} INFO - Started process (PID=6293) to work on /opt/airflow/dags/flex_eau_pipeline.py
[2026-07-28T04:06:57.254+0000] {processor.py:914} INFO - Processing file /opt/airflow/dags/flex_eau_pipeline.py for tasks to queue
[2026-07-28T04:06:57.257+0000] {logging_mixin.py:190} INFO - [2026-07-28T04:06:57.257+0000] {dagbag.py:587} INFO - Filling up the DagBag from /opt/airflow/dags/flex_eau_pipeline.py
[2026-07-28T04:06:57.286+0000] {processor.py:925} INFO - DAG(s) 'flex_eau_pipeline' retrieved from /opt/airflow/dags/flex_eau_pipeline.py
[2026-07-28T04:06:57.323+0000] {logging_mixin.py:190} INFO - [2026-07-28T04:06:57.322+0000] {dag.py:3211} INFO - Sync 1 DAGs
[2026-07-28T04:06:57.348+0000] {logging_mixin.py:190} INFO - [2026-07-28T04:06:57.348+0000] {dag.py:4138} INFO - Setting next_dagrun for flex_eau_pipeline to 2026-07-28 00:00:00+00:00, run_after=2026-07-29 00:00:00+00:00
[2026-07-28T04:06:57.368+0000] {processor.py:208} INFO - Processing /opt/airflow/dags/flex_eau_pipeline.py took 0.138 seconds
[2026-07-28T04:07:27.715+0000] {processor.py:186} INFO - Started process (PID=6298) to work on /opt/airflow/dags/flex_eau_pipeline.py
[2026-07-28T04:07:27.716+0000] {processor.py:914} INFO - Processing file /opt/airflow/dags/flex_eau_pipeline.py for tasks to queue
[2026-07-28T04:07:27.720+0000] {logging_mixin.py:190} INFO - [2026-07-28T04:07:27.720+0000] {dagbag.py:587} INFO - Filling up the DagBag from /opt/airflow/dags/flex_eau_pipeline.py
[2026-07-28T04:07:27.755+0000] {processor.py:925} INFO - DAG(s) 'flex_eau_pipeline' retrieved from /opt/airflow/dags/flex_eau_pipeline.py
[2026-07-28T04:07:27.803+0000] {logging_mixin.py:190} INFO - [2026-07-28T04:07:27.802+0000] {dag.py:3211} INFO - Sync 1 DAGs
[2026-07-28T04:07:27.837+0000] {logging_mixin.py:190} INFO - [2026-07-28T04:07:27.836+0000] {dag.py:4138} INFO - Setting next_dagrun for flex_eau_pipeline to 2026-07-28 00:00:00+00:00, run_after=2026-07-29 00:00:00+00:00
[2026-07-28T04:07:28.118+0000] {processor.py:208} INFO - Processing /opt/airflow/dags/flex_eau_pipeline.py took 0.416 seconds
[2026-07-28T04:07:58.392+0000] {processor.py:186} INFO - Started process (PID=6303) to work on /opt/airflow/dags/flex_eau_pipeline.py
[2026-07-28T04:07:58.393+0000] {processor.py:914} INFO - Processing file /opt/airflow/dags/flex_eau_pipeline.py for tasks to queue
[2026-07-28T04:07:58.398+0000] {logging_mixin.py:190} INFO - [2026-07-28T04:07:58.397+0000] {dagbag.py:587} INFO - Filling up the DagBag from /opt/airflow/dags/flex_eau_pipeline.py
[2026-07-28T04:07:58.429+0000] {processor.py:925} INFO - DAG(s) 'flex_eau_pipeline' retrieved from /opt/airflow/dags/flex_eau_pipeline.py
[2026-07-28T04:07:58.468+0000] {logging_mixin.py:190} INFO - [2026-07-28T04:07:58.468+0000] {dag.py:3211} INFO - Sync 1 DAGs
[2026-07-28T04:07:58.661+0000] {logging_mixin.py:190} INFO - [2026-07-28T04:07:58.661+0000] {dag.py:4138} INFO - Setting next_dagrun for flex_eau_pipeline to 2026-07-28 00:00:00+00:00, run_after=2026-07-29 00:00:00+00:00
[2026-07-28T04:07:58.681+0000] {processor.py:208} INFO - Processing /opt/airflow/dags/flex_eau_pipeline.py took 0.296 seconds
[2026-07-28T04:08:29.098+0000] {processor.py:186} INFO - Started process (PID=6308) to work on /opt/airflow/dags/flex_eau_pipeline.py
[2026-07-28T04:08:29.099+0000] {processor.py:914} INFO - Processing file /opt/airflow/dags/flex_eau_pipeline.py for tasks to queue
[2026-07-28T04:08:29.102+0000] {logging_mixin.py:190} INFO - [2026-07-28T04:08:29.102+0000] {dagbag.py:587} INFO - Filling up the DagBag from /opt/airflow/dags/flex_eau_pipeline.py
[2026-07-28T04:08:29.132+0000] {processor.py:925} INFO - DAG(s) 'flex_eau_pipeline' retrieved from /opt/airflow/dags/flex_eau_pipeline.py
[2026-07-28T04:08:29.167+0000] {logging_mixin.py:190} INFO - [2026-07-28T04:08:29.167+0000] {dag.py:3211} INFO - Sync 1 DAGs
[2026-07-28T04:08:29.365+0000] {logging_mixin.py:190} INFO - [2026-07-28T04:08:29.365+0000] {dag.py:4138} INFO - Setting next_dagrun for flex_eau_pipeline to 2026-07-28 00:00:00+00:00, run_after=2026-07-29 00:00:00+00:00
[2026-07-28T04:08:29.387+0000] {processor.py:208} INFO - Processing /opt/airflow/dags/flex_eau_pipeline.py took 0.297 seconds
[2026-07-28T04:08:59.612+0000] {processor.py:186} INFO - Started process (PID=6313) to work on /opt/airflow/dags/flex_eau_pipeline.py
[2026-07-28T04:08:59.613+0000] {processor.py:914} INFO - Processing file /opt/airflow/dags/flex_eau_pipeline.py for tasks to queue
[2026-07-28T04:08:59.616+0000] {logging_mixin.py:190} INFO - [2026-07-28T04:08:59.616+0000] {dagbag.py:587} INFO - Filling up the DagBag from /opt/airflow/dags/flex_eau_pipeline.py
[2026-07-28T04:08:59.645+0000] {processor.py:925} INFO - DAG(s) 'flex_eau_pipeline' retrieved from /opt/airflow/dags/flex_eau_pipeline.py
[2026-07-28T04:08:59.684+0000] {logging_mixin.py:190} INFO - [2026-07-28T04:08:59.684+0000] {dag.py:3211} INFO - Sync 1 DAGs
[2026-07-28T04:08:59.709+0000] {logging_mixin.py:190} INFO - [2026-07-28T04:08:59.708+0000] {dag.py:4138} INFO - Setting next_dagrun for flex_eau_pipeline to 2026-07-28 00:00:00+00:00, run_after=2026-07-29 00:00:00+00:00
[2026-07-28T04:08:59.732+0000] {processor.py:208} INFO - Processing /opt/airflow/dags/flex_eau_pipeline.py took 0.128 seconds
[2026-07-28T04:09:30.006+0000] {processor.py:186} INFO - Started process (PID=6318) to work on /opt/airflow/dags/flex_eau_pipeline.py
[2026-07-28T04:09:30.008+0000] {processor.py:914} INFO - Processing file /opt/airflow/dags/flex_eau_pipeline.py for tasks to queue
[2026-07-28T04:09:30.010+0000] {logging_mixin.py:190} INFO - [2026-07-28T04:09:30.010+0000] {dagbag.py:587} INFO - Filling up the DagBag from /opt/airflow/dags/flex_eau_pipeline.py
[2026-07-28T04:09:30.040+0000] {processor.py:925} INFO - DAG(s) 'flex_eau_pipeline' retrieved from /opt/airflow/dags/flex_eau_pipeline.py
[2026-07-28T04:09:30.085+0000] {logging_mixin.py:190} INFO - [2026-07-28T04:09:30.084+0000] {dag.py:3211} INFO - Sync 1 DAGs
[2026-07-28T04:09:30.111+0000] {logging_mixin.py:190} INFO - [2026-07-28T04:09:30.111+0000] {dag.py:4138} INFO - Setting next_dagrun for flex_eau_pipeline to 2026-07-28 00:00:00+00:00, run_after=2026-07-29 00:00:00+00:00
[2026-07-28T04:09:30.139+0000] {processor.py:208} INFO - Processing /opt/airflow/dags/flex_eau_pipeline.py took 0.142 seconds
[2026-07-28T04:10:00.438+0000] {processor.py:186} INFO - Started process (PID=6323) to work on /opt/airflow/dags/flex_eau_pipeline.py
[2026-07-28T04:10:00.439+0000] {processor.py:914} INFO - Processing file /opt/airflow/dags/flex_eau_pipeline.py for tasks to queue
[2026-07-28T04:10:00.443+0000] {logging_mixin.py:190} INFO - [2026-07-28T04:10:00.442+0000] {dagbag.py:587} INFO - Filling up the DagBag from /opt/airflow/dags/flex_eau_pipeline.py
[2026-07-28T04:10:00.473+0000] {processor.py:925} INFO - DAG(s) 'flex_eau_pipeline' retrieved from /opt/airflow/dags/flex_eau_pipeline.py
[2026-07-28T04:10:00.518+0000] {logging_mixin.py:190} INFO - [2026-07-28T04:10:00.517+0000] {dag.py:3211} INFO - Sync 1 DAGs
[2026-07-28T04:10:00.546+0000] {logging_mixin.py:190} INFO - [2026-07-28T04:10:00.546+0000] {dag.py:4138} INFO - Setting next_dagrun for flex_eau_pipeline to 2026-07-28 00:00:00+00:00, run_after=2026-07-29 00:00:00+00:00
[2026-07-28T04:10:00.762+0000] {processor.py:208} INFO - Processing /opt/airflow/dags/flex_eau_pipeline.py took 0.334 seconds
[2026-07-28T04:10:31.066+0000] {processor.py:186} INFO - Started process (PID=6328) to work on /opt/airflow/dags/flex_eau_pipeline.py
[2026-07-28T04:10:31.067+0000] {processor.py:914} INFO - Processing file /opt/airflow/dags/flex_eau_pipeline.py for tasks to queue
[2026-07-28T04:10:31.070+0000] {logging_mixin.py:190} INFO - [2026-07-28T04:10:31.069+0000] {dagbag.py:587} INFO - Filling up the DagBag from /opt/airflow/dags/flex_eau_pipeline.py
[2026-07-28T04:10:31.099+0000] {processor.py:925} INFO - DAG(s) 'flex_eau_pipeline' retrieved from /opt/airflow/dags/flex_eau_pipeline.py
[2026-07-28T04:10:31.135+0000] {logging_mixin.py:190} INFO - [2026-07-28T04:10:31.135+0000] {dag.py:3211} INFO - Sync 1 DAGs
[2026-07-28T04:10:31.333+0000] {logging_mixin.py:190} INFO - [2026-07-28T04:10:31.332+0000] {dag.py:4138} INFO - Setting next_dagrun for flex_eau_pipeline to 2026-07-28 00:00:00+00:00, run_after=2026-07-29 00:00:00+00:00
[2026-07-28T04:10:31.356+0000] {processor.py:208} INFO - Processing /opt/airflow/dags/flex_eau_pipeline.py took 0.299 seconds
[2026-07-28T04:11:01.711+0000] {processor.py:186} INFO - Started process (PID=6333) to work on /opt/airflow/dags/flex_eau_pipeline.py
[2026-07-28T04:11:01.712+0000] {processor.py:914} INFO - Processing file /opt/airflow/dags/flex_eau_pipeline.py for tasks to queue
[2026-07-28T04:11:01.715+0000] {logging_mixin.py:190} INFO - [2026-07-28T04:11:01.715+0000] {dagbag.py:587} INFO - Filling up the DagBag from /opt/airflow/dags/flex_eau_pipeline.py
[2026-07-28T04:11:01.747+0000] {processor.py:925} INFO - DAG(s) 'flex_eau_pipeline' retrieved from /opt/airflow/dags/flex_eau_pipeline.py
[2026-07-28T04:11:01.785+0000] {logging_mixin.py:190} INFO - [2026-07-28T04:11:01.785+0000] {dag.py:3211} INFO - Sync 1 DAGs
[2026-07-28T04:11:01.990+0000] {logging_mixin.py:190} INFO - [2026-07-28T04:11:01.990+0000] {dag.py:4138} INFO - Setting next_dagrun for flex_eau_pipeline to 2026-07-28 00:00:00+00:00, run_after=2026-07-29 00:00:00+00:00
[2026-07-28T04:11:02.012+0000] {processor.py:208} INFO - Processing /opt/airflow/dags/flex_eau_pipeline.py took 0.310 seconds
[2026-07-28T04:11:32.177+0000] {processor.py:186} INFO - Started process (PID=6338) to work on /opt/airflow/dags/flex_eau_pipeline.py
[2026-07-28T04:11:32.179+0000] {processor.py:914} INFO - Processing file /opt/airflow/dags/flex_eau_pipeline.py for tasks to queue
[2026-07-28T04:11:32.182+0000] {logging_mixin.py:190} INFO - [2026-07-28T04:11:32.182+0000] {dagbag.py:587} INFO - Filling up the DagBag from /opt/airflow/dags/flex_eau_pipeline.py
[2026-07-28T04:11:32.213+0000] {processor.py:925} INFO - DAG(s) 'flex_eau_pipeline' retrieved from /opt/airflow/dags/flex_eau_pipeline.py
[2026-07-28T04:11:32.252+0000] {logging_mixin.py:190} INFO - [2026-07-28T04:11:32.252+0000] {dag.py:3211} INFO - Sync 1 DAGs
[2026-07-28T04:11:32.276+0000] {logging_mixin.py:190} INFO - [2026-07-28T04:11:32.276+0000] {dag.py:4138} INFO - Setting next_dagrun for flex_eau_pipeline to 2026-07-28 00:00:00+00:00, run_after=2026-07-29 00:00:00+00:00
[2026-07-28T04:11:32.299+0000] {processor.py:208} INFO - Processing /opt/airflow/dags/flex_eau_pipeline.py took 0.137 seconds
[2026-07-28T04:12:02.583+0000] {processor.py:186} INFO - Started process (PID=6343) to work on /opt/airflow/dags/flex_eau_pipeline.py
[2026-07-28T04:12:02.584+0000] {processor.py:914} INFO - Processing file /opt/airflow/dags/flex_eau_pipeline.py for tasks to queue
[2026-07-28T04:12:02.590+0000] {logging_mixin.py:190} INFO - [2026-07-28T04:12:02.589+0000] {dagbag.py:587} INFO - Filling up the DagBag from /opt/airflow/dags/flex_eau_pipeline.py
[2026-07-28T04:12:02.623+0000] {processor.py:925} INFO - DAG(s) 'flex_eau_pipeline' retrieved from /opt/airflow/dags/flex_eau_pipeline.py
[2026-07-28T04:12:02.664+0000] {logging_mixin.py:190} INFO - [2026-07-28T04:12:02.664+0000] {dag.py:3211} INFO - Sync 1 DAGs
[2026-07-28T04:12:02.691+0000] {logging_mixin.py:190} INFO - [2026-07-28T04:12:02.691+0000] {dag.py:4138} INFO - Setting next_dagrun for flex_eau_pipeline to 2026-07-28 00:00:00+00:00, run_after=2026-07-29 00:00:00+00:00
[2026-07-28T04:12:02.717+0000] {processor.py:208} INFO - Processing /opt/airflow/dags/flex_eau_pipeline.py took 0.145 seconds
[2026-07-28T04:12:32.971+0000] {processor.py:186} INFO - Started process (PID=6348) to work on /opt/airflow/dags/flex_eau_pipeline.py
[2026-07-28T04:12:32.973+0000] {processor.py:914} INFO - Processing file /opt/airflow/dags/flex_eau_pipeline.py for tasks to queue
[2026-07-28T04:12:32.976+0000] {logging_mixin.py:190} INFO - [2026-07-28T04:12:32.976+0000] {dagbag.py:587} INFO - Filling up the DagBag from /opt/airflow/dags/flex_eau_pipeline.py
[2026-07-28T04:12:33.010+0000] {processor.py:925} INFO - DAG(s) 'flex_eau_pipeline' retrieved from /opt/airflow/dags/flex_eau_pipeline.py
[2026-07-28T04:12:33.054+0000] {logging_mixin.py:190} INFO - [2026-07-28T04:12:33.054+0000] {dag.py:3211} INFO - Sync 1 DAGs
[2026-07-28T04:12:33.082+0000] {logging_mixin.py:190} INFO - [2026-07-28T04:12:33.082+0000] {dag.py:4138} INFO - Setting next_dagrun for flex_eau_pipeline to 2026-07-28 00:00:00+00:00, run_after=2026-07-29 00:00:00+00:00
[2026-07-28T04:12:33.359+0000] {processor.py:208} INFO - Processing /opt/airflow/dags/flex_eau_pipeline.py took 0.401 seconds
[2026-07-28T04:13:03.544+0000] {processor.py:186} INFO - Started process (PID=6353) to work on /opt/airflow/dags/flex_eau_pipeline.py
[2026-07-28T04:13:03.545+0000] {processor.py:914} INFO - Processing file /opt/airflow/dags/flex_eau_pipeline.py for tasks to queue
[2026-07-28T04:13:03.548+0000] {logging_mixin.py:190} INFO - [2026-07-28T04:13:03.548+0000] {dagbag.py:587} INFO - Filling up the DagBag from /opt/airflow/dags/flex_eau_pipeline.py
[2026-07-28T04:13:03.579+0000] {processor.py:925} INFO - DAG(s) 'flex_eau_pipeline' retrieved from /opt/airflow/dags/flex_eau_pipeline.py
[2026-07-28T04:13:03.616+0000] {logging_mixin.py:190} INFO - [2026-07-28T04:13:03.616+0000] {dag.py:3211} INFO - Sync 1 DAGs
[2026-07-28T04:13:03.829+0000] {logging_mixin.py:190} INFO - [2026-07-28T04:13:03.829+0000] {dag.py:4138} INFO - Setting next_dagrun for flex_eau_pipeline to 2026-07-28 00:00:00+00:00, run_after=2026-07-29 00:00:00+00:00
[2026-07-28T04:13:03.855+0000] {processor.py:208} INFO - Processing /opt/airflow/dags/flex_eau_pipeline.py took 0.321 seconds
[2026-07-28T04:13:34.196+0000] {processor.py:186} INFO - Started process (PID=6358) to work on /opt/airflow/dags/flex_eau_pipeline.py
[2026-07-28T04:13:34.197+0000] {processor.py:914} INFO - Processing file /opt/airflow/dags/flex_eau_pipeline.py for tasks to queue
[2026-07-28T04:13:34.200+0000] {logging_mixin.py:190} INFO - [2026-07-28T04:13:34.200+0000] {dagbag.py:587} INFO - Filling up the DagBag from /opt/airflow/dags/flex_eau_pipeline.py
[2026-07-28T04:13:34.240+0000] {processor.py:925} INFO - DAG(s) 'flex_eau_pipeline' retrieved from /opt/airflow/dags/flex_eau_pipeline.py
[2026-07-28T04:13:34.281+0000] {logging_mixin.py:190} INFO - [2026-07-28T04:13:34.281+0000] {dag.py:3211} INFO - Sync 1 DAGs
[2026-07-28T04:13:34.481+0000] {logging_mixin.py:190} INFO - [2026-07-28T04:13:34.481+0000] {dag.py:4138} INFO - Setting next_dagrun for flex_eau_pipeline to 2026-07-28 00:00:00+00:00, run_after=2026-07-29 00:00:00+00:00
[2026-07-28T04:13:34.504+0000] {processor.py:208} INFO - Processing /opt/airflow/dags/flex_eau_pipeline.py took 0.316 seconds
[2026-07-28T04:14:04.773+0000] {processor.py:186} INFO - Started process (PID=6363) to work on /opt/airflow/dags/flex_eau_pipeline.py
[2026-07-28T04:14:04.774+0000] {processor.py:914} INFO - Processing file /opt/airflow/dags/flex_eau_pipeline.py for tasks to queue
[2026-07-28T04:14:04.777+0000] {logging_mixin.py:190} INFO - [2026-07-28T04:14:04.776+0000] {dagbag.py:587} INFO - Filling up the DagBag from /opt/airflow/dags/flex_eau_pipeline.py
[2026-07-28T04:14:04.804+0000] {processor.py:925} INFO - DAG(s) 'flex_eau_pipeline' retrieved from /opt/airflow/dags/flex_eau_pipeline.py
[2026-07-28T04:14:04.843+0000] {logging_mixin.py:190} INFO - [2026-07-28T04:14:04.843+0000] {dag.py:3211} INFO - Sync 1 DAGs
[2026-07-28T04:14:04.868+0000] {logging_mixin.py:190} INFO - [2026-07-28T04:14:04.868+0000] {dag.py:4138} INFO - Setting next_dagrun for flex_eau_pipeline to 2026-07-28 00:00:00+00:00, run_after=2026-07-29 00:00:00+00:00
[2026-07-28T04:14:04.891+0000] {processor.py:208} INFO - Processing /opt/airflow/dags/flex_eau_pipeline.py took 0.126 seconds
[2026-07-28T04:14:35.283+0000] {processor.py:186} INFO - Started process (PID=6368) to work on /opt/airflow/dags/flex_eau_pipeline.py
[2026-07-28T04:14:35.285+0000] {processor.py:914} INFO - Processing file /opt/airflow/dags/flex_eau_pipeline.py for tasks to queue
[2026-07-28T04:14:35.287+0000] {logging_mixin.py:190} INFO - [2026-07-28T04:14:35.287+0000] {dagbag.py:587} INFO - Filling up the DagBag from /opt/airflow/dags/flex_eau_pipeline.py
[2026-07-28T04:14:35.316+0000] {processor.py:925} INFO - DAG(s) 'flex_eau_pipeline' retrieved from /opt/airflow/dags/flex_eau_pipeline.py
[2026-07-28T04:14:35.369+0000] {logging_mixin.py:190} INFO - [2026-07-28T04:14:35.369+0000] {dag.py:3211} INFO - Sync 1 DAGs
[2026-07-28T04:14:35.401+0000] {logging_mixin.py:190} INFO - [2026-07-28T04:14:35.401+0000] {dag.py:4138} INFO - Setting next_dagrun for flex_eau_pipeline to 2026-07-28 00:00:00+00:00, run_after=2026-07-29 00:00:00+00:00
[2026-07-28T04:14:35.430+0000] {processor.py:208} INFO - Processing /opt/airflow/dags/flex_eau_pipeline.py took 0.154 seconds
[2026-07-28T04:15:05.756+0000] {processor.py:186} INFO - Started process (PID=6373) to work on /opt/airflow/dags/flex_eau_pipeline.py
[2026-07-28T04:15:05.758+0000] {processor.py:914} INFO - Processing file /opt/airflow/dags/flex_eau_pipeline.py for tasks to queue
[2026-07-28T04:15:05.761+0000] {logging_mixin.py:190} INFO - [2026-07-28T04:15:05.761+0000] {dagbag.py:587} INFO - Filling up the DagBag from /opt/airflow/dags/flex_eau_pipeline.py
[2026-07-28T04:15:05.794+0000] {processor.py:925} INFO - DAG(s) 'flex_eau_pipeline' retrieved from /opt/airflow/dags/flex_eau_pipeline.py
[2026-07-28T04:15:05.836+0000] {logging_mixin.py:190} INFO - [2026-07-28T04:15:05.836+0000] {dag.py:3211} INFO - Sync 1 DAGs
[2026-07-28T04:15:05.867+0000] {logging_mixin.py:190} INFO - [2026-07-28T04:15:05.866+0000] {dag.py:4138} INFO - Setting next_dagrun for flex_eau_pipeline to 2026-07-28 00:00:00+00:00, run_after=2026-07-29 00:00:00+00:00
[2026-07-28T04:15:06.067+0000] {processor.py:208} INFO - Processing /opt/airflow/dags/flex_eau_pipeline.py took 0.318 seconds
[2026-07-28T04:15:36.332+0000] {processor.py:186} INFO - Started process (PID=6378) to work on /opt/airflow/dags/flex_eau_pipeline.py
[2026-07-28T04:15:36.334+0000] {processor.py:914} INFO - Processing file /opt/airflow/dags/flex_eau_pipeline.py for tasks to queue
[2026-07-28T04:15:36.338+0000] {logging_mixin.py:190} INFO - [2026-07-28T04:15:36.337+0000] {dagbag.py:587} INFO - Filling up the DagBag from /opt/airflow/dags/flex_eau_pipeline.py
[2026-07-28T04:15:36.370+0000] {processor.py:925} INFO - DAG(s) 'flex_eau_pipeline' retrieved from /opt/airflow/dags/flex_eau_pipeline.py
[2026-07-28T04:15:36.412+0000] {logging_mixin.py:190} INFO - [2026-07-28T04:15:36.412+0000] {dag.py:3211} INFO - Sync 1 DAGs
[2026-07-28T04:15:36.617+0000] {logging_mixin.py:190} INFO - [2026-07-28T04:15:36.617+0000] {dag.py:4138} INFO - Setting next_dagrun for flex_eau_pipeline to 2026-07-28 00:00:00+00:00, run_after=2026-07-29 00:00:00+00:00
[2026-07-28T04:15:36.640+0000] {processor.py:208} INFO - Processing /opt/airflow/dags/flex_eau_pipeline.py took 0.315 seconds
[2026-07-28T04:16:06.956+0000] {processor.py:186} INFO - Started process (PID=6383) to work on /opt/airflow/dags/flex_eau_pipeline.py
[2026-07-28T04:16:06.958+0000] {processor.py:914} INFO - Processing file /opt/airflow/dags/flex_eau_pipeline.py for tasks to queue
[2026-07-28T04:16:06.960+0000] {logging_mixin.py:190} INFO - [2026-07-28T04:16:06.960+0000] {dagbag.py:587} INFO - Filling up the DagBag from /opt/airflow/dags/flex_eau_pipeline.py
[2026-07-28T04:16:06.987+0000] {processor.py:925} INFO - DAG(s) 'flex_eau_pipeline' retrieved from /opt/airflow/dags/flex_eau_pipeline.py
[2026-07-28T04:16:07.024+0000] {logging_mixin.py:190} INFO - [2026-07-28T04:16:07.024+0000] {dag.py:3211} INFO - Sync 1 DAGs
[2026-07-28T04:16:07.216+0000] {logging_mixin.py:190} INFO - [2026-07-28T04:16:07.215+0000] {dag.py:4138} INFO - Setting next_dagrun for flex_eau_pipeline to 2026-07-28 00:00:00+00:00, run_after=2026-07-29 00:00:00+00:00
[2026-07-28T04:16:07.238+0000] {processor.py:208} INFO - Processing /opt/airflow/dags/flex_eau_pipeline.py took 0.289 seconds
[2026-07-28T04:16:37.570+0000] {processor.py:186} INFO - Started process (PID=6388) to work on /opt/airflow/dags/flex_eau_pipeline.py
[2026-07-28T04:16:37.572+0000] {processor.py:914} INFO - Processing file /opt/airflow/dags/flex_eau_pipeline.py for tasks to queue
[2026-07-28T04:16:37.576+0000] {logging_mixin.py:190} INFO - [2026-07-28T04:16:37.575+0000] {dagbag.py:587} INFO - Filling up the DagBag from /opt/airflow/dags/flex_eau_pipeline.py
[2026-07-28T04:16:37.607+0000] {processor.py:925} INFO - DAG(s) 'flex_eau_pipeline' retrieved from /opt/airflow/dags/flex_eau_pipeline.py
[2026-07-28T04:16:37.649+0000] {logging_mixin.py:190} INFO - [2026-07-28T04:16:37.649+0000] {dag.py:3211} INFO - Sync 1 DAGs
[2026-07-28T04:16:37.679+0000] {logging_mixin.py:190} INFO - [2026-07-28T04:16:37.679+0000] {dag.py:4138} INFO - Setting next_dagrun for flex_eau_pipeline to 2026-07-28 00:00:00+00:00, run_after=2026-07-29 00:00:00+00:00
[2026-07-28T04:16:37.719+0000] {processor.py:208} INFO - Processing /opt/airflow/dags/flex_eau_pipeline.py took 0.158 seconds
[2026-07-28T04:17:08.117+0000] {processor.py:186} INFO - Started process (PID=6393) to work on /opt/airflow/dags/flex_eau_pipeline.py
[2026-07-28T04:17:08.119+0000] {processor.py:914} INFO - Processing file /opt/airflow/dags/flex_eau_pipeline.py for tasks to queue
[2026-07-28T04:17:08.122+0000] {logging_mixin.py:190} INFO - [2026-07-28T04:17:08.122+0000] {dagbag.py:587} INFO - Filling up the DagBag from /opt/airflow/dags/flex_eau_pipeline.py
[2026-07-28T04:17:08.154+0000] {processor.py:925} INFO - DAG(s) 'flex_eau_pipeline' retrieved from /opt/airflow/dags/flex_eau_pipeline.py
[2026-07-28T04:17:08.190+0000] {logging_mixin.py:190} INFO - [2026-07-28T04:17:08.190+0000] {dag.py:3211} INFO - Sync 1 DAGs
[2026-07-28T04:17:08.214+0000] {logging_mixin.py:190} INFO - [2026-07-28T04:17:08.214+0000] {dag.py:4138} INFO - Setting next_dagrun for flex_eau_pipeline to 2026-07-28 00:00:00+00:00, run_after=2026-07-29 00:00:00+00:00
[2026-07-28T04:17:08.237+0000] {processor.py:208} INFO - Processing /opt/airflow/dags/flex_eau_pipeline.py took 0.129 seconds
[2026-07-28T04:17:38.650+0000] {processor.py:186} INFO - Started process (PID=6398) to work on /opt/airflow/dags/flex_eau_pipeline.py
[2026-07-28T04:17:38.652+0000] {processor.py:914} INFO - Processing file /opt/airflow/dags/flex_eau_pipeline.py for tasks to queue
[2026-07-28T04:17:38.655+0000] {logging_mixin.py:190} INFO - [2026-07-28T04:17:38.655+0000] {dagbag.py:587} INFO - Filling up the DagBag from /opt/airflow/dags/flex_eau_pipeline.py
[2026-07-28T04:17:38.685+0000] {processor.py:925} INFO - DAG(s) 'flex_eau_pipeline' retrieved from /opt/airflow/dags/flex_eau_pipeline.py
[2026-07-28T04:17:38.723+0000] {logging_mixin.py:190} INFO - [2026-07-28T04:17:38.723+0000] {dag.py:3211} INFO - Sync 1 DAGs
[2026-07-28T04:17:38.752+0000] {logging_mixin.py:190} INFO - [2026-07-28T04:17:38.751+0000] {dag.py:4138} INFO - Setting next_dagrun for flex_eau_pipeline to 2026-07-28 00:00:00+00:00, run_after=2026-07-29 00:00:00+00:00
[2026-07-28T04:17:38.963+0000] {processor.py:208} INFO - Processing /opt/airflow/dags/flex_eau_pipeline.py took 0.320 seconds
[2026-07-28T04:18:09.182+0000] {processor.py:186} INFO - Started process (PID=6403) to work on /opt/airflow/dags/flex_eau_pipeline.py
[2026-07-28T04:18:09.184+0000] {processor.py:914} INFO - Processing file /opt/airflow/dags/flex_eau_pipeline.py for tasks to queue
[2026-07-28T04:18:09.186+0000] {logging_mixin.py:190} INFO - [2026-07-28T04:18:09.186+0000] {dagbag.py:587} INFO - Filling up the DagBag from /opt/airflow/dags/flex_eau_pipeline.py
[2026-07-28T04:18:09.214+0000] {processor.py:925} INFO - DAG(s) 'flex_eau_pipeline' retrieved from /opt/airflow/dags/flex_eau_pipeline.py
[2026-07-28T04:18:09.252+0000] {logging_mixin.py:190} INFO - [2026-07-28T04:18:09.251+0000] {dag.py:3211} INFO - Sync 1 DAGs
[2026-07-28T04:18:09.444+0000] {logging_mixin.py:190} INFO - [2026-07-28T04:18:09.443+0000] {dag.py:4138} INFO - Setting next_dagrun for flex_eau_pipeline to 2026-07-28 00:00:00+00:00, run_after=2026-07-29 00:00:00+00:00
[2026-07-28T04:18:09.467+0000] {processor.py:208} INFO - Processing /opt/airflow/dags/flex_eau_pipeline.py took 0.291 seconds
[2026-07-28T04:18:39.967+0000] {processor.py:186} INFO - Started process (PID=6408) to work on /opt/airflow/dags/flex_eau_pipeline.py
[2026-07-28T04:18:39.968+0000] {processor.py:914} INFO - Processing file /opt/airflow/dags/flex_eau_pipeline.py for tasks to queue
[2026-07-28T04:18:39.971+0000] {logging_mixin.py:190} INFO - [2026-07-28T04:18:39.970+0000] {dagbag.py:587} INFO - Filling up the DagBag from /opt/airflow/dags/flex_eau_pipeline.py
[2026-07-28T04:18:39.998+0000] {processor.py:925} INFO - DAG(s) 'flex_eau_pipeline' retrieved from /opt/airflow/dags/flex_eau_pipeline.py
[2026-07-28T04:18:40.036+0000] {logging_mixin.py:190} INFO - [2026-07-28T04:18:40.035+0000] {dag.py:3211} INFO - Sync 1 DAGs
[2026-07-28T04:18:40.316+0000] {logging_mixin.py:190} INFO - [2026-07-28T04:18:40.316+0000] {dag.py:4138} INFO - Setting next_dagrun for flex_eau_pipeline to 2026-07-28 00:00:00+00:00, run_after=2026-07-29 00:00:00+00:00
[2026-07-28T04:18:40.335+0000] {processor.py:208} INFO - Processing /opt/airflow/dags/flex_eau_pipeline.py took 0.282 seconds
[2026-07-28T04:19:10.648+0000] {processor.py:186} INFO - Started process (PID=6413) to work on /opt/airflow/dags/flex_eau_pipeline.py
[2026-07-28T04:19:10.650+0000] {processor.py:914} INFO - Processing file /opt/airflow/dags/flex_eau_pipeline.py for tasks to queue
[2026-07-28T04:19:10.652+0000] {logging_mixin.py:190} INFO - [2026-07-28T04:19:10.652+0000] {dagbag.py:587} INFO - Filling up the DagBag from /opt/airflow/dags/flex_eau_pipeline.py
[2026-07-28T04:19:10.683+0000] {processor.py:925} INFO - DAG(s) 'flex_eau_pipeline' retrieved from /opt/airflow/dags/flex_eau_pipeline.py
[2026-07-28T04:19:10.724+0000] {logging_mixin.py:190} INFO - [2026-07-28T04:19:10.724+0000] {dag.py:3211} INFO - Sync 1 DAGs
[2026-07-28T04:19:10.751+0000] {logging_mixin.py:190} INFO - [2026-07-28T04:19:10.750+0000] {dag.py:4138} INFO - Setting next_dagrun for flex_eau_pipeline to 2026-07-28 00:00:00+00:00, run_after=2026-07-29 00:00:00+00:00
[2026-07-28T04:19:10.774+0000] {processor.py:208} INFO - Processing /opt/airflow/dags/flex_eau_pipeline.py took 0.132 seconds
[2026-07-28T04:19:41.248+0000] {processor.py:186} INFO - Started process (PID=6418) to work on /opt/airflow/dags/flex_eau_pipeline.py
[2026-07-28T04:19:41.249+0000] {processor.py:914} INFO - Processing file /opt/airflow/dags/flex_eau_pipeline.py for tasks to queue
[2026-07-28T04:19:41.252+0000] {logging_mixin.py:190} INFO - [2026-07-28T04:19:41.251+0000] {dagbag.py:587} INFO - Filling up the DagBag from /opt/airflow/dags/flex_eau_pipeline.py
[2026-07-28T04:19:41.283+0000] {processor.py:925} INFO - DAG(s) 'flex_eau_pipeline' retrieved from /opt/airflow/dags/flex_eau_pipeline.py
[2026-07-28T04:19:41.324+0000] {logging_mixin.py:190} INFO - [2026-07-28T04:19:41.324+0000] {dag.py:3211} INFO - Sync 1 DAGs
[2026-07-28T04:19:41.350+0000] {logging_mixin.py:190} INFO - [2026-07-28T04:19:41.350+0000] {dag.py:4138} INFO - Setting next_dagrun for flex_eau_pipeline to 2026-07-28 00:00:00+00:00, run_after=2026-07-29 00:00:00+00:00
[2026-07-28T04:19:41.372+0000] {processor.py:208} INFO - Processing /opt/airflow/dags/flex_eau_pipeline.py took 0.133 seconds
[2026-07-28T04:20:11.812+0000] {processor.py:186} INFO - Started process (PID=6423) to work on /opt/airflow/dags/flex_eau_pipeline.py
[2026-07-28T04:20:11.813+0000] {processor.py:914} INFO - Processing file /opt/airflow/dags/flex_eau_pipeline.py for tasks to queue
[2026-07-28T04:20:11.817+0000] {logging_mixin.py:190} INFO - [2026-07-28T04:20:11.817+0000] {dagbag.py:587} INFO - Filling up the DagBag from /opt/airflow/dags/flex_eau_pipeline.py
[2026-07-28T04:20:11.853+0000] {processor.py:925} INFO - DAG(s) 'flex_eau_pipeline' retrieved from /opt/airflow/dags/flex_eau_pipeline.py
[2026-07-28T04:20:11.896+0000] {logging_mixin.py:190} INFO - [2026-07-28T04:20:11.896+0000] {dag.py:3211} INFO - Sync 1 DAGs
[2026-07-28T04:20:12.113+0000] {logging_mixin.py:190} INFO - [2026-07-28T04:20:12.113+0000] {dag.py:4138} INFO - Setting next_dagrun for flex_eau_pipeline to 2026-07-28 00:00:00+00:00, run_after=2026-07-29 00:00:00+00:00
[2026-07-28T04:20:12.136+0000] {processor.py:208} INFO - Processing /opt/airflow/dags/flex_eau_pipeline.py took 0.332 seconds
[2026-07-28T04:20:42.362+0000] {processor.py:186} INFO - Started process (PID=6428) to work on /opt/airflow/dags/flex_eau_pipeline.py
[2026-07-28T04:20:42.363+0000] {processor.py:914} INFO - Processing file /opt/airflow/dags/flex_eau_pipeline.py for tasks to queue
[2026-07-28T04:20:42.365+0000] {logging_mixin.py:190} INFO - [2026-07-28T04:20:42.365+0000] {dagbag.py:587} INFO - Filling up the DagBag from /opt/airflow/dags/flex_eau_pipeline.py
[2026-07-28T04:20:42.393+0000] {processor.py:925} INFO - DAG(s) 'flex_eau_pipeline' retrieved from /opt/airflow/dags/flex_eau_pipeline.py
[2026-07-28T04:20:42.431+0000] {logging_mixin.py:190} INFO - [2026-07-28T04:20:42.431+0000] {dag.py:3211} INFO - Sync 1 DAGs
[2026-07-28T04:20:42.639+0000] {logging_mixin.py:190} INFO - [2026-07-28T04:20:42.638+0000] {dag.py:4138} INFO - Setting next_dagrun for flex_eau_pipeline to 2026-07-28 00:00:00+00:00, run_after=2026-07-29 00:00:00+00:00
[2026-07-28T04:20:42.661+0000] {processor.py:208} INFO - Processing /opt/airflow/dags/flex_eau_pipeline.py took 0.308 seconds
[2026-07-28T04:21:13.020+0000] {processor.py:186} INFO - Started process (PID=6433) to work on /opt/airflow/dags/flex_eau_pipeline.py
[2026-07-28T04:21:13.022+0000] {processor.py:914} INFO - Processing file /opt/airflow/dags/flex_eau_pipeline.py for tasks to queue
[2026-07-28T04:21:13.025+0000] {logging_mixin.py:190} INFO - [2026-07-28T04:21:13.025+0000] {dagbag.py:587} INFO - Filling up the DagBag from /opt/airflow/dags/flex_eau_pipeline.py
[2026-07-28T04:21:13.055+0000] {processor.py:925} INFO - DAG(s) 'flex_eau_pipeline' retrieved from /opt/airflow/dags/flex_eau_pipeline.py
[2026-07-28T04:21:13.271+0000] {logging_mixin.py:190} INFO - [2026-07-28T04:21:13.271+0000] {dag.py:3211} INFO - Sync 1 DAGs
[2026-07-28T04:21:13.299+0000] {logging_mixin.py:190} INFO - [2026-07-28T04:21:13.299+0000] {dag.py:4138} INFO - Setting next_dagrun for flex_eau_pipeline to 2026-07-28 00:00:00+00:00, run_after=2026-07-29 00:00:00+00:00
[2026-07-28T04:21:13.326+0000] {processor.py:208} INFO - Processing /opt/airflow/dags/flex_eau_pipeline.py took 0.314 seconds
[2026-07-28T04:21:43.577+0000] {processor.py:186} INFO - Started process (PID=6438) to work on /opt/airflow/dags/flex_eau_pipeline.py
[2026-07-28T04:21:43.578+0000] {processor.py:914} INFO - Processing file /opt/airflow/dags/flex_eau_pipeline.py for tasks to queue
[2026-07-28T04:21:43.581+0000] {logging_mixin.py:190} INFO - [2026-07-28T04:21:43.580+0000] {dagbag.py:587} INFO - Filling up the DagBag from /opt/airflow/dags/flex_eau_pipeline.py
[2026-07-28T04:21:43.610+0000] {processor.py:925} INFO - DAG(s) 'flex_eau_pipeline' retrieved from /opt/airflow/dags/flex_eau_pipeline.py
[2026-07-28T04:21:43.653+0000] {logging_mixin.py:190} INFO - [2026-07-28T04:21:43.653+0000] {dag.py:3211} INFO - Sync 1 DAGs
[2026-07-28T04:21:43.698+0000] {logging_mixin.py:190} INFO - [2026-07-28T04:21:43.698+0000] {dag.py:4138} INFO - Setting next_dagrun for flex_eau_pipeline to 2026-07-28 00:00:00+00:00, run_after=2026-07-29 00:00:00+00:00
[2026-07-28T04:21:43.748+0000] {processor.py:208} INFO - Processing /opt/airflow/dags/flex_eau_pipeline.py took 0.179 seconds
[2026-07-28T04:22:13.995+0000] {processor.py:186} INFO - Started process (PID=6443) to work on /opt/airflow/dags/flex_eau_pipeline.py
[2026-07-28T04:22:13.996+0000] {processor.py:914} INFO - Processing file /opt/airflow/dags/flex_eau_pipeline.py for tasks to queue
[2026-07-28T04:22:13.999+0000] {logging_mixin.py:190} INFO - [2026-07-28T04:22:13.998+0000] {dagbag.py:587} INFO - Filling up the DagBag from /opt/airflow/dags/flex_eau_pipeline.py
[2026-07-28T04:22:14.031+0000] {processor.py:925} INFO - DAG(s) 'flex_eau_pipeline' retrieved from /opt/airflow/dags/flex_eau_pipeline.py
[2026-07-28T04:22:14.073+0000] {logging_mixin.py:190} INFO - [2026-07-28T04:22:14.073+0000] {dag.py:3211} INFO - Sync 1 DAGs
[2026-07-28T04:22:14.101+0000] {logging_mixin.py:190} INFO - [2026-07-28T04:22:14.100+0000] {dag.py:4138} INFO - Setting next_dagrun for flex_eau_pipeline to 2026-07-28 00:00:00+00:00, run_after=2026-07-29 00:00:00+00:00
[2026-07-28T04:22:14.127+0000] {processor.py:208} INFO - Processing /opt/airflow/dags/flex_eau_pipeline.py took 0.140 seconds
[2026-07-28T04:22:44.428+0000] {processor.py:186} INFO - Started process (PID=6448) to work on /opt/airflow/dags/flex_eau_pipeline.py
[2026-07-28T04:22:44.430+0000] {processor.py:914} INFO - Processing file /opt/airflow/dags/flex_eau_pipeline.py for tasks to queue
[2026-07-28T04:22:44.432+0000] {logging_mixin.py:190} INFO - [2026-07-28T04:22:44.432+0000] {dagbag.py:587} INFO - Filling up the DagBag from /opt/airflow/dags/flex_eau_pipeline.py
[2026-07-28T04:22:44.464+0000] {processor.py:925} INFO - DAG(s) 'flex_eau_pipeline' retrieved from /opt/airflow/dags/flex_eau_pipeline.py
[2026-07-28T04:22:44.507+0000] {logging_mixin.py:190} INFO - [2026-07-28T04:22:44.507+0000] {dag.py:3211} INFO - Sync 1 DAGs
[2026-07-28T04:22:44.720+0000] {logging_mixin.py:190} INFO - [2026-07-28T04:22:44.720+0000] {dag.py:4138} INFO - Setting next_dagrun for flex_eau_pipeline to 2026-07-28 00:00:00+00:00, run_after=2026-07-29 00:00:00+00:00
[2026-07-28T04:22:44.757+0000] {processor.py:208} INFO - Processing /opt/airflow/dags/flex_eau_pipeline.py took 0.336 seconds
[2026-07-28T04:23:15.049+0000] {processor.py:186} INFO - Started process (PID=6453) to work on /opt/airflow/dags/flex_eau_pipeline.py
[2026-07-28T04:23:15.051+0000] {processor.py:914} INFO - Processing file /opt/airflow/dags/flex_eau_pipeline.py for tasks to queue
[2026-07-28T04:23:15.054+0000] {logging_mixin.py:190} INFO - [2026-07-28T04:23:15.054+0000] {dagbag.py:587} INFO - Filling up the DagBag from /opt/airflow/dags/flex_eau_pipeline.py
[2026-07-28T04:23:15.083+0000] {processor.py:925} INFO - DAG(s) 'flex_eau_pipeline' retrieved from /opt/airflow/dags/flex_eau_pipeline.py
[2026-07-28T04:23:15.121+0000] {logging_mixin.py:190} INFO - [2026-07-28T04:23:15.121+0000] {dag.py:3211} INFO - Sync 1 DAGs
[2026-07-28T04:23:15.315+0000] {logging_mixin.py:190} INFO - [2026-07-28T04:23:15.315+0000] {dag.py:4138} INFO - Setting next_dagrun for flex_eau_pipeline to 2026-07-28 00:00:00+00:00, run_after=2026-07-29 00:00:00+00:00
[2026-07-28T04:23:15.334+0000] {processor.py:208} INFO - Processing /opt/airflow/dags/flex_eau_pipeline.py took 0.291 seconds
[2026-07-28T04:23:45.775+0000] {processor.py:186} INFO - Started process (PID=6458) to work on /opt/airflow/dags/flex_eau_pipeline.py
[2026-07-28T04:23:45.783+0000] {processor.py:914} INFO - Processing file /opt/airflow/dags/flex_eau_pipeline.py for tasks to queue
[2026-07-28T04:23:45.787+0000] {logging_mixin.py:190} INFO - [2026-07-28T04:23:45.786+0000] {dagbag.py:587} INFO - Filling up the DagBag from /opt/airflow/dags/flex_eau_pipeline.py
[2026-07-28T04:23:45.820+0000] {processor.py:925} INFO - DAG(s) 'flex_eau_pipeline' retrieved from /opt/airflow/dags/flex_eau_pipeline.py
[2026-07-28T04:23:46.042+0000] {logging_mixin.py:190} INFO - [2026-07-28T04:23:46.042+0000] {dag.py:3211} INFO - Sync 1 DAGs
[2026-07-28T04:23:46.078+0000] {logging_mixin.py:190} INFO - [2026-07-28T04:23:46.078+0000] {dag.py:4138} INFO - Setting next_dagrun for flex_eau_pipeline to 2026-07-28 00:00:00+00:00, run_after=2026-07-29 00:00:00+00:00
[2026-07-28T04:23:46.101+0000] {processor.py:208} INFO - Processing /opt/airflow/dags/flex_eau_pipeline.py took 0.342 seconds
[2026-07-28T04:24:16.242+0000] {processor.py:186} INFO - Started process (PID=6463) to work on /opt/airflow/dags/flex_eau_pipeline.py
[2026-07-28T04:24:16.244+0000] {processor.py:914} INFO - Processing file /opt/airflow/dags/flex_eau_pipeline.py for tasks to queue
[2026-07-28T04:24:16.246+0000] {logging_mixin.py:190} INFO - [2026-07-28T04:24:16.246+0000] {dagbag.py:587} INFO - Filling up the DagBag from /opt/airflow/dags/flex_eau_pipeline.py
[2026-07-28T04:24:16.276+0000] {processor.py:925} INFO - DAG(s) 'flex_eau_pipeline' retrieved from /opt/airflow/dags/flex_eau_pipeline.py
[2026-07-28T04:24:16.313+0000] {logging_mixin.py:190} INFO - [2026-07-28T04:24:16.313+0000] {dag.py:3211} INFO - Sync 1 DAGs
[2026-07-28T04:24:16.339+0000] {logging_mixin.py:190} INFO - [2026-07-28T04:24:16.338+0000] {dag.py:4138} INFO - Setting next_dagrun for flex_eau_pipeline to 2026-07-28 00:00:00+00:00, run_after=2026-07-29 00:00:00+00:00
[2026-07-28T04:24:16.363+0000] {processor.py:208} INFO - Processing /opt/airflow/dags/flex_eau_pipeline.py took 0.128 seconds
[2026-07-28T04:24:46.748+0000] {processor.py:186} INFO - Started process (PID=6468) to work on /opt/airflow/dags/flex_eau_pipeline.py
[2026-07-28T04:24:46.749+0000] {processor.py:914} INFO - Processing file /opt/airflow/dags/flex_eau_pipeline.py for tasks to queue
[2026-07-28T04:24:46.752+0000] {logging_mixin.py:190} INFO - [2026-07-28T04:24:46.752+0000] {dagbag.py:587} INFO - Filling up the DagBag from /opt/airflow/dags/flex_eau_pipeline.py
[2026-07-28T04:24:46.781+0000] {processor.py:925} INFO - DAG(s) 'flex_eau_pipeline' retrieved from /opt/airflow/dags/flex_eau_pipeline.py
[2026-07-28T04:24:46.819+0000] {logging_mixin.py:190} INFO - [2026-07-28T04:24:46.819+0000] {dag.py:3211} INFO - Sync 1 DAGs
[2026-07-28T04:24:46.845+0000] {logging_mixin.py:190} INFO - [2026-07-28T04:24:46.845+0000] {dag.py:4138} INFO - Setting next_dagrun for flex_eau_pipeline to 2026-07-28 00:00:00+00:00, run_after=2026-07-29 00:00:00+00:00
[2026-07-28T04:24:46.869+0000] {processor.py:208} INFO - Processing /opt/airflow/dags/flex_eau_pipeline.py took 0.129 seconds
[2026-07-28T04:25:17.306+0000] {processor.py:186} INFO - Started process (PID=6473) to work on /opt/airflow/dags/flex_eau_pipeline.py
[2026-07-28T04:25:17.308+0000] {processor.py:914} INFO - Processing file /opt/airflow/dags/flex_eau_pipeline.py for tasks to queue
[2026-07-28T04:25:17.311+0000] {logging_mixin.py:190} INFO - [2026-07-28T04:25:17.311+0000] {dagbag.py:587} INFO - Filling up the DagBag from /opt/airflow/dags/flex_eau_pipeline.py
[2026-07-28T04:25:17.336+0000] {processor.py:925} INFO - DAG(s) 'flex_eau_pipeline' retrieved from /opt/airflow/dags/flex_eau_pipeline.py
[2026-07-28T04:25:17.375+0000] {logging_mixin.py:190} INFO - [2026-07-28T04:25:17.375+0000] {dag.py:3211} INFO - Sync 1 DAGs
[2026-07-28T04:25:17.404+0000] {logging_mixin.py:190} INFO - [2026-07-28T04:25:17.404+0000] {dag.py:4138} INFO - Setting next_dagrun for flex_eau_pipeline to 2026-07-28 00:00:00+00:00, run_after=2026-07-29 00:00:00+00:00
[2026-07-28T04:25:17.615+0000] {processor.py:208} INFO - Processing /opt/airflow/dags/flex_eau_pipeline.py took 0.316 seconds
[2026-07-28T04:25:47.817+0000] {processor.py:186} INFO - Started process (PID=6478) to work on /opt/airflow/dags/flex_eau_pipeline.py
[2026-07-28T04:25:47.819+0000] {processor.py:914} INFO - Processing file /opt/airflow/dags/flex_eau_pipeline.py for tasks to queue
[2026-07-28T04:25:47.821+0000] {logging_mixin.py:190} INFO - [2026-07-28T04:25:47.821+0000] {dagbag.py:587} INFO - Filling up the DagBag from /opt/airflow/dags/flex_eau_pipeline.py
[2026-07-28T04:25:47.849+0000] {processor.py:925} INFO - DAG(s) 'flex_eau_pipeline' retrieved from /opt/airflow/dags/flex_eau_pipeline.py
[2026-07-28T04:25:47.886+0000] {logging_mixin.py:190} INFO - [2026-07-28T04:25:47.886+0000] {dag.py:3211} INFO - Sync 1 DAGs
[2026-07-28T04:25:48.082+0000] {logging_mixin.py:190} INFO - [2026-07-28T04:25:48.081+0000] {dag.py:4138} INFO - Setting next_dagrun for flex_eau_pipeline to 2026-07-28 00:00:00+00:00, run_after=2026-07-29 00:00:00+00:00
[2026-07-28T04:25:48.106+0000] {processor.py:208} INFO - Processing /opt/airflow/dags/flex_eau_pipeline.py took 0.296 seconds
[2026-07-28T04:26:18.596+0000] {processor.py:186} INFO - Started process (PID=6483) to work on /opt/airflow/dags/flex_eau_pipeline.py
[2026-07-28T04:26:18.598+0000] {processor.py:914} INFO - Processing file /opt/airflow/dags/flex_eau_pipeline.py for tasks to queue
[2026-07-28T04:26:18.600+0000] {logging_mixin.py:190} INFO - [2026-07-28T04:26:18.600+0000] {dagbag.py:587} INFO - Filling up the DagBag from /opt/airflow/dags/flex_eau_pipeline.py
[2026-07-28T04:26:18.629+0000] {processor.py:925} INFO - DAG(s) 'flex_eau_pipeline' retrieved from /opt/airflow/dags/flex_eau_pipeline.py
[2026-07-28T04:26:18.843+0000] {logging_mixin.py:190} INFO - [2026-07-28T04:26:18.843+0000] {dag.py:3211} INFO - Sync 1 DAGs
[2026-07-28T04:26:18.868+0000] {logging_mixin.py:190} INFO - [2026-07-28T04:26:18.868+0000] {dag.py:4138} INFO - Setting next_dagrun for flex_eau_pipeline to 2026-07-28 00:00:00+00:00, run_after=2026-07-29 00:00:00+00:00
[2026-07-28T04:26:18.891+0000] {processor.py:208} INFO - Processing /opt/airflow/dags/flex_eau_pipeline.py took 0.302 seconds
[2026-07-28T04:26:48.995+0000] {processor.py:186} INFO - Started process (PID=6488) to work on /opt/airflow/dags/flex_eau_pipeline.py
[2026-07-28T04:26:48.997+0000] {processor.py:914} INFO - Processing file /opt/airflow/dags/flex_eau_pipeline.py for tasks to queue
[2026-07-28T04:26:48.999+0000] {logging_mixin.py:190} INFO - [2026-07-28T04:26:48.999+0000] {dagbag.py:587} INFO - Filling up the DagBag from /opt/airflow/dags/flex_eau_pipeline.py
[2026-07-28T04:26:49.029+0000] {processor.py:925} INFO - DAG(s) 'flex_eau_pipeline' retrieved from /opt/airflow/dags/flex_eau_pipeline.py
[2026-07-28T04:26:49.069+0000] {logging_mixin.py:190} INFO - [2026-07-28T04:26:49.069+0000] {dag.py:3211} INFO - Sync 1 DAGs
[2026-07-28T04:26:49.097+0000] {logging_mixin.py:190} INFO - [2026-07-28T04:26:49.096+0000] {dag.py:4138} INFO - Setting next_dagrun for flex_eau_pipeline to 2026-07-28 00:00:00+00:00, run_after=2026-07-29 00:00:00+00:00
[2026-07-28T04:26:49.123+0000] {processor.py:208} INFO - Processing /opt/airflow/dags/flex_eau_pipeline.py took 0.136 seconds
[2026-07-28T04:27:19.438+0000] {processor.py:186} INFO - Started process (PID=6493) to work on /opt/airflow/dags/flex_eau_pipeline.py
[2026-07-28T04:27:19.440+0000] {processor.py:914} INFO - Processing file /opt/airflow/dags/flex_eau_pipeline.py for tasks to queue
[2026-07-28T04:27:19.442+0000] {logging_mixin.py:190} INFO - [2026-07-28T04:27:19.442+0000] {dagbag.py:587} INFO - Filling up the DagBag from /opt/airflow/dags/flex_eau_pipeline.py
[2026-07-28T04:27:19.470+0000] {processor.py:925} INFO - DAG(s) 'flex_eau_pipeline' retrieved from /opt/airflow/dags/flex_eau_pipeline.py
[2026-07-28T04:27:19.510+0000] {logging_mixin.py:190} INFO - [2026-07-28T04:27:19.509+0000] {dag.py:3211} INFO - Sync 1 DAGs
[2026-07-28T04:27:19.536+0000] {logging_mixin.py:190} INFO - [2026-07-28T04:27:19.535+0000] {dag.py:4138} INFO - Setting next_dagrun for flex_eau_pipeline to 2026-07-28 00:00:00+00:00, run_after=2026-07-29 00:00:00+00:00
[2026-07-28T04:27:19.560+0000] {processor.py:208} INFO - Processing /opt/airflow/dags/flex_eau_pipeline.py took 0.129 seconds
[2026-07-28T04:27:50.064+0000] {processor.py:186} INFO - Started process (PID=6498) to work on /opt/airflow/dags/flex_eau_pipeline.py
[2026-07-28T04:27:50.065+0000] {processor.py:914} INFO - Processing file /opt/airflow/dags/flex_eau_pipeline.py for tasks to queue
[2026-07-28T04:27:50.067+0000] {logging_mixin.py:190} INFO - [2026-07-28T04:27:50.067+0000] {dagbag.py:587} INFO - Filling up the DagBag from /opt/airflow/dags/flex_eau_pipeline.py
[2026-07-28T04:27:50.097+0000] {processor.py:925} INFO - DAG(s) 'flex_eau_pipeline' retrieved from /opt/airflow/dags/flex_eau_pipeline.py
[2026-07-28T04:27:50.137+0000] {logging_mixin.py:190} INFO - [2026-07-28T04:27:50.136+0000] {dag.py:3211} INFO - Sync 1 DAGs
[2026-07-28T04:27:50.333+0000] {logging_mixin.py:190} INFO - [2026-07-28T04:27:50.332+0000] {dag.py:4138} INFO - Setting next_dagrun for flex_eau_pipeline to 2026-07-28 00:00:00+00:00, run_after=2026-07-29 00:00:00+00:00
[2026-07-28T04:27:50.358+0000] {processor.py:208} INFO - Processing /opt/airflow/dags/flex_eau_pipeline.py took 0.301 seconds
[2026-07-28T04:28:20.480+0000] {processor.py:186} INFO - Started process (PID=6503) to work on /opt/airflow/dags/flex_eau_pipeline.py
[2026-07-28T04:28:20.481+0000] {processor.py:914} INFO - Processing file /opt/airflow/dags/flex_eau_pipeline.py for tasks to queue
[2026-07-28T04:28:20.484+0000] {logging_mixin.py:190} INFO - [2026-07-28T04:28:20.484+0000] {dagbag.py:587} INFO - Filling up the DagBag from /opt/airflow/dags/flex_eau_pipeline.py
[2026-07-28T04:28:20.512+0000] {processor.py:925} INFO - DAG(s) 'flex_eau_pipeline' retrieved from /opt/airflow/dags/flex_eau_pipeline.py
[2026-07-28T04:28:20.559+0000] {logging_mixin.py:190} INFO - [2026-07-28T04:28:20.558+0000] {dag.py:3211} INFO - Sync 1 DAGs
[2026-07-28T04:28:20.760+0000] {logging_mixin.py:190} INFO - [2026-07-28T04:28:20.760+0000] {dag.py:4138} INFO - Setting next_dagrun for flex_eau_pipeline to 2026-07-28 00:00:00+00:00, run_after=2026-07-29 00:00:00+00:00
[2026-07-28T04:28:20.783+0000] {processor.py:208} INFO - Processing /opt/airflow/dags/flex_eau_pipeline.py took 0.311 seconds
[2026-07-28T04:28:51.014+0000] {processor.py:186} INFO - Started process (PID=6508) to work on /opt/airflow/dags/flex_eau_pipeline.py
[2026-07-28T04:28:51.015+0000] {processor.py:914} INFO - Processing file /opt/airflow/dags/flex_eau_pipeline.py for tasks to queue
[2026-07-28T04:28:51.018+0000] {logging_mixin.py:190} INFO - [2026-07-28T04:28:51.017+0000] {dagbag.py:587} INFO - Filling up the DagBag from /opt/airflow/dags/flex_eau_pipeline.py
[2026-07-28T04:28:51.045+0000] {processor.py:925} INFO - DAG(s) 'flex_eau_pipeline' retrieved from /opt/airflow/dags/flex_eau_pipeline.py
[2026-07-28T04:28:51.250+0000] {logging_mixin.py:190} INFO - [2026-07-28T04:28:51.250+0000] {dag.py:3211} INFO - Sync 1 DAGs
[2026-07-28T04:28:51.276+0000] {logging_mixin.py:190} INFO - [2026-07-28T04:28:51.276+0000] {dag.py:4138} INFO - Setting next_dagrun for flex_eau_pipeline to 2026-07-28 00:00:00+00:00, run_after=2026-07-29 00:00:00+00:00
[2026-07-28T04:28:51.297+0000] {processor.py:208} INFO - Processing /opt/airflow/dags/flex_eau_pipeline.py took 0.292 seconds
[2026-07-28T04:29:21.855+0000] {processor.py:186} INFO - Started process (PID=6513) to work on /opt/airflow/dags/flex_eau_pipeline.py
[2026-07-28T04:29:21.856+0000] {processor.py:914} INFO - Processing file /opt/airflow/dags/flex_eau_pipeline.py for tasks to queue
[2026-07-28T04:29:21.859+0000] {logging_mixin.py:190} INFO - [2026-07-28T04:29:21.859+0000] {dagbag.py:587} INFO - Filling up the DagBag from /opt/airflow/dags/flex_eau_pipeline.py
[2026-07-28T04:29:21.887+0000] {processor.py:925} INFO - DAG(s) 'flex_eau_pipeline' retrieved from /opt/airflow/dags/flex_eau_pipeline.py
[2026-07-28T04:29:21.921+0000] {logging_mixin.py:190} INFO - [2026-07-28T04:29:21.921+0000] {dag.py:3211} INFO - Sync 1 DAGs
[2026-07-28T04:29:21.946+0000] {logging_mixin.py:190} INFO - [2026-07-28T04:29:21.946+0000] {dag.py:4138} INFO - Setting next_dagrun for flex_eau_pipeline to 2026-07-28 00:00:00+00:00, run_after=2026-07-29 00:00:00+00:00
[2026-07-28T04:29:21.970+0000] {processor.py:208} INFO - Processing /opt/airflow/dags/flex_eau_pipeline.py took 0.122 seconds
[2026-07-28T04:29:52.384+0000] {processor.py:186} INFO - Started process (PID=6518) to work on /opt/airflow/dags/flex_eau_pipeline.py
[2026-07-28T04:29:52.385+0000] {processor.py:914} INFO - Processing file /opt/airflow/dags/flex_eau_pipeline.py for tasks to queue
[2026-07-28T04:29:52.388+0000] {logging_mixin.py:190} INFO - [2026-07-28T04:29:52.388+0000] {dagbag.py:587} INFO - Filling up the DagBag from /opt/airflow/dags/flex_eau_pipeline.py
[2026-07-28T04:29:52.414+0000] {processor.py:925} INFO - DAG(s) 'flex_eau_pipeline' retrieved from /opt/airflow/dags/flex_eau_pipeline.py
[2026-07-28T04:29:52.452+0000] {logging_mixin.py:190} INFO - [2026-07-28T04:29:52.451+0000] {dag.py:3211} INFO - Sync 1 DAGs
[2026-07-28T04:29:52.477+0000] {logging_mixin.py:190} INFO - [2026-07-28T04:29:52.477+0000] {dag.py:4138} INFO - Setting next_dagrun for flex_eau_pipeline to 2026-07-28 00:00:00+00:00, run_after=2026-07-29 00:00:00+00:00
[2026-07-28T04:29:52.499+0000] {processor.py:208} INFO - Processing /opt/airflow/dags/flex_eau_pipeline.py took 0.123 seconds
[2026-07-28T04:30:22.963+0000] {processor.py:186} INFO - Started process (PID=6523) to work on /opt/airflow/dags/flex_eau_pipeline.py
[2026-07-28T04:30:22.965+0000] {processor.py:914} INFO - Processing file /opt/airflow/dags/flex_eau_pipeline.py for tasks to queue
[2026-07-28T04:30:22.967+0000] {logging_mixin.py:190} INFO - [2026-07-28T04:30:22.967+0000] {dagbag.py:587} INFO - Filling up the DagBag from /opt/airflow/dags/flex_eau_pipeline.py
[2026-07-28T04:30:22.999+0000] {processor.py:925} INFO - DAG(s) 'flex_eau_pipeline' retrieved from /opt/airflow/dags/flex_eau_pipeline.py
[2026-07-28T04:30:23.036+0000] {logging_mixin.py:190} INFO - [2026-07-28T04:30:23.036+0000] {dag.py:3211} INFO - Sync 1 DAGs
[2026-07-28T04:30:23.069+0000] {logging_mixin.py:190} INFO - [2026-07-28T04:30:23.068+0000] {dag.py:4138} INFO - Setting next_dagrun for flex_eau_pipeline to 2026-07-28 00:00:00+00:00, run_after=2026-07-29 00:00:00+00:00
[2026-07-28T04:30:23.280+0000] {processor.py:208} INFO - Processing /opt/airflow/dags/flex_eau_pipeline.py took 0.324 seconds
[2026-07-28T04:30:53.493+0000] {processor.py:186} INFO - Started process (PID=6528) to work on /opt/airflow/dags/flex_eau_pipeline.py
[2026-07-28T04:30:53.495+0000] {processor.py:914} INFO - Processing file /opt/airflow/dags/flex_eau_pipeline.py for tasks to queue
[2026-07-28T04:30:53.497+0000] {logging_mixin.py:190} INFO - [2026-07-28T04:30:53.497+0000] {dagbag.py:587} INFO - Filling up the DagBag from /opt/airflow/dags/flex_eau_pipeline.py
[2026-07-28T04:30:53.525+0000] {processor.py:925} INFO - DAG(s) 'flex_eau_pipeline' retrieved from /opt/airflow/dags/flex_eau_pipeline.py
[2026-07-28T04:30:53.565+0000] {logging_mixin.py:190} INFO - [2026-07-28T04:30:53.565+0000] {dag.py:3211} INFO - Sync 1 DAGs
[2026-07-28T04:30:53.759+0000] {logging_mixin.py:190} INFO - [2026-07-28T04:30:53.759+0000] {dag.py:4138} INFO - Setting next_dagrun for flex_eau_pipeline to 2026-07-28 00:00:00+00:00, run_after=2026-07-29 00:00:00+00:00
[2026-07-28T04:30:53.782+0000] {processor.py:208} INFO - Processing /opt/airflow/dags/flex_eau_pipeline.py took 0.295 seconds
[2026-07-28T04:31:24.247+0000] {processor.py:186} INFO - Started process (PID=6533) to work on /opt/airflow/dags/flex_eau_pipeline.py
[2026-07-28T04:31:24.249+0000] {processor.py:914} INFO - Processing file /opt/airflow/dags/flex_eau_pipeline.py for tasks to queue
[2026-07-28T04:31:24.253+0000] {logging_mixin.py:190} INFO - [2026-07-28T04:31:24.252+0000] {dagbag.py:587} INFO - Filling up the DagBag from /opt/airflow/dags/flex_eau_pipeline.py
[2026-07-28T04:31:24.304+0000] {processor.py:925} INFO - DAG(s) 'flex_eau_pipeline' retrieved from /opt/airflow/dags/flex_eau_pipeline.py
[2026-07-28T04:31:24.532+0000] {logging_mixin.py:190} INFO - [2026-07-28T04:31:24.531+0000] {dag.py:3211} INFO - Sync 1 DAGs
[2026-07-28T04:31:24.559+0000] {logging_mixin.py:190} INFO - [2026-07-28T04:31:24.559+0000] {dag.py:4138} INFO - Setting next_dagrun for flex_eau_pipeline to 2026-07-28 00:00:00+00:00, run_after=2026-07-29 00:00:00+00:00
[2026-07-28T04:31:24.582+0000] {processor.py:208} INFO - Processing /opt/airflow/dags/flex_eau_pipeline.py took 0.343 seconds
[2026-07-28T04:31:54.741+0000] {processor.py:186} INFO - Started process (PID=6538) to work on /opt/airflow/dags/flex_eau_pipeline.py
[2026-07-28T04:31:54.743+0000] {processor.py:914} INFO - Processing file /opt/airflow/dags/flex_eau_pipeline.py for tasks to queue
[2026-07-28T04:31:54.745+0000] {logging_mixin.py:190} INFO - [2026-07-28T04:31:54.745+0000] {dagbag.py:587} INFO - Filling up the DagBag from /opt/airflow/dags/flex_eau_pipeline.py
[2026-07-28T04:31:54.776+0000] {processor.py:925} INFO - DAG(s) 'flex_eau_pipeline' retrieved from /opt/airflow/dags/flex_eau_pipeline.py
[2026-07-28T04:31:54.815+0000] {logging_mixin.py:190} INFO - [2026-07-28T04:31:54.814+0000] {dag.py:3211} INFO - Sync 1 DAGs
[2026-07-28T04:31:54.841+0000] {logging_mixin.py:190} INFO - [2026-07-28T04:31:54.840+0000] {dag.py:4138} INFO - Setting next_dagrun for flex_eau_pipeline to 2026-07-28 00:00:00+00:00, run_after=2026-07-29 00:00:00+00:00
[2026-07-28T04:31:54.863+0000] {processor.py:208} INFO - Processing /opt/airflow/dags/flex_eau_pipeline.py took 0.130 seconds
[2026-07-28T04:32:25.233+0000] {processor.py:186} INFO - Started process (PID=6543) to work on /opt/airflow/dags/flex_eau_pipeline.py
[2026-07-28T04:32:25.234+0000] {processor.py:914} INFO - Processing file /opt/airflow/dags/flex_eau_pipeline.py for tasks to queue
[2026-07-28T04:32:25.237+0000] {logging_mixin.py:190} INFO - [2026-07-28T04:32:25.237+0000] {dagbag.py:587} INFO - Filling up the DagBag from /opt/airflow/dags/flex_eau_pipeline.py
[2026-07-28T04:32:25.276+0000] {processor.py:925} INFO - DAG(s) 'flex_eau_pipeline' retrieved from /opt/airflow/dags/flex_eau_pipeline.py
[2026-07-28T04:32:25.328+0000] {logging_mixin.py:190} INFO - [2026-07-28T04:32:25.328+0000] {dag.py:3211} INFO - Sync 1 DAGs
[2026-07-28T04:32:25.357+0000] {logging_mixin.py:190} INFO - [2026-07-28T04:32:25.357+0000] {dag.py:4138} INFO - Setting next_dagrun for flex_eau_pipeline to 2026-07-28 00:00:00+00:00, run_after=2026-07-29 00:00:00+00:00
[2026-07-28T04:32:25.384+0000] {processor.py:208} INFO - Processing /opt/airflow/dags/flex_eau_pipeline.py took 0.159 seconds
[2026-07-28T04:32:55.851+0000] {processor.py:186} INFO - Started process (PID=6548) to work on /opt/airflow/dags/flex_eau_pipeline.py
[2026-07-28T04:32:55.852+0000] {processor.py:914} INFO - Processing file /opt/airflow/dags/flex_eau_pipeline.py for tasks to queue
[2026-07-28T04:32:55.854+0000] {logging_mixin.py:190} INFO - [2026-07-28T04:32:55.854+0000] {dagbag.py:587} INFO - Filling up the DagBag from /opt/airflow/dags/flex_eau_pipeline.py
[2026-07-28T04:32:55.883+0000] {processor.py:925} INFO - DAG(s) 'flex_eau_pipeline' retrieved from /opt/airflow/dags/flex_eau_pipeline.py
[2026-07-28T04:32:55.920+0000] {logging_mixin.py:190} INFO - [2026-07-28T04:32:55.920+0000] {dag.py:3211} INFO - Sync 1 DAGs
[2026-07-28T04:32:55.947+0000] {logging_mixin.py:190} INFO - [2026-07-28T04:32:55.947+0000] {dag.py:4138} INFO - Setting next_dagrun for flex_eau_pipeline to 2026-07-28 00:00:00+00:00, run_after=2026-07-29 00:00:00+00:00
[2026-07-28T04:32:56.142+0000] {processor.py:208} INFO - Processing /opt/airflow/dags/flex_eau_pipeline.py took 0.299 seconds
[2026-07-28T04:33:26.450+0000] {processor.py:186} INFO - Started process (PID=6553) to work on /opt/airflow/dags/flex_eau_pipeline.py
[2026-07-28T04:33:26.451+0000] {processor.py:914} INFO - Processing file /opt/airflow/dags/flex_eau_pipeline.py for tasks to queue
[2026-07-28T04:33:26.453+0000] {logging_mixin.py:190} INFO - [2026-07-28T04:33:26.453+0000] {dagbag.py:587} INFO - Filling up the DagBag from /opt/airflow/dags/flex_eau_pipeline.py
[2026-07-28T04:33:26.481+0000] {processor.py:925} INFO - DAG(s) 'flex_eau_pipeline' retrieved from /opt/airflow/dags/flex_eau_pipeline.py
[2026-07-28T04:33:26.524+0000] {logging_mixin.py:190} INFO - [2026-07-28T04:33:26.524+0000] {dag.py:3211} INFO - Sync 1 DAGs
[2026-07-28T04:33:26.722+0000] {logging_mixin.py:190} INFO - [2026-07-28T04:33:26.722+0000] {dag.py:4138} INFO - Setting next_dagrun for flex_eau_pipeline to 2026-07-28 00:00:00+00:00, run_after=2026-07-29 00:00:00+00:00
[2026-07-28T04:33:26.744+0000] {processor.py:208} INFO - Processing /opt/airflow/dags/flex_eau_pipeline.py took 0.302 seconds
[2026-07-28T04:33:57.127+0000] {processor.py:186} INFO - Started process (PID=6558) to work on /opt/airflow/dags/flex_eau_pipeline.py
[2026-07-28T04:33:57.128+0000] {processor.py:914} INFO - Processing file /opt/airflow/dags/flex_eau_pipeline.py for tasks to queue
[2026-07-28T04:33:57.131+0000] {logging_mixin.py:190} INFO - [2026-07-28T04:33:57.130+0000] {dagbag.py:587} INFO - Filling up the DagBag from /opt/airflow/dags/flex_eau_pipeline.py
[2026-07-28T04:33:57.159+0000] {processor.py:925} INFO - DAG(s) 'flex_eau_pipeline' retrieved from /opt/airflow/dags/flex_eau_pipeline.py
[2026-07-28T04:33:57.204+0000] {logging_mixin.py:190} INFO - [2026-07-28T04:33:57.203+0000] {dag.py:3211} INFO - Sync 1 DAGs
[2026-07-28T04:33:57.419+0000] {logging_mixin.py:190} INFO - [2026-07-28T04:33:57.419+0000] {dag.py:4138} INFO - Setting next_dagrun for flex_eau_pipeline to 2026-07-28 00:00:00+00:00, run_after=2026-07-29 00:00:00+00:00
[2026-07-28T04:33:57.441+0000] {processor.py:208} INFO - Processing /opt/airflow/dags/flex_eau_pipeline.py took 0.321 seconds
[2026-07-28T04:34:27.615+0000] {processor.py:186} INFO - Started process (PID=6563) to work on /opt/airflow/dags/flex_eau_pipeline.py
[2026-07-28T04:34:27.616+0000] {processor.py:914} INFO - Processing file /opt/airflow/dags/flex_eau_pipeline.py for tasks to queue
[2026-07-28T04:34:27.619+0000] {logging_mixin.py:190} INFO - [2026-07-28T04:34:27.619+0000] {dagbag.py:587} INFO - Filling up the DagBag from /opt/airflow/dags/flex_eau_pipeline.py
[2026-07-28T04:34:27.652+0000] {processor.py:925} INFO - DAG(s) 'flex_eau_pipeline' retrieved from /opt/airflow/dags/flex_eau_pipeline.py
[2026-07-28T04:34:27.896+0000] {logging_mixin.py:190} INFO - [2026-07-28T04:34:27.895+0000] {dag.py:3211} INFO - Sync 1 DAGs
[2026-07-28T04:34:27.919+0000] {logging_mixin.py:190} INFO - [2026-07-28T04:34:27.919+0000] {dag.py:4138} INFO - Setting next_dagrun for flex_eau_pipeline to 2026-07-28 00:00:00+00:00, run_after=2026-07-29 00:00:00+00:00
[2026-07-28T04:34:27.943+0000] {processor.py:208} INFO - Processing /opt/airflow/dags/flex_eau_pipeline.py took 0.337 seconds
[2026-07-28T04:34:58.316+0000] {processor.py:186} INFO - Started process (PID=6568) to work on /opt/airflow/dags/flex_eau_pipeline.py
[2026-07-28T04:34:58.317+0000] {processor.py:914} INFO - Processing file /opt/airflow/dags/flex_eau_pipeline.py for tasks to queue
[2026-07-28T04:34:58.319+0000] {logging_mixin.py:190} INFO - [2026-07-28T04:34:58.319+0000] {dagbag.py:587} INFO - Filling up the DagBag from /opt/airflow/dags/flex_eau_pipeline.py
[2026-07-28T04:34:58.354+0000] {processor.py:925} INFO - DAG(s) 'flex_eau_pipeline' retrieved from /opt/airflow/dags/flex_eau_pipeline.py
[2026-07-28T04:34:58.399+0000] {logging_mixin.py:190} INFO - [2026-07-28T04:34:58.399+0000] {dag.py:3211} INFO - Sync 1 DAGs
[2026-07-28T04:34:58.431+0000] {logging_mixin.py:190} INFO - [2026-07-28T04:34:58.431+0000] {dag.py:4138} INFO - Setting next_dagrun for flex_eau_pipeline to 2026-07-28 00:00:00+00:00, run_after=2026-07-29 00:00:00+00:00
[2026-07-28T04:34:58.458+0000] {processor.py:208} INFO - Processing /opt/airflow/dags/flex_eau_pipeline.py took 0.150 seconds
[2026-07-28T04:35:28.813+0000] {processor.py:186} INFO - Started process (PID=6573) to work on /opt/airflow/dags/flex_eau_pipeline.py
[2026-07-28T04:35:28.815+0000] {processor.py:914} INFO - Processing file /opt/airflow/dags/flex_eau_pipeline.py for tasks to queue
[2026-07-28T04:35:28.819+0000] {logging_mixin.py:190} INFO - [2026-07-28T04:35:28.818+0000] {dagbag.py:587} INFO - Filling up the DagBag from /opt/airflow/dags/flex_eau_pipeline.py
[2026-07-28T04:35:28.851+0000] {processor.py:925} INFO - DAG(s) 'flex_eau_pipeline' retrieved from /opt/airflow/dags/flex_eau_pipeline.py
[2026-07-28T04:35:28.891+0000] {logging_mixin.py:190} INFO - [2026-07-28T04:35:28.891+0000] {dag.py:3211} INFO - Sync 1 DAGs
[2026-07-28T04:35:28.918+0000] {logging_mixin.py:190} INFO - [2026-07-28T04:35:28.918+0000] {dag.py:4138} INFO - Setting next_dagrun for flex_eau_pipeline to 2026-07-28 00:00:00+00:00, run_after=2026-07-29 00:00:00+00:00
[2026-07-28T04:35:29.111+0000] {processor.py:208} INFO - Processing /opt/airflow/dags/flex_eau_pipeline.py took 0.306 seconds
[2026-07-28T04:35:59.404+0000] {processor.py:186} INFO - Started process (PID=6578) to work on /opt/airflow/dags/flex_eau_pipeline.py
[2026-07-28T04:35:59.405+0000] {processor.py:914} INFO - Processing file /opt/airflow/dags/flex_eau_pipeline.py for tasks to queue
[2026-07-28T04:35:59.409+0000] {logging_mixin.py:190} INFO - [2026-07-28T04:35:59.409+0000] {dagbag.py:587} INFO - Filling up the DagBag from /opt/airflow/dags/flex_eau_pipeline.py
[2026-07-28T04:35:59.442+0000] {processor.py:925} INFO - DAG(s) 'flex_eau_pipeline' retrieved from /opt/airflow/dags/flex_eau_pipeline.py
[2026-07-28T04:35:59.488+0000] {logging_mixin.py:190} INFO - [2026-07-28T04:35:59.488+0000] {dag.py:3211} INFO - Sync 1 DAGs
[2026-07-28T04:35:59.697+0000] {logging_mixin.py:190} INFO - [2026-07-28T04:35:59.697+0000] {dag.py:4138} INFO - Setting next_dagrun for flex_eau_pipeline to 2026-07-28 00:00:00+00:00, run_after=2026-07-29 00:00:00+00:00
[2026-07-28T04:35:59.721+0000] {processor.py:208} INFO - Processing /opt/airflow/dags/flex_eau_pipeline.py took 0.330 seconds
[2026-07-28T04:36:30.089+0000] {processor.py:186} INFO - Started process (PID=6583) to work on /opt/airflow/dags/flex_eau_pipeline.py
[2026-07-28T04:36:30.091+0000] {processor.py:914} INFO - Processing file /opt/airflow/dags/flex_eau_pipeline.py for tasks to queue
[2026-07-28T04:36:30.093+0000] {logging_mixin.py:190} INFO - [2026-07-28T04:36:30.093+0000] {dagbag.py:587} INFO - Filling up the DagBag from /opt/airflow/dags/flex_eau_pipeline.py
[2026-07-28T04:36:30.122+0000] {processor.py:925} INFO - DAG(s) 'flex_eau_pipeline' retrieved from /opt/airflow/dags/flex_eau_pipeline.py
[2026-07-28T04:36:30.337+0000] {logging_mixin.py:190} INFO - [2026-07-28T04:36:30.337+0000] {dag.py:3211} INFO - Sync 1 DAGs
[2026-07-28T04:36:30.362+0000] {logging_mixin.py:190} INFO - [2026-07-28T04:36:30.362+0000] {dag.py:4138} INFO - Setting next_dagrun for flex_eau_pipeline to 2026-07-28 00:00:00+00:00, run_after=2026-07-29 00:00:00+00:00
[2026-07-28T04:36:30.384+0000] {processor.py:208} INFO - Processing /opt/airflow/dags/flex_eau_pipeline.py took 0.304 seconds
[2026-07-28T04:37:00.658+0000] {processor.py:186} INFO - Started process (PID=6588) to work on /opt/airflow/dags/flex_eau_pipeline.py
[2026-07-28T04:37:00.659+0000] {processor.py:914} INFO - Processing file /opt/airflow/dags/flex_eau_pipeline.py for tasks to queue
[2026-07-28T04:37:00.661+0000] {logging_mixin.py:190} INFO - [2026-07-28T04:37:00.661+0000] {dagbag.py:587} INFO - Filling up the DagBag from /opt/airflow/dags/flex_eau_pipeline.py
[2026-07-28T04:37:00.690+0000] {processor.py:925} INFO - DAG(s) 'flex_eau_pipeline' retrieved from /opt/airflow/dags/flex_eau_pipeline.py
[2026-07-28T04:37:00.925+0000] {logging_mixin.py:190} INFO - [2026-07-28T04:37:00.924+0000] {dag.py:3211} INFO - Sync 1 DAGs
[2026-07-28T04:37:00.949+0000] {logging_mixin.py:190} INFO - [2026-07-28T04:37:00.949+0000] {dag.py:4138} INFO - Setting next_dagrun for flex_eau_pipeline to 2026-07-28 00:00:00+00:00, run_after=2026-07-29 00:00:00+00:00
[2026-07-28T04:37:00.974+0000] {processor.py:208} INFO - Processing /opt/airflow/dags/flex_eau_pipeline.py took 0.323 seconds
[2026-07-28T04:37:31.356+0000] {processor.py:186} INFO - Started process (PID=6593) to work on /opt/airflow/dags/flex_eau_pipeline.py
[2026-07-28T04:37:31.357+0000] {processor.py:914} INFO - Processing file /opt/airflow/dags/flex_eau_pipeline.py for tasks to queue
[2026-07-28T04:37:31.359+0000] {logging_mixin.py:190} INFO - [2026-07-28T04:37:31.359+0000] {dagbag.py:587} INFO - Filling up the DagBag from /opt/airflow/dags/flex_eau_pipeline.py
[2026-07-28T04:37:31.389+0000] {processor.py:925} INFO - DAG(s) 'flex_eau_pipeline' retrieved from /opt/airflow/dags/flex_eau_pipeline.py
[2026-07-28T04:37:31.427+0000] {logging_mixin.py:190} INFO - [2026-07-28T04:37:31.427+0000] {dag.py:3211} INFO - Sync 1 DAGs
[2026-07-28T04:37:31.454+0000] {logging_mixin.py:190} INFO - [2026-07-28T04:37:31.454+0000] {dag.py:4138} INFO - Setting next_dagrun for flex_eau_pipeline to 2026-07-28 00:00:00+00:00, run_after=2026-07-29 00:00:00+00:00
[2026-07-28T04:37:31.479+0000] {processor.py:208} INFO - Processing /opt/airflow/dags/flex_eau_pipeline.py took 0.130 seconds
[2026-07-28T04:38:01.947+0000] {processor.py:186} INFO - Started process (PID=6598) to work on /opt/airflow/dags/flex_eau_pipeline.py
[2026-07-28T04:38:01.948+0000] {processor.py:914} INFO - Processing file /opt/airflow/dags/flex_eau_pipeline.py for tasks to queue
[2026-07-28T04:38:01.951+0000] {logging_mixin.py:190} INFO - [2026-07-28T04:38:01.951+0000] {dagbag.py:587} INFO - Filling up the DagBag from /opt/airflow/dags/flex_eau_pipeline.py
[2026-07-28T04:38:01.979+0000] {processor.py:925} INFO - DAG(s) 'flex_eau_pipeline' retrieved from /opt/airflow/dags/flex_eau_pipeline.py
[2026-07-28T04:38:02.019+0000] {logging_mixin.py:190} INFO - [2026-07-28T04:38:02.019+0000] {dag.py:3211} INFO - Sync 1 DAGs
[2026-07-28T04:38:02.045+0000] {logging_mixin.py:190} INFO - [2026-07-28T04:38:02.045+0000] {dag.py:4138} INFO - Setting next_dagrun for flex_eau_pipeline to 2026-07-28 00:00:00+00:00, run_after=2026-07-29 00:00:00+00:00
[2026-07-28T04:38:02.227+0000] {processor.py:208} INFO - Processing /opt/airflow/dags/flex_eau_pipeline.py took 0.287 seconds
[2026-07-28T04:38:32.482+0000] {processor.py:186} INFO - Started process (PID=6603) to work on /opt/airflow/dags/flex_eau_pipeline.py
[2026-07-28T04:38:32.484+0000] {processor.py:914} INFO - Processing file /opt/airflow/dags/flex_eau_pipeline.py for tasks to queue
[2026-07-28T04:38:32.486+0000] {logging_mixin.py:190} INFO - [2026-07-28T04:38:32.486+0000] {dagbag.py:587} INFO - Filling up the DagBag from /opt/airflow/dags/flex_eau_pipeline.py
[2026-07-28T04:38:32.518+0000] {processor.py:925} INFO - DAG(s) 'flex_eau_pipeline' retrieved from /opt/airflow/dags/flex_eau_pipeline.py
[2026-07-28T04:38:32.561+0000] {logging_mixin.py:190} INFO - [2026-07-28T04:38:32.561+0000] {dag.py:3211} INFO - Sync 1 DAGs
[2026-07-28T04:38:32.756+0000] {logging_mixin.py:190} INFO - [2026-07-28T04:38:32.756+0000] {dag.py:4138} INFO - Setting next_dagrun for flex_eau_pipeline to 2026-07-28 00:00:00+00:00, run_after=2026-07-29 00:00:00+00:00
[2026-07-28T04:38:32.778+0000] {processor.py:208} INFO - Processing /opt/airflow/dags/flex_eau_pipeline.py took 0.303 seconds
[2026-07-28T04:39:03.219+0000] {processor.py:186} INFO - Started process (PID=6608) to work on /opt/airflow/dags/flex_eau_pipeline.py
[2026-07-28T04:39:03.220+0000] {processor.py:914} INFO - Processing file /opt/airflow/dags/flex_eau_pipeline.py for tasks to queue
[2026-07-28T04:39:03.222+0000] {logging_mixin.py:190} INFO - [2026-07-28T04:39:03.222+0000] {dagbag.py:587} INFO - Filling up the DagBag from /opt/airflow/dags/flex_eau_pipeline.py
[2026-07-28T04:39:03.251+0000] {processor.py:925} INFO - DAG(s) 'flex_eau_pipeline' retrieved from /opt/airflow/dags/flex_eau_pipeline.py
[2026-07-28T04:39:03.292+0000] {logging_mixin.py:190} INFO - [2026-07-28T04:39:03.292+0000] {dag.py:3211} INFO - Sync 1 DAGs
[2026-07-28T04:39:03.491+0000] {logging_mixin.py:190} INFO - [2026-07-28T04:39:03.490+0000] {dag.py:4138} INFO - Setting next_dagrun for flex_eau_pipeline to 2026-07-28 00:00:00+00:00, run_after=2026-07-29 00:00:00+00:00
[2026-07-28T04:39:03.513+0000] {processor.py:208} INFO - Processing /opt/airflow/dags/flex_eau_pipeline.py took 0.300 seconds
[2026-07-28T04:39:33.703+0000] {processor.py:186} INFO - Started process (PID=6613) to work on /opt/airflow/dags/flex_eau_pipeline.py
[2026-07-28T04:39:33.705+0000] {processor.py:914} INFO - Processing file /opt/airflow/dags/flex_eau_pipeline.py for tasks to queue
[2026-07-28T04:39:33.708+0000] {logging_mixin.py:190} INFO - [2026-07-28T04:39:33.708+0000] {dagbag.py:587} INFO - Filling up the DagBag from /opt/airflow/dags/flex_eau_pipeline.py
[2026-07-28T04:39:33.740+0000] {processor.py:925} INFO - DAG(s) 'flex_eau_pipeline' retrieved from /opt/airflow/dags/flex_eau_pipeline.py
[2026-07-28T04:39:33.961+0000] {logging_mixin.py:190} INFO - [2026-07-28T04:39:33.960+0000] {dag.py:3211} INFO - Sync 1 DAGs
[2026-07-28T04:39:33.985+0000] {logging_mixin.py:190} INFO - [2026-07-28T04:39:33.985+0000] {dag.py:4138} INFO - Setting next_dagrun for flex_eau_pipeline to 2026-07-28 00:00:00+00:00, run_after=2026-07-29 00:00:00+00:00
[2026-07-28T04:39:34.009+0000] {processor.py:208} INFO - Processing /opt/airflow/dags/flex_eau_pipeline.py took 0.314 seconds
[2026-07-28T04:40:04.426+0000] {processor.py:186} INFO - Started process (PID=6618) to work on /opt/airflow/dags/flex_eau_pipeline.py
[2026-07-28T04:40:04.428+0000] {processor.py:914} INFO - Processing file /opt/airflow/dags/flex_eau_pipeline.py for tasks to queue
[2026-07-28T04:40:04.430+0000] {logging_mixin.py:190} INFO - [2026-07-28T04:40:04.430+0000] {dagbag.py:587} INFO - Filling up the DagBag from /opt/airflow/dags/flex_eau_pipeline.py
[2026-07-28T04:40:04.458+0000] {processor.py:925} INFO - DAG(s) 'flex_eau_pipeline' retrieved from /opt/airflow/dags/flex_eau_pipeline.py
[2026-07-28T04:40:04.498+0000] {logging_mixin.py:190} INFO - [2026-07-28T04:40:04.498+0000] {dag.py:3211} INFO - Sync 1 DAGs
[2026-07-28T04:40:04.526+0000] {logging_mixin.py:190} INFO - [2026-07-28T04:40:04.525+0000] {dag.py:4138} INFO - Setting next_dagrun for flex_eau_pipeline to 2026-07-28 00:00:00+00:00, run_after=2026-07-29 00:00:00+00:00
[2026-07-28T04:40:04.551+0000] {processor.py:208} INFO - Processing /opt/airflow/dags/flex_eau_pipeline.py took 0.132 seconds
[2026-07-28T04:40:34.897+0000] {processor.py:186} INFO - Started process (PID=6623) to work on /opt/airflow/dags/flex_eau_pipeline.py
[2026-07-28T04:40:34.898+0000] {processor.py:914} INFO - Processing file /opt/airflow/dags/flex_eau_pipeline.py for tasks to queue
[2026-07-28T04:40:34.901+0000] {logging_mixin.py:190} INFO - [2026-07-28T04:40:34.901+0000] {dagbag.py:587} INFO - Filling up the DagBag from /opt/airflow/dags/flex_eau_pipeline.py
[2026-07-28T04:40:34.930+0000] {processor.py:925} INFO - DAG(s) 'flex_eau_pipeline' retrieved from /opt/airflow/dags/flex_eau_pipeline.py
[2026-07-28T04:40:34.970+0000] {logging_mixin.py:190} INFO - [2026-07-28T04:40:34.970+0000] {dag.py:3211} INFO - Sync 1 DAGs
[2026-07-28T04:40:35.000+0000] {logging_mixin.py:190} INFO - [2026-07-28T04:40:35.000+0000] {dag.py:4138} INFO - Setting next_dagrun for flex_eau_pipeline to 2026-07-28 00:00:00+00:00, run_after=2026-07-29 00:00:00+00:00
[2026-07-28T04:40:35.200+0000] {processor.py:208} INFO - Processing /opt/airflow/dags/flex_eau_pipeline.py took 0.311 seconds
[2026-07-28T04:41:05.447+0000] {processor.py:186} INFO - Started process (PID=6628) to work on /opt/airflow/dags/flex_eau_pipeline.py
[2026-07-28T04:41:05.449+0000] {processor.py:914} INFO - Processing file /opt/airflow/dags/flex_eau_pipeline.py for tasks to queue
[2026-07-28T04:41:05.452+0000] {logging_mixin.py:190} INFO - [2026-07-28T04:41:05.452+0000] {dagbag.py:587} INFO - Filling up the DagBag from /opt/airflow/dags/flex_eau_pipeline.py
[2026-07-28T04:41:05.485+0000] {processor.py:925} INFO - DAG(s) 'flex_eau_pipeline' retrieved from /opt/airflow/dags/flex_eau_pipeline.py
[2026-07-28T04:41:05.523+0000] {logging_mixin.py:190} INFO - [2026-07-28T04:41:05.522+0000] {dag.py:3211} INFO - Sync 1 DAGs
[2026-07-28T04:41:05.744+0000] {logging_mixin.py:190} INFO - [2026-07-28T04:41:05.743+0000] {dag.py:4138} INFO - Setting next_dagrun for flex_eau_pipeline to 2026-07-28 00:00:00+00:00, run_after=2026-07-29 00:00:00+00:00
[2026-07-28T04:41:05.766+0000] {processor.py:208} INFO - Processing /opt/airflow/dags/flex_eau_pipeline.py took 0.328 seconds
[2026-07-28T04:41:36.221+0000] {processor.py:186} INFO - Started process (PID=6633) to work on /opt/airflow/dags/flex_eau_pipeline.py
[2026-07-28T04:41:36.223+0000] {processor.py:914} INFO - Processing file /opt/airflow/dags/flex_eau_pipeline.py for tasks to queue
[2026-07-28T04:41:36.227+0000] {logging_mixin.py:190} INFO - [2026-07-28T04:41:36.226+0000] {dagbag.py:587} INFO - Filling up the DagBag from /opt/airflow/dags/flex_eau_pipeline.py
[2026-07-28T04:41:36.260+0000] {processor.py:925} INFO - DAG(s) 'flex_eau_pipeline' retrieved from /opt/airflow/dags/flex_eau_pipeline.py
[2026-07-28T04:41:36.503+0000] {logging_mixin.py:190} INFO - [2026-07-28T04:41:36.503+0000] {dag.py:3211} INFO - Sync 1 DAGs
[2026-07-28T04:41:36.537+0000] {logging_mixin.py:190} INFO - [2026-07-28T04:41:36.536+0000] {dag.py:4138} INFO - Setting next_dagrun for flex_eau_pipeline to 2026-07-28 00:00:00+00:00, run_after=2026-07-29 00:00:00+00:00
[2026-07-28T04:41:36.565+0000] {processor.py:208} INFO - Processing /opt/airflow/dags/flex_eau_pipeline.py took 0.352 seconds
[2026-07-28T04:42:06.723+0000] {processor.py:186} INFO - Started process (PID=6638) to work on /opt/airflow/dags/flex_eau_pipeline.py
[2026-07-28T04:42:06.725+0000] {processor.py:914} INFO - Processing file /opt/airflow/dags/flex_eau_pipeline.py for tasks to queue
[2026-07-28T04:42:06.729+0000] {logging_mixin.py:190} INFO - [2026-07-28T04:42:06.728+0000] {dagbag.py:587} INFO - Filling up the DagBag from /opt/airflow/dags/flex_eau_pipeline.py
[2026-07-28T04:42:06.759+0000] {processor.py:925} INFO - DAG(s) 'flex_eau_pipeline' retrieved from /opt/airflow/dags/flex_eau_pipeline.py
[2026-07-28T04:42:07.005+0000] {logging_mixin.py:190} INFO - [2026-07-28T04:42:07.005+0000] {dag.py:3211} INFO - Sync 1 DAGs
[2026-07-28T04:42:07.056+0000] {logging_mixin.py:190} INFO - [2026-07-28T04:42:07.056+0000] {dag.py:4138} INFO - Setting next_dagrun for flex_eau_pipeline to 2026-07-28 00:00:00+00:00, run_after=2026-07-29 00:00:00+00:00
[2026-07-28T04:42:07.083+0000] {processor.py:208} INFO - Processing /opt/airflow/dags/flex_eau_pipeline.py took 0.375 seconds
[2026-07-28T04:42:37.609+0000] {processor.py:186} INFO - Started process (PID=6643) to work on /opt/airflow/dags/flex_eau_pipeline.py
[2026-07-28T04:42:37.610+0000] {processor.py:914} INFO - Processing file /opt/airflow/dags/flex_eau_pipeline.py for tasks to queue
[2026-07-28T04:42:37.614+0000] {logging_mixin.py:190} INFO - [2026-07-28T04:42:37.613+0000] {dagbag.py:587} INFO - Filling up the DagBag from /opt/airflow/dags/flex_eau_pipeline.py
[2026-07-28T04:42:37.643+0000] {processor.py:925} INFO - DAG(s) 'flex_eau_pipeline' retrieved from /opt/airflow/dags/flex_eau_pipeline.py
[2026-07-28T04:42:37.681+0000] {logging_mixin.py:190} INFO - [2026-07-28T04:42:37.681+0000] {dag.py:3211} INFO - Sync 1 DAGs
[2026-07-28T04:42:37.706+0000] {logging_mixin.py:190} INFO - [2026-07-28T04:42:37.705+0000] {dag.py:4138} INFO - Setting next_dagrun for flex_eau_pipeline to 2026-07-28 00:00:00+00:00, run_after=2026-07-29 00:00:00+00:00
[2026-07-28T04:42:37.730+0000] {processor.py:208} INFO - Processing /opt/airflow/dags/flex_eau_pipeline.py took 0.130 seconds
[2026-07-28T04:43:08.158+0000] {processor.py:186} INFO - Started process (PID=6648) to work on /opt/airflow/dags/flex_eau_pipeline.py
[2026-07-28T04:43:08.160+0000] {processor.py:914} INFO - Processing file /opt/airflow/dags/flex_eau_pipeline.py for tasks to queue
[2026-07-28T04:43:08.163+0000] {logging_mixin.py:190} INFO - [2026-07-28T04:43:08.163+0000] {dagbag.py:587} INFO - Filling up the DagBag from /opt/airflow/dags/flex_eau_pipeline.py
[2026-07-28T04:43:08.201+0000] {processor.py:925} INFO - DAG(s) 'flex_eau_pipeline' retrieved from /opt/airflow/dags/flex_eau_pipeline.py
[2026-07-28T04:43:08.246+0000] {logging_mixin.py:190} INFO - [2026-07-28T04:43:08.246+0000] {dag.py:3211} INFO - Sync 1 DAGs
[2026-07-28T04:43:08.275+0000] {logging_mixin.py:190} INFO - [2026-07-28T04:43:08.274+0000] {dag.py:4138} INFO - Setting next_dagrun for flex_eau_pipeline to 2026-07-28 00:00:00+00:00, run_after=2026-07-29 00:00:00+00:00
[2026-07-28T04:43:08.298+0000] {processor.py:208} INFO - Processing /opt/airflow/dags/flex_eau_pipeline.py took 0.151 seconds
[2026-07-28T04:43:38.823+0000] {processor.py:186} INFO - Started process (PID=6653) to work on /opt/airflow/dags/flex_eau_pipeline.py
[2026-07-28T04:43:38.825+0000] {processor.py:914} INFO - Processing file /opt/airflow/dags/flex_eau_pipeline.py for tasks to queue
[2026-07-28T04:43:38.829+0000] {logging_mixin.py:190} INFO - [2026-07-28T04:43:38.829+0000] {dagbag.py:587} INFO - Filling up the DagBag from /opt/airflow/dags/flex_eau_pipeline.py
[2026-07-28T04:43:38.866+0000] {processor.py:925} INFO - DAG(s) 'flex_eau_pipeline' retrieved from /opt/airflow/dags/flex_eau_pipeline.py
[2026-07-28T04:43:38.910+0000] {logging_mixin.py:190} INFO - [2026-07-28T04:43:38.910+0000] {dag.py:3211} INFO - Sync 1 DAGs
[2026-07-28T04:43:38.937+0000] {logging_mixin.py:190} INFO - [2026-07-28T04:43:38.936+0000] {dag.py:4138} INFO - Setting next_dagrun for flex_eau_pipeline to 2026-07-28 00:00:00+00:00, run_after=2026-07-29 00:00:00+00:00
[2026-07-28T04:43:38.960+0000] {processor.py:208} INFO - Processing /opt/airflow/dags/flex_eau_pipeline.py took 0.146 seconds
[2026-07-28T04:44:09.205+0000] {processor.py:186} INFO - Started process (PID=6658) to work on /opt/airflow/dags/flex_eau_pipeline.py
[2026-07-28T04:44:09.206+0000] {processor.py:914} INFO - Processing file /opt/airflow/dags/flex_eau_pipeline.py for tasks to queue
[2026-07-28T04:44:09.210+0000] {logging_mixin.py:190} INFO - [2026-07-28T04:44:09.210+0000] {dagbag.py:587} INFO - Filling up the DagBag from /opt/airflow/dags/flex_eau_pipeline.py
[2026-07-28T04:44:09.241+0000] {processor.py:925} INFO - DAG(s) 'flex_eau_pipeline' retrieved from /opt/airflow/dags/flex_eau_pipeline.py
[2026-07-28T04:44:09.285+0000] {logging_mixin.py:190} INFO - [2026-07-28T04:44:09.284+0000] {dag.py:3211} INFO - Sync 1 DAGs
[2026-07-28T04:44:09.312+0000] {logging_mixin.py:190} INFO - [2026-07-28T04:44:09.311+0000] {dag.py:4138} INFO - Setting next_dagrun for flex_eau_pipeline to 2026-07-28 00:00:00+00:00, run_after=2026-07-29 00:00:00+00:00
[2026-07-28T04:44:09.334+0000] {processor.py:208} INFO - Processing /opt/airflow/dags/flex_eau_pipeline.py took 0.138 seconds
[2026-07-28T04:44:39.712+0000] {processor.py:186} INFO - Started process (PID=6663) to work on /opt/airflow/dags/flex_eau_pipeline.py
[2026-07-28T04:44:39.714+0000] {processor.py:914} INFO - Processing file /opt/airflow/dags/flex_eau_pipeline.py for tasks to queue
[2026-07-28T04:44:39.718+0000] {logging_mixin.py:190} INFO - [2026-07-28T04:44:39.717+0000] {dagbag.py:587} INFO - Filling up the DagBag from /opt/airflow/dags/flex_eau_pipeline.py
[2026-07-28T04:44:39.752+0000] {processor.py:925} INFO - DAG(s) 'flex_eau_pipeline' retrieved from /opt/airflow/dags/flex_eau_pipeline.py
[2026-07-28T04:44:39.803+0000] {logging_mixin.py:190} INFO - [2026-07-28T04:44:39.803+0000] {dag.py:3211} INFO - Sync 1 DAGs
[2026-07-28T04:44:39.830+0000] {logging_mixin.py:190} INFO - [2026-07-28T04:44:39.830+0000] {dag.py:4138} INFO - Setting next_dagrun for flex_eau_pipeline to 2026-07-28 00:00:00+00:00, run_after=2026-07-29 00:00:00+00:00
[2026-07-28T04:44:39.854+0000] {processor.py:208} INFO - Processing /opt/airflow/dags/flex_eau_pipeline.py took 0.151 seconds
[2026-07-28T04:45:10.300+0000] {processor.py:186} INFO - Started process (PID=6668) to work on /opt/airflow/dags/flex_eau_pipeline.py
[2026-07-28T04:45:10.301+0000] {processor.py:914} INFO - Processing file /opt/airflow/dags/flex_eau_pipeline.py for tasks to queue
[2026-07-28T04:45:10.305+0000] {logging_mixin.py:190} INFO - [2026-07-28T04:45:10.304+0000] {dagbag.py:587} INFO - Filling up the DagBag from /opt/airflow/dags/flex_eau_pipeline.py
[2026-07-28T04:45:10.334+0000] {processor.py:925} INFO - DAG(s) 'flex_eau_pipeline' retrieved from /opt/airflow/dags/flex_eau_pipeline.py
[2026-07-28T04:45:10.372+0000] {logging_mixin.py:190} INFO - [2026-07-28T04:45:10.372+0000] {dag.py:3211} INFO - Sync 1 DAGs
[2026-07-28T04:45:10.397+0000] {logging_mixin.py:190} INFO - [2026-07-28T04:45:10.397+0000] {dag.py:4138} INFO - Setting next_dagrun for flex_eau_pipeline to 2026-07-28 00:00:00+00:00, run_after=2026-07-29 00:00:00+00:00
[2026-07-28T04:45:10.420+0000] {processor.py:208} INFO - Processing /opt/airflow/dags/flex_eau_pipeline.py took 0.128 seconds
[2026-07-28T04:45:40.799+0000] {processor.py:186} INFO - Started process (PID=6673) to work on /opt/airflow/dags/flex_eau_pipeline.py
[2026-07-28T04:45:40.801+0000] {processor.py:914} INFO - Processing file /opt/airflow/dags/flex_eau_pipeline.py for tasks to queue
[2026-07-28T04:45:40.805+0000] {logging_mixin.py:190} INFO - [2026-07-28T04:45:40.805+0000] {dagbag.py:587} INFO - Filling up the DagBag from /opt/airflow/dags/flex_eau_pipeline.py
[2026-07-28T04:45:40.842+0000] {processor.py:925} INFO - DAG(s) 'flex_eau_pipeline' retrieved from /opt/airflow/dags/flex_eau_pipeline.py
[2026-07-28T04:45:40.894+0000] {logging_mixin.py:190} INFO - [2026-07-28T04:45:40.894+0000] {dag.py:3211} INFO - Sync 1 DAGs
[2026-07-28T04:45:40.930+0000] {logging_mixin.py:190} INFO - [2026-07-28T04:45:40.930+0000] {dag.py:4138} INFO - Setting next_dagrun for flex_eau_pipeline to 2026-07-28 00:00:00+00:00, run_after=2026-07-29 00:00:00+00:00
[2026-07-28T04:45:40.958+0000] {processor.py:208} INFO - Processing /opt/airflow/dags/flex_eau_pipeline.py took 0.168 seconds
[2026-07-28T04:46:11.379+0000] {processor.py:186} INFO - Started process (PID=6678) to work on /opt/airflow/dags/flex_eau_pipeline.py
[2026-07-28T04:46:11.381+0000] {processor.py:914} INFO - Processing file /opt/airflow/dags/flex_eau_pipeline.py for tasks to queue
[2026-07-28T04:46:11.385+0000] {logging_mixin.py:190} INFO - [2026-07-28T04:46:11.384+0000] {dagbag.py:587} INFO - Filling up the DagBag from /opt/airflow/dags/flex_eau_pipeline.py
[2026-07-28T04:46:11.416+0000] {processor.py:925} INFO - DAG(s) 'flex_eau_pipeline' retrieved from /opt/airflow/dags/flex_eau_pipeline.py
[2026-07-28T04:46:11.456+0000] {logging_mixin.py:190} INFO - [2026-07-28T04:46:11.456+0000] {dag.py:3211} INFO - Sync 1 DAGs
[2026-07-28T04:46:11.481+0000] {logging_mixin.py:190} INFO - [2026-07-28T04:46:11.481+0000] {dag.py:4138} INFO - Setting next_dagrun for flex_eau_pipeline to 2026-07-28 00:00:00+00:00, run_after=2026-07-29 00:00:00+00:00
[2026-07-28T04:46:11.504+0000] {processor.py:208} INFO - Processing /opt/airflow/dags/flex_eau_pipeline.py took 0.134 seconds
[2026-07-28T04:46:41.983+0000] {processor.py:186} INFO - Started process (PID=6683) to work on /opt/airflow/dags/flex_eau_pipeline.py
[2026-07-28T04:46:41.985+0000] {processor.py:914} INFO - Processing file /opt/airflow/dags/flex_eau_pipeline.py for tasks to queue
[2026-07-28T04:46:41.988+0000] {logging_mixin.py:190} INFO - [2026-07-28T04:46:41.988+0000] {dagbag.py:587} INFO - Filling up the DagBag from /opt/airflow/dags/flex_eau_pipeline.py
[2026-07-28T04:46:42.022+0000] {processor.py:925} INFO - DAG(s) 'flex_eau_pipeline' retrieved from /opt/airflow/dags/flex_eau_pipeline.py
[2026-07-28T04:46:42.064+0000] {logging_mixin.py:190} INFO - [2026-07-28T04:46:42.064+0000] {dag.py:3211} INFO - Sync 1 DAGs
[2026-07-28T04:46:42.091+0000] {logging_mixin.py:190} INFO - [2026-07-28T04:46:42.090+0000] {dag.py:4138} INFO - Setting next_dagrun for flex_eau_pipeline to 2026-07-28 00:00:00+00:00, run_after=2026-07-29 00:00:00+00:00
[2026-07-28T04:46:42.116+0000] {processor.py:208} INFO - Processing /opt/airflow/dags/flex_eau_pipeline.py took 0.142 seconds
[2026-07-28T04:47:12.535+0000] {processor.py:186} INFO - Started process (PID=6688) to work on /opt/airflow/dags/flex_eau_pipeline.py
[2026-07-28T04:47:12.537+0000] {processor.py:914} INFO - Processing file /opt/airflow/dags/flex_eau_pipeline.py for tasks to queue
[2026-07-28T04:47:12.540+0000] {logging_mixin.py:190} INFO - [2026-07-28T04:47:12.540+0000] {dagbag.py:587} INFO - Filling up the DagBag from /opt/airflow/dags/flex_eau_pipeline.py
[2026-07-28T04:47:12.574+0000] {processor.py:925} INFO - DAG(s) 'flex_eau_pipeline' retrieved from /opt/airflow/dags/flex_eau_pipeline.py
[2026-07-28T04:47:12.612+0000] {logging_mixin.py:190} INFO - [2026-07-28T04:47:12.612+0000] {dag.py:3211} INFO - Sync 1 DAGs
[2026-07-28T04:47:12.636+0000] {logging_mixin.py:190} INFO - [2026-07-28T04:47:12.636+0000] {dag.py:4138} INFO - Setting next_dagrun for flex_eau_pipeline to 2026-07-28 00:00:00+00:00, run_after=2026-07-29 00:00:00+00:00
[2026-07-28T04:47:12.658+0000] {processor.py:208} INFO - Processing /opt/airflow/dags/flex_eau_pipeline.py took 0.131 seconds
[2026-07-28T04:47:43.119+0000] {processor.py:186} INFO - Started process (PID=6693) to work on /opt/airflow/dags/flex_eau_pipeline.py
[2026-07-28T04:47:43.120+0000] {processor.py:914} INFO - Processing file /opt/airflow/dags/flex_eau_pipeline.py for tasks to queue
[2026-07-28T04:47:43.123+0000] {logging_mixin.py:190} INFO - [2026-07-28T04:47:43.122+0000] {dagbag.py:587} INFO - Filling up the DagBag from /opt/airflow/dags/flex_eau_pipeline.py
[2026-07-28T04:47:43.151+0000] {processor.py:925} INFO - DAG(s) 'flex_eau_pipeline' retrieved from /opt/airflow/dags/flex_eau_pipeline.py
[2026-07-28T04:47:43.188+0000] {logging_mixin.py:190} INFO - [2026-07-28T04:47:43.188+0000] {dag.py:3211} INFO - Sync 1 DAGs
[2026-07-28T04:47:43.213+0000] {logging_mixin.py:190} INFO - [2026-07-28T04:47:43.213+0000] {dag.py:4138} INFO - Setting next_dagrun for flex_eau_pipeline to 2026-07-28 00:00:00+00:00, run_after=2026-07-29 00:00:00+00:00
[2026-07-28T04:47:43.236+0000] {processor.py:208} INFO - Processing /opt/airflow/dags/flex_eau_pipeline.py took 0.123 seconds
[2026-07-28T04:48:13.482+0000] {processor.py:186} INFO - Started process (PID=6698) to work on /opt/airflow/dags/flex_eau_pipeline.py
[2026-07-28T04:48:13.483+0000] {processor.py:914} INFO - Processing file /opt/airflow/dags/flex_eau_pipeline.py for tasks to queue
[2026-07-28T04:48:13.486+0000] {logging_mixin.py:190} INFO - [2026-07-28T04:48:13.486+0000] {dagbag.py:587} INFO - Filling up the DagBag from /opt/airflow/dags/flex_eau_pipeline.py
[2026-07-28T04:48:13.517+0000] {processor.py:925} INFO - DAG(s) 'flex_eau_pipeline' retrieved from /opt/airflow/dags/flex_eau_pipeline.py
[2026-07-28T04:48:13.565+0000] {logging_mixin.py:190} INFO - [2026-07-28T04:48:13.565+0000] {dag.py:3211} INFO - Sync 1 DAGs
[2026-07-28T04:48:13.598+0000] {logging_mixin.py:190} INFO - [2026-07-28T04:48:13.597+0000] {dag.py:4138} INFO - Setting next_dagrun for flex_eau_pipeline to 2026-07-28 00:00:00+00:00, run_after=2026-07-29 00:00:00+00:00
[2026-07-28T04:48:13.625+0000] {processor.py:208} INFO - Processing /opt/airflow/dags/flex_eau_pipeline.py took 0.154 seconds
[2026-07-28T04:48:43.971+0000] {processor.py:186} INFO - Started process (PID=6703) to work on /opt/airflow/dags/flex_eau_pipeline.py
[2026-07-28T04:48:43.973+0000] {processor.py:914} INFO - Processing file /opt/airflow/dags/flex_eau_pipeline.py for tasks to queue
[2026-07-28T04:48:43.976+0000] {logging_mixin.py:190} INFO - [2026-07-28T04:48:43.975+0000] {dagbag.py:587} INFO - Filling up the DagBag from /opt/airflow/dags/flex_eau_pipeline.py
[2026-07-28T04:48:44.001+0000] {processor.py:925} INFO - DAG(s) 'flex_eau_pipeline' retrieved from /opt/airflow/dags/flex_eau_pipeline.py
[2026-07-28T04:48:44.044+0000] {logging_mixin.py:190} INFO - [2026-07-28T04:48:44.044+0000] {dag.py:3211} INFO - Sync 1 DAGs
[2026-07-28T04:48:44.071+0000] {logging_mixin.py:190} INFO - [2026-07-28T04:48:44.071+0000] {dag.py:4138} INFO - Setting next_dagrun for flex_eau_pipeline to 2026-07-28 00:00:00+00:00, run_after=2026-07-29 00:00:00+00:00
[2026-07-28T04:48:44.093+0000] {processor.py:208} INFO - Processing /opt/airflow/dags/flex_eau_pipeline.py took 0.132 seconds
[2026-07-28T04:49:14.327+0000] {processor.py:186} INFO - Started process (PID=6708) to work on /opt/airflow/dags/flex_eau_pipeline.py
[2026-07-28T04:49:14.329+0000] {processor.py:914} INFO - Processing file /opt/airflow/dags/flex_eau_pipeline.py for tasks to queue
[2026-07-28T04:49:14.332+0000] {logging_mixin.py:190} INFO - [2026-07-28T04:49:14.331+0000] {dagbag.py:587} INFO - Filling up the DagBag from /opt/airflow/dags/flex_eau_pipeline.py
[2026-07-28T04:49:14.360+0000] {processor.py:925} INFO - DAG(s) 'flex_eau_pipeline' retrieved from /opt/airflow/dags/flex_eau_pipeline.py
[2026-07-28T04:49:14.406+0000] {logging_mixin.py:190} INFO - [2026-07-28T04:49:14.405+0000] {dag.py:3211} INFO - Sync 1 DAGs
[2026-07-28T04:49:14.434+0000] {logging_mixin.py:190} INFO - [2026-07-28T04:49:14.433+0000] {dag.py:4138} INFO - Setting next_dagrun for flex_eau_pipeline to 2026-07-28 00:00:00+00:00, run_after=2026-07-29 00:00:00+00:00
[2026-07-28T04:49:14.455+0000] {processor.py:208} INFO - Processing /opt/airflow/dags/flex_eau_pipeline.py took 0.136 seconds
[2026-07-28T04:49:44.781+0000] {processor.py:186} INFO - Started process (PID=6713) to work on /opt/airflow/dags/flex_eau_pipeline.py
[2026-07-28T04:49:44.783+0000] {processor.py:914} INFO - Processing file /opt/airflow/dags/flex_eau_pipeline.py for tasks to queue
[2026-07-28T04:49:44.785+0000] {logging_mixin.py:190} INFO - [2026-07-28T04:49:44.785+0000] {dagbag.py:587} INFO - Filling up the DagBag from /opt/airflow/dags/flex_eau_pipeline.py
[2026-07-28T04:49:44.813+0000] {processor.py:925} INFO - DAG(s) 'flex_eau_pipeline' retrieved from /opt/airflow/dags/flex_eau_pipeline.py
[2026-07-28T04:49:44.855+0000] {logging_mixin.py:190} INFO - [2026-07-28T04:49:44.855+0000] {dag.py:3211} INFO - Sync 1 DAGs
[2026-07-28T04:49:44.885+0000] {logging_mixin.py:190} INFO - [2026-07-28T04:49:44.884+0000] {dag.py:4138} INFO - Setting next_dagrun for flex_eau_pipeline to 2026-07-28 00:00:00+00:00, run_after=2026-07-29 00:00:00+00:00
[2026-07-28T04:49:44.919+0000] {processor.py:208} INFO - Processing /opt/airflow/dags/flex_eau_pipeline.py took 0.144 seconds
[2026-07-28T04:50:15.172+0000] {processor.py:186} INFO - Started process (PID=6718) to work on /opt/airflow/dags/flex_eau_pipeline.py
[2026-07-28T04:50:15.173+0000] {processor.py:914} INFO - Processing file /opt/airflow/dags/flex_eau_pipeline.py for tasks to queue
[2026-07-28T04:50:15.176+0000] {logging_mixin.py:190} INFO - [2026-07-28T04:50:15.176+0000] {dagbag.py:587} INFO - Filling up the DagBag from /opt/airflow/dags/flex_eau_pipeline.py
[2026-07-28T04:50:15.210+0000] {processor.py:925} INFO - DAG(s) 'flex_eau_pipeline' retrieved from /opt/airflow/dags/flex_eau_pipeline.py
[2026-07-28T04:50:15.260+0000] {logging_mixin.py:190} INFO - [2026-07-28T04:50:15.260+0000] {dag.py:3211} INFO - Sync 1 DAGs
[2026-07-28T04:50:15.292+0000] {logging_mixin.py:190} INFO - [2026-07-28T04:50:15.292+0000] {dag.py:4138} INFO - Setting next_dagrun for flex_eau_pipeline to 2026-07-28 00:00:00+00:00, run_after=2026-07-29 00:00:00+00:00
[2026-07-28T04:50:15.318+0000] {processor.py:208} INFO - Processing /opt/airflow/dags/flex_eau_pipeline.py took 0.156 seconds
[2026-07-28T04:50:45.821+0000] {processor.py:186} INFO - Started process (PID=6723) to work on /opt/airflow/dags/flex_eau_pipeline.py
[2026-07-28T04:50:45.822+0000] {processor.py:914} INFO - Processing file /opt/airflow/dags/flex_eau_pipeline.py for tasks to queue
[2026-07-28T04:50:45.824+0000] {logging_mixin.py:190} INFO - [2026-07-28T04:50:45.824+0000] {dagbag.py:587} INFO - Filling up the DagBag from /opt/airflow/dags/flex_eau_pipeline.py
[2026-07-28T04:50:45.853+0000] {processor.py:925} INFO - DAG(s) 'flex_eau_pipeline' retrieved from /opt/airflow/dags/flex_eau_pipeline.py
[2026-07-28T04:50:45.892+0000] {logging_mixin.py:190} INFO - [2026-07-28T04:50:45.892+0000] {dag.py:3211} INFO - Sync 1 DAGs
[2026-07-28T04:50:45.918+0000] {logging_mixin.py:190} INFO - [2026-07-28T04:50:45.918+0000] {dag.py:4138} INFO - Setting next_dagrun for flex_eau_pipeline to 2026-07-28 00:00:00+00:00, run_after=2026-07-29 00:00:00+00:00
[2026-07-28T04:50:45.943+0000] {processor.py:208} INFO - Processing /opt/airflow/dags/flex_eau_pipeline.py took 0.129 seconds
[2026-07-28T04:51:16.340+0000] {processor.py:186} INFO - Started process (PID=6728) to work on /opt/airflow/dags/flex_eau_pipeline.py
[2026-07-28T04:51:16.341+0000] {processor.py:914} INFO - Processing file /opt/airflow/dags/flex_eau_pipeline.py for tasks to queue
[2026-07-28T04:51:16.344+0000] {logging_mixin.py:190} INFO - [2026-07-28T04:51:16.344+0000] {dagbag.py:587} INFO - Filling up the DagBag from /opt/airflow/dags/flex_eau_pipeline.py
[2026-07-28T04:51:16.372+0000] {processor.py:925} INFO - DAG(s) 'flex_eau_pipeline' retrieved from /opt/airflow/dags/flex_eau_pipeline.py
[2026-07-28T04:51:16.413+0000] {logging_mixin.py:190} INFO - [2026-07-28T04:51:16.413+0000] {dag.py:3211} INFO - Sync 1 DAGs
[2026-07-28T04:51:16.437+0000] {logging_mixin.py:190} INFO - [2026-07-28T04:51:16.437+0000] {dag.py:4138} INFO - Setting next_dagrun for flex_eau_pipeline to 2026-07-28 00:00:00+00:00, run_after=2026-07-29 00:00:00+00:00
[2026-07-28T04:51:16.462+0000] {processor.py:208} INFO - Processing /opt/airflow/dags/flex_eau_pipeline.py took 0.129 seconds
[2026-07-28T04:51:46.841+0000] {processor.py:186} INFO - Started process (PID=6733) to work on /opt/airflow/dags/flex_eau_pipeline.py
[2026-07-28T04:51:46.842+0000] {processor.py:914} INFO - Processing file /opt/airflow/dags/flex_eau_pipeline.py for tasks to queue
[2026-07-28T04:51:46.845+0000] {logging_mixin.py:190} INFO - [2026-07-28T04:51:46.844+0000] {dagbag.py:587} INFO - Filling up the DagBag from /opt/airflow/dags/flex_eau_pipeline.py
[2026-07-28T04:51:46.877+0000] {processor.py:925} INFO - DAG(s) 'flex_eau_pipeline' retrieved from /opt/airflow/dags/flex_eau_pipeline.py
[2026-07-28T04:51:46.928+0000] {logging_mixin.py:190} INFO - [2026-07-28T04:51:46.928+0000] {dag.py:3211} INFO - Sync 1 DAGs
[2026-07-28T04:51:46.957+0000] {logging_mixin.py:190} INFO - [2026-07-28T04:51:46.957+0000] {dag.py:4138} INFO - Setting next_dagrun for flex_eau_pipeline to 2026-07-28 00:00:00+00:00, run_after=2026-07-29 00:00:00+00:00
[2026-07-28T04:51:46.984+0000] {processor.py:208} INFO - Processing /opt/airflow/dags/flex_eau_pipeline.py took 0.151 seconds
[2026-07-28T04:52:17.462+0000] {processor.py:186} INFO - Started process (PID=6738) to work on /opt/airflow/dags/flex_eau_pipeline.py
[2026-07-28T04:52:17.464+0000] {processor.py:914} INFO - Processing file /opt/airflow/dags/flex_eau_pipeline.py for tasks to queue
[2026-07-28T04:52:17.467+0000] {logging_mixin.py:190} INFO - [2026-07-28T04:52:17.467+0000] {dagbag.py:587} INFO - Filling up the DagBag from /opt/airflow/dags/flex_eau_pipeline.py
[2026-07-28T04:52:17.496+0000] {processor.py:925} INFO - DAG(s) 'flex_eau_pipeline' retrieved from /opt/airflow/dags/flex_eau_pipeline.py
[2026-07-28T04:52:17.536+0000] {logging_mixin.py:190} INFO - [2026-07-28T04:52:17.536+0000] {dag.py:3211} INFO - Sync 1 DAGs
[2026-07-28T04:52:17.564+0000] {logging_mixin.py:190} INFO - [2026-07-28T04:52:17.563+0000] {dag.py:4138} INFO - Setting next_dagrun for flex_eau_pipeline to 2026-07-28 00:00:00+00:00, run_after=2026-07-29 00:00:00+00:00
[2026-07-28T04:52:17.592+0000] {processor.py:208} INFO - Processing /opt/airflow/dags/flex_eau_pipeline.py took 0.136 seconds
[2026-07-28T04:52:47.951+0000] {processor.py:186} INFO - Started process (PID=6743) to work on /opt/airflow/dags/flex_eau_pipeline.py
[2026-07-28T04:52:47.952+0000] {processor.py:914} INFO - Processing file /opt/airflow/dags/flex_eau_pipeline.py for tasks to queue
[2026-07-28T04:52:47.955+0000] {logging_mixin.py:190} INFO - [2026-07-28T04:52:47.955+0000] {dagbag.py:587} INFO - Filling up the DagBag from /opt/airflow/dags/flex_eau_pipeline.py
[2026-07-28T04:52:47.984+0000] {processor.py:925} INFO - DAG(s) 'flex_eau_pipeline' retrieved from /opt/airflow/dags/flex_eau_pipeline.py
[2026-07-28T04:52:48.028+0000] {logging_mixin.py:190} INFO - [2026-07-28T04:52:48.028+0000] {dag.py:3211} INFO - Sync 1 DAGs
[2026-07-28T04:52:48.056+0000] {logging_mixin.py:190} INFO - [2026-07-28T04:52:48.055+0000] {dag.py:4138} INFO - Setting next_dagrun for flex_eau_pipeline to 2026-07-28 00:00:00+00:00, run_after=2026-07-29 00:00:00+00:00
[2026-07-28T04:52:48.079+0000] {processor.py:208} INFO - Processing /opt/airflow/dags/flex_eau_pipeline.py took 0.137 seconds
[2026-07-28T04:53:18.623+0000] {processor.py:186} INFO - Started process (PID=6748) to work on /opt/airflow/dags/flex_eau_pipeline.py
[2026-07-28T04:53:18.624+0000] {processor.py:914} INFO - Processing file /opt/airflow/dags/flex_eau_pipeline.py for tasks to queue
[2026-07-28T04:53:18.627+0000] {logging_mixin.py:190} INFO - [2026-07-28T04:53:18.627+0000] {dagbag.py:587} INFO - Filling up the DagBag from /opt/airflow/dags/flex_eau_pipeline.py
[2026-07-28T04:53:18.657+0000] {processor.py:925} INFO - DAG(s) 'flex_eau_pipeline' retrieved from /opt/airflow/dags/flex_eau_pipeline.py
[2026-07-28T04:53:18.696+0000] {logging_mixin.py:190} INFO - [2026-07-28T04:53:18.696+0000] {dag.py:3211} INFO - Sync 1 DAGs
[2026-07-28T04:53:18.722+0000] {logging_mixin.py:190} INFO - [2026-07-28T04:53:18.722+0000] {dag.py:4138} INFO - Setting next_dagrun for flex_eau_pipeline to 2026-07-28 00:00:00+00:00, run_after=2026-07-29 00:00:00+00:00
[2026-07-28T04:53:18.747+0000] {processor.py:208} INFO - Processing /opt/airflow/dags/flex_eau_pipeline.py took 0.133 seconds
[2026-07-28T04:53:49.148+0000] {processor.py:186} INFO - Started process (PID=6753) to work on /opt/airflow/dags/flex_eau_pipeline.py
[2026-07-28T04:53:49.149+0000] {processor.py:914} INFO - Processing file /opt/airflow/dags/flex_eau_pipeline.py for tasks to queue
[2026-07-28T04:53:49.152+0000] {logging_mixin.py:190} INFO - [2026-07-28T04:53:49.152+0000] {dagbag.py:587} INFO - Filling up the DagBag from /opt/airflow/dags/flex_eau_pipeline.py
[2026-07-28T04:53:49.184+0000] {processor.py:925} INFO - DAG(s) 'flex_eau_pipeline' retrieved from /opt/airflow/dags/flex_eau_pipeline.py
[2026-07-28T04:53:49.228+0000] {logging_mixin.py:190} INFO - [2026-07-28T04:53:49.228+0000] {dag.py:3211} INFO - Sync 1 DAGs
[2026-07-28T04:53:49.257+0000] {logging_mixin.py:190} INFO - [2026-07-28T04:53:49.257+0000] {dag.py:4138} INFO - Setting next_dagrun for flex_eau_pipeline to 2026-07-28 00:00:00+00:00, run_after=2026-07-29 00:00:00+00:00
[2026-07-28T04:53:49.283+0000] {processor.py:208} INFO - Processing /opt/airflow/dags/flex_eau_pipeline.py took 0.147 seconds
[2026-07-28T04:54:19.648+0000] {processor.py:186} INFO - Started process (PID=6758) to work on /opt/airflow/dags/flex_eau_pipeline.py
[2026-07-28T04:54:19.649+0000] {processor.py:914} INFO - Processing file /opt/airflow/dags/flex_eau_pipeline.py for tasks to queue
[2026-07-28T04:54:19.652+0000] {logging_mixin.py:190} INFO - [2026-07-28T04:54:19.651+0000] {dagbag.py:587} INFO - Filling up the DagBag from /opt/airflow/dags/flex_eau_pipeline.py
[2026-07-28T04:54:19.686+0000] {processor.py:925} INFO - DAG(s) 'flex_eau_pipeline' retrieved from /opt/airflow/dags/flex_eau_pipeline.py
[2026-07-28T04:54:19.728+0000] {logging_mixin.py:190} INFO - [2026-07-28T04:54:19.728+0000] {dag.py:3211} INFO - Sync 1 DAGs
[2026-07-28T04:54:19.756+0000] {logging_mixin.py:190} INFO - [2026-07-28T04:54:19.755+0000] {dag.py:4138} INFO - Setting next_dagrun for flex_eau_pipeline to 2026-07-28 00:00:00+00:00, run_after=2026-07-29 00:00:00+00:00
[2026-07-28T04:54:19.782+0000] {processor.py:208} INFO - Processing /opt/airflow/dags/flex_eau_pipeline.py took 0.143 seconds
[2026-07-28T04:54:50.112+0000] {processor.py:186} INFO - Started process (PID=6763) to work on /opt/airflow/dags/flex_eau_pipeline.py
[2026-07-28T04:54:50.114+0000] {processor.py:914} INFO - Processing file /opt/airflow/dags/flex_eau_pipeline.py for tasks to queue
[2026-07-28T04:54:50.116+0000] {logging_mixin.py:190} INFO - [2026-07-28T04:54:50.116+0000] {dagbag.py:587} INFO - Filling up the DagBag from /opt/airflow/dags/flex_eau_pipeline.py
[2026-07-28T04:54:50.146+0000] {processor.py:925} INFO - DAG(s) 'flex_eau_pipeline' retrieved from /opt/airflow/dags/flex_eau_pipeline.py
[2026-07-28T04:54:50.188+0000] {logging_mixin.py:190} INFO - [2026-07-28T04:54:50.188+0000] {dag.py:3211} INFO - Sync 1 DAGs
[2026-07-28T04:54:50.215+0000] {logging_mixin.py:190} INFO - [2026-07-28T04:54:50.215+0000] {dag.py:4138} INFO - Setting next_dagrun for flex_eau_pipeline to 2026-07-28 00:00:00+00:00, run_after=2026-07-29 00:00:00+00:00
[2026-07-28T04:54:50.238+0000] {processor.py:208} INFO - Processing /opt/airflow/dags/flex_eau_pipeline.py took 0.133 seconds
[2026-07-28T04:55:20.715+0000] {processor.py:186} INFO - Started process (PID=6768) to work on /opt/airflow/dags/flex_eau_pipeline.py
[2026-07-28T04:55:20.716+0000] {processor.py:914} INFO - Processing file /opt/airflow/dags/flex_eau_pipeline.py for tasks to queue
[2026-07-28T04:55:20.718+0000] {logging_mixin.py:190} INFO - [2026-07-28T04:55:20.718+0000] {dagbag.py:587} INFO - Filling up the DagBag from /opt/airflow/dags/flex_eau_pipeline.py
[2026-07-28T04:55:20.745+0000] {processor.py:925} INFO - DAG(s) 'flex_eau_pipeline' retrieved from /opt/airflow/dags/flex_eau_pipeline.py
[2026-07-28T04:55:20.783+0000] {logging_mixin.py:190} INFO - [2026-07-28T04:55:20.783+0000] {dag.py:3211} INFO - Sync 1 DAGs
[2026-07-28T04:55:20.808+0000] {logging_mixin.py:190} INFO - [2026-07-28T04:55:20.808+0000] {dag.py:4138} INFO - Setting next_dagrun for flex_eau_pipeline to 2026-07-28 00:00:00+00:00, run_after=2026-07-29 00:00:00+00:00
[2026-07-28T04:55:20.834+0000] {processor.py:208} INFO - Processing /opt/airflow/dags/flex_eau_pipeline.py took 0.126 seconds
[2026-07-28T04:55:51.214+0000] {processor.py:186} INFO - Started process (PID=6773) to work on /opt/airflow/dags/flex_eau_pipeline.py
[2026-07-28T04:55:51.215+0000] {processor.py:914} INFO - Processing file /opt/airflow/dags/flex_eau_pipeline.py for tasks to queue
[2026-07-28T04:55:51.218+0000] {logging_mixin.py:190} INFO - [2026-07-28T04:55:51.218+0000] {dagbag.py:587} INFO - Filling up the DagBag from /opt/airflow/dags/flex_eau_pipeline.py
[2026-07-28T04:55:51.252+0000] {processor.py:925} INFO - DAG(s) 'flex_eau_pipeline' retrieved from /opt/airflow/dags/flex_eau_pipeline.py
[2026-07-28T04:55:51.294+0000] {logging_mixin.py:190} INFO - [2026-07-28T04:55:51.294+0000] {dag.py:3211} INFO - Sync 1 DAGs
[2026-07-28T04:55:51.321+0000] {logging_mixin.py:190} INFO - [2026-07-28T04:55:51.321+0000] {dag.py:4138} INFO - Setting next_dagrun for flex_eau_pipeline to 2026-07-28 00:00:00+00:00, run_after=2026-07-29 00:00:00+00:00
[2026-07-28T04:55:51.344+0000] {processor.py:208} INFO - Processing /opt/airflow/dags/flex_eau_pipeline.py took 0.139 seconds
[2026-07-28T04:56:21.774+0000] {processor.py:186} INFO - Started process (PID=6778) to work on /opt/airflow/dags/flex_eau_pipeline.py
[2026-07-28T04:56:21.775+0000] {processor.py:914} INFO - Processing file /opt/airflow/dags/flex_eau_pipeline.py for tasks to queue
[2026-07-28T04:56:21.778+0000] {logging_mixin.py:190} INFO - [2026-07-28T04:56:21.777+0000] {dagbag.py:587} INFO - Filling up the DagBag from /opt/airflow/dags/flex_eau_pipeline.py
[2026-07-28T04:56:21.809+0000] {processor.py:925} INFO - DAG(s) 'flex_eau_pipeline' retrieved from /opt/airflow/dags/flex_eau_pipeline.py
[2026-07-28T04:56:21.852+0000] {logging_mixin.py:190} INFO - [2026-07-28T04:56:21.852+0000] {dag.py:3211} INFO - Sync 1 DAGs
[2026-07-28T04:56:21.885+0000] {logging_mixin.py:190} INFO - [2026-07-28T04:56:21.884+0000] {dag.py:4138} INFO - Setting next_dagrun for flex_eau_pipeline to 2026-07-28 00:00:00+00:00, run_after=2026-07-29 00:00:00+00:00
[2026-07-28T04:56:21.912+0000] {processor.py:208} INFO - Processing /opt/airflow/dags/flex_eau_pipeline.py took 0.147 seconds
[2026-07-28T04:56:52.295+0000] {processor.py:186} INFO - Started process (PID=6783) to work on /opt/airflow/dags/flex_eau_pipeline.py
[2026-07-28T04:56:52.296+0000] {processor.py:914} INFO - Processing file /opt/airflow/dags/flex_eau_pipeline.py for tasks to queue
[2026-07-28T04:56:52.299+0000] {logging_mixin.py:190} INFO - [2026-07-28T04:56:52.299+0000] {dagbag.py:587} INFO - Filling up the DagBag from /opt/airflow/dags/flex_eau_pipeline.py
[2026-07-28T04:56:52.331+0000] {processor.py:925} INFO - DAG(s) 'flex_eau_pipeline' retrieved from /opt/airflow/dags/flex_eau_pipeline.py
[2026-07-28T04:56:52.374+0000] {logging_mixin.py:190} INFO - [2026-07-28T04:56:52.374+0000] {dag.py:3211} INFO - Sync 1 DAGs
[2026-07-28T04:56:52.403+0000] {logging_mixin.py:190} INFO - [2026-07-28T04:56:52.403+0000] {dag.py:4138} INFO - Setting next_dagrun for flex_eau_pipeline to 2026-07-28 00:00:00+00:00, run_after=2026-07-29 00:00:00+00:00
[2026-07-28T04:56:52.431+0000] {processor.py:208} INFO - Processing /opt/airflow/dags/flex_eau_pipeline.py took 0.145 seconds
[2026-07-28T04:57:22.810+0000] {processor.py:186} INFO - Started process (PID=6788) to work on /opt/airflow/dags/flex_eau_pipeline.py
[2026-07-28T04:57:22.811+0000] {processor.py:914} INFO - Processing file /opt/airflow/dags/flex_eau_pipeline.py for tasks to queue
[2026-07-28T04:57:22.814+0000] {logging_mixin.py:190} INFO - [2026-07-28T04:57:22.813+0000] {dagbag.py:587} INFO - Filling up the DagBag from /opt/airflow/dags/flex_eau_pipeline.py
[2026-07-28T04:57:22.843+0000] {processor.py:925} INFO - DAG(s) 'flex_eau_pipeline' retrieved from /opt/airflow/dags/flex_eau_pipeline.py
[2026-07-28T04:57:22.882+0000] {logging_mixin.py:190} INFO - [2026-07-28T04:57:22.882+0000] {dag.py:3211} INFO - Sync 1 DAGs
[2026-07-28T04:57:22.908+0000] {logging_mixin.py:190} INFO - [2026-07-28T04:57:22.907+0000] {dag.py:4138} INFO - Setting next_dagrun for flex_eau_pipeline to 2026-07-28 00:00:00+00:00, run_after=2026-07-29 00:00:00+00:00
[2026-07-28T04:57:22.932+0000] {processor.py:208} INFO - Processing /opt/airflow/dags/flex_eau_pipeline.py took 0.130 seconds
[2026-07-28T04:57:53.355+0000] {processor.py:186} INFO - Started process (PID=6793) to work on /opt/airflow/dags/flex_eau_pipeline.py
[2026-07-28T04:57:53.357+0000] {processor.py:914} INFO - Processing file /opt/airflow/dags/flex_eau_pipeline.py for tasks to queue
[2026-07-28T04:57:53.361+0000] {logging_mixin.py:190} INFO - [2026-07-28T04:57:53.361+0000] {dagbag.py:587} INFO - Filling up the DagBag from /opt/airflow/dags/flex_eau_pipeline.py
[2026-07-28T04:57:53.387+0000] {processor.py:925} INFO - DAG(s) 'flex_eau_pipeline' retrieved from /opt/airflow/dags/flex_eau_pipeline.py
[2026-07-28T04:57:53.431+0000] {logging_mixin.py:190} INFO - [2026-07-28T04:57:53.431+0000] {dag.py:3211} INFO - Sync 1 DAGs
[2026-07-28T04:57:53.462+0000] {logging_mixin.py:190} INFO - [2026-07-28T04:57:53.461+0000] {dag.py:4138} INFO - Setting next_dagrun for flex_eau_pipeline to 2026-07-28 00:00:00+00:00, run_after=2026-07-29 00:00:00+00:00
[2026-07-28T04:57:53.486+0000] {processor.py:208} INFO - Processing /opt/airflow/dags/flex_eau_pipeline.py took 0.137 seconds
[2026-07-28T04:58:23.814+0000] {processor.py:186} INFO - Started process (PID=6798) to work on /opt/airflow/dags/flex_eau_pipeline.py
[2026-07-28T04:58:23.816+0000] {processor.py:914} INFO - Processing file /opt/airflow/dags/flex_eau_pipeline.py for tasks to queue
[2026-07-28T04:58:23.819+0000] {logging_mixin.py:190} INFO - [2026-07-28T04:58:23.819+0000] {dagbag.py:587} INFO - Filling up the DagBag from /opt/airflow/dags/flex_eau_pipeline.py
[2026-07-28T04:58:23.849+0000] {processor.py:925} INFO - DAG(s) 'flex_eau_pipeline' retrieved from /opt/airflow/dags/flex_eau_pipeline.py
[2026-07-28T04:58:23.897+0000] {logging_mixin.py:190} INFO - [2026-07-28T04:58:23.896+0000] {dag.py:3211} INFO - Sync 1 DAGs
[2026-07-28T04:58:23.924+0000] {logging_mixin.py:190} INFO - [2026-07-28T04:58:23.924+0000] {dag.py:4138} INFO - Setting next_dagrun for flex_eau_pipeline to 2026-07-28 00:00:00+00:00, run_after=2026-07-29 00:00:00+00:00
[2026-07-28T04:58:23.951+0000] {processor.py:208} INFO - Processing /opt/airflow/dags/flex_eau_pipeline.py took 0.145 seconds
[2026-07-28T04:58:54.467+0000] {processor.py:186} INFO - Started process (PID=6803) to work on /opt/airflow/dags/flex_eau_pipeline.py
[2026-07-28T04:58:54.468+0000] {processor.py:914} INFO - Processing file /opt/airflow/dags/flex_eau_pipeline.py for tasks to queue
[2026-07-28T04:58:54.471+0000] {logging_mixin.py:190} INFO - [2026-07-28T04:58:54.471+0000] {dagbag.py:587} INFO - Filling up the DagBag from /opt/airflow/dags/flex_eau_pipeline.py
[2026-07-28T04:58:54.504+0000] {processor.py:925} INFO - DAG(s) 'flex_eau_pipeline' retrieved from /opt/airflow/dags/flex_eau_pipeline.py
[2026-07-28T04:58:54.546+0000] {logging_mixin.py:190} INFO - [2026-07-28T04:58:54.546+0000] {dag.py:3211} INFO - Sync 1 DAGs
[2026-07-28T04:58:54.577+0000] {logging_mixin.py:190} INFO - [2026-07-28T04:58:54.577+0000] {dag.py:4138} INFO - Setting next_dagrun for flex_eau_pipeline to 2026-07-28 00:00:00+00:00, run_after=2026-07-29 00:00:00+00:00
[2026-07-28T04:58:54.608+0000] {processor.py:208} INFO - Processing /opt/airflow/dags/flex_eau_pipeline.py took 0.149 seconds
[2026-07-28T04:59:24.971+0000] {processor.py:186} INFO - Started process (PID=6808) to work on /opt/airflow/dags/flex_eau_pipeline.py
[2026-07-28T04:59:24.972+0000] {processor.py:914} INFO - Processing file /opt/airflow/dags/flex_eau_pipeline.py for tasks to queue
[2026-07-28T04:59:24.975+0000] {logging_mixin.py:190} INFO - [2026-07-28T04:59:24.975+0000] {dagbag.py:587} INFO - Filling up the DagBag from /opt/airflow/dags/flex_eau_pipeline.py
[2026-07-28T04:59:25.006+0000] {processor.py:925} INFO - DAG(s) 'flex_eau_pipeline' retrieved from /opt/airflow/dags/flex_eau_pipeline.py
[2026-07-28T04:59:25.057+0000] {logging_mixin.py:190} INFO - [2026-07-28T04:59:25.056+0000] {dag.py:3211} INFO - Sync 1 DAGs
[2026-07-28T04:59:25.088+0000] {logging_mixin.py:190} INFO - [2026-07-28T04:59:25.088+0000] {dag.py:4138} INFO - Setting next_dagrun for flex_eau_pipeline to 2026-07-28 00:00:00+00:00, run_after=2026-07-29 00:00:00+00:00
[2026-07-28T04:59:25.111+0000] {processor.py:208} INFO - Processing /opt/airflow/dags/flex_eau_pipeline.py took 0.148 seconds
[2026-07-28T04:59:55.536+0000] {processor.py:186} INFO - Started process (PID=6813) to work on /opt/airflow/dags/flex_eau_pipeline.py
[2026-07-28T04:59:55.537+0000] {processor.py:914} INFO - Processing file /opt/airflow/dags/flex_eau_pipeline.py for tasks to queue
[2026-07-28T04:59:55.540+0000] {logging_mixin.py:190} INFO - [2026-07-28T04:59:55.539+0000] {dagbag.py:587} INFO - Filling up the DagBag from /opt/airflow/dags/flex_eau_pipeline.py
[2026-07-28T04:59:55.572+0000] {processor.py:925} INFO - DAG(s) 'flex_eau_pipeline' retrieved from /opt/airflow/dags/flex_eau_pipeline.py
[2026-07-28T04:59:55.613+0000] {logging_mixin.py:190} INFO - [2026-07-28T04:59:55.613+0000] {dag.py:3211} INFO - Sync 1 DAGs
[2026-07-28T04:59:55.643+0000] {logging_mixin.py:190} INFO - [2026-07-28T04:59:55.643+0000] {dag.py:4138} INFO - Setting next_dagrun for flex_eau_pipeline to 2026-07-28 00:00:00+00:00, run_after=2026-07-29 00:00:00+00:00
[2026-07-28T04:59:55.671+0000] {processor.py:208} INFO - Processing /opt/airflow/dags/flex_eau_pipeline.py took 0.144 seconds
[2026-07-28T05:00:26.042+0000] {processor.py:186} INFO - Started process (PID=6818) to work on /opt/airflow/dags/flex_eau_pipeline.py
[2026-07-28T05:00:26.044+0000] {processor.py:914} INFO - Processing file /opt/airflow/dags/flex_eau_pipeline.py for tasks to queue
[2026-07-28T05:00:26.046+0000] {logging_mixin.py:190} INFO - [2026-07-28T05:00:26.046+0000] {dagbag.py:587} INFO - Filling up the DagBag from /opt/airflow/dags/flex_eau_pipeline.py
[2026-07-28T05:00:26.078+0000] {processor.py:925} INFO - DAG(s) 'flex_eau_pipeline' retrieved from /opt/airflow/dags/flex_eau_pipeline.py
[2026-07-28T05:00:26.113+0000] {logging_mixin.py:190} INFO - [2026-07-28T05:00:26.112+0000] {dag.py:3211} INFO - Sync 1 DAGs
[2026-07-28T05:00:26.138+0000] {logging_mixin.py:190} INFO - [2026-07-28T05:00:26.137+0000] {dag.py:4138} INFO - Setting next_dagrun for flex_eau_pipeline to 2026-07-28 00:00:00+00:00, run_after=2026-07-29 00:00:00+00:00
[2026-07-28T05:00:26.160+0000] {processor.py:208} INFO - Processing /opt/airflow/dags/flex_eau_pipeline.py took 0.125 seconds
[2026-07-28T05:00:56.603+0000] {processor.py:186} INFO - Started process (PID=6823) to work on /opt/airflow/dags/flex_eau_pipeline.py
[2026-07-28T05:00:56.604+0000] {processor.py:914} INFO - Processing file /opt/airflow/dags/flex_eau_pipeline.py for tasks to queue
[2026-07-28T05:00:56.607+0000] {logging_mixin.py:190} INFO - [2026-07-28T05:00:56.606+0000] {dagbag.py:587} INFO - Filling up the DagBag from /opt/airflow/dags/flex_eau_pipeline.py
[2026-07-28T05:00:56.638+0000] {processor.py:925} INFO - DAG(s) 'flex_eau_pipeline' retrieved from /opt/airflow/dags/flex_eau_pipeline.py
[2026-07-28T05:00:56.683+0000] {logging_mixin.py:190} INFO - [2026-07-28T05:00:56.683+0000] {dag.py:3211} INFO - Sync 1 DAGs
[2026-07-28T05:00:56.712+0000] {logging_mixin.py:190} INFO - [2026-07-28T05:00:56.711+0000] {dag.py:4138} INFO - Setting next_dagrun for flex_eau_pipeline to 2026-07-28 00:00:00+00:00, run_after=2026-07-29 00:00:00+00:00
[2026-07-28T05:00:56.736+0000] {processor.py:208} INFO - Processing /opt/airflow/dags/flex_eau_pipeline.py took 0.141 seconds
[2026-07-28T05:01:27.267+0000] {processor.py:186} INFO - Started process (PID=6828) to work on /opt/airflow/dags/flex_eau_pipeline.py
[2026-07-28T05:01:27.269+0000] {processor.py:914} INFO - Processing file /opt/airflow/dags/flex_eau_pipeline.py for tasks to queue
[2026-07-28T05:01:27.271+0000] {logging_mixin.py:190} INFO - [2026-07-28T05:01:27.271+0000] {dagbag.py:587} INFO - Filling up the DagBag from /opt/airflow/dags/flex_eau_pipeline.py
[2026-07-28T05:01:27.303+0000] {processor.py:925} INFO - DAG(s) 'flex_eau_pipeline' retrieved from /opt/airflow/dags/flex_eau_pipeline.py
[2026-07-28T05:01:27.342+0000] {logging_mixin.py:190} INFO - [2026-07-28T05:01:27.342+0000] {dag.py:3211} INFO - Sync 1 DAGs
[2026-07-28T05:01:27.367+0000] {logging_mixin.py:190} INFO - [2026-07-28T05:01:27.367+0000] {dag.py:4138} INFO - Setting next_dagrun for flex_eau_pipeline to 2026-07-28 00:00:00+00:00, run_after=2026-07-29 00:00:00+00:00
[2026-07-28T05:01:27.389+0000] {processor.py:208} INFO - Processing /opt/airflow/dags/flex_eau_pipeline.py took 0.128 seconds
[2026-07-28T05:01:57.805+0000] {processor.py:186} INFO - Started process (PID=6833) to work on /opt/airflow/dags/flex_eau_pipeline.py
[2026-07-28T05:01:57.806+0000] {processor.py:914} INFO - Processing file /opt/airflow/dags/flex_eau_pipeline.py for tasks to queue
[2026-07-28T05:01:57.809+0000] {logging_mixin.py:190} INFO - [2026-07-28T05:01:57.808+0000] {dagbag.py:587} INFO - Filling up the DagBag from /opt/airflow/dags/flex_eau_pipeline.py
[2026-07-28T05:01:57.838+0000] {processor.py:925} INFO - DAG(s) 'flex_eau_pipeline' retrieved from /opt/airflow/dags/flex_eau_pipeline.py
[2026-07-28T05:01:57.911+0000] {logging_mixin.py:190} INFO - [2026-07-28T05:01:57.910+0000] {dag.py:3211} INFO - Sync 1 DAGs
[2026-07-28T05:01:57.940+0000] {logging_mixin.py:190} INFO - [2026-07-28T05:01:57.940+0000] {dag.py:4138} INFO - Setting next_dagrun for flex_eau_pipeline to 2026-07-28 00:00:00+00:00, run_after=2026-07-29 00:00:00+00:00
[2026-07-28T05:01:57.968+0000] {processor.py:208} INFO - Processing /opt/airflow/dags/flex_eau_pipeline.py took 0.170 seconds
[2026-07-28T05:02:28.334+0000] {processor.py:186} INFO - Started process (PID=6838) to work on /opt/airflow/dags/flex_eau_pipeline.py
[2026-07-28T05:02:28.335+0000] {processor.py:914} INFO - Processing file /opt/airflow/dags/flex_eau_pipeline.py for tasks to queue
[2026-07-28T05:02:28.338+0000] {logging_mixin.py:190} INFO - [2026-07-28T05:02:28.337+0000] {dagbag.py:587} INFO - Filling up the DagBag from /opt/airflow/dags/flex_eau_pipeline.py
[2026-07-28T05:02:28.371+0000] {processor.py:925} INFO - DAG(s) 'flex_eau_pipeline' retrieved from /opt/airflow/dags/flex_eau_pipeline.py
[2026-07-28T05:02:28.411+0000] {logging_mixin.py:190} INFO - [2026-07-28T05:02:28.411+0000] {dag.py:3211} INFO - Sync 1 DAGs
[2026-07-28T05:02:28.439+0000] {logging_mixin.py:190} INFO - [2026-07-28T05:02:28.439+0000] {dag.py:4138} INFO - Setting next_dagrun for flex_eau_pipeline to 2026-07-28 00:00:00+00:00, run_after=2026-07-29 00:00:00+00:00
[2026-07-28T05:02:28.465+0000] {processor.py:208} INFO - Processing /opt/airflow/dags/flex_eau_pipeline.py took 0.140 seconds
[2026-07-28T05:02:58.829+0000] {processor.py:186} INFO - Started process (PID=6843) to work on /opt/airflow/dags/flex_eau_pipeline.py
[2026-07-28T05:02:58.830+0000] {processor.py:914} INFO - Processing file /opt/airflow/dags/flex_eau_pipeline.py for tasks to queue
[2026-07-28T05:02:58.834+0000] {logging_mixin.py:190} INFO - [2026-07-28T05:02:58.834+0000] {dagbag.py:587} INFO - Filling up the DagBag from /opt/airflow/dags/flex_eau_pipeline.py
[2026-07-28T05:02:58.868+0000] {processor.py:925} INFO - DAG(s) 'flex_eau_pipeline' retrieved from /opt/airflow/dags/flex_eau_pipeline.py
[2026-07-28T05:02:58.914+0000] {logging_mixin.py:190} INFO - [2026-07-28T05:02:58.913+0000] {dag.py:3211} INFO - Sync 1 DAGs
[2026-07-28T05:02:58.945+0000] {logging_mixin.py:190} INFO - [2026-07-28T05:02:58.945+0000] {dag.py:4138} INFO - Setting next_dagrun for flex_eau_pipeline to 2026-07-28 00:00:00+00:00, run_after=2026-07-29 00:00:00+00:00
[2026-07-28T05:02:58.971+0000] {processor.py:208} INFO - Processing /opt/airflow/dags/flex_eau_pipeline.py took 0.149 seconds
[2026-07-28T05:03:29.420+0000] {processor.py:186} INFO - Started process (PID=6848) to work on /opt/airflow/dags/flex_eau_pipeline.py
[2026-07-28T05:03:29.421+0000] {processor.py:914} INFO - Processing file /opt/airflow/dags/flex_eau_pipeline.py for tasks to queue
[2026-07-28T05:03:29.423+0000] {logging_mixin.py:190} INFO - [2026-07-28T05:03:29.423+0000] {dagbag.py:587} INFO - Filling up the DagBag from /opt/airflow/dags/flex_eau_pipeline.py
[2026-07-28T05:03:29.456+0000] {processor.py:925} INFO - DAG(s) 'flex_eau_pipeline' retrieved from /opt/airflow/dags/flex_eau_pipeline.py
[2026-07-28T05:03:29.502+0000] {logging_mixin.py:190} INFO - [2026-07-28T05:03:29.502+0000] {dag.py:3211} INFO - Sync 1 DAGs
[2026-07-28T05:03:29.529+0000] {logging_mixin.py:190} INFO - [2026-07-28T05:03:29.529+0000] {dag.py:4138} INFO - Setting next_dagrun for flex_eau_pipeline to 2026-07-28 00:00:00+00:00, run_after=2026-07-29 00:00:00+00:00
[2026-07-28T05:03:29.553+0000] {processor.py:208} INFO - Processing /opt/airflow/dags/flex_eau_pipeline.py took 0.140 seconds
[2026-07-28T05:03:59.845+0000] {processor.py:186} INFO - Started process (PID=6853) to work on /opt/airflow/dags/flex_eau_pipeline.py
[2026-07-28T05:03:59.846+0000] {processor.py:914} INFO - Processing file /opt/airflow/dags/flex_eau_pipeline.py for tasks to queue
[2026-07-28T05:03:59.849+0000] {logging_mixin.py:190} INFO - [2026-07-28T05:03:59.848+0000] {dagbag.py:587} INFO - Filling up the DagBag from /opt/airflow/dags/flex_eau_pipeline.py
[2026-07-28T05:03:59.878+0000] {processor.py:925} INFO - DAG(s) 'flex_eau_pipeline' retrieved from /opt/airflow/dags/flex_eau_pipeline.py
[2026-07-28T05:03:59.917+0000] {logging_mixin.py:190} INFO - [2026-07-28T05:03:59.917+0000] {dag.py:3211} INFO - Sync 1 DAGs
[2026-07-28T05:03:59.943+0000] {logging_mixin.py:190} INFO - [2026-07-28T05:03:59.943+0000] {dag.py:4138} INFO - Setting next_dagrun for flex_eau_pipeline to 2026-07-28 00:00:00+00:00, run_after=2026-07-29 00:00:00+00:00
[2026-07-28T05:03:59.968+0000] {processor.py:208} INFO - Processing /opt/airflow/dags/flex_eau_pipeline.py took 0.131 seconds
[2026-07-28T05:04:30.318+0000] {processor.py:186} INFO - Started process (PID=6858) to work on /opt/airflow/dags/flex_eau_pipeline.py
[2026-07-28T05:04:30.319+0000] {processor.py:914} INFO - Processing file /opt/airflow/dags/flex_eau_pipeline.py for tasks to queue
[2026-07-28T05:04:30.322+0000] {logging_mixin.py:190} INFO - [2026-07-28T05:04:30.322+0000] {dagbag.py:587} INFO - Filling up the DagBag from /opt/airflow/dags/flex_eau_pipeline.py
[2026-07-28T05:04:30.352+0000] {processor.py:925} INFO - DAG(s) 'flex_eau_pipeline' retrieved from /opt/airflow/dags/flex_eau_pipeline.py
[2026-07-28T05:04:30.393+0000] {logging_mixin.py:190} INFO - [2026-07-28T05:04:30.393+0000] {dag.py:3211} INFO - Sync 1 DAGs
[2026-07-28T05:04:30.419+0000] {logging_mixin.py:190} INFO - [2026-07-28T05:04:30.418+0000] {dag.py:4138} INFO - Setting next_dagrun for flex_eau_pipeline to 2026-07-28 00:00:00+00:00, run_after=2026-07-29 00:00:00+00:00
[2026-07-28T05:04:30.442+0000] {processor.py:208} INFO - Processing /opt/airflow/dags/flex_eau_pipeline.py took 0.132 seconds
[2026-07-28T05:05:00.771+0000] {processor.py:186} INFO - Started process (PID=6863) to work on /opt/airflow/dags/flex_eau_pipeline.py
[2026-07-28T05:05:00.772+0000] {processor.py:914} INFO - Processing file /opt/airflow/dags/flex_eau_pipeline.py for tasks to queue
[2026-07-28T05:05:00.777+0000] {logging_mixin.py:190} INFO - [2026-07-28T05:05:00.776+0000] {dagbag.py:587} INFO - Filling up the DagBag from /opt/airflow/dags/flex_eau_pipeline.py
[2026-07-28T05:05:00.805+0000] {processor.py:925} INFO - DAG(s) 'flex_eau_pipeline' retrieved from /opt/airflow/dags/flex_eau_pipeline.py
[2026-07-28T05:05:00.845+0000] {logging_mixin.py:190} INFO - [2026-07-28T05:05:00.845+0000] {dag.py:3211} INFO - Sync 1 DAGs
[2026-07-28T05:05:00.870+0000] {logging_mixin.py:190} INFO - [2026-07-28T05:05:00.870+0000] {dag.py:4138} INFO - Setting next_dagrun for flex_eau_pipeline to 2026-07-28 00:00:00+00:00, run_after=2026-07-29 00:00:00+00:00
[2026-07-28T05:05:00.895+0000] {processor.py:208} INFO - Processing /opt/airflow/dags/flex_eau_pipeline.py took 0.132 seconds
[2026-07-28T05:05:31.329+0000] {processor.py:186} INFO - Started process (PID=6868) to work on /opt/airflow/dags/flex_eau_pipeline.py
[2026-07-28T05:05:31.330+0000] {processor.py:914} INFO - Processing file /opt/airflow/dags/flex_eau_pipeline.py for tasks to queue
[2026-07-28T05:05:31.334+0000] {logging_mixin.py:190} INFO - [2026-07-28T05:05:31.333+0000] {dagbag.py:587} INFO - Filling up the DagBag from /opt/airflow/dags/flex_eau_pipeline.py
[2026-07-28T05:05:31.370+0000] {processor.py:925} INFO - DAG(s) 'flex_eau_pipeline' retrieved from /opt/airflow/dags/flex_eau_pipeline.py
[2026-07-28T05:05:31.413+0000] {logging_mixin.py:190} INFO - [2026-07-28T05:05:31.413+0000] {dag.py:3211} INFO - Sync 1 DAGs
[2026-07-28T05:05:31.443+0000] {logging_mixin.py:190} INFO - [2026-07-28T05:05:31.443+0000] {dag.py:4138} INFO - Setting next_dagrun for flex_eau_pipeline to 2026-07-28 00:00:00+00:00, run_after=2026-07-29 00:00:00+00:00
[2026-07-28T05:05:31.469+0000] {processor.py:208} INFO - Processing /opt/airflow/dags/flex_eau_pipeline.py took 0.147 seconds
[2026-07-28T05:06:01.798+0000] {processor.py:186} INFO - Started process (PID=6873) to work on /opt/airflow/dags/flex_eau_pipeline.py
[2026-07-28T05:06:01.799+0000] {processor.py:914} INFO - Processing file /opt/airflow/dags/flex_eau_pipeline.py for tasks to queue
[2026-07-28T05:06:01.802+0000] {logging_mixin.py:190} INFO - [2026-07-28T05:06:01.802+0000] {dagbag.py:587} INFO - Filling up the DagBag from /opt/airflow/dags/flex_eau_pipeline.py
[2026-07-28T05:06:01.834+0000] {processor.py:925} INFO - DAG(s) 'flex_eau_pipeline' retrieved from /opt/airflow/dags/flex_eau_pipeline.py
[2026-07-28T05:06:01.879+0000] {logging_mixin.py:190} INFO - [2026-07-28T05:06:01.878+0000] {dag.py:3211} INFO - Sync 1 DAGs
[2026-07-28T05:06:01.915+0000] {logging_mixin.py:190} INFO - [2026-07-28T05:06:01.915+0000] {dag.py:4138} INFO - Setting next_dagrun for flex_eau_pipeline to 2026-07-28 00:00:00+00:00, run_after=2026-07-29 00:00:00+00:00
[2026-07-28T05:06:01.944+0000] {processor.py:208} INFO - Processing /opt/airflow/dags/flex_eau_pipeline.py took 0.155 seconds
[2026-07-28T05:06:32.501+0000] {processor.py:186} INFO - Started process (PID=6878) to work on /opt/airflow/dags/flex_eau_pipeline.py
[2026-07-28T05:06:32.502+0000] {processor.py:914} INFO - Processing file /opt/airflow/dags/flex_eau_pipeline.py for tasks to queue
[2026-07-28T05:06:32.505+0000] {logging_mixin.py:190} INFO - [2026-07-28T05:06:32.505+0000] {dagbag.py:587} INFO - Filling up the DagBag from /opt/airflow/dags/flex_eau_pipeline.py
[2026-07-28T05:06:32.534+0000] {processor.py:925} INFO - DAG(s) 'flex_eau_pipeline' retrieved from /opt/airflow/dags/flex_eau_pipeline.py
[2026-07-28T05:06:32.574+0000] {logging_mixin.py:190} INFO - [2026-07-28T05:06:32.574+0000] {dag.py:3211} INFO - Sync 1 DAGs
[2026-07-28T05:06:32.598+0000] {logging_mixin.py:190} INFO - [2026-07-28T05:06:32.598+0000] {dag.py:4138} INFO - Setting next_dagrun for flex_eau_pipeline to 2026-07-28 00:00:00+00:00, run_after=2026-07-29 00:00:00+00:00
[2026-07-28T05:06:32.621+0000] {processor.py:208} INFO - Processing /opt/airflow/dags/flex_eau_pipeline.py took 0.128 seconds
[2026-07-28T05:07:03.003+0000] {processor.py:186} INFO - Started process (PID=6883) to work on /opt/airflow/dags/flex_eau_pipeline.py
[2026-07-28T05:07:03.004+0000] {processor.py:914} INFO - Processing file /opt/airflow/dags/flex_eau_pipeline.py for tasks to queue
[2026-07-28T05:07:03.007+0000] {logging_mixin.py:190} INFO - [2026-07-28T05:07:03.006+0000] {dagbag.py:587} INFO - Filling up the DagBag from /opt/airflow/dags/flex_eau_pipeline.py
[2026-07-28T05:07:03.035+0000] {processor.py:925} INFO - DAG(s) 'flex_eau_pipeline' retrieved from /opt/airflow/dags/flex_eau_pipeline.py
[2026-07-28T05:07:03.075+0000] {logging_mixin.py:190} INFO - [2026-07-28T05:07:03.075+0000] {dag.py:3211} INFO - Sync 1 DAGs
[2026-07-28T05:07:03.099+0000] {logging_mixin.py:190} INFO - [2026-07-28T05:07:03.099+0000] {dag.py:4138} INFO - Setting next_dagrun for flex_eau_pipeline to 2026-07-28 00:00:00+00:00, run_after=2026-07-29 00:00:00+00:00
[2026-07-28T05:07:03.120+0000] {processor.py:208} INFO - Processing /opt/airflow/dags/flex_eau_pipeline.py took 0.126 seconds
[2026-07-28T05:07:33.540+0000] {processor.py:186} INFO - Started process (PID=6888) to work on /opt/airflow/dags/flex_eau_pipeline.py
[2026-07-28T05:07:33.542+0000] {processor.py:914} INFO - Processing file /opt/airflow/dags/flex_eau_pipeline.py for tasks to queue
[2026-07-28T05:07:33.546+0000] {logging_mixin.py:190} INFO - [2026-07-28T05:07:33.546+0000] {dagbag.py:587} INFO - Filling up the DagBag from /opt/airflow/dags/flex_eau_pipeline.py
[2026-07-28T05:07:33.577+0000] {processor.py:925} INFO - DAG(s) 'flex_eau_pipeline' retrieved from /opt/airflow/dags/flex_eau_pipeline.py
[2026-07-28T05:07:33.624+0000] {logging_mixin.py:190} INFO - [2026-07-28T05:07:33.624+0000] {dag.py:3211} INFO - Sync 1 DAGs
[2026-07-28T05:07:33.652+0000] {logging_mixin.py:190} INFO - [2026-07-28T05:07:33.652+0000] {dag.py:4138} INFO - Setting next_dagrun for flex_eau_pipeline to 2026-07-28 00:00:00+00:00, run_after=2026-07-29 00:00:00+00:00
[2026-07-28T05:07:33.679+0000] {processor.py:208} INFO - Processing /opt/airflow/dags/flex_eau_pipeline.py took 0.147 seconds
[2026-07-28T05:08:04.054+0000] {processor.py:186} INFO - Started process (PID=6893) to work on /opt/airflow/dags/flex_eau_pipeline.py
[2026-07-28T05:08:04.056+0000] {processor.py:914} INFO - Processing file /opt/airflow/dags/flex_eau_pipeline.py for tasks to queue
[2026-07-28T05:08:04.059+0000] {logging_mixin.py:190} INFO - [2026-07-28T05:08:04.058+0000] {dagbag.py:587} INFO - Filling up the DagBag from /opt/airflow/dags/flex_eau_pipeline.py
[2026-07-28T05:08:04.089+0000] {processor.py:925} INFO - DAG(s) 'flex_eau_pipeline' retrieved from /opt/airflow/dags/flex_eau_pipeline.py
[2026-07-28T05:08:04.132+0000] {logging_mixin.py:190} INFO - [2026-07-28T05:08:04.132+0000] {dag.py:3211} INFO - Sync 1 DAGs
[2026-07-28T05:08:04.160+0000] {logging_mixin.py:190} INFO - [2026-07-28T05:08:04.160+0000] {dag.py:4138} INFO - Setting next_dagrun for flex_eau_pipeline to 2026-07-28 00:00:00+00:00, run_after=2026-07-29 00:00:00+00:00
[2026-07-28T05:08:04.184+0000] {processor.py:208} INFO - Processing /opt/airflow/dags/flex_eau_pipeline.py took 0.138 seconds
[2026-07-28T05:08:34.655+0000] {processor.py:186} INFO - Started process (PID=6898) to work on /opt/airflow/dags/flex_eau_pipeline.py
[2026-07-28T05:08:34.656+0000] {processor.py:914} INFO - Processing file /opt/airflow/dags/flex_eau_pipeline.py for tasks to queue
[2026-07-28T05:08:34.659+0000] {logging_mixin.py:190} INFO - [2026-07-28T05:08:34.659+0000] {dagbag.py:587} INFO - Filling up the DagBag from /opt/airflow/dags/flex_eau_pipeline.py
[2026-07-28T05:08:34.690+0000] {processor.py:925} INFO - DAG(s) 'flex_eau_pipeline' retrieved from /opt/airflow/dags/flex_eau_pipeline.py
[2026-07-28T05:08:34.731+0000] {logging_mixin.py:190} INFO - [2026-07-28T05:08:34.731+0000] {dag.py:3211} INFO - Sync 1 DAGs
[2026-07-28T05:08:34.758+0000] {logging_mixin.py:190} INFO - [2026-07-28T05:08:34.758+0000] {dag.py:4138} INFO - Setting next_dagrun for flex_eau_pipeline to 2026-07-28 00:00:00+00:00, run_after=2026-07-29 00:00:00+00:00
[2026-07-28T05:08:34.779+0000] {processor.py:208} INFO - Processing /opt/airflow/dags/flex_eau_pipeline.py took 0.132 seconds
[2026-07-28T05:09:05.272+0000] {processor.py:186} INFO - Started process (PID=6903) to work on /opt/airflow/dags/flex_eau_pipeline.py
[2026-07-28T05:09:05.274+0000] {processor.py:914} INFO - Processing file /opt/airflow/dags/flex_eau_pipeline.py for tasks to queue
[2026-07-28T05:09:05.277+0000] {logging_mixin.py:190} INFO - [2026-07-28T05:09:05.277+0000] {dagbag.py:587} INFO - Filling up the DagBag from /opt/airflow/dags/flex_eau_pipeline.py
[2026-07-28T05:09:05.305+0000] {processor.py:925} INFO - DAG(s) 'flex_eau_pipeline' retrieved from /opt/airflow/dags/flex_eau_pipeline.py
[2026-07-28T05:09:05.342+0000] {logging_mixin.py:190} INFO - [2026-07-28T05:09:05.341+0000] {dag.py:3211} INFO - Sync 1 DAGs
[2026-07-28T05:09:05.366+0000] {logging_mixin.py:190} INFO - [2026-07-28T05:09:05.366+0000] {dag.py:4138} INFO - Setting next_dagrun for flex_eau_pipeline to 2026-07-28 00:00:00+00:00, run_after=2026-07-29 00:00:00+00:00
[2026-07-28T05:09:05.389+0000] {processor.py:208} INFO - Processing /opt/airflow/dags/flex_eau_pipeline.py took 0.124 seconds
[2026-07-28T05:09:35.824+0000] {processor.py:186} INFO - Started process (PID=6908) to work on /opt/airflow/dags/flex_eau_pipeline.py
[2026-07-28T05:09:35.826+0000] {processor.py:914} INFO - Processing file /opt/airflow/dags/flex_eau_pipeline.py for tasks to queue
[2026-07-28T05:09:35.830+0000] {logging_mixin.py:190} INFO - [2026-07-28T05:09:35.830+0000] {dagbag.py:587} INFO - Filling up the DagBag from /opt/airflow/dags/flex_eau_pipeline.py
[2026-07-28T05:09:35.859+0000] {processor.py:925} INFO - DAG(s) 'flex_eau_pipeline' retrieved from /opt/airflow/dags/flex_eau_pipeline.py
[2026-07-28T05:09:35.899+0000] {logging_mixin.py:190} INFO - [2026-07-28T05:09:35.899+0000] {dag.py:3211} INFO - Sync 1 DAGs
[2026-07-28T05:09:35.925+0000] {logging_mixin.py:190} INFO - [2026-07-28T05:09:35.925+0000] {dag.py:4138} INFO - Setting next_dagrun for flex_eau_pipeline to 2026-07-28 00:00:00+00:00, run_after=2026-07-29 00:00:00+00:00
[2026-07-28T05:09:35.949+0000] {processor.py:208} INFO - Processing /opt/airflow/dags/flex_eau_pipeline.py took 0.134 seconds
[2026-07-28T05:10:06.537+0000] {processor.py:186} INFO - Started process (PID=6913) to work on /opt/airflow/dags/flex_eau_pipeline.py
[2026-07-28T05:10:06.538+0000] {processor.py:914} INFO - Processing file /opt/airflow/dags/flex_eau_pipeline.py for tasks to queue
[2026-07-28T05:10:06.540+0000] {logging_mixin.py:190} INFO - [2026-07-28T05:10:06.540+0000] {dagbag.py:587} INFO - Filling up the DagBag from /opt/airflow/dags/flex_eau_pipeline.py
[2026-07-28T05:10:06.569+0000] {processor.py:925} INFO - DAG(s) 'flex_eau_pipeline' retrieved from /opt/airflow/dags/flex_eau_pipeline.py
[2026-07-28T05:10:06.608+0000] {logging_mixin.py:190} INFO - [2026-07-28T05:10:06.608+0000] {dag.py:3211} INFO - Sync 1 DAGs
[2026-07-28T05:10:06.634+0000] {logging_mixin.py:190} INFO - [2026-07-28T05:10:06.634+0000] {dag.py:4138} INFO - Setting next_dagrun for flex_eau_pipeline to 2026-07-28 00:00:00+00:00, run_after=2026-07-29 00:00:00+00:00
[2026-07-28T05:10:06.654+0000] {processor.py:208} INFO - Processing /opt/airflow/dags/flex_eau_pipeline.py took 0.124 seconds
[2026-07-28T05:10:37.146+0000] {processor.py:186} INFO - Started process (PID=6918) to work on /opt/airflow/dags/flex_eau_pipeline.py
[2026-07-28T05:10:37.147+0000] {processor.py:914} INFO - Processing file /opt/airflow/dags/flex_eau_pipeline.py for tasks to queue
[2026-07-28T05:10:37.150+0000] {logging_mixin.py:190} INFO - [2026-07-28T05:10:37.149+0000] {dagbag.py:587} INFO - Filling up the DagBag from /opt/airflow/dags/flex_eau_pipeline.py
[2026-07-28T05:10:37.179+0000] {processor.py:925} INFO - DAG(s) 'flex_eau_pipeline' retrieved from /opt/airflow/dags/flex_eau_pipeline.py
[2026-07-28T05:10:37.220+0000] {logging_mixin.py:190} INFO - [2026-07-28T05:10:37.220+0000] {dag.py:3211} INFO - Sync 1 DAGs
[2026-07-28T05:10:37.254+0000] {logging_mixin.py:190} INFO - [2026-07-28T05:10:37.254+0000] {dag.py:4138} INFO - Setting next_dagrun for flex_eau_pipeline to 2026-07-28 00:00:00+00:00, run_after=2026-07-29 00:00:00+00:00
[2026-07-28T05:10:37.279+0000] {processor.py:208} INFO - Processing /opt/airflow/dags/flex_eau_pipeline.py took 0.141 seconds
[2026-07-28T05:11:07.763+0000] {processor.py:186} INFO - Started process (PID=6923) to work on /opt/airflow/dags/flex_eau_pipeline.py
[2026-07-28T05:11:07.764+0000] {processor.py:914} INFO - Processing file /opt/airflow/dags/flex_eau_pipeline.py for tasks to queue
[2026-07-28T05:11:07.767+0000] {logging_mixin.py:190} INFO - [2026-07-28T05:11:07.766+0000] {dagbag.py:587} INFO - Filling up the DagBag from /opt/airflow/dags/flex_eau_pipeline.py
[2026-07-28T05:11:07.792+0000] {processor.py:925} INFO - DAG(s) 'flex_eau_pipeline' retrieved from /opt/airflow/dags/flex_eau_pipeline.py
[2026-07-28T05:11:07.831+0000] {logging_mixin.py:190} INFO - [2026-07-28T05:11:07.830+0000] {dag.py:3211} INFO - Sync 1 DAGs
[2026-07-28T05:11:07.855+0000] {logging_mixin.py:190} INFO - [2026-07-28T05:11:07.855+0000] {dag.py:4138} INFO - Setting next_dagrun for flex_eau_pipeline to 2026-07-28 00:00:00+00:00, run_after=2026-07-29 00:00:00+00:00
[2026-07-28T05:11:07.877+0000] {processor.py:208} INFO - Processing /opt/airflow/dags/flex_eau_pipeline.py took 0.123 seconds
[2026-07-28T05:11:38.300+0000] {processor.py:186} INFO - Started process (PID=6928) to work on /opt/airflow/dags/flex_eau_pipeline.py
[2026-07-28T05:11:38.301+0000] {processor.py:914} INFO - Processing file /opt/airflow/dags/flex_eau_pipeline.py for tasks to queue
[2026-07-28T05:11:38.304+0000] {logging_mixin.py:190} INFO - [2026-07-28T05:11:38.304+0000] {dagbag.py:587} INFO - Filling up the DagBag from /opt/airflow/dags/flex_eau_pipeline.py
[2026-07-28T05:11:38.347+0000] {processor.py:925} INFO - DAG(s) 'flex_eau_pipeline' retrieved from /opt/airflow/dags/flex_eau_pipeline.py
[2026-07-28T05:11:38.387+0000] {logging_mixin.py:190} INFO - [2026-07-28T05:11:38.387+0000] {dag.py:3211} INFO - Sync 1 DAGs
[2026-07-28T05:11:38.414+0000] {logging_mixin.py:190} INFO - [2026-07-28T05:11:38.413+0000] {dag.py:4138} INFO - Setting next_dagrun for flex_eau_pipeline to 2026-07-28 00:00:00+00:00, run_after=2026-07-29 00:00:00+00:00
[2026-07-28T05:11:38.439+0000] {processor.py:208} INFO - Processing /opt/airflow/dags/flex_eau_pipeline.py took 0.146 seconds
[2026-07-28T05:12:08.901+0000] {processor.py:186} INFO - Started process (PID=6933) to work on /opt/airflow/dags/flex_eau_pipeline.py
[2026-07-28T05:12:08.902+0000] {processor.py:914} INFO - Processing file /opt/airflow/dags/flex_eau_pipeline.py for tasks to queue
[2026-07-28T05:12:08.904+0000] {logging_mixin.py:190} INFO - [2026-07-28T05:12:08.904+0000] {dagbag.py:587} INFO - Filling up the DagBag from /opt/airflow/dags/flex_eau_pipeline.py
[2026-07-28T05:12:08.932+0000] {processor.py:925} INFO - DAG(s) 'flex_eau_pipeline' retrieved from /opt/airflow/dags/flex_eau_pipeline.py
[2026-07-28T05:12:08.969+0000] {logging_mixin.py:190} INFO - [2026-07-28T05:12:08.969+0000] {dag.py:3211} INFO - Sync 1 DAGs
[2026-07-28T05:12:08.993+0000] {logging_mixin.py:190} INFO - [2026-07-28T05:12:08.993+0000] {dag.py:4138} INFO - Setting next_dagrun for flex_eau_pipeline to 2026-07-28 00:00:00+00:00, run_after=2026-07-29 00:00:00+00:00
[2026-07-28T05:12:09.017+0000] {processor.py:208} INFO - Processing /opt/airflow/dags/flex_eau_pipeline.py took 0.124 seconds
[2026-07-28T05:12:39.564+0000] {processor.py:186} INFO - Started process (PID=6938) to work on /opt/airflow/dags/flex_eau_pipeline.py
[2026-07-28T05:12:39.565+0000] {processor.py:914} INFO - Processing file /opt/airflow/dags/flex_eau_pipeline.py for tasks to queue
[2026-07-28T05:12:39.568+0000] {logging_mixin.py:190} INFO - [2026-07-28T05:12:39.567+0000] {dagbag.py:587} INFO - Filling up the DagBag from /opt/airflow/dags/flex_eau_pipeline.py
[2026-07-28T05:12:39.593+0000] {processor.py:925} INFO - DAG(s) 'flex_eau_pipeline' retrieved from /opt/airflow/dags/flex_eau_pipeline.py
[2026-07-28T05:12:39.630+0000] {logging_mixin.py:190} INFO - [2026-07-28T05:12:39.630+0000] {dag.py:3211} INFO - Sync 1 DAGs
[2026-07-28T05:12:39.655+0000] {logging_mixin.py:190} INFO - [2026-07-28T05:12:39.655+0000] {dag.py:4138} INFO - Setting next_dagrun for flex_eau_pipeline to 2026-07-28 00:00:00+00:00, run_after=2026-07-29 00:00:00+00:00
[2026-07-28T05:12:39.675+0000] {processor.py:208} INFO - Processing /opt/airflow/dags/flex_eau_pipeline.py took 0.118 seconds
[2026-07-28T05:13:10.119+0000] {processor.py:186} INFO - Started process (PID=6943) to work on /opt/airflow/dags/flex_eau_pipeline.py
[2026-07-28T05:13:10.121+0000] {processor.py:914} INFO - Processing file /opt/airflow/dags/flex_eau_pipeline.py for tasks to queue
[2026-07-28T05:13:10.123+0000] {logging_mixin.py:190} INFO - [2026-07-28T05:13:10.123+0000] {dagbag.py:587} INFO - Filling up the DagBag from /opt/airflow/dags/flex_eau_pipeline.py
[2026-07-28T05:13:10.151+0000] {processor.py:925} INFO - DAG(s) 'flex_eau_pipeline' retrieved from /opt/airflow/dags/flex_eau_pipeline.py
[2026-07-28T05:13:10.188+0000] {logging_mixin.py:190} INFO - [2026-07-28T05:13:10.188+0000] {dag.py:3211} INFO - Sync 1 DAGs
[2026-07-28T05:13:10.214+0000] {logging_mixin.py:190} INFO - [2026-07-28T05:13:10.213+0000] {dag.py:4138} INFO - Setting next_dagrun for flex_eau_pipeline to 2026-07-28 00:00:00+00:00, run_after=2026-07-29 00:00:00+00:00
[2026-07-28T05:13:10.237+0000] {processor.py:208} INFO - Processing /opt/airflow/dags/flex_eau_pipeline.py took 0.125 seconds
[2026-07-28T05:13:40.794+0000] {processor.py:186} INFO - Started process (PID=6948) to work on /opt/airflow/dags/flex_eau_pipeline.py
[2026-07-28T05:13:40.795+0000] {processor.py:914} INFO - Processing file /opt/airflow/dags/flex_eau_pipeline.py for tasks to queue
[2026-07-28T05:13:40.797+0000] {logging_mixin.py:190} INFO - [2026-07-28T05:13:40.797+0000] {dagbag.py:587} INFO - Filling up the DagBag from /opt/airflow/dags/flex_eau_pipeline.py
[2026-07-28T05:13:40.823+0000] {processor.py:925} INFO - DAG(s) 'flex_eau_pipeline' retrieved from /opt/airflow/dags/flex_eau_pipeline.py
[2026-07-28T05:13:40.860+0000] {logging_mixin.py:190} INFO - [2026-07-28T05:13:40.860+0000] {dag.py:3211} INFO - Sync 1 DAGs
[2026-07-28T05:13:40.884+0000] {logging_mixin.py:190} INFO - [2026-07-28T05:13:40.884+0000] {dag.py:4138} INFO - Setting next_dagrun for flex_eau_pipeline to 2026-07-28 00:00:00+00:00, run_after=2026-07-29 00:00:00+00:00
[2026-07-28T05:13:40.908+0000] {processor.py:208} INFO - Processing /opt/airflow/dags/flex_eau_pipeline.py took 0.121 seconds
[2026-07-28T05:14:11.265+0000] {processor.py:186} INFO - Started process (PID=6953) to work on /opt/airflow/dags/flex_eau_pipeline.py
[2026-07-28T05:14:11.267+0000] {processor.py:914} INFO - Processing file /opt/airflow/dags/flex_eau_pipeline.py for tasks to queue
[2026-07-28T05:14:11.269+0000] {logging_mixin.py:190} INFO - [2026-07-28T05:14:11.269+0000] {dagbag.py:587} INFO - Filling up the DagBag from /opt/airflow/dags/flex_eau_pipeline.py
[2026-07-28T05:14:11.296+0000] {processor.py:925} INFO - DAG(s) 'flex_eau_pipeline' retrieved from /opt/airflow/dags/flex_eau_pipeline.py
[2026-07-28T05:14:11.335+0000] {logging_mixin.py:190} INFO - [2026-07-28T05:14:11.334+0000] {dag.py:3211} INFO - Sync 1 DAGs
[2026-07-28T05:14:11.361+0000] {logging_mixin.py:190} INFO - [2026-07-28T05:14:11.361+0000] {dag.py:4138} INFO - Setting next_dagrun for flex_eau_pipeline to 2026-07-28 00:00:00+00:00, run_after=2026-07-29 00:00:00+00:00
[2026-07-28T05:14:11.380+0000] {processor.py:208} INFO - Processing /opt/airflow/dags/flex_eau_pipeline.py took 0.122 seconds
[2026-07-28T05:14:41.749+0000] {processor.py:186} INFO - Started process (PID=6958) to work on /opt/airflow/dags/flex_eau_pipeline.py
[2026-07-28T05:14:41.751+0000] {processor.py:914} INFO - Processing file /opt/airflow/dags/flex_eau_pipeline.py for tasks to queue
[2026-07-28T05:14:41.754+0000] {logging_mixin.py:190} INFO - [2026-07-28T05:14:41.753+0000] {dagbag.py:587} INFO - Filling up the DagBag from /opt/airflow/dags/flex_eau_pipeline.py
[2026-07-28T05:14:41.781+0000] {processor.py:925} INFO - DAG(s) 'flex_eau_pipeline' retrieved from /opt/airflow/dags/flex_eau_pipeline.py
[2026-07-28T05:14:41.820+0000] {logging_mixin.py:190} INFO - [2026-07-28T05:14:41.820+0000] {dag.py:3211} INFO - Sync 1 DAGs
[2026-07-28T05:14:41.845+0000] {logging_mixin.py:190} INFO - [2026-07-28T05:14:41.844+0000] {dag.py:4138} INFO - Setting next_dagrun for flex_eau_pipeline to 2026-07-28 00:00:00+00:00, run_after=2026-07-29 00:00:00+00:00
[2026-07-28T05:14:41.867+0000] {processor.py:208} INFO - Processing /opt/airflow/dags/flex_eau_pipeline.py took 0.125 seconds
[2026-07-28T05:15:12.482+0000] {processor.py:186} INFO - Started process (PID=6963) to work on /opt/airflow/dags/flex_eau_pipeline.py
[2026-07-28T05:15:12.483+0000] {processor.py:914} INFO - Processing file /opt/airflow/dags/flex_eau_pipeline.py for tasks to queue
[2026-07-28T05:15:12.486+0000] {logging_mixin.py:190} INFO - [2026-07-28T05:15:12.485+0000] {dagbag.py:587} INFO - Filling up the DagBag from /opt/airflow/dags/flex_eau_pipeline.py
[2026-07-28T05:15:12.514+0000] {processor.py:925} INFO - DAG(s) 'flex_eau_pipeline' retrieved from /opt/airflow/dags/flex_eau_pipeline.py
[2026-07-28T05:15:12.550+0000] {logging_mixin.py:190} INFO - [2026-07-28T05:15:12.550+0000] {dag.py:3211} INFO - Sync 1 DAGs
[2026-07-28T05:15:12.575+0000] {logging_mixin.py:190} INFO - [2026-07-28T05:15:12.575+0000] {dag.py:4138} INFO - Setting next_dagrun for flex_eau_pipeline to 2026-07-28 00:00:00+00:00, run_after=2026-07-29 00:00:00+00:00
[2026-07-28T05:15:12.597+0000] {processor.py:208} INFO - Processing /opt/airflow/dags/flex_eau_pipeline.py took 0.122 seconds
[2026-07-28T05:15:43.099+0000] {processor.py:186} INFO - Started process (PID=6968) to work on /opt/airflow/dags/flex_eau_pipeline.py
[2026-07-28T05:15:43.101+0000] {processor.py:914} INFO - Processing file /opt/airflow/dags/flex_eau_pipeline.py for tasks to queue
[2026-07-28T05:15:43.104+0000] {logging_mixin.py:190} INFO - [2026-07-28T05:15:43.103+0000] {dagbag.py:587} INFO - Filling up the DagBag from /opt/airflow/dags/flex_eau_pipeline.py
[2026-07-28T05:15:43.134+0000] {processor.py:925} INFO - DAG(s) 'flex_eau_pipeline' retrieved from /opt/airflow/dags/flex_eau_pipeline.py
[2026-07-28T05:15:43.175+0000] {logging_mixin.py:190} INFO - [2026-07-28T05:15:43.175+0000] {dag.py:3211} INFO - Sync 1 DAGs
[2026-07-28T05:15:43.200+0000] {logging_mixin.py:190} INFO - [2026-07-28T05:15:43.200+0000] {dag.py:4138} INFO - Setting next_dagrun for flex_eau_pipeline to 2026-07-28 00:00:00+00:00, run_after=2026-07-29 00:00:00+00:00
[2026-07-28T05:15:43.221+0000] {processor.py:208} INFO - Processing /opt/airflow/dags/flex_eau_pipeline.py took 0.130 seconds
[2026-07-28T05:16:13.761+0000] {processor.py:186} INFO - Started process (PID=6973) to work on /opt/airflow/dags/flex_eau_pipeline.py
[2026-07-28T05:16:13.762+0000] {processor.py:914} INFO - Processing file /opt/airflow/dags/flex_eau_pipeline.py for tasks to queue
[2026-07-28T05:16:13.765+0000] {logging_mixin.py:190} INFO - [2026-07-28T05:16:13.764+0000] {dagbag.py:587} INFO - Filling up the DagBag from /opt/airflow/dags/flex_eau_pipeline.py
[2026-07-28T05:16:13.791+0000] {processor.py:925} INFO - DAG(s) 'flex_eau_pipeline' retrieved from /opt/airflow/dags/flex_eau_pipeline.py
[2026-07-28T05:16:13.831+0000] {logging_mixin.py:190} INFO - [2026-07-28T05:16:13.831+0000] {dag.py:3211} INFO - Sync 1 DAGs
[2026-07-28T05:16:13.856+0000] {logging_mixin.py:190} INFO - [2026-07-28T05:16:13.856+0000] {dag.py:4138} INFO - Setting next_dagrun for flex_eau_pipeline to 2026-07-28 00:00:00+00:00, run_after=2026-07-29 00:00:00+00:00
[2026-07-28T05:16:13.880+0000] {processor.py:208} INFO - Processing /opt/airflow/dags/flex_eau_pipeline.py took 0.127 seconds
[2026-07-28T05:16:44.358+0000] {processor.py:186} INFO - Started process (PID=6978) to work on /opt/airflow/dags/flex_eau_pipeline.py
[2026-07-28T05:16:44.359+0000] {processor.py:914} INFO - Processing file /opt/airflow/dags/flex_eau_pipeline.py for tasks to queue
[2026-07-28T05:16:44.361+0000] {logging_mixin.py:190} INFO - [2026-07-28T05:16:44.361+0000] {dagbag.py:587} INFO - Filling up the DagBag from /opt/airflow/dags/flex_eau_pipeline.py
[2026-07-28T05:16:44.387+0000] {processor.py:925} INFO - DAG(s) 'flex_eau_pipeline' retrieved from /opt/airflow/dags/flex_eau_pipeline.py
[2026-07-28T05:16:44.426+0000] {logging_mixin.py:190} INFO - [2026-07-28T05:16:44.426+0000] {dag.py:3211} INFO - Sync 1 DAGs
[2026-07-28T05:16:44.454+0000] {logging_mixin.py:190} INFO - [2026-07-28T05:16:44.454+0000] {dag.py:4138} INFO - Setting next_dagrun for flex_eau_pipeline to 2026-07-28 00:00:00+00:00, run_after=2026-07-29 00:00:00+00:00
[2026-07-28T05:16:44.479+0000] {processor.py:208} INFO - Processing /opt/airflow/dags/flex_eau_pipeline.py took 0.129 seconds
[2026-07-28T05:17:14.936+0000] {processor.py:186} INFO - Started process (PID=6983) to work on /opt/airflow/dags/flex_eau_pipeline.py
[2026-07-28T05:17:14.937+0000] {processor.py:914} INFO - Processing file /opt/airflow/dags/flex_eau_pipeline.py for tasks to queue
[2026-07-28T05:17:14.939+0000] {logging_mixin.py:190} INFO - [2026-07-28T05:17:14.939+0000] {dagbag.py:587} INFO - Filling up the DagBag from /opt/airflow/dags/flex_eau_pipeline.py
[2026-07-28T05:17:14.968+0000] {processor.py:925} INFO - DAG(s) 'flex_eau_pipeline' retrieved from /opt/airflow/dags/flex_eau_pipeline.py
[2026-07-28T05:17:15.007+0000] {logging_mixin.py:190} INFO - [2026-07-28T05:17:15.007+0000] {dag.py:3211} INFO - Sync 1 DAGs
[2026-07-28T05:17:15.033+0000] {logging_mixin.py:190} INFO - [2026-07-28T05:17:15.033+0000] {dag.py:4138} INFO - Setting next_dagrun for flex_eau_pipeline to 2026-07-28 00:00:00+00:00, run_after=2026-07-29 00:00:00+00:00
[2026-07-28T05:17:15.057+0000] {processor.py:208} INFO - Processing /opt/airflow/dags/flex_eau_pipeline.py took 0.129 seconds
[2026-07-28T05:17:45.570+0000] {processor.py:186} INFO - Started process (PID=6988) to work on /opt/airflow/dags/flex_eau_pipeline.py
[2026-07-28T05:17:45.572+0000] {processor.py:914} INFO - Processing file /opt/airflow/dags/flex_eau_pipeline.py for tasks to queue
[2026-07-28T05:17:45.575+0000] {logging_mixin.py:190} INFO - [2026-07-28T05:17:45.575+0000] {dagbag.py:587} INFO - Filling up the DagBag from /opt/airflow/dags/flex_eau_pipeline.py
[2026-07-28T05:17:45.605+0000] {processor.py:925} INFO - DAG(s) 'flex_eau_pipeline' retrieved from /opt/airflow/dags/flex_eau_pipeline.py
[2026-07-28T05:17:45.661+0000] {logging_mixin.py:190} INFO - [2026-07-28T05:17:45.661+0000] {dag.py:3211} INFO - Sync 1 DAGs
[2026-07-28T05:17:45.692+0000] {logging_mixin.py:190} INFO - [2026-07-28T05:17:45.692+0000] {dag.py:4138} INFO - Setting next_dagrun for flex_eau_pipeline to 2026-07-28 00:00:00+00:00, run_after=2026-07-29 00:00:00+00:00
[2026-07-28T05:17:45.717+0000] {processor.py:208} INFO - Processing /opt/airflow/dags/flex_eau_pipeline.py took 0.157 seconds
[2026-07-28T05:18:16.249+0000] {processor.py:186} INFO - Started process (PID=6993) to work on /opt/airflow/dags/flex_eau_pipeline.py
[2026-07-28T05:18:16.250+0000] {processor.py:914} INFO - Processing file /opt/airflow/dags/flex_eau_pipeline.py for tasks to queue
[2026-07-28T05:18:16.254+0000] {logging_mixin.py:190} INFO - [2026-07-28T05:18:16.253+0000] {dagbag.py:587} INFO - Filling up the DagBag from /opt/airflow/dags/flex_eau_pipeline.py
[2026-07-28T05:18:16.279+0000] {processor.py:925} INFO - DAG(s) 'flex_eau_pipeline' retrieved from /opt/airflow/dags/flex_eau_pipeline.py
[2026-07-28T05:18:16.319+0000] {logging_mixin.py:190} INFO - [2026-07-28T05:18:16.319+0000] {dag.py:3211} INFO - Sync 1 DAGs
[2026-07-28T05:18:16.344+0000] {logging_mixin.py:190} INFO - [2026-07-28T05:18:16.344+0000] {dag.py:4138} INFO - Setting next_dagrun for flex_eau_pipeline to 2026-07-28 00:00:00+00:00, run_after=2026-07-29 00:00:00+00:00
[2026-07-28T05:18:16.367+0000] {processor.py:208} INFO - Processing /opt/airflow/dags/flex_eau_pipeline.py took 0.126 seconds
[2026-07-28T05:18:46.821+0000] {processor.py:186} INFO - Started process (PID=6998) to work on /opt/airflow/dags/flex_eau_pipeline.py
[2026-07-28T05:18:46.823+0000] {processor.py:914} INFO - Processing file /opt/airflow/dags/flex_eau_pipeline.py for tasks to queue
[2026-07-28T05:18:46.826+0000] {logging_mixin.py:190} INFO - [2026-07-28T05:18:46.825+0000] {dagbag.py:587} INFO - Filling up the DagBag from /opt/airflow/dags/flex_eau_pipeline.py
[2026-07-28T05:18:46.853+0000] {processor.py:925} INFO - DAG(s) 'flex_eau_pipeline' retrieved from /opt/airflow/dags/flex_eau_pipeline.py
[2026-07-28T05:18:46.893+0000] {logging_mixin.py:190} INFO - [2026-07-28T05:18:46.893+0000] {dag.py:3211} INFO - Sync 1 DAGs
[2026-07-28T05:18:46.920+0000] {logging_mixin.py:190} INFO - [2026-07-28T05:18:46.920+0000] {dag.py:4138} INFO - Setting next_dagrun for flex_eau_pipeline to 2026-07-28 00:00:00+00:00, run_after=2026-07-29 00:00:00+00:00
[2026-07-28T05:18:46.943+0000] {processor.py:208} INFO - Processing /opt/airflow/dags/flex_eau_pipeline.py took 0.133 seconds
[2026-07-28T05:19:17.399+0000] {processor.py:186} INFO - Started process (PID=7003) to work on /opt/airflow/dags/flex_eau_pipeline.py
[2026-07-28T05:19:17.400+0000] {processor.py:914} INFO - Processing file /opt/airflow/dags/flex_eau_pipeline.py for tasks to queue
[2026-07-28T05:19:17.402+0000] {logging_mixin.py:190} INFO - [2026-07-28T05:19:17.402+0000] {dagbag.py:587} INFO - Filling up the DagBag from /opt/airflow/dags/flex_eau_pipeline.py
[2026-07-28T05:19:17.432+0000] {processor.py:925} INFO - DAG(s) 'flex_eau_pipeline' retrieved from /opt/airflow/dags/flex_eau_pipeline.py
[2026-07-28T05:19:17.467+0000] {logging_mixin.py:190} INFO - [2026-07-28T05:19:17.467+0000] {dag.py:3211} INFO - Sync 1 DAGs
[2026-07-28T05:19:17.492+0000] {logging_mixin.py:190} INFO - [2026-07-28T05:19:17.492+0000] {dag.py:4138} INFO - Setting next_dagrun for flex_eau_pipeline to 2026-07-28 00:00:00+00:00, run_after=2026-07-29 00:00:00+00:00
[2026-07-28T05:19:17.514+0000] {processor.py:208} INFO - Processing /opt/airflow/dags/flex_eau_pipeline.py took 0.122 seconds
[2026-07-28T05:19:47.980+0000] {processor.py:186} INFO - Started process (PID=7008) to work on /opt/airflow/dags/flex_eau_pipeline.py
[2026-07-28T05:19:47.981+0000] {processor.py:914} INFO - Processing file /opt/airflow/dags/flex_eau_pipeline.py for tasks to queue
[2026-07-28T05:19:47.984+0000] {logging_mixin.py:190} INFO - [2026-07-28T05:19:47.984+0000] {dagbag.py:587} INFO - Filling up the DagBag from /opt/airflow/dags/flex_eau_pipeline.py
[2026-07-28T05:19:48.012+0000] {processor.py:925} INFO - DAG(s) 'flex_eau_pipeline' retrieved from /opt/airflow/dags/flex_eau_pipeline.py
[2026-07-28T05:19:48.050+0000] {logging_mixin.py:190} INFO - [2026-07-28T05:19:48.050+0000] {dag.py:3211} INFO - Sync 1 DAGs
[2026-07-28T05:19:48.074+0000] {logging_mixin.py:190} INFO - [2026-07-28T05:19:48.074+0000] {dag.py:4138} INFO - Setting next_dagrun for flex_eau_pipeline to 2026-07-28 00:00:00+00:00, run_after=2026-07-29 00:00:00+00:00
[2026-07-28T05:19:48.097+0000] {processor.py:208} INFO - Processing /opt/airflow/dags/flex_eau_pipeline.py took 0.124 seconds
[2026-07-28T05:20:18.531+0000] {processor.py:186} INFO - Started process (PID=7013) to work on /opt/airflow/dags/flex_eau_pipeline.py
[2026-07-28T05:20:18.532+0000] {processor.py:914} INFO - Processing file /opt/airflow/dags/flex_eau_pipeline.py for tasks to queue
[2026-07-28T05:20:18.535+0000] {logging_mixin.py:190} INFO - [2026-07-28T05:20:18.534+0000] {dagbag.py:587} INFO - Filling up the DagBag from /opt/airflow/dags/flex_eau_pipeline.py
[2026-07-28T05:20:18.566+0000] {processor.py:925} INFO - DAG(s) 'flex_eau_pipeline' retrieved from /opt/airflow/dags/flex_eau_pipeline.py
[2026-07-28T05:20:18.602+0000] {logging_mixin.py:190} INFO - [2026-07-28T05:20:18.601+0000] {dag.py:3211} INFO - Sync 1 DAGs
[2026-07-28T05:20:18.631+0000] {logging_mixin.py:190} INFO - [2026-07-28T05:20:18.630+0000] {dag.py:4138} INFO - Setting next_dagrun for flex_eau_pipeline to 2026-07-28 00:00:00+00:00, run_after=2026-07-29 00:00:00+00:00
[2026-07-28T05:20:18.655+0000] {processor.py:208} INFO - Processing /opt/airflow/dags/flex_eau_pipeline.py took 0.131 seconds
[2026-07-28T05:20:49.006+0000] {processor.py:186} INFO - Started process (PID=7018) to work on /opt/airflow/dags/flex_eau_pipeline.py
[2026-07-28T05:20:49.008+0000] {processor.py:914} INFO - Processing file /opt/airflow/dags/flex_eau_pipeline.py for tasks to queue
[2026-07-28T05:20:49.011+0000] {logging_mixin.py:190} INFO - [2026-07-28T05:20:49.010+0000] {dagbag.py:587} INFO - Filling up the DagBag from /opt/airflow/dags/flex_eau_pipeline.py
[2026-07-28T05:20:49.042+0000] {processor.py:925} INFO - DAG(s) 'flex_eau_pipeline' retrieved from /opt/airflow/dags/flex_eau_pipeline.py
[2026-07-28T05:20:49.088+0000] {logging_mixin.py:190} INFO - [2026-07-28T05:20:49.087+0000] {dag.py:3211} INFO - Sync 1 DAGs
[2026-07-28T05:20:49.121+0000] {logging_mixin.py:190} INFO - [2026-07-28T05:20:49.120+0000] {dag.py:4138} INFO - Setting next_dagrun for flex_eau_pipeline to 2026-07-28 00:00:00+00:00, run_after=2026-07-29 00:00:00+00:00
[2026-07-28T05:20:49.149+0000] {processor.py:208} INFO - Processing /opt/airflow/dags/flex_eau_pipeline.py took 0.151 seconds
[2026-07-28T05:21:19.608+0000] {processor.py:186} INFO - Started process (PID=7023) to work on /opt/airflow/dags/flex_eau_pipeline.py
[2026-07-28T05:21:19.610+0000] {processor.py:914} INFO - Processing file /opt/airflow/dags/flex_eau_pipeline.py for tasks to queue
[2026-07-28T05:21:19.613+0000] {logging_mixin.py:190} INFO - [2026-07-28T05:21:19.613+0000] {dagbag.py:587} INFO - Filling up the DagBag from /opt/airflow/dags/flex_eau_pipeline.py
[2026-07-28T05:21:19.647+0000] {processor.py:925} INFO - DAG(s) 'flex_eau_pipeline' retrieved from /opt/airflow/dags/flex_eau_pipeline.py
[2026-07-28T05:21:19.688+0000] {logging_mixin.py:190} INFO - [2026-07-28T05:21:19.688+0000] {dag.py:3211} INFO - Sync 1 DAGs
[2026-07-28T05:21:19.713+0000] {logging_mixin.py:190} INFO - [2026-07-28T05:21:19.713+0000] {dag.py:4138} INFO - Setting next_dagrun for flex_eau_pipeline to 2026-07-28 00:00:00+00:00, run_after=2026-07-29 00:00:00+00:00
[2026-07-28T05:21:19.738+0000] {processor.py:208} INFO - Processing /opt/airflow/dags/flex_eau_pipeline.py took 0.138 seconds
[2026-07-28T05:21:50.024+0000] {processor.py:186} INFO - Started process (PID=7028) to work on /opt/airflow/dags/flex_eau_pipeline.py
[2026-07-28T05:21:50.025+0000] {processor.py:914} INFO - Processing file /opt/airflow/dags/flex_eau_pipeline.py for tasks to queue
[2026-07-28T05:21:50.028+0000] {logging_mixin.py:190} INFO - [2026-07-28T05:21:50.028+0000] {dagbag.py:587} INFO - Filling up the DagBag from /opt/airflow/dags/flex_eau_pipeline.py
[2026-07-28T05:21:50.057+0000] {processor.py:925} INFO - DAG(s) 'flex_eau_pipeline' retrieved from /opt/airflow/dags/flex_eau_pipeline.py
[2026-07-28T05:21:50.101+0000] {logging_mixin.py:190} INFO - [2026-07-28T05:21:50.101+0000] {dag.py:3211} INFO - Sync 1 DAGs
[2026-07-28T05:21:50.130+0000] {logging_mixin.py:190} INFO - [2026-07-28T05:21:50.130+0000] {dag.py:4138} INFO - Setting next_dagrun for flex_eau_pipeline to 2026-07-28 00:00:00+00:00, run_after=2026-07-29 00:00:00+00:00
[2026-07-28T05:21:50.154+0000] {processor.py:208} INFO - Processing /opt/airflow/dags/flex_eau_pipeline.py took 0.139 seconds
[2026-07-28T05:22:20.642+0000] {processor.py:186} INFO - Started process (PID=7033) to work on /opt/airflow/dags/flex_eau_pipeline.py
[2026-07-28T05:22:20.644+0000] {processor.py:914} INFO - Processing file /opt/airflow/dags/flex_eau_pipeline.py for tasks to queue
[2026-07-28T05:22:20.646+0000] {logging_mixin.py:190} INFO - [2026-07-28T05:22:20.646+0000] {dagbag.py:587} INFO - Filling up the DagBag from /opt/airflow/dags/flex_eau_pipeline.py
[2026-07-28T05:22:20.676+0000] {processor.py:925} INFO - DAG(s) 'flex_eau_pipeline' retrieved from /opt/airflow/dags/flex_eau_pipeline.py
[2026-07-28T05:22:20.715+0000] {logging_mixin.py:190} INFO - [2026-07-28T05:22:20.715+0000] {dag.py:3211} INFO - Sync 1 DAGs
[2026-07-28T05:22:20.740+0000] {logging_mixin.py:190} INFO - [2026-07-28T05:22:20.740+0000] {dag.py:4138} INFO - Setting next_dagrun for flex_eau_pipeline to 2026-07-28 00:00:00+00:00, run_after=2026-07-29 00:00:00+00:00
[2026-07-28T05:22:20.764+0000] {processor.py:208} INFO - Processing /opt/airflow/dags/flex_eau_pipeline.py took 0.129 seconds
[2026-07-28T05:22:51.264+0000] {processor.py:186} INFO - Started process (PID=7038) to work on /opt/airflow/dags/flex_eau_pipeline.py
[2026-07-28T05:22:51.265+0000] {processor.py:914} INFO - Processing file /opt/airflow/dags/flex_eau_pipeline.py for tasks to queue
[2026-07-28T05:22:51.268+0000] {logging_mixin.py:190} INFO - [2026-07-28T05:22:51.268+0000] {dagbag.py:587} INFO - Filling up the DagBag from /opt/airflow/dags/flex_eau_pipeline.py
[2026-07-28T05:22:51.298+0000] {processor.py:925} INFO - DAG(s) 'flex_eau_pipeline' retrieved from /opt/airflow/dags/flex_eau_pipeline.py
[2026-07-28T05:22:51.337+0000] {logging_mixin.py:190} INFO - [2026-07-28T05:22:51.336+0000] {dag.py:3211} INFO - Sync 1 DAGs
[2026-07-28T05:22:51.362+0000] {logging_mixin.py:190} INFO - [2026-07-28T05:22:51.362+0000] {dag.py:4138} INFO - Setting next_dagrun for flex_eau_pipeline to 2026-07-28 00:00:00+00:00, run_after=2026-07-29 00:00:00+00:00
[2026-07-28T05:22:51.384+0000] {processor.py:208} INFO - Processing /opt/airflow/dags/flex_eau_pipeline.py took 0.128 seconds
[2026-07-28T05:23:21.817+0000] {processor.py:186} INFO - Started process (PID=7043) to work on /opt/airflow/dags/flex_eau_pipeline.py
[2026-07-28T05:23:21.818+0000] {processor.py:914} INFO - Processing file /opt/airflow/dags/flex_eau_pipeline.py for tasks to queue
[2026-07-28T05:23:21.820+0000] {logging_mixin.py:190} INFO - [2026-07-28T05:23:21.820+0000] {dagbag.py:587} INFO - Filling up the DagBag from /opt/airflow/dags/flex_eau_pipeline.py
[2026-07-28T05:23:21.848+0000] {processor.py:925} INFO - DAG(s) 'flex_eau_pipeline' retrieved from /opt/airflow/dags/flex_eau_pipeline.py
[2026-07-28T05:23:21.888+0000] {logging_mixin.py:190} INFO - [2026-07-28T05:23:21.887+0000] {dag.py:3211} INFO - Sync 1 DAGs
[2026-07-28T05:23:21.913+0000] {logging_mixin.py:190} INFO - [2026-07-28T05:23:21.912+0000] {dag.py:4138} INFO - Setting next_dagrun for flex_eau_pipeline to 2026-07-28 00:00:00+00:00, run_after=2026-07-29 00:00:00+00:00
[2026-07-28T05:23:21.935+0000] {processor.py:208} INFO - Processing /opt/airflow/dags/flex_eau_pipeline.py took 0.125 seconds
[2026-07-28T05:23:52.274+0000] {processor.py:186} INFO - Started process (PID=7048) to work on /opt/airflow/dags/flex_eau_pipeline.py
[2026-07-28T05:23:52.275+0000] {processor.py:914} INFO - Processing file /opt/airflow/dags/flex_eau_pipeline.py for tasks to queue
[2026-07-28T05:23:52.277+0000] {logging_mixin.py:190} INFO - [2026-07-28T05:23:52.277+0000] {dagbag.py:587} INFO - Filling up the DagBag from /opt/airflow/dags/flex_eau_pipeline.py
[2026-07-28T05:23:52.307+0000] {processor.py:925} INFO - DAG(s) 'flex_eau_pipeline' retrieved from /opt/airflow/dags/flex_eau_pipeline.py
[2026-07-28T05:23:52.348+0000] {logging_mixin.py:190} INFO - [2026-07-28T05:23:52.347+0000] {dag.py:3211} INFO - Sync 1 DAGs
[2026-07-28T05:23:52.373+0000] {logging_mixin.py:190} INFO - [2026-07-28T05:23:52.372+0000] {dag.py:4138} INFO - Setting next_dagrun for flex_eau_pipeline to 2026-07-28 00:00:00+00:00, run_after=2026-07-29 00:00:00+00:00
[2026-07-28T05:23:52.396+0000] {processor.py:208} INFO - Processing /opt/airflow/dags/flex_eau_pipeline.py took 0.130 seconds
[2026-07-28T05:24:22.886+0000] {processor.py:186} INFO - Started process (PID=7053) to work on /opt/airflow/dags/flex_eau_pipeline.py
[2026-07-28T05:24:22.888+0000] {processor.py:914} INFO - Processing file /opt/airflow/dags/flex_eau_pipeline.py for tasks to queue
[2026-07-28T05:24:22.890+0000] {logging_mixin.py:190} INFO - [2026-07-28T05:24:22.890+0000] {dagbag.py:587} INFO - Filling up the DagBag from /opt/airflow/dags/flex_eau_pipeline.py
[2026-07-28T05:24:22.918+0000] {processor.py:925} INFO - DAG(s) 'flex_eau_pipeline' retrieved from /opt/airflow/dags/flex_eau_pipeline.py
[2026-07-28T05:24:22.959+0000] {logging_mixin.py:190} INFO - [2026-07-28T05:24:22.958+0000] {dag.py:3211} INFO - Sync 1 DAGs
[2026-07-28T05:24:22.985+0000] {logging_mixin.py:190} INFO - [2026-07-28T05:24:22.984+0000] {dag.py:4138} INFO - Setting next_dagrun for flex_eau_pipeline to 2026-07-28 00:00:00+00:00, run_after=2026-07-29 00:00:00+00:00
[2026-07-28T05:24:23.005+0000] {processor.py:208} INFO - Processing /opt/airflow/dags/flex_eau_pipeline.py took 0.126 seconds
[2026-07-28T05:24:53.411+0000] {processor.py:186} INFO - Started process (PID=7058) to work on /opt/airflow/dags/flex_eau_pipeline.py
[2026-07-28T05:24:53.412+0000] {processor.py:914} INFO - Processing file /opt/airflow/dags/flex_eau_pipeline.py for tasks to queue
[2026-07-28T05:24:53.415+0000] {logging_mixin.py:190} INFO - [2026-07-28T05:24:53.414+0000] {dagbag.py:587} INFO - Filling up the DagBag from /opt/airflow/dags/flex_eau_pipeline.py
[2026-07-28T05:24:53.444+0000] {processor.py:925} INFO - DAG(s) 'flex_eau_pipeline' retrieved from /opt/airflow/dags/flex_eau_pipeline.py
[2026-07-28T05:24:53.485+0000] {logging_mixin.py:190} INFO - [2026-07-28T05:24:53.485+0000] {dag.py:3211} INFO - Sync 1 DAGs
[2026-07-28T05:24:53.510+0000] {logging_mixin.py:190} INFO - [2026-07-28T05:24:53.509+0000] {dag.py:4138} INFO - Setting next_dagrun for flex_eau_pipeline to 2026-07-28 00:00:00+00:00, run_after=2026-07-29 00:00:00+00:00
[2026-07-28T05:24:53.534+0000] {processor.py:208} INFO - Processing /opt/airflow/dags/flex_eau_pipeline.py took 0.131 seconds
[2026-07-28T05:25:24.003+0000] {processor.py:186} INFO - Started process (PID=7063) to work on /opt/airflow/dags/flex_eau_pipeline.py
[2026-07-28T05:25:24.005+0000] {processor.py:914} INFO - Processing file /opt/airflow/dags/flex_eau_pipeline.py for tasks to queue
[2026-07-28T05:25:24.007+0000] {logging_mixin.py:190} INFO - [2026-07-28T05:25:24.007+0000] {dagbag.py:587} INFO - Filling up the DagBag from /opt/airflow/dags/flex_eau_pipeline.py
[2026-07-28T05:25:24.038+0000] {processor.py:925} INFO - DAG(s) 'flex_eau_pipeline' retrieved from /opt/airflow/dags/flex_eau_pipeline.py
[2026-07-28T05:25:24.076+0000] {logging_mixin.py:190} INFO - [2026-07-28T05:25:24.076+0000] {dag.py:3211} INFO - Sync 1 DAGs
[2026-07-28T05:25:24.101+0000] {logging_mixin.py:190} INFO - [2026-07-28T05:25:24.101+0000] {dag.py:4138} INFO - Setting next_dagrun for flex_eau_pipeline to 2026-07-28 00:00:00+00:00, run_after=2026-07-29 00:00:00+00:00
[2026-07-28T05:25:24.124+0000] {processor.py:208} INFO - Processing /opt/airflow/dags/flex_eau_pipeline.py took 0.129 seconds
[2026-07-28T05:25:54.560+0000] {processor.py:186} INFO - Started process (PID=7068) to work on /opt/airflow/dags/flex_eau_pipeline.py
[2026-07-28T05:25:54.561+0000] {processor.py:914} INFO - Processing file /opt/airflow/dags/flex_eau_pipeline.py for tasks to queue
[2026-07-28T05:25:54.564+0000] {logging_mixin.py:190} INFO - [2026-07-28T05:25:54.564+0000] {dagbag.py:587} INFO - Filling up the DagBag from /opt/airflow/dags/flex_eau_pipeline.py
[2026-07-28T05:25:54.596+0000] {processor.py:925} INFO - DAG(s) 'flex_eau_pipeline' retrieved from /opt/airflow/dags/flex_eau_pipeline.py
[2026-07-28T05:25:54.634+0000] {logging_mixin.py:190} INFO - [2026-07-28T05:25:54.634+0000] {dag.py:3211} INFO - Sync 1 DAGs
[2026-07-28T05:25:54.661+0000] {logging_mixin.py:190} INFO - [2026-07-28T05:25:54.660+0000] {dag.py:4138} INFO - Setting next_dagrun for flex_eau_pipeline to 2026-07-28 00:00:00+00:00, run_after=2026-07-29 00:00:00+00:00
[2026-07-28T05:25:54.686+0000] {processor.py:208} INFO - Processing /opt/airflow/dags/flex_eau_pipeline.py took 0.134 seconds
[2026-07-28T05:26:25.208+0000] {processor.py:186} INFO - Started process (PID=7073) to work on /opt/airflow/dags/flex_eau_pipeline.py
[2026-07-28T05:26:25.209+0000] {processor.py:914} INFO - Processing file /opt/airflow/dags/flex_eau_pipeline.py for tasks to queue
[2026-07-28T05:26:25.212+0000] {logging_mixin.py:190} INFO - [2026-07-28T05:26:25.212+0000] {dagbag.py:587} INFO - Filling up the DagBag from /opt/airflow/dags/flex_eau_pipeline.py
[2026-07-28T05:26:25.245+0000] {processor.py:925} INFO - DAG(s) 'flex_eau_pipeline' retrieved from /opt/airflow/dags/flex_eau_pipeline.py
[2026-07-28T05:26:25.287+0000] {logging_mixin.py:190} INFO - [2026-07-28T05:26:25.287+0000] {dag.py:3211} INFO - Sync 1 DAGs
[2026-07-28T05:26:25.316+0000] {logging_mixin.py:190} INFO - [2026-07-28T05:26:25.316+0000] {dag.py:4138} INFO - Setting next_dagrun for flex_eau_pipeline to 2026-07-28 00:00:00+00:00, run_after=2026-07-29 00:00:00+00:00
[2026-07-28T05:26:25.340+0000] {processor.py:208} INFO - Processing /opt/airflow/dags/flex_eau_pipeline.py took 0.140 seconds
[2026-07-28T05:26:55.714+0000] {processor.py:186} INFO - Started process (PID=7078) to work on /opt/airflow/dags/flex_eau_pipeline.py
[2026-07-28T05:26:55.715+0000] {processor.py:914} INFO - Processing file /opt/airflow/dags/flex_eau_pipeline.py for tasks to queue
[2026-07-28T05:26:55.718+0000] {logging_mixin.py:190} INFO - [2026-07-28T05:26:55.718+0000] {dagbag.py:587} INFO - Filling up the DagBag from /opt/airflow/dags/flex_eau_pipeline.py
[2026-07-28T05:26:55.745+0000] {processor.py:925} INFO - DAG(s) 'flex_eau_pipeline' retrieved from /opt/airflow/dags/flex_eau_pipeline.py
[2026-07-28T05:26:55.785+0000] {logging_mixin.py:190} INFO - [2026-07-28T05:26:55.784+0000] {dag.py:3211} INFO - Sync 1 DAGs
[2026-07-28T05:26:55.809+0000] {logging_mixin.py:190} INFO - [2026-07-28T05:26:55.809+0000] {dag.py:4138} INFO - Setting next_dagrun for flex_eau_pipeline to 2026-07-28 00:00:00+00:00, run_after=2026-07-29 00:00:00+00:00
[2026-07-28T05:26:55.832+0000] {processor.py:208} INFO - Processing /opt/airflow/dags/flex_eau_pipeline.py took 0.126 seconds
[2026-07-28T05:27:26.515+0000] {processor.py:186} INFO - Started process (PID=7083) to work on /opt/airflow/dags/flex_eau_pipeline.py
[2026-07-28T05:27:26.516+0000] {processor.py:914} INFO - Processing file /opt/airflow/dags/flex_eau_pipeline.py for tasks to queue
[2026-07-28T05:27:26.519+0000] {logging_mixin.py:190} INFO - [2026-07-28T05:27:26.519+0000] {dagbag.py:587} INFO - Filling up the DagBag from /opt/airflow/dags/flex_eau_pipeline.py
[2026-07-28T05:27:26.550+0000] {processor.py:925} INFO - DAG(s) 'flex_eau_pipeline' retrieved from /opt/airflow/dags/flex_eau_pipeline.py
[2026-07-28T05:27:26.594+0000] {logging_mixin.py:190} INFO - [2026-07-28T05:27:26.594+0000] {dag.py:3211} INFO - Sync 1 DAGs
[2026-07-28T05:27:26.621+0000] {logging_mixin.py:190} INFO - [2026-07-28T05:27:26.621+0000] {dag.py:4138} INFO - Setting next_dagrun for flex_eau_pipeline to 2026-07-28 00:00:00+00:00, run_after=2026-07-29 00:00:00+00:00
[2026-07-28T05:27:26.643+0000] {processor.py:208} INFO - Processing /opt/airflow/dags/flex_eau_pipeline.py took 0.136 seconds
[2026-07-28T05:27:57.079+0000] {processor.py:186} INFO - Started process (PID=7088) to work on /opt/airflow/dags/flex_eau_pipeline.py
[2026-07-28T05:27:57.080+0000] {processor.py:914} INFO - Processing file /opt/airflow/dags/flex_eau_pipeline.py for tasks to queue
[2026-07-28T05:27:57.083+0000] {logging_mixin.py:190} INFO - [2026-07-28T05:27:57.082+0000] {dagbag.py:587} INFO - Filling up the DagBag from /opt/airflow/dags/flex_eau_pipeline.py
[2026-07-28T05:27:57.111+0000] {processor.py:925} INFO - DAG(s) 'flex_eau_pipeline' retrieved from /opt/airflow/dags/flex_eau_pipeline.py
[2026-07-28T05:27:57.148+0000] {logging_mixin.py:190} INFO - [2026-07-28T05:27:57.147+0000] {dag.py:3211} INFO - Sync 1 DAGs
[2026-07-28T05:27:57.179+0000] {logging_mixin.py:190} INFO - [2026-07-28T05:27:57.179+0000] {dag.py:4138} INFO - Setting next_dagrun for flex_eau_pipeline to 2026-07-28 00:00:00+00:00, run_after=2026-07-29 00:00:00+00:00
[2026-07-28T05:27:57.204+0000] {processor.py:208} INFO - Processing /opt/airflow/dags/flex_eau_pipeline.py took 0.132 seconds
[2026-07-28T05:28:27.622+0000] {processor.py:186} INFO - Started process (PID=7093) to work on /opt/airflow/dags/flex_eau_pipeline.py
[2026-07-28T05:28:27.624+0000] {processor.py:914} INFO - Processing file /opt/airflow/dags/flex_eau_pipeline.py for tasks to queue
[2026-07-28T05:28:27.626+0000] {logging_mixin.py:190} INFO - [2026-07-28T05:28:27.626+0000] {dagbag.py:587} INFO - Filling up the DagBag from /opt/airflow/dags/flex_eau_pipeline.py
[2026-07-28T05:28:27.656+0000] {processor.py:925} INFO - DAG(s) 'flex_eau_pipeline' retrieved from /opt/airflow/dags/flex_eau_pipeline.py
[2026-07-28T05:28:27.694+0000] {logging_mixin.py:190} INFO - [2026-07-28T05:28:27.693+0000] {dag.py:3211} INFO - Sync 1 DAGs
[2026-07-28T05:28:27.722+0000] {logging_mixin.py:190} INFO - [2026-07-28T05:28:27.722+0000] {dag.py:4138} INFO - Setting next_dagrun for flex_eau_pipeline to 2026-07-28 00:00:00+00:00, run_after=2026-07-29 00:00:00+00:00
[2026-07-28T05:28:27.743+0000] {processor.py:208} INFO - Processing /opt/airflow/dags/flex_eau_pipeline.py took 0.128 seconds
[2026-07-28T05:28:58.322+0000] {processor.py:186} INFO - Started process (PID=7098) to work on /opt/airflow/dags/flex_eau_pipeline.py
[2026-07-28T05:28:58.325+0000] {processor.py:914} INFO - Processing file /opt/airflow/dags/flex_eau_pipeline.py for tasks to queue
[2026-07-28T05:28:58.329+0000] {logging_mixin.py:190} INFO - [2026-07-28T05:28:58.329+0000] {dagbag.py:587} INFO - Filling up the DagBag from /opt/airflow/dags/flex_eau_pipeline.py
[2026-07-28T05:28:58.357+0000] {processor.py:925} INFO - DAG(s) 'flex_eau_pipeline' retrieved from /opt/airflow/dags/flex_eau_pipeline.py
[2026-07-28T05:28:58.394+0000] {logging_mixin.py:190} INFO - [2026-07-28T05:28:58.394+0000] {dag.py:3211} INFO - Sync 1 DAGs
[2026-07-28T05:28:58.419+0000] {logging_mixin.py:190} INFO - [2026-07-28T05:28:58.418+0000] {dag.py:4138} INFO - Setting next_dagrun for flex_eau_pipeline to 2026-07-28 00:00:00+00:00, run_after=2026-07-29 00:00:00+00:00
[2026-07-28T05:28:58.451+0000] {processor.py:208} INFO - Processing /opt/airflow/dags/flex_eau_pipeline.py took 0.140 seconds
[2026-07-28T05:29:28.895+0000] {processor.py:186} INFO - Started process (PID=7103) to work on /opt/airflow/dags/flex_eau_pipeline.py
[2026-07-28T05:29:28.896+0000] {processor.py:914} INFO - Processing file /opt/airflow/dags/flex_eau_pipeline.py for tasks to queue
[2026-07-28T05:29:28.900+0000] {logging_mixin.py:190} INFO - [2026-07-28T05:29:28.900+0000] {dagbag.py:587} INFO - Filling up the DagBag from /opt/airflow/dags/flex_eau_pipeline.py
[2026-07-28T05:29:28.936+0000] {processor.py:925} INFO - DAG(s) 'flex_eau_pipeline' retrieved from /opt/airflow/dags/flex_eau_pipeline.py
[2026-07-28T05:29:28.980+0000] {logging_mixin.py:190} INFO - [2026-07-28T05:29:28.980+0000] {dag.py:3211} INFO - Sync 1 DAGs
[2026-07-28T05:29:29.007+0000] {logging_mixin.py:190} INFO - [2026-07-28T05:29:29.007+0000] {dag.py:4138} INFO - Setting next_dagrun for flex_eau_pipeline to 2026-07-28 00:00:00+00:00, run_after=2026-07-29 00:00:00+00:00
[2026-07-28T05:29:29.031+0000] {processor.py:208} INFO - Processing /opt/airflow/dags/flex_eau_pipeline.py took 0.147 seconds
[2026-07-28T05:29:59.476+0000] {processor.py:186} INFO - Started process (PID=7108) to work on /opt/airflow/dags/flex_eau_pipeline.py
[2026-07-28T05:29:59.478+0000] {processor.py:914} INFO - Processing file /opt/airflow/dags/flex_eau_pipeline.py for tasks to queue
[2026-07-28T05:29:59.482+0000] {logging_mixin.py:190} INFO - [2026-07-28T05:29:59.481+0000] {dagbag.py:587} INFO - Filling up the DagBag from /opt/airflow/dags/flex_eau_pipeline.py
[2026-07-28T05:29:59.511+0000] {processor.py:925} INFO - DAG(s) 'flex_eau_pipeline' retrieved from /opt/airflow/dags/flex_eau_pipeline.py
[2026-07-28T05:29:59.547+0000] {logging_mixin.py:190} INFO - [2026-07-28T05:29:59.547+0000] {dag.py:3211} INFO - Sync 1 DAGs
[2026-07-28T05:29:59.573+0000] {logging_mixin.py:190} INFO - [2026-07-28T05:29:59.573+0000] {dag.py:4138} INFO - Setting next_dagrun for flex_eau_pipeline to 2026-07-28 00:00:00+00:00, run_after=2026-07-29 00:00:00+00:00
[2026-07-28T05:29:59.599+0000] {processor.py:208} INFO - Processing /opt/airflow/dags/flex_eau_pipeline.py took 0.130 seconds
[2026-07-28T05:30:30.093+0000] {processor.py:186} INFO - Started process (PID=7113) to work on /opt/airflow/dags/flex_eau_pipeline.py
[2026-07-28T05:30:30.095+0000] {processor.py:914} INFO - Processing file /opt/airflow/dags/flex_eau_pipeline.py for tasks to queue
[2026-07-28T05:30:30.097+0000] {logging_mixin.py:190} INFO - [2026-07-28T05:30:30.097+0000] {dagbag.py:587} INFO - Filling up the DagBag from /opt/airflow/dags/flex_eau_pipeline.py
[2026-07-28T05:30:30.125+0000] {processor.py:925} INFO - DAG(s) 'flex_eau_pipeline' retrieved from /opt/airflow/dags/flex_eau_pipeline.py
[2026-07-28T05:30:30.162+0000] {logging_mixin.py:190} INFO - [2026-07-28T05:30:30.162+0000] {dag.py:3211} INFO - Sync 1 DAGs
[2026-07-28T05:30:30.186+0000] {logging_mixin.py:190} INFO - [2026-07-28T05:30:30.185+0000] {dag.py:4138} INFO - Setting next_dagrun for flex_eau_pipeline to 2026-07-28 00:00:00+00:00, run_after=2026-07-29 00:00:00+00:00
[2026-07-28T05:30:30.209+0000] {processor.py:208} INFO - Processing /opt/airflow/dags/flex_eau_pipeline.py took 0.123 seconds
[2026-07-28T05:31:00.670+0000] {processor.py:186} INFO - Started process (PID=7118) to work on /opt/airflow/dags/flex_eau_pipeline.py
[2026-07-28T05:31:00.671+0000] {processor.py:914} INFO - Processing file /opt/airflow/dags/flex_eau_pipeline.py for tasks to queue
[2026-07-28T05:31:00.673+0000] {logging_mixin.py:190} INFO - [2026-07-28T05:31:00.673+0000] {dagbag.py:587} INFO - Filling up the DagBag from /opt/airflow/dags/flex_eau_pipeline.py
[2026-07-28T05:31:00.699+0000] {processor.py:925} INFO - DAG(s) 'flex_eau_pipeline' retrieved from /opt/airflow/dags/flex_eau_pipeline.py
[2026-07-28T05:31:00.737+0000] {logging_mixin.py:190} INFO - [2026-07-28T05:31:00.737+0000] {dag.py:3211} INFO - Sync 1 DAGs
[2026-07-28T05:31:00.762+0000] {logging_mixin.py:190} INFO - [2026-07-28T05:31:00.762+0000] {dag.py:4138} INFO - Setting next_dagrun for flex_eau_pipeline to 2026-07-28 00:00:00+00:00, run_after=2026-07-29 00:00:00+00:00
[2026-07-28T05:31:00.782+0000] {processor.py:208} INFO - Processing /opt/airflow/dags/flex_eau_pipeline.py took 0.120 seconds
[2026-07-28T05:31:31.219+0000] {processor.py:186} INFO - Started process (PID=7123) to work on /opt/airflow/dags/flex_eau_pipeline.py
[2026-07-28T05:31:31.220+0000] {processor.py:914} INFO - Processing file /opt/airflow/dags/flex_eau_pipeline.py for tasks to queue
[2026-07-28T05:31:31.223+0000] {logging_mixin.py:190} INFO - [2026-07-28T05:31:31.223+0000] {dagbag.py:587} INFO - Filling up the DagBag from /opt/airflow/dags/flex_eau_pipeline.py
[2026-07-28T05:31:31.252+0000] {processor.py:925} INFO - DAG(s) 'flex_eau_pipeline' retrieved from /opt/airflow/dags/flex_eau_pipeline.py
[2026-07-28T05:31:31.288+0000] {logging_mixin.py:190} INFO - [2026-07-28T05:31:31.288+0000] {dag.py:3211} INFO - Sync 1 DAGs
[2026-07-28T05:31:31.313+0000] {logging_mixin.py:190} INFO - [2026-07-28T05:31:31.313+0000] {dag.py:4138} INFO - Setting next_dagrun for flex_eau_pipeline to 2026-07-28 00:00:00+00:00, run_after=2026-07-29 00:00:00+00:00
[2026-07-28T05:31:31.336+0000] {processor.py:208} INFO - Processing /opt/airflow/dags/flex_eau_pipeline.py took 0.124 seconds
[2026-07-28T05:32:01.836+0000] {processor.py:186} INFO - Started process (PID=7128) to work on /opt/airflow/dags/flex_eau_pipeline.py
[2026-07-28T05:32:01.838+0000] {processor.py:914} INFO - Processing file /opt/airflow/dags/flex_eau_pipeline.py for tasks to queue
[2026-07-28T05:32:01.840+0000] {logging_mixin.py:190} INFO - [2026-07-28T05:32:01.840+0000] {dagbag.py:587} INFO - Filling up the DagBag from /opt/airflow/dags/flex_eau_pipeline.py
[2026-07-28T05:32:01.867+0000] {processor.py:925} INFO - DAG(s) 'flex_eau_pipeline' retrieved from /opt/airflow/dags/flex_eau_pipeline.py
[2026-07-28T05:32:01.903+0000] {logging_mixin.py:190} INFO - [2026-07-28T05:32:01.903+0000] {dag.py:3211} INFO - Sync 1 DAGs
[2026-07-28T05:32:01.928+0000] {logging_mixin.py:190} INFO - [2026-07-28T05:32:01.927+0000] {dag.py:4138} INFO - Setting next_dagrun for flex_eau_pipeline to 2026-07-28 00:00:00+00:00, run_after=2026-07-29 00:00:00+00:00
[2026-07-28T05:32:01.951+0000] {processor.py:208} INFO - Processing /opt/airflow/dags/flex_eau_pipeline.py took 0.121 seconds
[2026-07-28T05:32:32.368+0000] {processor.py:186} INFO - Started process (PID=7133) to work on /opt/airflow/dags/flex_eau_pipeline.py
[2026-07-28T05:32:32.369+0000] {processor.py:914} INFO - Processing file /opt/airflow/dags/flex_eau_pipeline.py for tasks to queue
[2026-07-28T05:32:32.371+0000] {logging_mixin.py:190} INFO - [2026-07-28T05:32:32.371+0000] {dagbag.py:587} INFO - Filling up the DagBag from /opt/airflow/dags/flex_eau_pipeline.py
[2026-07-28T05:32:32.397+0000] {processor.py:925} INFO - DAG(s) 'flex_eau_pipeline' retrieved from /opt/airflow/dags/flex_eau_pipeline.py
[2026-07-28T05:32:32.436+0000] {logging_mixin.py:190} INFO - [2026-07-28T05:32:32.435+0000] {dag.py:3211} INFO - Sync 1 DAGs
[2026-07-28T05:32:32.461+0000] {logging_mixin.py:190} INFO - [2026-07-28T05:32:32.461+0000] {dag.py:4138} INFO - Setting next_dagrun for flex_eau_pipeline to 2026-07-28 00:00:00+00:00, run_after=2026-07-29 00:00:00+00:00
[2026-07-28T05:32:32.486+0000] {processor.py:208} INFO - Processing /opt/airflow/dags/flex_eau_pipeline.py took 0.125 seconds
[2026-07-28T05:33:03.089+0000] {processor.py:186} INFO - Started process (PID=7138) to work on /opt/airflow/dags/flex_eau_pipeline.py
[2026-07-28T05:33:03.090+0000] {processor.py:914} INFO - Processing file /opt/airflow/dags/flex_eau_pipeline.py for tasks to queue
[2026-07-28T05:33:03.093+0000] {logging_mixin.py:190} INFO - [2026-07-28T05:33:03.093+0000] {dagbag.py:587} INFO - Filling up the DagBag from /opt/airflow/dags/flex_eau_pipeline.py
[2026-07-28T05:33:03.118+0000] {processor.py:925} INFO - DAG(s) 'flex_eau_pipeline' retrieved from /opt/airflow/dags/flex_eau_pipeline.py
[2026-07-28T05:33:03.154+0000] {logging_mixin.py:190} INFO - [2026-07-28T05:33:03.153+0000] {dag.py:3211} INFO - Sync 1 DAGs
[2026-07-28T05:33:03.179+0000] {logging_mixin.py:190} INFO - [2026-07-28T05:33:03.178+0000] {dag.py:4138} INFO - Setting next_dagrun for flex_eau_pipeline to 2026-07-28 00:00:00+00:00, run_after=2026-07-29 00:00:00+00:00
[2026-07-28T05:33:03.201+0000] {processor.py:208} INFO - Processing /opt/airflow/dags/flex_eau_pipeline.py took 0.118 seconds
[2026-07-28T05:33:33.629+0000] {processor.py:186} INFO - Started process (PID=7143) to work on /opt/airflow/dags/flex_eau_pipeline.py
[2026-07-28T05:33:33.630+0000] {processor.py:914} INFO - Processing file /opt/airflow/dags/flex_eau_pipeline.py for tasks to queue
[2026-07-28T05:33:33.632+0000] {logging_mixin.py:190} INFO - [2026-07-28T05:33:33.632+0000] {dagbag.py:587} INFO - Filling up the DagBag from /opt/airflow/dags/flex_eau_pipeline.py
[2026-07-28T05:33:33.658+0000] {processor.py:925} INFO - DAG(s) 'flex_eau_pipeline' retrieved from /opt/airflow/dags/flex_eau_pipeline.py
[2026-07-28T05:33:33.695+0000] {logging_mixin.py:190} INFO - [2026-07-28T05:33:33.695+0000] {dag.py:3211} INFO - Sync 1 DAGs
[2026-07-28T05:33:33.721+0000] {logging_mixin.py:190} INFO - [2026-07-28T05:33:33.721+0000] {dag.py:4138} INFO - Setting next_dagrun for flex_eau_pipeline to 2026-07-28 00:00:00+00:00, run_after=2026-07-29 00:00:00+00:00
[2026-07-28T05:33:33.742+0000] {processor.py:208} INFO - Processing /opt/airflow/dags/flex_eau_pipeline.py took 0.120 seconds
[2026-07-28T05:34:04.274+0000] {processor.py:186} INFO - Started process (PID=7148) to work on /opt/airflow/dags/flex_eau_pipeline.py
[2026-07-28T05:34:04.275+0000] {processor.py:914} INFO - Processing file /opt/airflow/dags/flex_eau_pipeline.py for tasks to queue
[2026-07-28T05:34:04.277+0000] {logging_mixin.py:190} INFO - [2026-07-28T05:34:04.277+0000] {dagbag.py:587} INFO - Filling up the DagBag from /opt/airflow/dags/flex_eau_pipeline.py
[2026-07-28T05:34:04.303+0000] {processor.py:925} INFO - DAG(s) 'flex_eau_pipeline' retrieved from /opt/airflow/dags/flex_eau_pipeline.py
[2026-07-28T05:34:04.340+0000] {logging_mixin.py:190} INFO - [2026-07-28T05:34:04.340+0000] {dag.py:3211} INFO - Sync 1 DAGs
[2026-07-28T05:34:04.365+0000] {logging_mixin.py:190} INFO - [2026-07-28T05:34:04.364+0000] {dag.py:4138} INFO - Setting next_dagrun for flex_eau_pipeline to 2026-07-28 00:00:00+00:00, run_after=2026-07-29 00:00:00+00:00
[2026-07-28T05:34:04.388+0000] {processor.py:208} INFO - Processing /opt/airflow/dags/flex_eau_pipeline.py took 0.121 seconds
[2026-07-28T05:34:34.761+0000] {processor.py:186} INFO - Started process (PID=7153) to work on /opt/airflow/dags/flex_eau_pipeline.py
[2026-07-28T05:34:34.762+0000] {processor.py:914} INFO - Processing file /opt/airflow/dags/flex_eau_pipeline.py for tasks to queue
[2026-07-28T05:34:34.765+0000] {logging_mixin.py:190} INFO - [2026-07-28T05:34:34.765+0000] {dagbag.py:587} INFO - Filling up the DagBag from /opt/airflow/dags/flex_eau_pipeline.py
[2026-07-28T05:34:34.793+0000] {processor.py:925} INFO - DAG(s) 'flex_eau_pipeline' retrieved from /opt/airflow/dags/flex_eau_pipeline.py
[2026-07-28T05:34:34.833+0000] {logging_mixin.py:190} INFO - [2026-07-28T05:34:34.833+0000] {dag.py:3211} INFO - Sync 1 DAGs
[2026-07-28T05:34:34.859+0000] {logging_mixin.py:190} INFO - [2026-07-28T05:34:34.859+0000] {dag.py:4138} INFO - Setting next_dagrun for flex_eau_pipeline to 2026-07-28 00:00:00+00:00, run_after=2026-07-29 00:00:00+00:00
[2026-07-28T05:34:34.881+0000] {processor.py:208} INFO - Processing /opt/airflow/dags/flex_eau_pipeline.py took 0.127 seconds
[2026-07-28T05:35:05.385+0000] {processor.py:186} INFO - Started process (PID=7158) to work on /opt/airflow/dags/flex_eau_pipeline.py
[2026-07-28T05:35:05.386+0000] {processor.py:914} INFO - Processing file /opt/airflow/dags/flex_eau_pipeline.py for tasks to queue
[2026-07-28T05:35:05.388+0000] {logging_mixin.py:190} INFO - [2026-07-28T05:35:05.388+0000] {dagbag.py:587} INFO - Filling up the DagBag from /opt/airflow/dags/flex_eau_pipeline.py
[2026-07-28T05:35:05.415+0000] {processor.py:925} INFO - DAG(s) 'flex_eau_pipeline' retrieved from /opt/airflow/dags/flex_eau_pipeline.py
[2026-07-28T05:35:05.454+0000] {logging_mixin.py:190} INFO - [2026-07-28T05:35:05.453+0000] {dag.py:3211} INFO - Sync 1 DAGs
[2026-07-28T05:35:05.478+0000] {logging_mixin.py:190} INFO - [2026-07-28T05:35:05.477+0000] {dag.py:4138} INFO - Setting next_dagrun for flex_eau_pipeline to 2026-07-28 00:00:00+00:00, run_after=2026-07-29 00:00:00+00:00
[2026-07-28T05:35:05.503+0000] {processor.py:208} INFO - Processing /opt/airflow/dags/flex_eau_pipeline.py took 0.124 seconds
[2026-07-28T05:35:35.874+0000] {processor.py:186} INFO - Started process (PID=7163) to work on /opt/airflow/dags/flex_eau_pipeline.py
[2026-07-28T05:35:35.876+0000] {processor.py:914} INFO - Processing file /opt/airflow/dags/flex_eau_pipeline.py for tasks to queue
[2026-07-28T05:35:35.878+0000] {logging_mixin.py:190} INFO - [2026-07-28T05:35:35.878+0000] {dagbag.py:587} INFO - Filling up the DagBag from /opt/airflow/dags/flex_eau_pipeline.py
[2026-07-28T05:35:35.906+0000] {processor.py:925} INFO - DAG(s) 'flex_eau_pipeline' retrieved from /opt/airflow/dags/flex_eau_pipeline.py
[2026-07-28T05:35:35.945+0000] {logging_mixin.py:190} INFO - [2026-07-28T05:35:35.945+0000] {dag.py:3211} INFO - Sync 1 DAGs
[2026-07-28T05:35:35.971+0000] {logging_mixin.py:190} INFO - [2026-07-28T05:35:35.971+0000] {dag.py:4138} INFO - Setting next_dagrun for flex_eau_pipeline to 2026-07-28 00:00:00+00:00, run_after=2026-07-29 00:00:00+00:00
[2026-07-28T05:35:35.995+0000] {processor.py:208} INFO - Processing /opt/airflow/dags/flex_eau_pipeline.py took 0.128 seconds
[2026-07-28T05:36:06.571+0000] {processor.py:186} INFO - Started process (PID=7168) to work on /opt/airflow/dags/flex_eau_pipeline.py
[2026-07-28T05:36:06.572+0000] {processor.py:914} INFO - Processing file /opt/airflow/dags/flex_eau_pipeline.py for tasks to queue
[2026-07-28T05:36:06.574+0000] {logging_mixin.py:190} INFO - [2026-07-28T05:36:06.574+0000] {dagbag.py:587} INFO - Filling up the DagBag from /opt/airflow/dags/flex_eau_pipeline.py
[2026-07-28T05:36:06.603+0000] {processor.py:925} INFO - DAG(s) 'flex_eau_pipeline' retrieved from /opt/airflow/dags/flex_eau_pipeline.py
[2026-07-28T05:36:06.642+0000] {logging_mixin.py:190} INFO - [2026-07-28T05:36:06.641+0000] {dag.py:3211} INFO - Sync 1 DAGs
[2026-07-28T05:36:06.667+0000] {logging_mixin.py:190} INFO - [2026-07-28T05:36:06.666+0000] {dag.py:4138} INFO - Setting next_dagrun for flex_eau_pipeline to 2026-07-28 00:00:00+00:00, run_after=2026-07-29 00:00:00+00:00
[2026-07-28T05:36:06.689+0000] {processor.py:208} INFO - Processing /opt/airflow/dags/flex_eau_pipeline.py took 0.126 seconds
[2026-07-28T05:36:37.191+0000] {processor.py:186} INFO - Started process (PID=7173) to work on /opt/airflow/dags/flex_eau_pipeline.py
[2026-07-28T05:36:37.192+0000] {processor.py:914} INFO - Processing file /opt/airflow/dags/flex_eau_pipeline.py for tasks to queue
[2026-07-28T05:36:37.195+0000] {logging_mixin.py:190} INFO - [2026-07-28T05:36:37.195+0000] {dagbag.py:587} INFO - Filling up the DagBag from /opt/airflow/dags/flex_eau_pipeline.py
[2026-07-28T05:36:37.224+0000] {processor.py:925} INFO - DAG(s) 'flex_eau_pipeline' retrieved from /opt/airflow/dags/flex_eau_pipeline.py
[2026-07-28T05:36:37.264+0000] {logging_mixin.py:190} INFO - [2026-07-28T05:36:37.264+0000] {dag.py:3211} INFO - Sync 1 DAGs
[2026-07-28T05:36:37.288+0000] {logging_mixin.py:190} INFO - [2026-07-28T05:36:37.288+0000] {dag.py:4138} INFO - Setting next_dagrun for flex_eau_pipeline to 2026-07-28 00:00:00+00:00, run_after=2026-07-29 00:00:00+00:00
[2026-07-28T05:36:37.312+0000] {processor.py:208} INFO - Processing /opt/airflow/dags/flex_eau_pipeline.py took 0.127 seconds
[2026-07-28T05:37:07.780+0000] {processor.py:186} INFO - Started process (PID=7178) to work on /opt/airflow/dags/flex_eau_pipeline.py
[2026-07-28T05:37:07.782+0000] {processor.py:914} INFO - Processing file /opt/airflow/dags/flex_eau_pipeline.py for tasks to queue
[2026-07-28T05:37:07.785+0000] {logging_mixin.py:190} INFO - [2026-07-28T05:37:07.785+0000] {dagbag.py:587} INFO - Filling up the DagBag from /opt/airflow/dags/flex_eau_pipeline.py
[2026-07-28T05:37:07.815+0000] {processor.py:925} INFO - DAG(s) 'flex_eau_pipeline' retrieved from /opt/airflow/dags/flex_eau_pipeline.py
[2026-07-28T05:37:07.852+0000] {logging_mixin.py:190} INFO - [2026-07-28T05:37:07.851+0000] {dag.py:3211} INFO - Sync 1 DAGs
[2026-07-28T05:37:07.877+0000] {logging_mixin.py:190} INFO - [2026-07-28T05:37:07.877+0000] {dag.py:4138} INFO - Setting next_dagrun for flex_eau_pipeline to 2026-07-28 00:00:00+00:00, run_after=2026-07-29 00:00:00+00:00
[2026-07-28T05:37:07.900+0000] {processor.py:208} INFO - Processing /opt/airflow/dags/flex_eau_pipeline.py took 0.128 seconds
[2026-07-28T05:37:38.360+0000] {processor.py:186} INFO - Started process (PID=7183) to work on /opt/airflow/dags/flex_eau_pipeline.py
[2026-07-28T05:37:38.361+0000] {processor.py:914} INFO - Processing file /opt/airflow/dags/flex_eau_pipeline.py for tasks to queue
[2026-07-28T05:37:38.364+0000] {logging_mixin.py:190} INFO - [2026-07-28T05:37:38.363+0000] {dagbag.py:587} INFO - Filling up the DagBag from /opt/airflow/dags/flex_eau_pipeline.py
[2026-07-28T05:37:38.391+0000] {processor.py:925} INFO - DAG(s) 'flex_eau_pipeline' retrieved from /opt/airflow/dags/flex_eau_pipeline.py
[2026-07-28T05:37:38.430+0000] {logging_mixin.py:190} INFO - [2026-07-28T05:37:38.429+0000] {dag.py:3211} INFO - Sync 1 DAGs
[2026-07-28T05:37:38.454+0000] {logging_mixin.py:190} INFO - [2026-07-28T05:37:38.454+0000] {dag.py:4138} INFO - Setting next_dagrun for flex_eau_pipeline to 2026-07-28 00:00:00+00:00, run_after=2026-07-29 00:00:00+00:00
[2026-07-28T05:37:38.478+0000] {processor.py:208} INFO - Processing /opt/airflow/dags/flex_eau_pipeline.py took 0.124 seconds
[2026-07-28T05:38:08.954+0000] {processor.py:186} INFO - Started process (PID=7188) to work on /opt/airflow/dags/flex_eau_pipeline.py
[2026-07-28T05:38:08.955+0000] {processor.py:914} INFO - Processing file /opt/airflow/dags/flex_eau_pipeline.py for tasks to queue
[2026-07-28T05:38:08.958+0000] {logging_mixin.py:190} INFO - [2026-07-28T05:38:08.957+0000] {dagbag.py:587} INFO - Filling up the DagBag from /opt/airflow/dags/flex_eau_pipeline.py
[2026-07-28T05:38:08.985+0000] {processor.py:925} INFO - DAG(s) 'flex_eau_pipeline' retrieved from /opt/airflow/dags/flex_eau_pipeline.py
[2026-07-28T05:38:09.025+0000] {logging_mixin.py:190} INFO - [2026-07-28T05:38:09.025+0000] {dag.py:3211} INFO - Sync 1 DAGs
[2026-07-28T05:38:09.054+0000] {logging_mixin.py:190} INFO - [2026-07-28T05:38:09.053+0000] {dag.py:4138} INFO - Setting next_dagrun for flex_eau_pipeline to 2026-07-28 00:00:00+00:00, run_after=2026-07-29 00:00:00+00:00
[2026-07-28T05:38:09.077+0000] {processor.py:208} INFO - Processing /opt/airflow/dags/flex_eau_pipeline.py took 0.131 seconds
[2026-07-28T05:38:39.384+0000] {processor.py:186} INFO - Started process (PID=7193) to work on /opt/airflow/dags/flex_eau_pipeline.py
[2026-07-28T05:38:39.385+0000] {processor.py:914} INFO - Processing file /opt/airflow/dags/flex_eau_pipeline.py for tasks to queue
[2026-07-28T05:38:39.388+0000] {logging_mixin.py:190} INFO - [2026-07-28T05:38:39.388+0000] {dagbag.py:587} INFO - Filling up the DagBag from /opt/airflow/dags/flex_eau_pipeline.py
[2026-07-28T05:38:39.417+0000] {processor.py:925} INFO - DAG(s) 'flex_eau_pipeline' retrieved from /opt/airflow/dags/flex_eau_pipeline.py
[2026-07-28T05:38:39.455+0000] {logging_mixin.py:190} INFO - [2026-07-28T05:38:39.455+0000] {dag.py:3211} INFO - Sync 1 DAGs
[2026-07-28T05:38:39.480+0000] {logging_mixin.py:190} INFO - [2026-07-28T05:38:39.480+0000] {dag.py:4138} INFO - Setting next_dagrun for flex_eau_pipeline to 2026-07-28 00:00:00+00:00, run_after=2026-07-29 00:00:00+00:00
[2026-07-28T05:38:39.503+0000] {processor.py:208} INFO - Processing /opt/airflow/dags/flex_eau_pipeline.py took 0.129 seconds
[2026-07-28T05:39:09.814+0000] {processor.py:186} INFO - Started process (PID=7198) to work on /opt/airflow/dags/flex_eau_pipeline.py
[2026-07-28T05:39:09.815+0000] {processor.py:914} INFO - Processing file /opt/airflow/dags/flex_eau_pipeline.py for tasks to queue
[2026-07-28T05:39:09.818+0000] {logging_mixin.py:190} INFO - [2026-07-28T05:39:09.818+0000] {dagbag.py:587} INFO - Filling up the DagBag from /opt/airflow/dags/flex_eau_pipeline.py
[2026-07-28T05:39:09.847+0000] {processor.py:925} INFO - DAG(s) 'flex_eau_pipeline' retrieved from /opt/airflow/dags/flex_eau_pipeline.py
[2026-07-28T05:39:09.886+0000] {logging_mixin.py:190} INFO - [2026-07-28T05:39:09.886+0000] {dag.py:3211} INFO - Sync 1 DAGs
[2026-07-28T05:39:09.911+0000] {logging_mixin.py:190} INFO - [2026-07-28T05:39:09.910+0000] {dag.py:4138} INFO - Setting next_dagrun for flex_eau_pipeline to 2026-07-28 00:00:00+00:00, run_after=2026-07-29 00:00:00+00:00
[2026-07-28T05:39:09.934+0000] {processor.py:208} INFO - Processing /opt/airflow/dags/flex_eau_pipeline.py took 0.127 seconds
[2026-07-28T05:39:40.441+0000] {processor.py:186} INFO - Started process (PID=7203) to work on /opt/airflow/dags/flex_eau_pipeline.py
[2026-07-28T05:39:40.442+0000] {processor.py:914} INFO - Processing file /opt/airflow/dags/flex_eau_pipeline.py for tasks to queue
[2026-07-28T05:39:40.444+0000] {logging_mixin.py:190} INFO - [2026-07-28T05:39:40.444+0000] {dagbag.py:587} INFO - Filling up the DagBag from /opt/airflow/dags/flex_eau_pipeline.py
[2026-07-28T05:39:40.473+0000] {processor.py:925} INFO - DAG(s) 'flex_eau_pipeline' retrieved from /opt/airflow/dags/flex_eau_pipeline.py
[2026-07-28T05:39:40.510+0000] {logging_mixin.py:190} INFO - [2026-07-28T05:39:40.510+0000] {dag.py:3211} INFO - Sync 1 DAGs
[2026-07-28T05:39:40.535+0000] {logging_mixin.py:190} INFO - [2026-07-28T05:39:40.535+0000] {dag.py:4138} INFO - Setting next_dagrun for flex_eau_pipeline to 2026-07-28 00:00:00+00:00, run_after=2026-07-29 00:00:00+00:00
[2026-07-28T05:39:40.558+0000] {processor.py:208} INFO - Processing /opt/airflow/dags/flex_eau_pipeline.py took 0.123 seconds
[2026-07-28T06:25:43.235+0000] {processor.py:186} INFO - Started process (PID=7208) to work on /opt/airflow/dags/flex_eau_pipeline.py
[2026-07-28T06:25:43.244+0000] {processor.py:914} INFO - Processing file /opt/airflow/dags/flex_eau_pipeline.py for tasks to queue
[2026-07-28T06:25:43.264+0000] {logging_mixin.py:190} INFO - [2026-07-28T06:25:43.263+0000] {dagbag.py:587} INFO - Filling up the DagBag from /opt/airflow/dags/flex_eau_pipeline.py
[2026-07-28T06:25:43.401+0000] {processor.py:925} INFO - DAG(s) 'flex_eau_pipeline' retrieved from /opt/airflow/dags/flex_eau_pipeline.py
[2026-07-28T06:25:43.597+0000] {logging_mixin.py:190} INFO - [2026-07-28T06:25:43.596+0000] {dag.py:3211} INFO - Sync 1 DAGs
[2026-07-28T06:25:43.743+0000] {logging_mixin.py:190} INFO - [2026-07-28T06:25:43.743+0000] {dag.py:4138} INFO - Setting next_dagrun for flex_eau_pipeline to 2026-07-28 00:00:00+00:00, run_after=2026-07-29 00:00:00+00:00
[2026-07-28T06:25:43.840+0000] {processor.py:208} INFO - Processing /opt/airflow/dags/flex_eau_pipeline.py took 0.679 seconds
