[2026-07-26T00:00:21.408+0000] {processor.py:186} INFO - Started process (PID=6354) to work on /opt/airflow/dags/flex_eau_pipeline.py
[2026-07-26T00:00:21.420+0000] {processor.py:914} INFO - Processing file /opt/airflow/dags/flex_eau_pipeline.py for tasks to queue
[2026-07-26T00:00:21.431+0000] {logging_mixin.py:190} INFO - [2026-07-26T00:00:21.430+0000] {dagbag.py:587} INFO - Filling up the DagBag from /opt/airflow/dags/flex_eau_pipeline.py
[2026-07-26T00:00:21.478+0000] {processor.py:925} INFO - DAG(s) 'flex_eau_pipeline' retrieved from /opt/airflow/dags/flex_eau_pipeline.py
[2026-07-26T00:00:21.577+0000] {logging_mixin.py:190} INFO - [2026-07-26T00:00:21.576+0000] {dag.py:3211} INFO - Sync 1 DAGs
[2026-07-26T00:00:22.204+0000] {logging_mixin.py:190} INFO - [2026-07-26T00:00:22.203+0000] {dag.py:4138} INFO - Setting next_dagrun for flex_eau_pipeline to 2026-07-26 00:00:00+00:00, run_after=2026-07-27 00:00:00+00:00
[2026-07-26T00:00:22.234+0000] {processor.py:208} INFO - Processing /opt/airflow/dags/flex_eau_pipeline.py took 0.866 seconds
[2026-07-26T00:00:52.360+0000] {processor.py:186} INFO - Started process (PID=6373) to work on /opt/airflow/dags/flex_eau_pipeline.py
[2026-07-26T00:00:52.362+0000] {processor.py:914} INFO - Processing file /opt/airflow/dags/flex_eau_pipeline.py for tasks to queue
[2026-07-26T00:00:52.365+0000] {logging_mixin.py:190} INFO - [2026-07-26T00:00:52.365+0000] {dagbag.py:587} INFO - Filling up the DagBag from /opt/airflow/dags/flex_eau_pipeline.py
[2026-07-26T00:00:52.420+0000] {processor.py:925} INFO - DAG(s) 'flex_eau_pipeline' retrieved from /opt/airflow/dags/flex_eau_pipeline.py
[2026-07-26T00:00:52.464+0000] {logging_mixin.py:190} INFO - [2026-07-26T00:00:52.463+0000] {dag.py:3211} INFO - Sync 1 DAGs
[2026-07-26T00:00:52.781+0000] {logging_mixin.py:190} INFO - [2026-07-26T00:00:52.781+0000] {dag.py:4138} INFO - Setting next_dagrun for flex_eau_pipeline to 2026-07-26 00:00:00+00:00, run_after=2026-07-27 00:00:00+00:00
[2026-07-26T00:00:52.809+0000] {processor.py:208} INFO - Processing /opt/airflow/dags/flex_eau_pipeline.py took 0.458 seconds
[2026-07-26T00:01:23.283+0000] {processor.py:186} INFO - Started process (PID=6423) to work on /opt/airflow/dags/flex_eau_pipeline.py
[2026-07-26T00:01:23.286+0000] {processor.py:914} INFO - Processing file /opt/airflow/dags/flex_eau_pipeline.py for tasks to queue
[2026-07-26T00:01:23.305+0000] {logging_mixin.py:190} INFO - [2026-07-26T00:01:23.299+0000] {dagbag.py:587} INFO - Filling up the DagBag from /opt/airflow/dags/flex_eau_pipeline.py
[2026-07-26T00:01:23.492+0000] {processor.py:925} INFO - DAG(s) 'flex_eau_pipeline' retrieved from /opt/airflow/dags/flex_eau_pipeline.py
[2026-07-26T00:01:23.668+0000] {logging_mixin.py:190} INFO - [2026-07-26T00:01:23.667+0000] {dag.py:3211} INFO - Sync 1 DAGs
[2026-07-26T00:01:23.781+0000] {logging_mixin.py:190} INFO - [2026-07-26T00:01:23.779+0000] {dag.py:4138} INFO - Setting next_dagrun for flex_eau_pipeline to 2026-07-26 00:00:00+00:00, run_after=2026-07-27 00:00:00+00:00
[2026-07-26T00:01:23.856+0000] {processor.py:208} INFO - Processing /opt/airflow/dags/flex_eau_pipeline.py took 0.663 seconds
[2026-07-26T00:01:55.262+0000] {processor.py:186} INFO - Started process (PID=7504) to work on /opt/airflow/dags/flex_eau_pipeline.py
[2026-07-26T00:01:55.278+0000] {processor.py:914} INFO - Processing file /opt/airflow/dags/flex_eau_pipeline.py for tasks to queue
[2026-07-26T00:01:55.314+0000] {logging_mixin.py:190} INFO - [2026-07-26T00:01:55.312+0000] {dagbag.py:587} INFO - Filling up the DagBag from /opt/airflow/dags/flex_eau_pipeline.py
[2026-07-26T00:01:55.563+0000] {processor.py:925} INFO - DAG(s) 'flex_eau_pipeline' retrieved from /opt/airflow/dags/flex_eau_pipeline.py
[2026-07-26T00:01:55.684+0000] {logging_mixin.py:190} INFO - [2026-07-26T00:01:55.683+0000] {dag.py:3211} INFO - Sync 1 DAGs
[2026-07-26T00:01:55.844+0000] {logging_mixin.py:190} INFO - [2026-07-26T00:01:55.843+0000] {dag.py:4138} INFO - Setting next_dagrun for flex_eau_pipeline to 2026-07-26 00:00:00+00:00, run_after=2026-07-27 00:00:00+00:00
[2026-07-26T00:01:56.015+0000] {processor.py:208} INFO - Processing /opt/airflow/dags/flex_eau_pipeline.py took 0.867 seconds
[2026-07-26T00:02:26.430+0000] {processor.py:186} INFO - Started process (PID=7604) to work on /opt/airflow/dags/flex_eau_pipeline.py
[2026-07-26T00:02:26.433+0000] {processor.py:914} INFO - Processing file /opt/airflow/dags/flex_eau_pipeline.py for tasks to queue
[2026-07-26T00:02:26.439+0000] {logging_mixin.py:190} INFO - [2026-07-26T00:02:26.438+0000] {dagbag.py:587} INFO - Filling up the DagBag from /opt/airflow/dags/flex_eau_pipeline.py
[2026-07-26T00:02:26.533+0000] {processor.py:925} INFO - DAG(s) 'flex_eau_pipeline' retrieved from /opt/airflow/dags/flex_eau_pipeline.py
[2026-07-26T00:02:26.657+0000] {logging_mixin.py:190} INFO - [2026-07-26T00:02:26.657+0000] {dag.py:3211} INFO - Sync 1 DAGs
[2026-07-26T00:02:26.705+0000] {logging_mixin.py:190} INFO - [2026-07-26T00:02:26.704+0000] {dag.py:4138} INFO - Setting next_dagrun for flex_eau_pipeline to 2026-07-26 00:00:00+00:00, run_after=2026-07-27 00:00:00+00:00
[2026-07-26T00:02:26.789+0000] {processor.py:208} INFO - Processing /opt/airflow/dags/flex_eau_pipeline.py took 0.382 seconds
[2026-07-26T00:02:57.084+0000] {processor.py:186} INFO - Started process (PID=7843) to work on /opt/airflow/dags/flex_eau_pipeline.py
[2026-07-26T00:02:57.086+0000] {processor.py:914} INFO - Processing file /opt/airflow/dags/flex_eau_pipeline.py for tasks to queue
[2026-07-26T00:02:57.092+0000] {logging_mixin.py:190} INFO - [2026-07-26T00:02:57.092+0000] {dagbag.py:587} INFO - Filling up the DagBag from /opt/airflow/dags/flex_eau_pipeline.py
[2026-07-26T00:02:57.148+0000] {processor.py:925} INFO - DAG(s) 'flex_eau_pipeline' retrieved from /opt/airflow/dags/flex_eau_pipeline.py
[2026-07-26T00:02:57.486+0000] {logging_mixin.py:190} INFO - [2026-07-26T00:02:57.486+0000] {dag.py:3211} INFO - Sync 1 DAGs
[2026-07-26T00:02:58.017+0000] {logging_mixin.py:190} INFO - [2026-07-26T00:02:58.017+0000] {dag.py:4138} INFO - Setting next_dagrun for flex_eau_pipeline to 2026-07-26 00:00:00+00:00, run_after=2026-07-27 00:00:00+00:00
[2026-07-26T00:02:58.060+0000] {processor.py:208} INFO - Processing /opt/airflow/dags/flex_eau_pipeline.py took 0.994 seconds
[2026-07-26T00:03:28.173+0000] {processor.py:186} INFO - Started process (PID=8104) to work on /opt/airflow/dags/flex_eau_pipeline.py
[2026-07-26T00:03:28.175+0000] {processor.py:914} INFO - Processing file /opt/airflow/dags/flex_eau_pipeline.py for tasks to queue
[2026-07-26T00:03:28.180+0000] {logging_mixin.py:190} INFO - [2026-07-26T00:03:28.180+0000] {dagbag.py:587} INFO - Filling up the DagBag from /opt/airflow/dags/flex_eau_pipeline.py
[2026-07-26T00:03:28.274+0000] {processor.py:925} INFO - DAG(s) 'flex_eau_pipeline' retrieved from /opt/airflow/dags/flex_eau_pipeline.py
[2026-07-26T00:03:28.349+0000] {logging_mixin.py:190} INFO - [2026-07-26T00:03:28.349+0000] {dag.py:3211} INFO - Sync 1 DAGs
[2026-07-26T00:03:28.716+0000] {logging_mixin.py:190} INFO - [2026-07-26T00:03:28.716+0000] {dag.py:4138} INFO - Setting next_dagrun for flex_eau_pipeline to 2026-07-26 00:00:00+00:00, run_after=2026-07-27 00:00:00+00:00
[2026-07-26T00:03:28.762+0000] {processor.py:208} INFO - Processing /opt/airflow/dags/flex_eau_pipeline.py took 0.604 seconds
[2026-07-26T00:03:59.403+0000] {processor.py:186} INFO - Started process (PID=8747) to work on /opt/airflow/dags/flex_eau_pipeline.py
[2026-07-26T00:03:59.406+0000] {processor.py:914} INFO - Processing file /opt/airflow/dags/flex_eau_pipeline.py for tasks to queue
[2026-07-26T00:03:59.413+0000] {logging_mixin.py:190} INFO - [2026-07-26T00:03:59.412+0000] {dagbag.py:587} INFO - Filling up the DagBag from /opt/airflow/dags/flex_eau_pipeline.py
[2026-07-26T00:03:59.488+0000] {processor.py:925} INFO - DAG(s) 'flex_eau_pipeline' retrieved from /opt/airflow/dags/flex_eau_pipeline.py
[2026-07-26T00:03:59.584+0000] {logging_mixin.py:190} INFO - [2026-07-26T00:03:59.583+0000] {dag.py:3211} INFO - Sync 1 DAGs
[2026-07-26T00:03:59.652+0000] {logging_mixin.py:190} INFO - [2026-07-26T00:03:59.651+0000] {dag.py:4138} INFO - Setting next_dagrun for flex_eau_pipeline to 2026-07-26 00:00:00+00:00, run_after=2026-07-27 00:00:00+00:00
[2026-07-26T00:03:59.699+0000] {processor.py:208} INFO - Processing /opt/airflow/dags/flex_eau_pipeline.py took 0.315 seconds
[2026-07-26T00:04:30.280+0000] {processor.py:186} INFO - Started process (PID=9304) to work on /opt/airflow/dags/flex_eau_pipeline.py
[2026-07-26T00:04:30.283+0000] {processor.py:914} INFO - Processing file /opt/airflow/dags/flex_eau_pipeline.py for tasks to queue
[2026-07-26T00:04:30.292+0000] {logging_mixin.py:190} INFO - [2026-07-26T00:04:30.291+0000] {dagbag.py:587} INFO - Filling up the DagBag from /opt/airflow/dags/flex_eau_pipeline.py
[2026-07-26T00:04:30.365+0000] {processor.py:925} INFO - DAG(s) 'flex_eau_pipeline' retrieved from /opt/airflow/dags/flex_eau_pipeline.py
[2026-07-26T00:04:30.480+0000] {logging_mixin.py:190} INFO - [2026-07-26T00:04:30.479+0000] {dag.py:3211} INFO - Sync 1 DAGs
[2026-07-26T00:04:30.554+0000] {logging_mixin.py:190} INFO - [2026-07-26T00:04:30.554+0000] {dag.py:4138} INFO - Setting next_dagrun for flex_eau_pipeline to 2026-07-26 00:00:00+00:00, run_after=2026-07-27 00:00:00+00:00
[2026-07-26T00:04:30.591+0000] {processor.py:208} INFO - Processing /opt/airflow/dags/flex_eau_pipeline.py took 0.335 seconds
[2026-07-26T00:05:04.503+0000] {processor.py:186} INFO - Started process (PID=9858) to work on /opt/airflow/dags/flex_eau_pipeline.py
[2026-07-26T00:05:04.510+0000] {processor.py:914} INFO - Processing file /opt/airflow/dags/flex_eau_pipeline.py for tasks to queue
[2026-07-26T00:05:04.527+0000] {logging_mixin.py:190} INFO - [2026-07-26T00:05:04.519+0000] {dagbag.py:587} INFO - Filling up the DagBag from /opt/airflow/dags/flex_eau_pipeline.py
[2026-07-26T03:05:05.332+0000] {processor.py:925} INFO - DAG(s) 'flex_eau_pipeline' retrieved from /opt/airflow/dags/flex_eau_pipeline.py
[2026-07-26T03:05:05.593+0000] {logging_mixin.py:190} INFO - [2026-07-26T03:05:05.593+0000] {dag.py:3211} INFO - Sync 1 DAGs
[2026-07-26T03:05:05.840+0000] {logging_mixin.py:190} INFO - [2026-07-26T03:05:05.825+0000] {dag.py:4138} INFO - Setting next_dagrun for flex_eau_pipeline to 2026-07-26 00:00:00+00:00, run_after=2026-07-27 00:00:00+00:00
[2026-07-26T03:05:07.452+0000] {processor.py:208} INFO - Processing /opt/airflow/dags/flex_eau_pipeline.py took 2.831 seconds
[2026-07-26T10:51:58.503+0000] {processor.py:186} INFO - Started process (PID=9911) to work on /opt/airflow/dags/flex_eau_pipeline.py
[2026-07-26T10:51:58.509+0000] {processor.py:914} INFO - Processing file /opt/airflow/dags/flex_eau_pipeline.py for tasks to queue
[2026-07-26T10:51:58.528+0000] {logging_mixin.py:190} INFO - [2026-07-26T10:51:58.516+0000] {dagbag.py:587} INFO - Filling up the DagBag from /opt/airflow/dags/flex_eau_pipeline.py
[2026-07-26T10:51:59.202+0000] {processor.py:925} INFO - DAG(s) 'flex_eau_pipeline' retrieved from /opt/airflow/dags/flex_eau_pipeline.py
[2026-07-26T10:51:59.443+0000] {logging_mixin.py:190} INFO - [2026-07-26T10:51:59.442+0000] {dag.py:3211} INFO - Sync 1 DAGs
[2026-07-26T10:52:00.735+0000] {logging_mixin.py:190} INFO - [2026-07-26T10:52:00.735+0000] {dag.py:4138} INFO - Setting next_dagrun for flex_eau_pipeline to 2026-07-26 00:00:00+00:00, run_after=2026-07-27 00:00:00+00:00
[2026-07-26T10:52:00.932+0000] {processor.py:208} INFO - Processing /opt/airflow/dags/flex_eau_pipeline.py took 2.463 seconds
[2026-07-26T10:52:32.212+0000] {processor.py:186} INFO - Started process (PID=10159) to work on /opt/airflow/dags/flex_eau_pipeline.py
[2026-07-26T10:52:32.249+0000] {processor.py:914} INFO - Processing file /opt/airflow/dags/flex_eau_pipeline.py for tasks to queue
[2026-07-26T10:52:32.276+0000] {logging_mixin.py:190} INFO - [2026-07-26T10:52:32.275+0000] {dagbag.py:587} INFO - Filling up the DagBag from /opt/airflow/dags/flex_eau_pipeline.py
[2026-07-26T10:52:32.604+0000] {processor.py:925} INFO - DAG(s) 'flex_eau_pipeline' retrieved from /opt/airflow/dags/flex_eau_pipeline.py
[2026-07-26T10:52:32.885+0000] {logging_mixin.py:190} INFO - [2026-07-26T10:52:32.884+0000] {taskinstance.py:3303} ERROR - {'DAG Id': 'flex_eau_pipeline', 'Task Id': 'fact_paiement', 'Run Id': 'scheduled__2026-07-25T00:00:00+00:00', 'Hostname': 'b1da4d7b7394'}
[2026-07-26T10:52:34.565+0000] {logging_mixin.py:190} INFO - [2026-07-26T10:52:34.564+0000] {taskinstance.py:1225} INFO - Marking task as UP_FOR_RETRY. dag_id=flex_eau_pipeline, task_id=fact_paiement, run_id=scheduled__2026-07-25T00:00:00+00:00, execution_date=20260725T000000, start_date=20260726T000352, end_date=20260726T105234
[2026-07-26T10:52:34.711+0000] {logging_mixin.py:190} INFO - [2026-07-26T10:52:34.711+0000] {processor.py:876} INFO - Executed callback for <TaskInstance: flex_eau_pipeline.fact_paiement scheduled__2026-07-25T00:00:00+00:00 [up_for_retry]> in state up_for_retry
[2026-07-26T10:52:34.724+0000] {logging_mixin.py:190} INFO - [2026-07-26T10:52:34.724+0000] {taskinstance.py:3303} ERROR - {'DAG Id': 'flex_eau_pipeline', 'Task Id': 'fact_facturation', 'Run Id': 'scheduled__2026-07-25T00:00:00+00:00', 'Hostname': 'b1da4d7b7394'}
[2026-07-26T10:52:34.787+0000] {logging_mixin.py:190} INFO - [2026-07-26T10:52:34.786+0000] {taskinstance.py:1225} INFO - Marking task as UP_FOR_RETRY. dag_id=flex_eau_pipeline, task_id=fact_facturation, run_id=scheduled__2026-07-25T00:00:00+00:00, execution_date=20260725T000000, start_date=20260726T000352, end_date=20260726T105234
[2026-07-26T10:52:34.843+0000] {logging_mixin.py:190} INFO - [2026-07-26T10:52:34.842+0000] {processor.py:876} INFO - Executed callback for <TaskInstance: flex_eau_pipeline.fact_facturation scheduled__2026-07-25T00:00:00+00:00 [up_for_retry]> in state up_for_retry
[2026-07-26T10:52:35.047+0000] {logging_mixin.py:190} INFO - [2026-07-26T10:52:35.046+0000] {dag.py:3211} INFO - Sync 1 DAGs
[2026-07-26T10:52:35.222+0000] {logging_mixin.py:190} INFO - [2026-07-26T10:52:35.222+0000] {dag.py:4138} INFO - Setting next_dagrun for flex_eau_pipeline to 2026-07-26 00:00:00+00:00, run_after=2026-07-27 00:00:00+00:00
[2026-07-26T10:52:35.373+0000] {processor.py:208} INFO - Processing /opt/airflow/dags/flex_eau_pipeline.py took 3.462 seconds
[2026-07-26T10:53:05.814+0000] {processor.py:186} INFO - Started process (PID=10262) to work on /opt/airflow/dags/flex_eau_pipeline.py
[2026-07-26T10:53:05.818+0000] {processor.py:914} INFO - Processing file /opt/airflow/dags/flex_eau_pipeline.py for tasks to queue
[2026-07-26T10:53:05.826+0000] {logging_mixin.py:190} INFO - [2026-07-26T10:53:05.826+0000] {dagbag.py:587} INFO - Filling up the DagBag from /opt/airflow/dags/flex_eau_pipeline.py
[2026-07-26T10:53:05.921+0000] {processor.py:925} INFO - DAG(s) 'flex_eau_pipeline' retrieved from /opt/airflow/dags/flex_eau_pipeline.py
[2026-07-26T10:53:06.023+0000] {logging_mixin.py:190} INFO - [2026-07-26T10:53:06.022+0000] {dag.py:3211} INFO - Sync 1 DAGs
[2026-07-26T10:53:06.071+0000] {logging_mixin.py:190} INFO - [2026-07-26T10:53:06.070+0000] {dag.py:4138} INFO - Setting next_dagrun for flex_eau_pipeline to 2026-07-26 00:00:00+00:00, run_after=2026-07-27 00:00:00+00:00
[2026-07-26T10:53:06.118+0000] {processor.py:208} INFO - Processing /opt/airflow/dags/flex_eau_pipeline.py took 0.340 seconds
[2026-07-26T10:53:36.776+0000] {processor.py:186} INFO - Started process (PID=10267) to work on /opt/airflow/dags/flex_eau_pipeline.py
[2026-07-26T10:53:36.778+0000] {processor.py:914} INFO - Processing file /opt/airflow/dags/flex_eau_pipeline.py for tasks to queue
[2026-07-26T10:53:36.784+0000] {logging_mixin.py:190} INFO - [2026-07-26T10:53:36.783+0000] {dagbag.py:587} INFO - Filling up the DagBag from /opt/airflow/dags/flex_eau_pipeline.py
[2026-07-26T10:53:36.838+0000] {processor.py:925} INFO - DAG(s) 'flex_eau_pipeline' retrieved from /opt/airflow/dags/flex_eau_pipeline.py
[2026-07-26T10:53:36.912+0000] {logging_mixin.py:190} INFO - [2026-07-26T10:53:36.912+0000] {dag.py:3211} INFO - Sync 1 DAGs
[2026-07-26T10:53:36.955+0000] {logging_mixin.py:190} INFO - [2026-07-26T10:53:36.954+0000] {dag.py:4138} INFO - Setting next_dagrun for flex_eau_pipeline to 2026-07-26 00:00:00+00:00, run_after=2026-07-27 00:00:00+00:00
[2026-07-26T10:53:36.986+0000] {processor.py:208} INFO - Processing /opt/airflow/dags/flex_eau_pipeline.py took 0.221 seconds
[2026-07-26T10:54:07.794+0000] {processor.py:186} INFO - Started process (PID=10272) to work on /opt/airflow/dags/flex_eau_pipeline.py
[2026-07-26T10:54:07.795+0000] {processor.py:914} INFO - Processing file /opt/airflow/dags/flex_eau_pipeline.py for tasks to queue
[2026-07-26T10:54:07.798+0000] {logging_mixin.py:190} INFO - [2026-07-26T10:54:07.797+0000] {dagbag.py:587} INFO - Filling up the DagBag from /opt/airflow/dags/flex_eau_pipeline.py
[2026-07-26T10:54:07.829+0000] {processor.py:925} INFO - DAG(s) 'flex_eau_pipeline' retrieved from /opt/airflow/dags/flex_eau_pipeline.py
[2026-07-26T10:54:07.869+0000] {logging_mixin.py:190} INFO - [2026-07-26T10:54:07.868+0000] {dag.py:3211} INFO - Sync 1 DAGs
[2026-07-26T10:54:07.898+0000] {logging_mixin.py:190} INFO - [2026-07-26T10:54:07.898+0000] {dag.py:4138} INFO - Setting next_dagrun for flex_eau_pipeline to 2026-07-26 00:00:00+00:00, run_after=2026-07-27 00:00:00+00:00
[2026-07-26T10:54:08.113+0000] {processor.py:208} INFO - Processing /opt/airflow/dags/flex_eau_pipeline.py took 0.327 seconds
[2026-07-26T10:54:38.906+0000] {processor.py:186} INFO - Started process (PID=10277) to work on /opt/airflow/dags/flex_eau_pipeline.py
[2026-07-26T10:54:38.908+0000] {processor.py:914} INFO - Processing file /opt/airflow/dags/flex_eau_pipeline.py for tasks to queue
[2026-07-26T10:54:38.911+0000] {logging_mixin.py:190} INFO - [2026-07-26T10:54:38.911+0000] {dagbag.py:587} INFO - Filling up the DagBag from /opt/airflow/dags/flex_eau_pipeline.py
[2026-07-26T10:54:38.950+0000] {processor.py:925} INFO - DAG(s) 'flex_eau_pipeline' retrieved from /opt/airflow/dags/flex_eau_pipeline.py
[2026-07-26T10:54:39.011+0000] {logging_mixin.py:190} INFO - [2026-07-26T10:54:39.011+0000] {dag.py:3211} INFO - Sync 1 DAGs
[2026-07-26T10:54:39.245+0000] {logging_mixin.py:190} INFO - [2026-07-26T10:54:39.245+0000] {dag.py:4138} INFO - Setting next_dagrun for flex_eau_pipeline to 2026-07-26 00:00:00+00:00, run_after=2026-07-27 00:00:00+00:00
[2026-07-26T10:54:39.268+0000] {processor.py:208} INFO - Processing /opt/airflow/dags/flex_eau_pipeline.py took 0.374 seconds
[2026-07-26T10:55:10.199+0000] {processor.py:186} INFO - Started process (PID=10282) to work on /opt/airflow/dags/flex_eau_pipeline.py
[2026-07-26T10:55:10.201+0000] {processor.py:914} INFO - Processing file /opt/airflow/dags/flex_eau_pipeline.py for tasks to queue
[2026-07-26T10:55:10.203+0000] {logging_mixin.py:190} INFO - [2026-07-26T10:55:10.203+0000] {dagbag.py:587} INFO - Filling up the DagBag from /opt/airflow/dags/flex_eau_pipeline.py
[2026-07-26T10:55:10.235+0000] {processor.py:925} INFO - DAG(s) 'flex_eau_pipeline' retrieved from /opt/airflow/dags/flex_eau_pipeline.py
[2026-07-26T10:55:10.271+0000] {logging_mixin.py:190} INFO - [2026-07-26T10:55:10.271+0000] {dag.py:3211} INFO - Sync 1 DAGs
[2026-07-26T10:55:10.473+0000] {logging_mixin.py:190} INFO - [2026-07-26T10:55:10.473+0000] {dag.py:4138} INFO - Setting next_dagrun for flex_eau_pipeline to 2026-07-26 00:00:00+00:00, run_after=2026-07-27 00:00:00+00:00
[2026-07-26T10:55:10.496+0000] {processor.py:208} INFO - Processing /opt/airflow/dags/flex_eau_pipeline.py took 0.305 seconds
[2026-07-26T10:55:40.627+0000] {processor.py:186} INFO - Started process (PID=10287) to work on /opt/airflow/dags/flex_eau_pipeline.py
[2026-07-26T10:55:40.629+0000] {processor.py:914} INFO - Processing file /opt/airflow/dags/flex_eau_pipeline.py for tasks to queue
[2026-07-26T10:55:40.631+0000] {logging_mixin.py:190} INFO - [2026-07-26T10:55:40.631+0000] {dagbag.py:587} INFO - Filling up the DagBag from /opt/airflow/dags/flex_eau_pipeline.py
[2026-07-26T10:55:40.661+0000] {processor.py:925} INFO - DAG(s) 'flex_eau_pipeline' retrieved from /opt/airflow/dags/flex_eau_pipeline.py
[2026-07-26T10:55:40.699+0000] {logging_mixin.py:190} INFO - [2026-07-26T10:55:40.699+0000] {dag.py:3211} INFO - Sync 1 DAGs
[2026-07-26T10:55:40.723+0000] {logging_mixin.py:190} INFO - [2026-07-26T10:55:40.723+0000] {dag.py:4138} INFO - Setting next_dagrun for flex_eau_pipeline to 2026-07-26 00:00:00+00:00, run_after=2026-07-27 00:00:00+00:00
[2026-07-26T10:55:40.750+0000] {processor.py:208} INFO - Processing /opt/airflow/dags/flex_eau_pipeline.py took 0.130 seconds
[2026-07-26T10:56:10.906+0000] {processor.py:186} INFO - Started process (PID=10292) to work on /opt/airflow/dags/flex_eau_pipeline.py
[2026-07-26T10:56:10.908+0000] {processor.py:914} INFO - Processing file /opt/airflow/dags/flex_eau_pipeline.py for tasks to queue
[2026-07-26T10:56:10.910+0000] {logging_mixin.py:190} INFO - [2026-07-26T10:56:10.910+0000] {dagbag.py:587} INFO - Filling up the DagBag from /opt/airflow/dags/flex_eau_pipeline.py
[2026-07-26T10:56:10.943+0000] {processor.py:925} INFO - DAG(s) 'flex_eau_pipeline' retrieved from /opt/airflow/dags/flex_eau_pipeline.py
[2026-07-26T10:56:10.984+0000] {logging_mixin.py:190} INFO - [2026-07-26T10:56:10.984+0000] {dag.py:3211} INFO - Sync 1 DAGs
[2026-07-26T10:56:11.010+0000] {logging_mixin.py:190} INFO - [2026-07-26T10:56:11.010+0000] {dag.py:4138} INFO - Setting next_dagrun for flex_eau_pipeline to 2026-07-26 00:00:00+00:00, run_after=2026-07-27 00:00:00+00:00
[2026-07-26T10:56:11.035+0000] {processor.py:208} INFO - Processing /opt/airflow/dags/flex_eau_pipeline.py took 0.136 seconds
[2026-07-26T10:56:41.110+0000] {processor.py:186} INFO - Started process (PID=10297) to work on /opt/airflow/dags/flex_eau_pipeline.py
[2026-07-26T10:56:41.112+0000] {processor.py:914} INFO - Processing file /opt/airflow/dags/flex_eau_pipeline.py for tasks to queue
[2026-07-26T10:56:41.115+0000] {logging_mixin.py:190} INFO - [2026-07-26T10:56:41.114+0000] {dagbag.py:587} INFO - Filling up the DagBag from /opt/airflow/dags/flex_eau_pipeline.py
[2026-07-26T10:56:41.149+0000] {processor.py:925} INFO - DAG(s) 'flex_eau_pipeline' retrieved from /opt/airflow/dags/flex_eau_pipeline.py
[2026-07-26T10:56:41.196+0000] {logging_mixin.py:190} INFO - [2026-07-26T10:56:41.196+0000] {dag.py:3211} INFO - Sync 1 DAGs
[2026-07-26T10:56:41.232+0000] {logging_mixin.py:190} INFO - [2026-07-26T10:56:41.231+0000] {dag.py:4138} INFO - Setting next_dagrun for flex_eau_pipeline to 2026-07-26 00:00:00+00:00, run_after=2026-07-27 00:00:00+00:00
[2026-07-26T10:56:41.450+0000] {processor.py:208} INFO - Processing /opt/airflow/dags/flex_eau_pipeline.py took 0.349 seconds
[2026-07-26T10:57:12.126+0000] {processor.py:186} INFO - Started process (PID=10302) to work on /opt/airflow/dags/flex_eau_pipeline.py
[2026-07-26T10:57:12.141+0000] {processor.py:914} INFO - Processing file /opt/airflow/dags/flex_eau_pipeline.py for tasks to queue
[2026-07-26T10:57:12.146+0000] {logging_mixin.py:190} INFO - [2026-07-26T10:57:12.145+0000] {dagbag.py:587} INFO - Filling up the DagBag from /opt/airflow/dags/flex_eau_pipeline.py
[2026-07-26T10:57:12.187+0000] {processor.py:925} INFO - DAG(s) 'flex_eau_pipeline' retrieved from /opt/airflow/dags/flex_eau_pipeline.py
[2026-07-26T10:57:12.230+0000] {logging_mixin.py:190} INFO - [2026-07-26T10:57:12.230+0000] {dag.py:3211} INFO - Sync 1 DAGs
[2026-07-26T10:57:12.450+0000] {logging_mixin.py:190} INFO - [2026-07-26T10:57:12.450+0000] {dag.py:4138} INFO - Setting next_dagrun for flex_eau_pipeline to 2026-07-26 00:00:00+00:00, run_after=2026-07-27 00:00:00+00:00
[2026-07-26T10:57:12.474+0000] {processor.py:208} INFO - Processing /opt/airflow/dags/flex_eau_pipeline.py took 0.366 seconds
[2026-07-26T10:57:43.576+0000] {processor.py:186} INFO - Started process (PID=10307) to work on /opt/airflow/dags/flex_eau_pipeline.py
[2026-07-26T10:57:43.578+0000] {processor.py:914} INFO - Processing file /opt/airflow/dags/flex_eau_pipeline.py for tasks to queue
[2026-07-26T10:57:43.580+0000] {logging_mixin.py:190} INFO - [2026-07-26T10:57:43.580+0000] {dagbag.py:587} INFO - Filling up the DagBag from /opt/airflow/dags/flex_eau_pipeline.py
[2026-07-26T10:57:43.608+0000] {processor.py:925} INFO - DAG(s) 'flex_eau_pipeline' retrieved from /opt/airflow/dags/flex_eau_pipeline.py
[2026-07-26T10:57:43.648+0000] {logging_mixin.py:190} INFO - [2026-07-26T10:57:43.647+0000] {dag.py:3211} INFO - Sync 1 DAGs
[2026-07-26T10:57:43.846+0000] {logging_mixin.py:190} INFO - [2026-07-26T10:57:43.845+0000] {dag.py:4138} INFO - Setting next_dagrun for flex_eau_pipeline to 2026-07-26 00:00:00+00:00, run_after=2026-07-27 00:00:00+00:00
[2026-07-26T10:57:43.868+0000] {processor.py:208} INFO - Processing /opt/airflow/dags/flex_eau_pipeline.py took 0.299 seconds
[2026-07-26T10:58:14.563+0000] {processor.py:186} INFO - Started process (PID=10872) to work on /opt/airflow/dags/flex_eau_pipeline.py
[2026-07-26T10:58:14.571+0000] {processor.py:914} INFO - Processing file /opt/airflow/dags/flex_eau_pipeline.py for tasks to queue
[2026-07-26T10:58:14.576+0000] {logging_mixin.py:190} INFO - [2026-07-26T10:58:14.575+0000] {dagbag.py:587} INFO - Filling up the DagBag from /opt/airflow/dags/flex_eau_pipeline.py
[2026-07-26T10:58:14.635+0000] {processor.py:925} INFO - DAG(s) 'flex_eau_pipeline' retrieved from /opt/airflow/dags/flex_eau_pipeline.py
[2026-07-26T10:58:14.703+0000] {logging_mixin.py:190} INFO - [2026-07-26T10:58:14.703+0000] {dag.py:3211} INFO - Sync 1 DAGs
[2026-07-26T10:58:14.746+0000] {logging_mixin.py:190} INFO - [2026-07-26T10:58:14.745+0000] {dag.py:4138} INFO - Setting next_dagrun for flex_eau_pipeline to 2026-07-26 00:00:00+00:00, run_after=2026-07-27 00:00:00+00:00
[2026-07-26T10:58:14.790+0000] {processor.py:208} INFO - Processing /opt/airflow/dags/flex_eau_pipeline.py took 0.242 seconds
[2026-07-26T10:58:44.913+0000] {processor.py:186} INFO - Started process (PID=11157) to work on /opt/airflow/dags/flex_eau_pipeline.py
[2026-07-26T10:58:44.915+0000] {processor.py:914} INFO - Processing file /opt/airflow/dags/flex_eau_pipeline.py for tasks to queue
[2026-07-26T10:58:44.917+0000] {logging_mixin.py:190} INFO - [2026-07-26T10:58:44.917+0000] {dagbag.py:587} INFO - Filling up the DagBag from /opt/airflow/dags/flex_eau_pipeline.py
[2026-07-26T10:58:44.946+0000] {processor.py:925} INFO - DAG(s) 'flex_eau_pipeline' retrieved from /opt/airflow/dags/flex_eau_pipeline.py
[2026-07-26T10:58:44.983+0000] {logging_mixin.py:190} INFO - [2026-07-26T10:58:44.983+0000] {dag.py:3211} INFO - Sync 1 DAGs
[2026-07-26T10:58:45.008+0000] {logging_mixin.py:190} INFO - [2026-07-26T10:58:45.007+0000] {dag.py:4138} INFO - Setting next_dagrun for flex_eau_pipeline to 2026-07-26 00:00:00+00:00, run_after=2026-07-27 00:00:00+00:00
[2026-07-26T10:58:45.032+0000] {processor.py:208} INFO - Processing /opt/airflow/dags/flex_eau_pipeline.py took 0.128 seconds
[2026-07-26T10:59:15.170+0000] {processor.py:186} INFO - Started process (PID=11162) to work on /opt/airflow/dags/flex_eau_pipeline.py
[2026-07-26T10:59:15.171+0000] {processor.py:914} INFO - Processing file /opt/airflow/dags/flex_eau_pipeline.py for tasks to queue
[2026-07-26T10:59:15.173+0000] {logging_mixin.py:190} INFO - [2026-07-26T10:59:15.173+0000] {dagbag.py:587} INFO - Filling up the DagBag from /opt/airflow/dags/flex_eau_pipeline.py
[2026-07-26T10:59:15.204+0000] {processor.py:925} INFO - DAG(s) 'flex_eau_pipeline' retrieved from /opt/airflow/dags/flex_eau_pipeline.py
[2026-07-26T10:59:15.242+0000] {logging_mixin.py:190} INFO - [2026-07-26T10:59:15.242+0000] {dag.py:3211} INFO - Sync 1 DAGs
[2026-07-26T10:59:15.436+0000] {logging_mixin.py:190} INFO - [2026-07-26T10:59:15.436+0000] {dag.py:4138} INFO - Setting next_dagrun for flex_eau_pipeline to 2026-07-26 00:00:00+00:00, run_after=2026-07-27 00:00:00+00:00
[2026-07-26T10:59:15.462+0000] {processor.py:208} INFO - Processing /opt/airflow/dags/flex_eau_pipeline.py took 0.299 seconds
[2026-07-26T10:59:45.570+0000] {processor.py:186} INFO - Started process (PID=11167) to work on /opt/airflow/dags/flex_eau_pipeline.py
[2026-07-26T10:59:45.571+0000] {processor.py:914} INFO - Processing file /opt/airflow/dags/flex_eau_pipeline.py for tasks to queue
[2026-07-26T10:59:45.573+0000] {logging_mixin.py:190} INFO - [2026-07-26T10:59:45.573+0000] {dagbag.py:587} INFO - Filling up the DagBag from /opt/airflow/dags/flex_eau_pipeline.py
[2026-07-26T10:59:45.600+0000] {processor.py:925} INFO - DAG(s) 'flex_eau_pipeline' retrieved from /opt/airflow/dags/flex_eau_pipeline.py
[2026-07-26T10:59:45.637+0000] {logging_mixin.py:190} INFO - [2026-07-26T10:59:45.637+0000] {dag.py:3211} INFO - Sync 1 DAGs
[2026-07-26T10:59:45.836+0000] {logging_mixin.py:190} INFO - [2026-07-26T10:59:45.836+0000] {dag.py:4138} INFO - Setting next_dagrun for flex_eau_pipeline to 2026-07-26 00:00:00+00:00, run_after=2026-07-27 00:00:00+00:00
[2026-07-26T10:59:45.858+0000] {processor.py:208} INFO - Processing /opt/airflow/dags/flex_eau_pipeline.py took 0.296 seconds
[2026-07-26T11:00:15.964+0000] {processor.py:186} INFO - Started process (PID=11172) to work on /opt/airflow/dags/flex_eau_pipeline.py
[2026-07-26T11:00:15.965+0000] {processor.py:914} INFO - Processing file /opt/airflow/dags/flex_eau_pipeline.py for tasks to queue
[2026-07-26T11:00:15.968+0000] {logging_mixin.py:190} INFO - [2026-07-26T11:00:15.968+0000] {dagbag.py:587} INFO - Filling up the DagBag from /opt/airflow/dags/flex_eau_pipeline.py
[2026-07-26T11:00:15.999+0000] {processor.py:925} INFO - DAG(s) 'flex_eau_pipeline' retrieved from /opt/airflow/dags/flex_eau_pipeline.py
[2026-07-26T11:00:14.752+0000] {logging_mixin.py:190} INFO - [2026-07-26T11:00:14.751+0000] {dag.py:3211} INFO - Sync 1 DAGs
[2026-07-26T11:00:14.778+0000] {logging_mixin.py:190} INFO - [2026-07-26T11:00:14.777+0000] {dag.py:4138} INFO - Setting next_dagrun for flex_eau_pipeline to 2026-07-26 00:00:00+00:00, run_after=2026-07-27 00:00:00+00:00
[2026-07-26T11:00:14.802+0000] {processor.py:208} INFO - Processing /opt/airflow/dags/flex_eau_pipeline.py took 0.314 seconds
[2026-07-26T11:00:44.918+0000] {processor.py:186} INFO - Started process (PID=11177) to work on /opt/airflow/dags/flex_eau_pipeline.py
[2026-07-26T11:00:44.921+0000] {processor.py:914} INFO - Processing file /opt/airflow/dags/flex_eau_pipeline.py for tasks to queue
[2026-07-26T11:00:44.924+0000] {logging_mixin.py:190} INFO - [2026-07-26T11:00:44.923+0000] {dagbag.py:587} INFO - Filling up the DagBag from /opt/airflow/dags/flex_eau_pipeline.py
[2026-07-26T11:00:44.957+0000] {processor.py:925} INFO - DAG(s) 'flex_eau_pipeline' retrieved from /opt/airflow/dags/flex_eau_pipeline.py
[2026-07-26T11:00:45.009+0000] {logging_mixin.py:190} INFO - [2026-07-26T11:00:45.008+0000] {dag.py:3211} INFO - Sync 1 DAGs
[2026-07-26T11:00:45.047+0000] {logging_mixin.py:190} INFO - [2026-07-26T11:00:45.047+0000] {dag.py:4138} INFO - Setting next_dagrun for flex_eau_pipeline to 2026-07-26 00:00:00+00:00, run_after=2026-07-27 00:00:00+00:00
[2026-07-26T11:00:45.074+0000] {processor.py:208} INFO - Processing /opt/airflow/dags/flex_eau_pipeline.py took 0.165 seconds
[2026-07-26T11:01:15.899+0000] {processor.py:186} INFO - Started process (PID=11182) to work on /opt/airflow/dags/flex_eau_pipeline.py
[2026-07-26T11:01:15.901+0000] {processor.py:914} INFO - Processing file /opt/airflow/dags/flex_eau_pipeline.py for tasks to queue
[2026-07-26T11:01:15.903+0000] {logging_mixin.py:190} INFO - [2026-07-26T11:01:15.903+0000] {dagbag.py:587} INFO - Filling up the DagBag from /opt/airflow/dags/flex_eau_pipeline.py
[2026-07-26T11:01:15.932+0000] {processor.py:925} INFO - DAG(s) 'flex_eau_pipeline' retrieved from /opt/airflow/dags/flex_eau_pipeline.py
[2026-07-26T11:01:15.972+0000] {logging_mixin.py:190} INFO - [2026-07-26T11:01:15.972+0000] {dag.py:3211} INFO - Sync 1 DAGs
[2026-07-26T11:01:15.999+0000] {logging_mixin.py:190} INFO - [2026-07-26T11:01:15.998+0000] {dag.py:4138} INFO - Setting next_dagrun for flex_eau_pipeline to 2026-07-26 00:00:00+00:00, run_after=2026-07-27 00:00:00+00:00
[2026-07-26T11:01:16.023+0000] {processor.py:208} INFO - Processing /opt/airflow/dags/flex_eau_pipeline.py took 0.131 seconds
[2026-07-26T11:01:47.025+0000] {processor.py:186} INFO - Started process (PID=11187) to work on /opt/airflow/dags/flex_eau_pipeline.py
[2026-07-26T11:01:47.026+0000] {processor.py:914} INFO - Processing file /opt/airflow/dags/flex_eau_pipeline.py for tasks to queue
[2026-07-26T11:01:47.029+0000] {logging_mixin.py:190} INFO - [2026-07-26T11:01:47.029+0000] {dagbag.py:587} INFO - Filling up the DagBag from /opt/airflow/dags/flex_eau_pipeline.py
[2026-07-26T11:01:47.059+0000] {processor.py:925} INFO - DAG(s) 'flex_eau_pipeline' retrieved from /opt/airflow/dags/flex_eau_pipeline.py
[2026-07-26T11:01:47.100+0000] {logging_mixin.py:190} INFO - [2026-07-26T11:01:47.100+0000] {dag.py:3211} INFO - Sync 1 DAGs
[2026-07-26T11:01:47.302+0000] {logging_mixin.py:190} INFO - [2026-07-26T11:01:47.302+0000] {dag.py:4138} INFO - Setting next_dagrun for flex_eau_pipeline to 2026-07-26 00:00:00+00:00, run_after=2026-07-27 00:00:00+00:00
[2026-07-26T11:01:47.330+0000] {processor.py:208} INFO - Processing /opt/airflow/dags/flex_eau_pipeline.py took 0.312 seconds
[2026-07-26T11:02:17.498+0000] {processor.py:186} INFO - Started process (PID=11192) to work on /opt/airflow/dags/flex_eau_pipeline.py
[2026-07-26T11:02:17.500+0000] {processor.py:914} INFO - Processing file /opt/airflow/dags/flex_eau_pipeline.py for tasks to queue
[2026-07-26T11:02:17.502+0000] {logging_mixin.py:190} INFO - [2026-07-26T11:02:17.502+0000] {dagbag.py:587} INFO - Filling up the DagBag from /opt/airflow/dags/flex_eau_pipeline.py
[2026-07-26T11:02:17.534+0000] {processor.py:925} INFO - DAG(s) 'flex_eau_pipeline' retrieved from /opt/airflow/dags/flex_eau_pipeline.py
[2026-07-26T11:02:17.574+0000] {logging_mixin.py:190} INFO - [2026-07-26T11:02:17.574+0000] {dag.py:3211} INFO - Sync 1 DAGs
[2026-07-26T11:02:17.782+0000] {logging_mixin.py:190} INFO - [2026-07-26T11:02:17.782+0000] {dag.py:4138} INFO - Setting next_dagrun for flex_eau_pipeline to 2026-07-26 00:00:00+00:00, run_after=2026-07-27 00:00:00+00:00
[2026-07-26T11:02:17.803+0000] {processor.py:208} INFO - Processing /opt/airflow/dags/flex_eau_pipeline.py took 0.312 seconds
[2026-07-26T11:02:48.448+0000] {processor.py:186} INFO - Started process (PID=11197) to work on /opt/airflow/dags/flex_eau_pipeline.py
[2026-07-26T11:02:48.449+0000] {processor.py:914} INFO - Processing file /opt/airflow/dags/flex_eau_pipeline.py for tasks to queue
[2026-07-26T11:02:48.452+0000] {logging_mixin.py:190} INFO - [2026-07-26T11:02:48.452+0000] {dagbag.py:587} INFO - Filling up the DagBag from /opt/airflow/dags/flex_eau_pipeline.py
[2026-07-26T11:02:48.482+0000] {processor.py:925} INFO - DAG(s) 'flex_eau_pipeline' retrieved from /opt/airflow/dags/flex_eau_pipeline.py
[2026-07-26T11:02:48.713+0000] {logging_mixin.py:190} INFO - [2026-07-26T11:02:48.713+0000] {dag.py:3211} INFO - Sync 1 DAGs
[2026-07-26T11:02:48.740+0000] {logging_mixin.py:190} INFO - [2026-07-26T11:02:48.740+0000] {dag.py:4138} INFO - Setting next_dagrun for flex_eau_pipeline to 2026-07-26 00:00:00+00:00, run_after=2026-07-27 00:00:00+00:00
[2026-07-26T11:02:48.779+0000] {processor.py:208} INFO - Processing /opt/airflow/dags/flex_eau_pipeline.py took 0.339 seconds
[2026-07-26T11:03:19.538+0000] {processor.py:186} INFO - Started process (PID=11202) to work on /opt/airflow/dags/flex_eau_pipeline.py
[2026-07-26T11:03:19.540+0000] {processor.py:914} INFO - Processing file /opt/airflow/dags/flex_eau_pipeline.py for tasks to queue
[2026-07-26T11:03:19.543+0000] {logging_mixin.py:190} INFO - [2026-07-26T11:03:19.542+0000] {dagbag.py:587} INFO - Filling up the DagBag from /opt/airflow/dags/flex_eau_pipeline.py
[2026-07-26T11:03:19.572+0000] {processor.py:925} INFO - DAG(s) 'flex_eau_pipeline' retrieved from /opt/airflow/dags/flex_eau_pipeline.py
[2026-07-26T11:03:19.618+0000] {logging_mixin.py:190} INFO - [2026-07-26T11:03:19.618+0000] {dag.py:3211} INFO - Sync 1 DAGs
[2026-07-26T11:03:19.652+0000] {logging_mixin.py:190} INFO - [2026-07-26T11:03:19.651+0000] {dag.py:4138} INFO - Setting next_dagrun for flex_eau_pipeline to 2026-07-26 00:00:00+00:00, run_after=2026-07-27 00:00:00+00:00
[2026-07-26T11:03:19.676+0000] {processor.py:208} INFO - Processing /opt/airflow/dags/flex_eau_pipeline.py took 0.145 seconds
[2026-07-26T11:03:50.589+0000] {processor.py:186} INFO - Started process (PID=11207) to work on /opt/airflow/dags/flex_eau_pipeline.py
[2026-07-26T11:03:50.591+0000] {processor.py:914} INFO - Processing file /opt/airflow/dags/flex_eau_pipeline.py for tasks to queue
[2026-07-26T11:03:50.594+0000] {logging_mixin.py:190} INFO - [2026-07-26T11:03:50.594+0000] {dagbag.py:587} INFO - Filling up the DagBag from /opt/airflow/dags/flex_eau_pipeline.py
[2026-07-26T11:03:50.626+0000] {processor.py:925} INFO - DAG(s) 'flex_eau_pipeline' retrieved from /opt/airflow/dags/flex_eau_pipeline.py
[2026-07-26T11:03:50.673+0000] {logging_mixin.py:190} INFO - [2026-07-26T11:03:50.673+0000] {dag.py:3211} INFO - Sync 1 DAGs
[2026-07-26T11:03:50.703+0000] {logging_mixin.py:190} INFO - [2026-07-26T11:03:50.703+0000] {dag.py:4138} INFO - Setting next_dagrun for flex_eau_pipeline to 2026-07-26 00:00:00+00:00, run_after=2026-07-27 00:00:00+00:00
[2026-07-26T11:03:50.946+0000] {processor.py:208} INFO - Processing /opt/airflow/dags/flex_eau_pipeline.py took 0.364 seconds
[2026-07-26T11:04:21.601+0000] {processor.py:186} INFO - Started process (PID=11212) to work on /opt/airflow/dags/flex_eau_pipeline.py
[2026-07-26T11:04:21.602+0000] {processor.py:914} INFO - Processing file /opt/airflow/dags/flex_eau_pipeline.py for tasks to queue
[2026-07-26T11:04:21.606+0000] {logging_mixin.py:190} INFO - [2026-07-26T11:04:21.605+0000] {dagbag.py:587} INFO - Filling up the DagBag from /opt/airflow/dags/flex_eau_pipeline.py
[2026-07-26T11:04:21.638+0000] {processor.py:925} INFO - DAG(s) 'flex_eau_pipeline' retrieved from /opt/airflow/dags/flex_eau_pipeline.py
[2026-07-26T11:04:21.686+0000] {logging_mixin.py:190} INFO - [2026-07-26T11:04:21.686+0000] {dag.py:3211} INFO - Sync 1 DAGs
[2026-07-26T11:04:21.903+0000] {logging_mixin.py:190} INFO - [2026-07-26T11:04:21.903+0000] {dag.py:4138} INFO - Setting next_dagrun for flex_eau_pipeline to 2026-07-26 00:00:00+00:00, run_after=2026-07-27 00:00:00+00:00
[2026-07-26T11:04:21.933+0000] {processor.py:208} INFO - Processing /opt/airflow/dags/flex_eau_pipeline.py took 0.341 seconds
[2026-07-26T11:04:52.769+0000] {processor.py:186} INFO - Started process (PID=11217) to work on /opt/airflow/dags/flex_eau_pipeline.py
[2026-07-26T11:04:52.770+0000] {processor.py:914} INFO - Processing file /opt/airflow/dags/flex_eau_pipeline.py for tasks to queue
[2026-07-26T11:04:52.773+0000] {logging_mixin.py:190} INFO - [2026-07-26T11:04:52.773+0000] {dagbag.py:587} INFO - Filling up the DagBag from /opt/airflow/dags/flex_eau_pipeline.py
[2026-07-26T11:04:52.807+0000] {processor.py:925} INFO - DAG(s) 'flex_eau_pipeline' retrieved from /opt/airflow/dags/flex_eau_pipeline.py
[2026-07-26T11:04:52.851+0000] {logging_mixin.py:190} INFO - [2026-07-26T11:04:52.850+0000] {dag.py:3211} INFO - Sync 1 DAGs
[2026-07-26T11:04:53.065+0000] {logging_mixin.py:190} INFO - [2026-07-26T11:04:53.065+0000] {dag.py:4138} INFO - Setting next_dagrun for flex_eau_pipeline to 2026-07-26 00:00:00+00:00, run_after=2026-07-27 00:00:00+00:00
[2026-07-26T11:04:53.090+0000] {processor.py:208} INFO - Processing /opt/airflow/dags/flex_eau_pipeline.py took 0.330 seconds
[2026-07-26T11:05:23.976+0000] {processor.py:186} INFO - Started process (PID=11222) to work on /opt/airflow/dags/flex_eau_pipeline.py
[2026-07-26T11:05:23.978+0000] {processor.py:914} INFO - Processing file /opt/airflow/dags/flex_eau_pipeline.py for tasks to queue
[2026-07-26T11:05:23.980+0000] {logging_mixin.py:190} INFO - [2026-07-26T11:05:23.980+0000] {dagbag.py:587} INFO - Filling up the DagBag from /opt/airflow/dags/flex_eau_pipeline.py
[2026-07-26T11:05:24.013+0000] {processor.py:925} INFO - DAG(s) 'flex_eau_pipeline' retrieved from /opt/airflow/dags/flex_eau_pipeline.py
[2026-07-26T11:05:24.058+0000] {logging_mixin.py:190} INFO - [2026-07-26T11:05:24.058+0000] {dag.py:3211} INFO - Sync 1 DAGs
[2026-07-26T11:05:24.092+0000] {logging_mixin.py:190} INFO - [2026-07-26T11:05:24.092+0000] {dag.py:4138} INFO - Setting next_dagrun for flex_eau_pipeline to 2026-07-26 00:00:00+00:00, run_after=2026-07-27 00:00:00+00:00
[2026-07-26T11:05:24.123+0000] {processor.py:208} INFO - Processing /opt/airflow/dags/flex_eau_pipeline.py took 0.154 seconds
[2026-07-26T11:05:54.927+0000] {processor.py:186} INFO - Started process (PID=11227) to work on /opt/airflow/dags/flex_eau_pipeline.py
[2026-07-26T11:05:54.928+0000] {processor.py:914} INFO - Processing file /opt/airflow/dags/flex_eau_pipeline.py for tasks to queue
[2026-07-26T11:05:54.931+0000] {logging_mixin.py:190} INFO - [2026-07-26T11:05:54.931+0000] {dagbag.py:587} INFO - Filling up the DagBag from /opt/airflow/dags/flex_eau_pipeline.py
[2026-07-26T11:05:54.964+0000] {processor.py:925} INFO - DAG(s) 'flex_eau_pipeline' retrieved from /opt/airflow/dags/flex_eau_pipeline.py
[2026-07-26T11:05:55.020+0000] {logging_mixin.py:190} INFO - [2026-07-26T11:05:55.019+0000] {dag.py:3211} INFO - Sync 1 DAGs
[2026-07-26T11:05:55.055+0000] {logging_mixin.py:190} INFO - [2026-07-26T11:05:55.054+0000] {dag.py:4138} INFO - Setting next_dagrun for flex_eau_pipeline to 2026-07-26 00:00:00+00:00, run_after=2026-07-27 00:00:00+00:00
[2026-07-26T11:05:55.086+0000] {processor.py:208} INFO - Processing /opt/airflow/dags/flex_eau_pipeline.py took 0.170 seconds
[2026-07-26T11:06:25.192+0000] {processor.py:186} INFO - Started process (PID=11232) to work on /opt/airflow/dags/flex_eau_pipeline.py
[2026-07-26T11:06:25.194+0000] {processor.py:914} INFO - Processing file /opt/airflow/dags/flex_eau_pipeline.py for tasks to queue
[2026-07-26T11:06:25.196+0000] {logging_mixin.py:190} INFO - [2026-07-26T11:06:25.196+0000] {dagbag.py:587} INFO - Filling up the DagBag from /opt/airflow/dags/flex_eau_pipeline.py
[2026-07-26T11:06:25.230+0000] {processor.py:925} INFO - DAG(s) 'flex_eau_pipeline' retrieved from /opt/airflow/dags/flex_eau_pipeline.py
[2026-07-26T11:06:25.270+0000] {logging_mixin.py:190} INFO - [2026-07-26T11:06:25.269+0000] {dag.py:3211} INFO - Sync 1 DAGs
[2026-07-26T11:06:25.297+0000] {logging_mixin.py:190} INFO - [2026-07-26T11:06:25.297+0000] {dag.py:4138} INFO - Setting next_dagrun for flex_eau_pipeline to 2026-07-26 00:00:00+00:00, run_after=2026-07-27 00:00:00+00:00
[2026-07-26T11:06:25.501+0000] {processor.py:208} INFO - Processing /opt/airflow/dags/flex_eau_pipeline.py took 0.316 seconds
[2026-07-26T11:06:55.568+0000] {processor.py:186} INFO - Started process (PID=11237) to work on /opt/airflow/dags/flex_eau_pipeline.py
[2026-07-26T11:06:55.570+0000] {processor.py:914} INFO - Processing file /opt/airflow/dags/flex_eau_pipeline.py for tasks to queue
[2026-07-26T11:06:55.573+0000] {logging_mixin.py:190} INFO - [2026-07-26T11:06:55.573+0000] {dagbag.py:587} INFO - Filling up the DagBag from /opt/airflow/dags/flex_eau_pipeline.py
[2026-07-26T11:06:55.605+0000] {processor.py:925} INFO - DAG(s) 'flex_eau_pipeline' retrieved from /opt/airflow/dags/flex_eau_pipeline.py
[2026-07-26T11:06:55.649+0000] {logging_mixin.py:190} INFO - [2026-07-26T11:06:55.648+0000] {dag.py:3211} INFO - Sync 1 DAGs
[2026-07-26T11:06:55.852+0000] {logging_mixin.py:190} INFO - [2026-07-26T11:06:55.852+0000] {dag.py:4138} INFO - Setting next_dagrun for flex_eau_pipeline to 2026-07-26 00:00:00+00:00, run_after=2026-07-27 00:00:00+00:00
[2026-07-26T11:06:55.877+0000] {processor.py:208} INFO - Processing /opt/airflow/dags/flex_eau_pipeline.py took 0.316 seconds
[2026-07-26T11:07:26.003+0000] {processor.py:186} INFO - Started process (PID=11242) to work on /opt/airflow/dags/flex_eau_pipeline.py
[2026-07-26T11:07:26.004+0000] {processor.py:914} INFO - Processing file /opt/airflow/dags/flex_eau_pipeline.py for tasks to queue
[2026-07-26T11:07:26.008+0000] {logging_mixin.py:190} INFO - [2026-07-26T11:07:26.008+0000] {dagbag.py:587} INFO - Filling up the DagBag from /opt/airflow/dags/flex_eau_pipeline.py
[2026-07-26T11:07:26.064+0000] {processor.py:925} INFO - DAG(s) 'flex_eau_pipeline' retrieved from /opt/airflow/dags/flex_eau_pipeline.py
[2026-07-26T11:07:26.113+0000] {logging_mixin.py:190} INFO - [2026-07-26T11:07:26.112+0000] {dag.py:3211} INFO - Sync 1 DAGs
[2026-07-26T11:07:26.343+0000] {logging_mixin.py:190} INFO - [2026-07-26T11:07:26.343+0000] {dag.py:4138} INFO - Setting next_dagrun for flex_eau_pipeline to 2026-07-26 00:00:00+00:00, run_after=2026-07-27 00:00:00+00:00
[2026-07-26T11:07:26.372+0000] {processor.py:208} INFO - Processing /opt/airflow/dags/flex_eau_pipeline.py took 0.383 seconds
[2026-07-26T11:07:56.782+0000] {processor.py:186} INFO - Started process (PID=11247) to work on /opt/airflow/dags/flex_eau_pipeline.py
[2026-07-26T11:07:56.783+0000] {processor.py:914} INFO - Processing file /opt/airflow/dags/flex_eau_pipeline.py for tasks to queue
[2026-07-26T11:07:56.787+0000] {logging_mixin.py:190} INFO - [2026-07-26T11:07:56.786+0000] {dagbag.py:587} INFO - Filling up the DagBag from /opt/airflow/dags/flex_eau_pipeline.py
[2026-07-26T11:07:56.819+0000] {processor.py:925} INFO - DAG(s) 'flex_eau_pipeline' retrieved from /opt/airflow/dags/flex_eau_pipeline.py
[2026-07-26T11:07:56.870+0000] {logging_mixin.py:190} INFO - [2026-07-26T11:07:56.869+0000] {dag.py:3211} INFO - Sync 1 DAGs
[2026-07-26T11:07:56.910+0000] {logging_mixin.py:190} INFO - [2026-07-26T11:07:56.910+0000] {dag.py:4138} INFO - Setting next_dagrun for flex_eau_pipeline to 2026-07-26 00:00:00+00:00, run_after=2026-07-27 00:00:00+00:00
[2026-07-26T11:07:56.935+0000] {processor.py:208} INFO - Processing /opt/airflow/dags/flex_eau_pipeline.py took 0.169 seconds
[2026-07-26T11:08:27.669+0000] {processor.py:186} INFO - Started process (PID=11252) to work on /opt/airflow/dags/flex_eau_pipeline.py
[2026-07-26T11:08:27.672+0000] {processor.py:914} INFO - Processing file /opt/airflow/dags/flex_eau_pipeline.py for tasks to queue
[2026-07-26T11:08:27.676+0000] {logging_mixin.py:190} INFO - [2026-07-26T11:08:27.675+0000] {dagbag.py:587} INFO - Filling up the DagBag from /opt/airflow/dags/flex_eau_pipeline.py
[2026-07-26T11:08:27.717+0000] {processor.py:925} INFO - DAG(s) 'flex_eau_pipeline' retrieved from /opt/airflow/dags/flex_eau_pipeline.py
[2026-07-26T11:08:27.779+0000] {logging_mixin.py:190} INFO - [2026-07-26T11:08:27.779+0000] {dag.py:3211} INFO - Sync 1 DAGs
[2026-07-26T11:08:27.820+0000] {logging_mixin.py:190} INFO - [2026-07-26T11:08:27.819+0000] {dag.py:4138} INFO - Setting next_dagrun for flex_eau_pipeline to 2026-07-26 00:00:00+00:00, run_after=2026-07-27 00:00:00+00:00
[2026-07-26T11:08:27.861+0000] {processor.py:208} INFO - Processing /opt/airflow/dags/flex_eau_pipeline.py took 0.205 seconds
[2026-07-26T11:08:58.693+0000] {processor.py:186} INFO - Started process (PID=11257) to work on /opt/airflow/dags/flex_eau_pipeline.py
[2026-07-26T11:08:58.695+0000] {processor.py:914} INFO - Processing file /opt/airflow/dags/flex_eau_pipeline.py for tasks to queue
[2026-07-26T11:08:58.698+0000] {logging_mixin.py:190} INFO - [2026-07-26T11:08:58.698+0000] {dagbag.py:587} INFO - Filling up the DagBag from /opt/airflow/dags/flex_eau_pipeline.py
[2026-07-26T11:08:58.737+0000] {processor.py:925} INFO - DAG(s) 'flex_eau_pipeline' retrieved from /opt/airflow/dags/flex_eau_pipeline.py
[2026-07-26T11:08:58.783+0000] {logging_mixin.py:190} INFO - [2026-07-26T11:08:58.783+0000] {dag.py:3211} INFO - Sync 1 DAGs
[2026-07-26T11:08:59.003+0000] {logging_mixin.py:190} INFO - [2026-07-26T11:08:59.003+0000] {dag.py:4138} INFO - Setting next_dagrun for flex_eau_pipeline to 2026-07-26 00:00:00+00:00, run_after=2026-07-27 00:00:00+00:00
[2026-07-26T11:08:59.033+0000] {processor.py:208} INFO - Processing /opt/airflow/dags/flex_eau_pipeline.py took 0.349 seconds
[2026-07-26T11:09:29.115+0000] {processor.py:186} INFO - Started process (PID=11262) to work on /opt/airflow/dags/flex_eau_pipeline.py
[2026-07-26T11:09:29.117+0000] {processor.py:914} INFO - Processing file /opt/airflow/dags/flex_eau_pipeline.py for tasks to queue
[2026-07-26T11:09:29.121+0000] {logging_mixin.py:190} INFO - [2026-07-26T11:09:29.120+0000] {dagbag.py:587} INFO - Filling up the DagBag from /opt/airflow/dags/flex_eau_pipeline.py
[2026-07-26T11:09:29.186+0000] {processor.py:925} INFO - DAG(s) 'flex_eau_pipeline' retrieved from /opt/airflow/dags/flex_eau_pipeline.py
[2026-07-26T11:09:29.243+0000] {logging_mixin.py:190} INFO - [2026-07-26T11:09:29.242+0000] {dag.py:3211} INFO - Sync 1 DAGs
[2026-07-26T11:09:29.520+0000] {logging_mixin.py:190} INFO - [2026-07-26T11:09:29.519+0000] {dag.py:4138} INFO - Setting next_dagrun for flex_eau_pipeline to 2026-07-26 00:00:00+00:00, run_after=2026-07-27 00:00:00+00:00
[2026-07-26T11:09:29.553+0000] {processor.py:208} INFO - Processing /opt/airflow/dags/flex_eau_pipeline.py took 0.448 seconds
[2026-07-26T11:10:00.108+0000] {processor.py:186} INFO - Started process (PID=11267) to work on /opt/airflow/dags/flex_eau_pipeline.py
[2026-07-26T11:10:00.110+0000] {processor.py:914} INFO - Processing file /opt/airflow/dags/flex_eau_pipeline.py for tasks to queue
[2026-07-26T11:10:00.112+0000] {logging_mixin.py:190} INFO - [2026-07-26T11:10:00.112+0000] {dagbag.py:587} INFO - Filling up the DagBag from /opt/airflow/dags/flex_eau_pipeline.py
[2026-07-26T11:10:00.149+0000] {processor.py:925} INFO - DAG(s) 'flex_eau_pipeline' retrieved from /opt/airflow/dags/flex_eau_pipeline.py
[2026-07-26T11:10:00.377+0000] {logging_mixin.py:190} INFO - [2026-07-26T11:10:00.376+0000] {dag.py:3211} INFO - Sync 1 DAGs
[2026-07-26T11:10:00.405+0000] {logging_mixin.py:190} INFO - [2026-07-26T11:10:00.404+0000] {dag.py:4138} INFO - Setting next_dagrun for flex_eau_pipeline to 2026-07-26 00:00:00+00:00, run_after=2026-07-27 00:00:00+00:00
[2026-07-26T11:10:00.425+0000] {processor.py:208} INFO - Processing /opt/airflow/dags/flex_eau_pipeline.py took 0.324 seconds
[2026-07-26T11:10:31.128+0000] {processor.py:186} INFO - Started process (PID=11272) to work on /opt/airflow/dags/flex_eau_pipeline.py
[2026-07-26T11:10:31.130+0000] {processor.py:914} INFO - Processing file /opt/airflow/dags/flex_eau_pipeline.py for tasks to queue
[2026-07-26T11:10:31.133+0000] {logging_mixin.py:190} INFO - [2026-07-26T11:10:31.132+0000] {dagbag.py:587} INFO - Filling up the DagBag from /opt/airflow/dags/flex_eau_pipeline.py
[2026-07-26T11:10:31.165+0000] {processor.py:925} INFO - DAG(s) 'flex_eau_pipeline' retrieved from /opt/airflow/dags/flex_eau_pipeline.py
[2026-07-26T11:10:31.205+0000] {logging_mixin.py:190} INFO - [2026-07-26T11:10:31.205+0000] {dag.py:3211} INFO - Sync 1 DAGs
[2026-07-26T11:10:31.232+0000] {logging_mixin.py:190} INFO - [2026-07-26T11:10:31.232+0000] {dag.py:4138} INFO - Setting next_dagrun for flex_eau_pipeline to 2026-07-26 00:00:00+00:00, run_after=2026-07-27 00:00:00+00:00
[2026-07-26T11:10:31.258+0000] {processor.py:208} INFO - Processing /opt/airflow/dags/flex_eau_pipeline.py took 0.139 seconds
[2026-07-26T11:11:02.073+0000] {processor.py:186} INFO - Started process (PID=11277) to work on /opt/airflow/dags/flex_eau_pipeline.py
[2026-07-26T11:11:02.075+0000] {processor.py:914} INFO - Processing file /opt/airflow/dags/flex_eau_pipeline.py for tasks to queue
[2026-07-26T11:11:02.078+0000] {logging_mixin.py:190} INFO - [2026-07-26T11:11:02.077+0000] {dagbag.py:587} INFO - Filling up the DagBag from /opt/airflow/dags/flex_eau_pipeline.py
[2026-07-26T11:11:02.107+0000] {processor.py:925} INFO - DAG(s) 'flex_eau_pipeline' retrieved from /opt/airflow/dags/flex_eau_pipeline.py
[2026-07-26T11:11:02.147+0000] {logging_mixin.py:190} INFO - [2026-07-26T11:11:02.146+0000] {dag.py:3211} INFO - Sync 1 DAGs
[2026-07-26T11:11:02.173+0000] {logging_mixin.py:190} INFO - [2026-07-26T11:11:02.172+0000] {dag.py:4138} INFO - Setting next_dagrun for flex_eau_pipeline to 2026-07-26 00:00:00+00:00, run_after=2026-07-27 00:00:00+00:00
[2026-07-26T11:11:02.197+0000] {processor.py:208} INFO - Processing /opt/airflow/dags/flex_eau_pipeline.py took 0.131 seconds
[2026-07-26T11:11:33.105+0000] {processor.py:186} INFO - Started process (PID=11282) to work on /opt/airflow/dags/flex_eau_pipeline.py
[2026-07-26T11:11:33.107+0000] {processor.py:914} INFO - Processing file /opt/airflow/dags/flex_eau_pipeline.py for tasks to queue
[2026-07-26T11:11:33.111+0000] {logging_mixin.py:190} INFO - [2026-07-26T11:11:33.110+0000] {dagbag.py:587} INFO - Filling up the DagBag from /opt/airflow/dags/flex_eau_pipeline.py
[2026-07-26T11:11:33.143+0000] {processor.py:925} INFO - DAG(s) 'flex_eau_pipeline' retrieved from /opt/airflow/dags/flex_eau_pipeline.py
[2026-07-26T11:11:33.190+0000] {logging_mixin.py:190} INFO - [2026-07-26T11:11:33.190+0000] {dag.py:3211} INFO - Sync 1 DAGs
[2026-07-26T11:11:33.405+0000] {logging_mixin.py:190} INFO - [2026-07-26T11:11:33.404+0000] {dag.py:4138} INFO - Setting next_dagrun for flex_eau_pipeline to 2026-07-26 00:00:00+00:00, run_after=2026-07-27 00:00:00+00:00
[2026-07-26T11:11:33.439+0000] {processor.py:208} INFO - Processing /opt/airflow/dags/flex_eau_pipeline.py took 0.343 seconds
[2026-07-26T11:12:04.004+0000] {processor.py:186} INFO - Started process (PID=11287) to work on /opt/airflow/dags/flex_eau_pipeline.py
[2026-07-26T11:12:04.005+0000] {processor.py:914} INFO - Processing file /opt/airflow/dags/flex_eau_pipeline.py for tasks to queue
[2026-07-26T11:12:04.009+0000] {logging_mixin.py:190} INFO - [2026-07-26T11:12:04.009+0000] {dagbag.py:587} INFO - Filling up the DagBag from /opt/airflow/dags/flex_eau_pipeline.py
[2026-07-26T11:12:04.041+0000] {processor.py:925} INFO - DAG(s) 'flex_eau_pipeline' retrieved from /opt/airflow/dags/flex_eau_pipeline.py
[2026-07-26T11:12:04.089+0000] {logging_mixin.py:190} INFO - [2026-07-26T11:12:04.089+0000] {dag.py:3211} INFO - Sync 1 DAGs
[2026-07-26T11:12:04.301+0000] {logging_mixin.py:190} INFO - [2026-07-26T11:12:04.300+0000] {dag.py:4138} INFO - Setting next_dagrun for flex_eau_pipeline to 2026-07-26 00:00:00+00:00, run_after=2026-07-27 00:00:00+00:00
[2026-07-26T11:12:04.323+0000] {processor.py:208} INFO - Processing /opt/airflow/dags/flex_eau_pipeline.py took 0.328 seconds
[2026-07-26T11:12:35.195+0000] {processor.py:186} INFO - Started process (PID=11292) to work on /opt/airflow/dags/flex_eau_pipeline.py
[2026-07-26T11:12:35.197+0000] {processor.py:914} INFO - Processing file /opt/airflow/dags/flex_eau_pipeline.py for tasks to queue
[2026-07-26T11:12:35.201+0000] {logging_mixin.py:190} INFO - [2026-07-26T11:12:35.201+0000] {dagbag.py:587} INFO - Filling up the DagBag from /opt/airflow/dags/flex_eau_pipeline.py
[2026-07-26T11:12:35.236+0000] {processor.py:925} INFO - DAG(s) 'flex_eau_pipeline' retrieved from /opt/airflow/dags/flex_eau_pipeline.py
[2026-07-26T11:12:35.478+0000] {logging_mixin.py:190} INFO - [2026-07-26T11:12:35.478+0000] {dag.py:3211} INFO - Sync 1 DAGs
[2026-07-26T11:12:35.506+0000] {logging_mixin.py:190} INFO - [2026-07-26T11:12:35.506+0000] {dag.py:4138} INFO - Setting next_dagrun for flex_eau_pipeline to 2026-07-26 00:00:00+00:00, run_after=2026-07-27 00:00:00+00:00
[2026-07-26T11:12:35.530+0000] {processor.py:208} INFO - Processing /opt/airflow/dags/flex_eau_pipeline.py took 0.345 seconds
[2026-07-26T11:13:06.110+0000] {processor.py:186} INFO - Started process (PID=11297) to work on /opt/airflow/dags/flex_eau_pipeline.py
[2026-07-26T11:13:06.112+0000] {processor.py:914} INFO - Processing file /opt/airflow/dags/flex_eau_pipeline.py for tasks to queue
[2026-07-26T11:13:06.115+0000] {logging_mixin.py:190} INFO - [2026-07-26T11:13:06.115+0000] {dagbag.py:587} INFO - Filling up the DagBag from /opt/airflow/dags/flex_eau_pipeline.py
[2026-07-26T11:13:06.146+0000] {processor.py:925} INFO - DAG(s) 'flex_eau_pipeline' retrieved from /opt/airflow/dags/flex_eau_pipeline.py
[2026-07-26T11:13:06.190+0000] {logging_mixin.py:190} INFO - [2026-07-26T11:13:06.190+0000] {dag.py:3211} INFO - Sync 1 DAGs
[2026-07-26T11:13:06.217+0000] {logging_mixin.py:190} INFO - [2026-07-26T11:13:06.217+0000] {dag.py:4138} INFO - Setting next_dagrun for flex_eau_pipeline to 2026-07-26 00:00:00+00:00, run_after=2026-07-27 00:00:00+00:00
[2026-07-26T11:13:06.241+0000] {processor.py:208} INFO - Processing /opt/airflow/dags/flex_eau_pipeline.py took 0.139 seconds
[2026-07-26T11:13:37.206+0000] {processor.py:186} INFO - Started process (PID=11302) to work on /opt/airflow/dags/flex_eau_pipeline.py
[2026-07-26T11:13:37.208+0000] {processor.py:914} INFO - Processing file /opt/airflow/dags/flex_eau_pipeline.py for tasks to queue
[2026-07-26T11:13:37.211+0000] {logging_mixin.py:190} INFO - [2026-07-26T11:13:37.211+0000] {dagbag.py:587} INFO - Filling up the DagBag from /opt/airflow/dags/flex_eau_pipeline.py
[2026-07-26T11:13:37.242+0000] {processor.py:925} INFO - DAG(s) 'flex_eau_pipeline' retrieved from /opt/airflow/dags/flex_eau_pipeline.py
[2026-07-26T11:13:37.285+0000] {logging_mixin.py:190} INFO - [2026-07-26T11:13:37.285+0000] {dag.py:3211} INFO - Sync 1 DAGs
[2026-07-26T11:13:37.317+0000] {logging_mixin.py:190} INFO - [2026-07-26T11:13:37.317+0000] {dag.py:4138} INFO - Setting next_dagrun for flex_eau_pipeline to 2026-07-26 00:00:00+00:00, run_after=2026-07-27 00:00:00+00:00
[2026-07-26T11:13:37.552+0000] {processor.py:208} INFO - Processing /opt/airflow/dags/flex_eau_pipeline.py took 0.356 seconds
[2026-07-26T11:14:08.213+0000] {processor.py:186} INFO - Started process (PID=11307) to work on /opt/airflow/dags/flex_eau_pipeline.py
[2026-07-26T11:14:08.215+0000] {processor.py:914} INFO - Processing file /opt/airflow/dags/flex_eau_pipeline.py for tasks to queue
[2026-07-26T11:14:08.220+0000] {logging_mixin.py:190} INFO - [2026-07-26T11:14:08.220+0000] {dagbag.py:587} INFO - Filling up the DagBag from /opt/airflow/dags/flex_eau_pipeline.py
[2026-07-26T11:14:08.260+0000] {processor.py:925} INFO - DAG(s) 'flex_eau_pipeline' retrieved from /opt/airflow/dags/flex_eau_pipeline.py
[2026-07-26T11:14:08.311+0000] {logging_mixin.py:190} INFO - [2026-07-26T11:14:08.310+0000] {dag.py:3211} INFO - Sync 1 DAGs
[2026-07-26T11:14:08.531+0000] {logging_mixin.py:190} INFO - [2026-07-26T11:14:08.530+0000] {dag.py:4138} INFO - Setting next_dagrun for flex_eau_pipeline to 2026-07-26 00:00:00+00:00, run_after=2026-07-27 00:00:00+00:00
[2026-07-26T11:14:08.554+0000] {processor.py:208} INFO - Processing /opt/airflow/dags/flex_eau_pipeline.py took 0.355 seconds
[2026-07-26T11:14:39.390+0000] {processor.py:186} INFO - Started process (PID=11312) to work on /opt/airflow/dags/flex_eau_pipeline.py
[2026-07-26T11:14:39.391+0000] {processor.py:914} INFO - Processing file /opt/airflow/dags/flex_eau_pipeline.py for tasks to queue
[2026-07-26T11:14:39.395+0000] {logging_mixin.py:190} INFO - [2026-07-26T11:14:39.394+0000] {dagbag.py:587} INFO - Filling up the DagBag from /opt/airflow/dags/flex_eau_pipeline.py
[2026-07-26T11:14:39.435+0000] {processor.py:925} INFO - DAG(s) 'flex_eau_pipeline' retrieved from /opt/airflow/dags/flex_eau_pipeline.py
[2026-07-26T11:14:39.488+0000] {logging_mixin.py:190} INFO - [2026-07-26T11:14:39.487+0000] {dag.py:3211} INFO - Sync 1 DAGs
[2026-07-26T11:14:39.721+0000] {logging_mixin.py:190} INFO - [2026-07-26T11:14:39.721+0000] {dag.py:4138} INFO - Setting next_dagrun for flex_eau_pipeline to 2026-07-26 00:00:00+00:00, run_after=2026-07-27 00:00:00+00:00
[2026-07-26T11:14:39.745+0000] {processor.py:208} INFO - Processing /opt/airflow/dags/flex_eau_pipeline.py took 0.363 seconds
[2026-07-26T11:15:10.414+0000] {processor.py:186} INFO - Started process (PID=11317) to work on /opt/airflow/dags/flex_eau_pipeline.py
[2026-07-26T11:15:10.416+0000] {processor.py:914} INFO - Processing file /opt/airflow/dags/flex_eau_pipeline.py for tasks to queue
[2026-07-26T11:15:10.418+0000] {logging_mixin.py:190} INFO - [2026-07-26T11:15:10.418+0000] {dagbag.py:587} INFO - Filling up the DagBag from /opt/airflow/dags/flex_eau_pipeline.py
[2026-07-26T11:15:10.453+0000] {processor.py:925} INFO - DAG(s) 'flex_eau_pipeline' retrieved from /opt/airflow/dags/flex_eau_pipeline.py
[2026-07-26T11:15:10.677+0000] {logging_mixin.py:190} INFO - [2026-07-26T11:15:10.677+0000] {dag.py:3211} INFO - Sync 1 DAGs
[2026-07-26T11:15:10.700+0000] {logging_mixin.py:190} INFO - [2026-07-26T11:15:10.700+0000] {dag.py:4138} INFO - Setting next_dagrun for flex_eau_pipeline to 2026-07-26 00:00:00+00:00, run_after=2026-07-27 00:00:00+00:00
[2026-07-26T11:15:10.725+0000] {processor.py:208} INFO - Processing /opt/airflow/dags/flex_eau_pipeline.py took 0.320 seconds
[2026-07-26T11:15:41.406+0000] {processor.py:186} INFO - Started process (PID=11322) to work on /opt/airflow/dags/flex_eau_pipeline.py
[2026-07-26T11:15:41.408+0000] {processor.py:914} INFO - Processing file /opt/airflow/dags/flex_eau_pipeline.py for tasks to queue
[2026-07-26T11:15:41.413+0000] {logging_mixin.py:190} INFO - [2026-07-26T11:15:41.412+0000] {dagbag.py:587} INFO - Filling up the DagBag from /opt/airflow/dags/flex_eau_pipeline.py
[2026-07-26T11:15:41.446+0000] {processor.py:925} INFO - DAG(s) 'flex_eau_pipeline' retrieved from /opt/airflow/dags/flex_eau_pipeline.py
[2026-07-26T11:15:41.488+0000] {logging_mixin.py:190} INFO - [2026-07-26T11:15:41.488+0000] {dag.py:3211} INFO - Sync 1 DAGs
[2026-07-26T11:15:41.516+0000] {logging_mixin.py:190} INFO - [2026-07-26T11:15:41.516+0000] {dag.py:4138} INFO - Setting next_dagrun for flex_eau_pipeline to 2026-07-26 00:00:00+00:00, run_after=2026-07-27 00:00:00+00:00
[2026-07-26T11:15:41.543+0000] {processor.py:208} INFO - Processing /opt/airflow/dags/flex_eau_pipeline.py took 0.146 seconds
[2026-07-26T11:16:12.531+0000] {processor.py:186} INFO - Started process (PID=11327) to work on /opt/airflow/dags/flex_eau_pipeline.py
[2026-07-26T11:16:12.533+0000] {processor.py:914} INFO - Processing file /opt/airflow/dags/flex_eau_pipeline.py for tasks to queue
[2026-07-26T11:16:12.536+0000] {logging_mixin.py:190} INFO - [2026-07-26T11:16:12.536+0000] {dagbag.py:587} INFO - Filling up the DagBag from /opt/airflow/dags/flex_eau_pipeline.py
[2026-07-26T11:16:12.570+0000] {processor.py:925} INFO - DAG(s) 'flex_eau_pipeline' retrieved from /opt/airflow/dags/flex_eau_pipeline.py
[2026-07-26T11:16:12.611+0000] {logging_mixin.py:190} INFO - [2026-07-26T11:16:12.610+0000] {dag.py:3211} INFO - Sync 1 DAGs
[2026-07-26T11:16:12.639+0000] {logging_mixin.py:190} INFO - [2026-07-26T11:16:12.638+0000] {dag.py:4138} INFO - Setting next_dagrun for flex_eau_pipeline to 2026-07-26 00:00:00+00:00, run_after=2026-07-27 00:00:00+00:00
[2026-07-26T11:16:12.841+0000] {processor.py:208} INFO - Processing /opt/airflow/dags/flex_eau_pipeline.py took 0.317 seconds
[2026-07-26T11:16:43.577+0000] {processor.py:186} INFO - Started process (PID=11332) to work on /opt/airflow/dags/flex_eau_pipeline.py
[2026-07-26T11:16:43.579+0000] {processor.py:914} INFO - Processing file /opt/airflow/dags/flex_eau_pipeline.py for tasks to queue
[2026-07-26T11:16:43.582+0000] {logging_mixin.py:190} INFO - [2026-07-26T11:16:43.582+0000] {dagbag.py:587} INFO - Filling up the DagBag from /opt/airflow/dags/flex_eau_pipeline.py
[2026-07-26T11:16:43.616+0000] {processor.py:925} INFO - DAG(s) 'flex_eau_pipeline' retrieved from /opt/airflow/dags/flex_eau_pipeline.py
[2026-07-26T11:16:43.661+0000] {logging_mixin.py:190} INFO - [2026-07-26T11:16:43.660+0000] {dag.py:3211} INFO - Sync 1 DAGs
[2026-07-26T11:16:43.881+0000] {logging_mixin.py:190} INFO - [2026-07-26T11:16:43.881+0000] {dag.py:4138} INFO - Setting next_dagrun for flex_eau_pipeline to 2026-07-26 00:00:00+00:00, run_after=2026-07-27 00:00:00+00:00
[2026-07-26T11:16:43.905+0000] {processor.py:208} INFO - Processing /opt/airflow/dags/flex_eau_pipeline.py took 0.339 seconds
[2026-07-26T11:17:14.747+0000] {processor.py:186} INFO - Started process (PID=11337) to work on /opt/airflow/dags/flex_eau_pipeline.py
[2026-07-26T11:17:14.750+0000] {processor.py:914} INFO - Processing file /opt/airflow/dags/flex_eau_pipeline.py for tasks to queue
[2026-07-26T11:17:14.753+0000] {logging_mixin.py:190} INFO - [2026-07-26T11:17:14.753+0000] {dagbag.py:587} INFO - Filling up the DagBag from /opt/airflow/dags/flex_eau_pipeline.py
[2026-07-26T11:17:14.789+0000] {processor.py:925} INFO - DAG(s) 'flex_eau_pipeline' retrieved from /opt/airflow/dags/flex_eau_pipeline.py
[2026-07-26T11:17:15.015+0000] {logging_mixin.py:190} INFO - [2026-07-26T11:17:15.014+0000] {dag.py:3211} INFO - Sync 1 DAGs
[2026-07-26T11:17:15.040+0000] {logging_mixin.py:190} INFO - [2026-07-26T11:17:15.040+0000] {dag.py:4138} INFO - Setting next_dagrun for flex_eau_pipeline to 2026-07-26 00:00:00+00:00, run_after=2026-07-27 00:00:00+00:00
[2026-07-26T11:17:15.062+0000] {processor.py:208} INFO - Processing /opt/airflow/dags/flex_eau_pipeline.py took 0.324 seconds
[2026-07-26T11:17:45.885+0000] {processor.py:186} INFO - Started process (PID=11342) to work on /opt/airflow/dags/flex_eau_pipeline.py
[2026-07-26T11:17:45.887+0000] {processor.py:914} INFO - Processing file /opt/airflow/dags/flex_eau_pipeline.py for tasks to queue
[2026-07-26T11:17:45.890+0000] {logging_mixin.py:190} INFO - [2026-07-26T11:17:45.890+0000] {dagbag.py:587} INFO - Filling up the DagBag from /opt/airflow/dags/flex_eau_pipeline.py
[2026-07-26T11:17:45.930+0000] {processor.py:925} INFO - DAG(s) 'flex_eau_pipeline' retrieved from /opt/airflow/dags/flex_eau_pipeline.py
[2026-07-26T11:17:45.978+0000] {logging_mixin.py:190} INFO - [2026-07-26T11:17:45.978+0000] {dag.py:3211} INFO - Sync 1 DAGs
[2026-07-26T11:17:46.011+0000] {logging_mixin.py:190} INFO - [2026-07-26T11:17:46.011+0000] {dag.py:4138} INFO - Setting next_dagrun for flex_eau_pipeline to 2026-07-26 00:00:00+00:00, run_after=2026-07-27 00:00:00+00:00
[2026-07-26T11:17:46.038+0000] {processor.py:208} INFO - Processing /opt/airflow/dags/flex_eau_pipeline.py took 0.163 seconds
[2026-07-26T11:18:16.112+0000] {processor.py:186} INFO - Started process (PID=11347) to work on /opt/airflow/dags/flex_eau_pipeline.py
[2026-07-26T11:18:16.114+0000] {processor.py:914} INFO - Processing file /opt/airflow/dags/flex_eau_pipeline.py for tasks to queue
[2026-07-26T11:18:16.117+0000] {logging_mixin.py:190} INFO - [2026-07-26T11:18:16.116+0000] {dagbag.py:587} INFO - Filling up the DagBag from /opt/airflow/dags/flex_eau_pipeline.py
[2026-07-26T11:18:16.153+0000] {processor.py:925} INFO - DAG(s) 'flex_eau_pipeline' retrieved from /opt/airflow/dags/flex_eau_pipeline.py
[2026-07-26T11:18:16.197+0000] {logging_mixin.py:190} INFO - [2026-07-26T11:18:16.197+0000] {dag.py:3211} INFO - Sync 1 DAGs
[2026-07-26T11:18:16.225+0000] {logging_mixin.py:190} INFO - [2026-07-26T11:18:16.225+0000] {dag.py:4138} INFO - Setting next_dagrun for flex_eau_pipeline to 2026-07-26 00:00:00+00:00, run_after=2026-07-27 00:00:00+00:00
[2026-07-26T11:18:16.247+0000] {processor.py:208} INFO - Processing /opt/airflow/dags/flex_eau_pipeline.py took 0.148 seconds
[2026-07-26T11:18:46.702+0000] {processor.py:186} INFO - Started process (PID=11352) to work on /opt/airflow/dags/flex_eau_pipeline.py
[2026-07-26T11:18:46.703+0000] {processor.py:914} INFO - Processing file /opt/airflow/dags/flex_eau_pipeline.py for tasks to queue
[2026-07-26T11:18:46.706+0000] {logging_mixin.py:190} INFO - [2026-07-26T11:18:46.706+0000] {dagbag.py:587} INFO - Filling up the DagBag from /opt/airflow/dags/flex_eau_pipeline.py
[2026-07-26T11:18:46.739+0000] {processor.py:925} INFO - DAG(s) 'flex_eau_pipeline' retrieved from /opt/airflow/dags/flex_eau_pipeline.py
[2026-07-26T11:18:46.778+0000] {logging_mixin.py:190} INFO - [2026-07-26T11:18:46.778+0000] {dag.py:3211} INFO - Sync 1 DAGs
[2026-07-26T11:18:46.981+0000] {logging_mixin.py:190} INFO - [2026-07-26T11:18:46.980+0000] {dag.py:4138} INFO - Setting next_dagrun for flex_eau_pipeline to 2026-07-26 00:00:00+00:00, run_after=2026-07-27 00:00:00+00:00
[2026-07-26T11:18:47.005+0000] {processor.py:208} INFO - Processing /opt/airflow/dags/flex_eau_pipeline.py took 0.312 seconds
[2026-07-26T11:19:17.934+0000] {processor.py:186} INFO - Started process (PID=11357) to work on /opt/airflow/dags/flex_eau_pipeline.py
[2026-07-26T11:19:17.936+0000] {processor.py:914} INFO - Processing file /opt/airflow/dags/flex_eau_pipeline.py for tasks to queue
[2026-07-26T11:19:17.939+0000] {logging_mixin.py:190} INFO - [2026-07-26T11:19:17.939+0000] {dagbag.py:587} INFO - Filling up the DagBag from /opt/airflow/dags/flex_eau_pipeline.py
[2026-07-26T11:19:17.974+0000] {processor.py:925} INFO - DAG(s) 'flex_eau_pipeline' retrieved from /opt/airflow/dags/flex_eau_pipeline.py
[2026-07-26T11:19:18.015+0000] {logging_mixin.py:190} INFO - [2026-07-26T11:19:18.015+0000] {dag.py:3211} INFO - Sync 1 DAGs
[2026-07-26T11:19:18.228+0000] {logging_mixin.py:190} INFO - [2026-07-26T11:19:18.228+0000] {dag.py:4138} INFO - Setting next_dagrun for flex_eau_pipeline to 2026-07-26 00:00:00+00:00, run_after=2026-07-27 00:00:00+00:00
[2026-07-26T11:19:18.252+0000] {processor.py:208} INFO - Processing /opt/airflow/dags/flex_eau_pipeline.py took 0.327 seconds
[2026-07-26T11:19:48.935+0000] {processor.py:186} INFO - Started process (PID=11362) to work on /opt/airflow/dags/flex_eau_pipeline.py
[2026-07-26T11:19:48.936+0000] {processor.py:914} INFO - Processing file /opt/airflow/dags/flex_eau_pipeline.py for tasks to queue
[2026-07-26T11:19:48.940+0000] {logging_mixin.py:190} INFO - [2026-07-26T11:19:48.939+0000] {dagbag.py:587} INFO - Filling up the DagBag from /opt/airflow/dags/flex_eau_pipeline.py
[2026-07-26T11:19:48.974+0000] {processor.py:925} INFO - DAG(s) 'flex_eau_pipeline' retrieved from /opt/airflow/dags/flex_eau_pipeline.py
[2026-07-26T11:19:49.262+0000] {logging_mixin.py:190} INFO - [2026-07-26T11:19:49.262+0000] {dag.py:3211} INFO - Sync 1 DAGs
[2026-07-26T11:19:49.288+0000] {logging_mixin.py:190} INFO - [2026-07-26T11:19:49.288+0000] {dag.py:4138} INFO - Setting next_dagrun for flex_eau_pipeline to 2026-07-26 00:00:00+00:00, run_after=2026-07-27 00:00:00+00:00
[2026-07-26T11:19:49.313+0000] {processor.py:208} INFO - Processing /opt/airflow/dags/flex_eau_pipeline.py took 0.406 seconds
[2026-07-26T11:20:20.289+0000] {processor.py:186} INFO - Started process (PID=11367) to work on /opt/airflow/dags/flex_eau_pipeline.py
[2026-07-26T11:20:20.290+0000] {processor.py:914} INFO - Processing file /opt/airflow/dags/flex_eau_pipeline.py for tasks to queue
[2026-07-26T11:20:20.294+0000] {logging_mixin.py:190} INFO - [2026-07-26T11:20:20.293+0000] {dagbag.py:587} INFO - Filling up the DagBag from /opt/airflow/dags/flex_eau_pipeline.py
[2026-07-26T11:20:20.325+0000] {processor.py:925} INFO - DAG(s) 'flex_eau_pipeline' retrieved from /opt/airflow/dags/flex_eau_pipeline.py
[2026-07-26T11:20:20.367+0000] {logging_mixin.py:190} INFO - [2026-07-26T11:20:20.367+0000] {dag.py:3211} INFO - Sync 1 DAGs
[2026-07-26T11:20:20.395+0000] {logging_mixin.py:190} INFO - [2026-07-26T11:20:20.395+0000] {dag.py:4138} INFO - Setting next_dagrun for flex_eau_pipeline to 2026-07-26 00:00:00+00:00, run_after=2026-07-27 00:00:00+00:00
[2026-07-26T11:20:20.424+0000] {processor.py:208} INFO - Processing /opt/airflow/dags/flex_eau_pipeline.py took 0.143 seconds
[2026-07-26T11:20:51.301+0000] {processor.py:186} INFO - Started process (PID=11372) to work on /opt/airflow/dags/flex_eau_pipeline.py
[2026-07-26T11:20:51.303+0000] {processor.py:914} INFO - Processing file /opt/airflow/dags/flex_eau_pipeline.py for tasks to queue
[2026-07-26T11:20:51.308+0000] {logging_mixin.py:190} INFO - [2026-07-26T11:20:51.308+0000] {dagbag.py:587} INFO - Filling up the DagBag from /opt/airflow/dags/flex_eau_pipeline.py
[2026-07-26T11:20:51.347+0000] {processor.py:925} INFO - DAG(s) 'flex_eau_pipeline' retrieved from /opt/airflow/dags/flex_eau_pipeline.py
[2026-07-26T11:20:51.408+0000] {logging_mixin.py:190} INFO - [2026-07-26T11:20:51.408+0000] {dag.py:3211} INFO - Sync 1 DAGs
[2026-07-26T11:20:51.442+0000] {logging_mixin.py:190} INFO - [2026-07-26T11:20:51.442+0000] {dag.py:4138} INFO - Setting next_dagrun for flex_eau_pipeline to 2026-07-26 00:00:00+00:00, run_after=2026-07-27 00:00:00+00:00
[2026-07-26T11:20:51.695+0000] {processor.py:208} INFO - Processing /opt/airflow/dags/flex_eau_pipeline.py took 0.407 seconds
[2026-07-26T11:21:22.428+0000] {processor.py:186} INFO - Started process (PID=11377) to work on /opt/airflow/dags/flex_eau_pipeline.py
[2026-07-26T11:21:22.429+0000] {processor.py:914} INFO - Processing file /opt/airflow/dags/flex_eau_pipeline.py for tasks to queue
[2026-07-26T11:21:22.432+0000] {logging_mixin.py:190} INFO - [2026-07-26T11:21:22.431+0000] {dagbag.py:587} INFO - Filling up the DagBag from /opt/airflow/dags/flex_eau_pipeline.py
[2026-07-26T11:21:22.463+0000] {processor.py:925} INFO - DAG(s) 'flex_eau_pipeline' retrieved from /opt/airflow/dags/flex_eau_pipeline.py
[2026-07-26T11:21:22.504+0000] {logging_mixin.py:190} INFO - [2026-07-26T11:21:22.504+0000] {dag.py:3211} INFO - Sync 1 DAGs
[2026-07-26T11:21:22.706+0000] {logging_mixin.py:190} INFO - [2026-07-26T11:21:22.706+0000] {dag.py:4138} INFO - Setting next_dagrun for flex_eau_pipeline to 2026-07-26 00:00:00+00:00, run_after=2026-07-27 00:00:00+00:00
[2026-07-26T11:21:22.729+0000] {processor.py:208} INFO - Processing /opt/airflow/dags/flex_eau_pipeline.py took 0.314 seconds
[2026-07-26T11:21:52.831+0000] {processor.py:186} INFO - Started process (PID=11382) to work on /opt/airflow/dags/flex_eau_pipeline.py
[2026-07-26T11:21:52.833+0000] {processor.py:914} INFO - Processing file /opt/airflow/dags/flex_eau_pipeline.py for tasks to queue
[2026-07-26T11:21:52.835+0000] {logging_mixin.py:190} INFO - [2026-07-26T11:21:52.835+0000] {dagbag.py:587} INFO - Filling up the DagBag from /opt/airflow/dags/flex_eau_pipeline.py
[2026-07-26T11:21:52.869+0000] {processor.py:925} INFO - DAG(s) 'flex_eau_pipeline' retrieved from /opt/airflow/dags/flex_eau_pipeline.py
[2026-07-26T11:21:52.914+0000] {logging_mixin.py:190} INFO - [2026-07-26T11:21:52.914+0000] {dag.py:3211} INFO - Sync 1 DAGs
[2026-07-26T11:21:53.121+0000] {logging_mixin.py:190} INFO - [2026-07-26T11:21:53.121+0000] {dag.py:4138} INFO - Setting next_dagrun for flex_eau_pipeline to 2026-07-26 00:00:00+00:00, run_after=2026-07-27 00:00:00+00:00
[2026-07-26T11:21:53.147+0000] {processor.py:208} INFO - Processing /opt/airflow/dags/flex_eau_pipeline.py took 0.324 seconds
[2026-07-26T11:22:23.932+0000] {processor.py:186} INFO - Started process (PID=11387) to work on /opt/airflow/dags/flex_eau_pipeline.py
[2026-07-26T11:22:23.933+0000] {processor.py:914} INFO - Processing file /opt/airflow/dags/flex_eau_pipeline.py for tasks to queue
[2026-07-26T11:22:23.935+0000] {logging_mixin.py:190} INFO - [2026-07-26T11:22:23.935+0000] {dagbag.py:587} INFO - Filling up the DagBag from /opt/airflow/dags/flex_eau_pipeline.py
[2026-07-26T11:22:23.966+0000] {processor.py:925} INFO - DAG(s) 'flex_eau_pipeline' retrieved from /opt/airflow/dags/flex_eau_pipeline.py
[2026-07-26T11:22:24.199+0000] {logging_mixin.py:190} INFO - [2026-07-26T11:22:24.199+0000] {dag.py:3211} INFO - Sync 1 DAGs
[2026-07-26T11:22:24.224+0000] {logging_mixin.py:190} INFO - [2026-07-26T11:22:24.223+0000] {dag.py:4138} INFO - Setting next_dagrun for flex_eau_pipeline to 2026-07-26 00:00:00+00:00, run_after=2026-07-27 00:00:00+00:00
[2026-07-26T11:22:24.247+0000] {processor.py:208} INFO - Processing /opt/airflow/dags/flex_eau_pipeline.py took 0.323 seconds
[2026-07-26T11:22:55.199+0000] {processor.py:186} INFO - Started process (PID=11392) to work on /opt/airflow/dags/flex_eau_pipeline.py
[2026-07-26T11:22:55.201+0000] {processor.py:914} INFO - Processing file /opt/airflow/dags/flex_eau_pipeline.py for tasks to queue
[2026-07-26T11:22:55.203+0000] {logging_mixin.py:190} INFO - [2026-07-26T11:22:55.203+0000] {dagbag.py:587} INFO - Filling up the DagBag from /opt/airflow/dags/flex_eau_pipeline.py
[2026-07-26T11:22:55.441+0000] {processor.py:925} INFO - DAG(s) 'flex_eau_pipeline' retrieved from /opt/airflow/dags/flex_eau_pipeline.py
[2026-07-26T11:22:55.478+0000] {logging_mixin.py:190} INFO - [2026-07-26T11:22:55.478+0000] {dag.py:3211} INFO - Sync 1 DAGs
[2026-07-26T11:22:55.503+0000] {logging_mixin.py:190} INFO - [2026-07-26T11:22:55.503+0000] {dag.py:4138} INFO - Setting next_dagrun for flex_eau_pipeline to 2026-07-26 00:00:00+00:00, run_after=2026-07-27 00:00:00+00:00
[2026-07-26T11:22:55.528+0000] {processor.py:208} INFO - Processing /opt/airflow/dags/flex_eau_pipeline.py took 0.339 seconds
[2026-07-26T11:23:25.746+0000] {processor.py:186} INFO - Started process (PID=11397) to work on /opt/airflow/dags/flex_eau_pipeline.py
[2026-07-26T11:23:25.747+0000] {processor.py:914} INFO - Processing file /opt/airflow/dags/flex_eau_pipeline.py for tasks to queue
[2026-07-26T11:23:25.751+0000] {logging_mixin.py:190} INFO - [2026-07-26T11:23:25.750+0000] {dagbag.py:587} INFO - Filling up the DagBag from /opt/airflow/dags/flex_eau_pipeline.py
[2026-07-26T11:23:25.786+0000] {processor.py:925} INFO - DAG(s) 'flex_eau_pipeline' retrieved from /opt/airflow/dags/flex_eau_pipeline.py
[2026-07-26T11:23:25.833+0000] {logging_mixin.py:190} INFO - [2026-07-26T11:23:25.832+0000] {dag.py:3211} INFO - Sync 1 DAGs
[2026-07-26T11:23:25.862+0000] {logging_mixin.py:190} INFO - [2026-07-26T11:23:25.861+0000] {dag.py:4138} INFO - Setting next_dagrun for flex_eau_pipeline to 2026-07-26 00:00:00+00:00, run_after=2026-07-27 00:00:00+00:00
[2026-07-26T11:23:25.888+0000] {processor.py:208} INFO - Processing /opt/airflow/dags/flex_eau_pipeline.py took 0.152 seconds
[2026-07-26T11:23:56.753+0000] {processor.py:186} INFO - Started process (PID=11402) to work on /opt/airflow/dags/flex_eau_pipeline.py
[2026-07-26T11:23:56.755+0000] {processor.py:914} INFO - Processing file /opt/airflow/dags/flex_eau_pipeline.py for tasks to queue
[2026-07-26T11:23:56.759+0000] {logging_mixin.py:190} INFO - [2026-07-26T11:23:56.759+0000] {dagbag.py:587} INFO - Filling up the DagBag from /opt/airflow/dags/flex_eau_pipeline.py
[2026-07-26T11:23:56.794+0000] {processor.py:925} INFO - DAG(s) 'flex_eau_pipeline' retrieved from /opt/airflow/dags/flex_eau_pipeline.py
[2026-07-26T11:23:56.839+0000] {logging_mixin.py:190} INFO - [2026-07-26T11:23:56.839+0000] {dag.py:3211} INFO - Sync 1 DAGs
[2026-07-26T11:23:56.868+0000] {logging_mixin.py:190} INFO - [2026-07-26T11:23:56.867+0000] {dag.py:4138} INFO - Setting next_dagrun for flex_eau_pipeline to 2026-07-26 00:00:00+00:00, run_after=2026-07-27 00:00:00+00:00
[2026-07-26T11:23:56.892+0000] {processor.py:208} INFO - Processing /opt/airflow/dags/flex_eau_pipeline.py took 0.150 seconds
[2026-07-26T11:24:27.813+0000] {processor.py:186} INFO - Started process (PID=11407) to work on /opt/airflow/dags/flex_eau_pipeline.py
[2026-07-26T11:24:27.815+0000] {processor.py:914} INFO - Processing file /opt/airflow/dags/flex_eau_pipeline.py for tasks to queue
[2026-07-26T11:24:27.818+0000] {logging_mixin.py:190} INFO - [2026-07-26T11:24:27.817+0000] {dagbag.py:587} INFO - Filling up the DagBag from /opt/airflow/dags/flex_eau_pipeline.py
[2026-07-26T11:24:27.848+0000] {processor.py:925} INFO - DAG(s) 'flex_eau_pipeline' retrieved from /opt/airflow/dags/flex_eau_pipeline.py
[2026-07-26T11:24:27.889+0000] {logging_mixin.py:190} INFO - [2026-07-26T11:24:27.888+0000] {dag.py:3211} INFO - Sync 1 DAGs
[2026-07-26T11:24:27.916+0000] {logging_mixin.py:190} INFO - [2026-07-26T11:24:27.915+0000] {dag.py:4138} INFO - Setting next_dagrun for flex_eau_pipeline to 2026-07-26 00:00:00+00:00, run_after=2026-07-27 00:00:00+00:00
[2026-07-26T11:24:27.939+0000] {processor.py:208} INFO - Processing /opt/airflow/dags/flex_eau_pipeline.py took 0.134 seconds
[2026-07-26T11:24:58.288+0000] {processor.py:186} INFO - Started process (PID=11412) to work on /opt/airflow/dags/flex_eau_pipeline.py
[2026-07-26T11:24:58.289+0000] {processor.py:914} INFO - Processing file /opt/airflow/dags/flex_eau_pipeline.py for tasks to queue
[2026-07-26T11:24:58.294+0000] {logging_mixin.py:190} INFO - [2026-07-26T11:24:58.294+0000] {dagbag.py:587} INFO - Filling up the DagBag from /opt/airflow/dags/flex_eau_pipeline.py
[2026-07-26T11:24:58.330+0000] {processor.py:925} INFO - DAG(s) 'flex_eau_pipeline' retrieved from /opt/airflow/dags/flex_eau_pipeline.py
[2026-07-26T11:24:58.383+0000] {logging_mixin.py:190} INFO - [2026-07-26T11:24:58.382+0000] {dag.py:3211} INFO - Sync 1 DAGs
[2026-07-26T11:24:58.432+0000] {logging_mixin.py:190} INFO - [2026-07-26T11:24:58.432+0000] {dag.py:4138} INFO - Setting next_dagrun for flex_eau_pipeline to 2026-07-26 00:00:00+00:00, run_after=2026-07-27 00:00:00+00:00
[2026-07-26T11:24:58.463+0000] {processor.py:208} INFO - Processing /opt/airflow/dags/flex_eau_pipeline.py took 0.196 seconds
[2026-07-26T11:25:29.299+0000] {processor.py:186} INFO - Started process (PID=11417) to work on /opt/airflow/dags/flex_eau_pipeline.py
[2026-07-26T11:25:29.301+0000] {processor.py:914} INFO - Processing file /opt/airflow/dags/flex_eau_pipeline.py for tasks to queue
[2026-07-26T11:25:29.304+0000] {logging_mixin.py:190} INFO - [2026-07-26T11:25:29.303+0000] {dagbag.py:587} INFO - Filling up the DagBag from /opt/airflow/dags/flex_eau_pipeline.py
[2026-07-26T11:25:29.334+0000] {processor.py:925} INFO - DAG(s) 'flex_eau_pipeline' retrieved from /opt/airflow/dags/flex_eau_pipeline.py
[2026-07-26T11:25:29.375+0000] {logging_mixin.py:190} INFO - [2026-07-26T11:25:29.375+0000] {dag.py:3211} INFO - Sync 1 DAGs
[2026-07-26T11:25:29.402+0000] {logging_mixin.py:190} INFO - [2026-07-26T11:25:29.402+0000] {dag.py:4138} INFO - Setting next_dagrun for flex_eau_pipeline to 2026-07-26 00:00:00+00:00, run_after=2026-07-27 00:00:00+00:00
[2026-07-26T11:25:29.430+0000] {processor.py:208} INFO - Processing /opt/airflow/dags/flex_eau_pipeline.py took 0.145 seconds
[2026-07-26T11:25:59.548+0000] {processor.py:186} INFO - Started process (PID=11422) to work on /opt/airflow/dags/flex_eau_pipeline.py
[2026-07-26T11:25:59.549+0000] {processor.py:914} INFO - Processing file /opt/airflow/dags/flex_eau_pipeline.py for tasks to queue
[2026-07-26T11:25:59.552+0000] {logging_mixin.py:190} INFO - [2026-07-26T11:25:59.552+0000] {dagbag.py:587} INFO - Filling up the DagBag from /opt/airflow/dags/flex_eau_pipeline.py
[2026-07-26T11:25:59.586+0000] {processor.py:925} INFO - DAG(s) 'flex_eau_pipeline' retrieved from /opt/airflow/dags/flex_eau_pipeline.py
[2026-07-26T11:25:59.643+0000] {logging_mixin.py:190} INFO - [2026-07-26T11:25:59.643+0000] {dag.py:3211} INFO - Sync 1 DAGs
[2026-07-26T11:25:59.687+0000] {logging_mixin.py:190} INFO - [2026-07-26T11:25:59.687+0000] {dag.py:4138} INFO - Setting next_dagrun for flex_eau_pipeline to 2026-07-26 00:00:00+00:00, run_after=2026-07-27 00:00:00+00:00
[2026-07-26T11:25:59.714+0000] {processor.py:208} INFO - Processing /opt/airflow/dags/flex_eau_pipeline.py took 0.179 seconds
[2026-07-26T11:26:30.744+0000] {processor.py:186} INFO - Started process (PID=11427) to work on /opt/airflow/dags/flex_eau_pipeline.py
[2026-07-26T11:26:30.746+0000] {processor.py:914} INFO - Processing file /opt/airflow/dags/flex_eau_pipeline.py for tasks to queue
[2026-07-26T11:26:30.749+0000] {logging_mixin.py:190} INFO - [2026-07-26T11:26:30.748+0000] {dagbag.py:587} INFO - Filling up the DagBag from /opt/airflow/dags/flex_eau_pipeline.py
[2026-07-26T11:26:30.784+0000] {processor.py:925} INFO - DAG(s) 'flex_eau_pipeline' retrieved from /opt/airflow/dags/flex_eau_pipeline.py
[2026-07-26T11:26:30.823+0000] {logging_mixin.py:190} INFO - [2026-07-26T11:26:30.823+0000] {dag.py:3211} INFO - Sync 1 DAGs
[2026-07-26T11:26:30.850+0000] {logging_mixin.py:190} INFO - [2026-07-26T11:26:30.850+0000] {dag.py:4138} INFO - Setting next_dagrun for flex_eau_pipeline to 2026-07-26 00:00:00+00:00, run_after=2026-07-27 00:00:00+00:00
[2026-07-26T11:26:30.875+0000] {processor.py:208} INFO - Processing /opt/airflow/dags/flex_eau_pipeline.py took 0.141 seconds
[2026-07-26T11:27:01.780+0000] {processor.py:186} INFO - Started process (PID=11432) to work on /opt/airflow/dags/flex_eau_pipeline.py
[2026-07-26T11:27:01.781+0000] {processor.py:914} INFO - Processing file /opt/airflow/dags/flex_eau_pipeline.py for tasks to queue
[2026-07-26T11:27:01.784+0000] {logging_mixin.py:190} INFO - [2026-07-26T11:27:01.783+0000] {dagbag.py:587} INFO - Filling up the DagBag from /opt/airflow/dags/flex_eau_pipeline.py
[2026-07-26T11:27:01.837+0000] {processor.py:925} INFO - DAG(s) 'flex_eau_pipeline' retrieved from /opt/airflow/dags/flex_eau_pipeline.py
[2026-07-26T11:27:01.876+0000] {logging_mixin.py:190} INFO - [2026-07-26T11:27:01.876+0000] {dag.py:3211} INFO - Sync 1 DAGs
[2026-07-26T11:27:01.904+0000] {logging_mixin.py:190} INFO - [2026-07-26T11:27:01.903+0000] {dag.py:4138} INFO - Setting next_dagrun for flex_eau_pipeline to 2026-07-26 00:00:00+00:00, run_after=2026-07-27 00:00:00+00:00
[2026-07-26T11:27:01.929+0000] {processor.py:208} INFO - Processing /opt/airflow/dags/flex_eau_pipeline.py took 0.156 seconds
[2026-07-26T11:27:32.743+0000] {processor.py:186} INFO - Started process (PID=11437) to work on /opt/airflow/dags/flex_eau_pipeline.py
[2026-07-26T11:27:32.744+0000] {processor.py:914} INFO - Processing file /opt/airflow/dags/flex_eau_pipeline.py for tasks to queue
[2026-07-26T11:27:32.748+0000] {logging_mixin.py:190} INFO - [2026-07-26T11:27:32.748+0000] {dagbag.py:587} INFO - Filling up the DagBag from /opt/airflow/dags/flex_eau_pipeline.py
[2026-07-26T11:27:32.779+0000] {processor.py:925} INFO - DAG(s) 'flex_eau_pipeline' retrieved from /opt/airflow/dags/flex_eau_pipeline.py
[2026-07-26T11:27:32.819+0000] {logging_mixin.py:190} INFO - [2026-07-26T11:27:32.819+0000] {dag.py:3211} INFO - Sync 1 DAGs
[2026-07-26T11:27:32.845+0000] {logging_mixin.py:190} INFO - [2026-07-26T11:27:32.845+0000] {dag.py:4138} INFO - Setting next_dagrun for flex_eau_pipeline to 2026-07-26 00:00:00+00:00, run_after=2026-07-27 00:00:00+00:00
[2026-07-26T11:27:32.872+0000] {processor.py:208} INFO - Processing /opt/airflow/dags/flex_eau_pipeline.py took 0.146 seconds
[2026-07-26T11:28:02.999+0000] {processor.py:186} INFO - Started process (PID=11442) to work on /opt/airflow/dags/flex_eau_pipeline.py
[2026-07-26T11:28:03.000+0000] {processor.py:914} INFO - Processing file /opt/airflow/dags/flex_eau_pipeline.py for tasks to queue
[2026-07-26T11:28:03.003+0000] {logging_mixin.py:190} INFO - [2026-07-26T11:28:03.003+0000] {dagbag.py:587} INFO - Filling up the DagBag from /opt/airflow/dags/flex_eau_pipeline.py
[2026-07-26T11:28:03.033+0000] {processor.py:925} INFO - DAG(s) 'flex_eau_pipeline' retrieved from /opt/airflow/dags/flex_eau_pipeline.py
[2026-07-26T11:28:03.088+0000] {logging_mixin.py:190} INFO - [2026-07-26T11:28:03.088+0000] {dag.py:3211} INFO - Sync 1 DAGs
[2026-07-26T11:28:03.118+0000] {logging_mixin.py:190} INFO - [2026-07-26T11:28:03.118+0000] {dag.py:4138} INFO - Setting next_dagrun for flex_eau_pipeline to 2026-07-26 00:00:00+00:00, run_after=2026-07-27 00:00:00+00:00
[2026-07-26T11:28:03.146+0000] {processor.py:208} INFO - Processing /opt/airflow/dags/flex_eau_pipeline.py took 0.155 seconds
[2026-07-26T11:28:33.268+0000] {processor.py:186} INFO - Started process (PID=11447) to work on /opt/airflow/dags/flex_eau_pipeline.py
[2026-07-26T11:28:33.270+0000] {processor.py:914} INFO - Processing file /opt/airflow/dags/flex_eau_pipeline.py for tasks to queue
[2026-07-26T11:28:33.273+0000] {logging_mixin.py:190} INFO - [2026-07-26T11:28:33.273+0000] {dagbag.py:587} INFO - Filling up the DagBag from /opt/airflow/dags/flex_eau_pipeline.py
[2026-07-26T11:28:33.306+0000] {processor.py:925} INFO - DAG(s) 'flex_eau_pipeline' retrieved from /opt/airflow/dags/flex_eau_pipeline.py
[2026-07-26T11:28:33.347+0000] {logging_mixin.py:190} INFO - [2026-07-26T11:28:33.346+0000] {dag.py:3211} INFO - Sync 1 DAGs
[2026-07-26T11:28:33.373+0000] {logging_mixin.py:190} INFO - [2026-07-26T11:28:33.373+0000] {dag.py:4138} INFO - Setting next_dagrun for flex_eau_pipeline to 2026-07-26 00:00:00+00:00, run_after=2026-07-27 00:00:00+00:00
[2026-07-26T11:28:33.397+0000] {processor.py:208} INFO - Processing /opt/airflow/dags/flex_eau_pipeline.py took 0.140 seconds
[2026-07-26T11:29:04.311+0000] {processor.py:186} INFO - Started process (PID=11452) to work on /opt/airflow/dags/flex_eau_pipeline.py
[2026-07-26T11:29:04.313+0000] {processor.py:914} INFO - Processing file /opt/airflow/dags/flex_eau_pipeline.py for tasks to queue
[2026-07-26T11:29:04.315+0000] {logging_mixin.py:190} INFO - [2026-07-26T11:29:04.315+0000] {dagbag.py:587} INFO - Filling up the DagBag from /opt/airflow/dags/flex_eau_pipeline.py
[2026-07-26T11:29:04.348+0000] {processor.py:925} INFO - DAG(s) 'flex_eau_pipeline' retrieved from /opt/airflow/dags/flex_eau_pipeline.py
[2026-07-26T11:29:04.391+0000] {logging_mixin.py:190} INFO - [2026-07-26T11:29:04.390+0000] {dag.py:3211} INFO - Sync 1 DAGs
[2026-07-26T11:29:04.420+0000] {logging_mixin.py:190} INFO - [2026-07-26T11:29:04.419+0000] {dag.py:4138} INFO - Setting next_dagrun for flex_eau_pipeline to 2026-07-26 00:00:00+00:00, run_after=2026-07-27 00:00:00+00:00
[2026-07-26T11:29:04.446+0000] {processor.py:208} INFO - Processing /opt/airflow/dags/flex_eau_pipeline.py took 0.145 seconds
[2026-07-26T11:29:35.481+0000] {processor.py:186} INFO - Started process (PID=11457) to work on /opt/airflow/dags/flex_eau_pipeline.py
[2026-07-26T11:29:35.483+0000] {processor.py:914} INFO - Processing file /opt/airflow/dags/flex_eau_pipeline.py for tasks to queue
[2026-07-26T11:29:35.486+0000] {logging_mixin.py:190} INFO - [2026-07-26T11:29:35.485+0000] {dagbag.py:587} INFO - Filling up the DagBag from /opt/airflow/dags/flex_eau_pipeline.py
[2026-07-26T11:29:35.515+0000] {processor.py:925} INFO - DAG(s) 'flex_eau_pipeline' retrieved from /opt/airflow/dags/flex_eau_pipeline.py
[2026-07-26T11:29:35.556+0000] {logging_mixin.py:190} INFO - [2026-07-26T11:29:35.555+0000] {dag.py:3211} INFO - Sync 1 DAGs
[2026-07-26T11:29:35.581+0000] {logging_mixin.py:190} INFO - [2026-07-26T11:29:35.581+0000] {dag.py:4138} INFO - Setting next_dagrun for flex_eau_pipeline to 2026-07-26 00:00:00+00:00, run_after=2026-07-27 00:00:00+00:00
[2026-07-26T11:29:35.607+0000] {processor.py:208} INFO - Processing /opt/airflow/dags/flex_eau_pipeline.py took 0.133 seconds
[2026-07-26T11:30:05.795+0000] {processor.py:186} INFO - Started process (PID=11462) to work on /opt/airflow/dags/flex_eau_pipeline.py
[2026-07-26T11:30:05.797+0000] {processor.py:914} INFO - Processing file /opt/airflow/dags/flex_eau_pipeline.py for tasks to queue
[2026-07-26T11:30:05.799+0000] {logging_mixin.py:190} INFO - [2026-07-26T11:30:05.799+0000] {dagbag.py:587} INFO - Filling up the DagBag from /opt/airflow/dags/flex_eau_pipeline.py
[2026-07-26T11:30:05.831+0000] {processor.py:925} INFO - DAG(s) 'flex_eau_pipeline' retrieved from /opt/airflow/dags/flex_eau_pipeline.py
[2026-07-26T11:30:05.883+0000] {logging_mixin.py:190} INFO - [2026-07-26T11:30:05.882+0000] {dag.py:3211} INFO - Sync 1 DAGs
[2026-07-26T11:30:05.911+0000] {logging_mixin.py:190} INFO - [2026-07-26T11:30:05.911+0000] {dag.py:4138} INFO - Setting next_dagrun for flex_eau_pipeline to 2026-07-26 00:00:00+00:00, run_after=2026-07-27 00:00:00+00:00
[2026-07-26T11:30:05.936+0000] {processor.py:208} INFO - Processing /opt/airflow/dags/flex_eau_pipeline.py took 0.151 seconds
[2026-07-26T11:30:36.957+0000] {processor.py:186} INFO - Started process (PID=11467) to work on /opt/airflow/dags/flex_eau_pipeline.py
[2026-07-26T11:30:36.958+0000] {processor.py:914} INFO - Processing file /opt/airflow/dags/flex_eau_pipeline.py for tasks to queue
[2026-07-26T11:30:36.961+0000] {logging_mixin.py:190} INFO - [2026-07-26T11:30:36.961+0000] {dagbag.py:587} INFO - Filling up the DagBag from /opt/airflow/dags/flex_eau_pipeline.py
[2026-07-26T11:30:36.991+0000] {processor.py:925} INFO - DAG(s) 'flex_eau_pipeline' retrieved from /opt/airflow/dags/flex_eau_pipeline.py
[2026-07-26T11:30:37.033+0000] {logging_mixin.py:190} INFO - [2026-07-26T11:30:37.032+0000] {dag.py:3211} INFO - Sync 1 DAGs
[2026-07-26T11:30:37.061+0000] {logging_mixin.py:190} INFO - [2026-07-26T11:30:37.060+0000] {dag.py:4138} INFO - Setting next_dagrun for flex_eau_pipeline to 2026-07-26 00:00:00+00:00, run_after=2026-07-27 00:00:00+00:00
[2026-07-26T11:30:37.086+0000] {processor.py:208} INFO - Processing /opt/airflow/dags/flex_eau_pipeline.py took 0.137 seconds
[2026-07-26T11:31:07.681+0000] {processor.py:186} INFO - Started process (PID=11472) to work on /opt/airflow/dags/flex_eau_pipeline.py
[2026-07-26T11:31:07.682+0000] {processor.py:914} INFO - Processing file /opt/airflow/dags/flex_eau_pipeline.py for tasks to queue
[2026-07-26T11:31:07.688+0000] {logging_mixin.py:190} INFO - [2026-07-26T11:31:07.688+0000] {dagbag.py:587} INFO - Filling up the DagBag from /opt/airflow/dags/flex_eau_pipeline.py
[2026-07-26T11:31:07.720+0000] {processor.py:925} INFO - DAG(s) 'flex_eau_pipeline' retrieved from /opt/airflow/dags/flex_eau_pipeline.py
[2026-07-26T11:31:07.774+0000] {logging_mixin.py:190} INFO - [2026-07-26T11:31:07.774+0000] {dag.py:3211} INFO - Sync 1 DAGs
[2026-07-26T11:31:07.807+0000] {logging_mixin.py:190} INFO - [2026-07-26T11:31:07.807+0000] {dag.py:4138} INFO - Setting next_dagrun for flex_eau_pipeline to 2026-07-26 00:00:00+00:00, run_after=2026-07-27 00:00:00+00:00
[2026-07-26T11:31:07.833+0000] {processor.py:208} INFO - Processing /opt/airflow/dags/flex_eau_pipeline.py took 0.163 seconds
[2026-07-26T11:31:37.935+0000] {processor.py:186} INFO - Started process (PID=11477) to work on /opt/airflow/dags/flex_eau_pipeline.py
[2026-07-26T11:31:37.936+0000] {processor.py:914} INFO - Processing file /opt/airflow/dags/flex_eau_pipeline.py for tasks to queue
[2026-07-26T11:31:37.939+0000] {logging_mixin.py:190} INFO - [2026-07-26T11:31:37.939+0000] {dagbag.py:587} INFO - Filling up the DagBag from /opt/airflow/dags/flex_eau_pipeline.py
[2026-07-26T11:31:37.966+0000] {processor.py:925} INFO - DAG(s) 'flex_eau_pipeline' retrieved from /opt/airflow/dags/flex_eau_pipeline.py
[2026-07-26T11:31:38.012+0000] {logging_mixin.py:190} INFO - [2026-07-26T11:31:38.012+0000] {dag.py:3211} INFO - Sync 1 DAGs
[2026-07-26T11:31:38.039+0000] {logging_mixin.py:190} INFO - [2026-07-26T11:31:38.039+0000] {dag.py:4138} INFO - Setting next_dagrun for flex_eau_pipeline to 2026-07-26 00:00:00+00:00, run_after=2026-07-27 00:00:00+00:00
[2026-07-26T11:31:38.061+0000] {processor.py:208} INFO - Processing /opt/airflow/dags/flex_eau_pipeline.py took 0.137 seconds
[2026-07-26T11:32:09.098+0000] {processor.py:186} INFO - Started process (PID=11482) to work on /opt/airflow/dags/flex_eau_pipeline.py
[2026-07-26T11:32:09.099+0000] {processor.py:914} INFO - Processing file /opt/airflow/dags/flex_eau_pipeline.py for tasks to queue
[2026-07-26T11:32:09.102+0000] {logging_mixin.py:190} INFO - [2026-07-26T11:32:09.101+0000] {dagbag.py:587} INFO - Filling up the DagBag from /opt/airflow/dags/flex_eau_pipeline.py
[2026-07-26T11:32:09.134+0000] {processor.py:925} INFO - DAG(s) 'flex_eau_pipeline' retrieved from /opt/airflow/dags/flex_eau_pipeline.py
[2026-07-26T11:32:09.174+0000] {logging_mixin.py:190} INFO - [2026-07-26T11:32:09.174+0000] {dag.py:3211} INFO - Sync 1 DAGs
[2026-07-26T11:32:09.204+0000] {logging_mixin.py:190} INFO - [2026-07-26T11:32:09.204+0000] {dag.py:4138} INFO - Setting next_dagrun for flex_eau_pipeline to 2026-07-26 00:00:00+00:00, run_after=2026-07-27 00:00:00+00:00
[2026-07-26T11:32:09.229+0000] {processor.py:208} INFO - Processing /opt/airflow/dags/flex_eau_pipeline.py took 0.140 seconds
[2026-07-26T11:32:40.253+0000] {processor.py:186} INFO - Started process (PID=11487) to work on /opt/airflow/dags/flex_eau_pipeline.py
[2026-07-26T11:32:40.255+0000] {processor.py:914} INFO - Processing file /opt/airflow/dags/flex_eau_pipeline.py for tasks to queue
[2026-07-26T11:32:40.258+0000] {logging_mixin.py:190} INFO - [2026-07-26T11:32:40.258+0000] {dagbag.py:587} INFO - Filling up the DagBag from /opt/airflow/dags/flex_eau_pipeline.py
[2026-07-26T11:32:40.290+0000] {processor.py:925} INFO - DAG(s) 'flex_eau_pipeline' retrieved from /opt/airflow/dags/flex_eau_pipeline.py
[2026-07-26T11:32:40.329+0000] {logging_mixin.py:190} INFO - [2026-07-26T11:32:40.329+0000] {dag.py:3211} INFO - Sync 1 DAGs
[2026-07-26T11:32:40.355+0000] {logging_mixin.py:190} INFO - [2026-07-26T11:32:40.354+0000] {dag.py:4138} INFO - Setting next_dagrun for flex_eau_pipeline to 2026-07-26 00:00:00+00:00, run_after=2026-07-27 00:00:00+00:00
[2026-07-26T11:32:40.379+0000] {processor.py:208} INFO - Processing /opt/airflow/dags/flex_eau_pipeline.py took 0.133 seconds
[2026-07-26T11:33:11.454+0000] {processor.py:186} INFO - Started process (PID=11492) to work on /opt/airflow/dags/flex_eau_pipeline.py
[2026-07-26T11:33:11.456+0000] {processor.py:914} INFO - Processing file /opt/airflow/dags/flex_eau_pipeline.py for tasks to queue
[2026-07-26T11:33:11.459+0000] {logging_mixin.py:190} INFO - [2026-07-26T11:33:11.459+0000] {dagbag.py:587} INFO - Filling up the DagBag from /opt/airflow/dags/flex_eau_pipeline.py
[2026-07-26T11:33:11.493+0000] {processor.py:925} INFO - DAG(s) 'flex_eau_pipeline' retrieved from /opt/airflow/dags/flex_eau_pipeline.py
[2026-07-26T11:33:11.533+0000] {logging_mixin.py:190} INFO - [2026-07-26T11:33:11.533+0000] {dag.py:3211} INFO - Sync 1 DAGs
[2026-07-26T11:33:11.564+0000] {logging_mixin.py:190} INFO - [2026-07-26T11:33:11.564+0000] {dag.py:4138} INFO - Setting next_dagrun for flex_eau_pipeline to 2026-07-26 00:00:00+00:00, run_after=2026-07-27 00:00:00+00:00
[2026-07-26T11:33:11.589+0000] {processor.py:208} INFO - Processing /opt/airflow/dags/flex_eau_pipeline.py took 0.143 seconds
[2026-07-26T11:33:41.674+0000] {processor.py:186} INFO - Started process (PID=11497) to work on /opt/airflow/dags/flex_eau_pipeline.py
[2026-07-26T11:33:41.676+0000] {processor.py:914} INFO - Processing file /opt/airflow/dags/flex_eau_pipeline.py for tasks to queue
[2026-07-26T11:33:41.680+0000] {logging_mixin.py:190} INFO - [2026-07-26T11:33:41.679+0000] {dagbag.py:587} INFO - Filling up the DagBag from /opt/airflow/dags/flex_eau_pipeline.py
[2026-07-26T11:33:41.716+0000] {processor.py:925} INFO - DAG(s) 'flex_eau_pipeline' retrieved from /opt/airflow/dags/flex_eau_pipeline.py
[2026-07-26T11:33:41.765+0000] {logging_mixin.py:190} INFO - [2026-07-26T11:33:41.765+0000] {dag.py:3211} INFO - Sync 1 DAGs
[2026-07-26T11:33:41.797+0000] {logging_mixin.py:190} INFO - [2026-07-26T11:33:41.797+0000] {dag.py:4138} INFO - Setting next_dagrun for flex_eau_pipeline to 2026-07-26 00:00:00+00:00, run_after=2026-07-27 00:00:00+00:00
[2026-07-26T11:33:41.826+0000] {processor.py:208} INFO - Processing /opt/airflow/dags/flex_eau_pipeline.py took 0.165 seconds
[2026-07-26T11:34:11.948+0000] {processor.py:186} INFO - Started process (PID=11502) to work on /opt/airflow/dags/flex_eau_pipeline.py
[2026-07-26T11:34:11.949+0000] {processor.py:914} INFO - Processing file /opt/airflow/dags/flex_eau_pipeline.py for tasks to queue
[2026-07-26T11:34:11.952+0000] {logging_mixin.py:190} INFO - [2026-07-26T11:34:11.952+0000] {dagbag.py:587} INFO - Filling up the DagBag from /opt/airflow/dags/flex_eau_pipeline.py
[2026-07-26T11:34:11.984+0000] {processor.py:925} INFO - DAG(s) 'flex_eau_pipeline' retrieved from /opt/airflow/dags/flex_eau_pipeline.py
[2026-07-26T11:34:12.027+0000] {logging_mixin.py:190} INFO - [2026-07-26T11:34:12.027+0000] {dag.py:3211} INFO - Sync 1 DAGs
[2026-07-26T11:34:12.053+0000] {logging_mixin.py:190} INFO - [2026-07-26T11:34:12.052+0000] {dag.py:4138} INFO - Setting next_dagrun for flex_eau_pipeline to 2026-07-26 00:00:00+00:00, run_after=2026-07-27 00:00:00+00:00
[2026-07-26T11:34:12.077+0000] {processor.py:208} INFO - Processing /opt/airflow/dags/flex_eau_pipeline.py took 0.137 seconds
[2026-07-26T11:34:42.203+0000] {processor.py:186} INFO - Started process (PID=11507) to work on /opt/airflow/dags/flex_eau_pipeline.py
[2026-07-26T11:34:42.204+0000] {processor.py:914} INFO - Processing file /opt/airflow/dags/flex_eau_pipeline.py for tasks to queue
[2026-07-26T11:34:42.207+0000] {logging_mixin.py:190} INFO - [2026-07-26T11:34:42.207+0000] {dagbag.py:587} INFO - Filling up the DagBag from /opt/airflow/dags/flex_eau_pipeline.py
[2026-07-26T11:34:42.242+0000] {processor.py:925} INFO - DAG(s) 'flex_eau_pipeline' retrieved from /opt/airflow/dags/flex_eau_pipeline.py
[2026-07-26T11:34:42.284+0000] {logging_mixin.py:190} INFO - [2026-07-26T11:34:42.284+0000] {dag.py:3211} INFO - Sync 1 DAGs
[2026-07-26T11:34:42.314+0000] {logging_mixin.py:190} INFO - [2026-07-26T11:34:42.313+0000] {dag.py:4138} INFO - Setting next_dagrun for flex_eau_pipeline to 2026-07-26 00:00:00+00:00, run_after=2026-07-27 00:00:00+00:00
[2026-07-26T11:34:42.347+0000] {processor.py:208} INFO - Processing /opt/airflow/dags/flex_eau_pipeline.py took 0.161 seconds
[2026-07-26T11:35:12.551+0000] {processor.py:186} INFO - Started process (PID=11512) to work on /opt/airflow/dags/flex_eau_pipeline.py
[2026-07-26T11:35:12.552+0000] {processor.py:914} INFO - Processing file /opt/airflow/dags/flex_eau_pipeline.py for tasks to queue
[2026-07-26T11:35:12.555+0000] {logging_mixin.py:190} INFO - [2026-07-26T11:35:12.555+0000] {dagbag.py:587} INFO - Filling up the DagBag from /opt/airflow/dags/flex_eau_pipeline.py
[2026-07-26T11:35:12.586+0000] {processor.py:925} INFO - DAG(s) 'flex_eau_pipeline' retrieved from /opt/airflow/dags/flex_eau_pipeline.py
[2026-07-26T11:35:12.625+0000] {logging_mixin.py:190} INFO - [2026-07-26T11:35:12.625+0000] {dag.py:3211} INFO - Sync 1 DAGs
[2026-07-26T11:35:12.651+0000] {logging_mixin.py:190} INFO - [2026-07-26T11:35:12.650+0000] {dag.py:4138} INFO - Setting next_dagrun for flex_eau_pipeline to 2026-07-26 00:00:00+00:00, run_after=2026-07-27 00:00:00+00:00
[2026-07-26T11:35:12.677+0000] {processor.py:208} INFO - Processing /opt/airflow/dags/flex_eau_pipeline.py took 0.135 seconds
[2026-07-26T11:35:43.656+0000] {processor.py:186} INFO - Started process (PID=11517) to work on /opt/airflow/dags/flex_eau_pipeline.py
[2026-07-26T11:35:43.658+0000] {processor.py:914} INFO - Processing file /opt/airflow/dags/flex_eau_pipeline.py for tasks to queue
[2026-07-26T11:35:43.661+0000] {logging_mixin.py:190} INFO - [2026-07-26T11:35:43.661+0000] {dagbag.py:587} INFO - Filling up the DagBag from /opt/airflow/dags/flex_eau_pipeline.py
[2026-07-26T11:35:43.696+0000] {processor.py:925} INFO - DAG(s) 'flex_eau_pipeline' retrieved from /opt/airflow/dags/flex_eau_pipeline.py
[2026-07-26T11:35:43.737+0000] {logging_mixin.py:190} INFO - [2026-07-26T11:35:43.737+0000] {dag.py:3211} INFO - Sync 1 DAGs
[2026-07-26T11:35:43.766+0000] {logging_mixin.py:190} INFO - [2026-07-26T11:35:43.766+0000] {dag.py:4138} INFO - Setting next_dagrun for flex_eau_pipeline to 2026-07-26 00:00:00+00:00, run_after=2026-07-27 00:00:00+00:00
[2026-07-26T11:35:43.790+0000] {processor.py:208} INFO - Processing /opt/airflow/dags/flex_eau_pipeline.py took 0.142 seconds
[2026-07-26T11:36:13.956+0000] {processor.py:186} INFO - Started process (PID=11522) to work on /opt/airflow/dags/flex_eau_pipeline.py
[2026-07-26T11:36:13.958+0000] {processor.py:914} INFO - Processing file /opt/airflow/dags/flex_eau_pipeline.py for tasks to queue
[2026-07-26T11:36:13.962+0000] {logging_mixin.py:190} INFO - [2026-07-26T11:36:13.962+0000] {dagbag.py:587} INFO - Filling up the DagBag from /opt/airflow/dags/flex_eau_pipeline.py
[2026-07-26T11:36:13.995+0000] {processor.py:925} INFO - DAG(s) 'flex_eau_pipeline' retrieved from /opt/airflow/dags/flex_eau_pipeline.py
[2026-07-26T11:36:14.040+0000] {logging_mixin.py:190} INFO - [2026-07-26T11:36:14.039+0000] {dag.py:3211} INFO - Sync 1 DAGs
[2026-07-26T11:36:14.067+0000] {logging_mixin.py:190} INFO - [2026-07-26T11:36:14.067+0000] {dag.py:4138} INFO - Setting next_dagrun for flex_eau_pipeline to 2026-07-26 00:00:00+00:00, run_after=2026-07-27 00:00:00+00:00
[2026-07-26T11:36:14.097+0000] {processor.py:208} INFO - Processing /opt/airflow/dags/flex_eau_pipeline.py took 0.148 seconds
[2026-07-26T11:36:45.179+0000] {processor.py:186} INFO - Started process (PID=11527) to work on /opt/airflow/dags/flex_eau_pipeline.py
[2026-07-26T11:36:45.180+0000] {processor.py:914} INFO - Processing file /opt/airflow/dags/flex_eau_pipeline.py for tasks to queue
[2026-07-26T11:36:45.184+0000] {logging_mixin.py:190} INFO - [2026-07-26T11:36:45.183+0000] {dagbag.py:587} INFO - Filling up the DagBag from /opt/airflow/dags/flex_eau_pipeline.py
[2026-07-26T11:36:45.216+0000] {processor.py:925} INFO - DAG(s) 'flex_eau_pipeline' retrieved from /opt/airflow/dags/flex_eau_pipeline.py
[2026-07-26T11:36:45.259+0000] {logging_mixin.py:190} INFO - [2026-07-26T11:36:45.259+0000] {dag.py:3211} INFO - Sync 1 DAGs
[2026-07-26T11:36:45.285+0000] {logging_mixin.py:190} INFO - [2026-07-26T11:36:45.285+0000] {dag.py:4138} INFO - Setting next_dagrun for flex_eau_pipeline to 2026-07-26 00:00:00+00:00, run_after=2026-07-27 00:00:00+00:00
[2026-07-26T11:36:45.311+0000] {processor.py:208} INFO - Processing /opt/airflow/dags/flex_eau_pipeline.py took 0.168 seconds
[2026-07-26T11:37:15.591+0000] {processor.py:186} INFO - Started process (PID=11532) to work on /opt/airflow/dags/flex_eau_pipeline.py
[2026-07-26T11:37:15.593+0000] {processor.py:914} INFO - Processing file /opt/airflow/dags/flex_eau_pipeline.py for tasks to queue
[2026-07-26T11:37:15.595+0000] {logging_mixin.py:190} INFO - [2026-07-26T11:37:15.595+0000] {dagbag.py:587} INFO - Filling up the DagBag from /opt/airflow/dags/flex_eau_pipeline.py
[2026-07-26T11:37:15.626+0000] {processor.py:925} INFO - DAG(s) 'flex_eau_pipeline' retrieved from /opt/airflow/dags/flex_eau_pipeline.py
[2026-07-26T11:37:15.675+0000] {logging_mixin.py:190} INFO - [2026-07-26T11:37:15.675+0000] {dag.py:3211} INFO - Sync 1 DAGs
[2026-07-26T11:37:15.705+0000] {logging_mixin.py:190} INFO - [2026-07-26T11:37:15.705+0000] {dag.py:4138} INFO - Setting next_dagrun for flex_eau_pipeline to 2026-07-26 00:00:00+00:00, run_after=2026-07-27 00:00:00+00:00
[2026-07-26T11:37:15.730+0000] {processor.py:208} INFO - Processing /opt/airflow/dags/flex_eau_pipeline.py took 0.152 seconds
[2026-07-26T11:37:46.002+0000] {processor.py:186} INFO - Started process (PID=11537) to work on /opt/airflow/dags/flex_eau_pipeline.py
[2026-07-26T11:37:46.003+0000] {processor.py:914} INFO - Processing file /opt/airflow/dags/flex_eau_pipeline.py for tasks to queue
[2026-07-26T11:37:46.007+0000] {logging_mixin.py:190} INFO - [2026-07-26T11:37:46.006+0000] {dagbag.py:587} INFO - Filling up the DagBag from /opt/airflow/dags/flex_eau_pipeline.py
[2026-07-26T11:37:46.038+0000] {processor.py:925} INFO - DAG(s) 'flex_eau_pipeline' retrieved from /opt/airflow/dags/flex_eau_pipeline.py
[2026-07-26T11:37:46.078+0000] {logging_mixin.py:190} INFO - [2026-07-26T11:37:46.078+0000] {dag.py:3211} INFO - Sync 1 DAGs
[2026-07-26T11:37:46.103+0000] {logging_mixin.py:190} INFO - [2026-07-26T11:37:46.103+0000] {dag.py:4138} INFO - Setting next_dagrun for flex_eau_pipeline to 2026-07-26 00:00:00+00:00, run_after=2026-07-27 00:00:00+00:00
[2026-07-26T11:37:46.129+0000] {processor.py:208} INFO - Processing /opt/airflow/dags/flex_eau_pipeline.py took 0.134 seconds
[2026-07-26T11:38:16.259+0000] {processor.py:186} INFO - Started process (PID=11542) to work on /opt/airflow/dags/flex_eau_pipeline.py
[2026-07-26T11:38:16.260+0000] {processor.py:914} INFO - Processing file /opt/airflow/dags/flex_eau_pipeline.py for tasks to queue
[2026-07-26T11:38:16.262+0000] {logging_mixin.py:190} INFO - [2026-07-26T11:38:16.262+0000] {dagbag.py:587} INFO - Filling up the DagBag from /opt/airflow/dags/flex_eau_pipeline.py
[2026-07-26T11:38:16.293+0000] {processor.py:925} INFO - DAG(s) 'flex_eau_pipeline' retrieved from /opt/airflow/dags/flex_eau_pipeline.py
[2026-07-26T11:38:16.336+0000] {logging_mixin.py:190} INFO - [2026-07-26T11:38:16.336+0000] {dag.py:3211} INFO - Sync 1 DAGs
[2026-07-26T11:38:16.363+0000] {logging_mixin.py:190} INFO - [2026-07-26T11:38:16.363+0000] {dag.py:4138} INFO - Setting next_dagrun for flex_eau_pipeline to 2026-07-26 00:00:00+00:00, run_after=2026-07-27 00:00:00+00:00
[2026-07-26T11:38:16.391+0000] {processor.py:208} INFO - Processing /opt/airflow/dags/flex_eau_pipeline.py took 0.155 seconds
[2026-07-26T11:38:47.271+0000] {processor.py:186} INFO - Started process (PID=11547) to work on /opt/airflow/dags/flex_eau_pipeline.py
[2026-07-26T11:38:47.272+0000] {processor.py:914} INFO - Processing file /opt/airflow/dags/flex_eau_pipeline.py for tasks to queue
[2026-07-26T11:38:47.277+0000] {logging_mixin.py:190} INFO - [2026-07-26T11:38:47.277+0000] {dagbag.py:587} INFO - Filling up the DagBag from /opt/airflow/dags/flex_eau_pipeline.py
[2026-07-26T11:38:47.310+0000] {processor.py:925} INFO - DAG(s) 'flex_eau_pipeline' retrieved from /opt/airflow/dags/flex_eau_pipeline.py
[2026-07-26T11:38:47.352+0000] {logging_mixin.py:190} INFO - [2026-07-26T11:38:47.351+0000] {dag.py:3211} INFO - Sync 1 DAGs
[2026-07-26T11:38:47.379+0000] {logging_mixin.py:190} INFO - [2026-07-26T11:38:47.378+0000] {dag.py:4138} INFO - Setting next_dagrun for flex_eau_pipeline to 2026-07-26 00:00:00+00:00, run_after=2026-07-27 00:00:00+00:00
[2026-07-26T11:38:47.408+0000] {processor.py:208} INFO - Processing /opt/airflow/dags/flex_eau_pipeline.py took 0.148 seconds
[2026-07-26T11:39:17.514+0000] {processor.py:186} INFO - Started process (PID=11552) to work on /opt/airflow/dags/flex_eau_pipeline.py
[2026-07-26T11:39:17.515+0000] {processor.py:914} INFO - Processing file /opt/airflow/dags/flex_eau_pipeline.py for tasks to queue
[2026-07-26T11:39:17.518+0000] {logging_mixin.py:190} INFO - [2026-07-26T11:39:17.518+0000] {dagbag.py:587} INFO - Filling up the DagBag from /opt/airflow/dags/flex_eau_pipeline.py
[2026-07-26T11:39:17.550+0000] {processor.py:925} INFO - DAG(s) 'flex_eau_pipeline' retrieved from /opt/airflow/dags/flex_eau_pipeline.py
[2026-07-26T11:39:17.590+0000] {logging_mixin.py:190} INFO - [2026-07-26T11:39:17.590+0000] {dag.py:3211} INFO - Sync 1 DAGs
[2026-07-26T11:39:17.620+0000] {logging_mixin.py:190} INFO - [2026-07-26T11:39:17.620+0000] {dag.py:4138} INFO - Setting next_dagrun for flex_eau_pipeline to 2026-07-26 00:00:00+00:00, run_after=2026-07-27 00:00:00+00:00
[2026-07-26T11:39:17.649+0000] {processor.py:208} INFO - Processing /opt/airflow/dags/flex_eau_pipeline.py took 0.143 seconds
[2026-07-26T11:39:47.779+0000] {processor.py:186} INFO - Started process (PID=11557) to work on /opt/airflow/dags/flex_eau_pipeline.py
[2026-07-26T11:39:47.781+0000] {processor.py:914} INFO - Processing file /opt/airflow/dags/flex_eau_pipeline.py for tasks to queue
[2026-07-26T11:39:47.784+0000] {logging_mixin.py:190} INFO - [2026-07-26T11:39:47.784+0000] {dagbag.py:587} INFO - Filling up the DagBag from /opt/airflow/dags/flex_eau_pipeline.py
[2026-07-26T11:39:47.818+0000] {processor.py:925} INFO - DAG(s) 'flex_eau_pipeline' retrieved from /opt/airflow/dags/flex_eau_pipeline.py
[2026-07-26T11:39:47.865+0000] {logging_mixin.py:190} INFO - [2026-07-26T11:39:47.865+0000] {dag.py:3211} INFO - Sync 1 DAGs
[2026-07-26T11:39:47.894+0000] {logging_mixin.py:190} INFO - [2026-07-26T11:39:47.894+0000] {dag.py:4138} INFO - Setting next_dagrun for flex_eau_pipeline to 2026-07-26 00:00:00+00:00, run_after=2026-07-27 00:00:00+00:00
[2026-07-26T11:39:47.920+0000] {processor.py:208} INFO - Processing /opt/airflow/dags/flex_eau_pipeline.py took 0.153 seconds
[2026-07-26T11:40:18.101+0000] {processor.py:186} INFO - Started process (PID=11562) to work on /opt/airflow/dags/flex_eau_pipeline.py
[2026-07-26T11:40:18.103+0000] {processor.py:914} INFO - Processing file /opt/airflow/dags/flex_eau_pipeline.py for tasks to queue
[2026-07-26T11:40:18.105+0000] {logging_mixin.py:190} INFO - [2026-07-26T11:40:18.105+0000] {dagbag.py:587} INFO - Filling up the DagBag from /opt/airflow/dags/flex_eau_pipeline.py
[2026-07-26T11:40:18.134+0000] {processor.py:925} INFO - DAG(s) 'flex_eau_pipeline' retrieved from /opt/airflow/dags/flex_eau_pipeline.py
[2026-07-26T11:40:18.178+0000] {logging_mixin.py:190} INFO - [2026-07-26T11:40:18.178+0000] {dag.py:3211} INFO - Sync 1 DAGs
[2026-07-26T11:40:18.204+0000] {logging_mixin.py:190} INFO - [2026-07-26T11:40:18.204+0000] {dag.py:4138} INFO - Setting next_dagrun for flex_eau_pipeline to 2026-07-26 00:00:00+00:00, run_after=2026-07-27 00:00:00+00:00
[2026-07-26T11:40:18.233+0000] {processor.py:208} INFO - Processing /opt/airflow/dags/flex_eau_pipeline.py took 0.145 seconds
[2026-07-26T11:40:48.394+0000] {processor.py:186} INFO - Started process (PID=11567) to work on /opt/airflow/dags/flex_eau_pipeline.py
[2026-07-26T11:40:48.395+0000] {processor.py:914} INFO - Processing file /opt/airflow/dags/flex_eau_pipeline.py for tasks to queue
[2026-07-26T11:40:48.399+0000] {logging_mixin.py:190} INFO - [2026-07-26T11:40:48.398+0000] {dagbag.py:587} INFO - Filling up the DagBag from /opt/airflow/dags/flex_eau_pipeline.py
[2026-07-26T11:40:48.431+0000] {processor.py:925} INFO - DAG(s) 'flex_eau_pipeline' retrieved from /opt/airflow/dags/flex_eau_pipeline.py
[2026-07-26T11:40:48.476+0000] {logging_mixin.py:190} INFO - [2026-07-26T11:40:48.476+0000] {dag.py:3211} INFO - Sync 1 DAGs
[2026-07-26T11:40:48.507+0000] {logging_mixin.py:190} INFO - [2026-07-26T11:40:48.506+0000] {dag.py:4138} INFO - Setting next_dagrun for flex_eau_pipeline to 2026-07-26 00:00:00+00:00, run_after=2026-07-27 00:00:00+00:00
[2026-07-26T11:40:48.532+0000] {processor.py:208} INFO - Processing /opt/airflow/dags/flex_eau_pipeline.py took 0.168 seconds
[2026-07-26T11:41:18.757+0000] {processor.py:186} INFO - Started process (PID=11572) to work on /opt/airflow/dags/flex_eau_pipeline.py
[2026-07-26T11:41:18.758+0000] {processor.py:914} INFO - Processing file /opt/airflow/dags/flex_eau_pipeline.py for tasks to queue
[2026-07-26T11:41:18.761+0000] {logging_mixin.py:190} INFO - [2026-07-26T11:41:18.761+0000] {dagbag.py:587} INFO - Filling up the DagBag from /opt/airflow/dags/flex_eau_pipeline.py
[2026-07-26T11:41:18.797+0000] {processor.py:925} INFO - DAG(s) 'flex_eau_pipeline' retrieved from /opt/airflow/dags/flex_eau_pipeline.py
[2026-07-26T11:41:18.840+0000] {logging_mixin.py:190} INFO - [2026-07-26T11:41:18.840+0000] {dag.py:3211} INFO - Sync 1 DAGs
[2026-07-26T11:41:18.867+0000] {logging_mixin.py:190} INFO - [2026-07-26T11:41:18.867+0000] {dag.py:4138} INFO - Setting next_dagrun for flex_eau_pipeline to 2026-07-26 00:00:00+00:00, run_after=2026-07-27 00:00:00+00:00
[2026-07-26T11:41:18.891+0000] {processor.py:208} INFO - Processing /opt/airflow/dags/flex_eau_pipeline.py took 0.146 seconds
[2026-07-26T11:41:49.012+0000] {processor.py:186} INFO - Started process (PID=11577) to work on /opt/airflow/dags/flex_eau_pipeline.py
[2026-07-26T11:41:49.013+0000] {processor.py:914} INFO - Processing file /opt/airflow/dags/flex_eau_pipeline.py for tasks to queue
[2026-07-26T11:41:49.017+0000] {logging_mixin.py:190} INFO - [2026-07-26T11:41:49.016+0000] {dagbag.py:587} INFO - Filling up the DagBag from /opt/airflow/dags/flex_eau_pipeline.py
[2026-07-26T11:41:49.096+0000] {processor.py:925} INFO - DAG(s) 'flex_eau_pipeline' retrieved from /opt/airflow/dags/flex_eau_pipeline.py
[2026-07-26T11:41:49.182+0000] {logging_mixin.py:190} INFO - [2026-07-26T11:41:49.181+0000] {dag.py:3211} INFO - Sync 1 DAGs
[2026-07-26T11:41:49.278+0000] {logging_mixin.py:190} INFO - [2026-07-26T11:41:49.278+0000] {dag.py:4138} INFO - Setting next_dagrun for flex_eau_pipeline to 2026-07-26 00:00:00+00:00, run_after=2026-07-27 00:00:00+00:00
[2026-07-26T11:41:49.331+0000] {processor.py:208} INFO - Processing /opt/airflow/dags/flex_eau_pipeline.py took 0.336 seconds
[2026-07-26T11:42:19.729+0000] {processor.py:186} INFO - Started process (PID=11582) to work on /opt/airflow/dags/flex_eau_pipeline.py
[2026-07-26T11:42:19.730+0000] {processor.py:914} INFO - Processing file /opt/airflow/dags/flex_eau_pipeline.py for tasks to queue
[2026-07-26T11:42:19.734+0000] {logging_mixin.py:190} INFO - [2026-07-26T11:42:19.734+0000] {dagbag.py:587} INFO - Filling up the DagBag from /opt/airflow/dags/flex_eau_pipeline.py
[2026-07-26T11:42:19.764+0000] {processor.py:925} INFO - DAG(s) 'flex_eau_pipeline' retrieved from /opt/airflow/dags/flex_eau_pipeline.py
[2026-07-26T11:42:19.806+0000] {logging_mixin.py:190} INFO - [2026-07-26T11:42:19.806+0000] {dag.py:3211} INFO - Sync 1 DAGs
[2026-07-26T11:42:19.833+0000] {logging_mixin.py:190} INFO - [2026-07-26T11:42:19.833+0000] {dag.py:4138} INFO - Setting next_dagrun for flex_eau_pipeline to 2026-07-26 00:00:00+00:00, run_after=2026-07-27 00:00:00+00:00
[2026-07-26T11:42:19.856+0000] {processor.py:208} INFO - Processing /opt/airflow/dags/flex_eau_pipeline.py took 0.136 seconds
[2026-07-26T11:42:50.184+0000] {processor.py:186} INFO - Started process (PID=11587) to work on /opt/airflow/dags/flex_eau_pipeline.py
[2026-07-26T11:42:50.185+0000] {processor.py:914} INFO - Processing file /opt/airflow/dags/flex_eau_pipeline.py for tasks to queue
[2026-07-26T11:42:50.188+0000] {logging_mixin.py:190} INFO - [2026-07-26T11:42:50.187+0000] {dagbag.py:587} INFO - Filling up the DagBag from /opt/airflow/dags/flex_eau_pipeline.py
[2026-07-26T11:42:50.222+0000] {processor.py:925} INFO - DAG(s) 'flex_eau_pipeline' retrieved from /opt/airflow/dags/flex_eau_pipeline.py
[2026-07-26T11:42:50.265+0000] {logging_mixin.py:190} INFO - [2026-07-26T11:42:50.264+0000] {dag.py:3211} INFO - Sync 1 DAGs
[2026-07-26T11:42:50.297+0000] {logging_mixin.py:190} INFO - [2026-07-26T11:42:50.297+0000] {dag.py:4138} INFO - Setting next_dagrun for flex_eau_pipeline to 2026-07-26 00:00:00+00:00, run_after=2026-07-27 00:00:00+00:00
[2026-07-26T11:42:50.323+0000] {processor.py:208} INFO - Processing /opt/airflow/dags/flex_eau_pipeline.py took 0.149 seconds
[2026-07-26T11:43:20.486+0000] {processor.py:186} INFO - Started process (PID=11592) to work on /opt/airflow/dags/flex_eau_pipeline.py
[2026-07-26T11:43:20.488+0000] {processor.py:914} INFO - Processing file /opt/airflow/dags/flex_eau_pipeline.py for tasks to queue
[2026-07-26T11:43:20.490+0000] {logging_mixin.py:190} INFO - [2026-07-26T11:43:20.490+0000] {dagbag.py:587} INFO - Filling up the DagBag from /opt/airflow/dags/flex_eau_pipeline.py
[2026-07-26T11:43:20.519+0000] {processor.py:925} INFO - DAG(s) 'flex_eau_pipeline' retrieved from /opt/airflow/dags/flex_eau_pipeline.py
[2026-07-26T11:43:20.561+0000] {logging_mixin.py:190} INFO - [2026-07-26T11:43:20.561+0000] {dag.py:3211} INFO - Sync 1 DAGs
[2026-07-26T11:43:20.588+0000] {logging_mixin.py:190} INFO - [2026-07-26T11:43:20.588+0000] {dag.py:4138} INFO - Setting next_dagrun for flex_eau_pipeline to 2026-07-26 00:00:00+00:00, run_after=2026-07-27 00:00:00+00:00
[2026-07-26T11:43:20.611+0000] {processor.py:208} INFO - Processing /opt/airflow/dags/flex_eau_pipeline.py took 0.132 seconds
[2026-07-26T11:43:50.803+0000] {processor.py:186} INFO - Started process (PID=11597) to work on /opt/airflow/dags/flex_eau_pipeline.py
[2026-07-26T11:43:50.805+0000] {processor.py:914} INFO - Processing file /opt/airflow/dags/flex_eau_pipeline.py for tasks to queue
[2026-07-26T11:43:50.813+0000] {logging_mixin.py:190} INFO - [2026-07-26T11:43:50.811+0000] {dagbag.py:587} INFO - Filling up the DagBag from /opt/airflow/dags/flex_eau_pipeline.py
[2026-07-26T11:43:50.849+0000] {processor.py:925} INFO - DAG(s) 'flex_eau_pipeline' retrieved from /opt/airflow/dags/flex_eau_pipeline.py
[2026-07-26T11:43:50.895+0000] {logging_mixin.py:190} INFO - [2026-07-26T11:43:50.894+0000] {dag.py:3211} INFO - Sync 1 DAGs
[2026-07-26T11:43:50.924+0000] {logging_mixin.py:190} INFO - [2026-07-26T11:43:50.923+0000] {dag.py:4138} INFO - Setting next_dagrun for flex_eau_pipeline to 2026-07-26 00:00:00+00:00, run_after=2026-07-27 00:00:00+00:00
[2026-07-26T11:43:50.950+0000] {processor.py:208} INFO - Processing /opt/airflow/dags/flex_eau_pipeline.py took 0.167 seconds
[2026-07-26T11:44:21.438+0000] {processor.py:186} INFO - Started process (PID=11602) to work on /opt/airflow/dags/flex_eau_pipeline.py
[2026-07-26T11:44:21.439+0000] {processor.py:914} INFO - Processing file /opt/airflow/dags/flex_eau_pipeline.py for tasks to queue
[2026-07-26T11:44:21.442+0000] {logging_mixin.py:190} INFO - [2026-07-26T11:44:21.442+0000] {dagbag.py:587} INFO - Filling up the DagBag from /opt/airflow/dags/flex_eau_pipeline.py
[2026-07-26T11:44:21.472+0000] {processor.py:925} INFO - DAG(s) 'flex_eau_pipeline' retrieved from /opt/airflow/dags/flex_eau_pipeline.py
[2026-07-26T11:44:21.514+0000] {logging_mixin.py:190} INFO - [2026-07-26T11:44:21.513+0000] {dag.py:3211} INFO - Sync 1 DAGs
[2026-07-26T11:44:21.540+0000] {logging_mixin.py:190} INFO - [2026-07-26T11:44:21.539+0000] {dag.py:4138} INFO - Setting next_dagrun for flex_eau_pipeline to 2026-07-26 00:00:00+00:00, run_after=2026-07-27 00:00:00+00:00
[2026-07-26T11:44:21.564+0000] {processor.py:208} INFO - Processing /opt/airflow/dags/flex_eau_pipeline.py took 0.134 seconds
[2026-07-26T11:44:51.810+0000] {processor.py:186} INFO - Started process (PID=11607) to work on /opt/airflow/dags/flex_eau_pipeline.py
[2026-07-26T11:44:51.812+0000] {processor.py:914} INFO - Processing file /opt/airflow/dags/flex_eau_pipeline.py for tasks to queue
[2026-07-26T11:44:51.815+0000] {logging_mixin.py:190} INFO - [2026-07-26T11:44:51.815+0000] {dagbag.py:587} INFO - Filling up the DagBag from /opt/airflow/dags/flex_eau_pipeline.py
[2026-07-26T11:44:51.849+0000] {processor.py:925} INFO - DAG(s) 'flex_eau_pipeline' retrieved from /opt/airflow/dags/flex_eau_pipeline.py
[2026-07-26T11:44:51.904+0000] {logging_mixin.py:190} INFO - [2026-07-26T11:44:51.904+0000] {dag.py:3211} INFO - Sync 1 DAGs
[2026-07-26T11:44:51.932+0000] {logging_mixin.py:190} INFO - [2026-07-26T11:44:51.932+0000] {dag.py:4138} INFO - Setting next_dagrun for flex_eau_pipeline to 2026-07-26 00:00:00+00:00, run_after=2026-07-27 00:00:00+00:00
[2026-07-26T11:44:51.957+0000] {processor.py:208} INFO - Processing /opt/airflow/dags/flex_eau_pipeline.py took 0.159 seconds
[2026-07-26T11:45:22.273+0000] {processor.py:186} INFO - Started process (PID=11612) to work on /opt/airflow/dags/flex_eau_pipeline.py
[2026-07-26T11:45:22.275+0000] {processor.py:914} INFO - Processing file /opt/airflow/dags/flex_eau_pipeline.py for tasks to queue
[2026-07-26T11:45:22.278+0000] {logging_mixin.py:190} INFO - [2026-07-26T11:45:22.278+0000] {dagbag.py:587} INFO - Filling up the DagBag from /opt/airflow/dags/flex_eau_pipeline.py
[2026-07-26T11:45:22.313+0000] {processor.py:925} INFO - DAG(s) 'flex_eau_pipeline' retrieved from /opt/airflow/dags/flex_eau_pipeline.py
[2026-07-26T11:45:22.363+0000] {logging_mixin.py:190} INFO - [2026-07-26T11:45:22.363+0000] {dag.py:3211} INFO - Sync 1 DAGs
[2026-07-26T11:45:22.394+0000] {logging_mixin.py:190} INFO - [2026-07-26T11:45:22.393+0000] {dag.py:4138} INFO - Setting next_dagrun for flex_eau_pipeline to 2026-07-26 00:00:00+00:00, run_after=2026-07-27 00:00:00+00:00
[2026-07-26T11:45:22.420+0000] {processor.py:208} INFO - Processing /opt/airflow/dags/flex_eau_pipeline.py took 0.156 seconds
[2026-07-26T11:45:53.113+0000] {processor.py:186} INFO - Started process (PID=11617) to work on /opt/airflow/dags/flex_eau_pipeline.py
[2026-07-26T11:45:53.114+0000] {processor.py:914} INFO - Processing file /opt/airflow/dags/flex_eau_pipeline.py for tasks to queue
[2026-07-26T11:45:53.117+0000] {logging_mixin.py:190} INFO - [2026-07-26T11:45:53.116+0000] {dagbag.py:587} INFO - Filling up the DagBag from /opt/airflow/dags/flex_eau_pipeline.py
[2026-07-26T11:45:53.148+0000] {processor.py:925} INFO - DAG(s) 'flex_eau_pipeline' retrieved from /opt/airflow/dags/flex_eau_pipeline.py
[2026-07-26T11:45:53.187+0000] {logging_mixin.py:190} INFO - [2026-07-26T11:45:53.187+0000] {dag.py:3211} INFO - Sync 1 DAGs
[2026-07-26T11:45:53.240+0000] {logging_mixin.py:190} INFO - [2026-07-26T11:45:53.239+0000] {dag.py:4138} INFO - Setting next_dagrun for flex_eau_pipeline to 2026-07-26 00:00:00+00:00, run_after=2026-07-27 00:00:00+00:00
[2026-07-26T11:45:53.262+0000] {processor.py:208} INFO - Processing /opt/airflow/dags/flex_eau_pipeline.py took 0.156 seconds
[2026-07-26T11:46:23.470+0000] {processor.py:186} INFO - Started process (PID=11622) to work on /opt/airflow/dags/flex_eau_pipeline.py
[2026-07-26T11:46:23.471+0000] {processor.py:914} INFO - Processing file /opt/airflow/dags/flex_eau_pipeline.py for tasks to queue
[2026-07-26T11:46:23.474+0000] {logging_mixin.py:190} INFO - [2026-07-26T11:46:23.474+0000] {dagbag.py:587} INFO - Filling up the DagBag from /opt/airflow/dags/flex_eau_pipeline.py
[2026-07-26T11:46:23.505+0000] {processor.py:925} INFO - DAG(s) 'flex_eau_pipeline' retrieved from /opt/airflow/dags/flex_eau_pipeline.py
[2026-07-26T11:46:23.548+0000] {logging_mixin.py:190} INFO - [2026-07-26T11:46:23.547+0000] {dag.py:3211} INFO - Sync 1 DAGs
[2026-07-26T11:46:23.575+0000] {logging_mixin.py:190} INFO - [2026-07-26T11:46:23.575+0000] {dag.py:4138} INFO - Setting next_dagrun for flex_eau_pipeline to 2026-07-26 00:00:00+00:00, run_after=2026-07-27 00:00:00+00:00
[2026-07-26T11:46:23.599+0000] {processor.py:208} INFO - Processing /opt/airflow/dags/flex_eau_pipeline.py took 0.138 seconds
[2026-07-26T11:46:53.933+0000] {processor.py:186} INFO - Started process (PID=11627) to work on /opt/airflow/dags/flex_eau_pipeline.py
[2026-07-26T11:46:53.934+0000] {processor.py:914} INFO - Processing file /opt/airflow/dags/flex_eau_pipeline.py for tasks to queue
[2026-07-26T11:46:53.937+0000] {logging_mixin.py:190} INFO - [2026-07-26T11:46:53.937+0000] {dagbag.py:587} INFO - Filling up the DagBag from /opt/airflow/dags/flex_eau_pipeline.py
[2026-07-26T11:46:53.971+0000] {processor.py:925} INFO - DAG(s) 'flex_eau_pipeline' retrieved from /opt/airflow/dags/flex_eau_pipeline.py
[2026-07-26T11:46:54.013+0000] {logging_mixin.py:190} INFO - [2026-07-26T11:46:54.013+0000] {dag.py:3211} INFO - Sync 1 DAGs
[2026-07-26T11:46:54.040+0000] {logging_mixin.py:190} INFO - [2026-07-26T11:46:54.040+0000] {dag.py:4138} INFO - Setting next_dagrun for flex_eau_pipeline to 2026-07-26 00:00:00+00:00, run_after=2026-07-27 00:00:00+00:00
[2026-07-26T11:46:54.064+0000] {processor.py:208} INFO - Processing /opt/airflow/dags/flex_eau_pipeline.py took 0.138 seconds
[2026-07-26T11:47:24.680+0000] {processor.py:186} INFO - Started process (PID=11632) to work on /opt/airflow/dags/flex_eau_pipeline.py
[2026-07-26T11:47:24.681+0000] {processor.py:914} INFO - Processing file /opt/airflow/dags/flex_eau_pipeline.py for tasks to queue
[2026-07-26T11:47:24.683+0000] {logging_mixin.py:190} INFO - [2026-07-26T11:47:24.683+0000] {dagbag.py:587} INFO - Filling up the DagBag from /opt/airflow/dags/flex_eau_pipeline.py
[2026-07-26T11:47:24.715+0000] {processor.py:925} INFO - DAG(s) 'flex_eau_pipeline' retrieved from /opt/airflow/dags/flex_eau_pipeline.py
[2026-07-26T11:47:24.755+0000] {logging_mixin.py:190} INFO - [2026-07-26T11:47:24.755+0000] {dag.py:3211} INFO - Sync 1 DAGs
[2026-07-26T11:47:24.781+0000] {logging_mixin.py:190} INFO - [2026-07-26T11:47:24.781+0000] {dag.py:4138} INFO - Setting next_dagrun for flex_eau_pipeline to 2026-07-26 00:00:00+00:00, run_after=2026-07-27 00:00:00+00:00
[2026-07-26T11:47:24.807+0000] {processor.py:208} INFO - Processing /opt/airflow/dags/flex_eau_pipeline.py took 0.134 seconds
[2026-07-26T11:47:55.166+0000] {processor.py:186} INFO - Started process (PID=11637) to work on /opt/airflow/dags/flex_eau_pipeline.py
[2026-07-26T11:47:55.169+0000] {processor.py:914} INFO - Processing file /opt/airflow/dags/flex_eau_pipeline.py for tasks to queue
[2026-07-26T11:47:55.172+0000] {logging_mixin.py:190} INFO - [2026-07-26T11:47:55.171+0000] {dagbag.py:587} INFO - Filling up the DagBag from /opt/airflow/dags/flex_eau_pipeline.py
[2026-07-26T11:47:55.203+0000] {processor.py:925} INFO - DAG(s) 'flex_eau_pipeline' retrieved from /opt/airflow/dags/flex_eau_pipeline.py
[2026-07-26T11:47:55.246+0000] {logging_mixin.py:190} INFO - [2026-07-26T11:47:55.246+0000] {dag.py:3211} INFO - Sync 1 DAGs
[2026-07-26T11:47:55.275+0000] {logging_mixin.py:190} INFO - [2026-07-26T11:47:55.275+0000] {dag.py:4138} INFO - Setting next_dagrun for flex_eau_pipeline to 2026-07-26 00:00:00+00:00, run_after=2026-07-27 00:00:00+00:00
[2026-07-26T11:47:55.297+0000] {processor.py:208} INFO - Processing /opt/airflow/dags/flex_eau_pipeline.py took 0.147 seconds
[2026-07-26T11:48:25.628+0000] {processor.py:186} INFO - Started process (PID=11642) to work on /opt/airflow/dags/flex_eau_pipeline.py
[2026-07-26T11:48:25.629+0000] {processor.py:914} INFO - Processing file /opt/airflow/dags/flex_eau_pipeline.py for tasks to queue
[2026-07-26T11:48:25.631+0000] {logging_mixin.py:190} INFO - [2026-07-26T11:48:25.631+0000] {dagbag.py:587} INFO - Filling up the DagBag from /opt/airflow/dags/flex_eau_pipeline.py
[2026-07-26T11:48:25.662+0000] {processor.py:925} INFO - DAG(s) 'flex_eau_pipeline' retrieved from /opt/airflow/dags/flex_eau_pipeline.py
[2026-07-26T11:48:25.703+0000] {logging_mixin.py:190} INFO - [2026-07-26T11:48:25.702+0000] {dag.py:3211} INFO - Sync 1 DAGs
[2026-07-26T11:48:25.729+0000] {logging_mixin.py:190} INFO - [2026-07-26T11:48:25.728+0000] {dag.py:4138} INFO - Setting next_dagrun for flex_eau_pipeline to 2026-07-26 00:00:00+00:00, run_after=2026-07-27 00:00:00+00:00
[2026-07-26T11:48:25.754+0000] {processor.py:208} INFO - Processing /opt/airflow/dags/flex_eau_pipeline.py took 0.138 seconds
[2026-07-26T11:48:56.107+0000] {processor.py:186} INFO - Started process (PID=11647) to work on /opt/airflow/dags/flex_eau_pipeline.py
[2026-07-26T11:48:56.111+0000] {processor.py:914} INFO - Processing file /opt/airflow/dags/flex_eau_pipeline.py for tasks to queue
[2026-07-26T11:48:56.114+0000] {logging_mixin.py:190} INFO - [2026-07-26T11:48:56.113+0000] {dagbag.py:587} INFO - Filling up the DagBag from /opt/airflow/dags/flex_eau_pipeline.py
[2026-07-26T11:48:56.145+0000] {processor.py:925} INFO - DAG(s) 'flex_eau_pipeline' retrieved from /opt/airflow/dags/flex_eau_pipeline.py
[2026-07-26T11:48:56.185+0000] {logging_mixin.py:190} INFO - [2026-07-26T11:48:56.185+0000] {dag.py:3211} INFO - Sync 1 DAGs
[2026-07-26T11:48:56.210+0000] {logging_mixin.py:190} INFO - [2026-07-26T11:48:56.210+0000] {dag.py:4138} INFO - Setting next_dagrun for flex_eau_pipeline to 2026-07-26 00:00:00+00:00, run_after=2026-07-27 00:00:00+00:00
[2026-07-26T11:48:56.236+0000] {processor.py:208} INFO - Processing /opt/airflow/dags/flex_eau_pipeline.py took 0.139 seconds
[2026-07-26T11:49:26.522+0000] {processor.py:186} INFO - Started process (PID=11652) to work on /opt/airflow/dags/flex_eau_pipeline.py
[2026-07-26T11:49:26.524+0000] {processor.py:914} INFO - Processing file /opt/airflow/dags/flex_eau_pipeline.py for tasks to queue
[2026-07-26T11:49:26.526+0000] {logging_mixin.py:190} INFO - [2026-07-26T11:49:26.526+0000] {dagbag.py:587} INFO - Filling up the DagBag from /opt/airflow/dags/flex_eau_pipeline.py
[2026-07-26T11:49:26.561+0000] {processor.py:925} INFO - DAG(s) 'flex_eau_pipeline' retrieved from /opt/airflow/dags/flex_eau_pipeline.py
[2026-07-26T11:49:26.602+0000] {logging_mixin.py:190} INFO - [2026-07-26T11:49:26.601+0000] {dag.py:3211} INFO - Sync 1 DAGs
[2026-07-26T11:49:26.627+0000] {logging_mixin.py:190} INFO - [2026-07-26T11:49:26.627+0000] {dag.py:4138} INFO - Setting next_dagrun for flex_eau_pipeline to 2026-07-26 00:00:00+00:00, run_after=2026-07-27 00:00:00+00:00
[2026-07-26T11:49:26.653+0000] {processor.py:208} INFO - Processing /opt/airflow/dags/flex_eau_pipeline.py took 0.143 seconds
[2026-07-26T11:49:57.057+0000] {processor.py:186} INFO - Started process (PID=11657) to work on /opt/airflow/dags/flex_eau_pipeline.py
[2026-07-26T11:49:57.059+0000] {processor.py:914} INFO - Processing file /opt/airflow/dags/flex_eau_pipeline.py for tasks to queue
[2026-07-26T11:49:57.062+0000] {logging_mixin.py:190} INFO - [2026-07-26T11:49:57.061+0000] {dagbag.py:587} INFO - Filling up the DagBag from /opt/airflow/dags/flex_eau_pipeline.py
[2026-07-26T11:49:57.090+0000] {processor.py:925} INFO - DAG(s) 'flex_eau_pipeline' retrieved from /opt/airflow/dags/flex_eau_pipeline.py
[2026-07-26T11:49:57.130+0000] {logging_mixin.py:190} INFO - [2026-07-26T11:49:57.130+0000] {dag.py:3211} INFO - Sync 1 DAGs
[2026-07-26T11:49:57.156+0000] {logging_mixin.py:190} INFO - [2026-07-26T11:49:57.156+0000] {dag.py:4138} INFO - Setting next_dagrun for flex_eau_pipeline to 2026-07-26 00:00:00+00:00, run_after=2026-07-27 00:00:00+00:00
[2026-07-26T11:49:57.181+0000] {processor.py:208} INFO - Processing /opt/airflow/dags/flex_eau_pipeline.py took 0.131 seconds
[2026-07-26T11:50:27.453+0000] {processor.py:186} INFO - Started process (PID=11662) to work on /opt/airflow/dags/flex_eau_pipeline.py
[2026-07-26T11:50:27.455+0000] {processor.py:914} INFO - Processing file /opt/airflow/dags/flex_eau_pipeline.py for tasks to queue
[2026-07-26T11:50:27.458+0000] {logging_mixin.py:190} INFO - [2026-07-26T11:50:27.458+0000] {dagbag.py:587} INFO - Filling up the DagBag from /opt/airflow/dags/flex_eau_pipeline.py
[2026-07-26T11:50:27.490+0000] {processor.py:925} INFO - DAG(s) 'flex_eau_pipeline' retrieved from /opt/airflow/dags/flex_eau_pipeline.py
[2026-07-26T11:50:27.535+0000] {logging_mixin.py:190} INFO - [2026-07-26T11:50:27.535+0000] {dag.py:3211} INFO - Sync 1 DAGs
[2026-07-26T11:50:27.563+0000] {logging_mixin.py:190} INFO - [2026-07-26T11:50:27.563+0000] {dag.py:4138} INFO - Setting next_dagrun for flex_eau_pipeline to 2026-07-26 00:00:00+00:00, run_after=2026-07-27 00:00:00+00:00
[2026-07-26T11:50:27.587+0000] {processor.py:208} INFO - Processing /opt/airflow/dags/flex_eau_pipeline.py took 0.143 seconds
[2026-07-26T11:50:57.935+0000] {processor.py:186} INFO - Started process (PID=11667) to work on /opt/airflow/dags/flex_eau_pipeline.py
[2026-07-26T11:50:57.936+0000] {processor.py:914} INFO - Processing file /opt/airflow/dags/flex_eau_pipeline.py for tasks to queue
[2026-07-26T11:50:57.940+0000] {logging_mixin.py:190} INFO - [2026-07-26T11:50:57.939+0000] {dagbag.py:587} INFO - Filling up the DagBag from /opt/airflow/dags/flex_eau_pipeline.py
[2026-07-26T11:50:57.971+0000] {processor.py:925} INFO - DAG(s) 'flex_eau_pipeline' retrieved from /opt/airflow/dags/flex_eau_pipeline.py
[2026-07-26T11:50:58.013+0000] {logging_mixin.py:190} INFO - [2026-07-26T11:50:58.013+0000] {dag.py:3211} INFO - Sync 1 DAGs
[2026-07-26T11:50:58.040+0000] {logging_mixin.py:190} INFO - [2026-07-26T11:50:58.040+0000] {dag.py:4138} INFO - Setting next_dagrun for flex_eau_pipeline to 2026-07-26 00:00:00+00:00, run_after=2026-07-27 00:00:00+00:00
[2026-07-26T11:50:58.063+0000] {processor.py:208} INFO - Processing /opt/airflow/dags/flex_eau_pipeline.py took 0.135 seconds
[2026-07-26T11:51:28.413+0000] {processor.py:186} INFO - Started process (PID=11672) to work on /opt/airflow/dags/flex_eau_pipeline.py
[2026-07-26T11:51:28.415+0000] {processor.py:914} INFO - Processing file /opt/airflow/dags/flex_eau_pipeline.py for tasks to queue
[2026-07-26T11:51:28.418+0000] {logging_mixin.py:190} INFO - [2026-07-26T11:51:28.418+0000] {dagbag.py:587} INFO - Filling up the DagBag from /opt/airflow/dags/flex_eau_pipeline.py
[2026-07-26T11:51:28.447+0000] {processor.py:925} INFO - DAG(s) 'flex_eau_pipeline' retrieved from /opt/airflow/dags/flex_eau_pipeline.py
[2026-07-26T11:51:28.491+0000] {logging_mixin.py:190} INFO - [2026-07-26T11:51:28.491+0000] {dag.py:3211} INFO - Sync 1 DAGs
[2026-07-26T11:51:28.519+0000] {logging_mixin.py:190} INFO - [2026-07-26T11:51:28.519+0000] {dag.py:4138} INFO - Setting next_dagrun for flex_eau_pipeline to 2026-07-26 00:00:00+00:00, run_after=2026-07-27 00:00:00+00:00
[2026-07-26T11:51:28.542+0000] {processor.py:208} INFO - Processing /opt/airflow/dags/flex_eau_pipeline.py took 0.139 seconds
[2026-07-26T11:51:58.908+0000] {processor.py:186} INFO - Started process (PID=11677) to work on /opt/airflow/dags/flex_eau_pipeline.py
[2026-07-26T11:51:58.911+0000] {processor.py:914} INFO - Processing file /opt/airflow/dags/flex_eau_pipeline.py for tasks to queue
[2026-07-26T11:51:58.914+0000] {logging_mixin.py:190} INFO - [2026-07-26T11:51:58.914+0000] {dagbag.py:587} INFO - Filling up the DagBag from /opt/airflow/dags/flex_eau_pipeline.py
[2026-07-26T11:51:58.948+0000] {processor.py:925} INFO - DAG(s) 'flex_eau_pipeline' retrieved from /opt/airflow/dags/flex_eau_pipeline.py
[2026-07-26T11:51:59.002+0000] {logging_mixin.py:190} INFO - [2026-07-26T11:51:59.002+0000] {dag.py:3211} INFO - Sync 1 DAGs
[2026-07-26T11:51:59.038+0000] {logging_mixin.py:190} INFO - [2026-07-26T11:51:59.038+0000] {dag.py:4138} INFO - Setting next_dagrun for flex_eau_pipeline to 2026-07-26 00:00:00+00:00, run_after=2026-07-27 00:00:00+00:00
[2026-07-26T11:51:59.071+0000] {processor.py:208} INFO - Processing /opt/airflow/dags/flex_eau_pipeline.py took 0.172 seconds
[2026-07-26T11:52:29.398+0000] {processor.py:186} INFO - Started process (PID=11682) to work on /opt/airflow/dags/flex_eau_pipeline.py
[2026-07-26T11:52:29.400+0000] {processor.py:914} INFO - Processing file /opt/airflow/dags/flex_eau_pipeline.py for tasks to queue
[2026-07-26T11:52:29.404+0000] {logging_mixin.py:190} INFO - [2026-07-26T11:52:29.404+0000] {dagbag.py:587} INFO - Filling up the DagBag from /opt/airflow/dags/flex_eau_pipeline.py
[2026-07-26T11:52:29.436+0000] {processor.py:925} INFO - DAG(s) 'flex_eau_pipeline' retrieved from /opt/airflow/dags/flex_eau_pipeline.py
[2026-07-26T11:52:29.482+0000] {logging_mixin.py:190} INFO - [2026-07-26T11:52:29.482+0000] {dag.py:3211} INFO - Sync 1 DAGs
[2026-07-26T11:52:29.509+0000] {logging_mixin.py:190} INFO - [2026-07-26T11:52:29.508+0000] {dag.py:4138} INFO - Setting next_dagrun for flex_eau_pipeline to 2026-07-26 00:00:00+00:00, run_after=2026-07-27 00:00:00+00:00
[2026-07-26T11:52:29.534+0000] {processor.py:208} INFO - Processing /opt/airflow/dags/flex_eau_pipeline.py took 0.146 seconds
[2026-07-26T11:52:59.931+0000] {processor.py:186} INFO - Started process (PID=11687) to work on /opt/airflow/dags/flex_eau_pipeline.py
[2026-07-26T11:52:59.932+0000] {processor.py:914} INFO - Processing file /opt/airflow/dags/flex_eau_pipeline.py for tasks to queue
[2026-07-26T11:52:59.935+0000] {logging_mixin.py:190} INFO - [2026-07-26T11:52:59.935+0000] {dagbag.py:587} INFO - Filling up the DagBag from /opt/airflow/dags/flex_eau_pipeline.py
[2026-07-26T11:52:59.964+0000] {processor.py:925} INFO - DAG(s) 'flex_eau_pipeline' retrieved from /opt/airflow/dags/flex_eau_pipeline.py
[2026-07-26T11:53:00.004+0000] {logging_mixin.py:190} INFO - [2026-07-26T11:53:00.004+0000] {dag.py:3211} INFO - Sync 1 DAGs
[2026-07-26T11:53:00.030+0000] {logging_mixin.py:190} INFO - [2026-07-26T11:53:00.030+0000] {dag.py:4138} INFO - Setting next_dagrun for flex_eau_pipeline to 2026-07-26 00:00:00+00:00, run_after=2026-07-27 00:00:00+00:00
[2026-07-26T11:53:00.055+0000] {processor.py:208} INFO - Processing /opt/airflow/dags/flex_eau_pipeline.py took 0.132 seconds
[2026-07-26T11:53:30.307+0000] {processor.py:186} INFO - Started process (PID=11692) to work on /opt/airflow/dags/flex_eau_pipeline.py
[2026-07-26T11:53:30.308+0000] {processor.py:914} INFO - Processing file /opt/airflow/dags/flex_eau_pipeline.py for tasks to queue
[2026-07-26T11:53:30.313+0000] {logging_mixin.py:190} INFO - [2026-07-26T11:53:30.312+0000] {dagbag.py:587} INFO - Filling up the DagBag from /opt/airflow/dags/flex_eau_pipeline.py
[2026-07-26T11:53:30.354+0000] {processor.py:925} INFO - DAG(s) 'flex_eau_pipeline' retrieved from /opt/airflow/dags/flex_eau_pipeline.py
[2026-07-26T11:53:30.408+0000] {logging_mixin.py:190} INFO - [2026-07-26T11:53:30.408+0000] {dag.py:3211} INFO - Sync 1 DAGs
[2026-07-26T11:53:30.444+0000] {logging_mixin.py:190} INFO - [2026-07-26T11:53:30.444+0000] {dag.py:4138} INFO - Setting next_dagrun for flex_eau_pipeline to 2026-07-26 00:00:00+00:00, run_after=2026-07-27 00:00:00+00:00
[2026-07-26T11:53:30.479+0000] {processor.py:208} INFO - Processing /opt/airflow/dags/flex_eau_pipeline.py took 0.183 seconds
[2026-07-26T11:54:01.352+0000] {processor.py:186} INFO - Started process (PID=11697) to work on /opt/airflow/dags/flex_eau_pipeline.py
[2026-07-26T11:54:01.353+0000] {processor.py:914} INFO - Processing file /opt/airflow/dags/flex_eau_pipeline.py for tasks to queue
[2026-07-26T11:54:01.355+0000] {logging_mixin.py:190} INFO - [2026-07-26T11:54:01.355+0000] {dagbag.py:587} INFO - Filling up the DagBag from /opt/airflow/dags/flex_eau_pipeline.py
[2026-07-26T11:54:01.386+0000] {processor.py:925} INFO - DAG(s) 'flex_eau_pipeline' retrieved from /opt/airflow/dags/flex_eau_pipeline.py
[2026-07-26T11:54:01.430+0000] {logging_mixin.py:190} INFO - [2026-07-26T11:54:01.430+0000] {dag.py:3211} INFO - Sync 1 DAGs
[2026-07-26T11:54:01.460+0000] {logging_mixin.py:190} INFO - [2026-07-26T11:54:01.459+0000] {dag.py:4138} INFO - Setting next_dagrun for flex_eau_pipeline to 2026-07-26 00:00:00+00:00, run_after=2026-07-27 00:00:00+00:00
[2026-07-26T11:54:01.486+0000] {processor.py:208} INFO - Processing /opt/airflow/dags/flex_eau_pipeline.py took 0.141 seconds
[2026-07-26T11:54:32.164+0000] {processor.py:186} INFO - Started process (PID=11702) to work on /opt/airflow/dags/flex_eau_pipeline.py
[2026-07-26T11:54:32.166+0000] {processor.py:914} INFO - Processing file /opt/airflow/dags/flex_eau_pipeline.py for tasks to queue
[2026-07-26T11:54:32.169+0000] {logging_mixin.py:190} INFO - [2026-07-26T11:54:32.169+0000] {dagbag.py:587} INFO - Filling up the DagBag from /opt/airflow/dags/flex_eau_pipeline.py
[2026-07-26T11:54:32.209+0000] {processor.py:925} INFO - DAG(s) 'flex_eau_pipeline' retrieved from /opt/airflow/dags/flex_eau_pipeline.py
[2026-07-26T11:54:32.265+0000] {logging_mixin.py:190} INFO - [2026-07-26T11:54:32.265+0000] {dag.py:3211} INFO - Sync 1 DAGs
[2026-07-26T11:54:32.300+0000] {logging_mixin.py:190} INFO - [2026-07-26T11:54:32.299+0000] {dag.py:4138} INFO - Setting next_dagrun for flex_eau_pipeline to 2026-07-26 00:00:00+00:00, run_after=2026-07-27 00:00:00+00:00
[2026-07-26T11:54:32.327+0000] {processor.py:208} INFO - Processing /opt/airflow/dags/flex_eau_pipeline.py took 0.172 seconds
[2026-07-26T11:55:03.116+0000] {processor.py:186} INFO - Started process (PID=11707) to work on /opt/airflow/dags/flex_eau_pipeline.py
[2026-07-26T11:55:03.117+0000] {processor.py:914} INFO - Processing file /opt/airflow/dags/flex_eau_pipeline.py for tasks to queue
[2026-07-26T11:55:03.120+0000] {logging_mixin.py:190} INFO - [2026-07-26T11:55:03.120+0000] {dagbag.py:587} INFO - Filling up the DagBag from /opt/airflow/dags/flex_eau_pipeline.py
[2026-07-26T11:55:03.152+0000] {processor.py:925} INFO - DAG(s) 'flex_eau_pipeline' retrieved from /opt/airflow/dags/flex_eau_pipeline.py
[2026-07-26T11:55:03.192+0000] {logging_mixin.py:190} INFO - [2026-07-26T11:55:03.192+0000] {dag.py:3211} INFO - Sync 1 DAGs
[2026-07-26T11:55:03.221+0000] {logging_mixin.py:190} INFO - [2026-07-26T11:55:03.220+0000] {dag.py:4138} INFO - Setting next_dagrun for flex_eau_pipeline to 2026-07-26 00:00:00+00:00, run_after=2026-07-27 00:00:00+00:00
[2026-07-26T11:55:03.244+0000] {processor.py:208} INFO - Processing /opt/airflow/dags/flex_eau_pipeline.py took 0.136 seconds
[2026-07-26T11:55:33.949+0000] {processor.py:186} INFO - Started process (PID=11712) to work on /opt/airflow/dags/flex_eau_pipeline.py
[2026-07-26T11:55:33.950+0000] {processor.py:914} INFO - Processing file /opt/airflow/dags/flex_eau_pipeline.py for tasks to queue
[2026-07-26T11:55:33.953+0000] {logging_mixin.py:190} INFO - [2026-07-26T11:55:33.953+0000] {dagbag.py:587} INFO - Filling up the DagBag from /opt/airflow/dags/flex_eau_pipeline.py
[2026-07-26T11:55:33.985+0000] {processor.py:925} INFO - DAG(s) 'flex_eau_pipeline' retrieved from /opt/airflow/dags/flex_eau_pipeline.py
[2026-07-26T11:55:34.024+0000] {logging_mixin.py:190} INFO - [2026-07-26T11:55:34.024+0000] {dag.py:3211} INFO - Sync 1 DAGs
[2026-07-26T11:55:34.054+0000] {logging_mixin.py:190} INFO - [2026-07-26T11:55:34.054+0000] {dag.py:4138} INFO - Setting next_dagrun for flex_eau_pipeline to 2026-07-26 00:00:00+00:00, run_after=2026-07-27 00:00:00+00:00
[2026-07-26T11:55:34.077+0000] {processor.py:208} INFO - Processing /opt/airflow/dags/flex_eau_pipeline.py took 0.136 seconds
[2026-07-26T11:56:04.838+0000] {processor.py:186} INFO - Started process (PID=11717) to work on /opt/airflow/dags/flex_eau_pipeline.py
[2026-07-26T11:56:04.840+0000] {processor.py:914} INFO - Processing file /opt/airflow/dags/flex_eau_pipeline.py for tasks to queue
[2026-07-26T11:56:04.843+0000] {logging_mixin.py:190} INFO - [2026-07-26T11:56:04.842+0000] {dagbag.py:587} INFO - Filling up the DagBag from /opt/airflow/dags/flex_eau_pipeline.py
[2026-07-26T11:56:04.873+0000] {processor.py:925} INFO - DAG(s) 'flex_eau_pipeline' retrieved from /opt/airflow/dags/flex_eau_pipeline.py
[2026-07-26T11:56:04.914+0000] {logging_mixin.py:190} INFO - [2026-07-26T11:56:04.913+0000] {dag.py:3211} INFO - Sync 1 DAGs
[2026-07-26T11:56:04.940+0000] {logging_mixin.py:190} INFO - [2026-07-26T11:56:04.939+0000] {dag.py:4138} INFO - Setting next_dagrun for flex_eau_pipeline to 2026-07-26 00:00:00+00:00, run_after=2026-07-27 00:00:00+00:00
[2026-07-26T11:56:04.964+0000] {processor.py:208} INFO - Processing /opt/airflow/dags/flex_eau_pipeline.py took 0.135 seconds
[2026-07-26T11:56:35.773+0000] {processor.py:186} INFO - Started process (PID=11722) to work on /opt/airflow/dags/flex_eau_pipeline.py
[2026-07-26T11:56:35.774+0000] {processor.py:914} INFO - Processing file /opt/airflow/dags/flex_eau_pipeline.py for tasks to queue
[2026-07-26T11:56:35.778+0000] {logging_mixin.py:190} INFO - [2026-07-26T11:56:35.777+0000] {dagbag.py:587} INFO - Filling up the DagBag from /opt/airflow/dags/flex_eau_pipeline.py
[2026-07-26T11:56:35.807+0000] {processor.py:925} INFO - DAG(s) 'flex_eau_pipeline' retrieved from /opt/airflow/dags/flex_eau_pipeline.py
[2026-07-26T11:56:35.850+0000] {logging_mixin.py:190} INFO - [2026-07-26T11:56:35.849+0000] {dag.py:3211} INFO - Sync 1 DAGs
[2026-07-26T11:56:35.880+0000] {logging_mixin.py:190} INFO - [2026-07-26T11:56:35.879+0000] {dag.py:4138} INFO - Setting next_dagrun for flex_eau_pipeline to 2026-07-26 00:00:00+00:00, run_after=2026-07-27 00:00:00+00:00
[2026-07-26T11:56:35.901+0000] {processor.py:208} INFO - Processing /opt/airflow/dags/flex_eau_pipeline.py took 0.137 seconds
[2026-07-26T11:57:06.506+0000] {processor.py:186} INFO - Started process (PID=11727) to work on /opt/airflow/dags/flex_eau_pipeline.py
[2026-07-26T11:57:06.511+0000] {processor.py:914} INFO - Processing file /opt/airflow/dags/flex_eau_pipeline.py for tasks to queue
[2026-07-26T11:57:06.523+0000] {logging_mixin.py:190} INFO - [2026-07-26T11:57:06.522+0000] {dagbag.py:587} INFO - Filling up the DagBag from /opt/airflow/dags/flex_eau_pipeline.py
[2026-07-26T11:57:06.643+0000] {processor.py:925} INFO - DAG(s) 'flex_eau_pipeline' retrieved from /opt/airflow/dags/flex_eau_pipeline.py
[2026-07-26T11:57:06.739+0000] {logging_mixin.py:190} INFO - [2026-07-26T11:57:06.739+0000] {dag.py:3211} INFO - Sync 1 DAGs
[2026-07-26T11:57:06.803+0000] {logging_mixin.py:190} INFO - [2026-07-26T11:57:06.802+0000] {dag.py:4138} INFO - Setting next_dagrun for flex_eau_pipeline to 2026-07-26 00:00:00+00:00, run_after=2026-07-27 00:00:00+00:00
[2026-07-26T11:57:06.861+0000] {processor.py:208} INFO - Processing /opt/airflow/dags/flex_eau_pipeline.py took 0.386 seconds
[2026-07-26T11:57:37.035+0000] {processor.py:186} INFO - Started process (PID=11732) to work on /opt/airflow/dags/flex_eau_pipeline.py
[2026-07-26T11:57:37.036+0000] {processor.py:914} INFO - Processing file /opt/airflow/dags/flex_eau_pipeline.py for tasks to queue
[2026-07-26T11:57:37.039+0000] {logging_mixin.py:190} INFO - [2026-07-26T11:57:37.039+0000] {dagbag.py:587} INFO - Filling up the DagBag from /opt/airflow/dags/flex_eau_pipeline.py
[2026-07-26T11:57:37.080+0000] {processor.py:925} INFO - DAG(s) 'flex_eau_pipeline' retrieved from /opt/airflow/dags/flex_eau_pipeline.py
[2026-07-26T11:57:37.131+0000] {logging_mixin.py:190} INFO - [2026-07-26T11:57:37.131+0000] {dag.py:3211} INFO - Sync 1 DAGs
[2026-07-26T11:57:37.165+0000] {logging_mixin.py:190} INFO - [2026-07-26T11:57:37.164+0000] {dag.py:4138} INFO - Setting next_dagrun for flex_eau_pipeline to 2026-07-26 00:00:00+00:00, run_after=2026-07-27 00:00:00+00:00
[2026-07-26T11:57:37.195+0000] {processor.py:208} INFO - Processing /opt/airflow/dags/flex_eau_pipeline.py took 0.170 seconds
[2026-07-26T11:58:07.495+0000] {processor.py:186} INFO - Started process (PID=11737) to work on /opt/airflow/dags/flex_eau_pipeline.py
[2026-07-26T11:58:07.497+0000] {processor.py:914} INFO - Processing file /opt/airflow/dags/flex_eau_pipeline.py for tasks to queue
[2026-07-26T11:58:07.503+0000] {logging_mixin.py:190} INFO - [2026-07-26T11:58:07.502+0000] {dagbag.py:587} INFO - Filling up the DagBag from /opt/airflow/dags/flex_eau_pipeline.py
[2026-07-26T11:58:07.569+0000] {processor.py:925} INFO - DAG(s) 'flex_eau_pipeline' retrieved from /opt/airflow/dags/flex_eau_pipeline.py
[2026-07-26T11:58:07.625+0000] {logging_mixin.py:190} INFO - [2026-07-26T11:58:07.624+0000] {dag.py:3211} INFO - Sync 1 DAGs
[2026-07-26T11:58:07.661+0000] {logging_mixin.py:190} INFO - [2026-07-26T11:58:07.661+0000] {dag.py:4138} INFO - Setting next_dagrun for flex_eau_pipeline to 2026-07-26 00:00:00+00:00, run_after=2026-07-27 00:00:00+00:00
[2026-07-26T11:58:07.708+0000] {processor.py:208} INFO - Processing /opt/airflow/dags/flex_eau_pipeline.py took 0.230 seconds
[2026-07-26T11:58:38.032+0000] {processor.py:186} INFO - Started process (PID=11742) to work on /opt/airflow/dags/flex_eau_pipeline.py
[2026-07-26T11:58:38.034+0000] {processor.py:914} INFO - Processing file /opt/airflow/dags/flex_eau_pipeline.py for tasks to queue
[2026-07-26T11:58:38.038+0000] {logging_mixin.py:190} INFO - [2026-07-26T11:58:38.037+0000] {dagbag.py:587} INFO - Filling up the DagBag from /opt/airflow/dags/flex_eau_pipeline.py
[2026-07-26T11:58:38.104+0000] {processor.py:925} INFO - DAG(s) 'flex_eau_pipeline' retrieved from /opt/airflow/dags/flex_eau_pipeline.py
[2026-07-26T11:58:38.155+0000] {logging_mixin.py:190} INFO - [2026-07-26T11:58:38.155+0000] {dag.py:3211} INFO - Sync 1 DAGs
[2026-07-26T11:58:38.189+0000] {logging_mixin.py:190} INFO - [2026-07-26T11:58:38.188+0000] {dag.py:4138} INFO - Setting next_dagrun for flex_eau_pipeline to 2026-07-26 00:00:00+00:00, run_after=2026-07-27 00:00:00+00:00
[2026-07-26T11:58:38.230+0000] {processor.py:208} INFO - Processing /opt/airflow/dags/flex_eau_pipeline.py took 0.207 seconds
[2026-07-26T11:59:08.652+0000] {processor.py:186} INFO - Started process (PID=11747) to work on /opt/airflow/dags/flex_eau_pipeline.py
[2026-07-26T11:59:08.659+0000] {processor.py:914} INFO - Processing file /opt/airflow/dags/flex_eau_pipeline.py for tasks to queue
[2026-07-26T11:59:08.671+0000] {logging_mixin.py:190} INFO - [2026-07-26T11:59:08.670+0000] {dagbag.py:587} INFO - Filling up the DagBag from /opt/airflow/dags/flex_eau_pipeline.py
[2026-07-26T11:59:08.834+0000] {processor.py:925} INFO - DAG(s) 'flex_eau_pipeline' retrieved from /opt/airflow/dags/flex_eau_pipeline.py
[2026-07-26T11:59:08.960+0000] {logging_mixin.py:190} INFO - [2026-07-26T11:59:08.960+0000] {dag.py:3211} INFO - Sync 1 DAGs
[2026-07-26T11:59:09.028+0000] {logging_mixin.py:190} INFO - [2026-07-26T11:59:09.028+0000] {dag.py:4138} INFO - Setting next_dagrun for flex_eau_pipeline to 2026-07-26 00:00:00+00:00, run_after=2026-07-27 00:00:00+00:00
[2026-07-26T11:59:09.072+0000] {processor.py:208} INFO - Processing /opt/airflow/dags/flex_eau_pipeline.py took 0.469 seconds
[2026-07-26T11:59:39.352+0000] {processor.py:186} INFO - Started process (PID=11752) to work on /opt/airflow/dags/flex_eau_pipeline.py
[2026-07-26T11:59:39.354+0000] {processor.py:914} INFO - Processing file /opt/airflow/dags/flex_eau_pipeline.py for tasks to queue
[2026-07-26T11:59:39.358+0000] {logging_mixin.py:190} INFO - [2026-07-26T11:59:39.357+0000] {dagbag.py:587} INFO - Filling up the DagBag from /opt/airflow/dags/flex_eau_pipeline.py
[2026-07-26T11:59:39.398+0000] {processor.py:925} INFO - DAG(s) 'flex_eau_pipeline' retrieved from /opt/airflow/dags/flex_eau_pipeline.py
[2026-07-26T11:59:39.463+0000] {logging_mixin.py:190} INFO - [2026-07-26T11:59:39.462+0000] {dag.py:3211} INFO - Sync 1 DAGs
[2026-07-26T11:59:39.510+0000] {logging_mixin.py:190} INFO - [2026-07-26T11:59:39.510+0000] {dag.py:4138} INFO - Setting next_dagrun for flex_eau_pipeline to 2026-07-26 00:00:00+00:00, run_after=2026-07-27 00:00:00+00:00
[2026-07-26T11:59:39.553+0000] {processor.py:208} INFO - Processing /opt/airflow/dags/flex_eau_pipeline.py took 0.210 seconds
[2026-07-26T12:00:09.936+0000] {processor.py:186} INFO - Started process (PID=11757) to work on /opt/airflow/dags/flex_eau_pipeline.py
[2026-07-26T12:00:09.937+0000] {processor.py:914} INFO - Processing file /opt/airflow/dags/flex_eau_pipeline.py for tasks to queue
[2026-07-26T12:00:09.941+0000] {logging_mixin.py:190} INFO - [2026-07-26T12:00:09.940+0000] {dagbag.py:587} INFO - Filling up the DagBag from /opt/airflow/dags/flex_eau_pipeline.py
[2026-07-26T12:00:10.003+0000] {processor.py:925} INFO - DAG(s) 'flex_eau_pipeline' retrieved from /opt/airflow/dags/flex_eau_pipeline.py
[2026-07-26T12:00:10.103+0000] {logging_mixin.py:190} INFO - [2026-07-26T12:00:10.103+0000] {dag.py:3211} INFO - Sync 1 DAGs
[2026-07-26T12:00:10.167+0000] {logging_mixin.py:190} INFO - [2026-07-26T12:00:10.167+0000] {dag.py:4138} INFO - Setting next_dagrun for flex_eau_pipeline to 2026-07-26 00:00:00+00:00, run_after=2026-07-27 00:00:00+00:00
[2026-07-26T12:00:10.223+0000] {processor.py:208} INFO - Processing /opt/airflow/dags/flex_eau_pipeline.py took 0.296 seconds
[2026-07-26T12:00:40.457+0000] {processor.py:186} INFO - Started process (PID=11762) to work on /opt/airflow/dags/flex_eau_pipeline.py
[2026-07-26T12:00:40.459+0000] {processor.py:914} INFO - Processing file /opt/airflow/dags/flex_eau_pipeline.py for tasks to queue
[2026-07-26T12:00:40.464+0000] {logging_mixin.py:190} INFO - [2026-07-26T12:00:40.463+0000] {dagbag.py:587} INFO - Filling up the DagBag from /opt/airflow/dags/flex_eau_pipeline.py
[2026-07-26T12:00:40.510+0000] {processor.py:925} INFO - DAG(s) 'flex_eau_pipeline' retrieved from /opt/airflow/dags/flex_eau_pipeline.py
[2026-07-26T12:00:40.568+0000] {logging_mixin.py:190} INFO - [2026-07-26T12:00:40.567+0000] {dag.py:3211} INFO - Sync 1 DAGs
[2026-07-26T12:00:40.604+0000] {logging_mixin.py:190} INFO - [2026-07-26T12:00:40.603+0000] {dag.py:4138} INFO - Setting next_dagrun for flex_eau_pipeline to 2026-07-26 00:00:00+00:00, run_after=2026-07-27 00:00:00+00:00
[2026-07-26T12:00:40.637+0000] {processor.py:208} INFO - Processing /opt/airflow/dags/flex_eau_pipeline.py took 0.193 seconds
[2026-07-26T12:01:11.002+0000] {processor.py:186} INFO - Started process (PID=11767) to work on /opt/airflow/dags/flex_eau_pipeline.py
[2026-07-26T12:01:11.005+0000] {processor.py:914} INFO - Processing file /opt/airflow/dags/flex_eau_pipeline.py for tasks to queue
[2026-07-26T12:01:11.010+0000] {logging_mixin.py:190} INFO - [2026-07-26T12:01:11.009+0000] {dagbag.py:587} INFO - Filling up the DagBag from /opt/airflow/dags/flex_eau_pipeline.py
[2026-07-26T12:01:11.068+0000] {processor.py:925} INFO - DAG(s) 'flex_eau_pipeline' retrieved from /opt/airflow/dags/flex_eau_pipeline.py
[2026-07-26T12:01:11.155+0000] {logging_mixin.py:190} INFO - [2026-07-26T12:01:11.154+0000] {dag.py:3211} INFO - Sync 1 DAGs
[2026-07-26T12:01:11.217+0000] {logging_mixin.py:190} INFO - [2026-07-26T12:01:11.216+0000] {dag.py:4138} INFO - Setting next_dagrun for flex_eau_pipeline to 2026-07-26 00:00:00+00:00, run_after=2026-07-27 00:00:00+00:00
[2026-07-26T12:01:11.274+0000] {processor.py:208} INFO - Processing /opt/airflow/dags/flex_eau_pipeline.py took 0.291 seconds
[2026-07-26T12:01:41.653+0000] {processor.py:186} INFO - Started process (PID=11772) to work on /opt/airflow/dags/flex_eau_pipeline.py
[2026-07-26T12:01:41.655+0000] {processor.py:914} INFO - Processing file /opt/airflow/dags/flex_eau_pipeline.py for tasks to queue
[2026-07-26T12:01:41.659+0000] {logging_mixin.py:190} INFO - [2026-07-26T12:01:41.658+0000] {dagbag.py:587} INFO - Filling up the DagBag from /opt/airflow/dags/flex_eau_pipeline.py
[2026-07-26T12:01:41.731+0000] {processor.py:925} INFO - DAG(s) 'flex_eau_pipeline' retrieved from /opt/airflow/dags/flex_eau_pipeline.py
[2026-07-26T12:01:41.854+0000] {logging_mixin.py:190} INFO - [2026-07-26T12:01:41.853+0000] {dag.py:3211} INFO - Sync 1 DAGs
[2026-07-26T12:01:41.916+0000] {logging_mixin.py:190} INFO - [2026-07-26T12:01:41.915+0000] {dag.py:4138} INFO - Setting next_dagrun for flex_eau_pipeline to 2026-07-26 00:00:00+00:00, run_after=2026-07-27 00:00:00+00:00
[2026-07-26T12:01:41.977+0000] {processor.py:208} INFO - Processing /opt/airflow/dags/flex_eau_pipeline.py took 0.338 seconds
[2026-07-26T12:02:12.205+0000] {processor.py:186} INFO - Started process (PID=11777) to work on /opt/airflow/dags/flex_eau_pipeline.py
[2026-07-26T12:02:12.206+0000] {processor.py:914} INFO - Processing file /opt/airflow/dags/flex_eau_pipeline.py for tasks to queue
[2026-07-26T12:02:12.209+0000] {logging_mixin.py:190} INFO - [2026-07-26T12:02:12.209+0000] {dagbag.py:587} INFO - Filling up the DagBag from /opt/airflow/dags/flex_eau_pipeline.py
[2026-07-26T12:02:12.243+0000] {processor.py:925} INFO - DAG(s) 'flex_eau_pipeline' retrieved from /opt/airflow/dags/flex_eau_pipeline.py
[2026-07-26T12:02:12.307+0000] {logging_mixin.py:190} INFO - [2026-07-26T12:02:12.307+0000] {dag.py:3211} INFO - Sync 1 DAGs
[2026-07-26T12:02:12.347+0000] {logging_mixin.py:190} INFO - [2026-07-26T12:02:12.346+0000] {dag.py:4138} INFO - Setting next_dagrun for flex_eau_pipeline to 2026-07-26 00:00:00+00:00, run_after=2026-07-27 00:00:00+00:00
[2026-07-26T12:02:12.376+0000] {processor.py:208} INFO - Processing /opt/airflow/dags/flex_eau_pipeline.py took 0.180 seconds
[2026-07-26T12:02:42.689+0000] {processor.py:186} INFO - Started process (PID=11782) to work on /opt/airflow/dags/flex_eau_pipeline.py
[2026-07-26T12:02:42.691+0000] {processor.py:914} INFO - Processing file /opt/airflow/dags/flex_eau_pipeline.py for tasks to queue
[2026-07-26T12:02:42.695+0000] {logging_mixin.py:190} INFO - [2026-07-26T12:02:42.695+0000] {dagbag.py:587} INFO - Filling up the DagBag from /opt/airflow/dags/flex_eau_pipeline.py
[2026-07-26T12:02:42.739+0000] {processor.py:925} INFO - DAG(s) 'flex_eau_pipeline' retrieved from /opt/airflow/dags/flex_eau_pipeline.py
[2026-07-26T12:02:42.788+0000] {logging_mixin.py:190} INFO - [2026-07-26T12:02:42.788+0000] {dag.py:3211} INFO - Sync 1 DAGs
[2026-07-26T12:02:42.820+0000] {logging_mixin.py:190} INFO - [2026-07-26T12:02:42.820+0000] {dag.py:4138} INFO - Setting next_dagrun for flex_eau_pipeline to 2026-07-26 00:00:00+00:00, run_after=2026-07-27 00:00:00+00:00
[2026-07-26T12:02:42.850+0000] {processor.py:208} INFO - Processing /opt/airflow/dags/flex_eau_pipeline.py took 0.180 seconds
[2026-07-26T12:03:12.967+0000] {processor.py:186} INFO - Started process (PID=11787) to work on /opt/airflow/dags/flex_eau_pipeline.py
[2026-07-26T12:03:12.969+0000] {processor.py:914} INFO - Processing file /opt/airflow/dags/flex_eau_pipeline.py for tasks to queue
[2026-07-26T12:03:12.972+0000] {logging_mixin.py:190} INFO - [2026-07-26T12:03:12.972+0000] {dagbag.py:587} INFO - Filling up the DagBag from /opt/airflow/dags/flex_eau_pipeline.py
[2026-07-26T12:03:13.048+0000] {processor.py:925} INFO - DAG(s) 'flex_eau_pipeline' retrieved from /opt/airflow/dags/flex_eau_pipeline.py
[2026-07-26T12:03:13.172+0000] {logging_mixin.py:190} INFO - [2026-07-26T12:03:13.172+0000] {dag.py:3211} INFO - Sync 1 DAGs
[2026-07-26T12:03:13.248+0000] {logging_mixin.py:190} INFO - [2026-07-26T12:03:13.248+0000] {dag.py:4138} INFO - Setting next_dagrun for flex_eau_pipeline to 2026-07-26 00:00:00+00:00, run_after=2026-07-27 00:00:00+00:00
[2026-07-26T12:03:13.309+0000] {processor.py:208} INFO - Processing /opt/airflow/dags/flex_eau_pipeline.py took 0.353 seconds
[2026-07-26T12:03:43.641+0000] {processor.py:186} INFO - Started process (PID=11792) to work on /opt/airflow/dags/flex_eau_pipeline.py
[2026-07-26T12:03:43.643+0000] {processor.py:914} INFO - Processing file /opt/airflow/dags/flex_eau_pipeline.py for tasks to queue
[2026-07-26T12:03:43.645+0000] {logging_mixin.py:190} INFO - [2026-07-26T12:03:43.645+0000] {dagbag.py:587} INFO - Filling up the DagBag from /opt/airflow/dags/flex_eau_pipeline.py
[2026-07-26T12:03:43.683+0000] {processor.py:925} INFO - DAG(s) 'flex_eau_pipeline' retrieved from /opt/airflow/dags/flex_eau_pipeline.py
[2026-07-26T12:03:43.748+0000] {logging_mixin.py:190} INFO - [2026-07-26T12:03:43.747+0000] {dag.py:3211} INFO - Sync 1 DAGs
[2026-07-26T12:03:43.779+0000] {logging_mixin.py:190} INFO - [2026-07-26T12:03:43.779+0000] {dag.py:4138} INFO - Setting next_dagrun for flex_eau_pipeline to 2026-07-26 00:00:00+00:00, run_after=2026-07-27 00:00:00+00:00
[2026-07-26T12:03:43.812+0000] {processor.py:208} INFO - Processing /opt/airflow/dags/flex_eau_pipeline.py took 0.180 seconds
[2026-07-26T12:04:14.062+0000] {processor.py:186} INFO - Started process (PID=11797) to work on /opt/airflow/dags/flex_eau_pipeline.py
[2026-07-26T12:04:14.064+0000] {processor.py:914} INFO - Processing file /opt/airflow/dags/flex_eau_pipeline.py for tasks to queue
[2026-07-26T12:04:14.068+0000] {logging_mixin.py:190} INFO - [2026-07-26T12:04:14.068+0000] {dagbag.py:587} INFO - Filling up the DagBag from /opt/airflow/dags/flex_eau_pipeline.py
[2026-07-26T12:04:14.107+0000] {processor.py:925} INFO - DAG(s) 'flex_eau_pipeline' retrieved from /opt/airflow/dags/flex_eau_pipeline.py
[2026-07-26T12:04:14.164+0000] {logging_mixin.py:190} INFO - [2026-07-26T12:04:14.163+0000] {dag.py:3211} INFO - Sync 1 DAGs
[2026-07-26T12:04:14.210+0000] {logging_mixin.py:190} INFO - [2026-07-26T12:04:14.209+0000] {dag.py:4138} INFO - Setting next_dagrun for flex_eau_pipeline to 2026-07-26 00:00:00+00:00, run_after=2026-07-27 00:00:00+00:00
[2026-07-26T12:04:14.258+0000] {processor.py:208} INFO - Processing /opt/airflow/dags/flex_eau_pipeline.py took 0.210 seconds
[2026-07-26T12:04:44.462+0000] {processor.py:186} INFO - Started process (PID=11802) to work on /opt/airflow/dags/flex_eau_pipeline.py
[2026-07-26T12:04:44.464+0000] {processor.py:914} INFO - Processing file /opt/airflow/dags/flex_eau_pipeline.py for tasks to queue
[2026-07-26T12:04:44.468+0000] {logging_mixin.py:190} INFO - [2026-07-26T12:04:44.468+0000] {dagbag.py:587} INFO - Filling up the DagBag from /opt/airflow/dags/flex_eau_pipeline.py
[2026-07-26T12:04:44.508+0000] {processor.py:925} INFO - DAG(s) 'flex_eau_pipeline' retrieved from /opt/airflow/dags/flex_eau_pipeline.py
[2026-07-26T12:04:44.562+0000] {logging_mixin.py:190} INFO - [2026-07-26T12:04:44.562+0000] {dag.py:3211} INFO - Sync 1 DAGs
[2026-07-26T12:04:44.597+0000] {logging_mixin.py:190} INFO - [2026-07-26T12:04:44.596+0000] {dag.py:4138} INFO - Setting next_dagrun for flex_eau_pipeline to 2026-07-26 00:00:00+00:00, run_after=2026-07-27 00:00:00+00:00
[2026-07-26T12:04:44.644+0000] {processor.py:208} INFO - Processing /opt/airflow/dags/flex_eau_pipeline.py took 0.194 seconds
[2026-07-26T12:05:14.783+0000] {processor.py:186} INFO - Started process (PID=11807) to work on /opt/airflow/dags/flex_eau_pipeline.py
[2026-07-26T12:05:14.785+0000] {processor.py:914} INFO - Processing file /opt/airflow/dags/flex_eau_pipeline.py for tasks to queue
[2026-07-26T12:05:14.790+0000] {logging_mixin.py:190} INFO - [2026-07-26T12:05:14.789+0000] {dagbag.py:587} INFO - Filling up the DagBag from /opt/airflow/dags/flex_eau_pipeline.py
[2026-07-26T12:05:14.837+0000] {processor.py:925} INFO - DAG(s) 'flex_eau_pipeline' retrieved from /opt/airflow/dags/flex_eau_pipeline.py
[2026-07-26T12:05:14.889+0000] {logging_mixin.py:190} INFO - [2026-07-26T12:05:14.889+0000] {dag.py:3211} INFO - Sync 1 DAGs
[2026-07-26T12:05:14.923+0000] {logging_mixin.py:190} INFO - [2026-07-26T12:05:14.922+0000] {dag.py:4138} INFO - Setting next_dagrun for flex_eau_pipeline to 2026-07-26 00:00:00+00:00, run_after=2026-07-27 00:00:00+00:00
[2026-07-26T12:05:14.957+0000] {processor.py:208} INFO - Processing /opt/airflow/dags/flex_eau_pipeline.py took 0.193 seconds
[2026-07-26T12:05:45.312+0000] {processor.py:186} INFO - Started process (PID=11812) to work on /opt/airflow/dags/flex_eau_pipeline.py
[2026-07-26T12:05:45.316+0000] {processor.py:914} INFO - Processing file /opt/airflow/dags/flex_eau_pipeline.py for tasks to queue
[2026-07-26T12:05:45.323+0000] {logging_mixin.py:190} INFO - [2026-07-26T12:05:45.323+0000] {dagbag.py:587} INFO - Filling up the DagBag from /opt/airflow/dags/flex_eau_pipeline.py
[2026-07-26T12:05:45.398+0000] {processor.py:925} INFO - DAG(s) 'flex_eau_pipeline' retrieved from /opt/airflow/dags/flex_eau_pipeline.py
[2026-07-26T12:05:45.486+0000] {logging_mixin.py:190} INFO - [2026-07-26T12:05:45.486+0000] {dag.py:3211} INFO - Sync 1 DAGs
[2026-07-26T12:05:45.518+0000] {logging_mixin.py:190} INFO - [2026-07-26T12:05:45.518+0000] {dag.py:4138} INFO - Setting next_dagrun for flex_eau_pipeline to 2026-07-26 00:00:00+00:00, run_after=2026-07-27 00:00:00+00:00
[2026-07-26T12:05:45.566+0000] {processor.py:208} INFO - Processing /opt/airflow/dags/flex_eau_pipeline.py took 0.277 seconds
[2026-07-26T12:06:15.760+0000] {processor.py:186} INFO - Started process (PID=11817) to work on /opt/airflow/dags/flex_eau_pipeline.py
[2026-07-26T12:06:15.762+0000] {processor.py:914} INFO - Processing file /opt/airflow/dags/flex_eau_pipeline.py for tasks to queue
[2026-07-26T12:06:15.765+0000] {logging_mixin.py:190} INFO - [2026-07-26T12:06:15.765+0000] {dagbag.py:587} INFO - Filling up the DagBag from /opt/airflow/dags/flex_eau_pipeline.py
[2026-07-26T12:06:15.803+0000] {processor.py:925} INFO - DAG(s) 'flex_eau_pipeline' retrieved from /opt/airflow/dags/flex_eau_pipeline.py
[2026-07-26T12:06:15.864+0000] {logging_mixin.py:190} INFO - [2026-07-26T12:06:15.863+0000] {dag.py:3211} INFO - Sync 1 DAGs
[2026-07-26T12:06:15.909+0000] {logging_mixin.py:190} INFO - [2026-07-26T12:06:15.908+0000] {dag.py:4138} INFO - Setting next_dagrun for flex_eau_pipeline to 2026-07-26 00:00:00+00:00, run_after=2026-07-27 00:00:00+00:00
[2026-07-26T12:06:15.957+0000] {processor.py:208} INFO - Processing /opt/airflow/dags/flex_eau_pipeline.py took 0.207 seconds
[2026-07-26T12:06:46.279+0000] {processor.py:186} INFO - Started process (PID=11822) to work on /opt/airflow/dags/flex_eau_pipeline.py
[2026-07-26T12:06:46.281+0000] {processor.py:914} INFO - Processing file /opt/airflow/dags/flex_eau_pipeline.py for tasks to queue
[2026-07-26T12:06:46.286+0000] {logging_mixin.py:190} INFO - [2026-07-26T12:06:46.286+0000] {dagbag.py:587} INFO - Filling up the DagBag from /opt/airflow/dags/flex_eau_pipeline.py
[2026-07-26T12:06:46.330+0000] {processor.py:925} INFO - DAG(s) 'flex_eau_pipeline' retrieved from /opt/airflow/dags/flex_eau_pipeline.py
[2026-07-26T12:06:46.380+0000] {logging_mixin.py:190} INFO - [2026-07-26T12:06:46.380+0000] {dag.py:3211} INFO - Sync 1 DAGs
[2026-07-26T12:06:46.440+0000] {logging_mixin.py:190} INFO - [2026-07-26T12:06:46.440+0000] {dag.py:4138} INFO - Setting next_dagrun for flex_eau_pipeline to 2026-07-26 00:00:00+00:00, run_after=2026-07-27 00:00:00+00:00
[2026-07-26T12:06:46.495+0000] {processor.py:208} INFO - Processing /opt/airflow/dags/flex_eau_pipeline.py took 0.228 seconds
[2026-07-26T12:07:16.683+0000] {processor.py:186} INFO - Started process (PID=11827) to work on /opt/airflow/dags/flex_eau_pipeline.py
[2026-07-26T12:07:16.686+0000] {processor.py:914} INFO - Processing file /opt/airflow/dags/flex_eau_pipeline.py for tasks to queue
[2026-07-26T12:07:16.691+0000] {logging_mixin.py:190} INFO - [2026-07-26T12:07:16.691+0000] {dagbag.py:587} INFO - Filling up the DagBag from /opt/airflow/dags/flex_eau_pipeline.py
[2026-07-26T12:07:16.724+0000] {processor.py:925} INFO - DAG(s) 'flex_eau_pipeline' retrieved from /opt/airflow/dags/flex_eau_pipeline.py
[2026-07-26T12:07:16.770+0000] {logging_mixin.py:190} INFO - [2026-07-26T12:07:16.770+0000] {dag.py:3211} INFO - Sync 1 DAGs
[2026-07-26T12:07:16.807+0000] {logging_mixin.py:190} INFO - [2026-07-26T12:07:16.806+0000] {dag.py:4138} INFO - Setting next_dagrun for flex_eau_pipeline to 2026-07-26 00:00:00+00:00, run_after=2026-07-27 00:00:00+00:00
[2026-07-26T12:07:16.838+0000] {processor.py:208} INFO - Processing /opt/airflow/dags/flex_eau_pipeline.py took 0.174 seconds
[2026-07-26T12:07:46.969+0000] {processor.py:186} INFO - Started process (PID=11832) to work on /opt/airflow/dags/flex_eau_pipeline.py
[2026-07-26T12:07:46.970+0000] {processor.py:914} INFO - Processing file /opt/airflow/dags/flex_eau_pipeline.py for tasks to queue
[2026-07-26T12:07:46.974+0000] {logging_mixin.py:190} INFO - [2026-07-26T12:07:46.974+0000] {dagbag.py:587} INFO - Filling up the DagBag from /opt/airflow/dags/flex_eau_pipeline.py
[2026-07-26T12:07:47.022+0000] {processor.py:925} INFO - DAG(s) 'flex_eau_pipeline' retrieved from /opt/airflow/dags/flex_eau_pipeline.py
[2026-07-26T12:07:47.070+0000] {logging_mixin.py:190} INFO - [2026-07-26T12:07:47.070+0000] {dag.py:3211} INFO - Sync 1 DAGs
[2026-07-26T12:07:47.106+0000] {logging_mixin.py:190} INFO - [2026-07-26T12:07:47.106+0000] {dag.py:4138} INFO - Setting next_dagrun for flex_eau_pipeline to 2026-07-26 00:00:00+00:00, run_after=2026-07-27 00:00:00+00:00
[2026-07-26T12:07:47.140+0000] {processor.py:208} INFO - Processing /opt/airflow/dags/flex_eau_pipeline.py took 0.183 seconds
[2026-07-26T12:08:17.403+0000] {processor.py:186} INFO - Started process (PID=11837) to work on /opt/airflow/dags/flex_eau_pipeline.py
[2026-07-26T12:08:17.405+0000] {processor.py:914} INFO - Processing file /opt/airflow/dags/flex_eau_pipeline.py for tasks to queue
[2026-07-26T12:08:17.410+0000] {logging_mixin.py:190} INFO - [2026-07-26T12:08:17.409+0000] {dagbag.py:587} INFO - Filling up the DagBag from /opt/airflow/dags/flex_eau_pipeline.py
[2026-07-26T12:08:17.452+0000] {processor.py:925} INFO - DAG(s) 'flex_eau_pipeline' retrieved from /opt/airflow/dags/flex_eau_pipeline.py
[2026-07-26T12:08:17.533+0000] {logging_mixin.py:190} INFO - [2026-07-26T12:08:17.532+0000] {dag.py:3211} INFO - Sync 1 DAGs
[2026-07-26T12:08:17.579+0000] {logging_mixin.py:190} INFO - [2026-07-26T12:08:17.579+0000] {dag.py:4138} INFO - Setting next_dagrun for flex_eau_pipeline to 2026-07-26 00:00:00+00:00, run_after=2026-07-27 00:00:00+00:00
[2026-07-26T12:08:17.612+0000] {processor.py:208} INFO - Processing /opt/airflow/dags/flex_eau_pipeline.py took 0.220 seconds
[2026-07-26T12:08:47.979+0000] {processor.py:186} INFO - Started process (PID=11842) to work on /opt/airflow/dags/flex_eau_pipeline.py
[2026-07-26T12:08:47.982+0000] {processor.py:914} INFO - Processing file /opt/airflow/dags/flex_eau_pipeline.py for tasks to queue
[2026-07-26T12:08:47.988+0000] {logging_mixin.py:190} INFO - [2026-07-26T12:08:47.987+0000] {dagbag.py:587} INFO - Filling up the DagBag from /opt/airflow/dags/flex_eau_pipeline.py
[2026-07-26T12:08:48.060+0000] {processor.py:925} INFO - DAG(s) 'flex_eau_pipeline' retrieved from /opt/airflow/dags/flex_eau_pipeline.py
[2026-07-26T12:08:48.128+0000] {logging_mixin.py:190} INFO - [2026-07-26T12:08:48.128+0000] {dag.py:3211} INFO - Sync 1 DAGs
[2026-07-26T12:08:48.160+0000] {logging_mixin.py:190} INFO - [2026-07-26T12:08:48.159+0000] {dag.py:4138} INFO - Setting next_dagrun for flex_eau_pipeline to 2026-07-26 00:00:00+00:00, run_after=2026-07-27 00:00:00+00:00
[2026-07-26T12:08:48.193+0000] {processor.py:208} INFO - Processing /opt/airflow/dags/flex_eau_pipeline.py took 0.233 seconds
[2026-07-26T12:09:18.419+0000] {processor.py:186} INFO - Started process (PID=11847) to work on /opt/airflow/dags/flex_eau_pipeline.py
[2026-07-26T12:09:18.421+0000] {processor.py:914} INFO - Processing file /opt/airflow/dags/flex_eau_pipeline.py for tasks to queue
[2026-07-26T12:09:18.424+0000] {logging_mixin.py:190} INFO - [2026-07-26T12:09:18.424+0000] {dagbag.py:587} INFO - Filling up the DagBag from /opt/airflow/dags/flex_eau_pipeline.py
[2026-07-26T12:09:18.461+0000] {processor.py:925} INFO - DAG(s) 'flex_eau_pipeline' retrieved from /opt/airflow/dags/flex_eau_pipeline.py
[2026-07-26T12:09:18.522+0000] {logging_mixin.py:190} INFO - [2026-07-26T12:09:18.522+0000] {dag.py:3211} INFO - Sync 1 DAGs
[2026-07-26T12:09:18.554+0000] {logging_mixin.py:190} INFO - [2026-07-26T12:09:18.554+0000] {dag.py:4138} INFO - Setting next_dagrun for flex_eau_pipeline to 2026-07-26 00:00:00+00:00, run_after=2026-07-27 00:00:00+00:00
[2026-07-26T12:09:18.585+0000] {processor.py:208} INFO - Processing /opt/airflow/dags/flex_eau_pipeline.py took 0.176 seconds
[2026-07-26T12:09:48.735+0000] {processor.py:186} INFO - Started process (PID=11852) to work on /opt/airflow/dags/flex_eau_pipeline.py
[2026-07-26T12:09:48.737+0000] {processor.py:914} INFO - Processing file /opt/airflow/dags/flex_eau_pipeline.py for tasks to queue
[2026-07-26T12:09:48.741+0000] {logging_mixin.py:190} INFO - [2026-07-26T12:09:48.741+0000] {dagbag.py:587} INFO - Filling up the DagBag from /opt/airflow/dags/flex_eau_pipeline.py
[2026-07-26T12:09:48.776+0000] {processor.py:925} INFO - DAG(s) 'flex_eau_pipeline' retrieved from /opt/airflow/dags/flex_eau_pipeline.py
[2026-07-26T12:09:48.824+0000] {logging_mixin.py:190} INFO - [2026-07-26T12:09:48.824+0000] {dag.py:3211} INFO - Sync 1 DAGs
[2026-07-26T12:09:48.865+0000] {logging_mixin.py:190} INFO - [2026-07-26T12:09:48.864+0000] {dag.py:4138} INFO - Setting next_dagrun for flex_eau_pipeline to 2026-07-26 00:00:00+00:00, run_after=2026-07-27 00:00:00+00:00
[2026-07-26T12:09:48.906+0000] {processor.py:208} INFO - Processing /opt/airflow/dags/flex_eau_pipeline.py took 0.180 seconds
[2026-07-26T12:10:19.414+0000] {processor.py:186} INFO - Started process (PID=11857) to work on /opt/airflow/dags/flex_eau_pipeline.py
[2026-07-26T12:10:19.416+0000] {processor.py:914} INFO - Processing file /opt/airflow/dags/flex_eau_pipeline.py for tasks to queue
[2026-07-26T12:10:19.421+0000] {logging_mixin.py:190} INFO - [2026-07-26T12:10:19.420+0000] {dagbag.py:587} INFO - Filling up the DagBag from /opt/airflow/dags/flex_eau_pipeline.py
[2026-07-26T12:10:19.463+0000] {processor.py:925} INFO - DAG(s) 'flex_eau_pipeline' retrieved from /opt/airflow/dags/flex_eau_pipeline.py
[2026-07-26T12:10:19.530+0000] {logging_mixin.py:190} INFO - [2026-07-26T12:10:19.530+0000] {dag.py:3211} INFO - Sync 1 DAGs
[2026-07-26T12:10:19.568+0000] {logging_mixin.py:190} INFO - [2026-07-26T12:10:19.568+0000] {dag.py:4138} INFO - Setting next_dagrun for flex_eau_pipeline to 2026-07-26 00:00:00+00:00, run_after=2026-07-27 00:00:00+00:00
[2026-07-26T12:10:19.602+0000] {processor.py:208} INFO - Processing /opt/airflow/dags/flex_eau_pipeline.py took 0.202 seconds
[2026-07-26T12:10:49.903+0000] {processor.py:186} INFO - Started process (PID=11862) to work on /opt/airflow/dags/flex_eau_pipeline.py
[2026-07-26T12:10:49.905+0000] {processor.py:914} INFO - Processing file /opt/airflow/dags/flex_eau_pipeline.py for tasks to queue
[2026-07-26T12:10:49.909+0000] {logging_mixin.py:190} INFO - [2026-07-26T12:10:49.909+0000] {dagbag.py:587} INFO - Filling up the DagBag from /opt/airflow/dags/flex_eau_pipeline.py
[2026-07-26T12:10:49.946+0000] {processor.py:925} INFO - DAG(s) 'flex_eau_pipeline' retrieved from /opt/airflow/dags/flex_eau_pipeline.py
[2026-07-26T12:10:49.992+0000] {logging_mixin.py:190} INFO - [2026-07-26T12:10:49.992+0000] {dag.py:3211} INFO - Sync 1 DAGs
[2026-07-26T12:10:50.021+0000] {logging_mixin.py:190} INFO - [2026-07-26T12:10:50.021+0000] {dag.py:4138} INFO - Setting next_dagrun for flex_eau_pipeline to 2026-07-26 00:00:00+00:00, run_after=2026-07-27 00:00:00+00:00
[2026-07-26T12:10:50.053+0000] {processor.py:208} INFO - Processing /opt/airflow/dags/flex_eau_pipeline.py took 0.162 seconds
[2026-07-26T12:11:20.177+0000] {processor.py:186} INFO - Started process (PID=11867) to work on /opt/airflow/dags/flex_eau_pipeline.py
[2026-07-26T12:11:20.179+0000] {processor.py:914} INFO - Processing file /opt/airflow/dags/flex_eau_pipeline.py for tasks to queue
[2026-07-26T12:11:20.185+0000] {logging_mixin.py:190} INFO - [2026-07-26T12:11:20.185+0000] {dagbag.py:587} INFO - Filling up the DagBag from /opt/airflow/dags/flex_eau_pipeline.py
[2026-07-26T12:11:20.220+0000] {processor.py:925} INFO - DAG(s) 'flex_eau_pipeline' retrieved from /opt/airflow/dags/flex_eau_pipeline.py
[2026-07-26T12:11:20.270+0000] {logging_mixin.py:190} INFO - [2026-07-26T12:11:20.270+0000] {dag.py:3211} INFO - Sync 1 DAGs
[2026-07-26T12:11:20.307+0000] {logging_mixin.py:190} INFO - [2026-07-26T12:11:20.307+0000] {dag.py:4138} INFO - Setting next_dagrun for flex_eau_pipeline to 2026-07-26 00:00:00+00:00, run_after=2026-07-27 00:00:00+00:00
[2026-07-26T12:11:20.337+0000] {processor.py:208} INFO - Processing /opt/airflow/dags/flex_eau_pipeline.py took 0.169 seconds
[2026-07-26T12:11:50.422+0000] {processor.py:186} INFO - Started process (PID=11872) to work on /opt/airflow/dags/flex_eau_pipeline.py
[2026-07-26T12:11:50.424+0000] {processor.py:914} INFO - Processing file /opt/airflow/dags/flex_eau_pipeline.py for tasks to queue
[2026-07-26T12:11:50.427+0000] {logging_mixin.py:190} INFO - [2026-07-26T12:11:50.427+0000] {dagbag.py:587} INFO - Filling up the DagBag from /opt/airflow/dags/flex_eau_pipeline.py
[2026-07-26T12:11:50.463+0000] {processor.py:925} INFO - DAG(s) 'flex_eau_pipeline' retrieved from /opt/airflow/dags/flex_eau_pipeline.py
[2026-07-26T12:11:50.509+0000] {logging_mixin.py:190} INFO - [2026-07-26T12:11:50.509+0000] {dag.py:3211} INFO - Sync 1 DAGs
[2026-07-26T12:11:50.544+0000] {logging_mixin.py:190} INFO - [2026-07-26T12:11:50.543+0000] {dag.py:4138} INFO - Setting next_dagrun for flex_eau_pipeline to 2026-07-26 00:00:00+00:00, run_after=2026-07-27 00:00:00+00:00
[2026-07-26T12:11:50.602+0000] {processor.py:208} INFO - Processing /opt/airflow/dags/flex_eau_pipeline.py took 0.190 seconds
[2026-07-26T12:12:20.988+0000] {processor.py:186} INFO - Started process (PID=11877) to work on /opt/airflow/dags/flex_eau_pipeline.py
[2026-07-26T12:12:20.991+0000] {processor.py:914} INFO - Processing file /opt/airflow/dags/flex_eau_pipeline.py for tasks to queue
[2026-07-26T12:12:20.998+0000] {logging_mixin.py:190} INFO - [2026-07-26T12:12:20.997+0000] {dagbag.py:587} INFO - Filling up the DagBag from /opt/airflow/dags/flex_eau_pipeline.py
[2026-07-26T12:12:21.062+0000] {processor.py:925} INFO - DAG(s) 'flex_eau_pipeline' retrieved from /opt/airflow/dags/flex_eau_pipeline.py
[2026-07-26T12:12:21.125+0000] {logging_mixin.py:190} INFO - [2026-07-26T12:12:21.124+0000] {dag.py:3211} INFO - Sync 1 DAGs
[2026-07-26T12:12:21.172+0000] {logging_mixin.py:190} INFO - [2026-07-26T12:12:21.171+0000] {dag.py:4138} INFO - Setting next_dagrun for flex_eau_pipeline to 2026-07-26 00:00:00+00:00, run_after=2026-07-27 00:00:00+00:00
[2026-07-26T12:12:21.209+0000] {processor.py:208} INFO - Processing /opt/airflow/dags/flex_eau_pipeline.py took 0.261 seconds
[2026-07-26T12:12:51.745+0000] {processor.py:186} INFO - Started process (PID=11882) to work on /opt/airflow/dags/flex_eau_pipeline.py
[2026-07-26T12:12:51.748+0000] {processor.py:914} INFO - Processing file /opt/airflow/dags/flex_eau_pipeline.py for tasks to queue
[2026-07-26T12:12:51.755+0000] {logging_mixin.py:190} INFO - [2026-07-26T12:12:51.755+0000] {dagbag.py:587} INFO - Filling up the DagBag from /opt/airflow/dags/flex_eau_pipeline.py
[2026-07-26T12:12:51.826+0000] {processor.py:925} INFO - DAG(s) 'flex_eau_pipeline' retrieved from /opt/airflow/dags/flex_eau_pipeline.py
[2026-07-26T12:12:51.876+0000] {logging_mixin.py:190} INFO - [2026-07-26T12:12:51.875+0000] {dag.py:3211} INFO - Sync 1 DAGs
[2026-07-26T12:12:51.908+0000] {logging_mixin.py:190} INFO - [2026-07-26T12:12:51.908+0000] {dag.py:4138} INFO - Setting next_dagrun for flex_eau_pipeline to 2026-07-26 00:00:00+00:00, run_after=2026-07-27 00:00:00+00:00
[2026-07-26T12:12:51.954+0000] {processor.py:208} INFO - Processing /opt/airflow/dags/flex_eau_pipeline.py took 0.244 seconds
[2026-07-26T12:13:22.322+0000] {processor.py:186} INFO - Started process (PID=11887) to work on /opt/airflow/dags/flex_eau_pipeline.py
[2026-07-26T12:13:22.326+0000] {processor.py:914} INFO - Processing file /opt/airflow/dags/flex_eau_pipeline.py for tasks to queue
[2026-07-26T12:13:22.332+0000] {logging_mixin.py:190} INFO - [2026-07-26T12:13:22.331+0000] {dagbag.py:587} INFO - Filling up the DagBag from /opt/airflow/dags/flex_eau_pipeline.py
[2026-07-26T12:13:22.419+0000] {processor.py:925} INFO - DAG(s) 'flex_eau_pipeline' retrieved from /opt/airflow/dags/flex_eau_pipeline.py
[2026-07-26T12:13:22.539+0000] {logging_mixin.py:190} INFO - [2026-07-26T12:13:22.538+0000] {dag.py:3211} INFO - Sync 1 DAGs
[2026-07-26T12:13:22.589+0000] {logging_mixin.py:190} INFO - [2026-07-26T12:13:22.589+0000] {dag.py:4138} INFO - Setting next_dagrun for flex_eau_pipeline to 2026-07-26 00:00:00+00:00, run_after=2026-07-27 00:00:00+00:00
[2026-07-26T12:13:22.623+0000] {processor.py:208} INFO - Processing /opt/airflow/dags/flex_eau_pipeline.py took 0.324 seconds
[2026-07-26T12:13:53.061+0000] {processor.py:186} INFO - Started process (PID=11892) to work on /opt/airflow/dags/flex_eau_pipeline.py
[2026-07-26T12:13:53.065+0000] {processor.py:914} INFO - Processing file /opt/airflow/dags/flex_eau_pipeline.py for tasks to queue
[2026-07-26T12:13:53.072+0000] {logging_mixin.py:190} INFO - [2026-07-26T12:13:53.070+0000] {dagbag.py:587} INFO - Filling up the DagBag from /opt/airflow/dags/flex_eau_pipeline.py
[2026-07-26T12:13:53.127+0000] {processor.py:925} INFO - DAG(s) 'flex_eau_pipeline' retrieved from /opt/airflow/dags/flex_eau_pipeline.py
[2026-07-26T12:13:53.179+0000] {logging_mixin.py:190} INFO - [2026-07-26T12:13:53.179+0000] {dag.py:3211} INFO - Sync 1 DAGs
[2026-07-26T12:13:53.212+0000] {logging_mixin.py:190} INFO - [2026-07-26T12:13:53.211+0000] {dag.py:4138} INFO - Setting next_dagrun for flex_eau_pipeline to 2026-07-26 00:00:00+00:00, run_after=2026-07-27 00:00:00+00:00
[2026-07-26T12:13:52.942+0000] {processor.py:208} INFO - Processing /opt/airflow/dags/flex_eau_pipeline.py took 0.202 seconds
[2026-07-26T12:14:23.153+0000] {processor.py:186} INFO - Started process (PID=11897) to work on /opt/airflow/dags/flex_eau_pipeline.py
[2026-07-26T12:14:23.155+0000] {processor.py:914} INFO - Processing file /opt/airflow/dags/flex_eau_pipeline.py for tasks to queue
[2026-07-26T12:14:23.158+0000] {logging_mixin.py:190} INFO - [2026-07-26T12:14:23.158+0000] {dagbag.py:587} INFO - Filling up the DagBag from /opt/airflow/dags/flex_eau_pipeline.py
[2026-07-26T12:14:23.193+0000] {processor.py:925} INFO - DAG(s) 'flex_eau_pipeline' retrieved from /opt/airflow/dags/flex_eau_pipeline.py
[2026-07-26T12:14:23.241+0000] {logging_mixin.py:190} INFO - [2026-07-26T12:14:23.241+0000] {dag.py:3211} INFO - Sync 1 DAGs
[2026-07-26T12:14:23.273+0000] {logging_mixin.py:190} INFO - [2026-07-26T12:14:23.272+0000] {dag.py:4138} INFO - Setting next_dagrun for flex_eau_pipeline to 2026-07-26 00:00:00+00:00, run_after=2026-07-27 00:00:00+00:00
[2026-07-26T12:14:23.300+0000] {processor.py:208} INFO - Processing /opt/airflow/dags/flex_eau_pipeline.py took 0.167 seconds
[2026-07-26T12:14:53.599+0000] {processor.py:186} INFO - Started process (PID=11902) to work on /opt/airflow/dags/flex_eau_pipeline.py
[2026-07-26T12:14:53.601+0000] {processor.py:914} INFO - Processing file /opt/airflow/dags/flex_eau_pipeline.py for tasks to queue
[2026-07-26T12:14:53.605+0000] {logging_mixin.py:190} INFO - [2026-07-26T12:14:53.605+0000] {dagbag.py:587} INFO - Filling up the DagBag from /opt/airflow/dags/flex_eau_pipeline.py
[2026-07-26T12:14:53.696+0000] {processor.py:925} INFO - DAG(s) 'flex_eau_pipeline' retrieved from /opt/airflow/dags/flex_eau_pipeline.py
[2026-07-26T12:14:53.785+0000] {logging_mixin.py:190} INFO - [2026-07-26T12:14:53.784+0000] {dag.py:3211} INFO - Sync 1 DAGs
[2026-07-26T12:14:53.839+0000] {logging_mixin.py:190} INFO - [2026-07-26T12:14:53.839+0000] {dag.py:4138} INFO - Setting next_dagrun for flex_eau_pipeline to 2026-07-26 00:00:00+00:00, run_after=2026-07-27 00:00:00+00:00
[2026-07-26T12:14:53.891+0000] {processor.py:208} INFO - Processing /opt/airflow/dags/flex_eau_pipeline.py took 0.330 seconds
[2026-07-26T12:15:24.022+0000] {processor.py:186} INFO - Started process (PID=11907) to work on /opt/airflow/dags/flex_eau_pipeline.py
[2026-07-26T12:15:24.024+0000] {processor.py:914} INFO - Processing file /opt/airflow/dags/flex_eau_pipeline.py for tasks to queue
[2026-07-26T12:15:24.028+0000] {logging_mixin.py:190} INFO - [2026-07-26T12:15:24.028+0000] {dagbag.py:587} INFO - Filling up the DagBag from /opt/airflow/dags/flex_eau_pipeline.py
[2026-07-26T12:15:24.098+0000] {processor.py:925} INFO - DAG(s) 'flex_eau_pipeline' retrieved from /opt/airflow/dags/flex_eau_pipeline.py
[2026-07-26T12:15:24.171+0000] {logging_mixin.py:190} INFO - [2026-07-26T12:15:24.171+0000] {dag.py:3211} INFO - Sync 1 DAGs
[2026-07-26T12:15:24.216+0000] {logging_mixin.py:190} INFO - [2026-07-26T12:15:24.216+0000] {dag.py:4138} INFO - Setting next_dagrun for flex_eau_pipeline to 2026-07-26 00:00:00+00:00, run_after=2026-07-27 00:00:00+00:00
[2026-07-26T12:15:24.264+0000] {processor.py:208} INFO - Processing /opt/airflow/dags/flex_eau_pipeline.py took 0.252 seconds
[2026-07-26T12:15:54.776+0000] {processor.py:186} INFO - Started process (PID=11912) to work on /opt/airflow/dags/flex_eau_pipeline.py
[2026-07-26T12:15:54.779+0000] {processor.py:914} INFO - Processing file /opt/airflow/dags/flex_eau_pipeline.py for tasks to queue
[2026-07-26T12:15:54.787+0000] {logging_mixin.py:190} INFO - [2026-07-26T12:15:54.786+0000] {dagbag.py:587} INFO - Filling up the DagBag from /opt/airflow/dags/flex_eau_pipeline.py
[2026-07-26T12:15:54.859+0000] {processor.py:925} INFO - DAG(s) 'flex_eau_pipeline' retrieved from /opt/airflow/dags/flex_eau_pipeline.py
[2026-07-26T12:15:54.920+0000] {logging_mixin.py:190} INFO - [2026-07-26T12:15:54.920+0000] {dag.py:3211} INFO - Sync 1 DAGs
[2026-07-26T12:15:54.982+0000] {logging_mixin.py:190} INFO - [2026-07-26T12:15:54.981+0000] {dag.py:4138} INFO - Setting next_dagrun for flex_eau_pipeline to 2026-07-26 00:00:00+00:00, run_after=2026-07-27 00:00:00+00:00
[2026-07-26T12:15:55.035+0000] {processor.py:208} INFO - Processing /opt/airflow/dags/flex_eau_pipeline.py took 0.279 seconds
[2026-07-26T12:16:25.419+0000] {processor.py:186} INFO - Started process (PID=11917) to work on /opt/airflow/dags/flex_eau_pipeline.py
[2026-07-26T12:16:25.421+0000] {processor.py:914} INFO - Processing file /opt/airflow/dags/flex_eau_pipeline.py for tasks to queue
[2026-07-26T12:16:25.424+0000] {logging_mixin.py:190} INFO - [2026-07-26T12:16:25.424+0000] {dagbag.py:587} INFO - Filling up the DagBag from /opt/airflow/dags/flex_eau_pipeline.py
[2026-07-26T12:16:25.459+0000] {processor.py:925} INFO - DAG(s) 'flex_eau_pipeline' retrieved from /opt/airflow/dags/flex_eau_pipeline.py
[2026-07-26T12:16:25.501+0000] {logging_mixin.py:190} INFO - [2026-07-26T12:16:25.501+0000] {dag.py:3211} INFO - Sync 1 DAGs
[2026-07-26T12:16:25.529+0000] {logging_mixin.py:190} INFO - [2026-07-26T12:16:25.529+0000] {dag.py:4138} INFO - Setting next_dagrun for flex_eau_pipeline to 2026-07-26 00:00:00+00:00, run_after=2026-07-27 00:00:00+00:00
[2026-07-26T12:16:25.572+0000] {processor.py:208} INFO - Processing /opt/airflow/dags/flex_eau_pipeline.py took 0.164 seconds
[2026-07-26T12:16:55.761+0000] {processor.py:186} INFO - Started process (PID=11922) to work on /opt/airflow/dags/flex_eau_pipeline.py
[2026-07-26T12:16:55.763+0000] {processor.py:914} INFO - Processing file /opt/airflow/dags/flex_eau_pipeline.py for tasks to queue
[2026-07-26T12:16:55.766+0000] {logging_mixin.py:190} INFO - [2026-07-26T12:16:55.765+0000] {dagbag.py:587} INFO - Filling up the DagBag from /opt/airflow/dags/flex_eau_pipeline.py
[2026-07-26T12:16:55.799+0000] {processor.py:925} INFO - DAG(s) 'flex_eau_pipeline' retrieved from /opt/airflow/dags/flex_eau_pipeline.py
[2026-07-26T12:16:55.876+0000] {logging_mixin.py:190} INFO - [2026-07-26T12:16:55.875+0000] {dag.py:3211} INFO - Sync 1 DAGs
[2026-07-26T12:16:55.928+0000] {logging_mixin.py:190} INFO - [2026-07-26T12:16:55.927+0000] {dag.py:4138} INFO - Setting next_dagrun for flex_eau_pipeline to 2026-07-26 00:00:00+00:00, run_after=2026-07-27 00:00:00+00:00
[2026-07-26T12:16:55.983+0000] {processor.py:208} INFO - Processing /opt/airflow/dags/flex_eau_pipeline.py took 0.231 seconds
[2026-07-26T12:17:26.489+0000] {processor.py:186} INFO - Started process (PID=11927) to work on /opt/airflow/dags/flex_eau_pipeline.py
[2026-07-26T12:17:26.491+0000] {processor.py:914} INFO - Processing file /opt/airflow/dags/flex_eau_pipeline.py for tasks to queue
[2026-07-26T12:17:26.495+0000] {logging_mixin.py:190} INFO - [2026-07-26T12:17:26.495+0000] {dagbag.py:587} INFO - Filling up the DagBag from /opt/airflow/dags/flex_eau_pipeline.py
[2026-07-26T12:17:26.529+0000] {processor.py:925} INFO - DAG(s) 'flex_eau_pipeline' retrieved from /opt/airflow/dags/flex_eau_pipeline.py
[2026-07-26T12:17:26.572+0000] {logging_mixin.py:190} INFO - [2026-07-26T12:17:26.571+0000] {dag.py:3211} INFO - Sync 1 DAGs
[2026-07-26T12:17:26.608+0000] {logging_mixin.py:190} INFO - [2026-07-26T12:17:26.607+0000] {dag.py:4138} INFO - Setting next_dagrun for flex_eau_pipeline to 2026-07-26 00:00:00+00:00, run_after=2026-07-27 00:00:00+00:00
[2026-07-26T12:17:26.655+0000] {processor.py:208} INFO - Processing /opt/airflow/dags/flex_eau_pipeline.py took 0.176 seconds
[2026-07-26T12:17:56.883+0000] {processor.py:186} INFO - Started process (PID=11932) to work on /opt/airflow/dags/flex_eau_pipeline.py
[2026-07-26T12:17:56.885+0000] {processor.py:914} INFO - Processing file /opt/airflow/dags/flex_eau_pipeline.py for tasks to queue
[2026-07-26T12:17:56.888+0000] {logging_mixin.py:190} INFO - [2026-07-26T12:17:56.887+0000] {dagbag.py:587} INFO - Filling up the DagBag from /opt/airflow/dags/flex_eau_pipeline.py
[2026-07-26T12:17:56.921+0000] {processor.py:925} INFO - DAG(s) 'flex_eau_pipeline' retrieved from /opt/airflow/dags/flex_eau_pipeline.py
[2026-07-26T12:17:56.964+0000] {logging_mixin.py:190} INFO - [2026-07-26T12:17:56.964+0000] {dag.py:3211} INFO - Sync 1 DAGs
[2026-07-26T12:17:56.997+0000] {logging_mixin.py:190} INFO - [2026-07-26T12:17:56.997+0000] {dag.py:4138} INFO - Setting next_dagrun for flex_eau_pipeline to 2026-07-26 00:00:00+00:00, run_after=2026-07-27 00:00:00+00:00
[2026-07-26T12:17:57.028+0000] {processor.py:208} INFO - Processing /opt/airflow/dags/flex_eau_pipeline.py took 0.155 seconds
[2026-07-26T12:18:27.333+0000] {processor.py:186} INFO - Started process (PID=11937) to work on /opt/airflow/dags/flex_eau_pipeline.py
[2026-07-26T12:18:27.335+0000] {processor.py:914} INFO - Processing file /opt/airflow/dags/flex_eau_pipeline.py for tasks to queue
[2026-07-26T12:18:27.339+0000] {logging_mixin.py:190} INFO - [2026-07-26T12:18:27.338+0000] {dagbag.py:587} INFO - Filling up the DagBag from /opt/airflow/dags/flex_eau_pipeline.py
[2026-07-26T12:18:27.373+0000] {processor.py:925} INFO - DAG(s) 'flex_eau_pipeline' retrieved from /opt/airflow/dags/flex_eau_pipeline.py
[2026-07-26T12:18:27.419+0000] {logging_mixin.py:190} INFO - [2026-07-26T12:18:27.419+0000] {dag.py:3211} INFO - Sync 1 DAGs
[2026-07-26T12:18:27.451+0000] {logging_mixin.py:190} INFO - [2026-07-26T12:18:27.451+0000] {dag.py:4138} INFO - Setting next_dagrun for flex_eau_pipeline to 2026-07-26 00:00:00+00:00, run_after=2026-07-27 00:00:00+00:00
[2026-07-26T12:18:27.475+0000] {processor.py:208} INFO - Processing /opt/airflow/dags/flex_eau_pipeline.py took 0.150 seconds
[2026-07-26T12:18:57.669+0000] {processor.py:186} INFO - Started process (PID=11942) to work on /opt/airflow/dags/flex_eau_pipeline.py
[2026-07-26T12:18:57.671+0000] {processor.py:914} INFO - Processing file /opt/airflow/dags/flex_eau_pipeline.py for tasks to queue
[2026-07-26T12:18:57.674+0000] {logging_mixin.py:190} INFO - [2026-07-26T12:18:57.674+0000] {dagbag.py:587} INFO - Filling up the DagBag from /opt/airflow/dags/flex_eau_pipeline.py
[2026-07-26T12:18:57.723+0000] {processor.py:925} INFO - DAG(s) 'flex_eau_pipeline' retrieved from /opt/airflow/dags/flex_eau_pipeline.py
[2026-07-26T12:18:57.772+0000] {logging_mixin.py:190} INFO - [2026-07-26T12:18:57.771+0000] {dag.py:3211} INFO - Sync 1 DAGs
[2026-07-26T12:18:57.807+0000] {logging_mixin.py:190} INFO - [2026-07-26T12:18:57.807+0000] {dag.py:4138} INFO - Setting next_dagrun for flex_eau_pipeline to 2026-07-26 00:00:00+00:00, run_after=2026-07-27 00:00:00+00:00
[2026-07-26T12:18:57.840+0000] {processor.py:208} INFO - Processing /opt/airflow/dags/flex_eau_pipeline.py took 0.181 seconds
[2026-07-26T12:19:28.227+0000] {processor.py:186} INFO - Started process (PID=11947) to work on /opt/airflow/dags/flex_eau_pipeline.py
[2026-07-26T12:19:28.229+0000] {processor.py:914} INFO - Processing file /opt/airflow/dags/flex_eau_pipeline.py for tasks to queue
[2026-07-26T12:19:28.232+0000] {logging_mixin.py:190} INFO - [2026-07-26T12:19:28.231+0000] {dagbag.py:587} INFO - Filling up the DagBag from /opt/airflow/dags/flex_eau_pipeline.py
[2026-07-26T12:19:28.264+0000] {processor.py:925} INFO - DAG(s) 'flex_eau_pipeline' retrieved from /opt/airflow/dags/flex_eau_pipeline.py
[2026-07-26T12:19:28.306+0000] {logging_mixin.py:190} INFO - [2026-07-26T12:19:28.306+0000] {dag.py:3211} INFO - Sync 1 DAGs
[2026-07-26T12:19:28.335+0000] {logging_mixin.py:190} INFO - [2026-07-26T12:19:28.335+0000] {dag.py:4138} INFO - Setting next_dagrun for flex_eau_pipeline to 2026-07-26 00:00:00+00:00, run_after=2026-07-27 00:00:00+00:00
[2026-07-26T12:19:28.372+0000] {processor.py:208} INFO - Processing /opt/airflow/dags/flex_eau_pipeline.py took 0.153 seconds
[2026-07-26T12:19:58.691+0000] {processor.py:186} INFO - Started process (PID=11952) to work on /opt/airflow/dags/flex_eau_pipeline.py
[2026-07-26T12:19:58.694+0000] {processor.py:914} INFO - Processing file /opt/airflow/dags/flex_eau_pipeline.py for tasks to queue
[2026-07-26T12:19:58.701+0000] {logging_mixin.py:190} INFO - [2026-07-26T12:19:58.700+0000] {dagbag.py:587} INFO - Filling up the DagBag from /opt/airflow/dags/flex_eau_pipeline.py
[2026-07-26T12:19:58.761+0000] {processor.py:925} INFO - DAG(s) 'flex_eau_pipeline' retrieved from /opt/airflow/dags/flex_eau_pipeline.py
[2026-07-26T12:19:58.839+0000] {logging_mixin.py:190} INFO - [2026-07-26T12:19:58.839+0000] {dag.py:3211} INFO - Sync 1 DAGs
[2026-07-26T12:19:58.876+0000] {logging_mixin.py:190} INFO - [2026-07-26T12:19:58.876+0000] {dag.py:4138} INFO - Setting next_dagrun for flex_eau_pipeline to 2026-07-26 00:00:00+00:00, run_after=2026-07-27 00:00:00+00:00
[2026-07-26T12:19:58.911+0000] {processor.py:208} INFO - Processing /opt/airflow/dags/flex_eau_pipeline.py took 0.239 seconds
[2026-07-26T12:20:29.215+0000] {processor.py:186} INFO - Started process (PID=11957) to work on /opt/airflow/dags/flex_eau_pipeline.py
[2026-07-26T12:20:29.218+0000] {processor.py:914} INFO - Processing file /opt/airflow/dags/flex_eau_pipeline.py for tasks to queue
[2026-07-26T12:20:29.223+0000] {logging_mixin.py:190} INFO - [2026-07-26T12:20:29.222+0000] {dagbag.py:587} INFO - Filling up the DagBag from /opt/airflow/dags/flex_eau_pipeline.py
[2026-07-26T12:20:29.263+0000] {processor.py:925} INFO - DAG(s) 'flex_eau_pipeline' retrieved from /opt/airflow/dags/flex_eau_pipeline.py
[2026-07-26T12:20:29.312+0000] {logging_mixin.py:190} INFO - [2026-07-26T12:20:29.312+0000] {dag.py:3211} INFO - Sync 1 DAGs
[2026-07-26T12:20:29.351+0000] {logging_mixin.py:190} INFO - [2026-07-26T12:20:29.351+0000] {dag.py:4138} INFO - Setting next_dagrun for flex_eau_pipeline to 2026-07-26 00:00:00+00:00, run_after=2026-07-27 00:00:00+00:00
[2026-07-26T12:20:29.376+0000] {processor.py:208} INFO - Processing /opt/airflow/dags/flex_eau_pipeline.py took 0.182 seconds
[2026-07-26T12:20:59.656+0000] {processor.py:186} INFO - Started process (PID=11962) to work on /opt/airflow/dags/flex_eau_pipeline.py
[2026-07-26T12:20:59.659+0000] {processor.py:914} INFO - Processing file /opt/airflow/dags/flex_eau_pipeline.py for tasks to queue
[2026-07-26T12:20:59.663+0000] {logging_mixin.py:190} INFO - [2026-07-26T12:20:59.663+0000] {dagbag.py:587} INFO - Filling up the DagBag from /opt/airflow/dags/flex_eau_pipeline.py
[2026-07-26T12:20:59.715+0000] {processor.py:925} INFO - DAG(s) 'flex_eau_pipeline' retrieved from /opt/airflow/dags/flex_eau_pipeline.py
[2026-07-26T12:20:59.793+0000] {logging_mixin.py:190} INFO - [2026-07-26T12:20:59.792+0000] {dag.py:3211} INFO - Sync 1 DAGs
[2026-07-26T12:20:59.844+0000] {logging_mixin.py:190} INFO - [2026-07-26T12:20:59.843+0000] {dag.py:4138} INFO - Setting next_dagrun for flex_eau_pipeline to 2026-07-26 00:00:00+00:00, run_after=2026-07-27 00:00:00+00:00
[2026-07-26T12:20:59.891+0000] {processor.py:208} INFO - Processing /opt/airflow/dags/flex_eau_pipeline.py took 0.250 seconds
[2026-07-26T12:21:30.134+0000] {processor.py:186} INFO - Started process (PID=11967) to work on /opt/airflow/dags/flex_eau_pipeline.py
[2026-07-26T12:21:30.136+0000] {processor.py:914} INFO - Processing file /opt/airflow/dags/flex_eau_pipeline.py for tasks to queue
[2026-07-26T12:21:30.139+0000] {logging_mixin.py:190} INFO - [2026-07-26T12:21:30.139+0000] {dagbag.py:587} INFO - Filling up the DagBag from /opt/airflow/dags/flex_eau_pipeline.py
[2026-07-26T12:21:30.175+0000] {processor.py:925} INFO - DAG(s) 'flex_eau_pipeline' retrieved from /opt/airflow/dags/flex_eau_pipeline.py
[2026-07-26T12:21:30.224+0000] {logging_mixin.py:190} INFO - [2026-07-26T12:21:30.223+0000] {dag.py:3211} INFO - Sync 1 DAGs
[2026-07-26T12:21:30.256+0000] {logging_mixin.py:190} INFO - [2026-07-26T12:21:30.256+0000] {dag.py:4138} INFO - Setting next_dagrun for flex_eau_pipeline to 2026-07-26 00:00:00+00:00, run_after=2026-07-27 00:00:00+00:00
[2026-07-26T12:21:30.284+0000] {processor.py:208} INFO - Processing /opt/airflow/dags/flex_eau_pipeline.py took 0.160 seconds
[2026-07-26T12:22:00.596+0000] {processor.py:186} INFO - Started process (PID=11972) to work on /opt/airflow/dags/flex_eau_pipeline.py
[2026-07-26T12:22:00.597+0000] {processor.py:914} INFO - Processing file /opt/airflow/dags/flex_eau_pipeline.py for tasks to queue
[2026-07-26T12:22:00.601+0000] {logging_mixin.py:190} INFO - [2026-07-26T12:22:00.600+0000] {dagbag.py:587} INFO - Filling up the DagBag from /opt/airflow/dags/flex_eau_pipeline.py
[2026-07-26T12:22:00.675+0000] {processor.py:925} INFO - DAG(s) 'flex_eau_pipeline' retrieved from /opt/airflow/dags/flex_eau_pipeline.py
[2026-07-26T12:22:00.752+0000] {logging_mixin.py:190} INFO - [2026-07-26T12:22:00.751+0000] {dag.py:3211} INFO - Sync 1 DAGs
[2026-07-26T12:22:00.789+0000] {logging_mixin.py:190} INFO - [2026-07-26T12:22:00.788+0000] {dag.py:4138} INFO - Setting next_dagrun for flex_eau_pipeline to 2026-07-26 00:00:00+00:00, run_after=2026-07-27 00:00:00+00:00
[2026-07-26T12:22:00.821+0000] {processor.py:208} INFO - Processing /opt/airflow/dags/flex_eau_pipeline.py took 0.235 seconds
[2026-07-26T12:22:31.220+0000] {processor.py:186} INFO - Started process (PID=11977) to work on /opt/airflow/dags/flex_eau_pipeline.py
[2026-07-26T12:22:31.229+0000] {processor.py:914} INFO - Processing file /opt/airflow/dags/flex_eau_pipeline.py for tasks to queue
[2026-07-26T12:22:31.246+0000] {logging_mixin.py:190} INFO - [2026-07-26T12:22:31.246+0000] {dagbag.py:587} INFO - Filling up the DagBag from /opt/airflow/dags/flex_eau_pipeline.py
[2026-07-26T12:22:31.299+0000] {processor.py:925} INFO - DAG(s) 'flex_eau_pipeline' retrieved from /opt/airflow/dags/flex_eau_pipeline.py
[2026-07-26T12:22:31.365+0000] {logging_mixin.py:190} INFO - [2026-07-26T12:22:31.364+0000] {dag.py:3211} INFO - Sync 1 DAGs
[2026-07-26T12:22:31.414+0000] {logging_mixin.py:190} INFO - [2026-07-26T12:22:31.414+0000] {dag.py:4138} INFO - Setting next_dagrun for flex_eau_pipeline to 2026-07-26 00:00:00+00:00, run_after=2026-07-27 00:00:00+00:00
[2026-07-26T12:22:31.461+0000] {processor.py:208} INFO - Processing /opt/airflow/dags/flex_eau_pipeline.py took 0.301 seconds
[2026-07-26T12:23:01.779+0000] {processor.py:186} INFO - Started process (PID=11982) to work on /opt/airflow/dags/flex_eau_pipeline.py
[2026-07-26T12:23:01.783+0000] {processor.py:914} INFO - Processing file /opt/airflow/dags/flex_eau_pipeline.py for tasks to queue
[2026-07-26T12:23:01.793+0000] {logging_mixin.py:190} INFO - [2026-07-26T12:23:01.792+0000] {dagbag.py:587} INFO - Filling up the DagBag from /opt/airflow/dags/flex_eau_pipeline.py
[2026-07-26T12:23:01.878+0000] {processor.py:925} INFO - DAG(s) 'flex_eau_pipeline' retrieved from /opt/airflow/dags/flex_eau_pipeline.py
[2026-07-26T12:23:01.941+0000] {logging_mixin.py:190} INFO - [2026-07-26T12:23:01.941+0000] {dag.py:3211} INFO - Sync 1 DAGs
[2026-07-26T12:23:01.993+0000] {logging_mixin.py:190} INFO - [2026-07-26T12:23:01.993+0000] {dag.py:4138} INFO - Setting next_dagrun for flex_eau_pipeline to 2026-07-26 00:00:00+00:00, run_after=2026-07-27 00:00:00+00:00
[2026-07-26T12:23:02.042+0000] {processor.py:208} INFO - Processing /opt/airflow/dags/flex_eau_pipeline.py took 0.302 seconds
[2026-07-26T12:23:32.321+0000] {processor.py:186} INFO - Started process (PID=11987) to work on /opt/airflow/dags/flex_eau_pipeline.py
[2026-07-26T12:23:32.324+0000] {processor.py:914} INFO - Processing file /opt/airflow/dags/flex_eau_pipeline.py for tasks to queue
[2026-07-26T12:23:32.329+0000] {logging_mixin.py:190} INFO - [2026-07-26T12:23:32.329+0000] {dagbag.py:587} INFO - Filling up the DagBag from /opt/airflow/dags/flex_eau_pipeline.py
[2026-07-26T12:23:32.425+0000] {processor.py:925} INFO - DAG(s) 'flex_eau_pipeline' retrieved from /opt/airflow/dags/flex_eau_pipeline.py
[2026-07-26T12:23:32.481+0000] {logging_mixin.py:190} INFO - [2026-07-26T12:23:32.481+0000] {dag.py:3211} INFO - Sync 1 DAGs
[2026-07-26T12:23:32.517+0000] {logging_mixin.py:190} INFO - [2026-07-26T12:23:32.517+0000] {dag.py:4138} INFO - Setting next_dagrun for flex_eau_pipeline to 2026-07-26 00:00:00+00:00, run_after=2026-07-27 00:00:00+00:00
[2026-07-26T12:23:32.547+0000] {processor.py:208} INFO - Processing /opt/airflow/dags/flex_eau_pipeline.py took 0.243 seconds
[2026-07-26T12:24:02.989+0000] {processor.py:186} INFO - Started process (PID=11992) to work on /opt/airflow/dags/flex_eau_pipeline.py
[2026-07-26T12:24:02.998+0000] {processor.py:914} INFO - Processing file /opt/airflow/dags/flex_eau_pipeline.py for tasks to queue
[2026-07-26T12:24:03.017+0000] {logging_mixin.py:190} INFO - [2026-07-26T12:24:03.016+0000] {dagbag.py:587} INFO - Filling up the DagBag from /opt/airflow/dags/flex_eau_pipeline.py
[2026-07-26T12:24:03.077+0000] {processor.py:925} INFO - DAG(s) 'flex_eau_pipeline' retrieved from /opt/airflow/dags/flex_eau_pipeline.py
[2026-07-26T12:24:03.137+0000] {logging_mixin.py:190} INFO - [2026-07-26T12:24:03.137+0000] {dag.py:3211} INFO - Sync 1 DAGs
[2026-07-26T12:24:03.239+0000] {logging_mixin.py:190} INFO - [2026-07-26T12:24:03.238+0000] {dag.py:4138} INFO - Setting next_dagrun for flex_eau_pipeline to 2026-07-26 00:00:00+00:00, run_after=2026-07-27 00:00:00+00:00
[2026-07-26T12:24:03.303+0000] {processor.py:208} INFO - Processing /opt/airflow/dags/flex_eau_pipeline.py took 0.348 seconds
[2026-07-26T12:24:33.509+0000] {processor.py:186} INFO - Started process (PID=11997) to work on /opt/airflow/dags/flex_eau_pipeline.py
[2026-07-26T12:24:33.511+0000] {processor.py:914} INFO - Processing file /opt/airflow/dags/flex_eau_pipeline.py for tasks to queue
[2026-07-26T12:24:33.516+0000] {logging_mixin.py:190} INFO - [2026-07-26T12:24:33.516+0000] {dagbag.py:587} INFO - Filling up the DagBag from /opt/airflow/dags/flex_eau_pipeline.py
[2026-07-26T12:24:33.555+0000] {processor.py:925} INFO - DAG(s) 'flex_eau_pipeline' retrieved from /opt/airflow/dags/flex_eau_pipeline.py
[2026-07-26T12:24:33.600+0000] {logging_mixin.py:190} INFO - [2026-07-26T12:24:33.599+0000] {dag.py:3211} INFO - Sync 1 DAGs
[2026-07-26T12:24:33.677+0000] {logging_mixin.py:190} INFO - [2026-07-26T12:24:33.677+0000] {dag.py:4138} INFO - Setting next_dagrun for flex_eau_pipeline to 2026-07-26 00:00:00+00:00, run_after=2026-07-27 00:00:00+00:00
[2026-07-26T12:24:33.704+0000] {processor.py:208} INFO - Processing /opt/airflow/dags/flex_eau_pipeline.py took 0.209 seconds
[2026-07-26T12:25:04.062+0000] {processor.py:186} INFO - Started process (PID=12002) to work on /opt/airflow/dags/flex_eau_pipeline.py
[2026-07-26T12:25:04.065+0000] {processor.py:914} INFO - Processing file /opt/airflow/dags/flex_eau_pipeline.py for tasks to queue
[2026-07-26T12:25:04.071+0000] {logging_mixin.py:190} INFO - [2026-07-26T12:25:04.070+0000] {dagbag.py:587} INFO - Filling up the DagBag from /opt/airflow/dags/flex_eau_pipeline.py
[2026-07-26T12:25:04.138+0000] {processor.py:925} INFO - DAG(s) 'flex_eau_pipeline' retrieved from /opt/airflow/dags/flex_eau_pipeline.py
[2026-07-26T12:25:04.184+0000] {logging_mixin.py:190} INFO - [2026-07-26T12:25:04.183+0000] {dag.py:3211} INFO - Sync 1 DAGs
[2026-07-26T12:25:04.215+0000] {logging_mixin.py:190} INFO - [2026-07-26T12:25:04.215+0000] {dag.py:4138} INFO - Setting next_dagrun for flex_eau_pipeline to 2026-07-26 00:00:00+00:00, run_after=2026-07-27 00:00:00+00:00
[2026-07-26T12:25:04.241+0000] {processor.py:208} INFO - Processing /opt/airflow/dags/flex_eau_pipeline.py took 0.187 seconds
[2026-07-26T12:25:34.334+0000] {processor.py:186} INFO - Started process (PID=12007) to work on /opt/airflow/dags/flex_eau_pipeline.py
[2026-07-26T12:25:34.336+0000] {processor.py:914} INFO - Processing file /opt/airflow/dags/flex_eau_pipeline.py for tasks to queue
[2026-07-26T12:25:34.340+0000] {logging_mixin.py:190} INFO - [2026-07-26T12:25:34.339+0000] {dagbag.py:587} INFO - Filling up the DagBag from /opt/airflow/dags/flex_eau_pipeline.py
[2026-07-26T12:25:34.389+0000] {processor.py:925} INFO - DAG(s) 'flex_eau_pipeline' retrieved from /opt/airflow/dags/flex_eau_pipeline.py
[2026-07-26T12:25:34.482+0000] {logging_mixin.py:190} INFO - [2026-07-26T12:25:34.481+0000] {dag.py:3211} INFO - Sync 1 DAGs
[2026-07-26T12:25:34.555+0000] {logging_mixin.py:190} INFO - [2026-07-26T12:25:34.554+0000] {dag.py:4138} INFO - Setting next_dagrun for flex_eau_pipeline to 2026-07-26 00:00:00+00:00, run_after=2026-07-27 00:00:00+00:00
[2026-07-26T12:25:34.610+0000] {processor.py:208} INFO - Processing /opt/airflow/dags/flex_eau_pipeline.py took 0.287 seconds
[2026-07-26T12:26:05.048+0000] {processor.py:186} INFO - Started process (PID=12012) to work on /opt/airflow/dags/flex_eau_pipeline.py
[2026-07-26T12:26:05.050+0000] {processor.py:914} INFO - Processing file /opt/airflow/dags/flex_eau_pipeline.py for tasks to queue
[2026-07-26T12:26:05.054+0000] {logging_mixin.py:190} INFO - [2026-07-26T12:26:05.054+0000] {dagbag.py:587} INFO - Filling up the DagBag from /opt/airflow/dags/flex_eau_pipeline.py
[2026-07-26T12:26:05.113+0000] {processor.py:925} INFO - DAG(s) 'flex_eau_pipeline' retrieved from /opt/airflow/dags/flex_eau_pipeline.py
[2026-07-26T12:26:05.167+0000] {logging_mixin.py:190} INFO - [2026-07-26T12:26:05.167+0000] {dag.py:3211} INFO - Sync 1 DAGs
[2026-07-26T12:26:05.197+0000] {logging_mixin.py:190} INFO - [2026-07-26T12:26:05.197+0000] {dag.py:4138} INFO - Setting next_dagrun for flex_eau_pipeline to 2026-07-26 00:00:00+00:00, run_after=2026-07-27 00:00:00+00:00
[2026-07-26T12:26:05.236+0000] {processor.py:208} INFO - Processing /opt/airflow/dags/flex_eau_pipeline.py took 0.201 seconds
[2026-07-26T12:26:35.387+0000] {processor.py:186} INFO - Started process (PID=12017) to work on /opt/airflow/dags/flex_eau_pipeline.py
[2026-07-26T12:26:35.390+0000] {processor.py:914} INFO - Processing file /opt/airflow/dags/flex_eau_pipeline.py for tasks to queue
[2026-07-26T12:26:35.395+0000] {logging_mixin.py:190} INFO - [2026-07-26T12:26:35.394+0000] {dagbag.py:587} INFO - Filling up the DagBag from /opt/airflow/dags/flex_eau_pipeline.py
[2026-07-26T12:26:35.445+0000] {processor.py:925} INFO - DAG(s) 'flex_eau_pipeline' retrieved from /opt/airflow/dags/flex_eau_pipeline.py
[2026-07-26T12:26:35.501+0000] {logging_mixin.py:190} INFO - [2026-07-26T12:26:35.500+0000] {dag.py:3211} INFO - Sync 1 DAGs
[2026-07-26T12:26:35.547+0000] {logging_mixin.py:190} INFO - [2026-07-26T12:26:35.547+0000] {dag.py:4138} INFO - Setting next_dagrun for flex_eau_pipeline to 2026-07-26 00:00:00+00:00, run_after=2026-07-27 00:00:00+00:00
[2026-07-26T12:26:35.595+0000] {processor.py:208} INFO - Processing /opt/airflow/dags/flex_eau_pipeline.py took 0.223 seconds
[2026-07-26T12:27:06.228+0000] {processor.py:186} INFO - Started process (PID=12022) to work on /opt/airflow/dags/flex_eau_pipeline.py
[2026-07-26T12:27:06.231+0000] {processor.py:914} INFO - Processing file /opt/airflow/dags/flex_eau_pipeline.py for tasks to queue
[2026-07-26T12:27:06.236+0000] {logging_mixin.py:190} INFO - [2026-07-26T12:27:06.235+0000] {dagbag.py:587} INFO - Filling up the DagBag from /opt/airflow/dags/flex_eau_pipeline.py
[2026-07-26T12:27:06.297+0000] {processor.py:925} INFO - DAG(s) 'flex_eau_pipeline' retrieved from /opt/airflow/dags/flex_eau_pipeline.py
[2026-07-26T12:27:06.366+0000] {logging_mixin.py:190} INFO - [2026-07-26T12:27:06.366+0000] {dag.py:3211} INFO - Sync 1 DAGs
[2026-07-26T12:27:06.401+0000] {logging_mixin.py:190} INFO - [2026-07-26T12:27:06.400+0000] {dag.py:4138} INFO - Setting next_dagrun for flex_eau_pipeline to 2026-07-26 00:00:00+00:00, run_after=2026-07-27 00:00:00+00:00
[2026-07-26T12:27:06.455+0000] {processor.py:208} INFO - Processing /opt/airflow/dags/flex_eau_pipeline.py took 0.235 seconds
[2026-07-26T12:27:36.693+0000] {processor.py:186} INFO - Started process (PID=12027) to work on /opt/airflow/dags/flex_eau_pipeline.py
[2026-07-26T12:27:36.695+0000] {processor.py:914} INFO - Processing file /opt/airflow/dags/flex_eau_pipeline.py for tasks to queue
[2026-07-26T12:27:36.698+0000] {logging_mixin.py:190} INFO - [2026-07-26T12:27:36.698+0000] {dagbag.py:587} INFO - Filling up the DagBag from /opt/airflow/dags/flex_eau_pipeline.py
[2026-07-26T12:27:36.735+0000] {processor.py:925} INFO - DAG(s) 'flex_eau_pipeline' retrieved from /opt/airflow/dags/flex_eau_pipeline.py
[2026-07-26T12:27:36.783+0000] {logging_mixin.py:190} INFO - [2026-07-26T12:27:36.783+0000] {dag.py:3211} INFO - Sync 1 DAGs
[2026-07-26T12:27:36.820+0000] {logging_mixin.py:190} INFO - [2026-07-26T12:27:36.820+0000] {dag.py:4138} INFO - Setting next_dagrun for flex_eau_pipeline to 2026-07-26 00:00:00+00:00, run_after=2026-07-27 00:00:00+00:00
[2026-07-26T12:27:36.847+0000] {processor.py:208} INFO - Processing /opt/airflow/dags/flex_eau_pipeline.py took 0.164 seconds
[2026-07-26T12:28:07.351+0000] {processor.py:186} INFO - Started process (PID=12032) to work on /opt/airflow/dags/flex_eau_pipeline.py
[2026-07-26T12:28:07.353+0000] {processor.py:914} INFO - Processing file /opt/airflow/dags/flex_eau_pipeline.py for tasks to queue
[2026-07-26T12:28:07.357+0000] {logging_mixin.py:190} INFO - [2026-07-26T12:28:07.356+0000] {dagbag.py:587} INFO - Filling up the DagBag from /opt/airflow/dags/flex_eau_pipeline.py
[2026-07-26T12:28:07.419+0000] {processor.py:925} INFO - DAG(s) 'flex_eau_pipeline' retrieved from /opt/airflow/dags/flex_eau_pipeline.py
[2026-07-26T12:28:07.476+0000] {logging_mixin.py:190} INFO - [2026-07-26T12:28:07.476+0000] {dag.py:3211} INFO - Sync 1 DAGs
[2026-07-26T12:28:07.542+0000] {logging_mixin.py:190} INFO - [2026-07-26T12:28:07.541+0000] {dag.py:4138} INFO - Setting next_dagrun for flex_eau_pipeline to 2026-07-26 00:00:00+00:00, run_after=2026-07-27 00:00:00+00:00
[2026-07-26T12:28:07.596+0000] {processor.py:208} INFO - Processing /opt/airflow/dags/flex_eau_pipeline.py took 0.252 seconds
[2026-07-26T12:28:37.956+0000] {processor.py:186} INFO - Started process (PID=12037) to work on /opt/airflow/dags/flex_eau_pipeline.py
[2026-07-26T12:28:37.958+0000] {processor.py:914} INFO - Processing file /opt/airflow/dags/flex_eau_pipeline.py for tasks to queue
[2026-07-26T12:28:37.961+0000] {logging_mixin.py:190} INFO - [2026-07-26T12:28:37.961+0000] {dagbag.py:587} INFO - Filling up the DagBag from /opt/airflow/dags/flex_eau_pipeline.py
[2026-07-26T12:28:38.000+0000] {processor.py:925} INFO - DAG(s) 'flex_eau_pipeline' retrieved from /opt/airflow/dags/flex_eau_pipeline.py
[2026-07-26T12:28:38.063+0000] {logging_mixin.py:190} INFO - [2026-07-26T12:28:38.062+0000] {dag.py:3211} INFO - Sync 1 DAGs
[2026-07-26T12:28:38.099+0000] {logging_mixin.py:190} INFO - [2026-07-26T12:28:38.098+0000] {dag.py:4138} INFO - Setting next_dagrun for flex_eau_pipeline to 2026-07-26 00:00:00+00:00, run_after=2026-07-27 00:00:00+00:00
[2026-07-26T12:28:38.144+0000] {processor.py:208} INFO - Processing /opt/airflow/dags/flex_eau_pipeline.py took 0.198 seconds
[2026-07-26T12:29:08.427+0000] {processor.py:186} INFO - Started process (PID=12042) to work on /opt/airflow/dags/flex_eau_pipeline.py
[2026-07-26T12:29:08.428+0000] {processor.py:914} INFO - Processing file /opt/airflow/dags/flex_eau_pipeline.py for tasks to queue
[2026-07-26T12:29:08.432+0000] {logging_mixin.py:190} INFO - [2026-07-26T12:29:08.431+0000] {dagbag.py:587} INFO - Filling up the DagBag from /opt/airflow/dags/flex_eau_pipeline.py
[2026-07-26T12:29:08.468+0000] {processor.py:925} INFO - DAG(s) 'flex_eau_pipeline' retrieved from /opt/airflow/dags/flex_eau_pipeline.py
[2026-07-26T12:29:08.513+0000] {logging_mixin.py:190} INFO - [2026-07-26T12:29:08.512+0000] {dag.py:3211} INFO - Sync 1 DAGs
[2026-07-26T12:29:08.552+0000] {logging_mixin.py:190} INFO - [2026-07-26T12:29:08.551+0000] {dag.py:4138} INFO - Setting next_dagrun for flex_eau_pipeline to 2026-07-26 00:00:00+00:00, run_after=2026-07-27 00:00:00+00:00
[2026-07-26T12:29:08.590+0000] {processor.py:208} INFO - Processing /opt/airflow/dags/flex_eau_pipeline.py took 0.172 seconds
[2026-07-26T12:29:38.746+0000] {processor.py:186} INFO - Started process (PID=12047) to work on /opt/airflow/dags/flex_eau_pipeline.py
[2026-07-26T12:29:38.748+0000] {processor.py:914} INFO - Processing file /opt/airflow/dags/flex_eau_pipeline.py for tasks to queue
[2026-07-26T12:29:38.752+0000] {logging_mixin.py:190} INFO - [2026-07-26T12:29:38.751+0000] {dagbag.py:587} INFO - Filling up the DagBag from /opt/airflow/dags/flex_eau_pipeline.py
[2026-07-26T12:29:38.794+0000] {processor.py:925} INFO - DAG(s) 'flex_eau_pipeline' retrieved from /opt/airflow/dags/flex_eau_pipeline.py
[2026-07-26T12:29:38.833+0000] {logging_mixin.py:190} INFO - [2026-07-26T12:29:38.832+0000] {dag.py:3211} INFO - Sync 1 DAGs
[2026-07-26T12:29:38.860+0000] {logging_mixin.py:190} INFO - [2026-07-26T12:29:38.859+0000] {dag.py:4138} INFO - Setting next_dagrun for flex_eau_pipeline to 2026-07-26 00:00:00+00:00, run_after=2026-07-27 00:00:00+00:00
[2026-07-26T12:29:38.884+0000] {processor.py:208} INFO - Processing /opt/airflow/dags/flex_eau_pipeline.py took 0.148 seconds
[2026-07-26T12:30:09.079+0000] {processor.py:186} INFO - Started process (PID=12052) to work on /opt/airflow/dags/flex_eau_pipeline.py
[2026-07-26T12:30:09.081+0000] {processor.py:914} INFO - Processing file /opt/airflow/dags/flex_eau_pipeline.py for tasks to queue
[2026-07-26T12:30:09.086+0000] {logging_mixin.py:190} INFO - [2026-07-26T12:30:09.085+0000] {dagbag.py:587} INFO - Filling up the DagBag from /opt/airflow/dags/flex_eau_pipeline.py
[2026-07-26T12:30:09.120+0000] {processor.py:925} INFO - DAG(s) 'flex_eau_pipeline' retrieved from /opt/airflow/dags/flex_eau_pipeline.py
[2026-07-26T12:30:09.166+0000] {logging_mixin.py:190} INFO - [2026-07-26T12:30:09.166+0000] {dag.py:3211} INFO - Sync 1 DAGs
[2026-07-26T12:30:09.199+0000] {logging_mixin.py:190} INFO - [2026-07-26T12:30:09.199+0000] {dag.py:4138} INFO - Setting next_dagrun for flex_eau_pipeline to 2026-07-26 00:00:00+00:00, run_after=2026-07-27 00:00:00+00:00
[2026-07-26T12:30:09.226+0000] {processor.py:208} INFO - Processing /opt/airflow/dags/flex_eau_pipeline.py took 0.156 seconds
[2026-07-26T12:30:39.466+0000] {processor.py:186} INFO - Started process (PID=12057) to work on /opt/airflow/dags/flex_eau_pipeline.py
[2026-07-26T12:30:39.468+0000] {processor.py:914} INFO - Processing file /opt/airflow/dags/flex_eau_pipeline.py for tasks to queue
[2026-07-26T12:30:39.472+0000] {logging_mixin.py:190} INFO - [2026-07-26T12:30:39.471+0000] {dagbag.py:587} INFO - Filling up the DagBag from /opt/airflow/dags/flex_eau_pipeline.py
[2026-07-26T12:30:39.506+0000] {processor.py:925} INFO - DAG(s) 'flex_eau_pipeline' retrieved from /opt/airflow/dags/flex_eau_pipeline.py
[2026-07-26T12:30:39.550+0000] {logging_mixin.py:190} INFO - [2026-07-26T12:30:39.550+0000] {dag.py:3211} INFO - Sync 1 DAGs
[2026-07-26T12:30:39.581+0000] {logging_mixin.py:190} INFO - [2026-07-26T12:30:39.580+0000] {dag.py:4138} INFO - Setting next_dagrun for flex_eau_pipeline to 2026-07-26 00:00:00+00:00, run_after=2026-07-27 00:00:00+00:00
[2026-07-26T12:30:39.610+0000] {processor.py:208} INFO - Processing /opt/airflow/dags/flex_eau_pipeline.py took 0.156 seconds
[2026-07-26T12:31:10.169+0000] {processor.py:186} INFO - Started process (PID=12062) to work on /opt/airflow/dags/flex_eau_pipeline.py
[2026-07-26T12:31:10.175+0000] {processor.py:914} INFO - Processing file /opt/airflow/dags/flex_eau_pipeline.py for tasks to queue
[2026-07-26T12:31:10.188+0000] {logging_mixin.py:190} INFO - [2026-07-26T12:31:10.186+0000] {dagbag.py:587} INFO - Filling up the DagBag from /opt/airflow/dags/flex_eau_pipeline.py
[2026-07-26T12:31:10.328+0000] {processor.py:925} INFO - DAG(s) 'flex_eau_pipeline' retrieved from /opt/airflow/dags/flex_eau_pipeline.py
[2026-07-26T12:31:10.432+0000] {logging_mixin.py:190} INFO - [2026-07-26T12:31:10.432+0000] {dag.py:3211} INFO - Sync 1 DAGs
[2026-07-26T12:31:10.522+0000] {logging_mixin.py:190} INFO - [2026-07-26T12:31:10.522+0000] {dag.py:4138} INFO - Setting next_dagrun for flex_eau_pipeline to 2026-07-26 00:00:00+00:00, run_after=2026-07-27 00:00:00+00:00
[2026-07-26T12:31:10.600+0000] {processor.py:208} INFO - Processing /opt/airflow/dags/flex_eau_pipeline.py took 0.476 seconds
[2026-07-26T12:31:41.187+0000] {processor.py:186} INFO - Started process (PID=12067) to work on /opt/airflow/dags/flex_eau_pipeline.py
[2026-07-26T12:31:41.189+0000] {processor.py:914} INFO - Processing file /opt/airflow/dags/flex_eau_pipeline.py for tasks to queue
[2026-07-26T12:31:41.193+0000] {logging_mixin.py:190} INFO - [2026-07-26T12:31:41.192+0000] {dagbag.py:587} INFO - Filling up the DagBag from /opt/airflow/dags/flex_eau_pipeline.py
[2026-07-26T12:31:41.231+0000] {processor.py:925} INFO - DAG(s) 'flex_eau_pipeline' retrieved from /opt/airflow/dags/flex_eau_pipeline.py
[2026-07-26T12:31:41.277+0000] {logging_mixin.py:190} INFO - [2026-07-26T12:31:41.277+0000] {dag.py:3211} INFO - Sync 1 DAGs
[2026-07-26T12:31:41.315+0000] {logging_mixin.py:190} INFO - [2026-07-26T12:31:41.315+0000] {dag.py:4138} INFO - Setting next_dagrun for flex_eau_pipeline to 2026-07-26 00:00:00+00:00, run_after=2026-07-27 00:00:00+00:00
[2026-07-26T12:31:41.354+0000] {processor.py:208} INFO - Processing /opt/airflow/dags/flex_eau_pipeline.py took 0.178 seconds
[2026-07-26T12:32:11.670+0000] {processor.py:186} INFO - Started process (PID=12072) to work on /opt/airflow/dags/flex_eau_pipeline.py
[2026-07-26T12:32:11.671+0000] {processor.py:914} INFO - Processing file /opt/airflow/dags/flex_eau_pipeline.py for tasks to queue
[2026-07-26T12:32:11.674+0000] {logging_mixin.py:190} INFO - [2026-07-26T12:32:11.674+0000] {dagbag.py:587} INFO - Filling up the DagBag from /opt/airflow/dags/flex_eau_pipeline.py
[2026-07-26T12:32:11.722+0000] {processor.py:925} INFO - DAG(s) 'flex_eau_pipeline' retrieved from /opt/airflow/dags/flex_eau_pipeline.py
[2026-07-26T12:32:11.787+0000] {logging_mixin.py:190} INFO - [2026-07-26T12:32:11.787+0000] {dag.py:3211} INFO - Sync 1 DAGs
[2026-07-26T12:32:11.820+0000] {logging_mixin.py:190} INFO - [2026-07-26T12:32:11.819+0000] {dag.py:4138} INFO - Setting next_dagrun for flex_eau_pipeline to 2026-07-26 00:00:00+00:00, run_after=2026-07-27 00:00:00+00:00
[2026-07-26T12:32:11.846+0000] {processor.py:208} INFO - Processing /opt/airflow/dags/flex_eau_pipeline.py took 0.185 seconds
[2026-07-26T12:32:42.259+0000] {processor.py:186} INFO - Started process (PID=12077) to work on /opt/airflow/dags/flex_eau_pipeline.py
[2026-07-26T12:32:42.261+0000] {processor.py:914} INFO - Processing file /opt/airflow/dags/flex_eau_pipeline.py for tasks to queue
[2026-07-26T12:32:42.265+0000] {logging_mixin.py:190} INFO - [2026-07-26T12:32:42.265+0000] {dagbag.py:587} INFO - Filling up the DagBag from /opt/airflow/dags/flex_eau_pipeline.py
[2026-07-26T12:32:42.327+0000] {processor.py:925} INFO - DAG(s) 'flex_eau_pipeline' retrieved from /opt/airflow/dags/flex_eau_pipeline.py
[2026-07-26T12:32:42.380+0000] {logging_mixin.py:190} INFO - [2026-07-26T12:32:42.380+0000] {dag.py:3211} INFO - Sync 1 DAGs
[2026-07-26T12:32:42.413+0000] {logging_mixin.py:190} INFO - [2026-07-26T12:32:42.412+0000] {dag.py:4138} INFO - Setting next_dagrun for flex_eau_pipeline to 2026-07-26 00:00:00+00:00, run_after=2026-07-27 00:00:00+00:00
[2026-07-26T12:32:42.443+0000] {processor.py:208} INFO - Processing /opt/airflow/dags/flex_eau_pipeline.py took 0.197 seconds
[2026-07-26T12:33:12.747+0000] {processor.py:186} INFO - Started process (PID=12082) to work on /opt/airflow/dags/flex_eau_pipeline.py
[2026-07-26T12:33:12.748+0000] {processor.py:914} INFO - Processing file /opt/airflow/dags/flex_eau_pipeline.py for tasks to queue
[2026-07-26T12:33:12.754+0000] {logging_mixin.py:190} INFO - [2026-07-26T12:33:12.753+0000] {dagbag.py:587} INFO - Filling up the DagBag from /opt/airflow/dags/flex_eau_pipeline.py
[2026-07-26T12:33:12.807+0000] {processor.py:925} INFO - DAG(s) 'flex_eau_pipeline' retrieved from /opt/airflow/dags/flex_eau_pipeline.py
[2026-07-26T12:33:12.904+0000] {logging_mixin.py:190} INFO - [2026-07-26T12:33:12.904+0000] {dag.py:3211} INFO - Sync 1 DAGs
[2026-07-26T12:33:12.978+0000] {logging_mixin.py:190} INFO - [2026-07-26T12:33:12.977+0000] {dag.py:4138} INFO - Setting next_dagrun for flex_eau_pipeline to 2026-07-26 00:00:00+00:00, run_after=2026-07-27 00:00:00+00:00
[2026-07-26T12:33:13.038+0000] {processor.py:208} INFO - Processing /opt/airflow/dags/flex_eau_pipeline.py took 0.299 seconds
[2026-07-26T12:33:43.190+0000] {processor.py:186} INFO - Started process (PID=12087) to work on /opt/airflow/dags/flex_eau_pipeline.py
[2026-07-26T12:33:43.192+0000] {processor.py:914} INFO - Processing file /opt/airflow/dags/flex_eau_pipeline.py for tasks to queue
[2026-07-26T12:33:43.197+0000] {logging_mixin.py:190} INFO - [2026-07-26T12:33:43.197+0000] {dagbag.py:587} INFO - Filling up the DagBag from /opt/airflow/dags/flex_eau_pipeline.py
[2026-07-26T12:33:43.250+0000] {processor.py:925} INFO - DAG(s) 'flex_eau_pipeline' retrieved from /opt/airflow/dags/flex_eau_pipeline.py
[2026-07-26T12:33:43.297+0000] {logging_mixin.py:190} INFO - [2026-07-26T12:33:43.297+0000] {dag.py:3211} INFO - Sync 1 DAGs
[2026-07-26T12:33:43.342+0000] {logging_mixin.py:190} INFO - [2026-07-26T12:33:43.341+0000] {dag.py:4138} INFO - Setting next_dagrun for flex_eau_pipeline to 2026-07-26 00:00:00+00:00, run_after=2026-07-27 00:00:00+00:00
[2026-07-26T12:33:43.368+0000] {processor.py:208} INFO - Processing /opt/airflow/dags/flex_eau_pipeline.py took 0.191 seconds
[2026-07-26T12:34:13.624+0000] {processor.py:186} INFO - Started process (PID=12092) to work on /opt/airflow/dags/flex_eau_pipeline.py
[2026-07-26T12:34:13.626+0000] {processor.py:914} INFO - Processing file /opt/airflow/dags/flex_eau_pipeline.py for tasks to queue
[2026-07-26T12:34:13.629+0000] {logging_mixin.py:190} INFO - [2026-07-26T12:34:13.629+0000] {dagbag.py:587} INFO - Filling up the DagBag from /opt/airflow/dags/flex_eau_pipeline.py
[2026-07-26T12:34:13.668+0000] {processor.py:925} INFO - DAG(s) 'flex_eau_pipeline' retrieved from /opt/airflow/dags/flex_eau_pipeline.py
[2026-07-26T12:34:13.713+0000] {logging_mixin.py:190} INFO - [2026-07-26T12:34:13.713+0000] {dag.py:3211} INFO - Sync 1 DAGs
[2026-07-26T12:34:13.764+0000] {logging_mixin.py:190} INFO - [2026-07-26T12:34:13.764+0000] {dag.py:4138} INFO - Setting next_dagrun for flex_eau_pipeline to 2026-07-26 00:00:00+00:00, run_after=2026-07-27 00:00:00+00:00
[2026-07-26T12:34:13.802+0000] {processor.py:208} INFO - Processing /opt/airflow/dags/flex_eau_pipeline.py took 0.187 seconds
[2026-07-26T12:34:44.113+0000] {processor.py:186} INFO - Started process (PID=12097) to work on /opt/airflow/dags/flex_eau_pipeline.py
[2026-07-26T12:34:44.117+0000] {processor.py:914} INFO - Processing file /opt/airflow/dags/flex_eau_pipeline.py for tasks to queue
[2026-07-26T12:34:44.123+0000] {logging_mixin.py:190} INFO - [2026-07-26T12:34:44.122+0000] {dagbag.py:587} INFO - Filling up the DagBag from /opt/airflow/dags/flex_eau_pipeline.py
[2026-07-26T12:34:44.181+0000] {processor.py:925} INFO - DAG(s) 'flex_eau_pipeline' retrieved from /opt/airflow/dags/flex_eau_pipeline.py
[2026-07-26T12:34:44.228+0000] {logging_mixin.py:190} INFO - [2026-07-26T12:34:44.228+0000] {dag.py:3211} INFO - Sync 1 DAGs
[2026-07-26T12:34:44.267+0000] {logging_mixin.py:190} INFO - [2026-07-26T12:34:44.267+0000] {dag.py:4138} INFO - Setting next_dagrun for flex_eau_pipeline to 2026-07-26 00:00:00+00:00, run_after=2026-07-27 00:00:00+00:00
[2026-07-26T12:34:44.301+0000] {processor.py:208} INFO - Processing /opt/airflow/dags/flex_eau_pipeline.py took 0.207 seconds
[2026-07-26T12:35:14.796+0000] {processor.py:186} INFO - Started process (PID=12102) to work on /opt/airflow/dags/flex_eau_pipeline.py
[2026-07-26T12:35:14.798+0000] {processor.py:914} INFO - Processing file /opt/airflow/dags/flex_eau_pipeline.py for tasks to queue
[2026-07-26T12:35:14.802+0000] {logging_mixin.py:190} INFO - [2026-07-26T12:35:14.802+0000] {dagbag.py:587} INFO - Filling up the DagBag from /opt/airflow/dags/flex_eau_pipeline.py
[2026-07-26T12:35:14.862+0000] {processor.py:925} INFO - DAG(s) 'flex_eau_pipeline' retrieved from /opt/airflow/dags/flex_eau_pipeline.py
[2026-07-26T12:35:14.762+0000] {logging_mixin.py:190} INFO - [2026-07-26T12:35:14.762+0000] {dag.py:3211} INFO - Sync 1 DAGs
[2026-07-26T12:35:14.797+0000] {logging_mixin.py:190} INFO - [2026-07-26T12:35:14.797+0000] {dag.py:4138} INFO - Setting next_dagrun for flex_eau_pipeline to 2026-07-26 00:00:00+00:00, run_after=2026-07-27 00:00:00+00:00
[2026-07-26T12:35:14.828+0000] {processor.py:208} INFO - Processing /opt/airflow/dags/flex_eau_pipeline.py took 0.219 seconds
[2026-07-26T12:35:45.056+0000] {processor.py:186} INFO - Started process (PID=12107) to work on /opt/airflow/dags/flex_eau_pipeline.py
[2026-07-26T12:35:45.059+0000] {processor.py:914} INFO - Processing file /opt/airflow/dags/flex_eau_pipeline.py for tasks to queue
[2026-07-26T12:35:45.062+0000] {logging_mixin.py:190} INFO - [2026-07-26T12:35:45.062+0000] {dagbag.py:587} INFO - Filling up the DagBag from /opt/airflow/dags/flex_eau_pipeline.py
[2026-07-26T12:35:45.121+0000] {processor.py:925} INFO - DAG(s) 'flex_eau_pipeline' retrieved from /opt/airflow/dags/flex_eau_pipeline.py
[2026-07-26T12:35:45.174+0000] {logging_mixin.py:190} INFO - [2026-07-26T12:35:45.174+0000] {dag.py:3211} INFO - Sync 1 DAGs
[2026-07-26T12:35:45.206+0000] {logging_mixin.py:190} INFO - [2026-07-26T12:35:45.206+0000] {dag.py:4138} INFO - Setting next_dagrun for flex_eau_pipeline to 2026-07-26 00:00:00+00:00, run_after=2026-07-27 00:00:00+00:00
[2026-07-26T12:35:45.233+0000] {processor.py:208} INFO - Processing /opt/airflow/dags/flex_eau_pipeline.py took 0.187 seconds
[2026-07-26T12:36:15.500+0000] {processor.py:186} INFO - Started process (PID=12112) to work on /opt/airflow/dags/flex_eau_pipeline.py
[2026-07-26T12:36:15.502+0000] {processor.py:914} INFO - Processing file /opt/airflow/dags/flex_eau_pipeline.py for tasks to queue
[2026-07-26T12:36:15.505+0000] {logging_mixin.py:190} INFO - [2026-07-26T12:36:15.505+0000] {dagbag.py:587} INFO - Filling up the DagBag from /opt/airflow/dags/flex_eau_pipeline.py
[2026-07-26T12:36:15.563+0000] {processor.py:925} INFO - DAG(s) 'flex_eau_pipeline' retrieved from /opt/airflow/dags/flex_eau_pipeline.py
[2026-07-26T12:36:15.609+0000] {logging_mixin.py:190} INFO - [2026-07-26T12:36:15.609+0000] {dag.py:3211} INFO - Sync 1 DAGs
[2026-07-26T12:36:15.646+0000] {logging_mixin.py:190} INFO - [2026-07-26T12:36:15.645+0000] {dag.py:4138} INFO - Setting next_dagrun for flex_eau_pipeline to 2026-07-26 00:00:00+00:00, run_after=2026-07-27 00:00:00+00:00
[2026-07-26T12:36:15.681+0000] {processor.py:208} INFO - Processing /opt/airflow/dags/flex_eau_pipeline.py took 0.190 seconds
[2026-07-26T12:36:46.032+0000] {processor.py:186} INFO - Started process (PID=12117) to work on /opt/airflow/dags/flex_eau_pipeline.py
[2026-07-26T12:36:46.035+0000] {processor.py:914} INFO - Processing file /opt/airflow/dags/flex_eau_pipeline.py for tasks to queue
[2026-07-26T12:36:46.040+0000] {logging_mixin.py:190} INFO - [2026-07-26T12:36:46.039+0000] {dagbag.py:587} INFO - Filling up the DagBag from /opt/airflow/dags/flex_eau_pipeline.py
[2026-07-26T12:36:46.082+0000] {processor.py:925} INFO - DAG(s) 'flex_eau_pipeline' retrieved from /opt/airflow/dags/flex_eau_pipeline.py
[2026-07-26T12:36:46.143+0000] {logging_mixin.py:190} INFO - [2026-07-26T12:36:46.142+0000] {dag.py:3211} INFO - Sync 1 DAGs
[2026-07-26T12:36:46.185+0000] {logging_mixin.py:190} INFO - [2026-07-26T12:36:46.184+0000] {dag.py:4138} INFO - Setting next_dagrun for flex_eau_pipeline to 2026-07-26 00:00:00+00:00, run_after=2026-07-27 00:00:00+00:00
[2026-07-26T12:36:46.220+0000] {processor.py:208} INFO - Processing /opt/airflow/dags/flex_eau_pipeline.py took 0.200 seconds
[2026-07-26T12:37:16.588+0000] {processor.py:186} INFO - Started process (PID=12122) to work on /opt/airflow/dags/flex_eau_pipeline.py
[2026-07-26T12:37:16.590+0000] {processor.py:914} INFO - Processing file /opt/airflow/dags/flex_eau_pipeline.py for tasks to queue
[2026-07-26T12:37:16.594+0000] {logging_mixin.py:190} INFO - [2026-07-26T12:37:16.594+0000] {dagbag.py:587} INFO - Filling up the DagBag from /opt/airflow/dags/flex_eau_pipeline.py
[2026-07-26T12:37:16.632+0000] {processor.py:925} INFO - DAG(s) 'flex_eau_pipeline' retrieved from /opt/airflow/dags/flex_eau_pipeline.py
[2026-07-26T12:37:16.682+0000] {logging_mixin.py:190} INFO - [2026-07-26T12:37:16.682+0000] {dag.py:3211} INFO - Sync 1 DAGs
[2026-07-26T12:37:16.716+0000] {logging_mixin.py:190} INFO - [2026-07-26T12:37:16.715+0000] {dag.py:4138} INFO - Setting next_dagrun for flex_eau_pipeline to 2026-07-26 00:00:00+00:00, run_after=2026-07-27 00:00:00+00:00
[2026-07-26T12:37:16.744+0000] {processor.py:208} INFO - Processing /opt/airflow/dags/flex_eau_pipeline.py took 0.166 seconds
[2026-07-26T12:37:46.984+0000] {processor.py:186} INFO - Started process (PID=12127) to work on /opt/airflow/dags/flex_eau_pipeline.py
[2026-07-26T12:37:46.987+0000] {processor.py:914} INFO - Processing file /opt/airflow/dags/flex_eau_pipeline.py for tasks to queue
[2026-07-26T12:37:46.995+0000] {logging_mixin.py:190} INFO - [2026-07-26T12:37:46.994+0000] {dagbag.py:587} INFO - Filling up the DagBag from /opt/airflow/dags/flex_eau_pipeline.py
[2026-07-26T12:37:47.067+0000] {processor.py:925} INFO - DAG(s) 'flex_eau_pipeline' retrieved from /opt/airflow/dags/flex_eau_pipeline.py
[2026-07-26T12:37:47.129+0000] {logging_mixin.py:190} INFO - [2026-07-26T12:37:47.128+0000] {dag.py:3211} INFO - Sync 1 DAGs
[2026-07-26T12:37:47.165+0000] {logging_mixin.py:190} INFO - [2026-07-26T12:37:47.165+0000] {dag.py:4138} INFO - Setting next_dagrun for flex_eau_pipeline to 2026-07-26 00:00:00+00:00, run_after=2026-07-27 00:00:00+00:00
[2026-07-26T12:37:47.194+0000] {processor.py:208} INFO - Processing /opt/airflow/dags/flex_eau_pipeline.py took 0.229 seconds
[2026-07-26T12:38:17.665+0000] {processor.py:186} INFO - Started process (PID=12132) to work on /opt/airflow/dags/flex_eau_pipeline.py
[2026-07-26T12:38:17.671+0000] {processor.py:914} INFO - Processing file /opt/airflow/dags/flex_eau_pipeline.py for tasks to queue
[2026-07-26T12:38:17.676+0000] {logging_mixin.py:190} INFO - [2026-07-26T12:38:17.676+0000] {dagbag.py:587} INFO - Filling up the DagBag from /opt/airflow/dags/flex_eau_pipeline.py
[2026-07-26T12:38:17.733+0000] {processor.py:925} INFO - DAG(s) 'flex_eau_pipeline' retrieved from /opt/airflow/dags/flex_eau_pipeline.py
[2026-07-26T12:38:17.787+0000] {logging_mixin.py:190} INFO - [2026-07-26T12:38:17.787+0000] {dag.py:3211} INFO - Sync 1 DAGs
[2026-07-26T12:38:17.818+0000] {logging_mixin.py:190} INFO - [2026-07-26T12:38:17.818+0000] {dag.py:4138} INFO - Setting next_dagrun for flex_eau_pipeline to 2026-07-26 00:00:00+00:00, run_after=2026-07-27 00:00:00+00:00
[2026-07-26T12:38:17.863+0000] {processor.py:208} INFO - Processing /opt/airflow/dags/flex_eau_pipeline.py took 0.211 seconds
[2026-07-26T12:38:48.085+0000] {processor.py:186} INFO - Started process (PID=12137) to work on /opt/airflow/dags/flex_eau_pipeline.py
[2026-07-26T12:38:48.087+0000] {processor.py:914} INFO - Processing file /opt/airflow/dags/flex_eau_pipeline.py for tasks to queue
[2026-07-26T12:38:48.091+0000] {logging_mixin.py:190} INFO - [2026-07-26T12:38:48.091+0000] {dagbag.py:587} INFO - Filling up the DagBag from /opt/airflow/dags/flex_eau_pipeline.py
[2026-07-26T12:38:48.134+0000] {processor.py:925} INFO - DAG(s) 'flex_eau_pipeline' retrieved from /opt/airflow/dags/flex_eau_pipeline.py
[2026-07-26T12:38:48.185+0000] {logging_mixin.py:190} INFO - [2026-07-26T12:38:48.185+0000] {dag.py:3211} INFO - Sync 1 DAGs
[2026-07-26T12:38:48.214+0000] {logging_mixin.py:190} INFO - [2026-07-26T12:38:48.214+0000] {dag.py:4138} INFO - Setting next_dagrun for flex_eau_pipeline to 2026-07-26 00:00:00+00:00, run_after=2026-07-27 00:00:00+00:00
[2026-07-26T12:38:48.244+0000] {processor.py:208} INFO - Processing /opt/airflow/dags/flex_eau_pipeline.py took 0.179 seconds
[2026-07-26T12:39:18.702+0000] {processor.py:186} INFO - Started process (PID=12142) to work on /opt/airflow/dags/flex_eau_pipeline.py
[2026-07-26T12:39:18.706+0000] {processor.py:914} INFO - Processing file /opt/airflow/dags/flex_eau_pipeline.py for tasks to queue
[2026-07-26T12:39:18.713+0000] {logging_mixin.py:190} INFO - [2026-07-26T12:39:18.713+0000] {dagbag.py:587} INFO - Filling up the DagBag from /opt/airflow/dags/flex_eau_pipeline.py
[2026-07-26T12:39:18.783+0000] {processor.py:925} INFO - DAG(s) 'flex_eau_pipeline' retrieved from /opt/airflow/dags/flex_eau_pipeline.py
[2026-07-26T12:39:18.862+0000] {logging_mixin.py:190} INFO - [2026-07-26T12:39:18.861+0000] {dag.py:3211} INFO - Sync 1 DAGs
[2026-07-26T12:39:18.905+0000] {logging_mixin.py:190} INFO - [2026-07-26T12:39:18.905+0000] {dag.py:4138} INFO - Setting next_dagrun for flex_eau_pipeline to 2026-07-26 00:00:00+00:00, run_after=2026-07-27 00:00:00+00:00
[2026-07-26T12:39:18.964+0000] {processor.py:208} INFO - Processing /opt/airflow/dags/flex_eau_pipeline.py took 0.304 seconds
[2026-07-26T12:39:49.391+0000] {processor.py:186} INFO - Started process (PID=12147) to work on /opt/airflow/dags/flex_eau_pipeline.py
[2026-07-26T12:39:49.394+0000] {processor.py:914} INFO - Processing file /opt/airflow/dags/flex_eau_pipeline.py for tasks to queue
[2026-07-26T12:39:49.401+0000] {logging_mixin.py:190} INFO - [2026-07-26T12:39:49.400+0000] {dagbag.py:587} INFO - Filling up the DagBag from /opt/airflow/dags/flex_eau_pipeline.py
[2026-07-26T12:39:49.483+0000] {processor.py:925} INFO - DAG(s) 'flex_eau_pipeline' retrieved from /opt/airflow/dags/flex_eau_pipeline.py
[2026-07-26T12:39:49.552+0000] {logging_mixin.py:190} INFO - [2026-07-26T12:39:49.552+0000] {dag.py:3211} INFO - Sync 1 DAGs
[2026-07-26T12:39:49.590+0000] {logging_mixin.py:190} INFO - [2026-07-26T12:39:49.590+0000] {dag.py:4138} INFO - Setting next_dagrun for flex_eau_pipeline to 2026-07-26 00:00:00+00:00, run_after=2026-07-27 00:00:00+00:00
[2026-07-26T12:39:49.625+0000] {processor.py:208} INFO - Processing /opt/airflow/dags/flex_eau_pipeline.py took 0.257 seconds
[2026-07-26T12:40:19.942+0000] {processor.py:186} INFO - Started process (PID=12152) to work on /opt/airflow/dags/flex_eau_pipeline.py
[2026-07-26T12:40:19.945+0000] {processor.py:914} INFO - Processing file /opt/airflow/dags/flex_eau_pipeline.py for tasks to queue
[2026-07-26T12:40:19.950+0000] {logging_mixin.py:190} INFO - [2026-07-26T12:40:19.949+0000] {dagbag.py:587} INFO - Filling up the DagBag from /opt/airflow/dags/flex_eau_pipeline.py
[2026-07-26T12:40:20.020+0000] {processor.py:925} INFO - DAG(s) 'flex_eau_pipeline' retrieved from /opt/airflow/dags/flex_eau_pipeline.py
[2026-07-26T12:40:20.078+0000] {logging_mixin.py:190} INFO - [2026-07-26T12:40:20.078+0000] {dag.py:3211} INFO - Sync 1 DAGs
[2026-07-26T12:40:20.124+0000] {logging_mixin.py:190} INFO - [2026-07-26T12:40:20.124+0000] {dag.py:4138} INFO - Setting next_dagrun for flex_eau_pipeline to 2026-07-26 00:00:00+00:00, run_after=2026-07-27 00:00:00+00:00
[2026-07-26T12:40:20.172+0000] {processor.py:208} INFO - Processing /opt/airflow/dags/flex_eau_pipeline.py took 0.249 seconds
[2026-07-26T12:40:50.730+0000] {processor.py:186} INFO - Started process (PID=12157) to work on /opt/airflow/dags/flex_eau_pipeline.py
[2026-07-26T12:40:50.733+0000] {processor.py:914} INFO - Processing file /opt/airflow/dags/flex_eau_pipeline.py for tasks to queue
[2026-07-26T12:40:50.738+0000] {logging_mixin.py:190} INFO - [2026-07-26T12:40:50.737+0000] {dagbag.py:587} INFO - Filling up the DagBag from /opt/airflow/dags/flex_eau_pipeline.py
[2026-07-26T12:40:50.793+0000] {processor.py:925} INFO - DAG(s) 'flex_eau_pipeline' retrieved from /opt/airflow/dags/flex_eau_pipeline.py
[2026-07-26T12:40:50.880+0000] {logging_mixin.py:190} INFO - [2026-07-26T12:40:50.879+0000] {dag.py:3211} INFO - Sync 1 DAGs
[2026-07-26T12:40:50.919+0000] {logging_mixin.py:190} INFO - [2026-07-26T12:40:50.918+0000] {dag.py:4138} INFO - Setting next_dagrun for flex_eau_pipeline to 2026-07-26 00:00:00+00:00, run_after=2026-07-27 00:00:00+00:00
[2026-07-26T12:40:50.948+0000] {processor.py:208} INFO - Processing /opt/airflow/dags/flex_eau_pipeline.py took 0.233 seconds
[2026-07-26T12:41:21.373+0000] {processor.py:186} INFO - Started process (PID=12162) to work on /opt/airflow/dags/flex_eau_pipeline.py
[2026-07-26T12:41:21.376+0000] {processor.py:914} INFO - Processing file /opt/airflow/dags/flex_eau_pipeline.py for tasks to queue
[2026-07-26T12:41:21.385+0000] {logging_mixin.py:190} INFO - [2026-07-26T12:41:21.384+0000] {dagbag.py:587} INFO - Filling up the DagBag from /opt/airflow/dags/flex_eau_pipeline.py
[2026-07-26T12:41:21.433+0000] {processor.py:925} INFO - DAG(s) 'flex_eau_pipeline' retrieved from /opt/airflow/dags/flex_eau_pipeline.py
[2026-07-26T12:41:21.500+0000] {logging_mixin.py:190} INFO - [2026-07-26T12:41:21.499+0000] {dag.py:3211} INFO - Sync 1 DAGs
[2026-07-26T12:41:21.567+0000] {logging_mixin.py:190} INFO - [2026-07-26T12:41:21.566+0000] {dag.py:4138} INFO - Setting next_dagrun for flex_eau_pipeline to 2026-07-26 00:00:00+00:00, run_after=2026-07-27 00:00:00+00:00
[2026-07-26T12:41:21.624+0000] {processor.py:208} INFO - Processing /opt/airflow/dags/flex_eau_pipeline.py took 0.268 seconds
[2026-07-26T12:41:51.987+0000] {processor.py:186} INFO - Started process (PID=12167) to work on /opt/airflow/dags/flex_eau_pipeline.py
[2026-07-26T12:41:51.989+0000] {processor.py:914} INFO - Processing file /opt/airflow/dags/flex_eau_pipeline.py for tasks to queue
[2026-07-26T12:41:51.992+0000] {logging_mixin.py:190} INFO - [2026-07-26T12:41:51.992+0000] {dagbag.py:587} INFO - Filling up the DagBag from /opt/airflow/dags/flex_eau_pipeline.py
[2026-07-26T12:41:52.028+0000] {processor.py:925} INFO - DAG(s) 'flex_eau_pipeline' retrieved from /opt/airflow/dags/flex_eau_pipeline.py
[2026-07-26T12:41:52.088+0000] {logging_mixin.py:190} INFO - [2026-07-26T12:41:52.088+0000] {dag.py:3211} INFO - Sync 1 DAGs
[2026-07-26T12:41:52.119+0000] {logging_mixin.py:190} INFO - [2026-07-26T12:41:52.118+0000] {dag.py:4138} INFO - Setting next_dagrun for flex_eau_pipeline to 2026-07-26 00:00:00+00:00, run_after=2026-07-27 00:00:00+00:00
[2026-07-26T12:41:52.153+0000] {processor.py:208} INFO - Processing /opt/airflow/dags/flex_eau_pipeline.py took 0.174 seconds
[2026-07-26T12:42:22.846+0000] {processor.py:186} INFO - Started process (PID=12172) to work on /opt/airflow/dags/flex_eau_pipeline.py
[2026-07-26T12:42:22.849+0000] {processor.py:914} INFO - Processing file /opt/airflow/dags/flex_eau_pipeline.py for tasks to queue
[2026-07-26T12:42:22.854+0000] {logging_mixin.py:190} INFO - [2026-07-26T12:42:22.853+0000] {dagbag.py:587} INFO - Filling up the DagBag from /opt/airflow/dags/flex_eau_pipeline.py
[2026-07-26T12:42:22.922+0000] {processor.py:925} INFO - DAG(s) 'flex_eau_pipeline' retrieved from /opt/airflow/dags/flex_eau_pipeline.py
[2026-07-26T12:42:23.010+0000] {logging_mixin.py:190} INFO - [2026-07-26T12:42:23.009+0000] {dag.py:3211} INFO - Sync 1 DAGs
[2026-07-26T12:42:23.051+0000] {logging_mixin.py:190} INFO - [2026-07-26T12:42:23.051+0000] {dag.py:4138} INFO - Setting next_dagrun for flex_eau_pipeline to 2026-07-26 00:00:00+00:00, run_after=2026-07-27 00:00:00+00:00
[2026-07-26T12:42:23.081+0000] {processor.py:208} INFO - Processing /opt/airflow/dags/flex_eau_pipeline.py took 0.252 seconds
[2026-07-26T12:42:53.280+0000] {processor.py:186} INFO - Started process (PID=12177) to work on /opt/airflow/dags/flex_eau_pipeline.py
[2026-07-26T12:42:53.282+0000] {processor.py:914} INFO - Processing file /opt/airflow/dags/flex_eau_pipeline.py for tasks to queue
[2026-07-26T12:42:53.286+0000] {logging_mixin.py:190} INFO - [2026-07-26T12:42:53.285+0000] {dagbag.py:587} INFO - Filling up the DagBag from /opt/airflow/dags/flex_eau_pipeline.py
[2026-07-26T12:42:53.322+0000] {processor.py:925} INFO - DAG(s) 'flex_eau_pipeline' retrieved from /opt/airflow/dags/flex_eau_pipeline.py
[2026-07-26T12:42:53.374+0000] {logging_mixin.py:190} INFO - [2026-07-26T12:42:53.374+0000] {dag.py:3211} INFO - Sync 1 DAGs
[2026-07-26T12:42:53.410+0000] {logging_mixin.py:190} INFO - [2026-07-26T12:42:53.409+0000] {dag.py:4138} INFO - Setting next_dagrun for flex_eau_pipeline to 2026-07-26 00:00:00+00:00, run_after=2026-07-27 00:00:00+00:00
[2026-07-26T12:42:53.439+0000] {processor.py:208} INFO - Processing /opt/airflow/dags/flex_eau_pipeline.py took 0.168 seconds
[2026-07-26T12:43:23.837+0000] {processor.py:186} INFO - Started process (PID=12182) to work on /opt/airflow/dags/flex_eau_pipeline.py
[2026-07-26T12:43:23.839+0000] {processor.py:914} INFO - Processing file /opt/airflow/dags/flex_eau_pipeline.py for tasks to queue
[2026-07-26T12:43:23.844+0000] {logging_mixin.py:190} INFO - [2026-07-26T12:43:23.844+0000] {dagbag.py:587} INFO - Filling up the DagBag from /opt/airflow/dags/flex_eau_pipeline.py
[2026-07-26T12:43:23.893+0000] {processor.py:925} INFO - DAG(s) 'flex_eau_pipeline' retrieved from /opt/airflow/dags/flex_eau_pipeline.py
[2026-07-26T12:43:23.978+0000] {logging_mixin.py:190} INFO - [2026-07-26T12:43:23.977+0000] {dag.py:3211} INFO - Sync 1 DAGs
[2026-07-26T12:43:24.010+0000] {logging_mixin.py:190} INFO - [2026-07-26T12:43:24.010+0000] {dag.py:4138} INFO - Setting next_dagrun for flex_eau_pipeline to 2026-07-26 00:00:00+00:00, run_after=2026-07-27 00:00:00+00:00
[2026-07-26T12:43:24.041+0000] {processor.py:208} INFO - Processing /opt/airflow/dags/flex_eau_pipeline.py took 0.216 seconds
[2026-07-26T12:43:54.547+0000] {processor.py:186} INFO - Started process (PID=12187) to work on /opt/airflow/dags/flex_eau_pipeline.py
[2026-07-26T12:43:54.549+0000] {processor.py:914} INFO - Processing file /opt/airflow/dags/flex_eau_pipeline.py for tasks to queue
[2026-07-26T12:43:54.553+0000] {logging_mixin.py:190} INFO - [2026-07-26T12:43:54.552+0000] {dagbag.py:587} INFO - Filling up the DagBag from /opt/airflow/dags/flex_eau_pipeline.py
[2026-07-26T12:43:54.593+0000] {processor.py:925} INFO - DAG(s) 'flex_eau_pipeline' retrieved from /opt/airflow/dags/flex_eau_pipeline.py
[2026-07-26T12:43:54.636+0000] {logging_mixin.py:190} INFO - [2026-07-26T12:43:54.636+0000] {dag.py:3211} INFO - Sync 1 DAGs
[2026-07-26T12:43:54.666+0000] {logging_mixin.py:190} INFO - [2026-07-26T12:43:54.665+0000] {dag.py:4138} INFO - Setting next_dagrun for flex_eau_pipeline to 2026-07-26 00:00:00+00:00, run_after=2026-07-27 00:00:00+00:00
[2026-07-26T12:43:54.693+0000] {processor.py:208} INFO - Processing /opt/airflow/dags/flex_eau_pipeline.py took 0.155 seconds
[2026-07-26T12:44:25.129+0000] {processor.py:186} INFO - Started process (PID=12192) to work on /opt/airflow/dags/flex_eau_pipeline.py
[2026-07-26T12:44:25.131+0000] {processor.py:914} INFO - Processing file /opt/airflow/dags/flex_eau_pipeline.py for tasks to queue
[2026-07-26T12:44:25.139+0000] {logging_mixin.py:190} INFO - [2026-07-26T12:44:25.138+0000] {dagbag.py:587} INFO - Filling up the DagBag from /opt/airflow/dags/flex_eau_pipeline.py
[2026-07-26T12:44:25.193+0000] {processor.py:925} INFO - DAG(s) 'flex_eau_pipeline' retrieved from /opt/airflow/dags/flex_eau_pipeline.py
[2026-07-26T12:44:25.237+0000] {logging_mixin.py:190} INFO - [2026-07-26T12:44:25.237+0000] {dag.py:3211} INFO - Sync 1 DAGs
[2026-07-26T12:44:25.270+0000] {logging_mixin.py:190} INFO - [2026-07-26T12:44:25.270+0000] {dag.py:4138} INFO - Setting next_dagrun for flex_eau_pipeline to 2026-07-26 00:00:00+00:00, run_after=2026-07-27 00:00:00+00:00
[2026-07-26T12:44:25.303+0000] {processor.py:208} INFO - Processing /opt/airflow/dags/flex_eau_pipeline.py took 0.188 seconds
[2026-07-26T12:44:55.653+0000] {processor.py:186} INFO - Started process (PID=12197) to work on /opt/airflow/dags/flex_eau_pipeline.py
[2026-07-26T12:44:55.655+0000] {processor.py:914} INFO - Processing file /opt/airflow/dags/flex_eau_pipeline.py for tasks to queue
[2026-07-26T12:44:55.659+0000] {logging_mixin.py:190} INFO - [2026-07-26T12:44:55.659+0000] {dagbag.py:587} INFO - Filling up the DagBag from /opt/airflow/dags/flex_eau_pipeline.py
[2026-07-26T12:44:55.726+0000] {processor.py:925} INFO - DAG(s) 'flex_eau_pipeline' retrieved from /opt/airflow/dags/flex_eau_pipeline.py
[2026-07-26T12:44:55.776+0000] {logging_mixin.py:190} INFO - [2026-07-26T12:44:55.776+0000] {dag.py:3211} INFO - Sync 1 DAGs
[2026-07-26T12:44:55.808+0000] {logging_mixin.py:190} INFO - [2026-07-26T12:44:55.808+0000] {dag.py:4138} INFO - Setting next_dagrun for flex_eau_pipeline to 2026-07-26 00:00:00+00:00, run_after=2026-07-27 00:00:00+00:00
[2026-07-26T12:44:55.841+0000] {processor.py:208} INFO - Processing /opt/airflow/dags/flex_eau_pipeline.py took 0.200 seconds
[2026-07-26T12:45:26.310+0000] {processor.py:186} INFO - Started process (PID=12202) to work on /opt/airflow/dags/flex_eau_pipeline.py
[2026-07-26T12:45:26.313+0000] {processor.py:914} INFO - Processing file /opt/airflow/dags/flex_eau_pipeline.py for tasks to queue
[2026-07-26T12:45:26.316+0000] {logging_mixin.py:190} INFO - [2026-07-26T12:45:26.316+0000] {dagbag.py:587} INFO - Filling up the DagBag from /opt/airflow/dags/flex_eau_pipeline.py
[2026-07-26T12:45:26.356+0000] {processor.py:925} INFO - DAG(s) 'flex_eau_pipeline' retrieved from /opt/airflow/dags/flex_eau_pipeline.py
[2026-07-26T12:45:26.399+0000] {logging_mixin.py:190} INFO - [2026-07-26T12:45:26.399+0000] {dag.py:3211} INFO - Sync 1 DAGs
[2026-07-26T12:45:26.432+0000] {logging_mixin.py:190} INFO - [2026-07-26T12:45:26.432+0000] {dag.py:4138} INFO - Setting next_dagrun for flex_eau_pipeline to 2026-07-26 00:00:00+00:00, run_after=2026-07-27 00:00:00+00:00
[2026-07-26T12:45:26.486+0000] {processor.py:208} INFO - Processing /opt/airflow/dags/flex_eau_pipeline.py took 0.187 seconds
[2026-07-26T12:45:56.784+0000] {processor.py:186} INFO - Started process (PID=12207) to work on /opt/airflow/dags/flex_eau_pipeline.py
[2026-07-26T12:45:56.785+0000] {processor.py:914} INFO - Processing file /opt/airflow/dags/flex_eau_pipeline.py for tasks to queue
[2026-07-26T12:45:56.788+0000] {logging_mixin.py:190} INFO - [2026-07-26T12:45:56.788+0000] {dagbag.py:587} INFO - Filling up the DagBag from /opt/airflow/dags/flex_eau_pipeline.py
[2026-07-26T12:45:56.822+0000] {processor.py:925} INFO - DAG(s) 'flex_eau_pipeline' retrieved from /opt/airflow/dags/flex_eau_pipeline.py
[2026-07-26T12:45:56.872+0000] {logging_mixin.py:190} INFO - [2026-07-26T12:45:56.872+0000] {dag.py:3211} INFO - Sync 1 DAGs
[2026-07-26T12:45:56.930+0000] {logging_mixin.py:190} INFO - [2026-07-26T12:45:56.930+0000] {dag.py:4138} INFO - Setting next_dagrun for flex_eau_pipeline to 2026-07-26 00:00:00+00:00, run_after=2026-07-27 00:00:00+00:00
[2026-07-26T12:45:56.985+0000] {processor.py:208} INFO - Processing /opt/airflow/dags/flex_eau_pipeline.py took 0.211 seconds
[2026-07-26T12:46:27.563+0000] {processor.py:186} INFO - Started process (PID=12212) to work on /opt/airflow/dags/flex_eau_pipeline.py
[2026-07-26T12:46:27.565+0000] {processor.py:914} INFO - Processing file /opt/airflow/dags/flex_eau_pipeline.py for tasks to queue
[2026-07-26T12:46:27.568+0000] {logging_mixin.py:190} INFO - [2026-07-26T12:46:27.567+0000] {dagbag.py:587} INFO - Filling up the DagBag from /opt/airflow/dags/flex_eau_pipeline.py
[2026-07-26T12:46:27.619+0000] {processor.py:925} INFO - DAG(s) 'flex_eau_pipeline' retrieved from /opt/airflow/dags/flex_eau_pipeline.py
[2026-07-26T12:46:27.663+0000] {logging_mixin.py:190} INFO - [2026-07-26T12:46:27.663+0000] {dag.py:3211} INFO - Sync 1 DAGs
[2026-07-26T12:46:27.694+0000] {logging_mixin.py:190} INFO - [2026-07-26T12:46:27.694+0000] {dag.py:4138} INFO - Setting next_dagrun for flex_eau_pipeline to 2026-07-26 00:00:00+00:00, run_after=2026-07-27 00:00:00+00:00
[2026-07-26T12:46:27.731+0000] {processor.py:208} INFO - Processing /opt/airflow/dags/flex_eau_pipeline.py took 0.176 seconds
[2026-07-26T12:46:58.008+0000] {processor.py:186} INFO - Started process (PID=12217) to work on /opt/airflow/dags/flex_eau_pipeline.py
[2026-07-26T12:46:58.010+0000] {processor.py:914} INFO - Processing file /opt/airflow/dags/flex_eau_pipeline.py for tasks to queue
[2026-07-26T12:46:58.014+0000] {logging_mixin.py:190} INFO - [2026-07-26T12:46:58.014+0000] {dagbag.py:587} INFO - Filling up the DagBag from /opt/airflow/dags/flex_eau_pipeline.py
[2026-07-26T12:46:58.053+0000] {processor.py:925} INFO - DAG(s) 'flex_eau_pipeline' retrieved from /opt/airflow/dags/flex_eau_pipeline.py
[2026-07-26T12:46:58.111+0000] {logging_mixin.py:190} INFO - [2026-07-26T12:46:58.111+0000] {dag.py:3211} INFO - Sync 1 DAGs
[2026-07-26T12:46:58.146+0000] {logging_mixin.py:190} INFO - [2026-07-26T12:46:58.145+0000] {dag.py:4138} INFO - Setting next_dagrun for flex_eau_pipeline to 2026-07-26 00:00:00+00:00, run_after=2026-07-27 00:00:00+00:00
[2026-07-26T12:46:58.180+0000] {processor.py:208} INFO - Processing /opt/airflow/dags/flex_eau_pipeline.py took 0.187 seconds
[2026-07-26T12:47:28.729+0000] {processor.py:186} INFO - Started process (PID=12222) to work on /opt/airflow/dags/flex_eau_pipeline.py
[2026-07-26T12:47:28.733+0000] {processor.py:914} INFO - Processing file /opt/airflow/dags/flex_eau_pipeline.py for tasks to queue
[2026-07-26T12:47:28.738+0000] {logging_mixin.py:190} INFO - [2026-07-26T12:47:28.737+0000] {dagbag.py:587} INFO - Filling up the DagBag from /opt/airflow/dags/flex_eau_pipeline.py
[2026-07-26T12:47:28.803+0000] {processor.py:925} INFO - DAG(s) 'flex_eau_pipeline' retrieved from /opt/airflow/dags/flex_eau_pipeline.py
[2026-07-26T12:47:28.854+0000] {logging_mixin.py:190} INFO - [2026-07-26T12:47:28.854+0000] {dag.py:3211} INFO - Sync 1 DAGs
[2026-07-26T12:47:28.890+0000] {logging_mixin.py:190} INFO - [2026-07-26T12:47:28.889+0000] {dag.py:4138} INFO - Setting next_dagrun for flex_eau_pipeline to 2026-07-26 00:00:00+00:00, run_after=2026-07-27 00:00:00+00:00
[2026-07-26T12:47:28.922+0000] {processor.py:208} INFO - Processing /opt/airflow/dags/flex_eau_pipeline.py took 0.207 seconds
[2026-07-26T12:47:59.263+0000] {processor.py:186} INFO - Started process (PID=12227) to work on /opt/airflow/dags/flex_eau_pipeline.py
[2026-07-26T12:47:59.266+0000] {processor.py:914} INFO - Processing file /opt/airflow/dags/flex_eau_pipeline.py for tasks to queue
[2026-07-26T12:47:59.272+0000] {logging_mixin.py:190} INFO - [2026-07-26T12:47:59.270+0000] {dagbag.py:587} INFO - Filling up the DagBag from /opt/airflow/dags/flex_eau_pipeline.py
[2026-07-26T12:47:59.312+0000] {processor.py:925} INFO - DAG(s) 'flex_eau_pipeline' retrieved from /opt/airflow/dags/flex_eau_pipeline.py
[2026-07-26T12:47:59.357+0000] {logging_mixin.py:190} INFO - [2026-07-26T12:47:59.356+0000] {dag.py:3211} INFO - Sync 1 DAGs
[2026-07-26T12:47:59.388+0000] {logging_mixin.py:190} INFO - [2026-07-26T12:47:59.387+0000] {dag.py:4138} INFO - Setting next_dagrun for flex_eau_pipeline to 2026-07-26 00:00:00+00:00, run_after=2026-07-27 00:00:00+00:00
[2026-07-26T12:47:59.429+0000] {processor.py:208} INFO - Processing /opt/airflow/dags/flex_eau_pipeline.py took 0.182 seconds
[2026-07-26T12:48:29.941+0000] {processor.py:186} INFO - Started process (PID=12232) to work on /opt/airflow/dags/flex_eau_pipeline.py
[2026-07-26T12:48:29.943+0000] {processor.py:914} INFO - Processing file /opt/airflow/dags/flex_eau_pipeline.py for tasks to queue
[2026-07-26T12:48:29.946+0000] {logging_mixin.py:190} INFO - [2026-07-26T12:48:29.946+0000] {dagbag.py:587} INFO - Filling up the DagBag from /opt/airflow/dags/flex_eau_pipeline.py
[2026-07-26T12:48:29.985+0000] {processor.py:925} INFO - DAG(s) 'flex_eau_pipeline' retrieved from /opt/airflow/dags/flex_eau_pipeline.py
[2026-07-26T12:48:30.034+0000] {logging_mixin.py:190} INFO - [2026-07-26T12:48:30.034+0000] {dag.py:3211} INFO - Sync 1 DAGs
[2026-07-26T12:48:30.064+0000] {logging_mixin.py:190} INFO - [2026-07-26T12:48:30.064+0000] {dag.py:4138} INFO - Setting next_dagrun for flex_eau_pipeline to 2026-07-26 00:00:00+00:00, run_after=2026-07-27 00:00:00+00:00
[2026-07-26T12:48:30.103+0000] {processor.py:208} INFO - Processing /opt/airflow/dags/flex_eau_pipeline.py took 0.171 seconds
[2026-07-26T12:49:00.502+0000] {processor.py:186} INFO - Started process (PID=12237) to work on /opt/airflow/dags/flex_eau_pipeline.py
[2026-07-26T12:49:00.504+0000] {processor.py:914} INFO - Processing file /opt/airflow/dags/flex_eau_pipeline.py for tasks to queue
[2026-07-26T12:49:00.507+0000] {logging_mixin.py:190} INFO - [2026-07-26T12:49:00.507+0000] {dagbag.py:587} INFO - Filling up the DagBag from /opt/airflow/dags/flex_eau_pipeline.py
[2026-07-26T12:49:00.555+0000] {processor.py:925} INFO - DAG(s) 'flex_eau_pipeline' retrieved from /opt/airflow/dags/flex_eau_pipeline.py
[2026-07-26T12:49:00.594+0000] {logging_mixin.py:190} INFO - [2026-07-26T12:49:00.594+0000] {dag.py:3211} INFO - Sync 1 DAGs
[2026-07-26T12:49:00.625+0000] {logging_mixin.py:190} INFO - [2026-07-26T12:49:00.624+0000] {dag.py:4138} INFO - Setting next_dagrun for flex_eau_pipeline to 2026-07-26 00:00:00+00:00, run_after=2026-07-27 00:00:00+00:00
[2026-07-26T12:49:00.651+0000] {processor.py:208} INFO - Processing /opt/airflow/dags/flex_eau_pipeline.py took 0.160 seconds
[2026-07-26T12:49:31.055+0000] {processor.py:186} INFO - Started process (PID=12242) to work on /opt/airflow/dags/flex_eau_pipeline.py
[2026-07-26T12:49:31.057+0000] {processor.py:914} INFO - Processing file /opt/airflow/dags/flex_eau_pipeline.py for tasks to queue
[2026-07-26T12:49:31.061+0000] {logging_mixin.py:190} INFO - [2026-07-26T12:49:31.061+0000] {dagbag.py:587} INFO - Filling up the DagBag from /opt/airflow/dags/flex_eau_pipeline.py
[2026-07-26T12:49:31.100+0000] {processor.py:925} INFO - DAG(s) 'flex_eau_pipeline' retrieved from /opt/airflow/dags/flex_eau_pipeline.py
[2026-07-26T12:49:31.149+0000] {logging_mixin.py:190} INFO - [2026-07-26T12:49:31.149+0000] {dag.py:3211} INFO - Sync 1 DAGs
[2026-07-26T12:49:31.191+0000] {logging_mixin.py:190} INFO - [2026-07-26T12:49:31.191+0000] {dag.py:4138} INFO - Setting next_dagrun for flex_eau_pipeline to 2026-07-26 00:00:00+00:00, run_after=2026-07-27 00:00:00+00:00
[2026-07-26T12:49:31.224+0000] {processor.py:208} INFO - Processing /opt/airflow/dags/flex_eau_pipeline.py took 0.178 seconds
[2026-07-26T12:50:01.550+0000] {processor.py:186} INFO - Started process (PID=12247) to work on /opt/airflow/dags/flex_eau_pipeline.py
[2026-07-26T12:50:01.552+0000] {processor.py:914} INFO - Processing file /opt/airflow/dags/flex_eau_pipeline.py for tasks to queue
[2026-07-26T12:50:01.556+0000] {logging_mixin.py:190} INFO - [2026-07-26T12:50:01.556+0000] {dagbag.py:587} INFO - Filling up the DagBag from /opt/airflow/dags/flex_eau_pipeline.py
[2026-07-26T12:50:01.603+0000] {processor.py:925} INFO - DAG(s) 'flex_eau_pipeline' retrieved from /opt/airflow/dags/flex_eau_pipeline.py
[2026-07-26T12:50:01.655+0000] {logging_mixin.py:190} INFO - [2026-07-26T12:50:01.654+0000] {dag.py:3211} INFO - Sync 1 DAGs
[2026-07-26T12:50:01.690+0000] {logging_mixin.py:190} INFO - [2026-07-26T12:50:01.690+0000] {dag.py:4138} INFO - Setting next_dagrun for flex_eau_pipeline to 2026-07-26 00:00:00+00:00, run_after=2026-07-27 00:00:00+00:00
[2026-07-26T12:50:01.718+0000] {processor.py:208} INFO - Processing /opt/airflow/dags/flex_eau_pipeline.py took 0.185 seconds
[2026-07-26T12:50:32.277+0000] {processor.py:186} INFO - Started process (PID=12252) to work on /opt/airflow/dags/flex_eau_pipeline.py
[2026-07-26T12:50:32.278+0000] {processor.py:914} INFO - Processing file /opt/airflow/dags/flex_eau_pipeline.py for tasks to queue
[2026-07-26T12:50:32.281+0000] {logging_mixin.py:190} INFO - [2026-07-26T12:50:32.281+0000] {dagbag.py:587} INFO - Filling up the DagBag from /opt/airflow/dags/flex_eau_pipeline.py
[2026-07-26T12:50:32.338+0000] {processor.py:925} INFO - DAG(s) 'flex_eau_pipeline' retrieved from /opt/airflow/dags/flex_eau_pipeline.py
[2026-07-26T12:50:32.381+0000] {logging_mixin.py:190} INFO - [2026-07-26T12:50:32.381+0000] {dag.py:3211} INFO - Sync 1 DAGs
[2026-07-26T12:50:32.411+0000] {logging_mixin.py:190} INFO - [2026-07-26T12:50:32.411+0000] {dag.py:4138} INFO - Setting next_dagrun for flex_eau_pipeline to 2026-07-26 00:00:00+00:00, run_after=2026-07-27 00:00:00+00:00
[2026-07-26T12:50:32.446+0000] {processor.py:208} INFO - Processing /opt/airflow/dags/flex_eau_pipeline.py took 0.180 seconds
[2026-07-26T12:51:02.740+0000] {processor.py:186} INFO - Started process (PID=12257) to work on /opt/airflow/dags/flex_eau_pipeline.py
[2026-07-26T12:51:02.742+0000] {processor.py:914} INFO - Processing file /opt/airflow/dags/flex_eau_pipeline.py for tasks to queue
[2026-07-26T12:51:02.746+0000] {logging_mixin.py:190} INFO - [2026-07-26T12:51:02.746+0000] {dagbag.py:587} INFO - Filling up the DagBag from /opt/airflow/dags/flex_eau_pipeline.py
[2026-07-26T12:51:02.791+0000] {processor.py:925} INFO - DAG(s) 'flex_eau_pipeline' retrieved from /opt/airflow/dags/flex_eau_pipeline.py
[2026-07-26T12:51:02.858+0000] {logging_mixin.py:190} INFO - [2026-07-26T12:51:02.857+0000] {dag.py:3211} INFO - Sync 1 DAGs
[2026-07-26T12:51:02.895+0000] {logging_mixin.py:190} INFO - [2026-07-26T12:51:02.895+0000] {dag.py:4138} INFO - Setting next_dagrun for flex_eau_pipeline to 2026-07-26 00:00:00+00:00, run_after=2026-07-27 00:00:00+00:00
[2026-07-26T12:51:02.943+0000] {processor.py:208} INFO - Processing /opt/airflow/dags/flex_eau_pipeline.py took 0.215 seconds
[2026-07-26T12:51:33.444+0000] {processor.py:186} INFO - Started process (PID=12262) to work on /opt/airflow/dags/flex_eau_pipeline.py
[2026-07-26T12:51:33.446+0000] {processor.py:914} INFO - Processing file /opt/airflow/dags/flex_eau_pipeline.py for tasks to queue
[2026-07-26T12:51:33.450+0000] {logging_mixin.py:190} INFO - [2026-07-26T12:51:33.449+0000] {dagbag.py:587} INFO - Filling up the DagBag from /opt/airflow/dags/flex_eau_pipeline.py
[2026-07-26T12:51:33.485+0000] {processor.py:925} INFO - DAG(s) 'flex_eau_pipeline' retrieved from /opt/airflow/dags/flex_eau_pipeline.py
[2026-07-26T12:51:33.531+0000] {logging_mixin.py:190} INFO - [2026-07-26T12:51:33.530+0000] {dag.py:3211} INFO - Sync 1 DAGs
[2026-07-26T12:51:33.565+0000] {logging_mixin.py:190} INFO - [2026-07-26T12:51:33.564+0000] {dag.py:4138} INFO - Setting next_dagrun for flex_eau_pipeline to 2026-07-26 00:00:00+00:00, run_after=2026-07-27 00:00:00+00:00
[2026-07-26T12:51:33.593+0000] {processor.py:208} INFO - Processing /opt/airflow/dags/flex_eau_pipeline.py took 0.158 seconds
[2026-07-26T12:52:04.043+0000] {processor.py:186} INFO - Started process (PID=12267) to work on /opt/airflow/dags/flex_eau_pipeline.py
[2026-07-26T12:52:04.044+0000] {processor.py:914} INFO - Processing file /opt/airflow/dags/flex_eau_pipeline.py for tasks to queue
[2026-07-26T12:52:04.048+0000] {logging_mixin.py:190} INFO - [2026-07-26T12:52:04.048+0000] {dagbag.py:587} INFO - Filling up the DagBag from /opt/airflow/dags/flex_eau_pipeline.py
[2026-07-26T12:52:04.120+0000] {processor.py:925} INFO - DAG(s) 'flex_eau_pipeline' retrieved from /opt/airflow/dags/flex_eau_pipeline.py
[2026-07-26T12:52:04.215+0000] {logging_mixin.py:190} INFO - [2026-07-26T12:52:04.215+0000] {dag.py:3211} INFO - Sync 1 DAGs
[2026-07-26T12:52:04.274+0000] {logging_mixin.py:190} INFO - [2026-07-26T12:52:04.274+0000] {dag.py:4138} INFO - Setting next_dagrun for flex_eau_pipeline to 2026-07-26 00:00:00+00:00, run_after=2026-07-27 00:00:00+00:00
[2026-07-26T12:52:04.320+0000] {processor.py:208} INFO - Processing /opt/airflow/dags/flex_eau_pipeline.py took 0.287 seconds
[2026-07-26T12:52:34.513+0000] {processor.py:186} INFO - Started process (PID=12272) to work on /opt/airflow/dags/flex_eau_pipeline.py
[2026-07-26T12:52:34.515+0000] {processor.py:914} INFO - Processing file /opt/airflow/dags/flex_eau_pipeline.py for tasks to queue
[2026-07-26T12:52:34.518+0000] {logging_mixin.py:190} INFO - [2026-07-26T12:52:34.518+0000] {dagbag.py:587} INFO - Filling up the DagBag from /opt/airflow/dags/flex_eau_pipeline.py
[2026-07-26T12:52:34.550+0000] {processor.py:925} INFO - DAG(s) 'flex_eau_pipeline' retrieved from /opt/airflow/dags/flex_eau_pipeline.py
[2026-07-26T12:52:34.598+0000] {logging_mixin.py:190} INFO - [2026-07-26T12:52:34.597+0000] {dag.py:3211} INFO - Sync 1 DAGs
[2026-07-26T12:52:34.650+0000] {logging_mixin.py:190} INFO - [2026-07-26T12:52:34.650+0000] {dag.py:4138} INFO - Setting next_dagrun for flex_eau_pipeline to 2026-07-26 00:00:00+00:00, run_after=2026-07-27 00:00:00+00:00
[2026-07-26T12:52:34.699+0000] {processor.py:208} INFO - Processing /opt/airflow/dags/flex_eau_pipeline.py took 0.197 seconds
[2026-07-26T12:53:05.075+0000] {processor.py:186} INFO - Started process (PID=12277) to work on /opt/airflow/dags/flex_eau_pipeline.py
[2026-07-26T12:53:05.078+0000] {processor.py:914} INFO - Processing file /opt/airflow/dags/flex_eau_pipeline.py for tasks to queue
[2026-07-26T12:53:05.084+0000] {logging_mixin.py:190} INFO - [2026-07-26T12:53:05.083+0000] {dagbag.py:587} INFO - Filling up the DagBag from /opt/airflow/dags/flex_eau_pipeline.py
[2026-07-26T12:53:05.146+0000] {processor.py:925} INFO - DAG(s) 'flex_eau_pipeline' retrieved from /opt/airflow/dags/flex_eau_pipeline.py
[2026-07-26T12:53:05.216+0000] {logging_mixin.py:190} INFO - [2026-07-26T12:53:05.215+0000] {dag.py:3211} INFO - Sync 1 DAGs
[2026-07-26T12:53:05.251+0000] {logging_mixin.py:190} INFO - [2026-07-26T12:53:05.251+0000] {dag.py:4138} INFO - Setting next_dagrun for flex_eau_pipeline to 2026-07-26 00:00:00+00:00, run_after=2026-07-27 00:00:00+00:00
[2026-07-26T12:53:05.278+0000] {processor.py:208} INFO - Processing /opt/airflow/dags/flex_eau_pipeline.py took 0.216 seconds
[2026-07-26T12:53:35.646+0000] {processor.py:186} INFO - Started process (PID=12282) to work on /opt/airflow/dags/flex_eau_pipeline.py
[2026-07-26T12:53:35.649+0000] {processor.py:914} INFO - Processing file /opt/airflow/dags/flex_eau_pipeline.py for tasks to queue
[2026-07-26T12:53:35.654+0000] {logging_mixin.py:190} INFO - [2026-07-26T12:53:35.654+0000] {dagbag.py:587} INFO - Filling up the DagBag from /opt/airflow/dags/flex_eau_pipeline.py
[2026-07-26T12:53:35.706+0000] {processor.py:925} INFO - DAG(s) 'flex_eau_pipeline' retrieved from /opt/airflow/dags/flex_eau_pipeline.py
[2026-07-26T12:53:35.783+0000] {logging_mixin.py:190} INFO - [2026-07-26T12:53:35.782+0000] {dag.py:3211} INFO - Sync 1 DAGs
[2026-07-26T12:53:35.834+0000] {logging_mixin.py:190} INFO - [2026-07-26T12:53:35.834+0000] {dag.py:4138} INFO - Setting next_dagrun for flex_eau_pipeline to 2026-07-26 00:00:00+00:00, run_after=2026-07-27 00:00:00+00:00
[2026-07-26T12:53:35.874+0000] {processor.py:208} INFO - Processing /opt/airflow/dags/flex_eau_pipeline.py took 0.244 seconds
[2026-07-26T12:54:06.166+0000] {processor.py:186} INFO - Started process (PID=12287) to work on /opt/airflow/dags/flex_eau_pipeline.py
[2026-07-26T12:54:06.168+0000] {processor.py:914} INFO - Processing file /opt/airflow/dags/flex_eau_pipeline.py for tasks to queue
[2026-07-26T12:54:06.171+0000] {logging_mixin.py:190} INFO - [2026-07-26T12:54:06.171+0000] {dagbag.py:587} INFO - Filling up the DagBag from /opt/airflow/dags/flex_eau_pipeline.py
[2026-07-26T12:54:06.204+0000] {processor.py:925} INFO - DAG(s) 'flex_eau_pipeline' retrieved from /opt/airflow/dags/flex_eau_pipeline.py
[2026-07-26T12:54:06.245+0000] {logging_mixin.py:190} INFO - [2026-07-26T12:54:06.245+0000] {dag.py:3211} INFO - Sync 1 DAGs
[2026-07-26T12:54:06.280+0000] {logging_mixin.py:190} INFO - [2026-07-26T12:54:06.279+0000] {dag.py:4138} INFO - Setting next_dagrun for flex_eau_pipeline to 2026-07-26 00:00:00+00:00, run_after=2026-07-27 00:00:00+00:00
[2026-07-26T12:54:06.312+0000] {processor.py:208} INFO - Processing /opt/airflow/dags/flex_eau_pipeline.py took 0.155 seconds
[2026-07-26T12:54:36.615+0000] {processor.py:186} INFO - Started process (PID=12292) to work on /opt/airflow/dags/flex_eau_pipeline.py
[2026-07-26T12:54:36.619+0000] {processor.py:914} INFO - Processing file /opt/airflow/dags/flex_eau_pipeline.py for tasks to queue
[2026-07-26T12:54:36.626+0000] {logging_mixin.py:190} INFO - [2026-07-26T12:54:36.625+0000] {dagbag.py:587} INFO - Filling up the DagBag from /opt/airflow/dags/flex_eau_pipeline.py
[2026-07-26T12:54:36.673+0000] {processor.py:925} INFO - DAG(s) 'flex_eau_pipeline' retrieved from /opt/airflow/dags/flex_eau_pipeline.py
[2026-07-26T12:54:36.724+0000] {logging_mixin.py:190} INFO - [2026-07-26T12:54:36.723+0000] {dag.py:3211} INFO - Sync 1 DAGs
[2026-07-26T12:54:36.756+0000] {logging_mixin.py:190} INFO - [2026-07-26T12:54:36.756+0000] {dag.py:4138} INFO - Setting next_dagrun for flex_eau_pipeline to 2026-07-26 00:00:00+00:00, run_after=2026-07-27 00:00:00+00:00
[2026-07-26T12:54:36.788+0000] {processor.py:208} INFO - Processing /opt/airflow/dags/flex_eau_pipeline.py took 0.192 seconds
[2026-07-26T12:55:07.202+0000] {processor.py:186} INFO - Started process (PID=12297) to work on /opt/airflow/dags/flex_eau_pipeline.py
[2026-07-26T12:55:07.203+0000] {processor.py:914} INFO - Processing file /opt/airflow/dags/flex_eau_pipeline.py for tasks to queue
[2026-07-26T12:55:07.207+0000] {logging_mixin.py:190} INFO - [2026-07-26T12:55:07.206+0000] {dagbag.py:587} INFO - Filling up the DagBag from /opt/airflow/dags/flex_eau_pipeline.py
[2026-07-26T12:55:07.269+0000] {processor.py:925} INFO - DAG(s) 'flex_eau_pipeline' retrieved from /opt/airflow/dags/flex_eau_pipeline.py
[2026-07-26T12:55:07.327+0000] {logging_mixin.py:190} INFO - [2026-07-26T12:55:07.326+0000] {dag.py:3211} INFO - Sync 1 DAGs
[2026-07-26T12:55:07.357+0000] {logging_mixin.py:190} INFO - [2026-07-26T12:55:07.356+0000] {dag.py:4138} INFO - Setting next_dagrun for flex_eau_pipeline to 2026-07-26 00:00:00+00:00, run_after=2026-07-27 00:00:00+00:00
[2026-07-26T12:55:07.385+0000] {processor.py:208} INFO - Processing /opt/airflow/dags/flex_eau_pipeline.py took 0.193 seconds
[2026-07-26T12:55:37.793+0000] {processor.py:186} INFO - Started process (PID=12302) to work on /opt/airflow/dags/flex_eau_pipeline.py
[2026-07-26T12:55:37.795+0000] {processor.py:914} INFO - Processing file /opt/airflow/dags/flex_eau_pipeline.py for tasks to queue
[2026-07-26T12:55:37.798+0000] {logging_mixin.py:190} INFO - [2026-07-26T12:55:37.798+0000] {dagbag.py:587} INFO - Filling up the DagBag from /opt/airflow/dags/flex_eau_pipeline.py
[2026-07-26T12:55:37.842+0000] {processor.py:925} INFO - DAG(s) 'flex_eau_pipeline' retrieved from /opt/airflow/dags/flex_eau_pipeline.py
[2026-07-26T12:55:37.890+0000] {logging_mixin.py:190} INFO - [2026-07-26T12:55:37.890+0000] {dag.py:3211} INFO - Sync 1 DAGs
[2026-07-26T12:55:37.923+0000] {logging_mixin.py:190} INFO - [2026-07-26T12:55:37.923+0000] {dag.py:4138} INFO - Setting next_dagrun for flex_eau_pipeline to 2026-07-26 00:00:00+00:00, run_after=2026-07-27 00:00:00+00:00
[2026-07-26T12:55:37.951+0000] {processor.py:208} INFO - Processing /opt/airflow/dags/flex_eau_pipeline.py took 0.171 seconds
[2026-07-26T12:56:08.460+0000] {processor.py:186} INFO - Started process (PID=12307) to work on /opt/airflow/dags/flex_eau_pipeline.py
[2026-07-26T12:56:08.462+0000] {processor.py:914} INFO - Processing file /opt/airflow/dags/flex_eau_pipeline.py for tasks to queue
[2026-07-26T12:56:08.465+0000] {logging_mixin.py:190} INFO - [2026-07-26T12:56:08.465+0000] {dagbag.py:587} INFO - Filling up the DagBag from /opt/airflow/dags/flex_eau_pipeline.py
[2026-07-26T12:56:08.501+0000] {processor.py:925} INFO - DAG(s) 'flex_eau_pipeline' retrieved from /opt/airflow/dags/flex_eau_pipeline.py
[2026-07-26T12:56:08.550+0000] {logging_mixin.py:190} INFO - [2026-07-26T12:56:08.549+0000] {dag.py:3211} INFO - Sync 1 DAGs
[2026-07-26T12:56:08.580+0000] {logging_mixin.py:190} INFO - [2026-07-26T12:56:08.580+0000] {dag.py:4138} INFO - Setting next_dagrun for flex_eau_pipeline to 2026-07-26 00:00:00+00:00, run_after=2026-07-27 00:00:00+00:00
[2026-07-26T12:56:08.638+0000] {processor.py:208} INFO - Processing /opt/airflow/dags/flex_eau_pipeline.py took 0.187 seconds
[2026-07-26T12:56:39.002+0000] {processor.py:186} INFO - Started process (PID=12312) to work on /opt/airflow/dags/flex_eau_pipeline.py
[2026-07-26T12:56:39.004+0000] {processor.py:914} INFO - Processing file /opt/airflow/dags/flex_eau_pipeline.py for tasks to queue
[2026-07-26T12:56:39.007+0000] {logging_mixin.py:190} INFO - [2026-07-26T12:56:39.007+0000] {dagbag.py:587} INFO - Filling up the DagBag from /opt/airflow/dags/flex_eau_pipeline.py
[2026-07-26T12:56:39.044+0000] {processor.py:925} INFO - DAG(s) 'flex_eau_pipeline' retrieved from /opt/airflow/dags/flex_eau_pipeline.py
[2026-07-26T12:56:39.092+0000] {logging_mixin.py:190} INFO - [2026-07-26T12:56:39.092+0000] {dag.py:3211} INFO - Sync 1 DAGs
[2026-07-26T12:56:39.131+0000] {logging_mixin.py:190} INFO - [2026-07-26T12:56:39.130+0000] {dag.py:4138} INFO - Setting next_dagrun for flex_eau_pipeline to 2026-07-26 00:00:00+00:00, run_after=2026-07-27 00:00:00+00:00
[2026-07-26T12:56:39.171+0000] {processor.py:208} INFO - Processing /opt/airflow/dags/flex_eau_pipeline.py took 0.179 seconds
[2026-07-26T12:57:09.848+0000] {processor.py:186} INFO - Started process (PID=12317) to work on /opt/airflow/dags/flex_eau_pipeline.py
[2026-07-26T12:57:09.849+0000] {processor.py:914} INFO - Processing file /opt/airflow/dags/flex_eau_pipeline.py for tasks to queue
[2026-07-26T12:57:09.852+0000] {logging_mixin.py:190} INFO - [2026-07-26T12:57:09.852+0000] {dagbag.py:587} INFO - Filling up the DagBag from /opt/airflow/dags/flex_eau_pipeline.py
[2026-07-26T12:57:09.887+0000] {processor.py:925} INFO - DAG(s) 'flex_eau_pipeline' retrieved from /opt/airflow/dags/flex_eau_pipeline.py
[2026-07-26T12:57:09.940+0000] {logging_mixin.py:190} INFO - [2026-07-26T12:57:09.940+0000] {dag.py:3211} INFO - Sync 1 DAGs
[2026-07-26T12:57:09.992+0000] {logging_mixin.py:190} INFO - [2026-07-26T12:57:09.992+0000] {dag.py:4138} INFO - Setting next_dagrun for flex_eau_pipeline to 2026-07-26 00:00:00+00:00, run_after=2026-07-27 00:00:00+00:00
[2026-07-26T12:57:10.039+0000] {processor.py:208} INFO - Processing /opt/airflow/dags/flex_eau_pipeline.py took 0.199 seconds
[2026-07-26T12:57:40.304+0000] {processor.py:186} INFO - Started process (PID=12322) to work on /opt/airflow/dags/flex_eau_pipeline.py
[2026-07-26T12:57:40.306+0000] {processor.py:914} INFO - Processing file /opt/airflow/dags/flex_eau_pipeline.py for tasks to queue
[2026-07-26T12:57:40.310+0000] {logging_mixin.py:190} INFO - [2026-07-26T12:57:40.309+0000] {dagbag.py:587} INFO - Filling up the DagBag from /opt/airflow/dags/flex_eau_pipeline.py
[2026-07-26T12:57:40.363+0000] {processor.py:925} INFO - DAG(s) 'flex_eau_pipeline' retrieved from /opt/airflow/dags/flex_eau_pipeline.py
[2026-07-26T12:57:40.450+0000] {logging_mixin.py:190} INFO - [2026-07-26T12:57:40.449+0000] {dag.py:3211} INFO - Sync 1 DAGs
[2026-07-26T12:57:40.496+0000] {logging_mixin.py:190} INFO - [2026-07-26T12:57:40.495+0000] {dag.py:4138} INFO - Setting next_dagrun for flex_eau_pipeline to 2026-07-26 00:00:00+00:00, run_after=2026-07-27 00:00:00+00:00
[2026-07-26T12:57:40.530+0000] {processor.py:208} INFO - Processing /opt/airflow/dags/flex_eau_pipeline.py took 0.244 seconds
[2026-07-26T12:58:10.966+0000] {processor.py:186} INFO - Started process (PID=12327) to work on /opt/airflow/dags/flex_eau_pipeline.py
[2026-07-26T12:58:10.968+0000] {processor.py:914} INFO - Processing file /opt/airflow/dags/flex_eau_pipeline.py for tasks to queue
[2026-07-26T12:58:10.974+0000] {logging_mixin.py:190} INFO - [2026-07-26T12:58:10.973+0000] {dagbag.py:587} INFO - Filling up the DagBag from /opt/airflow/dags/flex_eau_pipeline.py
[2026-07-26T12:58:11.038+0000] {processor.py:925} INFO - DAG(s) 'flex_eau_pipeline' retrieved from /opt/airflow/dags/flex_eau_pipeline.py
[2026-07-26T12:58:11.107+0000] {logging_mixin.py:190} INFO - [2026-07-26T12:58:11.107+0000] {dag.py:3211} INFO - Sync 1 DAGs
[2026-07-26T12:58:11.137+0000] {logging_mixin.py:190} INFO - [2026-07-26T12:58:11.136+0000] {dag.py:4138} INFO - Setting next_dagrun for flex_eau_pipeline to 2026-07-26 00:00:00+00:00, run_after=2026-07-27 00:00:00+00:00
[2026-07-26T12:58:11.166+0000] {processor.py:208} INFO - Processing /opt/airflow/dags/flex_eau_pipeline.py took 0.207 seconds
[2026-07-26T12:58:41.609+0000] {processor.py:186} INFO - Started process (PID=12332) to work on /opt/airflow/dags/flex_eau_pipeline.py
[2026-07-26T12:58:41.611+0000] {processor.py:914} INFO - Processing file /opt/airflow/dags/flex_eau_pipeline.py for tasks to queue
[2026-07-26T12:58:41.616+0000] {logging_mixin.py:190} INFO - [2026-07-26T12:58:41.615+0000] {dagbag.py:587} INFO - Filling up the DagBag from /opt/airflow/dags/flex_eau_pipeline.py
[2026-07-26T12:58:41.664+0000] {processor.py:925} INFO - DAG(s) 'flex_eau_pipeline' retrieved from /opt/airflow/dags/flex_eau_pipeline.py
[2026-07-26T12:58:41.711+0000] {logging_mixin.py:190} INFO - [2026-07-26T12:58:41.711+0000] {dag.py:3211} INFO - Sync 1 DAGs
[2026-07-26T12:58:41.740+0000] {logging_mixin.py:190} INFO - [2026-07-26T12:58:41.739+0000] {dag.py:4138} INFO - Setting next_dagrun for flex_eau_pipeline to 2026-07-26 00:00:00+00:00, run_after=2026-07-27 00:00:00+00:00
[2026-07-26T12:58:41.768+0000] {processor.py:208} INFO - Processing /opt/airflow/dags/flex_eau_pipeline.py took 0.171 seconds
[2026-07-26T12:59:12.177+0000] {processor.py:186} INFO - Started process (PID=12337) to work on /opt/airflow/dags/flex_eau_pipeline.py
[2026-07-26T12:59:12.180+0000] {processor.py:914} INFO - Processing file /opt/airflow/dags/flex_eau_pipeline.py for tasks to queue
[2026-07-26T12:59:12.185+0000] {logging_mixin.py:190} INFO - [2026-07-26T12:59:12.184+0000] {dagbag.py:587} INFO - Filling up the DagBag from /opt/airflow/dags/flex_eau_pipeline.py
[2026-07-26T12:59:12.241+0000] {processor.py:925} INFO - DAG(s) 'flex_eau_pipeline' retrieved from /opt/airflow/dags/flex_eau_pipeline.py
[2026-07-26T12:59:12.285+0000] {logging_mixin.py:190} INFO - [2026-07-26T12:59:12.285+0000] {dag.py:3211} INFO - Sync 1 DAGs
[2026-07-26T12:59:12.320+0000] {logging_mixin.py:190} INFO - [2026-07-26T12:59:12.320+0000] {dag.py:4138} INFO - Setting next_dagrun for flex_eau_pipeline to 2026-07-26 00:00:00+00:00, run_after=2026-07-27 00:00:00+00:00
[2026-07-26T12:59:12.358+0000] {processor.py:208} INFO - Processing /opt/airflow/dags/flex_eau_pipeline.py took 0.196 seconds
[2026-07-26T12:59:42.821+0000] {processor.py:186} INFO - Started process (PID=12342) to work on /opt/airflow/dags/flex_eau_pipeline.py
[2026-07-26T12:59:42.824+0000] {processor.py:914} INFO - Processing file /opt/airflow/dags/flex_eau_pipeline.py for tasks to queue
[2026-07-26T12:59:42.829+0000] {logging_mixin.py:190} INFO - [2026-07-26T12:59:42.828+0000] {dagbag.py:587} INFO - Filling up the DagBag from /opt/airflow/dags/flex_eau_pipeline.py
[2026-07-26T12:59:42.874+0000] {processor.py:925} INFO - DAG(s) 'flex_eau_pipeline' retrieved from /opt/airflow/dags/flex_eau_pipeline.py
[2026-07-26T12:59:42.927+0000] {logging_mixin.py:190} INFO - [2026-07-26T12:59:42.927+0000] {dag.py:3211} INFO - Sync 1 DAGs
[2026-07-26T12:59:42.956+0000] {logging_mixin.py:190} INFO - [2026-07-26T12:59:42.956+0000] {dag.py:4138} INFO - Setting next_dagrun for flex_eau_pipeline to 2026-07-26 00:00:00+00:00, run_after=2026-07-27 00:00:00+00:00
[2026-07-26T12:59:43.005+0000] {processor.py:208} INFO - Processing /opt/airflow/dags/flex_eau_pipeline.py took 0.206 seconds
[2026-07-26T13:00:13.481+0000] {processor.py:186} INFO - Started process (PID=12347) to work on /opt/airflow/dags/flex_eau_pipeline.py
[2026-07-26T13:00:13.487+0000] {processor.py:914} INFO - Processing file /opt/airflow/dags/flex_eau_pipeline.py for tasks to queue
[2026-07-26T13:00:13.500+0000] {logging_mixin.py:190} INFO - [2026-07-26T13:00:13.498+0000] {dagbag.py:587} INFO - Filling up the DagBag from /opt/airflow/dags/flex_eau_pipeline.py
[2026-07-26T13:00:13.630+0000] {processor.py:925} INFO - DAG(s) 'flex_eau_pipeline' retrieved from /opt/airflow/dags/flex_eau_pipeline.py
[2026-07-26T13:00:13.702+0000] {logging_mixin.py:190} INFO - [2026-07-26T13:00:13.701+0000] {dag.py:3211} INFO - Sync 1 DAGs
[2026-07-26T13:00:13.766+0000] {logging_mixin.py:190} INFO - [2026-07-26T13:00:13.765+0000] {dag.py:4138} INFO - Setting next_dagrun for flex_eau_pipeline to 2026-07-26 00:00:00+00:00, run_after=2026-07-27 00:00:00+00:00
[2026-07-26T13:00:13.807+0000] {processor.py:208} INFO - Processing /opt/airflow/dags/flex_eau_pipeline.py took 0.363 seconds
[2026-07-26T13:00:43.992+0000] {processor.py:186} INFO - Started process (PID=12352) to work on /opt/airflow/dags/flex_eau_pipeline.py
[2026-07-26T13:00:43.994+0000] {processor.py:914} INFO - Processing file /opt/airflow/dags/flex_eau_pipeline.py for tasks to queue
[2026-07-26T13:00:43.997+0000] {logging_mixin.py:190} INFO - [2026-07-26T13:00:43.997+0000] {dagbag.py:587} INFO - Filling up the DagBag from /opt/airflow/dags/flex_eau_pipeline.py
[2026-07-26T13:00:44.032+0000] {processor.py:925} INFO - DAG(s) 'flex_eau_pipeline' retrieved from /opt/airflow/dags/flex_eau_pipeline.py
[2026-07-26T13:00:44.082+0000] {logging_mixin.py:190} INFO - [2026-07-26T13:00:44.082+0000] {dag.py:3211} INFO - Sync 1 DAGs
[2026-07-26T13:00:44.121+0000] {logging_mixin.py:190} INFO - [2026-07-26T13:00:44.121+0000] {dag.py:4138} INFO - Setting next_dagrun for flex_eau_pipeline to 2026-07-26 00:00:00+00:00, run_after=2026-07-27 00:00:00+00:00
[2026-07-26T13:00:44.151+0000] {processor.py:208} INFO - Processing /opt/airflow/dags/flex_eau_pipeline.py took 0.168 seconds
[2026-07-26T13:01:14.401+0000] {processor.py:186} INFO - Started process (PID=12357) to work on /opt/airflow/dags/flex_eau_pipeline.py
[2026-07-26T13:01:14.403+0000] {processor.py:914} INFO - Processing file /opt/airflow/dags/flex_eau_pipeline.py for tasks to queue
[2026-07-26T13:01:14.406+0000] {logging_mixin.py:190} INFO - [2026-07-26T13:01:14.406+0000] {dagbag.py:587} INFO - Filling up the DagBag from /opt/airflow/dags/flex_eau_pipeline.py
[2026-07-26T13:01:14.444+0000] {processor.py:925} INFO - DAG(s) 'flex_eau_pipeline' retrieved from /opt/airflow/dags/flex_eau_pipeline.py
[2026-07-26T13:01:14.496+0000] {logging_mixin.py:190} INFO - [2026-07-26T13:01:14.495+0000] {dag.py:3211} INFO - Sync 1 DAGs
[2026-07-26T13:01:14.539+0000] {logging_mixin.py:190} INFO - [2026-07-26T13:01:14.539+0000] {dag.py:4138} INFO - Setting next_dagrun for flex_eau_pipeline to 2026-07-26 00:00:00+00:00, run_after=2026-07-27 00:00:00+00:00
[2026-07-26T13:01:14.573+0000] {processor.py:208} INFO - Processing /opt/airflow/dags/flex_eau_pipeline.py took 0.181 seconds
[2026-07-26T13:01:45.127+0000] {processor.py:186} INFO - Started process (PID=12362) to work on /opt/airflow/dags/flex_eau_pipeline.py
[2026-07-26T13:01:45.129+0000] {processor.py:914} INFO - Processing file /opt/airflow/dags/flex_eau_pipeline.py for tasks to queue
[2026-07-26T13:01:45.132+0000] {logging_mixin.py:190} INFO - [2026-07-26T13:01:45.132+0000] {dagbag.py:587} INFO - Filling up the DagBag from /opt/airflow/dags/flex_eau_pipeline.py
[2026-07-26T13:01:45.166+0000] {processor.py:925} INFO - DAG(s) 'flex_eau_pipeline' retrieved from /opt/airflow/dags/flex_eau_pipeline.py
[2026-07-26T13:01:45.209+0000] {logging_mixin.py:190} INFO - [2026-07-26T13:01:45.209+0000] {dag.py:3211} INFO - Sync 1 DAGs
[2026-07-26T13:01:45.244+0000] {logging_mixin.py:190} INFO - [2026-07-26T13:01:45.244+0000] {dag.py:4138} INFO - Setting next_dagrun for flex_eau_pipeline to 2026-07-26 00:00:00+00:00, run_after=2026-07-27 00:00:00+00:00
[2026-07-26T13:01:45.283+0000] {processor.py:208} INFO - Processing /opt/airflow/dags/flex_eau_pipeline.py took 0.165 seconds
[2026-07-26T13:02:15.643+0000] {processor.py:186} INFO - Started process (PID=12367) to work on /opt/airflow/dags/flex_eau_pipeline.py
[2026-07-26T13:02:15.645+0000] {processor.py:914} INFO - Processing file /opt/airflow/dags/flex_eau_pipeline.py for tasks to queue
[2026-07-26T13:02:15.648+0000] {logging_mixin.py:190} INFO - [2026-07-26T13:02:15.648+0000] {dagbag.py:587} INFO - Filling up the DagBag from /opt/airflow/dags/flex_eau_pipeline.py
[2026-07-26T13:02:15.679+0000] {processor.py:925} INFO - DAG(s) 'flex_eau_pipeline' retrieved from /opt/airflow/dags/flex_eau_pipeline.py
[2026-07-26T13:02:15.724+0000] {logging_mixin.py:190} INFO - [2026-07-26T13:02:15.724+0000] {dag.py:3211} INFO - Sync 1 DAGs
[2026-07-26T13:02:15.762+0000] {logging_mixin.py:190} INFO - [2026-07-26T13:02:15.761+0000] {dag.py:4138} INFO - Setting next_dagrun for flex_eau_pipeline to 2026-07-26 00:00:00+00:00, run_after=2026-07-27 00:00:00+00:00
[2026-07-26T13:02:15.793+0000] {processor.py:208} INFO - Processing /opt/airflow/dags/flex_eau_pipeline.py took 0.163 seconds
[2026-07-26T13:02:46.410+0000] {processor.py:186} INFO - Started process (PID=12372) to work on /opt/airflow/dags/flex_eau_pipeline.py
[2026-07-26T13:02:46.412+0000] {processor.py:914} INFO - Processing file /opt/airflow/dags/flex_eau_pipeline.py for tasks to queue
[2026-07-26T13:02:46.418+0000] {logging_mixin.py:190} INFO - [2026-07-26T13:02:46.418+0000] {dagbag.py:587} INFO - Filling up the DagBag from /opt/airflow/dags/flex_eau_pipeline.py
[2026-07-26T13:02:46.495+0000] {processor.py:925} INFO - DAG(s) 'flex_eau_pipeline' retrieved from /opt/airflow/dags/flex_eau_pipeline.py
[2026-07-26T13:02:46.562+0000] {logging_mixin.py:190} INFO - [2026-07-26T13:02:46.562+0000] {dag.py:3211} INFO - Sync 1 DAGs
[2026-07-26T13:02:46.590+0000] {logging_mixin.py:190} INFO - [2026-07-26T13:02:46.590+0000] {dag.py:4138} INFO - Setting next_dagrun for flex_eau_pipeline to 2026-07-26 00:00:00+00:00, run_after=2026-07-27 00:00:00+00:00
[2026-07-26T13:02:46.618+0000] {processor.py:208} INFO - Processing /opt/airflow/dags/flex_eau_pipeline.py took 0.225 seconds
[2026-07-26T13:03:16.889+0000] {processor.py:186} INFO - Started process (PID=12377) to work on /opt/airflow/dags/flex_eau_pipeline.py
[2026-07-26T13:03:16.891+0000] {processor.py:914} INFO - Processing file /opt/airflow/dags/flex_eau_pipeline.py for tasks to queue
[2026-07-26T13:03:16.895+0000] {logging_mixin.py:190} INFO - [2026-07-26T13:03:16.894+0000] {dagbag.py:587} INFO - Filling up the DagBag from /opt/airflow/dags/flex_eau_pipeline.py
[2026-07-26T13:03:16.934+0000] {processor.py:925} INFO - DAG(s) 'flex_eau_pipeline' retrieved from /opt/airflow/dags/flex_eau_pipeline.py
[2026-07-26T13:03:16.985+0000] {logging_mixin.py:190} INFO - [2026-07-26T13:03:16.984+0000] {dag.py:3211} INFO - Sync 1 DAGs
[2026-07-26T13:03:17.021+0000] {logging_mixin.py:190} INFO - [2026-07-26T13:03:17.020+0000] {dag.py:4138} INFO - Setting next_dagrun for flex_eau_pipeline to 2026-07-26 00:00:00+00:00, run_after=2026-07-27 00:00:00+00:00
[2026-07-26T13:03:17.056+0000] {processor.py:208} INFO - Processing /opt/airflow/dags/flex_eau_pipeline.py took 0.179 seconds
[2026-07-26T13:03:47.452+0000] {processor.py:186} INFO - Started process (PID=12382) to work on /opt/airflow/dags/flex_eau_pipeline.py
[2026-07-26T13:03:47.454+0000] {processor.py:914} INFO - Processing file /opt/airflow/dags/flex_eau_pipeline.py for tasks to queue
[2026-07-26T13:03:47.458+0000] {logging_mixin.py:190} INFO - [2026-07-26T13:03:47.457+0000] {dagbag.py:587} INFO - Filling up the DagBag from /opt/airflow/dags/flex_eau_pipeline.py
[2026-07-26T13:03:47.511+0000] {processor.py:925} INFO - DAG(s) 'flex_eau_pipeline' retrieved from /opt/airflow/dags/flex_eau_pipeline.py
[2026-07-26T13:03:47.556+0000] {logging_mixin.py:190} INFO - [2026-07-26T13:03:47.555+0000] {dag.py:3211} INFO - Sync 1 DAGs
[2026-07-26T13:03:47.586+0000] {logging_mixin.py:190} INFO - [2026-07-26T13:03:47.585+0000] {dag.py:4138} INFO - Setting next_dagrun for flex_eau_pipeline to 2026-07-26 00:00:00+00:00, run_after=2026-07-27 00:00:00+00:00
[2026-07-26T13:03:47.615+0000] {processor.py:208} INFO - Processing /opt/airflow/dags/flex_eau_pipeline.py took 0.174 seconds
[2026-07-26T13:04:18.267+0000] {processor.py:186} INFO - Started process (PID=12387) to work on /opt/airflow/dags/flex_eau_pipeline.py
[2026-07-26T13:04:18.277+0000] {processor.py:914} INFO - Processing file /opt/airflow/dags/flex_eau_pipeline.py for tasks to queue
[2026-07-26T13:04:18.289+0000] {logging_mixin.py:190} INFO - [2026-07-26T13:04:18.287+0000] {dagbag.py:587} INFO - Filling up the DagBag from /opt/airflow/dags/flex_eau_pipeline.py
[2026-07-26T13:04:18.384+0000] {processor.py:925} INFO - DAG(s) 'flex_eau_pipeline' retrieved from /opt/airflow/dags/flex_eau_pipeline.py
[2026-07-26T13:04:18.482+0000] {logging_mixin.py:190} INFO - [2026-07-26T13:04:18.482+0000] {dag.py:3211} INFO - Sync 1 DAGs
[2026-07-26T13:04:18.571+0000] {logging_mixin.py:190} INFO - [2026-07-26T13:04:18.570+0000] {dag.py:4138} INFO - Setting next_dagrun for flex_eau_pipeline to 2026-07-26 00:00:00+00:00, run_after=2026-07-27 00:00:00+00:00
[2026-07-26T13:04:18.622+0000] {processor.py:208} INFO - Processing /opt/airflow/dags/flex_eau_pipeline.py took 0.388 seconds
[2026-07-26T13:04:48.766+0000] {processor.py:186} INFO - Started process (PID=12392) to work on /opt/airflow/dags/flex_eau_pipeline.py
[2026-07-26T13:04:48.768+0000] {processor.py:914} INFO - Processing file /opt/airflow/dags/flex_eau_pipeline.py for tasks to queue
[2026-07-26T13:04:48.772+0000] {logging_mixin.py:190} INFO - [2026-07-26T13:04:48.772+0000] {dagbag.py:587} INFO - Filling up the DagBag from /opt/airflow/dags/flex_eau_pipeline.py
[2026-07-26T13:04:48.829+0000] {processor.py:925} INFO - DAG(s) 'flex_eau_pipeline' retrieved from /opt/airflow/dags/flex_eau_pipeline.py
[2026-07-26T13:04:48.903+0000] {logging_mixin.py:190} INFO - [2026-07-26T13:04:48.902+0000] {dag.py:3211} INFO - Sync 1 DAGs
[2026-07-26T13:04:48.937+0000] {logging_mixin.py:190} INFO - [2026-07-26T13:04:48.937+0000] {dag.py:4138} INFO - Setting next_dagrun for flex_eau_pipeline to 2026-07-26 00:00:00+00:00, run_after=2026-07-27 00:00:00+00:00
[2026-07-26T13:04:48.967+0000] {processor.py:208} INFO - Processing /opt/airflow/dags/flex_eau_pipeline.py took 0.212 seconds
[2026-07-26T13:05:19.261+0000] {processor.py:186} INFO - Started process (PID=12397) to work on /opt/airflow/dags/flex_eau_pipeline.py
[2026-07-26T13:05:19.263+0000] {processor.py:914} INFO - Processing file /opt/airflow/dags/flex_eau_pipeline.py for tasks to queue
[2026-07-26T13:05:19.266+0000] {logging_mixin.py:190} INFO - [2026-07-26T13:05:19.266+0000] {dagbag.py:587} INFO - Filling up the DagBag from /opt/airflow/dags/flex_eau_pipeline.py
[2026-07-26T13:05:19.300+0000] {processor.py:925} INFO - DAG(s) 'flex_eau_pipeline' retrieved from /opt/airflow/dags/flex_eau_pipeline.py
[2026-07-26T13:05:19.348+0000] {logging_mixin.py:190} INFO - [2026-07-26T13:05:19.347+0000] {dag.py:3211} INFO - Sync 1 DAGs
[2026-07-26T13:05:19.380+0000] {logging_mixin.py:190} INFO - [2026-07-26T13:05:19.380+0000] {dag.py:4138} INFO - Setting next_dagrun for flex_eau_pipeline to 2026-07-26 00:00:00+00:00, run_after=2026-07-27 00:00:00+00:00
[2026-07-26T13:05:19.410+0000] {processor.py:208} INFO - Processing /opt/airflow/dags/flex_eau_pipeline.py took 0.159 seconds
[2026-07-26T13:05:49.786+0000] {processor.py:186} INFO - Started process (PID=12402) to work on /opt/airflow/dags/flex_eau_pipeline.py
[2026-07-26T13:05:49.787+0000] {processor.py:914} INFO - Processing file /opt/airflow/dags/flex_eau_pipeline.py for tasks to queue
[2026-07-26T13:05:49.791+0000] {logging_mixin.py:190} INFO - [2026-07-26T13:05:49.790+0000] {dagbag.py:587} INFO - Filling up the DagBag from /opt/airflow/dags/flex_eau_pipeline.py
[2026-07-26T13:05:49.826+0000] {processor.py:925} INFO - DAG(s) 'flex_eau_pipeline' retrieved from /opt/airflow/dags/flex_eau_pipeline.py
[2026-07-26T13:05:49.869+0000] {logging_mixin.py:190} INFO - [2026-07-26T13:05:49.869+0000] {dag.py:3211} INFO - Sync 1 DAGs
[2026-07-26T13:05:49.899+0000] {logging_mixin.py:190} INFO - [2026-07-26T13:05:49.899+0000] {dag.py:4138} INFO - Setting next_dagrun for flex_eau_pipeline to 2026-07-26 00:00:00+00:00, run_after=2026-07-27 00:00:00+00:00
[2026-07-26T13:05:49.931+0000] {processor.py:208} INFO - Processing /opt/airflow/dags/flex_eau_pipeline.py took 0.155 seconds
[2026-07-26T13:06:20.431+0000] {processor.py:186} INFO - Started process (PID=12407) to work on /opt/airflow/dags/flex_eau_pipeline.py
[2026-07-26T13:06:20.433+0000] {processor.py:914} INFO - Processing file /opt/airflow/dags/flex_eau_pipeline.py for tasks to queue
[2026-07-26T13:06:20.436+0000] {logging_mixin.py:190} INFO - [2026-07-26T13:06:20.436+0000] {dagbag.py:587} INFO - Filling up the DagBag from /opt/airflow/dags/flex_eau_pipeline.py
[2026-07-26T13:06:20.495+0000] {processor.py:925} INFO - DAG(s) 'flex_eau_pipeline' retrieved from /opt/airflow/dags/flex_eau_pipeline.py
[2026-07-26T13:06:20.576+0000] {logging_mixin.py:190} INFO - [2026-07-26T13:06:20.575+0000] {dag.py:3211} INFO - Sync 1 DAGs
[2026-07-26T13:06:20.606+0000] {logging_mixin.py:190} INFO - [2026-07-26T13:06:20.606+0000] {dag.py:4138} INFO - Setting next_dagrun for flex_eau_pipeline to 2026-07-26 00:00:00+00:00, run_after=2026-07-27 00:00:00+00:00
[2026-07-26T13:06:20.635+0000] {processor.py:208} INFO - Processing /opt/airflow/dags/flex_eau_pipeline.py took 0.213 seconds
[2026-07-26T13:06:51.091+0000] {processor.py:186} INFO - Started process (PID=12412) to work on /opt/airflow/dags/flex_eau_pipeline.py
[2026-07-26T13:06:51.097+0000] {processor.py:914} INFO - Processing file /opt/airflow/dags/flex_eau_pipeline.py for tasks to queue
[2026-07-26T13:06:51.108+0000] {logging_mixin.py:190} INFO - [2026-07-26T13:06:51.107+0000] {dagbag.py:587} INFO - Filling up the DagBag from /opt/airflow/dags/flex_eau_pipeline.py
[2026-07-26T13:06:51.265+0000] {processor.py:925} INFO - DAG(s) 'flex_eau_pipeline' retrieved from /opt/airflow/dags/flex_eau_pipeline.py
[2026-07-26T13:06:51.448+0000] {logging_mixin.py:190} INFO - [2026-07-26T13:06:51.447+0000] {dag.py:3211} INFO - Sync 1 DAGs
[2026-07-26T13:06:51.486+0000] {logging_mixin.py:190} INFO - [2026-07-26T13:06:51.485+0000] {dag.py:4138} INFO - Setting next_dagrun for flex_eau_pipeline to 2026-07-26 00:00:00+00:00, run_after=2026-07-27 00:00:00+00:00
[2026-07-26T13:06:51.515+0000] {processor.py:208} INFO - Processing /opt/airflow/dags/flex_eau_pipeline.py took 0.469 seconds
[2026-07-26T13:07:21.816+0000] {processor.py:186} INFO - Started process (PID=12417) to work on /opt/airflow/dags/flex_eau_pipeline.py
[2026-07-26T13:07:21.818+0000] {processor.py:914} INFO - Processing file /opt/airflow/dags/flex_eau_pipeline.py for tasks to queue
[2026-07-26T13:07:21.821+0000] {logging_mixin.py:190} INFO - [2026-07-26T13:07:21.820+0000] {dagbag.py:587} INFO - Filling up the DagBag from /opt/airflow/dags/flex_eau_pipeline.py
[2026-07-26T13:07:21.868+0000] {processor.py:925} INFO - DAG(s) 'flex_eau_pipeline' retrieved from /opt/airflow/dags/flex_eau_pipeline.py
[2026-07-26T13:07:21.925+0000] {logging_mixin.py:190} INFO - [2026-07-26T13:07:21.924+0000] {dag.py:3211} INFO - Sync 1 DAGs
[2026-07-26T13:07:21.964+0000] {logging_mixin.py:190} INFO - [2026-07-26T13:07:21.963+0000] {dag.py:4138} INFO - Setting next_dagrun for flex_eau_pipeline to 2026-07-26 00:00:00+00:00, run_after=2026-07-27 00:00:00+00:00
[2026-07-26T13:07:21.996+0000] {processor.py:208} INFO - Processing /opt/airflow/dags/flex_eau_pipeline.py took 0.190 seconds
[2026-07-26T13:07:52.361+0000] {processor.py:186} INFO - Started process (PID=12422) to work on /opt/airflow/dags/flex_eau_pipeline.py
[2026-07-26T13:07:52.364+0000] {processor.py:914} INFO - Processing file /opt/airflow/dags/flex_eau_pipeline.py for tasks to queue
[2026-07-26T13:07:52.372+0000] {logging_mixin.py:190} INFO - [2026-07-26T13:07:52.372+0000] {dagbag.py:587} INFO - Filling up the DagBag from /opt/airflow/dags/flex_eau_pipeline.py
[2026-07-26T13:07:52.440+0000] {processor.py:925} INFO - DAG(s) 'flex_eau_pipeline' retrieved from /opt/airflow/dags/flex_eau_pipeline.py
[2026-07-26T13:07:52.491+0000] {logging_mixin.py:190} INFO - [2026-07-26T13:07:52.491+0000] {dag.py:3211} INFO - Sync 1 DAGs
[2026-07-26T13:07:52.527+0000] {logging_mixin.py:190} INFO - [2026-07-26T13:07:52.527+0000] {dag.py:4138} INFO - Setting next_dagrun for flex_eau_pipeline to 2026-07-26 00:00:00+00:00, run_after=2026-07-27 00:00:00+00:00
[2026-07-26T13:07:52.564+0000] {processor.py:208} INFO - Processing /opt/airflow/dags/flex_eau_pipeline.py took 0.234 seconds
[2026-07-26T13:08:23.146+0000] {processor.py:186} INFO - Started process (PID=12427) to work on /opt/airflow/dags/flex_eau_pipeline.py
[2026-07-26T13:08:23.151+0000] {processor.py:914} INFO - Processing file /opt/airflow/dags/flex_eau_pipeline.py for tasks to queue
[2026-07-26T13:08:23.162+0000] {logging_mixin.py:190} INFO - [2026-07-26T13:08:23.161+0000] {dagbag.py:587} INFO - Filling up the DagBag from /opt/airflow/dags/flex_eau_pipeline.py
[2026-07-26T13:08:23.226+0000] {processor.py:925} INFO - DAG(s) 'flex_eau_pipeline' retrieved from /opt/airflow/dags/flex_eau_pipeline.py
[2026-07-26T13:08:23.294+0000] {logging_mixin.py:190} INFO - [2026-07-26T13:08:23.294+0000] {dag.py:3211} INFO - Sync 1 DAGs
[2026-07-26T13:08:23.362+0000] {logging_mixin.py:190} INFO - [2026-07-26T13:08:23.361+0000] {dag.py:4138} INFO - Setting next_dagrun for flex_eau_pipeline to 2026-07-26 00:00:00+00:00, run_after=2026-07-27 00:00:00+00:00
[2026-07-26T13:08:23.417+0000] {processor.py:208} INFO - Processing /opt/airflow/dags/flex_eau_pipeline.py took 0.308 seconds
[2026-07-26T13:08:53.634+0000] {processor.py:186} INFO - Started process (PID=12432) to work on /opt/airflow/dags/flex_eau_pipeline.py
[2026-07-26T13:08:53.637+0000] {processor.py:914} INFO - Processing file /opt/airflow/dags/flex_eau_pipeline.py for tasks to queue
[2026-07-26T13:08:53.641+0000] {logging_mixin.py:190} INFO - [2026-07-26T13:08:53.641+0000] {dagbag.py:587} INFO - Filling up the DagBag from /opt/airflow/dags/flex_eau_pipeline.py
[2026-07-26T13:08:53.697+0000] {processor.py:925} INFO - DAG(s) 'flex_eau_pipeline' retrieved from /opt/airflow/dags/flex_eau_pipeline.py
[2026-07-26T13:08:53.781+0000] {logging_mixin.py:190} INFO - [2026-07-26T13:08:53.780+0000] {dag.py:3211} INFO - Sync 1 DAGs
[2026-07-26T13:08:53.851+0000] {logging_mixin.py:190} INFO - [2026-07-26T13:08:53.850+0000] {dag.py:4138} INFO - Setting next_dagrun for flex_eau_pipeline to 2026-07-26 00:00:00+00:00, run_after=2026-07-27 00:00:00+00:00
[2026-07-26T13:08:53.909+0000] {processor.py:208} INFO - Processing /opt/airflow/dags/flex_eau_pipeline.py took 0.289 seconds
[2026-07-26T13:09:24.230+0000] {processor.py:186} INFO - Started process (PID=12437) to work on /opt/airflow/dags/flex_eau_pipeline.py
[2026-07-26T13:09:24.233+0000] {processor.py:914} INFO - Processing file /opt/airflow/dags/flex_eau_pipeline.py for tasks to queue
[2026-07-26T13:09:24.237+0000] {logging_mixin.py:190} INFO - [2026-07-26T13:09:24.236+0000] {dagbag.py:587} INFO - Filling up the DagBag from /opt/airflow/dags/flex_eau_pipeline.py
[2026-07-26T13:09:24.273+0000] {processor.py:925} INFO - DAG(s) 'flex_eau_pipeline' retrieved from /opt/airflow/dags/flex_eau_pipeline.py
[2026-07-26T13:09:24.325+0000] {logging_mixin.py:190} INFO - [2026-07-26T13:09:24.325+0000] {dag.py:3211} INFO - Sync 1 DAGs
[2026-07-26T13:09:24.364+0000] {logging_mixin.py:190} INFO - [2026-07-26T13:09:24.363+0000] {dag.py:4138} INFO - Setting next_dagrun for flex_eau_pipeline to 2026-07-26 00:00:00+00:00, run_after=2026-07-27 00:00:00+00:00
[2026-07-26T13:09:24.399+0000] {processor.py:208} INFO - Processing /opt/airflow/dags/flex_eau_pipeline.py took 0.179 seconds
[2026-07-26T13:09:54.819+0000] {processor.py:186} INFO - Started process (PID=12442) to work on /opt/airflow/dags/flex_eau_pipeline.py
[2026-07-26T13:09:54.822+0000] {processor.py:914} INFO - Processing file /opt/airflow/dags/flex_eau_pipeline.py for tasks to queue
[2026-07-26T13:09:54.831+0000] {logging_mixin.py:190} INFO - [2026-07-26T13:09:54.830+0000] {dagbag.py:587} INFO - Filling up the DagBag from /opt/airflow/dags/flex_eau_pipeline.py
[2026-07-26T13:09:54.894+0000] {processor.py:925} INFO - DAG(s) 'flex_eau_pipeline' retrieved from /opt/airflow/dags/flex_eau_pipeline.py
[2026-07-26T13:09:54.954+0000] {logging_mixin.py:190} INFO - [2026-07-26T13:09:54.953+0000] {dag.py:3211} INFO - Sync 1 DAGs
[2026-07-26T13:09:54.993+0000] {logging_mixin.py:190} INFO - [2026-07-26T13:09:54.992+0000] {dag.py:4138} INFO - Setting next_dagrun for flex_eau_pipeline to 2026-07-26 00:00:00+00:00, run_after=2026-07-27 00:00:00+00:00
[2026-07-26T13:09:55.034+0000] {processor.py:208} INFO - Processing /opt/airflow/dags/flex_eau_pipeline.py took 0.243 seconds
[2026-07-26T13:10:25.695+0000] {processor.py:186} INFO - Started process (PID=12447) to work on /opt/airflow/dags/flex_eau_pipeline.py
[2026-07-26T13:10:25.696+0000] {processor.py:914} INFO - Processing file /opt/airflow/dags/flex_eau_pipeline.py for tasks to queue
[2026-07-26T13:10:25.699+0000] {logging_mixin.py:190} INFO - [2026-07-26T13:10:25.699+0000] {dagbag.py:587} INFO - Filling up the DagBag from /opt/airflow/dags/flex_eau_pipeline.py
[2026-07-26T13:10:25.736+0000] {processor.py:925} INFO - DAG(s) 'flex_eau_pipeline' retrieved from /opt/airflow/dags/flex_eau_pipeline.py
[2026-07-26T13:10:25.782+0000] {logging_mixin.py:190} INFO - [2026-07-26T13:10:25.781+0000] {dag.py:3211} INFO - Sync 1 DAGs
[2026-07-26T13:10:25.816+0000] {logging_mixin.py:190} INFO - [2026-07-26T13:10:25.816+0000] {dag.py:4138} INFO - Setting next_dagrun for flex_eau_pipeline to 2026-07-26 00:00:00+00:00, run_after=2026-07-27 00:00:00+00:00
[2026-07-26T13:10:25.842+0000] {processor.py:208} INFO - Processing /opt/airflow/dags/flex_eau_pipeline.py took 0.160 seconds
[2026-07-26T13:10:56.053+0000] {processor.py:186} INFO - Started process (PID=12452) to work on /opt/airflow/dags/flex_eau_pipeline.py
[2026-07-26T13:10:56.055+0000] {processor.py:914} INFO - Processing file /opt/airflow/dags/flex_eau_pipeline.py for tasks to queue
[2026-07-26T13:10:56.059+0000] {logging_mixin.py:190} INFO - [2026-07-26T13:10:56.058+0000] {dagbag.py:587} INFO - Filling up the DagBag from /opt/airflow/dags/flex_eau_pipeline.py
[2026-07-26T13:10:56.093+0000] {processor.py:925} INFO - DAG(s) 'flex_eau_pipeline' retrieved from /opt/airflow/dags/flex_eau_pipeline.py
[2026-07-26T13:10:56.133+0000] {logging_mixin.py:190} INFO - [2026-07-26T13:10:56.133+0000] {dag.py:3211} INFO - Sync 1 DAGs
[2026-07-26T13:10:56.160+0000] {logging_mixin.py:190} INFO - [2026-07-26T13:10:56.159+0000] {dag.py:4138} INFO - Setting next_dagrun for flex_eau_pipeline to 2026-07-26 00:00:00+00:00, run_after=2026-07-27 00:00:00+00:00
[2026-07-26T13:10:56.188+0000] {processor.py:208} INFO - Processing /opt/airflow/dags/flex_eau_pipeline.py took 0.145 seconds
[2026-07-26T13:11:26.394+0000] {processor.py:186} INFO - Started process (PID=12457) to work on /opt/airflow/dags/flex_eau_pipeline.py
[2026-07-26T13:11:26.395+0000] {processor.py:914} INFO - Processing file /opt/airflow/dags/flex_eau_pipeline.py for tasks to queue
[2026-07-26T13:11:26.399+0000] {logging_mixin.py:190} INFO - [2026-07-26T13:11:26.399+0000] {dagbag.py:587} INFO - Filling up the DagBag from /opt/airflow/dags/flex_eau_pipeline.py
[2026-07-26T13:11:26.450+0000] {processor.py:925} INFO - DAG(s) 'flex_eau_pipeline' retrieved from /opt/airflow/dags/flex_eau_pipeline.py
[2026-07-26T13:11:26.538+0000] {logging_mixin.py:190} INFO - [2026-07-26T13:11:26.538+0000] {dag.py:3211} INFO - Sync 1 DAGs
[2026-07-26T13:11:26.585+0000] {logging_mixin.py:190} INFO - [2026-07-26T13:11:26.585+0000] {dag.py:4138} INFO - Setting next_dagrun for flex_eau_pipeline to 2026-07-26 00:00:00+00:00, run_after=2026-07-27 00:00:00+00:00
[2026-07-26T13:11:26.627+0000] {processor.py:208} INFO - Processing /opt/airflow/dags/flex_eau_pipeline.py took 0.241 seconds
[2026-07-26T13:11:56.806+0000] {processor.py:186} INFO - Started process (PID=12462) to work on /opt/airflow/dags/flex_eau_pipeline.py
[2026-07-26T13:11:56.808+0000] {processor.py:914} INFO - Processing file /opt/airflow/dags/flex_eau_pipeline.py for tasks to queue
[2026-07-26T13:11:56.810+0000] {logging_mixin.py:190} INFO - [2026-07-26T13:11:56.810+0000] {dagbag.py:587} INFO - Filling up the DagBag from /opt/airflow/dags/flex_eau_pipeline.py
[2026-07-26T13:11:56.843+0000] {processor.py:925} INFO - DAG(s) 'flex_eau_pipeline' retrieved from /opt/airflow/dags/flex_eau_pipeline.py
[2026-07-26T13:11:56.883+0000] {logging_mixin.py:190} INFO - [2026-07-26T13:11:56.883+0000] {dag.py:3211} INFO - Sync 1 DAGs
[2026-07-26T13:11:56.917+0000] {logging_mixin.py:190} INFO - [2026-07-26T13:11:56.916+0000] {dag.py:4138} INFO - Setting next_dagrun for flex_eau_pipeline to 2026-07-26 00:00:00+00:00, run_after=2026-07-27 00:00:00+00:00
[2026-07-26T13:11:56.965+0000] {processor.py:208} INFO - Processing /opt/airflow/dags/flex_eau_pipeline.py took 0.168 seconds
[2026-07-26T13:12:27.613+0000] {processor.py:186} INFO - Started process (PID=12467) to work on /opt/airflow/dags/flex_eau_pipeline.py
[2026-07-26T13:12:27.615+0000] {processor.py:914} INFO - Processing file /opt/airflow/dags/flex_eau_pipeline.py for tasks to queue
[2026-07-26T13:12:27.619+0000] {logging_mixin.py:190} INFO - [2026-07-26T13:12:27.619+0000] {dagbag.py:587} INFO - Filling up the DagBag from /opt/airflow/dags/flex_eau_pipeline.py
[2026-07-26T13:12:27.660+0000] {processor.py:925} INFO - DAG(s) 'flex_eau_pipeline' retrieved from /opt/airflow/dags/flex_eau_pipeline.py
[2026-07-26T13:12:27.700+0000] {logging_mixin.py:190} INFO - [2026-07-26T13:12:27.699+0000] {dag.py:3211} INFO - Sync 1 DAGs
[2026-07-26T13:12:27.726+0000] {logging_mixin.py:190} INFO - [2026-07-26T13:12:27.726+0000] {dag.py:4138} INFO - Setting next_dagrun for flex_eau_pipeline to 2026-07-26 00:00:00+00:00, run_after=2026-07-27 00:00:00+00:00
[2026-07-26T13:12:27.755+0000] {processor.py:208} INFO - Processing /opt/airflow/dags/flex_eau_pipeline.py took 0.154 seconds
[2026-07-26T13:12:58.232+0000] {processor.py:186} INFO - Started process (PID=12472) to work on /opt/airflow/dags/flex_eau_pipeline.py
[2026-07-26T13:12:58.234+0000] {processor.py:914} INFO - Processing file /opt/airflow/dags/flex_eau_pipeline.py for tasks to queue
[2026-07-26T13:12:58.238+0000] {logging_mixin.py:190} INFO - [2026-07-26T13:12:58.237+0000] {dagbag.py:587} INFO - Filling up the DagBag from /opt/airflow/dags/flex_eau_pipeline.py
[2026-07-26T13:12:58.269+0000] {processor.py:925} INFO - DAG(s) 'flex_eau_pipeline' retrieved from /opt/airflow/dags/flex_eau_pipeline.py
[2026-07-26T13:12:58.310+0000] {logging_mixin.py:190} INFO - [2026-07-26T13:12:58.310+0000] {dag.py:3211} INFO - Sync 1 DAGs
[2026-07-26T13:12:58.345+0000] {logging_mixin.py:190} INFO - [2026-07-26T13:12:58.344+0000] {dag.py:4138} INFO - Setting next_dagrun for flex_eau_pipeline to 2026-07-26 00:00:00+00:00, run_after=2026-07-27 00:00:00+00:00
[2026-07-26T13:12:58.386+0000] {processor.py:208} INFO - Processing /opt/airflow/dags/flex_eau_pipeline.py took 0.168 seconds
[2026-07-26T13:13:29.107+0000] {processor.py:186} INFO - Started process (PID=12477) to work on /opt/airflow/dags/flex_eau_pipeline.py
[2026-07-26T13:13:29.108+0000] {processor.py:914} INFO - Processing file /opt/airflow/dags/flex_eau_pipeline.py for tasks to queue
[2026-07-26T13:13:29.111+0000] {logging_mixin.py:190} INFO - [2026-07-26T13:13:29.110+0000] {dagbag.py:587} INFO - Filling up the DagBag from /opt/airflow/dags/flex_eau_pipeline.py
[2026-07-26T13:13:29.143+0000] {processor.py:925} INFO - DAG(s) 'flex_eau_pipeline' retrieved from /opt/airflow/dags/flex_eau_pipeline.py
[2026-07-26T13:13:29.184+0000] {logging_mixin.py:190} INFO - [2026-07-26T13:13:29.184+0000] {dag.py:3211} INFO - Sync 1 DAGs
[2026-07-26T13:13:29.212+0000] {logging_mixin.py:190} INFO - [2026-07-26T13:13:29.212+0000] {dag.py:4138} INFO - Setting next_dagrun for flex_eau_pipeline to 2026-07-26 00:00:00+00:00, run_after=2026-07-27 00:00:00+00:00
[2026-07-26T13:13:29.249+0000] {processor.py:208} INFO - Processing /opt/airflow/dags/flex_eau_pipeline.py took 0.150 seconds
[2026-07-26T13:13:59.595+0000] {processor.py:186} INFO - Started process (PID=12482) to work on /opt/airflow/dags/flex_eau_pipeline.py
[2026-07-26T13:13:59.597+0000] {processor.py:914} INFO - Processing file /opt/airflow/dags/flex_eau_pipeline.py for tasks to queue
[2026-07-26T13:13:59.603+0000] {logging_mixin.py:190} INFO - [2026-07-26T13:13:59.602+0000] {dagbag.py:587} INFO - Filling up the DagBag from /opt/airflow/dags/flex_eau_pipeline.py
[2026-07-26T13:13:59.675+0000] {processor.py:925} INFO - DAG(s) 'flex_eau_pipeline' retrieved from /opt/airflow/dags/flex_eau_pipeline.py
[2026-07-26T13:13:59.778+0000] {logging_mixin.py:190} INFO - [2026-07-26T13:13:59.778+0000] {dag.py:3211} INFO - Sync 1 DAGs
[2026-07-26T13:13:59.854+0000] {logging_mixin.py:190} INFO - [2026-07-26T13:13:59.854+0000] {dag.py:4138} INFO - Setting next_dagrun for flex_eau_pipeline to 2026-07-26 00:00:00+00:00, run_after=2026-07-27 00:00:00+00:00
[2026-07-26T13:13:59.909+0000] {processor.py:208} INFO - Processing /opt/airflow/dags/flex_eau_pipeline.py took 0.330 seconds
[2026-07-26T13:14:30.309+0000] {processor.py:186} INFO - Started process (PID=12487) to work on /opt/airflow/dags/flex_eau_pipeline.py
[2026-07-26T13:14:30.311+0000] {processor.py:914} INFO - Processing file /opt/airflow/dags/flex_eau_pipeline.py for tasks to queue
[2026-07-26T13:14:30.314+0000] {logging_mixin.py:190} INFO - [2026-07-26T13:14:30.314+0000] {dagbag.py:587} INFO - Filling up the DagBag from /opt/airflow/dags/flex_eau_pipeline.py
[2026-07-26T13:14:30.348+0000] {processor.py:925} INFO - DAG(s) 'flex_eau_pipeline' retrieved from /opt/airflow/dags/flex_eau_pipeline.py
[2026-07-26T13:14:30.390+0000] {logging_mixin.py:190} INFO - [2026-07-26T13:14:30.390+0000] {dag.py:3211} INFO - Sync 1 DAGs
[2026-07-26T13:14:30.426+0000] {logging_mixin.py:190} INFO - [2026-07-26T13:14:30.426+0000] {dag.py:4138} INFO - Setting next_dagrun for flex_eau_pipeline to 2026-07-26 00:00:00+00:00, run_after=2026-07-27 00:00:00+00:00
[2026-07-26T13:14:30.455+0000] {processor.py:208} INFO - Processing /opt/airflow/dags/flex_eau_pipeline.py took 0.154 seconds
[2026-07-26T13:15:00.928+0000] {processor.py:186} INFO - Started process (PID=12492) to work on /opt/airflow/dags/flex_eau_pipeline.py
[2026-07-26T13:15:00.930+0000] {processor.py:914} INFO - Processing file /opt/airflow/dags/flex_eau_pipeline.py for tasks to queue
[2026-07-26T13:15:00.935+0000] {logging_mixin.py:190} INFO - [2026-07-26T13:15:00.935+0000] {dagbag.py:587} INFO - Filling up the DagBag from /opt/airflow/dags/flex_eau_pipeline.py
[2026-07-26T13:15:01.005+0000] {processor.py:925} INFO - DAG(s) 'flex_eau_pipeline' retrieved from /opt/airflow/dags/flex_eau_pipeline.py
[2026-07-26T13:15:01.084+0000] {logging_mixin.py:190} INFO - [2026-07-26T13:15:01.084+0000] {dag.py:3211} INFO - Sync 1 DAGs
[2026-07-26T13:15:01.128+0000] {logging_mixin.py:190} INFO - [2026-07-26T13:15:01.127+0000] {dag.py:4138} INFO - Setting next_dagrun for flex_eau_pipeline to 2026-07-26 00:00:00+00:00, run_after=2026-07-27 00:00:00+00:00
[2026-07-26T13:15:01.157+0000] {processor.py:208} INFO - Processing /opt/airflow/dags/flex_eau_pipeline.py took 0.245 seconds
[2026-07-26T13:15:31.314+0000] {processor.py:186} INFO - Started process (PID=12497) to work on /opt/airflow/dags/flex_eau_pipeline.py
[2026-07-26T13:15:31.316+0000] {processor.py:914} INFO - Processing file /opt/airflow/dags/flex_eau_pipeline.py for tasks to queue
[2026-07-26T13:15:31.321+0000] {logging_mixin.py:190} INFO - [2026-07-26T13:15:31.320+0000] {dagbag.py:587} INFO - Filling up the DagBag from /opt/airflow/dags/flex_eau_pipeline.py
[2026-07-26T13:15:31.353+0000] {processor.py:925} INFO - DAG(s) 'flex_eau_pipeline' retrieved from /opt/airflow/dags/flex_eau_pipeline.py
[2026-07-26T13:15:31.395+0000] {logging_mixin.py:190} INFO - [2026-07-26T13:15:31.394+0000] {dag.py:3211} INFO - Sync 1 DAGs
[2026-07-26T13:15:31.425+0000] {logging_mixin.py:190} INFO - [2026-07-26T13:15:31.424+0000] {dag.py:4138} INFO - Setting next_dagrun for flex_eau_pipeline to 2026-07-26 00:00:00+00:00, run_after=2026-07-27 00:00:00+00:00
[2026-07-26T13:15:31.454+0000] {processor.py:208} INFO - Processing /opt/airflow/dags/flex_eau_pipeline.py took 0.154 seconds
[2026-07-26T13:16:02.009+0000] {processor.py:186} INFO - Started process (PID=12502) to work on /opt/airflow/dags/flex_eau_pipeline.py
[2026-07-26T13:16:02.011+0000] {processor.py:914} INFO - Processing file /opt/airflow/dags/flex_eau_pipeline.py for tasks to queue
[2026-07-26T13:16:02.015+0000] {logging_mixin.py:190} INFO - [2026-07-26T13:16:02.015+0000] {dagbag.py:587} INFO - Filling up the DagBag from /opt/airflow/dags/flex_eau_pipeline.py
[2026-07-26T13:16:02.052+0000] {processor.py:925} INFO - DAG(s) 'flex_eau_pipeline' retrieved from /opt/airflow/dags/flex_eau_pipeline.py
[2026-07-26T13:16:02.098+0000] {logging_mixin.py:190} INFO - [2026-07-26T13:16:02.098+0000] {dag.py:3211} INFO - Sync 1 DAGs
[2026-07-26T13:16:02.129+0000] {logging_mixin.py:190} INFO - [2026-07-26T13:16:02.129+0000] {dag.py:4138} INFO - Setting next_dagrun for flex_eau_pipeline to 2026-07-26 00:00:00+00:00, run_after=2026-07-27 00:00:00+00:00
[2026-07-26T13:16:02.174+0000] {processor.py:208} INFO - Processing /opt/airflow/dags/flex_eau_pipeline.py took 0.174 seconds
[2026-07-26T13:16:32.359+0000] {processor.py:186} INFO - Started process (PID=12507) to work on /opt/airflow/dags/flex_eau_pipeline.py
[2026-07-26T13:16:32.361+0000] {processor.py:914} INFO - Processing file /opt/airflow/dags/flex_eau_pipeline.py for tasks to queue
[2026-07-26T13:16:32.364+0000] {logging_mixin.py:190} INFO - [2026-07-26T13:16:32.364+0000] {dagbag.py:587} INFO - Filling up the DagBag from /opt/airflow/dags/flex_eau_pipeline.py
[2026-07-26T13:16:32.412+0000] {processor.py:925} INFO - DAG(s) 'flex_eau_pipeline' retrieved from /opt/airflow/dags/flex_eau_pipeline.py
[2026-07-26T13:16:32.461+0000] {logging_mixin.py:190} INFO - [2026-07-26T13:16:32.460+0000] {dag.py:3211} INFO - Sync 1 DAGs
[2026-07-26T13:16:32.525+0000] {logging_mixin.py:190} INFO - [2026-07-26T13:16:32.524+0000] {dag.py:4138} INFO - Setting next_dagrun for flex_eau_pipeline to 2026-07-26 00:00:00+00:00, run_after=2026-07-27 00:00:00+00:00
[2026-07-26T13:16:32.621+0000] {processor.py:208} INFO - Processing /opt/airflow/dags/flex_eau_pipeline.py took 0.272 seconds
[2026-07-26T13:17:03.005+0000] {processor.py:186} INFO - Started process (PID=12512) to work on /opt/airflow/dags/flex_eau_pipeline.py
[2026-07-26T13:17:03.008+0000] {processor.py:914} INFO - Processing file /opt/airflow/dags/flex_eau_pipeline.py for tasks to queue
[2026-07-26T13:17:03.014+0000] {logging_mixin.py:190} INFO - [2026-07-26T13:17:03.013+0000] {dagbag.py:587} INFO - Filling up the DagBag from /opt/airflow/dags/flex_eau_pipeline.py
[2026-07-26T13:17:03.050+0000] {processor.py:925} INFO - DAG(s) 'flex_eau_pipeline' retrieved from /opt/airflow/dags/flex_eau_pipeline.py
[2026-07-26T13:17:03.098+0000] {logging_mixin.py:190} INFO - [2026-07-26T13:17:03.097+0000] {dag.py:3211} INFO - Sync 1 DAGs
[2026-07-26T13:17:03.156+0000] {logging_mixin.py:190} INFO - [2026-07-26T13:17:03.156+0000] {dag.py:4138} INFO - Setting next_dagrun for flex_eau_pipeline to 2026-07-26 00:00:00+00:00, run_after=2026-07-27 00:00:00+00:00
[2026-07-26T13:17:03.213+0000] {processor.py:208} INFO - Processing /opt/airflow/dags/flex_eau_pipeline.py took 0.228 seconds
[2026-07-26T13:17:34.014+0000] {processor.py:186} INFO - Started process (PID=12517) to work on /opt/airflow/dags/flex_eau_pipeline.py
[2026-07-26T13:17:34.016+0000] {processor.py:914} INFO - Processing file /opt/airflow/dags/flex_eau_pipeline.py for tasks to queue
[2026-07-26T13:17:34.019+0000] {logging_mixin.py:190} INFO - [2026-07-26T13:17:34.019+0000] {dagbag.py:587} INFO - Filling up the DagBag from /opt/airflow/dags/flex_eau_pipeline.py
[2026-07-26T13:17:34.050+0000] {processor.py:925} INFO - DAG(s) 'flex_eau_pipeline' retrieved from /opt/airflow/dags/flex_eau_pipeline.py
[2026-07-26T13:17:34.092+0000] {logging_mixin.py:190} INFO - [2026-07-26T13:17:34.091+0000] {dag.py:3211} INFO - Sync 1 DAGs
[2026-07-26T13:17:34.131+0000] {logging_mixin.py:190} INFO - [2026-07-26T13:17:34.130+0000] {dag.py:4138} INFO - Setting next_dagrun for flex_eau_pipeline to 2026-07-26 00:00:00+00:00, run_after=2026-07-27 00:00:00+00:00
[2026-07-26T13:17:34.185+0000] {processor.py:208} INFO - Processing /opt/airflow/dags/flex_eau_pipeline.py took 0.184 seconds
[2026-07-26T13:18:04.858+0000] {processor.py:186} INFO - Started process (PID=12522) to work on /opt/airflow/dags/flex_eau_pipeline.py
[2026-07-26T13:18:04.860+0000] {processor.py:914} INFO - Processing file /opt/airflow/dags/flex_eau_pipeline.py for tasks to queue
[2026-07-26T13:18:04.863+0000] {logging_mixin.py:190} INFO - [2026-07-26T13:18:04.862+0000] {dagbag.py:587} INFO - Filling up the DagBag from /opt/airflow/dags/flex_eau_pipeline.py
[2026-07-26T13:18:04.906+0000] {processor.py:925} INFO - DAG(s) 'flex_eau_pipeline' retrieved from /opt/airflow/dags/flex_eau_pipeline.py
[2026-07-26T13:18:04.950+0000] {logging_mixin.py:190} INFO - [2026-07-26T13:18:04.950+0000] {dag.py:3211} INFO - Sync 1 DAGs
[2026-07-26T13:18:04.994+0000] {logging_mixin.py:190} INFO - [2026-07-26T13:18:04.993+0000] {dag.py:4138} INFO - Setting next_dagrun for flex_eau_pipeline to 2026-07-26 00:00:00+00:00, run_after=2026-07-27 00:00:00+00:00
[2026-07-26T13:18:05.038+0000] {processor.py:208} INFO - Processing /opt/airflow/dags/flex_eau_pipeline.py took 0.188 seconds
[2026-07-26T13:18:35.399+0000] {processor.py:186} INFO - Started process (PID=12527) to work on /opt/airflow/dags/flex_eau_pipeline.py
[2026-07-26T13:18:35.402+0000] {processor.py:914} INFO - Processing file /opt/airflow/dags/flex_eau_pipeline.py for tasks to queue
[2026-07-26T13:18:35.409+0000] {logging_mixin.py:190} INFO - [2026-07-26T13:18:35.408+0000] {dagbag.py:587} INFO - Filling up the DagBag from /opt/airflow/dags/flex_eau_pipeline.py
[2026-07-26T13:18:35.500+0000] {processor.py:925} INFO - DAG(s) 'flex_eau_pipeline' retrieved from /opt/airflow/dags/flex_eau_pipeline.py
[2026-07-26T13:18:35.590+0000] {logging_mixin.py:190} INFO - [2026-07-26T13:18:35.590+0000] {dag.py:3211} INFO - Sync 1 DAGs
[2026-07-26T13:18:35.648+0000] {logging_mixin.py:190} INFO - [2026-07-26T13:18:35.648+0000] {dag.py:4138} INFO - Setting next_dagrun for flex_eau_pipeline to 2026-07-26 00:00:00+00:00, run_after=2026-07-27 00:00:00+00:00
[2026-07-26T13:18:35.693+0000] {processor.py:208} INFO - Processing /opt/airflow/dags/flex_eau_pipeline.py took 0.316 seconds
[2026-07-26T13:19:06.085+0000] {processor.py:186} INFO - Started process (PID=12532) to work on /opt/airflow/dags/flex_eau_pipeline.py
[2026-07-26T13:19:06.087+0000] {processor.py:914} INFO - Processing file /opt/airflow/dags/flex_eau_pipeline.py for tasks to queue
[2026-07-26T13:19:06.092+0000] {logging_mixin.py:190} INFO - [2026-07-26T13:19:06.091+0000] {dagbag.py:587} INFO - Filling up the DagBag from /opt/airflow/dags/flex_eau_pipeline.py
[2026-07-26T13:19:06.131+0000] {processor.py:925} INFO - DAG(s) 'flex_eau_pipeline' retrieved from /opt/airflow/dags/flex_eau_pipeline.py
[2026-07-26T13:19:06.182+0000] {logging_mixin.py:190} INFO - [2026-07-26T13:19:06.182+0000] {dag.py:3211} INFO - Sync 1 DAGs
[2026-07-26T13:19:06.215+0000] {logging_mixin.py:190} INFO - [2026-07-26T13:19:06.214+0000] {dag.py:4138} INFO - Setting next_dagrun for flex_eau_pipeline to 2026-07-26 00:00:00+00:00, run_after=2026-07-27 00:00:00+00:00
[2026-07-26T13:19:06.250+0000] {processor.py:208} INFO - Processing /opt/airflow/dags/flex_eau_pipeline.py took 0.182 seconds
[2026-07-26T13:19:36.839+0000] {processor.py:186} INFO - Started process (PID=12537) to work on /opt/airflow/dags/flex_eau_pipeline.py
[2026-07-26T13:19:36.841+0000] {processor.py:914} INFO - Processing file /opt/airflow/dags/flex_eau_pipeline.py for tasks to queue
[2026-07-26T13:19:36.845+0000] {logging_mixin.py:190} INFO - [2026-07-26T13:19:36.844+0000] {dagbag.py:587} INFO - Filling up the DagBag from /opt/airflow/dags/flex_eau_pipeline.py
[2026-07-26T13:19:36.881+0000] {processor.py:925} INFO - DAG(s) 'flex_eau_pipeline' retrieved from /opt/airflow/dags/flex_eau_pipeline.py
[2026-07-26T13:19:36.941+0000] {logging_mixin.py:190} INFO - [2026-07-26T13:19:36.941+0000] {dag.py:3211} INFO - Sync 1 DAGs
[2026-07-26T13:19:36.978+0000] {logging_mixin.py:190} INFO - [2026-07-26T13:19:36.977+0000] {dag.py:4138} INFO - Setting next_dagrun for flex_eau_pipeline to 2026-07-26 00:00:00+00:00, run_after=2026-07-27 00:00:00+00:00
[2026-07-26T13:19:37.002+0000] {processor.py:208} INFO - Processing /opt/airflow/dags/flex_eau_pipeline.py took 0.174 seconds
[2026-07-26T13:20:07.517+0000] {processor.py:186} INFO - Started process (PID=12542) to work on /opt/airflow/dags/flex_eau_pipeline.py
[2026-07-26T13:20:07.518+0000] {processor.py:914} INFO - Processing file /opt/airflow/dags/flex_eau_pipeline.py for tasks to queue
[2026-07-26T13:20:07.521+0000] {logging_mixin.py:190} INFO - [2026-07-26T13:20:07.521+0000] {dagbag.py:587} INFO - Filling up the DagBag from /opt/airflow/dags/flex_eau_pipeline.py
[2026-07-26T13:20:07.570+0000] {processor.py:925} INFO - DAG(s) 'flex_eau_pipeline' retrieved from /opt/airflow/dags/flex_eau_pipeline.py
[2026-07-26T13:20:07.622+0000] {logging_mixin.py:190} INFO - [2026-07-26T13:20:07.622+0000] {dag.py:3211} INFO - Sync 1 DAGs
[2026-07-26T13:20:07.655+0000] {logging_mixin.py:190} INFO - [2026-07-26T13:20:07.654+0000] {dag.py:4138} INFO - Setting next_dagrun for flex_eau_pipeline to 2026-07-26 00:00:00+00:00, run_after=2026-07-27 00:00:00+00:00
[2026-07-26T13:20:07.694+0000] {processor.py:208} INFO - Processing /opt/airflow/dags/flex_eau_pipeline.py took 0.186 seconds
[2026-07-26T13:20:38.503+0000] {processor.py:186} INFO - Started process (PID=12547) to work on /opt/airflow/dags/flex_eau_pipeline.py
[2026-07-26T13:20:38.505+0000] {processor.py:914} INFO - Processing file /opt/airflow/dags/flex_eau_pipeline.py for tasks to queue
[2026-07-26T13:20:38.509+0000] {logging_mixin.py:190} INFO - [2026-07-26T13:20:38.508+0000] {dagbag.py:587} INFO - Filling up the DagBag from /opt/airflow/dags/flex_eau_pipeline.py
[2026-07-26T13:20:38.555+0000] {processor.py:925} INFO - DAG(s) 'flex_eau_pipeline' retrieved from /opt/airflow/dags/flex_eau_pipeline.py
[2026-07-26T13:20:38.602+0000] {logging_mixin.py:190} INFO - [2026-07-26T13:20:38.601+0000] {dag.py:3211} INFO - Sync 1 DAGs
[2026-07-26T13:20:38.632+0000] {logging_mixin.py:190} INFO - [2026-07-26T13:20:38.632+0000] {dag.py:4138} INFO - Setting next_dagrun for flex_eau_pipeline to 2026-07-26 00:00:00+00:00, run_after=2026-07-27 00:00:00+00:00
[2026-07-26T13:20:38.661+0000] {processor.py:208} INFO - Processing /opt/airflow/dags/flex_eau_pipeline.py took 0.170 seconds
[2026-07-26T13:21:08.853+0000] {processor.py:186} INFO - Started process (PID=12552) to work on /opt/airflow/dags/flex_eau_pipeline.py
[2026-07-26T13:21:08.855+0000] {processor.py:914} INFO - Processing file /opt/airflow/dags/flex_eau_pipeline.py for tasks to queue
[2026-07-26T13:21:08.859+0000] {logging_mixin.py:190} INFO - [2026-07-26T13:21:08.859+0000] {dagbag.py:587} INFO - Filling up the DagBag from /opt/airflow/dags/flex_eau_pipeline.py
[2026-07-26T13:21:08.899+0000] {processor.py:925} INFO - DAG(s) 'flex_eau_pipeline' retrieved from /opt/airflow/dags/flex_eau_pipeline.py
[2026-07-26T13:21:08.956+0000] {logging_mixin.py:190} INFO - [2026-07-26T13:21:08.955+0000] {dag.py:3211} INFO - Sync 1 DAGs
[2026-07-26T13:21:09.012+0000] {logging_mixin.py:190} INFO - [2026-07-26T13:21:09.012+0000] {dag.py:4138} INFO - Setting next_dagrun for flex_eau_pipeline to 2026-07-26 00:00:00+00:00, run_after=2026-07-27 00:00:00+00:00
[2026-07-26T13:21:09.067+0000] {processor.py:208} INFO - Processing /opt/airflow/dags/flex_eau_pipeline.py took 0.227 seconds
[2026-07-26T13:21:39.342+0000] {processor.py:186} INFO - Started process (PID=12557) to work on /opt/airflow/dags/flex_eau_pipeline.py
[2026-07-26T13:21:39.345+0000] {processor.py:914} INFO - Processing file /opt/airflow/dags/flex_eau_pipeline.py for tasks to queue
[2026-07-26T13:21:39.349+0000] {logging_mixin.py:190} INFO - [2026-07-26T13:21:39.349+0000] {dagbag.py:587} INFO - Filling up the DagBag from /opt/airflow/dags/flex_eau_pipeline.py
[2026-07-26T13:21:39.402+0000] {processor.py:925} INFO - DAG(s) 'flex_eau_pipeline' retrieved from /opt/airflow/dags/flex_eau_pipeline.py
[2026-07-26T13:21:39.479+0000] {logging_mixin.py:190} INFO - [2026-07-26T13:21:39.479+0000] {dag.py:3211} INFO - Sync 1 DAGs
[2026-07-26T13:21:39.510+0000] {logging_mixin.py:190} INFO - [2026-07-26T13:21:39.510+0000] {dag.py:4138} INFO - Setting next_dagrun for flex_eau_pipeline to 2026-07-26 00:00:00+00:00, run_after=2026-07-27 00:00:00+00:00
[2026-07-26T13:21:39.564+0000] {processor.py:208} INFO - Processing /opt/airflow/dags/flex_eau_pipeline.py took 0.234 seconds
[2026-07-26T13:22:10.083+0000] {processor.py:186} INFO - Started process (PID=12562) to work on /opt/airflow/dags/flex_eau_pipeline.py
[2026-07-26T13:22:10.085+0000] {processor.py:914} INFO - Processing file /opt/airflow/dags/flex_eau_pipeline.py for tasks to queue
[2026-07-26T13:22:10.088+0000] {logging_mixin.py:190} INFO - [2026-07-26T13:22:10.088+0000] {dagbag.py:587} INFO - Filling up the DagBag from /opt/airflow/dags/flex_eau_pipeline.py
[2026-07-26T13:22:10.118+0000] {processor.py:925} INFO - DAG(s) 'flex_eau_pipeline' retrieved from /opt/airflow/dags/flex_eau_pipeline.py
[2026-07-26T13:22:10.180+0000] {logging_mixin.py:190} INFO - [2026-07-26T13:22:10.180+0000] {dag.py:3211} INFO - Sync 1 DAGs
[2026-07-26T13:22:10.227+0000] {logging_mixin.py:190} INFO - [2026-07-26T13:22:10.227+0000] {dag.py:4138} INFO - Setting next_dagrun for flex_eau_pipeline to 2026-07-26 00:00:00+00:00, run_after=2026-07-27 00:00:00+00:00
[2026-07-26T13:22:10.275+0000] {processor.py:208} INFO - Processing /opt/airflow/dags/flex_eau_pipeline.py took 0.202 seconds
[2026-07-26T13:22:40.776+0000] {processor.py:186} INFO - Started process (PID=12567) to work on /opt/airflow/dags/flex_eau_pipeline.py
[2026-07-26T13:22:40.779+0000] {processor.py:914} INFO - Processing file /opt/airflow/dags/flex_eau_pipeline.py for tasks to queue
[2026-07-26T13:22:40.785+0000] {logging_mixin.py:190} INFO - [2026-07-26T13:22:40.785+0000] {dagbag.py:587} INFO - Filling up the DagBag from /opt/airflow/dags/flex_eau_pipeline.py
[2026-07-26T13:22:40.843+0000] {processor.py:925} INFO - DAG(s) 'flex_eau_pipeline' retrieved from /opt/airflow/dags/flex_eau_pipeline.py
[2026-07-26T13:22:40.884+0000] {logging_mixin.py:190} INFO - [2026-07-26T13:22:40.884+0000] {dag.py:3211} INFO - Sync 1 DAGs
[2026-07-26T13:22:40.916+0000] {logging_mixin.py:190} INFO - [2026-07-26T13:22:40.916+0000] {dag.py:4138} INFO - Setting next_dagrun for flex_eau_pipeline to 2026-07-26 00:00:00+00:00, run_after=2026-07-27 00:00:00+00:00
[2026-07-26T13:22:40.961+0000] {processor.py:208} INFO - Processing /opt/airflow/dags/flex_eau_pipeline.py took 0.205 seconds
[2026-07-26T13:23:11.378+0000] {processor.py:186} INFO - Started process (PID=12572) to work on /opt/airflow/dags/flex_eau_pipeline.py
[2026-07-26T13:23:11.382+0000] {processor.py:914} INFO - Processing file /opt/airflow/dags/flex_eau_pipeline.py for tasks to queue
[2026-07-26T13:23:11.388+0000] {logging_mixin.py:190} INFO - [2026-07-26T13:23:11.387+0000] {dagbag.py:587} INFO - Filling up the DagBag from /opt/airflow/dags/flex_eau_pipeline.py
[2026-07-26T13:23:11.460+0000] {processor.py:925} INFO - DAG(s) 'flex_eau_pipeline' retrieved from /opt/airflow/dags/flex_eau_pipeline.py
[2026-07-26T13:23:11.522+0000] {logging_mixin.py:190} INFO - [2026-07-26T13:23:11.522+0000] {dag.py:3211} INFO - Sync 1 DAGs
[2026-07-26T13:23:11.563+0000] {logging_mixin.py:190} INFO - [2026-07-26T13:23:11.562+0000] {dag.py:4138} INFO - Setting next_dagrun for flex_eau_pipeline to 2026-07-26 00:00:00+00:00, run_after=2026-07-27 00:00:00+00:00
[2026-07-26T13:23:11.598+0000] {processor.py:208} INFO - Processing /opt/airflow/dags/flex_eau_pipeline.py took 0.239 seconds
[2026-07-26T13:23:42.139+0000] {processor.py:186} INFO - Started process (PID=12577) to work on /opt/airflow/dags/flex_eau_pipeline.py
[2026-07-26T13:23:42.141+0000] {processor.py:914} INFO - Processing file /opt/airflow/dags/flex_eau_pipeline.py for tasks to queue
[2026-07-26T13:23:42.144+0000] {logging_mixin.py:190} INFO - [2026-07-26T13:23:42.144+0000] {dagbag.py:587} INFO - Filling up the DagBag from /opt/airflow/dags/flex_eau_pipeline.py
[2026-07-26T13:23:42.194+0000] {processor.py:925} INFO - DAG(s) 'flex_eau_pipeline' retrieved from /opt/airflow/dags/flex_eau_pipeline.py
[2026-07-26T13:23:42.240+0000] {logging_mixin.py:190} INFO - [2026-07-26T13:23:42.240+0000] {dag.py:3211} INFO - Sync 1 DAGs
[2026-07-26T13:23:42.274+0000] {logging_mixin.py:190} INFO - [2026-07-26T13:23:42.274+0000] {dag.py:4138} INFO - Setting next_dagrun for flex_eau_pipeline to 2026-07-26 00:00:00+00:00, run_after=2026-07-27 00:00:00+00:00
[2026-07-26T13:23:42.317+0000] {processor.py:208} INFO - Processing /opt/airflow/dags/flex_eau_pipeline.py took 0.189 seconds
[2026-07-26T13:24:12.467+0000] {processor.py:186} INFO - Started process (PID=12582) to work on /opt/airflow/dags/flex_eau_pipeline.py
[2026-07-26T13:24:12.469+0000] {processor.py:914} INFO - Processing file /opt/airflow/dags/flex_eau_pipeline.py for tasks to queue
[2026-07-26T13:24:12.476+0000] {logging_mixin.py:190} INFO - [2026-07-26T13:24:12.475+0000] {dagbag.py:587} INFO - Filling up the DagBag from /opt/airflow/dags/flex_eau_pipeline.py
[2026-07-26T13:24:12.527+0000] {processor.py:925} INFO - DAG(s) 'flex_eau_pipeline' retrieved from /opt/airflow/dags/flex_eau_pipeline.py
[2026-07-26T13:24:12.581+0000] {logging_mixin.py:190} INFO - [2026-07-26T13:24:12.581+0000] {dag.py:3211} INFO - Sync 1 DAGs
[2026-07-26T13:24:12.614+0000] {logging_mixin.py:190} INFO - [2026-07-26T13:24:12.614+0000] {dag.py:4138} INFO - Setting next_dagrun for flex_eau_pipeline to 2026-07-26 00:00:00+00:00, run_after=2026-07-27 00:00:00+00:00
[2026-07-26T13:24:12.653+0000] {processor.py:208} INFO - Processing /opt/airflow/dags/flex_eau_pipeline.py took 0.196 seconds
[2026-07-26T13:24:42.784+0000] {processor.py:186} INFO - Started process (PID=12587) to work on /opt/airflow/dags/flex_eau_pipeline.py
[2026-07-26T13:24:42.786+0000] {processor.py:914} INFO - Processing file /opt/airflow/dags/flex_eau_pipeline.py for tasks to queue
[2026-07-26T13:24:42.791+0000] {logging_mixin.py:190} INFO - [2026-07-26T13:24:42.790+0000] {dagbag.py:587} INFO - Filling up the DagBag from /opt/airflow/dags/flex_eau_pipeline.py
[2026-07-26T13:24:42.834+0000] {processor.py:925} INFO - DAG(s) 'flex_eau_pipeline' retrieved from /opt/airflow/dags/flex_eau_pipeline.py
[2026-07-26T13:24:42.883+0000] {logging_mixin.py:190} INFO - [2026-07-26T13:24:42.882+0000] {dag.py:3211} INFO - Sync 1 DAGs
[2026-07-26T13:24:42.914+0000] {logging_mixin.py:190} INFO - [2026-07-26T13:24:42.913+0000] {dag.py:4138} INFO - Setting next_dagrun for flex_eau_pipeline to 2026-07-26 00:00:00+00:00, run_after=2026-07-27 00:00:00+00:00
[2026-07-26T13:24:42.954+0000] {processor.py:208} INFO - Processing /opt/airflow/dags/flex_eau_pipeline.py took 0.183 seconds
[2026-07-26T13:25:13.839+0000] {processor.py:186} INFO - Started process (PID=12592) to work on /opt/airflow/dags/flex_eau_pipeline.py
[2026-07-26T13:25:13.841+0000] {processor.py:914} INFO - Processing file /opt/airflow/dags/flex_eau_pipeline.py for tasks to queue
[2026-07-26T13:25:13.844+0000] {logging_mixin.py:190} INFO - [2026-07-26T13:25:13.844+0000] {dagbag.py:587} INFO - Filling up the DagBag from /opt/airflow/dags/flex_eau_pipeline.py
[2026-07-26T13:25:13.876+0000] {processor.py:925} INFO - DAG(s) 'flex_eau_pipeline' retrieved from /opt/airflow/dags/flex_eau_pipeline.py
[2026-07-26T13:25:13.916+0000] {logging_mixin.py:190} INFO - [2026-07-26T13:25:13.916+0000] {dag.py:3211} INFO - Sync 1 DAGs
[2026-07-26T13:25:13.950+0000] {logging_mixin.py:190} INFO - [2026-07-26T13:25:13.950+0000] {dag.py:4138} INFO - Setting next_dagrun for flex_eau_pipeline to 2026-07-26 00:00:00+00:00, run_after=2026-07-27 00:00:00+00:00
[2026-07-26T13:25:13.981+0000] {processor.py:208} INFO - Processing /opt/airflow/dags/flex_eau_pipeline.py took 0.151 seconds
[2026-07-26T13:25:44.456+0000] {processor.py:186} INFO - Started process (PID=12597) to work on /opt/airflow/dags/flex_eau_pipeline.py
[2026-07-26T13:25:44.458+0000] {processor.py:914} INFO - Processing file /opt/airflow/dags/flex_eau_pipeline.py for tasks to queue
[2026-07-26T13:25:44.463+0000] {logging_mixin.py:190} INFO - [2026-07-26T13:25:44.462+0000] {dagbag.py:587} INFO - Filling up the DagBag from /opt/airflow/dags/flex_eau_pipeline.py
[2026-07-26T13:25:44.502+0000] {processor.py:925} INFO - DAG(s) 'flex_eau_pipeline' retrieved from /opt/airflow/dags/flex_eau_pipeline.py
[2026-07-26T13:25:44.560+0000] {logging_mixin.py:190} INFO - [2026-07-26T13:25:44.560+0000] {dag.py:3211} INFO - Sync 1 DAGs
[2026-07-26T13:25:44.598+0000] {logging_mixin.py:190} INFO - [2026-07-26T13:25:44.598+0000] {dag.py:4138} INFO - Setting next_dagrun for flex_eau_pipeline to 2026-07-26 00:00:00+00:00, run_after=2026-07-27 00:00:00+00:00
[2026-07-26T13:25:44.645+0000] {processor.py:208} INFO - Processing /opt/airflow/dags/flex_eau_pipeline.py took 0.198 seconds
[2026-07-26T13:26:15.069+0000] {processor.py:186} INFO - Started process (PID=12602) to work on /opt/airflow/dags/flex_eau_pipeline.py
[2026-07-26T13:26:15.071+0000] {processor.py:914} INFO - Processing file /opt/airflow/dags/flex_eau_pipeline.py for tasks to queue
[2026-07-26T13:26:15.074+0000] {logging_mixin.py:190} INFO - [2026-07-26T13:26:15.074+0000] {dagbag.py:587} INFO - Filling up the DagBag from /opt/airflow/dags/flex_eau_pipeline.py
[2026-07-26T13:26:15.120+0000] {processor.py:925} INFO - DAG(s) 'flex_eau_pipeline' retrieved from /opt/airflow/dags/flex_eau_pipeline.py
[2026-07-26T13:26:15.168+0000] {logging_mixin.py:190} INFO - [2026-07-26T13:26:15.168+0000] {dag.py:3211} INFO - Sync 1 DAGs
[2026-07-26T13:26:15.199+0000] {logging_mixin.py:190} INFO - [2026-07-26T13:26:15.199+0000] {dag.py:4138} INFO - Setting next_dagrun for flex_eau_pipeline to 2026-07-26 00:00:00+00:00, run_after=2026-07-27 00:00:00+00:00
[2026-07-26T13:26:15.228+0000] {processor.py:208} INFO - Processing /opt/airflow/dags/flex_eau_pipeline.py took 0.169 seconds
[2026-07-26T13:26:45.730+0000] {processor.py:186} INFO - Started process (PID=12607) to work on /opt/airflow/dags/flex_eau_pipeline.py
[2026-07-26T13:26:45.732+0000] {processor.py:914} INFO - Processing file /opt/airflow/dags/flex_eau_pipeline.py for tasks to queue
[2026-07-26T13:26:45.735+0000] {logging_mixin.py:190} INFO - [2026-07-26T13:26:45.735+0000] {dagbag.py:587} INFO - Filling up the DagBag from /opt/airflow/dags/flex_eau_pipeline.py
[2026-07-26T13:26:45.798+0000] {processor.py:925} INFO - DAG(s) 'flex_eau_pipeline' retrieved from /opt/airflow/dags/flex_eau_pipeline.py
[2026-07-26T13:26:45.865+0000] {logging_mixin.py:190} INFO - [2026-07-26T13:26:45.864+0000] {dag.py:3211} INFO - Sync 1 DAGs
[2026-07-26T13:26:45.905+0000] {logging_mixin.py:190} INFO - [2026-07-26T13:26:45.905+0000] {dag.py:4138} INFO - Setting next_dagrun for flex_eau_pipeline to 2026-07-26 00:00:00+00:00, run_after=2026-07-27 00:00:00+00:00
[2026-07-26T13:26:45.948+0000] {processor.py:208} INFO - Processing /opt/airflow/dags/flex_eau_pipeline.py took 0.230 seconds
[2026-07-26T13:27:16.506+0000] {processor.py:186} INFO - Started process (PID=12612) to work on /opt/airflow/dags/flex_eau_pipeline.py
[2026-07-26T13:27:16.508+0000] {processor.py:914} INFO - Processing file /opt/airflow/dags/flex_eau_pipeline.py for tasks to queue
[2026-07-26T13:27:16.514+0000] {logging_mixin.py:190} INFO - [2026-07-26T13:27:16.513+0000] {dagbag.py:587} INFO - Filling up the DagBag from /opt/airflow/dags/flex_eau_pipeline.py
[2026-07-26T13:27:16.586+0000] {processor.py:925} INFO - DAG(s) 'flex_eau_pipeline' retrieved from /opt/airflow/dags/flex_eau_pipeline.py
[2026-07-26T13:27:16.681+0000] {logging_mixin.py:190} INFO - [2026-07-26T13:27:16.680+0000] {dag.py:3211} INFO - Sync 1 DAGs
[2026-07-26T13:27:16.752+0000] {logging_mixin.py:190} INFO - [2026-07-26T13:27:16.751+0000] {dag.py:4138} INFO - Setting next_dagrun for flex_eau_pipeline to 2026-07-26 00:00:00+00:00, run_after=2026-07-27 00:00:00+00:00
[2026-07-26T13:27:16.788+0000] {processor.py:208} INFO - Processing /opt/airflow/dags/flex_eau_pipeline.py took 0.299 seconds
[2026-07-26T13:54:20.683+0000] {processor.py:186} INFO - Started process (PID=12617) to work on /opt/airflow/dags/flex_eau_pipeline.py
[2026-07-26T13:54:20.747+0000] {processor.py:914} INFO - Processing file /opt/airflow/dags/flex_eau_pipeline.py for tasks to queue
[2026-07-26T13:54:20.816+0000] {logging_mixin.py:190} INFO - [2026-07-26T13:54:20.799+0000] {dagbag.py:587} INFO - Filling up the DagBag from /opt/airflow/dags/flex_eau_pipeline.py
[2026-07-26T13:54:22.714+0000] {processor.py:925} INFO - DAG(s) 'flex_eau_pipeline' retrieved from /opt/airflow/dags/flex_eau_pipeline.py
[2026-07-26T13:54:29.316+0000] {logging_mixin.py:190} INFO - [2026-07-26T13:54:29.315+0000] {dag.py:3211} INFO - Sync 1 DAGs
[2026-07-26T13:54:33.250+0000] {logging_mixin.py:190} INFO - [2026-07-26T13:54:33.247+0000] {dag.py:4138} INFO - Setting next_dagrun for flex_eau_pipeline to 2026-07-26 00:00:00+00:00, run_after=2026-07-27 00:00:00+00:00
[2026-07-26T13:54:33.805+0000] {processor.py:208} INFO - Processing /opt/airflow/dags/flex_eau_pipeline.py took 13.665 seconds
[2026-07-26T13:55:05.606+0000] {processor.py:186} INFO - Started process (PID=12622) to work on /opt/airflow/dags/flex_eau_pipeline.py
[2026-07-26T13:55:05.629+0000] {processor.py:914} INFO - Processing file /opt/airflow/dags/flex_eau_pipeline.py for tasks to queue
[2026-07-26T13:55:05.688+0000] {logging_mixin.py:190} INFO - [2026-07-26T13:55:05.688+0000] {dagbag.py:587} INFO - Filling up the DagBag from /opt/airflow/dags/flex_eau_pipeline.py
[2026-07-26T13:55:06.289+0000] {processor.py:925} INFO - DAG(s) 'flex_eau_pipeline' retrieved from /opt/airflow/dags/flex_eau_pipeline.py
[2026-07-26T13:55:07.385+0000] {logging_mixin.py:190} INFO - [2026-07-26T13:55:07.382+0000] {dag.py:3211} INFO - Sync 1 DAGs
[2026-07-26T13:55:07.882+0000] {logging_mixin.py:190} INFO - [2026-07-26T13:55:07.878+0000] {dag.py:4138} INFO - Setting next_dagrun for flex_eau_pipeline to 2026-07-26 00:00:00+00:00, run_after=2026-07-27 00:00:00+00:00
[2026-07-26T13:55:10.745+0000] {processor.py:208} INFO - Processing /opt/airflow/dags/flex_eau_pipeline.py took 5.320 seconds
[2026-07-26T13:55:41.109+0000] {processor.py:186} INFO - Started process (PID=12627) to work on /opt/airflow/dags/flex_eau_pipeline.py
[2026-07-26T13:55:41.111+0000] {processor.py:914} INFO - Processing file /opt/airflow/dags/flex_eau_pipeline.py for tasks to queue
[2026-07-26T13:55:41.116+0000] {logging_mixin.py:190} INFO - [2026-07-26T13:55:41.115+0000] {dagbag.py:587} INFO - Filling up the DagBag from /opt/airflow/dags/flex_eau_pipeline.py
[2026-07-26T13:55:41.191+0000] {processor.py:925} INFO - DAG(s) 'flex_eau_pipeline' retrieved from /opt/airflow/dags/flex_eau_pipeline.py
[2026-07-26T13:55:41.294+0000] {logging_mixin.py:190} INFO - [2026-07-26T13:55:41.293+0000] {dag.py:3211} INFO - Sync 1 DAGs
[2026-07-26T13:55:41.373+0000] {logging_mixin.py:190} INFO - [2026-07-26T13:55:41.373+0000] {dag.py:4138} INFO - Setting next_dagrun for flex_eau_pipeline to 2026-07-26 00:00:00+00:00, run_after=2026-07-27 00:00:00+00:00
[2026-07-26T13:55:41.452+0000] {processor.py:208} INFO - Processing /opt/airflow/dags/flex_eau_pipeline.py took 0.357 seconds
[2026-07-26T13:56:11.719+0000] {processor.py:186} INFO - Started process (PID=12632) to work on /opt/airflow/dags/flex_eau_pipeline.py
[2026-07-26T13:56:11.720+0000] {processor.py:914} INFO - Processing file /opt/airflow/dags/flex_eau_pipeline.py for tasks to queue
[2026-07-26T13:56:11.724+0000] {logging_mixin.py:190} INFO - [2026-07-26T13:56:11.723+0000] {dagbag.py:587} INFO - Filling up the DagBag from /opt/airflow/dags/flex_eau_pipeline.py
[2026-07-26T13:56:11.757+0000] {processor.py:925} INFO - DAG(s) 'flex_eau_pipeline' retrieved from /opt/airflow/dags/flex_eau_pipeline.py
[2026-07-26T13:56:11.800+0000] {logging_mixin.py:190} INFO - [2026-07-26T13:56:11.799+0000] {dag.py:3211} INFO - Sync 1 DAGs
[2026-07-26T13:56:11.832+0000] {logging_mixin.py:190} INFO - [2026-07-26T13:56:11.832+0000] {dag.py:4138} INFO - Setting next_dagrun for flex_eau_pipeline to 2026-07-26 00:00:00+00:00, run_after=2026-07-27 00:00:00+00:00
[2026-07-26T13:56:11.860+0000] {processor.py:208} INFO - Processing /opt/airflow/dags/flex_eau_pipeline.py took 0.151 seconds
[2026-07-26T13:56:42.321+0000] {processor.py:186} INFO - Started process (PID=12637) to work on /opt/airflow/dags/flex_eau_pipeline.py
[2026-07-26T13:56:42.323+0000] {processor.py:914} INFO - Processing file /opt/airflow/dags/flex_eau_pipeline.py for tasks to queue
[2026-07-26T13:56:42.326+0000] {logging_mixin.py:190} INFO - [2026-07-26T13:56:42.326+0000] {dagbag.py:587} INFO - Filling up the DagBag from /opt/airflow/dags/flex_eau_pipeline.py
[2026-07-26T13:56:42.359+0000] {processor.py:925} INFO - DAG(s) 'flex_eau_pipeline' retrieved from /opt/airflow/dags/flex_eau_pipeline.py
[2026-07-26T13:56:42.412+0000] {logging_mixin.py:190} INFO - [2026-07-26T13:56:42.412+0000] {dag.py:3211} INFO - Sync 1 DAGs
[2026-07-26T13:56:42.472+0000] {logging_mixin.py:190} INFO - [2026-07-26T13:56:42.472+0000] {dag.py:4138} INFO - Setting next_dagrun for flex_eau_pipeline to 2026-07-26 00:00:00+00:00, run_after=2026-07-27 00:00:00+00:00
[2026-07-26T13:56:42.535+0000] {processor.py:208} INFO - Processing /opt/airflow/dags/flex_eau_pipeline.py took 0.222 seconds
[2026-07-26T13:57:12.694+0000] {processor.py:186} INFO - Started process (PID=12642) to work on /opt/airflow/dags/flex_eau_pipeline.py
[2026-07-26T13:57:12.696+0000] {processor.py:914} INFO - Processing file /opt/airflow/dags/flex_eau_pipeline.py for tasks to queue
[2026-07-26T13:57:12.699+0000] {logging_mixin.py:190} INFO - [2026-07-26T13:57:12.698+0000] {dagbag.py:587} INFO - Filling up the DagBag from /opt/airflow/dags/flex_eau_pipeline.py
[2026-07-26T13:57:12.733+0000] {processor.py:925} INFO - DAG(s) 'flex_eau_pipeline' retrieved from /opt/airflow/dags/flex_eau_pipeline.py
[2026-07-26T13:57:12.778+0000] {logging_mixin.py:190} INFO - [2026-07-26T13:57:12.777+0000] {dag.py:3211} INFO - Sync 1 DAGs
[2026-07-26T13:57:12.819+0000] {logging_mixin.py:190} INFO - [2026-07-26T13:57:12.819+0000] {dag.py:4138} INFO - Setting next_dagrun for flex_eau_pipeline to 2026-07-26 00:00:00+00:00, run_after=2026-07-27 00:00:00+00:00
[2026-07-26T13:57:12.846+0000] {processor.py:208} INFO - Processing /opt/airflow/dags/flex_eau_pipeline.py took 0.160 seconds
[2026-07-26T13:57:43.181+0000] {processor.py:186} INFO - Started process (PID=12647) to work on /opt/airflow/dags/flex_eau_pipeline.py
[2026-07-26T13:57:43.183+0000] {processor.py:914} INFO - Processing file /opt/airflow/dags/flex_eau_pipeline.py for tasks to queue
[2026-07-26T13:57:43.186+0000] {logging_mixin.py:190} INFO - [2026-07-26T13:57:43.186+0000] {dagbag.py:587} INFO - Filling up the DagBag from /opt/airflow/dags/flex_eau_pipeline.py
[2026-07-26T13:57:43.237+0000] {processor.py:925} INFO - DAG(s) 'flex_eau_pipeline' retrieved from /opt/airflow/dags/flex_eau_pipeline.py
[2026-07-26T13:57:43.281+0000] {logging_mixin.py:190} INFO - [2026-07-26T13:57:43.281+0000] {dag.py:3211} INFO - Sync 1 DAGs
[2026-07-26T13:57:43.311+0000] {logging_mixin.py:190} INFO - [2026-07-26T13:57:43.311+0000] {dag.py:4138} INFO - Setting next_dagrun for flex_eau_pipeline to 2026-07-26 00:00:00+00:00, run_after=2026-07-27 00:00:00+00:00
[2026-07-26T13:57:43.340+0000] {processor.py:208} INFO - Processing /opt/airflow/dags/flex_eau_pipeline.py took 0.167 seconds
[2026-07-26T13:58:13.858+0000] {processor.py:186} INFO - Started process (PID=12652) to work on /opt/airflow/dags/flex_eau_pipeline.py
[2026-07-26T13:58:13.859+0000] {processor.py:914} INFO - Processing file /opt/airflow/dags/flex_eau_pipeline.py for tasks to queue
[2026-07-26T13:58:13.862+0000] {logging_mixin.py:190} INFO - [2026-07-26T13:58:13.862+0000] {dagbag.py:587} INFO - Filling up the DagBag from /opt/airflow/dags/flex_eau_pipeline.py
[2026-07-26T13:58:13.912+0000] {processor.py:925} INFO - DAG(s) 'flex_eau_pipeline' retrieved from /opt/airflow/dags/flex_eau_pipeline.py
[2026-07-26T13:58:13.982+0000] {logging_mixin.py:190} INFO - [2026-07-26T13:58:13.982+0000] {dag.py:3211} INFO - Sync 1 DAGs
[2026-07-26T13:58:14.018+0000] {logging_mixin.py:190} INFO - [2026-07-26T13:58:14.018+0000] {dag.py:4138} INFO - Setting next_dagrun for flex_eau_pipeline to 2026-07-26 00:00:00+00:00, run_after=2026-07-27 00:00:00+00:00
[2026-07-26T13:58:14.063+0000] {processor.py:208} INFO - Processing /opt/airflow/dags/flex_eau_pipeline.py took 0.214 seconds
[2026-07-26T13:58:44.305+0000] {processor.py:186} INFO - Started process (PID=12657) to work on /opt/airflow/dags/flex_eau_pipeline.py
[2026-07-26T13:58:44.307+0000] {processor.py:914} INFO - Processing file /opt/airflow/dags/flex_eau_pipeline.py for tasks to queue
[2026-07-26T13:58:44.310+0000] {logging_mixin.py:190} INFO - [2026-07-26T13:58:44.310+0000] {dagbag.py:587} INFO - Filling up the DagBag from /opt/airflow/dags/flex_eau_pipeline.py
[2026-07-26T13:58:44.351+0000] {processor.py:925} INFO - DAG(s) 'flex_eau_pipeline' retrieved from /opt/airflow/dags/flex_eau_pipeline.py
[2026-07-26T13:58:44.416+0000] {logging_mixin.py:190} INFO - [2026-07-26T13:58:44.415+0000] {dag.py:3211} INFO - Sync 1 DAGs
[2026-07-26T13:58:44.454+0000] {logging_mixin.py:190} INFO - [2026-07-26T13:58:44.454+0000] {dag.py:4138} INFO - Setting next_dagrun for flex_eau_pipeline to 2026-07-26 00:00:00+00:00, run_after=2026-07-27 00:00:00+00:00
[2026-07-26T13:58:44.505+0000] {processor.py:208} INFO - Processing /opt/airflow/dags/flex_eau_pipeline.py took 0.208 seconds
[2026-07-26T13:59:15.172+0000] {processor.py:186} INFO - Started process (PID=12662) to work on /opt/airflow/dags/flex_eau_pipeline.py
[2026-07-26T13:59:15.179+0000] {processor.py:914} INFO - Processing file /opt/airflow/dags/flex_eau_pipeline.py for tasks to queue
[2026-07-26T13:59:15.194+0000] {logging_mixin.py:190} INFO - [2026-07-26T13:59:15.192+0000] {dagbag.py:587} INFO - Filling up the DagBag from /opt/airflow/dags/flex_eau_pipeline.py
[2026-07-26T13:59:15.330+0000] {processor.py:925} INFO - DAG(s) 'flex_eau_pipeline' retrieved from /opt/airflow/dags/flex_eau_pipeline.py
[2026-07-26T13:59:15.525+0000] {logging_mixin.py:190} INFO - [2026-07-26T13:59:15.523+0000] {dag.py:3211} INFO - Sync 1 DAGs
[2026-07-26T13:59:15.607+0000] {logging_mixin.py:190} INFO - [2026-07-26T13:59:15.607+0000] {dag.py:4138} INFO - Setting next_dagrun for flex_eau_pipeline to 2026-07-26 00:00:00+00:00, run_after=2026-07-27 00:00:00+00:00
[2026-07-26T13:59:15.658+0000] {processor.py:208} INFO - Processing /opt/airflow/dags/flex_eau_pipeline.py took 0.519 seconds
[2026-07-26T13:59:46.233+0000] {processor.py:186} INFO - Started process (PID=12667) to work on /opt/airflow/dags/flex_eau_pipeline.py
[2026-07-26T13:59:46.236+0000] {processor.py:914} INFO - Processing file /opt/airflow/dags/flex_eau_pipeline.py for tasks to queue
[2026-07-26T13:59:46.241+0000] {logging_mixin.py:190} INFO - [2026-07-26T13:59:46.240+0000] {dagbag.py:587} INFO - Filling up the DagBag from /opt/airflow/dags/flex_eau_pipeline.py
[2026-07-26T13:59:46.285+0000] {processor.py:925} INFO - DAG(s) 'flex_eau_pipeline' retrieved from /opt/airflow/dags/flex_eau_pipeline.py
[2026-07-26T13:59:46.331+0000] {logging_mixin.py:190} INFO - [2026-07-26T13:59:46.331+0000] {dag.py:3211} INFO - Sync 1 DAGs
[2026-07-26T13:59:46.367+0000] {logging_mixin.py:190} INFO - [2026-07-26T13:59:46.366+0000] {dag.py:4138} INFO - Setting next_dagrun for flex_eau_pipeline to 2026-07-26 00:00:00+00:00, run_after=2026-07-27 00:00:00+00:00
[2026-07-26T13:59:46.410+0000] {processor.py:208} INFO - Processing /opt/airflow/dags/flex_eau_pipeline.py took 0.195 seconds
[2026-07-26T14:00:16.820+0000] {processor.py:186} INFO - Started process (PID=12672) to work on /opt/airflow/dags/flex_eau_pipeline.py
[2026-07-26T14:00:16.826+0000] {processor.py:914} INFO - Processing file /opt/airflow/dags/flex_eau_pipeline.py for tasks to queue
[2026-07-26T14:00:16.839+0000] {logging_mixin.py:190} INFO - [2026-07-26T14:00:16.837+0000] {dagbag.py:587} INFO - Filling up the DagBag from /opt/airflow/dags/flex_eau_pipeline.py
[2026-07-26T14:00:16.983+0000] {processor.py:925} INFO - DAG(s) 'flex_eau_pipeline' retrieved from /opt/airflow/dags/flex_eau_pipeline.py
[2026-07-26T14:00:17.046+0000] {logging_mixin.py:190} INFO - [2026-07-26T14:00:17.046+0000] {dag.py:3211} INFO - Sync 1 DAGs
[2026-07-26T14:00:17.087+0000] {logging_mixin.py:190} INFO - [2026-07-26T14:00:17.086+0000] {dag.py:4138} INFO - Setting next_dagrun for flex_eau_pipeline to 2026-07-26 00:00:00+00:00, run_after=2026-07-27 00:00:00+00:00
[2026-07-26T14:00:17.122+0000] {processor.py:208} INFO - Processing /opt/airflow/dags/flex_eau_pipeline.py took 0.339 seconds
[2026-07-26T14:00:47.414+0000] {processor.py:186} INFO - Started process (PID=12677) to work on /opt/airflow/dags/flex_eau_pipeline.py
[2026-07-26T14:00:47.416+0000] {processor.py:914} INFO - Processing file /opt/airflow/dags/flex_eau_pipeline.py for tasks to queue
[2026-07-26T14:00:47.419+0000] {logging_mixin.py:190} INFO - [2026-07-26T14:00:47.419+0000] {dagbag.py:587} INFO - Filling up the DagBag from /opt/airflow/dags/flex_eau_pipeline.py
[2026-07-26T14:00:47.495+0000] {processor.py:925} INFO - DAG(s) 'flex_eau_pipeline' retrieved from /opt/airflow/dags/flex_eau_pipeline.py
[2026-07-26T14:00:47.571+0000] {logging_mixin.py:190} INFO - [2026-07-26T14:00:47.571+0000] {dag.py:3211} INFO - Sync 1 DAGs
[2026-07-26T14:00:47.609+0000] {logging_mixin.py:190} INFO - [2026-07-26T14:00:47.609+0000] {dag.py:4138} INFO - Setting next_dagrun for flex_eau_pipeline to 2026-07-26 00:00:00+00:00, run_after=2026-07-27 00:00:00+00:00
[2026-07-26T14:00:47.665+0000] {processor.py:208} INFO - Processing /opt/airflow/dags/flex_eau_pipeline.py took 0.259 seconds
[2026-07-26T14:01:18.009+0000] {processor.py:186} INFO - Started process (PID=12682) to work on /opt/airflow/dags/flex_eau_pipeline.py
[2026-07-26T14:01:18.012+0000] {processor.py:914} INFO - Processing file /opt/airflow/dags/flex_eau_pipeline.py for tasks to queue
[2026-07-26T14:01:18.018+0000] {logging_mixin.py:190} INFO - [2026-07-26T14:01:18.017+0000] {dagbag.py:587} INFO - Filling up the DagBag from /opt/airflow/dags/flex_eau_pipeline.py
[2026-07-26T14:01:18.089+0000] {processor.py:925} INFO - DAG(s) 'flex_eau_pipeline' retrieved from /opt/airflow/dags/flex_eau_pipeline.py
[2026-07-26T14:01:18.154+0000] {logging_mixin.py:190} INFO - [2026-07-26T14:01:18.154+0000] {dag.py:3211} INFO - Sync 1 DAGs
[2026-07-26T14:01:18.189+0000] {logging_mixin.py:190} INFO - [2026-07-26T14:01:18.189+0000] {dag.py:4138} INFO - Setting next_dagrun for flex_eau_pipeline to 2026-07-26 00:00:00+00:00, run_after=2026-07-27 00:00:00+00:00
[2026-07-26T14:01:18.222+0000] {processor.py:208} INFO - Processing /opt/airflow/dags/flex_eau_pipeline.py took 0.223 seconds
[2026-07-26T14:01:48.609+0000] {processor.py:186} INFO - Started process (PID=12687) to work on /opt/airflow/dags/flex_eau_pipeline.py
[2026-07-26T14:01:48.611+0000] {processor.py:914} INFO - Processing file /opt/airflow/dags/flex_eau_pipeline.py for tasks to queue
[2026-07-26T14:01:48.615+0000] {logging_mixin.py:190} INFO - [2026-07-26T14:01:48.615+0000] {dagbag.py:587} INFO - Filling up the DagBag from /opt/airflow/dags/flex_eau_pipeline.py
[2026-07-26T14:01:48.654+0000] {processor.py:925} INFO - DAG(s) 'flex_eau_pipeline' retrieved from /opt/airflow/dags/flex_eau_pipeline.py
[2026-07-26T14:01:48.695+0000] {logging_mixin.py:190} INFO - [2026-07-26T14:01:48.695+0000] {dag.py:3211} INFO - Sync 1 DAGs
[2026-07-26T14:01:48.728+0000] {logging_mixin.py:190} INFO - [2026-07-26T14:01:48.728+0000] {dag.py:4138} INFO - Setting next_dagrun for flex_eau_pipeline to 2026-07-26 00:00:00+00:00, run_after=2026-07-27 00:00:00+00:00
[2026-07-26T14:01:48.768+0000] {processor.py:208} INFO - Processing /opt/airflow/dags/flex_eau_pipeline.py took 0.170 seconds
[2026-07-26T14:02:19.355+0000] {processor.py:186} INFO - Started process (PID=12692) to work on /opt/airflow/dags/flex_eau_pipeline.py
[2026-07-26T14:02:19.361+0000] {processor.py:914} INFO - Processing file /opt/airflow/dags/flex_eau_pipeline.py for tasks to queue
[2026-07-26T14:02:19.373+0000] {logging_mixin.py:190} INFO - [2026-07-26T14:02:19.371+0000] {dagbag.py:587} INFO - Filling up the DagBag from /opt/airflow/dags/flex_eau_pipeline.py
[2026-07-26T14:02:19.456+0000] {processor.py:925} INFO - DAG(s) 'flex_eau_pipeline' retrieved from /opt/airflow/dags/flex_eau_pipeline.py
[2026-07-26T14:02:19.514+0000] {logging_mixin.py:190} INFO - [2026-07-26T14:02:19.514+0000] {dag.py:3211} INFO - Sync 1 DAGs
[2026-07-26T14:02:19.545+0000] {logging_mixin.py:190} INFO - [2026-07-26T14:02:19.545+0000] {dag.py:4138} INFO - Setting next_dagrun for flex_eau_pipeline to 2026-07-26 00:00:00+00:00, run_after=2026-07-27 00:00:00+00:00
[2026-07-26T14:02:19.570+0000] {processor.py:208} INFO - Processing /opt/airflow/dags/flex_eau_pipeline.py took 0.258 seconds
[2026-07-26T14:02:49.909+0000] {processor.py:186} INFO - Started process (PID=12697) to work on /opt/airflow/dags/flex_eau_pipeline.py
[2026-07-26T14:02:49.912+0000] {processor.py:914} INFO - Processing file /opt/airflow/dags/flex_eau_pipeline.py for tasks to queue
[2026-07-26T14:02:49.917+0000] {logging_mixin.py:190} INFO - [2026-07-26T14:02:49.917+0000] {dagbag.py:587} INFO - Filling up the DagBag from /opt/airflow/dags/flex_eau_pipeline.py
[2026-07-26T14:02:49.978+0000] {processor.py:925} INFO - DAG(s) 'flex_eau_pipeline' retrieved from /opt/airflow/dags/flex_eau_pipeline.py
[2026-07-26T14:02:50.025+0000] {logging_mixin.py:190} INFO - [2026-07-26T14:02:50.024+0000] {dag.py:3211} INFO - Sync 1 DAGs
[2026-07-26T14:02:50.057+0000] {logging_mixin.py:190} INFO - [2026-07-26T14:02:50.056+0000] {dag.py:4138} INFO - Setting next_dagrun for flex_eau_pipeline to 2026-07-26 00:00:00+00:00, run_after=2026-07-27 00:00:00+00:00
[2026-07-26T14:02:50.101+0000] {processor.py:208} INFO - Processing /opt/airflow/dags/flex_eau_pipeline.py took 0.206 seconds
[2026-07-26T14:03:20.579+0000] {processor.py:186} INFO - Started process (PID=12702) to work on /opt/airflow/dags/flex_eau_pipeline.py
[2026-07-26T14:03:20.581+0000] {processor.py:914} INFO - Processing file /opt/airflow/dags/flex_eau_pipeline.py for tasks to queue
[2026-07-26T14:03:20.586+0000] {logging_mixin.py:190} INFO - [2026-07-26T14:03:20.586+0000] {dagbag.py:587} INFO - Filling up the DagBag from /opt/airflow/dags/flex_eau_pipeline.py
[2026-07-26T14:03:20.664+0000] {processor.py:925} INFO - DAG(s) 'flex_eau_pipeline' retrieved from /opt/airflow/dags/flex_eau_pipeline.py
[2026-07-26T14:03:20.749+0000] {logging_mixin.py:190} INFO - [2026-07-26T14:03:20.749+0000] {dag.py:3211} INFO - Sync 1 DAGs
[2026-07-26T14:03:20.781+0000] {logging_mixin.py:190} INFO - [2026-07-26T14:03:20.781+0000] {dag.py:4138} INFO - Setting next_dagrun for flex_eau_pipeline to 2026-07-26 00:00:00+00:00, run_after=2026-07-27 00:00:00+00:00
[2026-07-26T14:03:20.818+0000] {processor.py:208} INFO - Processing /opt/airflow/dags/flex_eau_pipeline.py took 0.252 seconds
[2026-07-26T14:03:51.466+0000] {processor.py:186} INFO - Started process (PID=12707) to work on /opt/airflow/dags/flex_eau_pipeline.py
[2026-07-26T14:03:51.468+0000] {processor.py:914} INFO - Processing file /opt/airflow/dags/flex_eau_pipeline.py for tasks to queue
[2026-07-26T14:03:51.471+0000] {logging_mixin.py:190} INFO - [2026-07-26T14:03:51.470+0000] {dagbag.py:587} INFO - Filling up the DagBag from /opt/airflow/dags/flex_eau_pipeline.py
[2026-07-26T14:03:51.521+0000] {processor.py:925} INFO - DAG(s) 'flex_eau_pipeline' retrieved from /opt/airflow/dags/flex_eau_pipeline.py
[2026-07-26T14:03:51.612+0000] {logging_mixin.py:190} INFO - [2026-07-26T14:03:51.612+0000] {dag.py:3211} INFO - Sync 1 DAGs
[2026-07-26T14:03:51.686+0000] {logging_mixin.py:190} INFO - [2026-07-26T14:03:51.686+0000] {dag.py:4138} INFO - Setting next_dagrun for flex_eau_pipeline to 2026-07-26 00:00:00+00:00, run_after=2026-07-27 00:00:00+00:00
[2026-07-26T14:03:51.716+0000] {processor.py:208} INFO - Processing /opt/airflow/dags/flex_eau_pipeline.py took 0.263 seconds
[2026-07-26T14:04:22.139+0000] {processor.py:186} INFO - Started process (PID=12712) to work on /opt/airflow/dags/flex_eau_pipeline.py
[2026-07-26T14:04:22.142+0000] {processor.py:914} INFO - Processing file /opt/airflow/dags/flex_eau_pipeline.py for tasks to queue
[2026-07-26T14:04:22.149+0000] {logging_mixin.py:190} INFO - [2026-07-26T14:04:22.148+0000] {dagbag.py:587} INFO - Filling up the DagBag from /opt/airflow/dags/flex_eau_pipeline.py
[2026-07-26T14:04:22.216+0000] {processor.py:925} INFO - DAG(s) 'flex_eau_pipeline' retrieved from /opt/airflow/dags/flex_eau_pipeline.py
[2026-07-26T14:04:22.295+0000] {logging_mixin.py:190} INFO - [2026-07-26T14:04:22.295+0000] {dag.py:3211} INFO - Sync 1 DAGs
[2026-07-26T14:04:22.349+0000] {logging_mixin.py:190} INFO - [2026-07-26T14:04:22.349+0000] {dag.py:4138} INFO - Setting next_dagrun for flex_eau_pipeline to 2026-07-26 00:00:00+00:00, run_after=2026-07-27 00:00:00+00:00
[2026-07-26T14:04:22.397+0000] {processor.py:208} INFO - Processing /opt/airflow/dags/flex_eau_pipeline.py took 0.274 seconds
[2026-07-26T14:04:52.788+0000] {processor.py:186} INFO - Started process (PID=12717) to work on /opt/airflow/dags/flex_eau_pipeline.py
[2026-07-26T14:04:52.791+0000] {processor.py:914} INFO - Processing file /opt/airflow/dags/flex_eau_pipeline.py for tasks to queue
[2026-07-26T14:04:52.797+0000] {logging_mixin.py:190} INFO - [2026-07-26T14:04:52.796+0000] {dagbag.py:587} INFO - Filling up the DagBag from /opt/airflow/dags/flex_eau_pipeline.py
[2026-07-26T14:04:52.853+0000] {processor.py:925} INFO - DAG(s) 'flex_eau_pipeline' retrieved from /opt/airflow/dags/flex_eau_pipeline.py
[2026-07-26T14:04:52.900+0000] {logging_mixin.py:190} INFO - [2026-07-26T14:04:52.900+0000] {dag.py:3211} INFO - Sync 1 DAGs
[2026-07-26T14:04:52.932+0000] {logging_mixin.py:190} INFO - [2026-07-26T14:04:52.932+0000] {dag.py:4138} INFO - Setting next_dagrun for flex_eau_pipeline to 2026-07-26 00:00:00+00:00, run_after=2026-07-27 00:00:00+00:00
[2026-07-26T14:04:52.961+0000] {processor.py:208} INFO - Processing /opt/airflow/dags/flex_eau_pipeline.py took 0.182 seconds
[2026-07-26T14:05:23.474+0000] {processor.py:186} INFO - Started process (PID=12722) to work on /opt/airflow/dags/flex_eau_pipeline.py
[2026-07-26T14:05:23.475+0000] {processor.py:914} INFO - Processing file /opt/airflow/dags/flex_eau_pipeline.py for tasks to queue
[2026-07-26T14:05:23.479+0000] {logging_mixin.py:190} INFO - [2026-07-26T14:05:23.478+0000] {dagbag.py:587} INFO - Filling up the DagBag from /opt/airflow/dags/flex_eau_pipeline.py
[2026-07-26T14:05:23.509+0000] {processor.py:925} INFO - DAG(s) 'flex_eau_pipeline' retrieved from /opt/airflow/dags/flex_eau_pipeline.py
[2026-07-26T14:05:23.596+0000] {logging_mixin.py:190} INFO - [2026-07-26T14:05:23.595+0000] {dag.py:3211} INFO - Sync 1 DAGs
[2026-07-26T14:05:23.641+0000] {logging_mixin.py:190} INFO - [2026-07-26T14:05:23.640+0000] {dag.py:4138} INFO - Setting next_dagrun for flex_eau_pipeline to 2026-07-26 00:00:00+00:00, run_after=2026-07-27 00:00:00+00:00
[2026-07-26T14:05:23.679+0000] {processor.py:208} INFO - Processing /opt/airflow/dags/flex_eau_pipeline.py took 0.215 seconds
[2026-07-26T14:05:54.071+0000] {processor.py:186} INFO - Started process (PID=12727) to work on /opt/airflow/dags/flex_eau_pipeline.py
[2026-07-26T14:05:54.073+0000] {processor.py:914} INFO - Processing file /opt/airflow/dags/flex_eau_pipeline.py for tasks to queue
[2026-07-26T14:05:54.080+0000] {logging_mixin.py:190} INFO - [2026-07-26T14:05:54.079+0000] {dagbag.py:587} INFO - Filling up the DagBag from /opt/airflow/dags/flex_eau_pipeline.py
[2026-07-26T14:05:54.122+0000] {processor.py:925} INFO - DAG(s) 'flex_eau_pipeline' retrieved from /opt/airflow/dags/flex_eau_pipeline.py
[2026-07-26T14:05:54.167+0000] {logging_mixin.py:190} INFO - [2026-07-26T14:05:54.166+0000] {dag.py:3211} INFO - Sync 1 DAGs
[2026-07-26T14:05:54.196+0000] {logging_mixin.py:190} INFO - [2026-07-26T14:05:54.196+0000] {dag.py:4138} INFO - Setting next_dagrun for flex_eau_pipeline to 2026-07-26 00:00:00+00:00, run_after=2026-07-27 00:00:00+00:00
[2026-07-26T14:05:54.224+0000] {processor.py:208} INFO - Processing /opt/airflow/dags/flex_eau_pipeline.py took 0.162 seconds
[2026-07-26T14:06:24.815+0000] {processor.py:186} INFO - Started process (PID=12732) to work on /opt/airflow/dags/flex_eau_pipeline.py
[2026-07-26T14:06:24.817+0000] {processor.py:914} INFO - Processing file /opt/airflow/dags/flex_eau_pipeline.py for tasks to queue
[2026-07-26T14:06:24.820+0000] {logging_mixin.py:190} INFO - [2026-07-26T14:06:24.819+0000] {dagbag.py:587} INFO - Filling up the DagBag from /opt/airflow/dags/flex_eau_pipeline.py
[2026-07-26T14:06:24.857+0000] {processor.py:925} INFO - DAG(s) 'flex_eau_pipeline' retrieved from /opt/airflow/dags/flex_eau_pipeline.py
[2026-07-26T14:06:24.899+0000] {logging_mixin.py:190} INFO - [2026-07-26T14:06:24.898+0000] {dag.py:3211} INFO - Sync 1 DAGs
[2026-07-26T14:06:24.929+0000] {logging_mixin.py:190} INFO - [2026-07-26T14:06:24.929+0000] {dag.py:4138} INFO - Setting next_dagrun for flex_eau_pipeline to 2026-07-26 00:00:00+00:00, run_after=2026-07-27 00:00:00+00:00
[2026-07-26T14:06:24.962+0000] {processor.py:208} INFO - Processing /opt/airflow/dags/flex_eau_pipeline.py took 0.155 seconds
[2026-07-26T14:06:55.482+0000] {processor.py:186} INFO - Started process (PID=12737) to work on /opt/airflow/dags/flex_eau_pipeline.py
[2026-07-26T14:06:55.485+0000] {processor.py:914} INFO - Processing file /opt/airflow/dags/flex_eau_pipeline.py for tasks to queue
[2026-07-26T14:06:55.491+0000] {logging_mixin.py:190} INFO - [2026-07-26T14:06:55.490+0000] {dagbag.py:587} INFO - Filling up the DagBag from /opt/airflow/dags/flex_eau_pipeline.py
[2026-07-26T14:06:55.541+0000] {processor.py:925} INFO - DAG(s) 'flex_eau_pipeline' retrieved from /opt/airflow/dags/flex_eau_pipeline.py
[2026-07-26T14:06:55.590+0000] {logging_mixin.py:190} INFO - [2026-07-26T14:06:55.589+0000] {dag.py:3211} INFO - Sync 1 DAGs
[2026-07-26T14:06:55.624+0000] {logging_mixin.py:190} INFO - [2026-07-26T14:06:55.624+0000] {dag.py:4138} INFO - Setting next_dagrun for flex_eau_pipeline to 2026-07-26 00:00:00+00:00, run_after=2026-07-27 00:00:00+00:00
[2026-07-26T14:06:55.657+0000] {processor.py:208} INFO - Processing /opt/airflow/dags/flex_eau_pipeline.py took 0.195 seconds
[2026-07-26T14:07:26.031+0000] {processor.py:186} INFO - Started process (PID=12742) to work on /opt/airflow/dags/flex_eau_pipeline.py
[2026-07-26T14:07:26.033+0000] {processor.py:914} INFO - Processing file /opt/airflow/dags/flex_eau_pipeline.py for tasks to queue
[2026-07-26T14:07:26.037+0000] {logging_mixin.py:190} INFO - [2026-07-26T14:07:26.037+0000] {dagbag.py:587} INFO - Filling up the DagBag from /opt/airflow/dags/flex_eau_pipeline.py
[2026-07-26T14:07:26.088+0000] {processor.py:925} INFO - DAG(s) 'flex_eau_pipeline' retrieved from /opt/airflow/dags/flex_eau_pipeline.py
[2026-07-26T14:07:26.174+0000] {logging_mixin.py:190} INFO - [2026-07-26T14:07:26.173+0000] {dag.py:3211} INFO - Sync 1 DAGs
[2026-07-26T14:07:26.220+0000] {logging_mixin.py:190} INFO - [2026-07-26T14:07:26.220+0000] {dag.py:4138} INFO - Setting next_dagrun for flex_eau_pipeline to 2026-07-26 00:00:00+00:00, run_after=2026-07-27 00:00:00+00:00
[2026-07-26T14:07:26.249+0000] {processor.py:208} INFO - Processing /opt/airflow/dags/flex_eau_pipeline.py took 0.228 seconds
[2026-07-26T14:07:56.941+0000] {processor.py:186} INFO - Started process (PID=12747) to work on /opt/airflow/dags/flex_eau_pipeline.py
[2026-07-26T14:07:56.943+0000] {processor.py:914} INFO - Processing file /opt/airflow/dags/flex_eau_pipeline.py for tasks to queue
[2026-07-26T14:07:56.947+0000] {logging_mixin.py:190} INFO - [2026-07-26T14:07:56.946+0000] {dagbag.py:587} INFO - Filling up the DagBag from /opt/airflow/dags/flex_eau_pipeline.py
[2026-07-26T14:07:56.988+0000] {processor.py:925} INFO - DAG(s) 'flex_eau_pipeline' retrieved from /opt/airflow/dags/flex_eau_pipeline.py
[2026-07-26T14:07:57.032+0000] {logging_mixin.py:190} INFO - [2026-07-26T14:07:57.031+0000] {dag.py:3211} INFO - Sync 1 DAGs
[2026-07-26T14:07:57.068+0000] {logging_mixin.py:190} INFO - [2026-07-26T14:07:57.067+0000] {dag.py:4138} INFO - Setting next_dagrun for flex_eau_pipeline to 2026-07-26 00:00:00+00:00, run_after=2026-07-27 00:00:00+00:00
[2026-07-26T14:07:57.093+0000] {processor.py:208} INFO - Processing /opt/airflow/dags/flex_eau_pipeline.py took 0.165 seconds
[2026-07-26T14:08:27.831+0000] {processor.py:186} INFO - Started process (PID=12752) to work on /opt/airflow/dags/flex_eau_pipeline.py
[2026-07-26T14:08:27.833+0000] {processor.py:914} INFO - Processing file /opt/airflow/dags/flex_eau_pipeline.py for tasks to queue
[2026-07-26T14:08:27.836+0000] {logging_mixin.py:190} INFO - [2026-07-26T14:08:27.835+0000] {dagbag.py:587} INFO - Filling up the DagBag from /opt/airflow/dags/flex_eau_pipeline.py
[2026-07-26T14:08:27.870+0000] {processor.py:925} INFO - DAG(s) 'flex_eau_pipeline' retrieved from /opt/airflow/dags/flex_eau_pipeline.py
[2026-07-26T14:08:27.911+0000] {logging_mixin.py:190} INFO - [2026-07-26T14:08:27.911+0000] {dag.py:3211} INFO - Sync 1 DAGs
[2026-07-26T14:08:27.943+0000] {logging_mixin.py:190} INFO - [2026-07-26T14:08:27.943+0000] {dag.py:4138} INFO - Setting next_dagrun for flex_eau_pipeline to 2026-07-26 00:00:00+00:00, run_after=2026-07-27 00:00:00+00:00
[2026-07-26T14:08:27.970+0000] {processor.py:208} INFO - Processing /opt/airflow/dags/flex_eau_pipeline.py took 0.146 seconds
[2026-07-26T14:08:58.470+0000] {processor.py:186} INFO - Started process (PID=12757) to work on /opt/airflow/dags/flex_eau_pipeline.py
[2026-07-26T14:08:58.472+0000] {processor.py:914} INFO - Processing file /opt/airflow/dags/flex_eau_pipeline.py for tasks to queue
[2026-07-26T14:08:58.479+0000] {logging_mixin.py:190} INFO - [2026-07-26T14:08:58.478+0000] {dagbag.py:587} INFO - Filling up the DagBag from /opt/airflow/dags/flex_eau_pipeline.py
[2026-07-26T14:08:58.520+0000] {processor.py:925} INFO - DAG(s) 'flex_eau_pipeline' retrieved from /opt/airflow/dags/flex_eau_pipeline.py
[2026-07-26T14:08:58.571+0000] {logging_mixin.py:190} INFO - [2026-07-26T14:08:58.571+0000] {dag.py:3211} INFO - Sync 1 DAGs
[2026-07-26T14:08:58.600+0000] {logging_mixin.py:190} INFO - [2026-07-26T14:08:58.599+0000] {dag.py:4138} INFO - Setting next_dagrun for flex_eau_pipeline to 2026-07-26 00:00:00+00:00, run_after=2026-07-27 00:00:00+00:00
[2026-07-26T14:08:58.641+0000] {processor.py:208} INFO - Processing /opt/airflow/dags/flex_eau_pipeline.py took 0.181 seconds
[2026-07-26T14:09:29.212+0000] {processor.py:186} INFO - Started process (PID=12762) to work on /opt/airflow/dags/flex_eau_pipeline.py
[2026-07-26T14:09:29.214+0000] {processor.py:914} INFO - Processing file /opt/airflow/dags/flex_eau_pipeline.py for tasks to queue
[2026-07-26T14:09:29.217+0000] {logging_mixin.py:190} INFO - [2026-07-26T14:09:29.217+0000] {dagbag.py:587} INFO - Filling up the DagBag from /opt/airflow/dags/flex_eau_pipeline.py
[2026-07-26T14:09:29.279+0000] {processor.py:925} INFO - DAG(s) 'flex_eau_pipeline' retrieved from /opt/airflow/dags/flex_eau_pipeline.py
[2026-07-26T14:09:29.374+0000] {logging_mixin.py:190} INFO - [2026-07-26T14:09:29.374+0000] {dag.py:3211} INFO - Sync 1 DAGs
[2026-07-26T14:09:29.426+0000] {logging_mixin.py:190} INFO - [2026-07-26T14:09:29.425+0000] {dag.py:4138} INFO - Setting next_dagrun for flex_eau_pipeline to 2026-07-26 00:00:00+00:00, run_after=2026-07-27 00:00:00+00:00
[2026-07-26T14:09:29.475+0000] {processor.py:208} INFO - Processing /opt/airflow/dags/flex_eau_pipeline.py took 0.273 seconds
[2026-07-26T14:10:00.004+0000] {processor.py:186} INFO - Started process (PID=12767) to work on /opt/airflow/dags/flex_eau_pipeline.py
[2026-07-26T14:10:00.005+0000] {processor.py:914} INFO - Processing file /opt/airflow/dags/flex_eau_pipeline.py for tasks to queue
[2026-07-26T14:10:00.009+0000] {logging_mixin.py:190} INFO - [2026-07-26T14:10:00.008+0000] {dagbag.py:587} INFO - Filling up the DagBag from /opt/airflow/dags/flex_eau_pipeline.py
[2026-07-26T14:10:00.045+0000] {processor.py:925} INFO - DAG(s) 'flex_eau_pipeline' retrieved from /opt/airflow/dags/flex_eau_pipeline.py
[2026-07-26T14:10:00.087+0000] {logging_mixin.py:190} INFO - [2026-07-26T14:10:00.087+0000] {dag.py:3211} INFO - Sync 1 DAGs
[2026-07-26T14:10:00.117+0000] {logging_mixin.py:190} INFO - [2026-07-26T14:10:00.117+0000] {dag.py:4138} INFO - Setting next_dagrun for flex_eau_pipeline to 2026-07-26 00:00:00+00:00, run_after=2026-07-27 00:00:00+00:00
[2026-07-26T14:10:00.149+0000] {processor.py:208} INFO - Processing /opt/airflow/dags/flex_eau_pipeline.py took 0.157 seconds
[2026-07-26T14:10:30.790+0000] {processor.py:186} INFO - Started process (PID=12772) to work on /opt/airflow/dags/flex_eau_pipeline.py
[2026-07-26T14:10:30.791+0000] {processor.py:914} INFO - Processing file /opt/airflow/dags/flex_eau_pipeline.py for tasks to queue
[2026-07-26T14:10:30.795+0000] {logging_mixin.py:190} INFO - [2026-07-26T14:10:30.794+0000] {dagbag.py:587} INFO - Filling up the DagBag from /opt/airflow/dags/flex_eau_pipeline.py
[2026-07-26T14:10:30.835+0000] {processor.py:925} INFO - DAG(s) 'flex_eau_pipeline' retrieved from /opt/airflow/dags/flex_eau_pipeline.py
[2026-07-26T14:10:30.900+0000] {logging_mixin.py:190} INFO - [2026-07-26T14:10:30.899+0000] {dag.py:3211} INFO - Sync 1 DAGs
[2026-07-26T14:10:30.931+0000] {logging_mixin.py:190} INFO - [2026-07-26T14:10:30.930+0000] {dag.py:4138} INFO - Setting next_dagrun for flex_eau_pipeline to 2026-07-26 00:00:00+00:00, run_after=2026-07-27 00:00:00+00:00
[2026-07-26T14:10:30.954+0000] {processor.py:208} INFO - Processing /opt/airflow/dags/flex_eau_pipeline.py took 0.177 seconds
[2026-07-26T14:11:01.515+0000] {processor.py:186} INFO - Started process (PID=12777) to work on /opt/airflow/dags/flex_eau_pipeline.py
[2026-07-26T14:11:01.521+0000] {processor.py:914} INFO - Processing file /opt/airflow/dags/flex_eau_pipeline.py for tasks to queue
[2026-07-26T14:11:01.535+0000] {logging_mixin.py:190} INFO - [2026-07-26T14:11:01.533+0000] {dagbag.py:587} INFO - Filling up the DagBag from /opt/airflow/dags/flex_eau_pipeline.py
[2026-07-26T14:11:01.652+0000] {processor.py:925} INFO - DAG(s) 'flex_eau_pipeline' retrieved from /opt/airflow/dags/flex_eau_pipeline.py
[2026-07-26T14:11:01.708+0000] {logging_mixin.py:190} INFO - [2026-07-26T14:11:01.708+0000] {dag.py:3211} INFO - Sync 1 DAGs
[2026-07-26T14:11:01.755+0000] {logging_mixin.py:190} INFO - [2026-07-26T14:11:01.754+0000] {dag.py:4138} INFO - Setting next_dagrun for flex_eau_pipeline to 2026-07-26 00:00:00+00:00, run_after=2026-07-27 00:00:00+00:00
[2026-07-26T14:11:01.804+0000] {processor.py:208} INFO - Processing /opt/airflow/dags/flex_eau_pipeline.py took 0.327 seconds
[2026-07-26T14:11:32.393+0000] {processor.py:186} INFO - Started process (PID=12782) to work on /opt/airflow/dags/flex_eau_pipeline.py
[2026-07-26T14:11:32.395+0000] {processor.py:914} INFO - Processing file /opt/airflow/dags/flex_eau_pipeline.py for tasks to queue
[2026-07-26T14:11:32.397+0000] {logging_mixin.py:190} INFO - [2026-07-26T14:11:32.397+0000] {dagbag.py:587} INFO - Filling up the DagBag from /opt/airflow/dags/flex_eau_pipeline.py
[2026-07-26T14:11:32.429+0000] {processor.py:925} INFO - DAG(s) 'flex_eau_pipeline' retrieved from /opt/airflow/dags/flex_eau_pipeline.py
[2026-07-26T14:11:32.476+0000] {logging_mixin.py:190} INFO - [2026-07-26T14:11:32.476+0000] {dag.py:3211} INFO - Sync 1 DAGs
[2026-07-26T14:11:32.507+0000] {logging_mixin.py:190} INFO - [2026-07-26T14:11:32.506+0000] {dag.py:4138} INFO - Setting next_dagrun for flex_eau_pipeline to 2026-07-26 00:00:00+00:00, run_after=2026-07-27 00:00:00+00:00
[2026-07-26T14:11:32.537+0000] {processor.py:208} INFO - Processing /opt/airflow/dags/flex_eau_pipeline.py took 0.157 seconds
[2026-07-26T14:12:03.270+0000] {processor.py:186} INFO - Started process (PID=12787) to work on /opt/airflow/dags/flex_eau_pipeline.py
[2026-07-26T14:12:03.272+0000] {processor.py:914} INFO - Processing file /opt/airflow/dags/flex_eau_pipeline.py for tasks to queue
[2026-07-26T14:12:03.275+0000] {logging_mixin.py:190} INFO - [2026-07-26T14:12:03.275+0000] {dagbag.py:587} INFO - Filling up the DagBag from /opt/airflow/dags/flex_eau_pipeline.py
[2026-07-26T14:12:03.327+0000] {processor.py:925} INFO - DAG(s) 'flex_eau_pipeline' retrieved from /opt/airflow/dags/flex_eau_pipeline.py
[2026-07-26T14:12:03.382+0000] {logging_mixin.py:190} INFO - [2026-07-26T14:12:03.382+0000] {dag.py:3211} INFO - Sync 1 DAGs
[2026-07-26T14:12:03.420+0000] {logging_mixin.py:190} INFO - [2026-07-26T14:12:03.420+0000] {dag.py:4138} INFO - Setting next_dagrun for flex_eau_pipeline to 2026-07-26 00:00:00+00:00, run_after=2026-07-27 00:00:00+00:00
[2026-07-26T14:12:03.468+0000] {processor.py:208} INFO - Processing /opt/airflow/dags/flex_eau_pipeline.py took 0.205 seconds
[2026-07-26T14:12:34.013+0000] {processor.py:186} INFO - Started process (PID=12792) to work on /opt/airflow/dags/flex_eau_pipeline.py
[2026-07-26T14:12:34.014+0000] {processor.py:914} INFO - Processing file /opt/airflow/dags/flex_eau_pipeline.py for tasks to queue
[2026-07-26T14:12:34.018+0000] {logging_mixin.py:190} INFO - [2026-07-26T14:12:34.017+0000] {dagbag.py:587} INFO - Filling up the DagBag from /opt/airflow/dags/flex_eau_pipeline.py
[2026-07-26T14:12:34.078+0000] {processor.py:925} INFO - DAG(s) 'flex_eau_pipeline' retrieved from /opt/airflow/dags/flex_eau_pipeline.py
[2026-07-26T14:12:34.143+0000] {logging_mixin.py:190} INFO - [2026-07-26T14:12:34.142+0000] {dag.py:3211} INFO - Sync 1 DAGs
[2026-07-26T14:12:34.191+0000] {logging_mixin.py:190} INFO - [2026-07-26T14:12:34.190+0000] {dag.py:4138} INFO - Setting next_dagrun for flex_eau_pipeline to 2026-07-26 00:00:00+00:00, run_after=2026-07-27 00:00:00+00:00
[2026-07-26T14:12:34.234+0000] {processor.py:208} INFO - Processing /opt/airflow/dags/flex_eau_pipeline.py took 0.230 seconds
[2026-07-26T14:13:04.730+0000] {processor.py:186} INFO - Started process (PID=12797) to work on /opt/airflow/dags/flex_eau_pipeline.py
[2026-07-26T14:13:04.732+0000] {processor.py:914} INFO - Processing file /opt/airflow/dags/flex_eau_pipeline.py for tasks to queue
[2026-07-26T14:13:04.736+0000] {logging_mixin.py:190} INFO - [2026-07-26T14:13:04.736+0000] {dagbag.py:587} INFO - Filling up the DagBag from /opt/airflow/dags/flex_eau_pipeline.py
[2026-07-26T14:13:04.771+0000] {processor.py:925} INFO - DAG(s) 'flex_eau_pipeline' retrieved from /opt/airflow/dags/flex_eau_pipeline.py
[2026-07-26T14:13:04.818+0000] {logging_mixin.py:190} INFO - [2026-07-26T14:13:04.818+0000] {dag.py:3211} INFO - Sync 1 DAGs
[2026-07-26T14:13:04.858+0000] {logging_mixin.py:190} INFO - [2026-07-26T14:13:04.858+0000] {dag.py:4138} INFO - Setting next_dagrun for flex_eau_pipeline to 2026-07-26 00:00:00+00:00, run_after=2026-07-27 00:00:00+00:00
[2026-07-26T14:13:04.899+0000] {processor.py:208} INFO - Processing /opt/airflow/dags/flex_eau_pipeline.py took 0.177 seconds
[2026-07-26T14:13:35.434+0000] {processor.py:186} INFO - Started process (PID=12802) to work on /opt/airflow/dags/flex_eau_pipeline.py
[2026-07-26T14:13:35.436+0000] {processor.py:914} INFO - Processing file /opt/airflow/dags/flex_eau_pipeline.py for tasks to queue
[2026-07-26T14:13:35.438+0000] {logging_mixin.py:190} INFO - [2026-07-26T14:13:35.438+0000] {dagbag.py:587} INFO - Filling up the DagBag from /opt/airflow/dags/flex_eau_pipeline.py
[2026-07-26T14:13:35.475+0000] {processor.py:925} INFO - DAG(s) 'flex_eau_pipeline' retrieved from /opt/airflow/dags/flex_eau_pipeline.py
[2026-07-26T14:13:35.547+0000] {logging_mixin.py:190} INFO - [2026-07-26T14:13:35.547+0000] {dag.py:3211} INFO - Sync 1 DAGs
[2026-07-26T14:13:35.596+0000] {logging_mixin.py:190} INFO - [2026-07-26T14:13:35.596+0000] {dag.py:4138} INFO - Setting next_dagrun for flex_eau_pipeline to 2026-07-26 00:00:00+00:00, run_after=2026-07-27 00:00:00+00:00
[2026-07-26T14:13:35.648+0000] {processor.py:208} INFO - Processing /opt/airflow/dags/flex_eau_pipeline.py took 0.222 seconds
[2026-07-26T14:14:06.453+0000] {processor.py:186} INFO - Started process (PID=12807) to work on /opt/airflow/dags/flex_eau_pipeline.py
[2026-07-26T14:14:06.456+0000] {processor.py:914} INFO - Processing file /opt/airflow/dags/flex_eau_pipeline.py for tasks to queue
[2026-07-26T14:14:06.460+0000] {logging_mixin.py:190} INFO - [2026-07-26T14:14:06.460+0000] {dagbag.py:587} INFO - Filling up the DagBag from /opt/airflow/dags/flex_eau_pipeline.py
[2026-07-26T14:14:06.493+0000] {processor.py:925} INFO - DAG(s) 'flex_eau_pipeline' retrieved from /opt/airflow/dags/flex_eau_pipeline.py
[2026-07-26T14:14:06.539+0000] {logging_mixin.py:190} INFO - [2026-07-26T14:14:06.539+0000] {dag.py:3211} INFO - Sync 1 DAGs
[2026-07-26T14:14:06.573+0000] {logging_mixin.py:190} INFO - [2026-07-26T14:14:06.573+0000] {dag.py:4138} INFO - Setting next_dagrun for flex_eau_pipeline to 2026-07-26 00:00:00+00:00, run_after=2026-07-27 00:00:00+00:00
[2026-07-26T14:14:06.615+0000] {processor.py:208} INFO - Processing /opt/airflow/dags/flex_eau_pipeline.py took 0.176 seconds
[2026-07-26T14:14:37.182+0000] {processor.py:186} INFO - Started process (PID=12812) to work on /opt/airflow/dags/flex_eau_pipeline.py
[2026-07-26T14:14:37.184+0000] {processor.py:914} INFO - Processing file /opt/airflow/dags/flex_eau_pipeline.py for tasks to queue
[2026-07-26T14:14:37.187+0000] {logging_mixin.py:190} INFO - [2026-07-26T14:14:37.186+0000] {dagbag.py:587} INFO - Filling up the DagBag from /opt/airflow/dags/flex_eau_pipeline.py
[2026-07-26T14:14:37.217+0000] {processor.py:925} INFO - DAG(s) 'flex_eau_pipeline' retrieved from /opt/airflow/dags/flex_eau_pipeline.py
[2026-07-26T14:14:37.260+0000] {logging_mixin.py:190} INFO - [2026-07-26T14:14:37.259+0000] {dag.py:3211} INFO - Sync 1 DAGs
[2026-07-26T14:14:37.289+0000] {logging_mixin.py:190} INFO - [2026-07-26T14:14:37.288+0000] {dag.py:4138} INFO - Setting next_dagrun for flex_eau_pipeline to 2026-07-26 00:00:00+00:00, run_after=2026-07-27 00:00:00+00:00
[2026-07-26T14:14:37.315+0000] {processor.py:208} INFO - Processing /opt/airflow/dags/flex_eau_pipeline.py took 0.145 seconds
[2026-07-26T14:15:08.021+0000] {processor.py:186} INFO - Started process (PID=12817) to work on /opt/airflow/dags/flex_eau_pipeline.py
[2026-07-26T14:15:08.023+0000] {processor.py:914} INFO - Processing file /opt/airflow/dags/flex_eau_pipeline.py for tasks to queue
[2026-07-26T14:15:08.026+0000] {logging_mixin.py:190} INFO - [2026-07-26T14:15:08.026+0000] {dagbag.py:587} INFO - Filling up the DagBag from /opt/airflow/dags/flex_eau_pipeline.py
[2026-07-26T14:15:08.075+0000] {processor.py:925} INFO - DAG(s) 'flex_eau_pipeline' retrieved from /opt/airflow/dags/flex_eau_pipeline.py
[2026-07-26T14:15:08.117+0000] {logging_mixin.py:190} INFO - [2026-07-26T14:15:08.117+0000] {dag.py:3211} INFO - Sync 1 DAGs
[2026-07-26T14:15:08.150+0000] {logging_mixin.py:190} INFO - [2026-07-26T14:15:08.149+0000] {dag.py:4138} INFO - Setting next_dagrun for flex_eau_pipeline to 2026-07-26 00:00:00+00:00, run_after=2026-07-27 00:00:00+00:00
[2026-07-26T14:15:08.179+0000] {processor.py:208} INFO - Processing /opt/airflow/dags/flex_eau_pipeline.py took 0.166 seconds
[2026-07-26T14:15:38.876+0000] {processor.py:186} INFO - Started process (PID=12822) to work on /opt/airflow/dags/flex_eau_pipeline.py
[2026-07-26T14:15:38.878+0000] {processor.py:914} INFO - Processing file /opt/airflow/dags/flex_eau_pipeline.py for tasks to queue
[2026-07-26T14:15:38.882+0000] {logging_mixin.py:190} INFO - [2026-07-26T14:15:38.881+0000] {dagbag.py:587} INFO - Filling up the DagBag from /opt/airflow/dags/flex_eau_pipeline.py
[2026-07-26T14:15:38.917+0000] {processor.py:925} INFO - DAG(s) 'flex_eau_pipeline' retrieved from /opt/airflow/dags/flex_eau_pipeline.py
[2026-07-26T14:15:38.958+0000] {logging_mixin.py:190} INFO - [2026-07-26T14:15:38.958+0000] {dag.py:3211} INFO - Sync 1 DAGs
[2026-07-26T14:15:38.989+0000] {logging_mixin.py:190} INFO - [2026-07-26T14:15:38.989+0000] {dag.py:4138} INFO - Setting next_dagrun for flex_eau_pipeline to 2026-07-26 00:00:00+00:00, run_after=2026-07-27 00:00:00+00:00
[2026-07-26T14:15:39.015+0000] {processor.py:208} INFO - Processing /opt/airflow/dags/flex_eau_pipeline.py took 0.147 seconds
[2026-07-26T14:16:09.677+0000] {processor.py:186} INFO - Started process (PID=12827) to work on /opt/airflow/dags/flex_eau_pipeline.py
[2026-07-26T14:16:09.678+0000] {processor.py:914} INFO - Processing file /opt/airflow/dags/flex_eau_pipeline.py for tasks to queue
[2026-07-26T14:16:09.682+0000] {logging_mixin.py:190} INFO - [2026-07-26T14:16:09.681+0000] {dagbag.py:587} INFO - Filling up the DagBag from /opt/airflow/dags/flex_eau_pipeline.py
[2026-07-26T14:16:09.723+0000] {processor.py:925} INFO - DAG(s) 'flex_eau_pipeline' retrieved from /opt/airflow/dags/flex_eau_pipeline.py
[2026-07-26T14:16:09.764+0000] {logging_mixin.py:190} INFO - [2026-07-26T14:16:09.764+0000] {dag.py:3211} INFO - Sync 1 DAGs
[2026-07-26T14:16:09.794+0000] {logging_mixin.py:190} INFO - [2026-07-26T14:16:09.794+0000] {dag.py:4138} INFO - Setting next_dagrun for flex_eau_pipeline to 2026-07-26 00:00:00+00:00, run_after=2026-07-27 00:00:00+00:00
[2026-07-26T14:16:09.841+0000] {processor.py:208} INFO - Processing /opt/airflow/dags/flex_eau_pipeline.py took 0.173 seconds
[2026-07-26T14:16:40.466+0000] {processor.py:186} INFO - Started process (PID=12832) to work on /opt/airflow/dags/flex_eau_pipeline.py
[2026-07-26T14:16:40.467+0000] {processor.py:914} INFO - Processing file /opt/airflow/dags/flex_eau_pipeline.py for tasks to queue
[2026-07-26T14:16:40.470+0000] {logging_mixin.py:190} INFO - [2026-07-26T14:16:40.470+0000] {dagbag.py:587} INFO - Filling up the DagBag from /opt/airflow/dags/flex_eau_pipeline.py
[2026-07-26T14:16:40.507+0000] {processor.py:925} INFO - DAG(s) 'flex_eau_pipeline' retrieved from /opt/airflow/dags/flex_eau_pipeline.py
[2026-07-26T14:16:40.555+0000] {logging_mixin.py:190} INFO - [2026-07-26T14:16:40.555+0000] {dag.py:3211} INFO - Sync 1 DAGs
[2026-07-26T14:16:40.585+0000] {logging_mixin.py:190} INFO - [2026-07-26T14:16:40.585+0000] {dag.py:4138} INFO - Setting next_dagrun for flex_eau_pipeline to 2026-07-26 00:00:00+00:00, run_after=2026-07-27 00:00:00+00:00
[2026-07-26T14:16:40.612+0000] {processor.py:208} INFO - Processing /opt/airflow/dags/flex_eau_pipeline.py took 0.156 seconds
[2026-07-26T14:17:11.367+0000] {processor.py:186} INFO - Started process (PID=12837) to work on /opt/airflow/dags/flex_eau_pipeline.py
[2026-07-26T14:17:11.369+0000] {processor.py:914} INFO - Processing file /opt/airflow/dags/flex_eau_pipeline.py for tasks to queue
[2026-07-26T14:17:11.372+0000] {logging_mixin.py:190} INFO - [2026-07-26T14:17:11.372+0000] {dagbag.py:587} INFO - Filling up the DagBag from /opt/airflow/dags/flex_eau_pipeline.py
[2026-07-26T14:17:11.406+0000] {processor.py:925} INFO - DAG(s) 'flex_eau_pipeline' retrieved from /opt/airflow/dags/flex_eau_pipeline.py
[2026-07-26T14:17:11.453+0000] {logging_mixin.py:190} INFO - [2026-07-26T14:17:11.453+0000] {dag.py:3211} INFO - Sync 1 DAGs
[2026-07-26T14:17:11.479+0000] {logging_mixin.py:190} INFO - [2026-07-26T14:17:11.479+0000] {dag.py:4138} INFO - Setting next_dagrun for flex_eau_pipeline to 2026-07-26 00:00:00+00:00, run_after=2026-07-27 00:00:00+00:00
[2026-07-26T14:17:11.516+0000] {processor.py:208} INFO - Processing /opt/airflow/dags/flex_eau_pipeline.py took 0.158 seconds
[2026-07-26T14:17:42.237+0000] {processor.py:186} INFO - Started process (PID=12842) to work on /opt/airflow/dags/flex_eau_pipeline.py
[2026-07-26T14:17:42.238+0000] {processor.py:914} INFO - Processing file /opt/airflow/dags/flex_eau_pipeline.py for tasks to queue
[2026-07-26T14:17:42.243+0000] {logging_mixin.py:190} INFO - [2026-07-26T14:17:42.243+0000] {dagbag.py:587} INFO - Filling up the DagBag from /opt/airflow/dags/flex_eau_pipeline.py
[2026-07-26T14:17:42.291+0000] {processor.py:925} INFO - DAG(s) 'flex_eau_pipeline' retrieved from /opt/airflow/dags/flex_eau_pipeline.py
[2026-07-26T14:17:42.345+0000] {logging_mixin.py:190} INFO - [2026-07-26T14:17:42.344+0000] {dag.py:3211} INFO - Sync 1 DAGs
[2026-07-26T14:17:42.377+0000] {logging_mixin.py:190} INFO - [2026-07-26T14:17:42.377+0000] {dag.py:4138} INFO - Setting next_dagrun for flex_eau_pipeline to 2026-07-26 00:00:00+00:00, run_after=2026-07-27 00:00:00+00:00
[2026-07-26T14:17:42.407+0000] {processor.py:208} INFO - Processing /opt/airflow/dags/flex_eau_pipeline.py took 0.179 seconds
[2026-07-26T14:18:13.228+0000] {processor.py:186} INFO - Started process (PID=12847) to work on /opt/airflow/dags/flex_eau_pipeline.py
[2026-07-26T14:18:13.230+0000] {processor.py:914} INFO - Processing file /opt/airflow/dags/flex_eau_pipeline.py for tasks to queue
[2026-07-26T14:18:13.233+0000] {logging_mixin.py:190} INFO - [2026-07-26T14:18:13.233+0000] {dagbag.py:587} INFO - Filling up the DagBag from /opt/airflow/dags/flex_eau_pipeline.py
[2026-07-26T14:18:13.267+0000] {processor.py:925} INFO - DAG(s) 'flex_eau_pipeline' retrieved from /opt/airflow/dags/flex_eau_pipeline.py
[2026-07-26T14:18:13.308+0000] {logging_mixin.py:190} INFO - [2026-07-26T14:18:13.307+0000] {dag.py:3211} INFO - Sync 1 DAGs
[2026-07-26T14:18:13.342+0000] {logging_mixin.py:190} INFO - [2026-07-26T14:18:13.342+0000] {dag.py:4138} INFO - Setting next_dagrun for flex_eau_pipeline to 2026-07-26 00:00:00+00:00, run_after=2026-07-27 00:00:00+00:00
[2026-07-26T14:18:13.386+0000] {processor.py:208} INFO - Processing /opt/airflow/dags/flex_eau_pipeline.py took 0.167 seconds
[2026-07-26T14:18:44.012+0000] {processor.py:186} INFO - Started process (PID=12852) to work on /opt/airflow/dags/flex_eau_pipeline.py
[2026-07-26T14:18:44.014+0000] {processor.py:914} INFO - Processing file /opt/airflow/dags/flex_eau_pipeline.py for tasks to queue
[2026-07-26T14:18:44.017+0000] {logging_mixin.py:190} INFO - [2026-07-26T14:18:44.017+0000] {dagbag.py:587} INFO - Filling up the DagBag from /opt/airflow/dags/flex_eau_pipeline.py
[2026-07-26T14:18:44.080+0000] {processor.py:925} INFO - DAG(s) 'flex_eau_pipeline' retrieved from /opt/airflow/dags/flex_eau_pipeline.py
[2026-07-26T14:18:44.143+0000] {logging_mixin.py:190} INFO - [2026-07-26T14:18:44.143+0000] {dag.py:3211} INFO - Sync 1 DAGs
[2026-07-26T14:18:44.172+0000] {logging_mixin.py:190} INFO - [2026-07-26T14:18:44.172+0000] {dag.py:4138} INFO - Setting next_dagrun for flex_eau_pipeline to 2026-07-26 00:00:00+00:00, run_after=2026-07-27 00:00:00+00:00
[2026-07-26T14:18:44.199+0000] {processor.py:208} INFO - Processing /opt/airflow/dags/flex_eau_pipeline.py took 0.195 seconds
[2026-07-26T14:19:14.867+0000] {processor.py:186} INFO - Started process (PID=12857) to work on /opt/airflow/dags/flex_eau_pipeline.py
[2026-07-26T14:19:14.869+0000] {processor.py:914} INFO - Processing file /opt/airflow/dags/flex_eau_pipeline.py for tasks to queue
[2026-07-26T14:19:14.872+0000] {logging_mixin.py:190} INFO - [2026-07-26T14:19:14.872+0000] {dagbag.py:587} INFO - Filling up the DagBag from /opt/airflow/dags/flex_eau_pipeline.py
[2026-07-26T14:19:14.937+0000] {processor.py:925} INFO - DAG(s) 'flex_eau_pipeline' retrieved from /opt/airflow/dags/flex_eau_pipeline.py
[2026-07-26T14:19:14.984+0000] {logging_mixin.py:190} INFO - [2026-07-26T14:19:14.984+0000] {dag.py:3211} INFO - Sync 1 DAGs
[2026-07-26T14:19:15.018+0000] {logging_mixin.py:190} INFO - [2026-07-26T14:19:15.017+0000] {dag.py:4138} INFO - Setting next_dagrun for flex_eau_pipeline to 2026-07-26 00:00:00+00:00, run_after=2026-07-27 00:00:00+00:00
[2026-07-26T14:19:15.055+0000] {processor.py:208} INFO - Processing /opt/airflow/dags/flex_eau_pipeline.py took 0.196 seconds
[2026-07-26T14:19:45.853+0000] {processor.py:186} INFO - Started process (PID=12862) to work on /opt/airflow/dags/flex_eau_pipeline.py
[2026-07-26T14:19:45.856+0000] {processor.py:914} INFO - Processing file /opt/airflow/dags/flex_eau_pipeline.py for tasks to queue
[2026-07-26T14:19:45.859+0000] {logging_mixin.py:190} INFO - [2026-07-26T14:19:45.859+0000] {dagbag.py:587} INFO - Filling up the DagBag from /opt/airflow/dags/flex_eau_pipeline.py
[2026-07-26T14:19:45.899+0000] {processor.py:925} INFO - DAG(s) 'flex_eau_pipeline' retrieved from /opt/airflow/dags/flex_eau_pipeline.py
[2026-07-26T14:19:45.947+0000] {logging_mixin.py:190} INFO - [2026-07-26T14:19:45.947+0000] {dag.py:3211} INFO - Sync 1 DAGs
[2026-07-26T14:19:45.998+0000] {logging_mixin.py:190} INFO - [2026-07-26T14:19:45.998+0000] {dag.py:4138} INFO - Setting next_dagrun for flex_eau_pipeline to 2026-07-26 00:00:00+00:00, run_after=2026-07-27 00:00:00+00:00
[2026-07-26T14:19:46.051+0000] {processor.py:208} INFO - Processing /opt/airflow/dags/flex_eau_pipeline.py took 0.216 seconds
[2026-07-26T14:20:16.755+0000] {processor.py:186} INFO - Started process (PID=12867) to work on /opt/airflow/dags/flex_eau_pipeline.py
[2026-07-26T14:20:16.758+0000] {processor.py:914} INFO - Processing file /opt/airflow/dags/flex_eau_pipeline.py for tasks to queue
[2026-07-26T14:20:16.762+0000] {logging_mixin.py:190} INFO - [2026-07-26T14:20:16.761+0000] {dagbag.py:587} INFO - Filling up the DagBag from /opt/airflow/dags/flex_eau_pipeline.py
[2026-07-26T14:20:16.798+0000] {processor.py:925} INFO - DAG(s) 'flex_eau_pipeline' retrieved from /opt/airflow/dags/flex_eau_pipeline.py
[2026-07-26T14:20:16.876+0000] {logging_mixin.py:190} INFO - [2026-07-26T14:20:16.875+0000] {dag.py:3211} INFO - Sync 1 DAGs
[2026-07-26T14:20:16.937+0000] {logging_mixin.py:190} INFO - [2026-07-26T14:20:16.936+0000] {dag.py:4138} INFO - Setting next_dagrun for flex_eau_pipeline to 2026-07-26 00:00:00+00:00, run_after=2026-07-27 00:00:00+00:00
[2026-07-26T14:20:16.988+0000] {processor.py:208} INFO - Processing /opt/airflow/dags/flex_eau_pipeline.py took 0.241 seconds
[2026-07-26T14:20:47.608+0000] {processor.py:186} INFO - Started process (PID=12872) to work on /opt/airflow/dags/flex_eau_pipeline.py
[2026-07-26T14:20:47.609+0000] {processor.py:914} INFO - Processing file /opt/airflow/dags/flex_eau_pipeline.py for tasks to queue
[2026-07-26T14:20:47.612+0000] {logging_mixin.py:190} INFO - [2026-07-26T14:20:47.612+0000] {dagbag.py:587} INFO - Filling up the DagBag from /opt/airflow/dags/flex_eau_pipeline.py
[2026-07-26T14:20:47.647+0000] {processor.py:925} INFO - DAG(s) 'flex_eau_pipeline' retrieved from /opt/airflow/dags/flex_eau_pipeline.py
[2026-07-26T14:20:47.695+0000] {logging_mixin.py:190} INFO - [2026-07-26T14:20:47.695+0000] {dag.py:3211} INFO - Sync 1 DAGs
[2026-07-26T14:20:47.728+0000] {logging_mixin.py:190} INFO - [2026-07-26T14:20:47.727+0000] {dag.py:4138} INFO - Setting next_dagrun for flex_eau_pipeline to 2026-07-26 00:00:00+00:00, run_after=2026-07-27 00:00:00+00:00
[2026-07-26T14:20:47.754+0000] {processor.py:208} INFO - Processing /opt/airflow/dags/flex_eau_pipeline.py took 0.155 seconds
[2026-07-26T14:21:18.417+0000] {processor.py:186} INFO - Started process (PID=12877) to work on /opt/airflow/dags/flex_eau_pipeline.py
[2026-07-26T14:21:18.418+0000] {processor.py:914} INFO - Processing file /opt/airflow/dags/flex_eau_pipeline.py for tasks to queue
[2026-07-26T14:21:18.422+0000] {logging_mixin.py:190} INFO - [2026-07-26T14:21:18.421+0000] {dagbag.py:587} INFO - Filling up the DagBag from /opt/airflow/dags/flex_eau_pipeline.py
[2026-07-26T14:21:18.454+0000] {processor.py:925} INFO - DAG(s) 'flex_eau_pipeline' retrieved from /opt/airflow/dags/flex_eau_pipeline.py
[2026-07-26T14:21:18.496+0000] {logging_mixin.py:190} INFO - [2026-07-26T14:21:18.496+0000] {dag.py:3211} INFO - Sync 1 DAGs
[2026-07-26T14:21:18.525+0000] {logging_mixin.py:190} INFO - [2026-07-26T14:21:18.525+0000] {dag.py:4138} INFO - Setting next_dagrun for flex_eau_pipeline to 2026-07-26 00:00:00+00:00, run_after=2026-07-27 00:00:00+00:00
[2026-07-26T14:21:18.555+0000] {processor.py:208} INFO - Processing /opt/airflow/dags/flex_eau_pipeline.py took 0.148 seconds
[2026-07-26T14:21:49.313+0000] {processor.py:186} INFO - Started process (PID=12882) to work on /opt/airflow/dags/flex_eau_pipeline.py
[2026-07-26T14:21:49.315+0000] {processor.py:914} INFO - Processing file /opt/airflow/dags/flex_eau_pipeline.py for tasks to queue
[2026-07-26T14:21:49.318+0000] {logging_mixin.py:190} INFO - [2026-07-26T14:21:49.318+0000] {dagbag.py:587} INFO - Filling up the DagBag from /opt/airflow/dags/flex_eau_pipeline.py
[2026-07-26T14:21:49.370+0000] {processor.py:925} INFO - DAG(s) 'flex_eau_pipeline' retrieved from /opt/airflow/dags/flex_eau_pipeline.py
[2026-07-26T14:21:49.414+0000] {logging_mixin.py:190} INFO - [2026-07-26T14:21:49.414+0000] {dag.py:3211} INFO - Sync 1 DAGs
[2026-07-26T14:21:49.444+0000] {logging_mixin.py:190} INFO - [2026-07-26T14:21:49.444+0000] {dag.py:4138} INFO - Setting next_dagrun for flex_eau_pipeline to 2026-07-26 00:00:00+00:00, run_after=2026-07-27 00:00:00+00:00
[2026-07-26T14:21:49.468+0000] {processor.py:208} INFO - Processing /opt/airflow/dags/flex_eau_pipeline.py took 0.163 seconds
[2026-07-26T14:22:20.273+0000] {processor.py:186} INFO - Started process (PID=12887) to work on /opt/airflow/dags/flex_eau_pipeline.py
[2026-07-26T14:22:20.277+0000] {processor.py:914} INFO - Processing file /opt/airflow/dags/flex_eau_pipeline.py for tasks to queue
[2026-07-26T14:22:20.297+0000] {logging_mixin.py:190} INFO - [2026-07-26T14:22:20.296+0000] {dagbag.py:587} INFO - Filling up the DagBag from /opt/airflow/dags/flex_eau_pipeline.py
[2026-07-26T14:22:20.361+0000] {processor.py:925} INFO - DAG(s) 'flex_eau_pipeline' retrieved from /opt/airflow/dags/flex_eau_pipeline.py
[2026-07-26T14:22:20.424+0000] {logging_mixin.py:190} INFO - [2026-07-26T14:22:20.424+0000] {dag.py:3211} INFO - Sync 1 DAGs
[2026-07-26T14:22:20.464+0000] {logging_mixin.py:190} INFO - [2026-07-26T14:22:20.463+0000] {dag.py:4138} INFO - Setting next_dagrun for flex_eau_pipeline to 2026-07-26 00:00:00+00:00, run_after=2026-07-27 00:00:00+00:00
[2026-07-26T14:22:20.504+0000] {processor.py:208} INFO - Processing /opt/airflow/dags/flex_eau_pipeline.py took 0.310 seconds
[2026-07-26T14:22:51.143+0000] {processor.py:186} INFO - Started process (PID=12892) to work on /opt/airflow/dags/flex_eau_pipeline.py
[2026-07-26T14:22:51.146+0000] {processor.py:914} INFO - Processing file /opt/airflow/dags/flex_eau_pipeline.py for tasks to queue
[2026-07-26T14:22:51.150+0000] {logging_mixin.py:190} INFO - [2026-07-26T14:22:51.150+0000] {dagbag.py:587} INFO - Filling up the DagBag from /opt/airflow/dags/flex_eau_pipeline.py
[2026-07-26T14:22:51.231+0000] {processor.py:925} INFO - DAG(s) 'flex_eau_pipeline' retrieved from /opt/airflow/dags/flex_eau_pipeline.py
[2026-07-26T14:22:51.291+0000] {logging_mixin.py:190} INFO - [2026-07-26T14:22:51.290+0000] {dag.py:3211} INFO - Sync 1 DAGs
[2026-07-26T14:22:51.337+0000] {logging_mixin.py:190} INFO - [2026-07-26T14:22:51.337+0000] {dag.py:4138} INFO - Setting next_dagrun for flex_eau_pipeline to 2026-07-26 00:00:00+00:00, run_after=2026-07-27 00:00:00+00:00
[2026-07-26T14:22:51.383+0000] {processor.py:208} INFO - Processing /opt/airflow/dags/flex_eau_pipeline.py took 0.262 seconds
[2026-07-26T14:23:22.205+0000] {processor.py:186} INFO - Started process (PID=12897) to work on /opt/airflow/dags/flex_eau_pipeline.py
[2026-07-26T14:23:22.207+0000] {processor.py:914} INFO - Processing file /opt/airflow/dags/flex_eau_pipeline.py for tasks to queue
[2026-07-26T14:23:22.212+0000] {logging_mixin.py:190} INFO - [2026-07-26T14:23:22.211+0000] {dagbag.py:587} INFO - Filling up the DagBag from /opt/airflow/dags/flex_eau_pipeline.py
[2026-07-26T14:23:22.253+0000] {processor.py:925} INFO - DAG(s) 'flex_eau_pipeline' retrieved from /opt/airflow/dags/flex_eau_pipeline.py
[2026-07-26T14:23:22.294+0000] {logging_mixin.py:190} INFO - [2026-07-26T14:23:22.293+0000] {dag.py:3211} INFO - Sync 1 DAGs
[2026-07-26T14:23:22.321+0000] {logging_mixin.py:190} INFO - [2026-07-26T14:23:22.321+0000] {dag.py:4138} INFO - Setting next_dagrun for flex_eau_pipeline to 2026-07-26 00:00:00+00:00, run_after=2026-07-27 00:00:00+00:00
[2026-07-26T14:23:22.351+0000] {processor.py:208} INFO - Processing /opt/airflow/dags/flex_eau_pipeline.py took 0.159 seconds
[2026-07-26T14:23:53.011+0000] {processor.py:186} INFO - Started process (PID=12902) to work on /opt/airflow/dags/flex_eau_pipeline.py
[2026-07-26T14:23:53.013+0000] {processor.py:914} INFO - Processing file /opt/airflow/dags/flex_eau_pipeline.py for tasks to queue
[2026-07-26T14:23:53.016+0000] {logging_mixin.py:190} INFO - [2026-07-26T14:23:53.015+0000] {dagbag.py:587} INFO - Filling up the DagBag from /opt/airflow/dags/flex_eau_pipeline.py
[2026-07-26T14:23:53.075+0000] {processor.py:925} INFO - DAG(s) 'flex_eau_pipeline' retrieved from /opt/airflow/dags/flex_eau_pipeline.py
[2026-07-26T14:23:53.150+0000] {logging_mixin.py:190} INFO - [2026-07-26T14:23:53.149+0000] {dag.py:3211} INFO - Sync 1 DAGs
[2026-07-26T14:23:53.217+0000] {logging_mixin.py:190} INFO - [2026-07-26T14:23:53.217+0000] {dag.py:4138} INFO - Setting next_dagrun for flex_eau_pipeline to 2026-07-26 00:00:00+00:00, run_after=2026-07-27 00:00:00+00:00
[2026-07-26T14:23:53.265+0000] {processor.py:208} INFO - Processing /opt/airflow/dags/flex_eau_pipeline.py took 0.262 seconds
[2026-07-26T14:24:24.187+0000] {processor.py:186} INFO - Started process (PID=12907) to work on /opt/airflow/dags/flex_eau_pipeline.py
[2026-07-26T14:24:24.189+0000] {processor.py:914} INFO - Processing file /opt/airflow/dags/flex_eau_pipeline.py for tasks to queue
[2026-07-26T14:24:24.195+0000] {logging_mixin.py:190} INFO - [2026-07-26T14:24:24.194+0000] {dagbag.py:587} INFO - Filling up the DagBag from /opt/airflow/dags/flex_eau_pipeline.py
[2026-07-26T14:24:24.261+0000] {processor.py:925} INFO - DAG(s) 'flex_eau_pipeline' retrieved from /opt/airflow/dags/flex_eau_pipeline.py
[2026-07-26T14:24:24.343+0000] {logging_mixin.py:190} INFO - [2026-07-26T14:24:24.343+0000] {dag.py:3211} INFO - Sync 1 DAGs
[2026-07-26T14:24:24.385+0000] {logging_mixin.py:190} INFO - [2026-07-26T14:24:24.384+0000] {dag.py:4138} INFO - Setting next_dagrun for flex_eau_pipeline to 2026-07-26 00:00:00+00:00, run_after=2026-07-27 00:00:00+00:00
[2026-07-26T14:24:24.411+0000] {processor.py:208} INFO - Processing /opt/airflow/dags/flex_eau_pipeline.py took 0.231 seconds
[2026-07-26T14:24:55.021+0000] {processor.py:186} INFO - Started process (PID=12912) to work on /opt/airflow/dags/flex_eau_pipeline.py
[2026-07-26T14:24:55.023+0000] {processor.py:914} INFO - Processing file /opt/airflow/dags/flex_eau_pipeline.py for tasks to queue
[2026-07-26T14:24:55.029+0000] {logging_mixin.py:190} INFO - [2026-07-26T14:24:55.028+0000] {dagbag.py:587} INFO - Filling up the DagBag from /opt/airflow/dags/flex_eau_pipeline.py
[2026-07-26T14:24:55.092+0000] {processor.py:925} INFO - DAG(s) 'flex_eau_pipeline' retrieved from /opt/airflow/dags/flex_eau_pipeline.py
[2026-07-26T14:24:55.154+0000] {logging_mixin.py:190} INFO - [2026-07-26T14:24:55.154+0000] {dag.py:3211} INFO - Sync 1 DAGs
[2026-07-26T14:24:55.192+0000] {logging_mixin.py:190} INFO - [2026-07-26T14:24:55.192+0000] {dag.py:4138} INFO - Setting next_dagrun for flex_eau_pipeline to 2026-07-26 00:00:00+00:00, run_after=2026-07-27 00:00:00+00:00
[2026-07-26T14:24:55.232+0000] {processor.py:208} INFO - Processing /opt/airflow/dags/flex_eau_pipeline.py took 0.228 seconds
[2026-07-26T14:25:25.964+0000] {processor.py:186} INFO - Started process (PID=12917) to work on /opt/airflow/dags/flex_eau_pipeline.py
[2026-07-26T14:25:25.966+0000] {processor.py:914} INFO - Processing file /opt/airflow/dags/flex_eau_pipeline.py for tasks to queue
[2026-07-26T14:25:25.968+0000] {logging_mixin.py:190} INFO - [2026-07-26T14:25:25.968+0000] {dagbag.py:587} INFO - Filling up the DagBag from /opt/airflow/dags/flex_eau_pipeline.py
[2026-07-26T14:25:26.000+0000] {processor.py:925} INFO - DAG(s) 'flex_eau_pipeline' retrieved from /opt/airflow/dags/flex_eau_pipeline.py
[2026-07-26T14:25:26.048+0000] {logging_mixin.py:190} INFO - [2026-07-26T14:25:26.047+0000] {dag.py:3211} INFO - Sync 1 DAGs
[2026-07-26T14:25:26.108+0000] {logging_mixin.py:190} INFO - [2026-07-26T14:25:26.107+0000] {dag.py:4138} INFO - Setting next_dagrun for flex_eau_pipeline to 2026-07-26 00:00:00+00:00, run_after=2026-07-27 00:00:00+00:00
[2026-07-26T14:25:26.162+0000] {processor.py:208} INFO - Processing /opt/airflow/dags/flex_eau_pipeline.py took 0.206 seconds
[2026-07-26T14:25:56.868+0000] {processor.py:186} INFO - Started process (PID=12922) to work on /opt/airflow/dags/flex_eau_pipeline.py
[2026-07-26T14:25:56.870+0000] {processor.py:914} INFO - Processing file /opt/airflow/dags/flex_eau_pipeline.py for tasks to queue
[2026-07-26T14:25:56.873+0000] {logging_mixin.py:190} INFO - [2026-07-26T14:25:56.873+0000] {dagbag.py:587} INFO - Filling up the DagBag from /opt/airflow/dags/flex_eau_pipeline.py
[2026-07-26T14:25:56.906+0000] {processor.py:925} INFO - DAG(s) 'flex_eau_pipeline' retrieved from /opt/airflow/dags/flex_eau_pipeline.py
[2026-07-26T14:25:56.956+0000] {logging_mixin.py:190} INFO - [2026-07-26T14:25:56.956+0000] {dag.py:3211} INFO - Sync 1 DAGs
[2026-07-26T14:25:56.988+0000] {logging_mixin.py:190} INFO - [2026-07-26T14:25:56.988+0000] {dag.py:4138} INFO - Setting next_dagrun for flex_eau_pipeline to 2026-07-26 00:00:00+00:00, run_after=2026-07-27 00:00:00+00:00
[2026-07-26T14:25:57.019+0000] {processor.py:208} INFO - Processing /opt/airflow/dags/flex_eau_pipeline.py took 0.160 seconds
[2026-07-26T14:26:27.831+0000] {processor.py:186} INFO - Started process (PID=12927) to work on /opt/airflow/dags/flex_eau_pipeline.py
[2026-07-26T14:26:27.833+0000] {processor.py:914} INFO - Processing file /opt/airflow/dags/flex_eau_pipeline.py for tasks to queue
[2026-07-26T14:26:27.838+0000] {logging_mixin.py:190} INFO - [2026-07-26T14:26:27.838+0000] {dagbag.py:587} INFO - Filling up the DagBag from /opt/airflow/dags/flex_eau_pipeline.py
[2026-07-26T14:26:27.902+0000] {processor.py:925} INFO - DAG(s) 'flex_eau_pipeline' retrieved from /opt/airflow/dags/flex_eau_pipeline.py
[2026-07-26T14:26:27.984+0000] {logging_mixin.py:190} INFO - [2026-07-26T14:26:27.983+0000] {dag.py:3211} INFO - Sync 1 DAGs
[2026-07-26T14:26:28.024+0000] {logging_mixin.py:190} INFO - [2026-07-26T14:26:28.023+0000] {dag.py:4138} INFO - Setting next_dagrun for flex_eau_pipeline to 2026-07-26 00:00:00+00:00, run_after=2026-07-27 00:00:00+00:00
[2026-07-26T14:26:28.076+0000] {processor.py:208} INFO - Processing /opt/airflow/dags/flex_eau_pipeline.py took 0.261 seconds
[2026-07-26T14:26:58.686+0000] {processor.py:186} INFO - Started process (PID=12932) to work on /opt/airflow/dags/flex_eau_pipeline.py
[2026-07-26T14:26:58.687+0000] {processor.py:914} INFO - Processing file /opt/airflow/dags/flex_eau_pipeline.py for tasks to queue
[2026-07-26T14:26:58.691+0000] {logging_mixin.py:190} INFO - [2026-07-26T14:26:58.690+0000] {dagbag.py:587} INFO - Filling up the DagBag from /opt/airflow/dags/flex_eau_pipeline.py
[2026-07-26T14:26:58.731+0000] {processor.py:925} INFO - DAG(s) 'flex_eau_pipeline' retrieved from /opt/airflow/dags/flex_eau_pipeline.py
[2026-07-26T14:26:58.812+0000] {logging_mixin.py:190} INFO - [2026-07-26T14:26:58.812+0000] {dag.py:3211} INFO - Sync 1 DAGs
[2026-07-26T14:26:58.846+0000] {logging_mixin.py:190} INFO - [2026-07-26T14:26:58.845+0000] {dag.py:4138} INFO - Setting next_dagrun for flex_eau_pipeline to 2026-07-26 00:00:00+00:00, run_after=2026-07-27 00:00:00+00:00
[2026-07-26T14:26:58.895+0000] {processor.py:208} INFO - Processing /opt/airflow/dags/flex_eau_pipeline.py took 0.219 seconds
[2026-07-26T14:27:29.716+0000] {processor.py:186} INFO - Started process (PID=12937) to work on /opt/airflow/dags/flex_eau_pipeline.py
[2026-07-26T14:27:29.718+0000] {processor.py:914} INFO - Processing file /opt/airflow/dags/flex_eau_pipeline.py for tasks to queue
[2026-07-26T14:27:29.723+0000] {logging_mixin.py:190} INFO - [2026-07-26T14:27:29.723+0000] {dagbag.py:587} INFO - Filling up the DagBag from /opt/airflow/dags/flex_eau_pipeline.py
[2026-07-26T14:27:29.787+0000] {processor.py:925} INFO - DAG(s) 'flex_eau_pipeline' retrieved from /opt/airflow/dags/flex_eau_pipeline.py
[2026-07-26T14:27:29.864+0000] {logging_mixin.py:190} INFO - [2026-07-26T14:27:29.864+0000] {dag.py:3211} INFO - Sync 1 DAGs
[2026-07-26T14:27:29.898+0000] {logging_mixin.py:190} INFO - [2026-07-26T14:27:29.898+0000] {dag.py:4138} INFO - Setting next_dagrun for flex_eau_pipeline to 2026-07-26 00:00:00+00:00, run_after=2026-07-27 00:00:00+00:00
[2026-07-26T14:27:29.928+0000] {processor.py:208} INFO - Processing /opt/airflow/dags/flex_eau_pipeline.py took 0.219 seconds
[2026-07-26T14:28:00.604+0000] {processor.py:186} INFO - Started process (PID=12942) to work on /opt/airflow/dags/flex_eau_pipeline.py
[2026-07-26T14:28:00.607+0000] {processor.py:914} INFO - Processing file /opt/airflow/dags/flex_eau_pipeline.py for tasks to queue
[2026-07-26T14:28:00.613+0000] {logging_mixin.py:190} INFO - [2026-07-26T14:28:00.613+0000] {dagbag.py:587} INFO - Filling up the DagBag from /opt/airflow/dags/flex_eau_pipeline.py
[2026-07-26T14:28:00.671+0000] {processor.py:925} INFO - DAG(s) 'flex_eau_pipeline' retrieved from /opt/airflow/dags/flex_eau_pipeline.py
[2026-07-26T14:28:00.725+0000] {logging_mixin.py:190} INFO - [2026-07-26T14:28:00.725+0000] {dag.py:3211} INFO - Sync 1 DAGs
[2026-07-26T14:28:00.755+0000] {logging_mixin.py:190} INFO - [2026-07-26T14:28:00.755+0000] {dag.py:4138} INFO - Setting next_dagrun for flex_eau_pipeline to 2026-07-26 00:00:00+00:00, run_after=2026-07-27 00:00:00+00:00
[2026-07-26T14:28:00.786+0000] {processor.py:208} INFO - Processing /opt/airflow/dags/flex_eau_pipeline.py took 0.201 seconds
[2026-07-26T14:28:31.598+0000] {processor.py:186} INFO - Started process (PID=12947) to work on /opt/airflow/dags/flex_eau_pipeline.py
[2026-07-26T14:28:31.600+0000] {processor.py:914} INFO - Processing file /opt/airflow/dags/flex_eau_pipeline.py for tasks to queue
[2026-07-26T14:28:31.604+0000] {logging_mixin.py:190} INFO - [2026-07-26T14:28:31.603+0000] {dagbag.py:587} INFO - Filling up the DagBag from /opt/airflow/dags/flex_eau_pipeline.py
[2026-07-26T14:28:31.645+0000] {processor.py:925} INFO - DAG(s) 'flex_eau_pipeline' retrieved from /opt/airflow/dags/flex_eau_pipeline.py
[2026-07-26T14:28:31.691+0000] {logging_mixin.py:190} INFO - [2026-07-26T14:28:31.690+0000] {dag.py:3211} INFO - Sync 1 DAGs
[2026-07-26T14:28:31.724+0000] {logging_mixin.py:190} INFO - [2026-07-26T14:28:31.723+0000] {dag.py:4138} INFO - Setting next_dagrun for flex_eau_pipeline to 2026-07-26 00:00:00+00:00, run_after=2026-07-27 00:00:00+00:00
[2026-07-26T14:28:31.765+0000] {processor.py:208} INFO - Processing /opt/airflow/dags/flex_eau_pipeline.py took 0.177 seconds
[2026-07-26T14:35:56.080+0000] {processor.py:186} INFO - Started process (PID=12952) to work on /opt/airflow/dags/flex_eau_pipeline.py
[2026-07-26T14:35:56.124+0000] {processor.py:914} INFO - Processing file /opt/airflow/dags/flex_eau_pipeline.py for tasks to queue
[2026-07-26T14:35:56.193+0000] {logging_mixin.py:190} INFO - [2026-07-26T14:35:56.190+0000] {dagbag.py:587} INFO - Filling up the DagBag from /opt/airflow/dags/flex_eau_pipeline.py
[2026-07-26T14:35:57.144+0000] {processor.py:925} INFO - DAG(s) 'flex_eau_pipeline' retrieved from /opt/airflow/dags/flex_eau_pipeline.py
[2026-07-26T14:35:58.667+0000] {logging_mixin.py:190} INFO - [2026-07-26T14:35:58.664+0000] {dag.py:3211} INFO - Sync 1 DAGs
[2026-07-26T14:35:59.905+0000] {logging_mixin.py:190} INFO - [2026-07-26T14:35:59.895+0000] {dag.py:4138} INFO - Setting next_dagrun for flex_eau_pipeline to 2026-07-26 00:00:00+00:00, run_after=2026-07-27 00:00:00+00:00
[2026-07-26T14:36:00.657+0000] {processor.py:208} INFO - Processing /opt/airflow/dags/flex_eau_pipeline.py took 4.799 seconds
[2026-07-26T14:36:32.761+0000] {processor.py:186} INFO - Started process (PID=12957) to work on /opt/airflow/dags/flex_eau_pipeline.py
[2026-07-26T14:36:32.813+0000] {processor.py:914} INFO - Processing file /opt/airflow/dags/flex_eau_pipeline.py for tasks to queue
[2026-07-26T14:36:32.901+0000] {logging_mixin.py:190} INFO - [2026-07-26T14:36:32.897+0000] {dagbag.py:587} INFO - Filling up the DagBag from /opt/airflow/dags/flex_eau_pipeline.py
[2026-07-26T14:36:34.200+0000] {processor.py:925} INFO - DAG(s) 'flex_eau_pipeline' retrieved from /opt/airflow/dags/flex_eau_pipeline.py
[2026-07-26T14:36:35.933+0000] {logging_mixin.py:190} INFO - [2026-07-26T14:36:35.921+0000] {dag.py:3211} INFO - Sync 1 DAGs
[2026-07-26T14:36:37.185+0000] {logging_mixin.py:190} INFO - [2026-07-26T14:36:37.172+0000] {dag.py:4138} INFO - Setting next_dagrun for flex_eau_pipeline to 2026-07-26 00:00:00+00:00, run_after=2026-07-27 00:00:00+00:00
[2026-07-26T14:36:37.678+0000] {processor.py:208} INFO - Processing /opt/airflow/dags/flex_eau_pipeline.py took 5.163 seconds
[2026-07-26T14:37:08.074+0000] {processor.py:186} INFO - Started process (PID=12962) to work on /opt/airflow/dags/flex_eau_pipeline.py
[2026-07-26T14:37:08.077+0000] {processor.py:914} INFO - Processing file /opt/airflow/dags/flex_eau_pipeline.py for tasks to queue
[2026-07-26T14:37:08.083+0000] {logging_mixin.py:190} INFO - [2026-07-26T14:37:08.082+0000] {dagbag.py:587} INFO - Filling up the DagBag from /opt/airflow/dags/flex_eau_pipeline.py
[2026-07-26T14:37:08.136+0000] {processor.py:925} INFO - DAG(s) 'flex_eau_pipeline' retrieved from /opt/airflow/dags/flex_eau_pipeline.py
[2026-07-26T14:37:08.181+0000] {logging_mixin.py:190} INFO - [2026-07-26T14:37:08.181+0000] {dag.py:3211} INFO - Sync 1 DAGs
[2026-07-26T14:37:08.211+0000] {logging_mixin.py:190} INFO - [2026-07-26T14:37:08.211+0000] {dag.py:4138} INFO - Setting next_dagrun for flex_eau_pipeline to 2026-07-26 00:00:00+00:00, run_after=2026-07-27 00:00:00+00:00
[2026-07-26T14:37:08.239+0000] {processor.py:208} INFO - Processing /opt/airflow/dags/flex_eau_pipeline.py took 0.184 seconds
[2026-07-26T14:37:38.627+0000] {processor.py:186} INFO - Started process (PID=12967) to work on /opt/airflow/dags/flex_eau_pipeline.py
[2026-07-26T14:37:38.629+0000] {processor.py:914} INFO - Processing file /opt/airflow/dags/flex_eau_pipeline.py for tasks to queue
[2026-07-26T14:37:38.633+0000] {logging_mixin.py:190} INFO - [2026-07-26T14:37:38.632+0000] {dagbag.py:587} INFO - Filling up the DagBag from /opt/airflow/dags/flex_eau_pipeline.py
[2026-07-26T14:37:38.686+0000] {processor.py:925} INFO - DAG(s) 'flex_eau_pipeline' retrieved from /opt/airflow/dags/flex_eau_pipeline.py
[2026-07-26T14:37:38.730+0000] {logging_mixin.py:190} INFO - [2026-07-26T14:37:38.730+0000] {dag.py:3211} INFO - Sync 1 DAGs
[2026-07-26T14:37:38.779+0000] {logging_mixin.py:190} INFO - [2026-07-26T14:37:38.778+0000] {dag.py:4138} INFO - Setting next_dagrun for flex_eau_pipeline to 2026-07-26 00:00:00+00:00, run_after=2026-07-27 00:00:00+00:00
[2026-07-26T14:37:38.830+0000] {processor.py:208} INFO - Processing /opt/airflow/dags/flex_eau_pipeline.py took 0.218 seconds
[2026-07-26T14:38:09.007+0000] {processor.py:186} INFO - Started process (PID=12972) to work on /opt/airflow/dags/flex_eau_pipeline.py
[2026-07-26T14:38:09.009+0000] {processor.py:914} INFO - Processing file /opt/airflow/dags/flex_eau_pipeline.py for tasks to queue
[2026-07-26T14:38:09.013+0000] {logging_mixin.py:190} INFO - [2026-07-26T14:38:09.013+0000] {dagbag.py:587} INFO - Filling up the DagBag from /opt/airflow/dags/flex_eau_pipeline.py
[2026-07-26T14:38:09.050+0000] {processor.py:925} INFO - DAG(s) 'flex_eau_pipeline' retrieved from /opt/airflow/dags/flex_eau_pipeline.py
[2026-07-26T14:38:09.100+0000] {logging_mixin.py:190} INFO - [2026-07-26T14:38:09.100+0000] {dag.py:3211} INFO - Sync 1 DAGs
[2026-07-26T14:38:09.135+0000] {logging_mixin.py:190} INFO - [2026-07-26T14:38:09.135+0000] {dag.py:4138} INFO - Setting next_dagrun for flex_eau_pipeline to 2026-07-26 00:00:00+00:00, run_after=2026-07-27 00:00:00+00:00
[2026-07-26T14:38:09.175+0000] {processor.py:208} INFO - Processing /opt/airflow/dags/flex_eau_pipeline.py took 0.180 seconds
[2026-07-26T14:38:39.563+0000] {processor.py:186} INFO - Started process (PID=12977) to work on /opt/airflow/dags/flex_eau_pipeline.py
[2026-07-26T14:38:39.569+0000] {processor.py:914} INFO - Processing file /opt/airflow/dags/flex_eau_pipeline.py for tasks to queue
[2026-07-26T14:38:39.577+0000] {logging_mixin.py:190} INFO - [2026-07-26T14:38:39.576+0000] {dagbag.py:587} INFO - Filling up the DagBag from /opt/airflow/dags/flex_eau_pipeline.py
[2026-07-26T14:38:39.659+0000] {processor.py:925} INFO - DAG(s) 'flex_eau_pipeline' retrieved from /opt/airflow/dags/flex_eau_pipeline.py
[2026-07-26T14:38:39.765+0000] {logging_mixin.py:190} INFO - [2026-07-26T14:38:39.764+0000] {dag.py:3211} INFO - Sync 1 DAGs
[2026-07-26T14:38:39.838+0000] {logging_mixin.py:190} INFO - [2026-07-26T14:38:39.838+0000] {dag.py:4138} INFO - Setting next_dagrun for flex_eau_pipeline to 2026-07-26 00:00:00+00:00, run_after=2026-07-27 00:00:00+00:00
[2026-07-26T14:38:39.890+0000] {processor.py:208} INFO - Processing /opt/airflow/dags/flex_eau_pipeline.py took 0.365 seconds
[2026-07-26T14:39:10.282+0000] {processor.py:186} INFO - Started process (PID=12982) to work on /opt/airflow/dags/flex_eau_pipeline.py
[2026-07-26T14:39:10.285+0000] {processor.py:914} INFO - Processing file /opt/airflow/dags/flex_eau_pipeline.py for tasks to queue
[2026-07-26T14:39:10.291+0000] {logging_mixin.py:190} INFO - [2026-07-26T14:39:10.290+0000] {dagbag.py:587} INFO - Filling up the DagBag from /opt/airflow/dags/flex_eau_pipeline.py
[2026-07-26T14:39:10.369+0000] {processor.py:925} INFO - DAG(s) 'flex_eau_pipeline' retrieved from /opt/airflow/dags/flex_eau_pipeline.py
[2026-07-26T14:39:10.554+0000] {logging_mixin.py:190} INFO - [2026-07-26T14:39:10.552+0000] {dag.py:3211} INFO - Sync 1 DAGs
[2026-07-26T14:39:10.715+0000] {logging_mixin.py:190} INFO - [2026-07-26T14:39:10.714+0000] {dag.py:4138} INFO - Setting next_dagrun for flex_eau_pipeline to 2026-07-26 00:00:00+00:00, run_after=2026-07-27 00:00:00+00:00
[2026-07-26T14:39:10.828+0000] {processor.py:208} INFO - Processing /opt/airflow/dags/flex_eau_pipeline.py took 0.568 seconds
[2026-07-26T14:39:41.025+0000] {processor.py:186} INFO - Started process (PID=12987) to work on /opt/airflow/dags/flex_eau_pipeline.py
[2026-07-26T14:39:41.028+0000] {processor.py:914} INFO - Processing file /opt/airflow/dags/flex_eau_pipeline.py for tasks to queue
[2026-07-26T14:39:41.034+0000] {logging_mixin.py:190} INFO - [2026-07-26T14:39:41.034+0000] {dagbag.py:587} INFO - Filling up the DagBag from /opt/airflow/dags/flex_eau_pipeline.py
[2026-07-26T14:39:41.118+0000] {processor.py:925} INFO - DAG(s) 'flex_eau_pipeline' retrieved from /opt/airflow/dags/flex_eau_pipeline.py
[2026-07-26T14:39:41.227+0000] {logging_mixin.py:190} INFO - [2026-07-26T14:39:41.226+0000] {dag.py:3211} INFO - Sync 1 DAGs
[2026-07-26T14:39:41.299+0000] {logging_mixin.py:190} INFO - [2026-07-26T14:39:41.298+0000] {dag.py:4138} INFO - Setting next_dagrun for flex_eau_pipeline to 2026-07-26 00:00:00+00:00, run_after=2026-07-27 00:00:00+00:00
[2026-07-26T14:39:41.359+0000] {processor.py:208} INFO - Processing /opt/airflow/dags/flex_eau_pipeline.py took 0.352 seconds
[2026-07-26T14:40:12.033+0000] {processor.py:186} INFO - Started process (PID=12992) to work on /opt/airflow/dags/flex_eau_pipeline.py
[2026-07-26T14:40:12.039+0000] {processor.py:914} INFO - Processing file /opt/airflow/dags/flex_eau_pipeline.py for tasks to queue
[2026-07-26T14:40:12.050+0000] {logging_mixin.py:190} INFO - [2026-07-26T14:40:12.049+0000] {dagbag.py:587} INFO - Filling up the DagBag from /opt/airflow/dags/flex_eau_pipeline.py
[2026-07-26T14:40:12.200+0000] {processor.py:925} INFO - DAG(s) 'flex_eau_pipeline' retrieved from /opt/airflow/dags/flex_eau_pipeline.py
[2026-07-26T14:40:12.463+0000] {logging_mixin.py:190} INFO - [2026-07-26T14:40:12.462+0000] {dag.py:3211} INFO - Sync 1 DAGs
[2026-07-26T14:40:12.518+0000] {logging_mixin.py:190} INFO - [2026-07-26T14:40:12.517+0000] {dag.py:4138} INFO - Setting next_dagrun for flex_eau_pipeline to 2026-07-26 00:00:00+00:00, run_after=2026-07-27 00:00:00+00:00
[2026-07-26T14:40:12.591+0000] {processor.py:208} INFO - Processing /opt/airflow/dags/flex_eau_pipeline.py took 0.592 seconds
[2026-07-26T14:40:42.997+0000] {processor.py:186} INFO - Started process (PID=12997) to work on /opt/airflow/dags/flex_eau_pipeline.py
[2026-07-26T14:40:43.003+0000] {processor.py:914} INFO - Processing file /opt/airflow/dags/flex_eau_pipeline.py for tasks to queue
[2026-07-26T14:40:43.022+0000] {logging_mixin.py:190} INFO - [2026-07-26T14:40:43.021+0000] {dagbag.py:587} INFO - Filling up the DagBag from /opt/airflow/dags/flex_eau_pipeline.py
[2026-07-26T14:40:43.166+0000] {processor.py:925} INFO - DAG(s) 'flex_eau_pipeline' retrieved from /opt/airflow/dags/flex_eau_pipeline.py
[2026-07-26T14:40:43.361+0000] {logging_mixin.py:190} INFO - [2026-07-26T14:40:43.360+0000] {dag.py:3211} INFO - Sync 1 DAGs
[2026-07-26T14:40:43.434+0000] {logging_mixin.py:190} INFO - [2026-07-26T14:40:43.432+0000] {dag.py:4138} INFO - Setting next_dagrun for flex_eau_pipeline to 2026-07-26 00:00:00+00:00, run_after=2026-07-27 00:00:00+00:00
[2026-07-26T14:40:43.541+0000] {processor.py:208} INFO - Processing /opt/airflow/dags/flex_eau_pipeline.py took 0.580 seconds
[2026-07-26T14:41:14.200+0000] {processor.py:186} INFO - Started process (PID=13002) to work on /opt/airflow/dags/flex_eau_pipeline.py
[2026-07-26T14:41:14.206+0000] {processor.py:914} INFO - Processing file /opt/airflow/dags/flex_eau_pipeline.py for tasks to queue
[2026-07-26T14:41:14.217+0000] {logging_mixin.py:190} INFO - [2026-07-26T14:41:14.215+0000] {dagbag.py:587} INFO - Filling up the DagBag from /opt/airflow/dags/flex_eau_pipeline.py
[2026-07-26T14:41:14.343+0000] {processor.py:925} INFO - DAG(s) 'flex_eau_pipeline' retrieved from /opt/airflow/dags/flex_eau_pipeline.py
[2026-07-26T14:41:14.581+0000] {logging_mixin.py:190} INFO - [2026-07-26T14:41:14.579+0000] {dag.py:3211} INFO - Sync 1 DAGs
[2026-07-26T14:41:14.732+0000] {logging_mixin.py:190} INFO - [2026-07-26T14:41:14.732+0000] {dag.py:4138} INFO - Setting next_dagrun for flex_eau_pipeline to 2026-07-26 00:00:00+00:00, run_after=2026-07-27 00:00:00+00:00
[2026-07-26T14:41:14.776+0000] {processor.py:208} INFO - Processing /opt/airflow/dags/flex_eau_pipeline.py took 0.610 seconds
[2026-07-26T14:41:44.992+0000] {processor.py:186} INFO - Started process (PID=13007) to work on /opt/airflow/dags/flex_eau_pipeline.py
[2026-07-26T14:41:44.997+0000] {processor.py:914} INFO - Processing file /opt/airflow/dags/flex_eau_pipeline.py for tasks to queue
[2026-07-26T14:41:45.006+0000] {logging_mixin.py:190} INFO - [2026-07-26T14:41:45.005+0000] {dagbag.py:587} INFO - Filling up the DagBag from /opt/airflow/dags/flex_eau_pipeline.py
[2026-07-26T14:41:45.102+0000] {processor.py:925} INFO - DAG(s) 'flex_eau_pipeline' retrieved from /opt/airflow/dags/flex_eau_pipeline.py
[2026-07-26T14:41:45.228+0000] {logging_mixin.py:190} INFO - [2026-07-26T14:41:45.227+0000] {dag.py:3211} INFO - Sync 1 DAGs
[2026-07-26T14:41:45.350+0000] {logging_mixin.py:190} INFO - [2026-07-26T14:41:45.349+0000] {dag.py:4138} INFO - Setting next_dagrun for flex_eau_pipeline to 2026-07-26 00:00:00+00:00, run_after=2026-07-27 00:00:00+00:00
[2026-07-26T14:41:45.458+0000] {processor.py:208} INFO - Processing /opt/airflow/dags/flex_eau_pipeline.py took 0.494 seconds
[2026-07-26T14:42:15.726+0000] {processor.py:186} INFO - Started process (PID=13012) to work on /opt/airflow/dags/flex_eau_pipeline.py
[2026-07-26T14:42:15.731+0000] {processor.py:914} INFO - Processing file /opt/airflow/dags/flex_eau_pipeline.py for tasks to queue
[2026-07-26T14:42:15.751+0000] {logging_mixin.py:190} INFO - [2026-07-26T14:42:15.749+0000] {dagbag.py:587} INFO - Filling up the DagBag from /opt/airflow/dags/flex_eau_pipeline.py
[2026-07-26T14:42:15.883+0000] {processor.py:925} INFO - DAG(s) 'flex_eau_pipeline' retrieved from /opt/airflow/dags/flex_eau_pipeline.py
[2026-07-26T14:42:16.088+0000] {logging_mixin.py:190} INFO - [2026-07-26T14:42:16.087+0000] {dag.py:3211} INFO - Sync 1 DAGs
[2026-07-26T14:42:16.222+0000] {logging_mixin.py:190} INFO - [2026-07-26T14:42:16.220+0000] {dag.py:4138} INFO - Setting next_dagrun for flex_eau_pipeline to 2026-07-26 00:00:00+00:00, run_after=2026-07-27 00:00:00+00:00
[2026-07-26T14:42:16.318+0000] {processor.py:208} INFO - Processing /opt/airflow/dags/flex_eau_pipeline.py took 0.629 seconds
[2026-07-26T14:42:46.644+0000] {processor.py:186} INFO - Started process (PID=13017) to work on /opt/airflow/dags/flex_eau_pipeline.py
[2026-07-26T14:42:46.652+0000] {processor.py:914} INFO - Processing file /opt/airflow/dags/flex_eau_pipeline.py for tasks to queue
[2026-07-26T14:42:46.665+0000] {logging_mixin.py:190} INFO - [2026-07-26T14:42:46.664+0000] {dagbag.py:587} INFO - Filling up the DagBag from /opt/airflow/dags/flex_eau_pipeline.py
[2026-07-26T14:42:46.813+0000] {processor.py:925} INFO - DAG(s) 'flex_eau_pipeline' retrieved from /opt/airflow/dags/flex_eau_pipeline.py
[2026-07-26T14:42:46.990+0000] {logging_mixin.py:190} INFO - [2026-07-26T14:42:46.989+0000] {dag.py:3211} INFO - Sync 1 DAGs
[2026-07-26T14:42:47.124+0000] {logging_mixin.py:190} INFO - [2026-07-26T14:42:47.123+0000] {dag.py:4138} INFO - Setting next_dagrun for flex_eau_pipeline to 2026-07-26 00:00:00+00:00, run_after=2026-07-27 00:00:00+00:00
[2026-07-26T14:42:47.227+0000] {processor.py:208} INFO - Processing /opt/airflow/dags/flex_eau_pipeline.py took 0.620 seconds
[2026-07-26T14:43:18.133+0000] {processor.py:186} INFO - Started process (PID=13022) to work on /opt/airflow/dags/flex_eau_pipeline.py
[2026-07-26T14:43:18.135+0000] {processor.py:914} INFO - Processing file /opt/airflow/dags/flex_eau_pipeline.py for tasks to queue
[2026-07-26T14:43:18.139+0000] {logging_mixin.py:190} INFO - [2026-07-26T14:43:18.139+0000] {dagbag.py:587} INFO - Filling up the DagBag from /opt/airflow/dags/flex_eau_pipeline.py
[2026-07-26T14:43:18.185+0000] {processor.py:925} INFO - DAG(s) 'flex_eau_pipeline' retrieved from /opt/airflow/dags/flex_eau_pipeline.py
[2026-07-26T14:43:18.252+0000] {logging_mixin.py:190} INFO - [2026-07-26T14:43:18.252+0000] {dag.py:3211} INFO - Sync 1 DAGs
[2026-07-26T14:43:18.302+0000] {logging_mixin.py:190} INFO - [2026-07-26T14:43:18.301+0000] {dag.py:4138} INFO - Setting next_dagrun for flex_eau_pipeline to 2026-07-26 00:00:00+00:00, run_after=2026-07-27 00:00:00+00:00
[2026-07-26T14:43:18.339+0000] {processor.py:208} INFO - Processing /opt/airflow/dags/flex_eau_pipeline.py took 0.226 seconds
[2026-07-26T14:43:49.433+0000] {processor.py:186} INFO - Started process (PID=13027) to work on /opt/airflow/dags/flex_eau_pipeline.py
[2026-07-26T14:43:49.436+0000] {processor.py:914} INFO - Processing file /opt/airflow/dags/flex_eau_pipeline.py for tasks to queue
[2026-07-26T14:43:49.442+0000] {logging_mixin.py:190} INFO - [2026-07-26T14:43:49.442+0000] {dagbag.py:587} INFO - Filling up the DagBag from /opt/airflow/dags/flex_eau_pipeline.py
[2026-07-26T14:43:49.493+0000] {processor.py:925} INFO - DAG(s) 'flex_eau_pipeline' retrieved from /opt/airflow/dags/flex_eau_pipeline.py
[2026-07-26T14:43:49.571+0000] {logging_mixin.py:190} INFO - [2026-07-26T14:43:49.570+0000] {dag.py:3211} INFO - Sync 1 DAGs
[2026-07-26T14:43:49.636+0000] {logging_mixin.py:190} INFO - [2026-07-26T14:43:49.635+0000] {dag.py:4138} INFO - Setting next_dagrun for flex_eau_pipeline to 2026-07-26 00:00:00+00:00, run_after=2026-07-27 00:00:00+00:00
[2026-07-26T14:43:49.710+0000] {processor.py:208} INFO - Processing /opt/airflow/dags/flex_eau_pipeline.py took 0.293 seconds
[2026-07-26T14:44:19.985+0000] {processor.py:186} INFO - Started process (PID=13032) to work on /opt/airflow/dags/flex_eau_pipeline.py
[2026-07-26T14:44:19.987+0000] {processor.py:914} INFO - Processing file /opt/airflow/dags/flex_eau_pipeline.py for tasks to queue
[2026-07-26T14:44:19.996+0000] {logging_mixin.py:190} INFO - [2026-07-26T14:44:19.994+0000] {dagbag.py:587} INFO - Filling up the DagBag from /opt/airflow/dags/flex_eau_pipeline.py
[2026-07-26T14:44:20.128+0000] {processor.py:925} INFO - DAG(s) 'flex_eau_pipeline' retrieved from /opt/airflow/dags/flex_eau_pipeline.py
[2026-07-26T14:44:20.253+0000] {logging_mixin.py:190} INFO - [2026-07-26T14:44:20.252+0000] {dag.py:3211} INFO - Sync 1 DAGs
[2026-07-26T14:44:20.339+0000] {logging_mixin.py:190} INFO - [2026-07-26T14:44:20.339+0000] {dag.py:4138} INFO - Setting next_dagrun for flex_eau_pipeline to 2026-07-26 00:00:00+00:00, run_after=2026-07-27 00:00:00+00:00
[2026-07-26T14:44:20.414+0000] {processor.py:208} INFO - Processing /opt/airflow/dags/flex_eau_pipeline.py took 0.444 seconds
[2026-07-26T14:44:50.752+0000] {processor.py:186} INFO - Started process (PID=13037) to work on /opt/airflow/dags/flex_eau_pipeline.py
[2026-07-26T14:44:50.757+0000] {processor.py:914} INFO - Processing file /opt/airflow/dags/flex_eau_pipeline.py for tasks to queue
[2026-07-26T14:44:50.764+0000] {logging_mixin.py:190} INFO - [2026-07-26T14:44:50.763+0000] {dagbag.py:587} INFO - Filling up the DagBag from /opt/airflow/dags/flex_eau_pipeline.py
[2026-07-26T14:44:50.816+0000] {processor.py:925} INFO - DAG(s) 'flex_eau_pipeline' retrieved from /opt/airflow/dags/flex_eau_pipeline.py
[2026-07-26T14:44:50.901+0000] {logging_mixin.py:190} INFO - [2026-07-26T14:44:50.900+0000] {dag.py:3211} INFO - Sync 1 DAGs
[2026-07-26T14:44:50.981+0000] {logging_mixin.py:190} INFO - [2026-07-26T14:44:50.980+0000] {dag.py:4138} INFO - Setting next_dagrun for flex_eau_pipeline to 2026-07-26 00:00:00+00:00, run_after=2026-07-27 00:00:00+00:00
[2026-07-26T14:44:51.036+0000] {processor.py:208} INFO - Processing /opt/airflow/dags/flex_eau_pipeline.py took 0.321 seconds
[2026-07-26T14:45:21.270+0000] {processor.py:186} INFO - Started process (PID=13042) to work on /opt/airflow/dags/flex_eau_pipeline.py
[2026-07-26T14:45:21.275+0000] {processor.py:914} INFO - Processing file /opt/airflow/dags/flex_eau_pipeline.py for tasks to queue
[2026-07-26T14:45:21.289+0000] {logging_mixin.py:190} INFO - [2026-07-26T14:45:21.288+0000] {dagbag.py:587} INFO - Filling up the DagBag from /opt/airflow/dags/flex_eau_pipeline.py
[2026-07-26T14:45:21.419+0000] {processor.py:925} INFO - DAG(s) 'flex_eau_pipeline' retrieved from /opt/airflow/dags/flex_eau_pipeline.py
[2026-07-26T14:45:21.505+0000] {logging_mixin.py:190} INFO - [2026-07-26T14:45:21.504+0000] {dag.py:3211} INFO - Sync 1 DAGs
[2026-07-26T14:45:21.633+0000] {logging_mixin.py:190} INFO - [2026-07-26T14:45:21.632+0000] {dag.py:4138} INFO - Setting next_dagrun for flex_eau_pipeline to 2026-07-26 00:00:00+00:00, run_after=2026-07-27 00:00:00+00:00
[2026-07-26T14:45:21.740+0000] {processor.py:208} INFO - Processing /opt/airflow/dags/flex_eau_pipeline.py took 0.508 seconds
[2026-07-26T14:45:52.302+0000] {processor.py:186} INFO - Started process (PID=13047) to work on /opt/airflow/dags/flex_eau_pipeline.py
[2026-07-26T14:45:52.307+0000] {processor.py:914} INFO - Processing file /opt/airflow/dags/flex_eau_pipeline.py for tasks to queue
[2026-07-26T14:45:52.317+0000] {logging_mixin.py:190} INFO - [2026-07-26T14:45:52.316+0000] {dagbag.py:587} INFO - Filling up the DagBag from /opt/airflow/dags/flex_eau_pipeline.py
[2026-07-26T14:45:52.458+0000] {processor.py:925} INFO - DAG(s) 'flex_eau_pipeline' retrieved from /opt/airflow/dags/flex_eau_pipeline.py
[2026-07-26T14:45:52.715+0000] {logging_mixin.py:190} INFO - [2026-07-26T14:45:52.714+0000] {dag.py:3211} INFO - Sync 1 DAGs
[2026-07-26T14:45:52.783+0000] {logging_mixin.py:190} INFO - [2026-07-26T14:45:52.782+0000] {dag.py:4138} INFO - Setting next_dagrun for flex_eau_pipeline to 2026-07-26 00:00:00+00:00, run_after=2026-07-27 00:00:00+00:00
[2026-07-26T14:45:52.837+0000] {processor.py:208} INFO - Processing /opt/airflow/dags/flex_eau_pipeline.py took 0.567 seconds
[2026-07-26T14:46:23.160+0000] {processor.py:186} INFO - Started process (PID=13052) to work on /opt/airflow/dags/flex_eau_pipeline.py
[2026-07-26T14:46:23.169+0000] {processor.py:914} INFO - Processing file /opt/airflow/dags/flex_eau_pipeline.py for tasks to queue
[2026-07-26T14:46:23.189+0000] {logging_mixin.py:190} INFO - [2026-07-26T14:46:23.187+0000] {dagbag.py:587} INFO - Filling up the DagBag from /opt/airflow/dags/flex_eau_pipeline.py
[2026-07-26T14:46:23.359+0000] {processor.py:925} INFO - DAG(s) 'flex_eau_pipeline' retrieved from /opt/airflow/dags/flex_eau_pipeline.py
[2026-07-26T14:46:23.425+0000] {logging_mixin.py:190} INFO - [2026-07-26T14:46:23.424+0000] {dag.py:3211} INFO - Sync 1 DAGs
[2026-07-26T14:46:23.475+0000] {logging_mixin.py:190} INFO - [2026-07-26T14:46:23.474+0000] {dag.py:4138} INFO - Setting next_dagrun for flex_eau_pipeline to 2026-07-26 00:00:00+00:00, run_after=2026-07-27 00:00:00+00:00
[2026-07-26T14:46:23.534+0000] {processor.py:208} INFO - Processing /opt/airflow/dags/flex_eau_pipeline.py took 0.433 seconds
[2026-07-26T14:46:53.926+0000] {processor.py:186} INFO - Started process (PID=13057) to work on /opt/airflow/dags/flex_eau_pipeline.py
[2026-07-26T14:46:53.940+0000] {processor.py:914} INFO - Processing file /opt/airflow/dags/flex_eau_pipeline.py for tasks to queue
[2026-07-26T14:46:53.963+0000] {logging_mixin.py:190} INFO - [2026-07-26T14:46:53.961+0000] {dagbag.py:587} INFO - Filling up the DagBag from /opt/airflow/dags/flex_eau_pipeline.py
[2026-07-26T14:46:54.104+0000] {processor.py:925} INFO - DAG(s) 'flex_eau_pipeline' retrieved from /opt/airflow/dags/flex_eau_pipeline.py
[2026-07-26T14:46:54.299+0000] {logging_mixin.py:190} INFO - [2026-07-26T14:46:54.298+0000] {dag.py:3211} INFO - Sync 1 DAGs
[2026-07-26T14:46:54.428+0000] {logging_mixin.py:190} INFO - [2026-07-26T14:46:54.427+0000] {dag.py:4138} INFO - Setting next_dagrun for flex_eau_pipeline to 2026-07-26 00:00:00+00:00, run_after=2026-07-27 00:00:00+00:00
[2026-07-26T14:46:54.526+0000] {processor.py:208} INFO - Processing /opt/airflow/dags/flex_eau_pipeline.py took 0.659 seconds
[2026-07-26T14:47:24.712+0000] {processor.py:186} INFO - Started process (PID=13062) to work on /opt/airflow/dags/flex_eau_pipeline.py
[2026-07-26T14:47:24.715+0000] {processor.py:914} INFO - Processing file /opt/airflow/dags/flex_eau_pipeline.py for tasks to queue
[2026-07-26T14:47:24.722+0000] {logging_mixin.py:190} INFO - [2026-07-26T14:47:24.721+0000] {dagbag.py:587} INFO - Filling up the DagBag from /opt/airflow/dags/flex_eau_pipeline.py
[2026-07-26T14:47:24.805+0000] {processor.py:925} INFO - DAG(s) 'flex_eau_pipeline' retrieved from /opt/airflow/dags/flex_eau_pipeline.py
[2026-07-26T14:47:24.984+0000] {logging_mixin.py:190} INFO - [2026-07-26T14:47:24.983+0000] {dag.py:3211} INFO - Sync 1 DAGs
[2026-07-26T14:47:25.069+0000] {logging_mixin.py:190} INFO - [2026-07-26T14:47:25.068+0000] {dag.py:4138} INFO - Setting next_dagrun for flex_eau_pipeline to 2026-07-26 00:00:00+00:00, run_after=2026-07-27 00:00:00+00:00
[2026-07-26T14:47:25.125+0000] {processor.py:208} INFO - Processing /opt/airflow/dags/flex_eau_pipeline.py took 0.436 seconds
[2026-07-26T14:47:55.354+0000] {processor.py:186} INFO - Started process (PID=13067) to work on /opt/airflow/dags/flex_eau_pipeline.py
[2026-07-26T14:47:55.360+0000] {processor.py:914} INFO - Processing file /opt/airflow/dags/flex_eau_pipeline.py for tasks to queue
[2026-07-26T14:47:55.375+0000] {logging_mixin.py:190} INFO - [2026-07-26T14:47:55.374+0000] {dagbag.py:587} INFO - Filling up the DagBag from /opt/airflow/dags/flex_eau_pipeline.py
[2026-07-26T14:47:55.547+0000] {processor.py:925} INFO - DAG(s) 'flex_eau_pipeline' retrieved from /opt/airflow/dags/flex_eau_pipeline.py
[2026-07-26T14:47:55.700+0000] {logging_mixin.py:190} INFO - [2026-07-26T14:47:55.700+0000] {dag.py:3211} INFO - Sync 1 DAGs
[2026-07-26T14:47:55.765+0000] {logging_mixin.py:190} INFO - [2026-07-26T14:47:55.765+0000] {dag.py:4138} INFO - Setting next_dagrun for flex_eau_pipeline to 2026-07-26 00:00:00+00:00, run_after=2026-07-27 00:00:00+00:00
[2026-07-26T14:47:55.822+0000] {processor.py:208} INFO - Processing /opt/airflow/dags/flex_eau_pipeline.py took 0.505 seconds
[2026-07-26T14:48:25.988+0000] {processor.py:186} INFO - Started process (PID=13072) to work on /opt/airflow/dags/flex_eau_pipeline.py
[2026-07-26T14:48:25.991+0000] {processor.py:914} INFO - Processing file /opt/airflow/dags/flex_eau_pipeline.py for tasks to queue
[2026-07-26T14:48:25.998+0000] {logging_mixin.py:190} INFO - [2026-07-26T14:48:25.997+0000] {dagbag.py:587} INFO - Filling up the DagBag from /opt/airflow/dags/flex_eau_pipeline.py
[2026-07-26T14:48:26.068+0000] {processor.py:925} INFO - DAG(s) 'flex_eau_pipeline' retrieved from /opt/airflow/dags/flex_eau_pipeline.py
[2026-07-26T14:48:26.157+0000] {logging_mixin.py:190} INFO - [2026-07-26T14:48:26.156+0000] {dag.py:3211} INFO - Sync 1 DAGs
[2026-07-26T14:48:26.203+0000] {logging_mixin.py:190} INFO - [2026-07-26T14:48:26.202+0000] {dag.py:4138} INFO - Setting next_dagrun for flex_eau_pipeline to 2026-07-26 00:00:00+00:00, run_after=2026-07-27 00:00:00+00:00
[2026-07-26T14:48:26.248+0000] {processor.py:208} INFO - Processing /opt/airflow/dags/flex_eau_pipeline.py took 0.278 seconds
[2026-07-26T14:48:56.998+0000] {processor.py:186} INFO - Started process (PID=13077) to work on /opt/airflow/dags/flex_eau_pipeline.py
[2026-07-26T14:48:57.004+0000] {processor.py:914} INFO - Processing file /opt/airflow/dags/flex_eau_pipeline.py for tasks to queue
[2026-07-26T14:48:57.019+0000] {logging_mixin.py:190} INFO - [2026-07-26T14:48:57.017+0000] {dagbag.py:587} INFO - Filling up the DagBag from /opt/airflow/dags/flex_eau_pipeline.py
[2026-07-26T14:48:57.155+0000] {processor.py:925} INFO - DAG(s) 'flex_eau_pipeline' retrieved from /opt/airflow/dags/flex_eau_pipeline.py
[2026-07-26T14:48:57.329+0000] {logging_mixin.py:190} INFO - [2026-07-26T14:48:57.329+0000] {dag.py:3211} INFO - Sync 1 DAGs
[2026-07-26T14:48:57.461+0000] {logging_mixin.py:190} INFO - [2026-07-26T14:48:57.460+0000] {dag.py:4138} INFO - Setting next_dagrun for flex_eau_pipeline to 2026-07-26 00:00:00+00:00, run_after=2026-07-27 00:00:00+00:00
[2026-07-26T14:48:57.564+0000] {processor.py:208} INFO - Processing /opt/airflow/dags/flex_eau_pipeline.py took 0.601 seconds
[2026-07-26T14:49:27.849+0000] {processor.py:186} INFO - Started process (PID=13082) to work on /opt/airflow/dags/flex_eau_pipeline.py
[2026-07-26T14:49:27.856+0000] {processor.py:914} INFO - Processing file /opt/airflow/dags/flex_eau_pipeline.py for tasks to queue
[2026-07-26T14:49:27.869+0000] {logging_mixin.py:190} INFO - [2026-07-26T14:49:27.868+0000] {dagbag.py:587} INFO - Filling up the DagBag from /opt/airflow/dags/flex_eau_pipeline.py
[2026-07-26T14:49:28.025+0000] {processor.py:925} INFO - DAG(s) 'flex_eau_pipeline' retrieved from /opt/airflow/dags/flex_eau_pipeline.py
[2026-07-26T14:49:28.106+0000] {logging_mixin.py:190} INFO - [2026-07-26T14:49:28.105+0000] {dag.py:3211} INFO - Sync 1 DAGs
[2026-07-26T14:49:28.206+0000] {logging_mixin.py:190} INFO - [2026-07-26T14:49:28.205+0000] {dag.py:4138} INFO - Setting next_dagrun for flex_eau_pipeline to 2026-07-26 00:00:00+00:00, run_after=2026-07-27 00:00:00+00:00
[2026-07-26T14:49:28.296+0000] {processor.py:208} INFO - Processing /opt/airflow/dags/flex_eau_pipeline.py took 0.487 seconds
[2026-07-26T14:49:59.362+0000] {processor.py:186} INFO - Started process (PID=13087) to work on /opt/airflow/dags/flex_eau_pipeline.py
[2026-07-26T14:49:59.367+0000] {processor.py:914} INFO - Processing file /opt/airflow/dags/flex_eau_pipeline.py for tasks to queue
[2026-07-26T14:49:59.380+0000] {logging_mixin.py:190} INFO - [2026-07-26T14:49:59.379+0000] {dagbag.py:587} INFO - Filling up the DagBag from /opt/airflow/dags/flex_eau_pipeline.py
[2026-07-26T14:49:59.508+0000] {processor.py:925} INFO - DAG(s) 'flex_eau_pipeline' retrieved from /opt/airflow/dags/flex_eau_pipeline.py
[2026-07-26T14:49:59.677+0000] {logging_mixin.py:190} INFO - [2026-07-26T14:49:59.676+0000] {dag.py:3211} INFO - Sync 1 DAGs
[2026-07-26T14:49:59.804+0000] {logging_mixin.py:190} INFO - [2026-07-26T14:49:59.802+0000] {dag.py:4138} INFO - Setting next_dagrun for flex_eau_pipeline to 2026-07-26 00:00:00+00:00, run_after=2026-07-27 00:00:00+00:00
[2026-07-26T14:49:59.893+0000] {processor.py:208} INFO - Processing /opt/airflow/dags/flex_eau_pipeline.py took 0.564 seconds
[2026-07-26T14:50:30.273+0000] {processor.py:186} INFO - Started process (PID=13092) to work on /opt/airflow/dags/flex_eau_pipeline.py
[2026-07-26T14:50:30.276+0000] {processor.py:914} INFO - Processing file /opt/airflow/dags/flex_eau_pipeline.py for tasks to queue
[2026-07-26T14:50:30.281+0000] {logging_mixin.py:190} INFO - [2026-07-26T14:50:30.280+0000] {dagbag.py:587} INFO - Filling up the DagBag from /opt/airflow/dags/flex_eau_pipeline.py
[2026-07-26T14:50:30.361+0000] {processor.py:925} INFO - DAG(s) 'flex_eau_pipeline' retrieved from /opt/airflow/dags/flex_eau_pipeline.py
[2026-07-26T14:50:30.452+0000] {logging_mixin.py:190} INFO - [2026-07-26T14:50:30.452+0000] {dag.py:3211} INFO - Sync 1 DAGs
[2026-07-26T14:50:30.500+0000] {logging_mixin.py:190} INFO - [2026-07-26T14:50:30.500+0000] {dag.py:4138} INFO - Setting next_dagrun for flex_eau_pipeline to 2026-07-26 00:00:00+00:00, run_after=2026-07-27 00:00:00+00:00
[2026-07-26T14:50:30.545+0000] {processor.py:208} INFO - Processing /opt/airflow/dags/flex_eau_pipeline.py took 0.343 seconds
[2026-07-26T14:51:01.710+0000] {processor.py:186} INFO - Started process (PID=13097) to work on /opt/airflow/dags/flex_eau_pipeline.py
[2026-07-26T14:51:01.715+0000] {processor.py:914} INFO - Processing file /opt/airflow/dags/flex_eau_pipeline.py for tasks to queue
[2026-07-26T14:51:01.726+0000] {logging_mixin.py:190} INFO - [2026-07-26T14:51:01.724+0000] {dagbag.py:587} INFO - Filling up the DagBag from /opt/airflow/dags/flex_eau_pipeline.py
[2026-07-26T14:51:01.860+0000] {processor.py:925} INFO - DAG(s) 'flex_eau_pipeline' retrieved from /opt/airflow/dags/flex_eau_pipeline.py
[2026-07-26T14:51:02.034+0000] {logging_mixin.py:190} INFO - [2026-07-26T14:51:02.033+0000] {dag.py:3211} INFO - Sync 1 DAGs
[2026-07-26T14:51:02.107+0000] {logging_mixin.py:190} INFO - [2026-07-26T14:51:02.107+0000] {dag.py:4138} INFO - Setting next_dagrun for flex_eau_pipeline to 2026-07-26 00:00:00+00:00, run_after=2026-07-27 00:00:00+00:00
[2026-07-26T14:51:02.162+0000] {processor.py:208} INFO - Processing /opt/airflow/dags/flex_eau_pipeline.py took 0.484 seconds
[2026-07-26T14:51:32.467+0000] {processor.py:186} INFO - Started process (PID=13102) to work on /opt/airflow/dags/flex_eau_pipeline.py
[2026-07-26T14:51:32.473+0000] {processor.py:914} INFO - Processing file /opt/airflow/dags/flex_eau_pipeline.py for tasks to queue
[2026-07-26T14:51:32.488+0000] {logging_mixin.py:190} INFO - [2026-07-26T14:51:32.486+0000] {dagbag.py:587} INFO - Filling up the DagBag from /opt/airflow/dags/flex_eau_pipeline.py
[2026-07-26T14:51:32.677+0000] {processor.py:925} INFO - DAG(s) 'flex_eau_pipeline' retrieved from /opt/airflow/dags/flex_eau_pipeline.py
[2026-07-26T14:51:32.768+0000] {logging_mixin.py:190} INFO - [2026-07-26T14:51:32.768+0000] {dag.py:3211} INFO - Sync 1 DAGs
[2026-07-26T14:51:32.823+0000] {logging_mixin.py:190} INFO - [2026-07-26T14:51:32.823+0000] {dag.py:4138} INFO - Setting next_dagrun for flex_eau_pipeline to 2026-07-26 00:00:00+00:00, run_after=2026-07-27 00:00:00+00:00
[2026-07-26T14:51:32.864+0000] {processor.py:208} INFO - Processing /opt/airflow/dags/flex_eau_pipeline.py took 0.437 seconds
[2026-07-26T14:52:03.104+0000] {processor.py:186} INFO - Started process (PID=13107) to work on /opt/airflow/dags/flex_eau_pipeline.py
[2026-07-26T14:52:03.109+0000] {processor.py:914} INFO - Processing file /opt/airflow/dags/flex_eau_pipeline.py for tasks to queue
[2026-07-26T14:52:03.120+0000] {logging_mixin.py:190} INFO - [2026-07-26T14:52:03.119+0000] {dagbag.py:587} INFO - Filling up the DagBag from /opt/airflow/dags/flex_eau_pipeline.py
[2026-07-26T14:52:03.250+0000] {processor.py:925} INFO - DAG(s) 'flex_eau_pipeline' retrieved from /opt/airflow/dags/flex_eau_pipeline.py
[2026-07-26T14:52:03.459+0000] {logging_mixin.py:190} INFO - [2026-07-26T14:52:03.458+0000] {dag.py:3211} INFO - Sync 1 DAGs
[2026-07-26T14:52:03.590+0000] {logging_mixin.py:190} INFO - [2026-07-26T14:52:03.589+0000] {dag.py:4138} INFO - Setting next_dagrun for flex_eau_pipeline to 2026-07-26 00:00:00+00:00, run_after=2026-07-27 00:00:00+00:00
[2026-07-26T14:52:03.661+0000] {processor.py:208} INFO - Processing /opt/airflow/dags/flex_eau_pipeline.py took 0.592 seconds
[2026-07-26T14:52:34.098+0000] {processor.py:186} INFO - Started process (PID=13112) to work on /opt/airflow/dags/flex_eau_pipeline.py
[2026-07-26T14:52:34.104+0000] {processor.py:914} INFO - Processing file /opt/airflow/dags/flex_eau_pipeline.py for tasks to queue
[2026-07-26T14:52:34.118+0000] {logging_mixin.py:190} INFO - [2026-07-26T14:52:34.116+0000] {dagbag.py:587} INFO - Filling up the DagBag from /opt/airflow/dags/flex_eau_pipeline.py
[2026-07-26T14:52:34.262+0000] {processor.py:925} INFO - DAG(s) 'flex_eau_pipeline' retrieved from /opt/airflow/dags/flex_eau_pipeline.py
[2026-07-26T14:52:34.423+0000] {logging_mixin.py:190} INFO - [2026-07-26T14:52:34.422+0000] {dag.py:3211} INFO - Sync 1 DAGs
[2026-07-26T14:52:34.468+0000] {logging_mixin.py:190} INFO - [2026-07-26T14:52:34.467+0000] {dag.py:4138} INFO - Setting next_dagrun for flex_eau_pipeline to 2026-07-26 00:00:00+00:00, run_after=2026-07-27 00:00:00+00:00
[2026-07-26T14:52:34.509+0000] {processor.py:208} INFO - Processing /opt/airflow/dags/flex_eau_pipeline.py took 0.453 seconds
[2026-07-26T14:53:05.254+0000] {processor.py:186} INFO - Started process (PID=13117) to work on /opt/airflow/dags/flex_eau_pipeline.py
[2026-07-26T14:53:05.256+0000] {processor.py:914} INFO - Processing file /opt/airflow/dags/flex_eau_pipeline.py for tasks to queue
[2026-07-26T14:53:05.261+0000] {logging_mixin.py:190} INFO - [2026-07-26T14:53:05.261+0000] {dagbag.py:587} INFO - Filling up the DagBag from /opt/airflow/dags/flex_eau_pipeline.py
[2026-07-26T14:53:05.309+0000] {processor.py:925} INFO - DAG(s) 'flex_eau_pipeline' retrieved from /opt/airflow/dags/flex_eau_pipeline.py
[2026-07-26T14:53:05.392+0000] {logging_mixin.py:190} INFO - [2026-07-26T14:53:05.391+0000] {dag.py:3211} INFO - Sync 1 DAGs
[2026-07-26T14:53:05.483+0000] {logging_mixin.py:190} INFO - [2026-07-26T14:53:05.481+0000] {dag.py:4138} INFO - Setting next_dagrun for flex_eau_pipeline to 2026-07-26 00:00:00+00:00, run_after=2026-07-27 00:00:00+00:00
[2026-07-26T14:53:05.591+0000] {processor.py:208} INFO - Processing /opt/airflow/dags/flex_eau_pipeline.py took 0.352 seconds
[2026-07-26T14:53:35.863+0000] {processor.py:186} INFO - Started process (PID=13122) to work on /opt/airflow/dags/flex_eau_pipeline.py
[2026-07-26T14:53:35.869+0000] {processor.py:914} INFO - Processing file /opt/airflow/dags/flex_eau_pipeline.py for tasks to queue
[2026-07-26T14:53:35.880+0000] {logging_mixin.py:190} INFO - [2026-07-26T14:53:35.879+0000] {dagbag.py:587} INFO - Filling up the DagBag from /opt/airflow/dags/flex_eau_pipeline.py
[2026-07-26T14:53:35.996+0000] {processor.py:925} INFO - DAG(s) 'flex_eau_pipeline' retrieved from /opt/airflow/dags/flex_eau_pipeline.py
[2026-07-26T14:53:36.159+0000] {logging_mixin.py:190} INFO - [2026-07-26T14:53:36.158+0000] {dag.py:3211} INFO - Sync 1 DAGs
[2026-07-26T14:53:36.285+0000] {logging_mixin.py:190} INFO - [2026-07-26T14:53:36.284+0000] {dag.py:4138} INFO - Setting next_dagrun for flex_eau_pipeline to 2026-07-26 00:00:00+00:00, run_after=2026-07-27 00:00:00+00:00
[2026-07-26T14:53:36.394+0000] {processor.py:208} INFO - Processing /opt/airflow/dags/flex_eau_pipeline.py took 0.572 seconds
[2026-07-26T14:54:07.014+0000] {processor.py:186} INFO - Started process (PID=13127) to work on /opt/airflow/dags/flex_eau_pipeline.py
[2026-07-26T14:54:07.020+0000] {processor.py:914} INFO - Processing file /opt/airflow/dags/flex_eau_pipeline.py for tasks to queue
[2026-07-26T14:54:07.032+0000] {logging_mixin.py:190} INFO - [2026-07-26T14:54:07.031+0000] {dagbag.py:587} INFO - Filling up the DagBag from /opt/airflow/dags/flex_eau_pipeline.py
[2026-07-26T14:54:07.168+0000] {processor.py:925} INFO - DAG(s) 'flex_eau_pipeline' retrieved from /opt/airflow/dags/flex_eau_pipeline.py
[2026-07-26T14:54:07.348+0000] {logging_mixin.py:190} INFO - [2026-07-26T14:54:07.347+0000] {dag.py:3211} INFO - Sync 1 DAGs
[2026-07-26T14:54:07.484+0000] {logging_mixin.py:190} INFO - [2026-07-26T14:54:07.483+0000] {dag.py:4138} INFO - Setting next_dagrun for flex_eau_pipeline to 2026-07-26 00:00:00+00:00, run_after=2026-07-27 00:00:00+00:00
[2026-07-26T14:54:07.579+0000] {processor.py:208} INFO - Processing /opt/airflow/dags/flex_eau_pipeline.py took 0.601 seconds
[2026-07-26T14:54:37.879+0000] {processor.py:186} INFO - Started process (PID=13132) to work on /opt/airflow/dags/flex_eau_pipeline.py
[2026-07-26T14:54:37.883+0000] {processor.py:914} INFO - Processing file /opt/airflow/dags/flex_eau_pipeline.py for tasks to queue
[2026-07-26T14:54:37.892+0000] {logging_mixin.py:190} INFO - [2026-07-26T14:54:37.890+0000] {dagbag.py:587} INFO - Filling up the DagBag from /opt/airflow/dags/flex_eau_pipeline.py
[2026-07-26T14:54:37.952+0000] {processor.py:925} INFO - DAG(s) 'flex_eau_pipeline' retrieved from /opt/airflow/dags/flex_eau_pipeline.py
[2026-07-26T14:54:38.041+0000] {logging_mixin.py:190} INFO - [2026-07-26T14:54:38.041+0000] {dag.py:3211} INFO - Sync 1 DAGs
[2026-07-26T14:54:38.085+0000] {logging_mixin.py:190} INFO - [2026-07-26T14:54:38.085+0000] {dag.py:4138} INFO - Setting next_dagrun for flex_eau_pipeline to 2026-07-26 00:00:00+00:00, run_after=2026-07-27 00:00:00+00:00
[2026-07-26T14:54:38.123+0000] {processor.py:208} INFO - Processing /opt/airflow/dags/flex_eau_pipeline.py took 0.283 seconds
[2026-07-26T14:55:09.127+0000] {processor.py:186} INFO - Started process (PID=13137) to work on /opt/airflow/dags/flex_eau_pipeline.py
[2026-07-26T14:55:09.132+0000] {processor.py:914} INFO - Processing file /opt/airflow/dags/flex_eau_pipeline.py for tasks to queue
[2026-07-26T14:55:09.140+0000] {logging_mixin.py:190} INFO - [2026-07-26T14:55:09.139+0000] {dagbag.py:587} INFO - Filling up the DagBag from /opt/airflow/dags/flex_eau_pipeline.py
[2026-07-26T14:55:09.240+0000] {processor.py:925} INFO - DAG(s) 'flex_eau_pipeline' retrieved from /opt/airflow/dags/flex_eau_pipeline.py
[2026-07-26T14:55:09.467+0000] {logging_mixin.py:190} INFO - [2026-07-26T14:55:09.466+0000] {dag.py:3211} INFO - Sync 1 DAGs
[2026-07-26T14:55:09.537+0000] {logging_mixin.py:190} INFO - [2026-07-26T14:55:09.536+0000] {dag.py:4138} INFO - Setting next_dagrun for flex_eau_pipeline to 2026-07-26 00:00:00+00:00, run_after=2026-07-27 00:00:00+00:00
[2026-07-26T14:55:09.630+0000] {processor.py:208} INFO - Processing /opt/airflow/dags/flex_eau_pipeline.py took 0.536 seconds
[2026-07-26T14:55:40.801+0000] {processor.py:186} INFO - Started process (PID=13142) to work on /opt/airflow/dags/flex_eau_pipeline.py
[2026-07-26T14:55:40.804+0000] {processor.py:914} INFO - Processing file /opt/airflow/dags/flex_eau_pipeline.py for tasks to queue
[2026-07-26T14:55:40.810+0000] {logging_mixin.py:190} INFO - [2026-07-26T14:55:40.809+0000] {dagbag.py:587} INFO - Filling up the DagBag from /opt/airflow/dags/flex_eau_pipeline.py
[2026-07-26T14:55:40.859+0000] {processor.py:925} INFO - DAG(s) 'flex_eau_pipeline' retrieved from /opt/airflow/dags/flex_eau_pipeline.py
[2026-07-26T14:55:40.925+0000] {logging_mixin.py:190} INFO - [2026-07-26T14:55:40.925+0000] {dag.py:3211} INFO - Sync 1 DAGs
[2026-07-26T14:55:40.976+0000] {logging_mixin.py:190} INFO - [2026-07-26T14:55:40.975+0000] {dag.py:4138} INFO - Setting next_dagrun for flex_eau_pipeline to 2026-07-26 00:00:00+00:00, run_after=2026-07-27 00:00:00+00:00
[2026-07-26T14:55:41.032+0000] {processor.py:208} INFO - Processing /opt/airflow/dags/flex_eau_pipeline.py took 0.245 seconds
[2026-07-26T14:56:11.972+0000] {processor.py:186} INFO - Started process (PID=13147) to work on /opt/airflow/dags/flex_eau_pipeline.py
[2026-07-26T14:56:11.976+0000] {processor.py:914} INFO - Processing file /opt/airflow/dags/flex_eau_pipeline.py for tasks to queue
[2026-07-26T14:56:11.984+0000] {logging_mixin.py:190} INFO - [2026-07-26T14:56:11.983+0000] {dagbag.py:587} INFO - Filling up the DagBag from /opt/airflow/dags/flex_eau_pipeline.py
[2026-07-26T14:56:12.065+0000] {processor.py:925} INFO - DAG(s) 'flex_eau_pipeline' retrieved from /opt/airflow/dags/flex_eau_pipeline.py
[2026-07-26T14:56:12.167+0000] {logging_mixin.py:190} INFO - [2026-07-26T14:56:12.167+0000] {dag.py:3211} INFO - Sync 1 DAGs
[2026-07-26T14:56:12.230+0000] {logging_mixin.py:190} INFO - [2026-07-26T14:56:12.229+0000] {dag.py:4138} INFO - Setting next_dagrun for flex_eau_pipeline to 2026-07-26 00:00:00+00:00, run_after=2026-07-27 00:00:00+00:00
[2026-07-26T14:56:12.294+0000] {processor.py:208} INFO - Processing /opt/airflow/dags/flex_eau_pipeline.py took 0.344 seconds
[2026-07-26T14:56:43.116+0000] {processor.py:186} INFO - Started process (PID=13152) to work on /opt/airflow/dags/flex_eau_pipeline.py
[2026-07-26T14:56:43.122+0000] {processor.py:914} INFO - Processing file /opt/airflow/dags/flex_eau_pipeline.py for tasks to queue
[2026-07-26T14:56:43.135+0000] {logging_mixin.py:190} INFO - [2026-07-26T14:56:43.133+0000] {dagbag.py:587} INFO - Filling up the DagBag from /opt/airflow/dags/flex_eau_pipeline.py
[2026-07-26T14:56:43.278+0000] {processor.py:925} INFO - DAG(s) 'flex_eau_pipeline' retrieved from /opt/airflow/dags/flex_eau_pipeline.py
[2026-07-26T14:56:43.492+0000] {logging_mixin.py:190} INFO - [2026-07-26T14:56:43.492+0000] {dag.py:3211} INFO - Sync 1 DAGs
[2026-07-26T14:56:43.538+0000] {logging_mixin.py:190} INFO - [2026-07-26T14:56:43.537+0000] {dag.py:4138} INFO - Setting next_dagrun for flex_eau_pipeline to 2026-07-26 00:00:00+00:00, run_after=2026-07-27 00:00:00+00:00
[2026-07-26T14:56:43.613+0000] {processor.py:208} INFO - Processing /opt/airflow/dags/flex_eau_pipeline.py took 0.534 seconds
[2026-07-26T14:57:14.629+0000] {processor.py:186} INFO - Started process (PID=13157) to work on /opt/airflow/dags/flex_eau_pipeline.py
[2026-07-26T14:57:14.633+0000] {processor.py:914} INFO - Processing file /opt/airflow/dags/flex_eau_pipeline.py for tasks to queue
[2026-07-26T14:57:14.642+0000] {logging_mixin.py:190} INFO - [2026-07-26T14:57:14.641+0000] {dagbag.py:587} INFO - Filling up the DagBag from /opt/airflow/dags/flex_eau_pipeline.py
[2026-07-26T14:57:14.725+0000] {processor.py:925} INFO - DAG(s) 'flex_eau_pipeline' retrieved from /opt/airflow/dags/flex_eau_pipeline.py
[2026-07-26T14:57:14.823+0000] {logging_mixin.py:190} INFO - [2026-07-26T14:57:14.822+0000] {dag.py:3211} INFO - Sync 1 DAGs
[2026-07-26T14:57:14.904+0000] {logging_mixin.py:190} INFO - [2026-07-26T14:57:14.904+0000] {dag.py:4138} INFO - Setting next_dagrun for flex_eau_pipeline to 2026-07-26 00:00:00+00:00, run_after=2026-07-27 00:00:00+00:00
[2026-07-26T14:57:14.998+0000] {processor.py:208} INFO - Processing /opt/airflow/dags/flex_eau_pipeline.py took 0.396 seconds
[2026-07-26T14:57:45.705+0000] {processor.py:186} INFO - Started process (PID=13162) to work on /opt/airflow/dags/flex_eau_pipeline.py
[2026-07-26T14:57:45.708+0000] {processor.py:914} INFO - Processing file /opt/airflow/dags/flex_eau_pipeline.py for tasks to queue
[2026-07-26T14:57:45.712+0000] {logging_mixin.py:190} INFO - [2026-07-26T14:57:45.712+0000] {dagbag.py:587} INFO - Filling up the DagBag from /opt/airflow/dags/flex_eau_pipeline.py
[2026-07-26T14:57:45.755+0000] {processor.py:925} INFO - DAG(s) 'flex_eau_pipeline' retrieved from /opt/airflow/dags/flex_eau_pipeline.py
[2026-07-26T14:57:45.826+0000] {logging_mixin.py:190} INFO - [2026-07-26T14:57:45.826+0000] {dag.py:3211} INFO - Sync 1 DAGs
[2026-07-26T14:57:45.870+0000] {logging_mixin.py:190} INFO - [2026-07-26T14:57:45.870+0000] {dag.py:4138} INFO - Setting next_dagrun for flex_eau_pipeline to 2026-07-26 00:00:00+00:00, run_after=2026-07-27 00:00:00+00:00
[2026-07-26T14:57:45.919+0000] {processor.py:208} INFO - Processing /opt/airflow/dags/flex_eau_pipeline.py took 0.228 seconds
[2026-07-26T14:58:16.730+0000] {processor.py:186} INFO - Started process (PID=13167) to work on /opt/airflow/dags/flex_eau_pipeline.py
[2026-07-26T14:58:16.736+0000] {processor.py:914} INFO - Processing file /opt/airflow/dags/flex_eau_pipeline.py for tasks to queue
[2026-07-26T14:58:16.748+0000] {logging_mixin.py:190} INFO - [2026-07-26T14:58:16.746+0000] {dagbag.py:587} INFO - Filling up the DagBag from /opt/airflow/dags/flex_eau_pipeline.py
[2026-07-26T14:58:16.896+0000] {processor.py:925} INFO - DAG(s) 'flex_eau_pipeline' retrieved from /opt/airflow/dags/flex_eau_pipeline.py
[2026-07-26T14:58:17.060+0000] {logging_mixin.py:190} INFO - [2026-07-26T14:58:17.060+0000] {dag.py:3211} INFO - Sync 1 DAGs
[2026-07-26T14:58:17.167+0000] {logging_mixin.py:190} INFO - [2026-07-26T14:58:17.166+0000] {dag.py:4138} INFO - Setting next_dagrun for flex_eau_pipeline to 2026-07-26 00:00:00+00:00, run_after=2026-07-27 00:00:00+00:00
[2026-07-26T14:58:17.245+0000] {processor.py:208} INFO - Processing /opt/airflow/dags/flex_eau_pipeline.py took 0.548 seconds
[2026-07-26T14:58:47.921+0000] {processor.py:186} INFO - Started process (PID=13172) to work on /opt/airflow/dags/flex_eau_pipeline.py
[2026-07-26T14:58:47.926+0000] {processor.py:914} INFO - Processing file /opt/airflow/dags/flex_eau_pipeline.py for tasks to queue
[2026-07-26T14:58:47.936+0000] {logging_mixin.py:190} INFO - [2026-07-26T14:58:47.935+0000] {dagbag.py:587} INFO - Filling up the DagBag from /opt/airflow/dags/flex_eau_pipeline.py
[2026-07-26T14:58:48.053+0000] {processor.py:925} INFO - DAG(s) 'flex_eau_pipeline' retrieved from /opt/airflow/dags/flex_eau_pipeline.py
[2026-07-26T14:58:48.213+0000] {logging_mixin.py:190} INFO - [2026-07-26T14:58:48.212+0000] {dag.py:3211} INFO - Sync 1 DAGs
[2026-07-26T14:58:48.312+0000] {logging_mixin.py:190} INFO - [2026-07-26T14:58:48.311+0000] {dag.py:4138} INFO - Setting next_dagrun for flex_eau_pipeline to 2026-07-26 00:00:00+00:00, run_after=2026-07-27 00:00:00+00:00
[2026-07-26T14:58:48.394+0000] {processor.py:208} INFO - Processing /opt/airflow/dags/flex_eau_pipeline.py took 0.504 seconds
[2026-07-26T14:59:19.283+0000] {processor.py:186} INFO - Started process (PID=13177) to work on /opt/airflow/dags/flex_eau_pipeline.py
[2026-07-26T14:59:19.289+0000] {processor.py:914} INFO - Processing file /opt/airflow/dags/flex_eau_pipeline.py for tasks to queue
[2026-07-26T14:59:19.301+0000] {logging_mixin.py:190} INFO - [2026-07-26T14:59:19.299+0000] {dagbag.py:587} INFO - Filling up the DagBag from /opt/airflow/dags/flex_eau_pipeline.py
[2026-07-26T14:59:19.433+0000] {processor.py:925} INFO - DAG(s) 'flex_eau_pipeline' retrieved from /opt/airflow/dags/flex_eau_pipeline.py
[2026-07-26T14:59:19.589+0000] {logging_mixin.py:190} INFO - [2026-07-26T14:59:19.589+0000] {dag.py:3211} INFO - Sync 1 DAGs
[2026-07-26T14:59:19.659+0000] {logging_mixin.py:190} INFO - [2026-07-26T14:59:19.658+0000] {dag.py:4138} INFO - Setting next_dagrun for flex_eau_pipeline to 2026-07-26 00:00:00+00:00, run_after=2026-07-27 00:00:00+00:00
[2026-07-26T14:59:19.734+0000] {processor.py:208} INFO - Processing /opt/airflow/dags/flex_eau_pipeline.py took 0.487 seconds
[2026-07-26T14:59:50.399+0000] {processor.py:186} INFO - Started process (PID=13182) to work on /opt/airflow/dags/flex_eau_pipeline.py
[2026-07-26T14:59:50.403+0000] {processor.py:914} INFO - Processing file /opt/airflow/dags/flex_eau_pipeline.py for tasks to queue
[2026-07-26T14:59:50.410+0000] {logging_mixin.py:190} INFO - [2026-07-26T14:59:50.409+0000] {dagbag.py:587} INFO - Filling up the DagBag from /opt/airflow/dags/flex_eau_pipeline.py
[2026-07-26T14:59:50.491+0000] {processor.py:925} INFO - DAG(s) 'flex_eau_pipeline' retrieved from /opt/airflow/dags/flex_eau_pipeline.py
[2026-07-26T14:59:50.601+0000] {logging_mixin.py:190} INFO - [2026-07-26T14:59:50.600+0000] {dag.py:3211} INFO - Sync 1 DAGs
[2026-07-26T14:59:50.673+0000] {logging_mixin.py:190} INFO - [2026-07-26T14:59:50.672+0000] {dag.py:4138} INFO - Setting next_dagrun for flex_eau_pipeline to 2026-07-26 00:00:00+00:00, run_after=2026-07-27 00:00:00+00:00
[2026-07-26T14:59:50.736+0000] {processor.py:208} INFO - Processing /opt/airflow/dags/flex_eau_pipeline.py took 0.358 seconds
[2026-07-26T15:00:21.816+0000] {processor.py:186} INFO - Started process (PID=13187) to work on /opt/airflow/dags/flex_eau_pipeline.py
[2026-07-26T15:00:21.822+0000] {processor.py:914} INFO - Processing file /opt/airflow/dags/flex_eau_pipeline.py for tasks to queue
[2026-07-26T15:00:21.839+0000] {logging_mixin.py:190} INFO - [2026-07-26T15:00:21.837+0000] {dagbag.py:587} INFO - Filling up the DagBag from /opt/airflow/dags/flex_eau_pipeline.py
[2026-07-26T15:00:21.965+0000] {processor.py:925} INFO - DAG(s) 'flex_eau_pipeline' retrieved from /opt/airflow/dags/flex_eau_pipeline.py
[2026-07-26T15:00:22.143+0000] {logging_mixin.py:190} INFO - [2026-07-26T15:00:22.142+0000] {dag.py:3211} INFO - Sync 1 DAGs
[2026-07-26T15:00:22.263+0000] {logging_mixin.py:190} INFO - [2026-07-26T15:00:22.262+0000] {dag.py:4138} INFO - Setting next_dagrun for flex_eau_pipeline to 2026-07-26 00:00:00+00:00, run_after=2026-07-27 00:00:00+00:00
[2026-07-26T15:00:22.346+0000] {processor.py:208} INFO - Processing /opt/airflow/dags/flex_eau_pipeline.py took 0.564 seconds
[2026-07-26T15:00:52.778+0000] {processor.py:186} INFO - Started process (PID=13192) to work on /opt/airflow/dags/flex_eau_pipeline.py
[2026-07-26T15:00:52.783+0000] {processor.py:914} INFO - Processing file /opt/airflow/dags/flex_eau_pipeline.py for tasks to queue
[2026-07-26T15:00:52.794+0000] {logging_mixin.py:190} INFO - [2026-07-26T15:00:52.793+0000] {dagbag.py:587} INFO - Filling up the DagBag from /opt/airflow/dags/flex_eau_pipeline.py
[2026-07-26T15:00:52.917+0000] {processor.py:925} INFO - DAG(s) 'flex_eau_pipeline' retrieved from /opt/airflow/dags/flex_eau_pipeline.py
[2026-07-26T15:00:53.082+0000] {logging_mixin.py:190} INFO - [2026-07-26T15:00:53.081+0000] {dag.py:3211} INFO - Sync 1 DAGs
[2026-07-26T15:00:53.197+0000] {logging_mixin.py:190} INFO - [2026-07-26T15:00:53.196+0000] {dag.py:4138} INFO - Setting next_dagrun for flex_eau_pipeline to 2026-07-26 00:00:00+00:00, run_after=2026-07-27 00:00:00+00:00
[2026-07-26T15:00:53.276+0000] {processor.py:208} INFO - Processing /opt/airflow/dags/flex_eau_pipeline.py took 0.532 seconds
[2026-07-26T15:01:24.400+0000] {processor.py:186} INFO - Started process (PID=13197) to work on /opt/airflow/dags/flex_eau_pipeline.py
[2026-07-26T15:01:24.403+0000] {processor.py:914} INFO - Processing file /opt/airflow/dags/flex_eau_pipeline.py for tasks to queue
[2026-07-26T15:01:24.410+0000] {logging_mixin.py:190} INFO - [2026-07-26T15:01:24.409+0000] {dagbag.py:587} INFO - Filling up the DagBag from /opt/airflow/dags/flex_eau_pipeline.py
[2026-07-26T15:01:24.494+0000] {processor.py:925} INFO - DAG(s) 'flex_eau_pipeline' retrieved from /opt/airflow/dags/flex_eau_pipeline.py
[2026-07-26T15:01:24.684+0000] {logging_mixin.py:190} INFO - [2026-07-26T15:01:24.683+0000] {dag.py:3211} INFO - Sync 1 DAGs
[2026-07-26T15:01:24.806+0000] {logging_mixin.py:190} INFO - [2026-07-26T15:01:24.806+0000] {dag.py:4138} INFO - Setting next_dagrun for flex_eau_pipeline to 2026-07-26 00:00:00+00:00, run_after=2026-07-27 00:00:00+00:00
[2026-07-26T15:01:24.855+0000] {processor.py:208} INFO - Processing /opt/airflow/dags/flex_eau_pipeline.py took 0.480 seconds
[2026-07-26T15:01:55.380+0000] {processor.py:186} INFO - Started process (PID=13202) to work on /opt/airflow/dags/flex_eau_pipeline.py
[2026-07-26T15:01:55.386+0000] {processor.py:914} INFO - Processing file /opt/airflow/dags/flex_eau_pipeline.py for tasks to queue
[2026-07-26T15:01:55.401+0000] {logging_mixin.py:190} INFO - [2026-07-26T15:01:55.400+0000] {dagbag.py:587} INFO - Filling up the DagBag from /opt/airflow/dags/flex_eau_pipeline.py
[2026-07-26T15:01:55.537+0000] {processor.py:925} INFO - DAG(s) 'flex_eau_pipeline' retrieved from /opt/airflow/dags/flex_eau_pipeline.py
[2026-07-26T15:01:55.698+0000] {logging_mixin.py:190} INFO - [2026-07-26T15:01:55.697+0000] {dag.py:3211} INFO - Sync 1 DAGs
[2026-07-26T15:01:55.875+0000] {logging_mixin.py:190} INFO - [2026-07-26T15:01:55.874+0000] {dag.py:4138} INFO - Setting next_dagrun for flex_eau_pipeline to 2026-07-26 00:00:00+00:00, run_after=2026-07-27 00:00:00+00:00
[2026-07-26T15:01:55.964+0000] {processor.py:208} INFO - Processing /opt/airflow/dags/flex_eau_pipeline.py took 0.621 seconds
[2026-07-26T15:02:26.820+0000] {processor.py:186} INFO - Started process (PID=13207) to work on /opt/airflow/dags/flex_eau_pipeline.py
[2026-07-26T15:02:26.822+0000] {processor.py:914} INFO - Processing file /opt/airflow/dags/flex_eau_pipeline.py for tasks to queue
[2026-07-26T15:02:26.827+0000] {logging_mixin.py:190} INFO - [2026-07-26T15:02:26.826+0000] {dagbag.py:587} INFO - Filling up the DagBag from /opt/airflow/dags/flex_eau_pipeline.py
[2026-07-26T15:02:26.861+0000] {processor.py:925} INFO - DAG(s) 'flex_eau_pipeline' retrieved from /opt/airflow/dags/flex_eau_pipeline.py
[2026-07-26T15:02:26.917+0000] {logging_mixin.py:190} INFO - [2026-07-26T15:02:26.917+0000] {dag.py:3211} INFO - Sync 1 DAGs
[2026-07-26T15:02:26.945+0000] {logging_mixin.py:190} INFO - [2026-07-26T15:02:26.945+0000] {dag.py:4138} INFO - Setting next_dagrun for flex_eau_pipeline to 2026-07-26 00:00:00+00:00, run_after=2026-07-27 00:00:00+00:00
[2026-07-26T15:02:26.967+0000] {processor.py:208} INFO - Processing /opt/airflow/dags/flex_eau_pipeline.py took 0.159 seconds
[2026-07-26T15:02:57.405+0000] {processor.py:186} INFO - Started process (PID=13212) to work on /opt/airflow/dags/flex_eau_pipeline.py
[2026-07-26T15:02:57.407+0000] {processor.py:914} INFO - Processing file /opt/airflow/dags/flex_eau_pipeline.py for tasks to queue
[2026-07-26T15:02:57.411+0000] {logging_mixin.py:190} INFO - [2026-07-26T15:02:57.411+0000] {dagbag.py:587} INFO - Filling up the DagBag from /opt/airflow/dags/flex_eau_pipeline.py
[2026-07-26T15:02:57.446+0000] {processor.py:925} INFO - DAG(s) 'flex_eau_pipeline' retrieved from /opt/airflow/dags/flex_eau_pipeline.py
[2026-07-26T15:02:57.487+0000] {logging_mixin.py:190} INFO - [2026-07-26T15:02:57.487+0000] {dag.py:3211} INFO - Sync 1 DAGs
[2026-07-26T15:02:57.517+0000] {logging_mixin.py:190} INFO - [2026-07-26T15:02:57.517+0000] {dag.py:4138} INFO - Setting next_dagrun for flex_eau_pipeline to 2026-07-26 00:00:00+00:00, run_after=2026-07-27 00:00:00+00:00
[2026-07-26T15:02:57.548+0000] {processor.py:208} INFO - Processing /opt/airflow/dags/flex_eau_pipeline.py took 0.151 seconds
