[2026-08-12T00:23:19.421+0000] {processor.py:186} INFO - Started process (PID=6803) to work on /opt/airflow/dags/flex_eau_pipeline.py
[2026-08-12T00:23:19.438+0000] {processor.py:914} INFO - Processing file /opt/airflow/dags/flex_eau_pipeline.py for tasks to queue
[2026-08-12T00:23:19.452+0000] {logging_mixin.py:190} INFO - [2026-08-12T00:23:19.451+0000] {dagbag.py:587} INFO - Filling up the DagBag from /opt/airflow/dags/flex_eau_pipeline.py
[2026-08-12T00:23:19.591+0000] {processor.py:925} INFO - DAG(s) 'flex_eau_pipeline' retrieved from /opt/airflow/dags/flex_eau_pipeline.py
[2026-08-12T00:23:19.883+0000] {logging_mixin.py:190} INFO - [2026-08-12T00:23:19.882+0000] {dag.py:3211} INFO - Sync 1 DAGs
[2026-08-12T00:23:20.046+0000] {logging_mixin.py:190} INFO - [2026-08-12T00:23:20.045+0000] {dag.py:4138} INFO - Setting next_dagrun for flex_eau_pipeline to 2026-08-12 00:00:00+00:00, run_after=2026-08-13 00:00:00+00:00
[2026-08-12T00:23:20.142+0000] {processor.py:208} INFO - Processing /opt/airflow/dags/flex_eau_pipeline.py took 0.822 seconds
[2026-08-12T00:23:50.880+0000] {processor.py:186} INFO - Started process (PID=6828) to work on /opt/airflow/dags/flex_eau_pipeline.py
[2026-08-12T00:23:50.882+0000] {processor.py:914} INFO - Processing file /opt/airflow/dags/flex_eau_pipeline.py for tasks to queue
[2026-08-12T00:23:50.883+0000] {logging_mixin.py:190} INFO - [2026-08-12T00:23:50.883+0000] {dagbag.py:587} INFO - Filling up the DagBag from /opt/airflow/dags/flex_eau_pipeline.py
[2026-08-12T00:23:50.909+0000] {processor.py:925} INFO - DAG(s) 'flex_eau_pipeline' retrieved from /opt/airflow/dags/flex_eau_pipeline.py
[2026-08-12T00:23:50.972+0000] {logging_mixin.py:190} INFO - [2026-08-12T00:23:50.972+0000] {dag.py:3211} INFO - Sync 1 DAGs
[2026-08-12T00:23:50.998+0000] {logging_mixin.py:190} INFO - [2026-08-12T00:23:50.997+0000] {dag.py:4138} INFO - Setting next_dagrun for flex_eau_pipeline to 2026-08-12 00:00:00+00:00, run_after=2026-08-13 00:00:00+00:00
[2026-08-12T00:23:51.019+0000] {processor.py:208} INFO - Processing /opt/airflow/dags/flex_eau_pipeline.py took 0.149 seconds
[2026-08-12T00:24:21.357+0000] {processor.py:186} INFO - Started process (PID=6849) to work on /opt/airflow/dags/flex_eau_pipeline.py
[2026-08-12T00:24:21.359+0000] {processor.py:914} INFO - Processing file /opt/airflow/dags/flex_eau_pipeline.py for tasks to queue
[2026-08-12T00:24:21.360+0000] {logging_mixin.py:190} INFO - [2026-08-12T00:24:21.360+0000] {dagbag.py:587} INFO - Filling up the DagBag from /opt/airflow/dags/flex_eau_pipeline.py
[2026-08-12T00:24:21.390+0000] {processor.py:925} INFO - DAG(s) 'flex_eau_pipeline' retrieved from /opt/airflow/dags/flex_eau_pipeline.py
[2026-08-12T00:24:21.435+0000] {logging_mixin.py:190} INFO - [2026-08-12T00:24:21.435+0000] {dag.py:3211} INFO - Sync 1 DAGs
[2026-08-12T00:24:21.470+0000] {logging_mixin.py:190} INFO - [2026-08-12T00:24:21.470+0000] {dag.py:4138} INFO - Setting next_dagrun for flex_eau_pipeline to 2026-08-12 00:00:00+00:00, run_after=2026-08-13 00:00:00+00:00
[2026-08-12T00:24:21.491+0000] {processor.py:208} INFO - Processing /opt/airflow/dags/flex_eau_pipeline.py took 0.144 seconds
[2026-08-12T00:24:51.936+0000] {processor.py:186} INFO - Started process (PID=6861) to work on /opt/airflow/dags/flex_eau_pipeline.py
[2026-08-12T00:24:51.938+0000] {processor.py:914} INFO - Processing file /opt/airflow/dags/flex_eau_pipeline.py for tasks to queue
[2026-08-12T00:24:51.940+0000] {logging_mixin.py:190} INFO - [2026-08-12T00:24:51.939+0000] {dagbag.py:587} INFO - Filling up the DagBag from /opt/airflow/dags/flex_eau_pipeline.py
[2026-08-12T00:24:51.974+0000] {processor.py:925} INFO - DAG(s) 'flex_eau_pipeline' retrieved from /opt/airflow/dags/flex_eau_pipeline.py
[2026-08-12T00:24:52.031+0000] {logging_mixin.py:190} INFO - [2026-08-12T00:24:52.030+0000] {dag.py:3211} INFO - Sync 1 DAGs
[2026-08-12T00:24:52.072+0000] {logging_mixin.py:190} INFO - [2026-08-12T00:24:52.072+0000] {dag.py:4138} INFO - Setting next_dagrun for flex_eau_pipeline to 2026-08-12 00:00:00+00:00, run_after=2026-08-13 00:00:00+00:00
[2026-08-12T00:24:52.101+0000] {processor.py:208} INFO - Processing /opt/airflow/dags/flex_eau_pipeline.py took 0.177 seconds
[2026-08-12T00:25:22.601+0000] {processor.py:186} INFO - Started process (PID=6866) to work on /opt/airflow/dags/flex_eau_pipeline.py
[2026-08-12T00:25:22.606+0000] {processor.py:914} INFO - Processing file /opt/airflow/dags/flex_eau_pipeline.py for tasks to queue
[2026-08-12T00:25:22.612+0000] {logging_mixin.py:190} INFO - [2026-08-12T00:25:22.611+0000] {dagbag.py:587} INFO - Filling up the DagBag from /opt/airflow/dags/flex_eau_pipeline.py
[2026-08-12T00:25:22.692+0000] {processor.py:925} INFO - DAG(s) 'flex_eau_pipeline' retrieved from /opt/airflow/dags/flex_eau_pipeline.py
[2026-08-12T00:25:22.873+0000] {logging_mixin.py:190} INFO - [2026-08-12T00:25:22.872+0000] {dag.py:3211} INFO - Sync 1 DAGs
[2026-08-12T00:25:22.961+0000] {logging_mixin.py:190} INFO - [2026-08-12T00:25:22.960+0000] {dag.py:4138} INFO - Setting next_dagrun for flex_eau_pipeline to 2026-08-12 00:00:00+00:00, run_after=2026-08-13 00:00:00+00:00
[2026-08-12T00:25:23.031+0000] {processor.py:208} INFO - Processing /opt/airflow/dags/flex_eau_pipeline.py took 0.402 seconds
[2026-08-12T00:25:53.993+0000] {processor.py:186} INFO - Started process (PID=7491) to work on /opt/airflow/dags/flex_eau_pipeline.py
[2026-08-12T00:25:54.019+0000] {processor.py:914} INFO - Processing file /opt/airflow/dags/flex_eau_pipeline.py for tasks to queue
[2026-08-12T00:25:54.022+0000] {logging_mixin.py:190} INFO - [2026-08-12T00:25:54.021+0000] {dagbag.py:587} INFO - Filling up the DagBag from /opt/airflow/dags/flex_eau_pipeline.py
[2026-08-12T00:25:54.093+0000] {processor.py:925} INFO - DAG(s) 'flex_eau_pipeline' retrieved from /opt/airflow/dags/flex_eau_pipeline.py
[2026-08-12T00:25:54.583+0000] {logging_mixin.py:190} INFO - [2026-08-12T00:25:54.582+0000] {dag.py:3211} INFO - Sync 1 DAGs
[2026-08-12T00:25:54.826+0000] {logging_mixin.py:190} INFO - [2026-08-12T00:25:54.825+0000] {dag.py:4138} INFO - Setting next_dagrun for flex_eau_pipeline to 2026-08-12 00:00:00+00:00, run_after=2026-08-13 00:00:00+00:00
[2026-08-12T00:25:54.946+0000] {processor.py:208} INFO - Processing /opt/airflow/dags/flex_eau_pipeline.py took 1.070 seconds
[2026-08-12T00:26:25.585+0000] {processor.py:186} INFO - Started process (PID=8086) to work on /opt/airflow/dags/flex_eau_pipeline.py
[2026-08-12T00:26:25.599+0000] {processor.py:914} INFO - Processing file /opt/airflow/dags/flex_eau_pipeline.py for tasks to queue
[2026-08-12T00:26:25.603+0000] {logging_mixin.py:190} INFO - [2026-08-12T00:26:25.602+0000] {dagbag.py:587} INFO - Filling up the DagBag from /opt/airflow/dags/flex_eau_pipeline.py
[2026-08-12T00:26:25.745+0000] {processor.py:925} INFO - DAG(s) 'flex_eau_pipeline' retrieved from /opt/airflow/dags/flex_eau_pipeline.py
[2026-08-12T00:26:25.921+0000] {logging_mixin.py:190} INFO - [2026-08-12T00:26:25.920+0000] {dag.py:3211} INFO - Sync 1 DAGs
[2026-08-12T00:26:26.031+0000] {logging_mixin.py:190} INFO - [2026-08-12T00:26:26.030+0000] {dag.py:4138} INFO - Setting next_dagrun for flex_eau_pipeline to 2026-08-12 00:00:00+00:00, run_after=2026-08-13 00:00:00+00:00
[2026-08-12T00:26:26.088+0000] {processor.py:208} INFO - Processing /opt/airflow/dags/flex_eau_pipeline.py took 0.714 seconds
[2026-08-12T00:26:56.498+0000] {processor.py:186} INFO - Started process (PID=8280) to work on /opt/airflow/dags/flex_eau_pipeline.py
[2026-08-12T00:26:56.500+0000] {processor.py:914} INFO - Processing file /opt/airflow/dags/flex_eau_pipeline.py for tasks to queue
[2026-08-12T00:26:56.503+0000] {logging_mixin.py:190} INFO - [2026-08-12T00:26:56.502+0000] {dagbag.py:587} INFO - Filling up the DagBag from /opt/airflow/dags/flex_eau_pipeline.py
[2026-08-12T00:26:56.548+0000] {processor.py:925} INFO - DAG(s) 'flex_eau_pipeline' retrieved from /opt/airflow/dags/flex_eau_pipeline.py
[2026-08-12T00:26:56.628+0000] {logging_mixin.py:190} INFO - [2026-08-12T00:26:56.628+0000] {dag.py:3211} INFO - Sync 1 DAGs
[2026-08-12T00:26:56.673+0000] {logging_mixin.py:190} INFO - [2026-08-12T00:26:56.673+0000] {dag.py:4138} INFO - Setting next_dagrun for flex_eau_pipeline to 2026-08-12 00:00:00+00:00, run_after=2026-08-13 00:00:00+00:00
[2026-08-12T00:26:56.726+0000] {processor.py:208} INFO - Processing /opt/airflow/dags/flex_eau_pipeline.py took 0.244 seconds
[2026-08-12T00:27:26.934+0000] {processor.py:186} INFO - Started process (PID=8569) to work on /opt/airflow/dags/flex_eau_pipeline.py
[2026-08-12T00:27:26.937+0000] {processor.py:914} INFO - Processing file /opt/airflow/dags/flex_eau_pipeline.py for tasks to queue
[2026-08-12T00:27:26.941+0000] {logging_mixin.py:190} INFO - [2026-08-12T00:27:26.940+0000] {dagbag.py:587} INFO - Filling up the DagBag from /opt/airflow/dags/flex_eau_pipeline.py
[2026-08-12T00:27:26.973+0000] {processor.py:925} INFO - DAG(s) 'flex_eau_pipeline' retrieved from /opt/airflow/dags/flex_eau_pipeline.py
[2026-08-12T00:27:27.025+0000] {logging_mixin.py:190} INFO - [2026-08-12T00:27:27.025+0000] {dag.py:3211} INFO - Sync 1 DAGs
[2026-08-12T00:27:27.071+0000] {logging_mixin.py:190} INFO - [2026-08-12T00:27:27.071+0000] {dag.py:4138} INFO - Setting next_dagrun for flex_eau_pipeline to 2026-08-12 00:00:00+00:00, run_after=2026-08-13 00:00:00+00:00
[2026-08-12T00:27:27.104+0000] {processor.py:208} INFO - Processing /opt/airflow/dags/flex_eau_pipeline.py took 0.186 seconds
[2026-08-12T00:28:00.194+0000] {processor.py:186} INFO - Started process (PID=8951) to work on /opt/airflow/dags/flex_eau_pipeline.py
[2026-08-12T00:28:00.198+0000] {processor.py:914} INFO - Processing file /opt/airflow/dags/flex_eau_pipeline.py for tasks to queue
[2026-08-12T00:28:00.203+0000] {logging_mixin.py:190} INFO - [2026-08-12T00:28:00.202+0000] {dagbag.py:587} INFO - Filling up the DagBag from /opt/airflow/dags/flex_eau_pipeline.py
[2026-08-12T00:28:00.275+0000] {processor.py:925} INFO - DAG(s) 'flex_eau_pipeline' retrieved from /opt/airflow/dags/flex_eau_pipeline.py
[2026-08-12T00:28:00.392+0000] {logging_mixin.py:190} INFO - [2026-08-12T00:28:00.392+0000] {dag.py:3211} INFO - Sync 1 DAGs
[2026-08-12T00:28:00.448+0000] {logging_mixin.py:190} INFO - [2026-08-12T00:28:00.448+0000] {dag.py:4138} INFO - Setting next_dagrun for flex_eau_pipeline to 2026-08-12 00:00:00+00:00, run_after=2026-08-13 00:00:00+00:00
[2026-08-12T00:28:00.500+0000] {processor.py:208} INFO - Processing /opt/airflow/dags/flex_eau_pipeline.py took 0.342 seconds
[2026-08-12T00:28:31.527+0000] {processor.py:186} INFO - Started process (PID=9702) to work on /opt/airflow/dags/flex_eau_pipeline.py
[2026-08-12T00:28:31.530+0000] {processor.py:914} INFO - Processing file /opt/airflow/dags/flex_eau_pipeline.py for tasks to queue
[2026-08-12T00:28:31.539+0000] {logging_mixin.py:190} INFO - [2026-08-12T00:28:31.538+0000] {dagbag.py:587} INFO - Filling up the DagBag from /opt/airflow/dags/flex_eau_pipeline.py
[2026-08-12T00:28:31.762+0000] {processor.py:925} INFO - DAG(s) 'flex_eau_pipeline' retrieved from /opt/airflow/dags/flex_eau_pipeline.py
[2026-08-12T00:28:31.878+0000] {logging_mixin.py:190} INFO - [2026-08-12T00:28:31.877+0000] {dag.py:3211} INFO - Sync 1 DAGs
[2026-08-12T00:28:32.002+0000] {logging_mixin.py:190} INFO - [2026-08-12T00:28:32.001+0000] {dag.py:4138} INFO - Setting next_dagrun for flex_eau_pipeline to 2026-08-12 00:00:00+00:00, run_after=2026-08-13 00:00:00+00:00
[2026-08-12T00:28:32.070+0000] {processor.py:208} INFO - Processing /opt/airflow/dags/flex_eau_pipeline.py took 0.587 seconds
[2026-08-12T00:29:02.820+0000] {processor.py:186} INFO - Started process (PID=10208) to work on /opt/airflow/dags/flex_eau_pipeline.py
[2026-08-12T00:29:02.823+0000] {processor.py:914} INFO - Processing file /opt/airflow/dags/flex_eau_pipeline.py for tasks to queue
[2026-08-12T00:29:02.825+0000] {logging_mixin.py:190} INFO - [2026-08-12T00:29:02.825+0000] {dagbag.py:587} INFO - Filling up the DagBag from /opt/airflow/dags/flex_eau_pipeline.py
[2026-08-12T00:29:02.881+0000] {processor.py:925} INFO - DAG(s) 'flex_eau_pipeline' retrieved from /opt/airflow/dags/flex_eau_pipeline.py
[2026-08-12T00:29:02.983+0000] {logging_mixin.py:190} INFO - [2026-08-12T00:29:02.983+0000] {dag.py:3211} INFO - Sync 1 DAGs
[2026-08-12T00:29:03.027+0000] {logging_mixin.py:190} INFO - [2026-08-12T00:29:03.027+0000] {dag.py:4138} INFO - Setting next_dagrun for flex_eau_pipeline to 2026-08-12 00:00:00+00:00, run_after=2026-08-13 00:00:00+00:00
[2026-08-12T00:29:03.064+0000] {processor.py:208} INFO - Processing /opt/airflow/dags/flex_eau_pipeline.py took 0.263 seconds
[2026-08-12T00:29:33.174+0000] {processor.py:186} INFO - Started process (PID=10740) to work on /opt/airflow/dags/flex_eau_pipeline.py
[2026-08-12T00:29:33.178+0000] {processor.py:914} INFO - Processing file /opt/airflow/dags/flex_eau_pipeline.py for tasks to queue
[2026-08-12T00:29:33.181+0000] {logging_mixin.py:190} INFO - [2026-08-12T00:29:33.180+0000] {dagbag.py:587} INFO - Filling up the DagBag from /opt/airflow/dags/flex_eau_pipeline.py
[2026-08-12T00:29:33.230+0000] {processor.py:925} INFO - DAG(s) 'flex_eau_pipeline' retrieved from /opt/airflow/dags/flex_eau_pipeline.py
[2026-08-12T00:29:33.306+0000] {logging_mixin.py:190} INFO - [2026-08-12T00:29:33.305+0000] {dag.py:3211} INFO - Sync 1 DAGs
[2026-08-12T00:29:33.349+0000] {logging_mixin.py:190} INFO - [2026-08-12T00:29:33.349+0000] {dag.py:4138} INFO - Setting next_dagrun for flex_eau_pipeline to 2026-08-12 00:00:00+00:00, run_after=2026-08-13 00:00:00+00:00
[2026-08-12T00:29:33.392+0000] {processor.py:208} INFO - Processing /opt/airflow/dags/flex_eau_pipeline.py took 0.233 seconds
[2026-08-12T00:30:03.695+0000] {processor.py:186} INFO - Started process (PID=11066) to work on /opt/airflow/dags/flex_eau_pipeline.py
[2026-08-12T00:30:03.699+0000] {processor.py:914} INFO - Processing file /opt/airflow/dags/flex_eau_pipeline.py for tasks to queue
[2026-08-12T00:30:03.703+0000] {logging_mixin.py:190} INFO - [2026-08-12T00:30:03.702+0000] {dagbag.py:587} INFO - Filling up the DagBag from /opt/airflow/dags/flex_eau_pipeline.py
[2026-08-12T00:30:03.766+0000] {processor.py:925} INFO - DAG(s) 'flex_eau_pipeline' retrieved from /opt/airflow/dags/flex_eau_pipeline.py
[2026-08-12T00:30:03.872+0000] {logging_mixin.py:190} INFO - [2026-08-12T00:30:03.871+0000] {dag.py:3211} INFO - Sync 1 DAGs
[2026-08-12T00:30:03.907+0000] {logging_mixin.py:190} INFO - [2026-08-12T00:30:03.907+0000] {dag.py:4138} INFO - Setting next_dagrun for flex_eau_pipeline to 2026-08-12 00:00:00+00:00, run_after=2026-08-13 00:00:00+00:00
[2026-08-12T00:30:03.937+0000] {processor.py:208} INFO - Processing /opt/airflow/dags/flex_eau_pipeline.py took 0.264 seconds
[2026-08-12T00:30:34.521+0000] {processor.py:186} INFO - Started process (PID=11071) to work on /opt/airflow/dags/flex_eau_pipeline.py
[2026-08-12T00:30:34.523+0000] {processor.py:914} INFO - Processing file /opt/airflow/dags/flex_eau_pipeline.py for tasks to queue
[2026-08-12T00:30:34.525+0000] {logging_mixin.py:190} INFO - [2026-08-12T00:30:34.525+0000] {dagbag.py:587} INFO - Filling up the DagBag from /opt/airflow/dags/flex_eau_pipeline.py
[2026-08-12T00:30:34.564+0000] {processor.py:925} INFO - DAG(s) 'flex_eau_pipeline' retrieved from /opt/airflow/dags/flex_eau_pipeline.py
[2026-08-12T00:30:34.622+0000] {logging_mixin.py:190} INFO - [2026-08-12T00:30:34.622+0000] {dag.py:3211} INFO - Sync 1 DAGs
[2026-08-12T00:30:34.652+0000] {logging_mixin.py:190} INFO - [2026-08-12T00:30:34.651+0000] {dag.py:4138} INFO - Setting next_dagrun for flex_eau_pipeline to 2026-08-12 00:00:00+00:00, run_after=2026-08-13 00:00:00+00:00
[2026-08-12T00:30:34.694+0000] {processor.py:208} INFO - Processing /opt/airflow/dags/flex_eau_pipeline.py took 0.188 seconds
[2026-08-12T00:31:05.343+0000] {processor.py:186} INFO - Started process (PID=11076) to work on /opt/airflow/dags/flex_eau_pipeline.py
[2026-08-12T00:31:05.345+0000] {processor.py:914} INFO - Processing file /opt/airflow/dags/flex_eau_pipeline.py for tasks to queue
[2026-08-12T00:31:05.347+0000] {logging_mixin.py:190} INFO - [2026-08-12T00:31:05.347+0000] {dagbag.py:587} INFO - Filling up the DagBag from /opt/airflow/dags/flex_eau_pipeline.py
[2026-08-12T00:31:05.377+0000] {processor.py:925} INFO - DAG(s) 'flex_eau_pipeline' retrieved from /opt/airflow/dags/flex_eau_pipeline.py
[2026-08-12T00:31:05.427+0000] {logging_mixin.py:190} INFO - [2026-08-12T00:31:05.427+0000] {dag.py:3211} INFO - Sync 1 DAGs
[2026-08-12T00:31:05.482+0000] {logging_mixin.py:190} INFO - [2026-08-12T00:31:05.481+0000] {dag.py:4138} INFO - Setting next_dagrun for flex_eau_pipeline to 2026-08-12 00:00:00+00:00, run_after=2026-08-13 00:00:00+00:00
[2026-08-12T00:31:05.531+0000] {processor.py:208} INFO - Processing /opt/airflow/dags/flex_eau_pipeline.py took 0.196 seconds
[2026-08-12T00:31:36.084+0000] {processor.py:186} INFO - Started process (PID=11081) to work on /opt/airflow/dags/flex_eau_pipeline.py
[2026-08-12T00:31:36.088+0000] {processor.py:914} INFO - Processing file /opt/airflow/dags/flex_eau_pipeline.py for tasks to queue
[2026-08-12T00:31:36.091+0000] {logging_mixin.py:190} INFO - [2026-08-12T00:31:36.091+0000] {dagbag.py:587} INFO - Filling up the DagBag from /opt/airflow/dags/flex_eau_pipeline.py
[2026-08-12T00:31:36.132+0000] {processor.py:925} INFO - DAG(s) 'flex_eau_pipeline' retrieved from /opt/airflow/dags/flex_eau_pipeline.py
[2026-08-12T00:31:36.178+0000] {logging_mixin.py:190} INFO - [2026-08-12T00:31:36.177+0000] {dag.py:3211} INFO - Sync 1 DAGs
[2026-08-12T00:31:36.209+0000] {logging_mixin.py:190} INFO - [2026-08-12T00:31:36.209+0000] {dag.py:4138} INFO - Setting next_dagrun for flex_eau_pipeline to 2026-08-12 00:00:00+00:00, run_after=2026-08-13 00:00:00+00:00
[2026-08-12T00:31:36.241+0000] {processor.py:208} INFO - Processing /opt/airflow/dags/flex_eau_pipeline.py took 0.179 seconds
[2026-08-12T00:32:06.715+0000] {processor.py:186} INFO - Started process (PID=11086) to work on /opt/airflow/dags/flex_eau_pipeline.py
[2026-08-12T00:32:06.717+0000] {processor.py:914} INFO - Processing file /opt/airflow/dags/flex_eau_pipeline.py for tasks to queue
[2026-08-12T00:32:06.721+0000] {logging_mixin.py:190} INFO - [2026-08-12T00:32:06.720+0000] {dagbag.py:587} INFO - Filling up the DagBag from /opt/airflow/dags/flex_eau_pipeline.py
[2026-08-12T00:32:06.749+0000] {processor.py:925} INFO - DAG(s) 'flex_eau_pipeline' retrieved from /opt/airflow/dags/flex_eau_pipeline.py
[2026-08-12T00:32:06.799+0000] {logging_mixin.py:190} INFO - [2026-08-12T00:32:06.799+0000] {dag.py:3211} INFO - Sync 1 DAGs
[2026-08-12T00:32:06.829+0000] {logging_mixin.py:190} INFO - [2026-08-12T00:32:06.829+0000] {dag.py:4138} INFO - Setting next_dagrun for flex_eau_pipeline to 2026-08-12 00:00:00+00:00, run_after=2026-08-13 00:00:00+00:00
[2026-08-12T00:32:06.860+0000] {processor.py:208} INFO - Processing /opt/airflow/dags/flex_eau_pipeline.py took 0.159 seconds
[2026-08-12T00:32:37.462+0000] {processor.py:186} INFO - Started process (PID=11091) to work on /opt/airflow/dags/flex_eau_pipeline.py
[2026-08-12T00:32:37.465+0000] {processor.py:914} INFO - Processing file /opt/airflow/dags/flex_eau_pipeline.py for tasks to queue
[2026-08-12T00:32:37.469+0000] {logging_mixin.py:190} INFO - [2026-08-12T00:32:37.469+0000] {dagbag.py:587} INFO - Filling up the DagBag from /opt/airflow/dags/flex_eau_pipeline.py
[2026-08-12T00:32:37.538+0000] {processor.py:925} INFO - DAG(s) 'flex_eau_pipeline' retrieved from /opt/airflow/dags/flex_eau_pipeline.py
[2026-08-12T00:32:37.632+0000] {logging_mixin.py:190} INFO - [2026-08-12T00:32:37.632+0000] {dag.py:3211} INFO - Sync 1 DAGs
[2026-08-12T00:32:37.662+0000] {logging_mixin.py:190} INFO - [2026-08-12T00:32:37.661+0000] {dag.py:4138} INFO - Setting next_dagrun for flex_eau_pipeline to 2026-08-12 00:00:00+00:00, run_after=2026-08-13 00:00:00+00:00
[2026-08-12T00:32:37.689+0000] {processor.py:208} INFO - Processing /opt/airflow/dags/flex_eau_pipeline.py took 0.246 seconds
[2026-08-12T00:33:07.858+0000] {processor.py:186} INFO - Started process (PID=11096) to work on /opt/airflow/dags/flex_eau_pipeline.py
[2026-08-12T00:33:07.860+0000] {processor.py:914} INFO - Processing file /opt/airflow/dags/flex_eau_pipeline.py for tasks to queue
[2026-08-12T00:33:07.863+0000] {logging_mixin.py:190} INFO - [2026-08-12T00:33:07.862+0000] {dagbag.py:587} INFO - Filling up the DagBag from /opt/airflow/dags/flex_eau_pipeline.py
[2026-08-12T00:33:07.900+0000] {processor.py:925} INFO - DAG(s) 'flex_eau_pipeline' retrieved from /opt/airflow/dags/flex_eau_pipeline.py
[2026-08-12T00:33:07.948+0000] {logging_mixin.py:190} INFO - [2026-08-12T00:33:07.947+0000] {dag.py:3211} INFO - Sync 1 DAGs
[2026-08-12T00:33:07.977+0000] {logging_mixin.py:190} INFO - [2026-08-12T00:33:07.977+0000] {dag.py:4138} INFO - Setting next_dagrun for flex_eau_pipeline to 2026-08-12 00:00:00+00:00, run_after=2026-08-13 00:00:00+00:00
[2026-08-12T00:33:08.030+0000] {processor.py:208} INFO - Processing /opt/airflow/dags/flex_eau_pipeline.py took 0.188 seconds
[2026-08-12T00:33:38.132+0000] {processor.py:186} INFO - Started process (PID=11101) to work on /opt/airflow/dags/flex_eau_pipeline.py
[2026-08-12T00:33:38.134+0000] {processor.py:914} INFO - Processing file /opt/airflow/dags/flex_eau_pipeline.py for tasks to queue
[2026-08-12T00:33:38.136+0000] {logging_mixin.py:190} INFO - [2026-08-12T00:33:38.135+0000] {dagbag.py:587} INFO - Filling up the DagBag from /opt/airflow/dags/flex_eau_pipeline.py
[2026-08-12T00:33:38.168+0000] {processor.py:925} INFO - DAG(s) 'flex_eau_pipeline' retrieved from /opt/airflow/dags/flex_eau_pipeline.py
[2026-08-12T00:33:38.218+0000] {logging_mixin.py:190} INFO - [2026-08-12T00:33:38.217+0000] {dag.py:3211} INFO - Sync 1 DAGs
[2026-08-12T00:33:38.248+0000] {logging_mixin.py:190} INFO - [2026-08-12T00:33:38.248+0000] {dag.py:4138} INFO - Setting next_dagrun for flex_eau_pipeline to 2026-08-12 00:00:00+00:00, run_after=2026-08-13 00:00:00+00:00
[2026-08-12T00:33:38.297+0000] {processor.py:208} INFO - Processing /opt/airflow/dags/flex_eau_pipeline.py took 0.174 seconds
[2026-08-12T00:34:08.571+0000] {processor.py:186} INFO - Started process (PID=11106) to work on /opt/airflow/dags/flex_eau_pipeline.py
[2026-08-12T00:34:08.573+0000] {processor.py:914} INFO - Processing file /opt/airflow/dags/flex_eau_pipeline.py for tasks to queue
[2026-08-12T00:34:08.576+0000] {logging_mixin.py:190} INFO - [2026-08-12T00:34:08.575+0000] {dagbag.py:587} INFO - Filling up the DagBag from /opt/airflow/dags/flex_eau_pipeline.py
[2026-08-12T00:34:08.618+0000] {processor.py:925} INFO - DAG(s) 'flex_eau_pipeline' retrieved from /opt/airflow/dags/flex_eau_pipeline.py
[2026-08-12T00:34:08.668+0000] {logging_mixin.py:190} INFO - [2026-08-12T00:34:08.667+0000] {dag.py:3211} INFO - Sync 1 DAGs
[2026-08-12T00:34:08.702+0000] {logging_mixin.py:190} INFO - [2026-08-12T00:34:08.702+0000] {dag.py:4138} INFO - Setting next_dagrun for flex_eau_pipeline to 2026-08-12 00:00:00+00:00, run_after=2026-08-13 00:00:00+00:00
[2026-08-12T00:34:08.734+0000] {processor.py:208} INFO - Processing /opt/airflow/dags/flex_eau_pipeline.py took 0.173 seconds
[2026-08-12T00:34:39.615+0000] {processor.py:186} INFO - Started process (PID=11111) to work on /opt/airflow/dags/flex_eau_pipeline.py
[2026-08-12T00:34:39.617+0000] {processor.py:914} INFO - Processing file /opt/airflow/dags/flex_eau_pipeline.py for tasks to queue
[2026-08-12T00:34:39.620+0000] {logging_mixin.py:190} INFO - [2026-08-12T00:34:39.620+0000] {dagbag.py:587} INFO - Filling up the DagBag from /opt/airflow/dags/flex_eau_pipeline.py
[2026-08-12T00:34:39.676+0000] {processor.py:925} INFO - DAG(s) 'flex_eau_pipeline' retrieved from /opt/airflow/dags/flex_eau_pipeline.py
[2026-08-12T00:34:39.728+0000] {logging_mixin.py:190} INFO - [2026-08-12T00:34:39.727+0000] {dag.py:3211} INFO - Sync 1 DAGs
[2026-08-12T00:34:39.770+0000] {logging_mixin.py:190} INFO - [2026-08-12T00:34:39.770+0000] {dag.py:4138} INFO - Setting next_dagrun for flex_eau_pipeline to 2026-08-12 00:00:00+00:00, run_after=2026-08-13 00:00:00+00:00
[2026-08-12T00:34:39.817+0000] {processor.py:208} INFO - Processing /opt/airflow/dags/flex_eau_pipeline.py took 0.211 seconds
[2026-08-12T00:35:10.001+0000] {processor.py:186} INFO - Started process (PID=11116) to work on /opt/airflow/dags/flex_eau_pipeline.py
[2026-08-12T00:35:10.003+0000] {processor.py:914} INFO - Processing file /opt/airflow/dags/flex_eau_pipeline.py for tasks to queue
[2026-08-12T00:35:10.005+0000] {logging_mixin.py:190} INFO - [2026-08-12T00:35:10.004+0000] {dagbag.py:587} INFO - Filling up the DagBag from /opt/airflow/dags/flex_eau_pipeline.py
[2026-08-12T00:35:10.029+0000] {processor.py:925} INFO - DAG(s) 'flex_eau_pipeline' retrieved from /opt/airflow/dags/flex_eau_pipeline.py
[2026-08-12T00:35:10.073+0000] {logging_mixin.py:190} INFO - [2026-08-12T00:35:10.072+0000] {dag.py:3211} INFO - Sync 1 DAGs
[2026-08-12T00:35:10.099+0000] {logging_mixin.py:190} INFO - [2026-08-12T00:35:10.099+0000] {dag.py:4138} INFO - Setting next_dagrun for flex_eau_pipeline to 2026-08-12 00:00:00+00:00, run_after=2026-08-13 00:00:00+00:00
[2026-08-12T00:35:10.125+0000] {processor.py:208} INFO - Processing /opt/airflow/dags/flex_eau_pipeline.py took 0.132 seconds
[2026-08-12T00:35:40.551+0000] {processor.py:186} INFO - Started process (PID=11121) to work on /opt/airflow/dags/flex_eau_pipeline.py
[2026-08-12T00:35:40.553+0000] {processor.py:914} INFO - Processing file /opt/airflow/dags/flex_eau_pipeline.py for tasks to queue
[2026-08-12T00:35:40.555+0000] {logging_mixin.py:190} INFO - [2026-08-12T00:35:40.554+0000] {dagbag.py:587} INFO - Filling up the DagBag from /opt/airflow/dags/flex_eau_pipeline.py
[2026-08-12T00:35:40.588+0000] {processor.py:925} INFO - DAG(s) 'flex_eau_pipeline' retrieved from /opt/airflow/dags/flex_eau_pipeline.py
[2026-08-12T00:35:40.634+0000] {logging_mixin.py:190} INFO - [2026-08-12T00:35:40.633+0000] {dag.py:3211} INFO - Sync 1 DAGs
[2026-08-12T00:35:40.665+0000] {logging_mixin.py:190} INFO - [2026-08-12T00:35:40.664+0000] {dag.py:4138} INFO - Setting next_dagrun for flex_eau_pipeline to 2026-08-12 00:00:00+00:00, run_after=2026-08-13 00:00:00+00:00
[2026-08-12T00:35:40.696+0000] {processor.py:208} INFO - Processing /opt/airflow/dags/flex_eau_pipeline.py took 0.155 seconds
[2026-08-12T00:36:10.853+0000] {processor.py:186} INFO - Started process (PID=11126) to work on /opt/airflow/dags/flex_eau_pipeline.py
[2026-08-12T00:36:10.855+0000] {processor.py:914} INFO - Processing file /opt/airflow/dags/flex_eau_pipeline.py for tasks to queue
[2026-08-12T00:36:10.859+0000] {logging_mixin.py:190} INFO - [2026-08-12T00:36:10.858+0000] {dagbag.py:587} INFO - Filling up the DagBag from /opt/airflow/dags/flex_eau_pipeline.py
[2026-08-12T00:36:10.911+0000] {processor.py:925} INFO - DAG(s) 'flex_eau_pipeline' retrieved from /opt/airflow/dags/flex_eau_pipeline.py
[2026-08-12T00:36:10.962+0000] {logging_mixin.py:190} INFO - [2026-08-12T00:36:10.961+0000] {dag.py:3211} INFO - Sync 1 DAGs
[2026-08-12T00:36:10.992+0000] {logging_mixin.py:190} INFO - [2026-08-12T00:36:10.992+0000] {dag.py:4138} INFO - Setting next_dagrun for flex_eau_pipeline to 2026-08-12 00:00:00+00:00, run_after=2026-08-13 00:00:00+00:00
[2026-08-12T00:36:11.020+0000] {processor.py:208} INFO - Processing /opt/airflow/dags/flex_eau_pipeline.py took 0.179 seconds
[2026-08-12T00:36:41.339+0000] {processor.py:186} INFO - Started process (PID=11131) to work on /opt/airflow/dags/flex_eau_pipeline.py
[2026-08-12T00:36:41.342+0000] {processor.py:914} INFO - Processing file /opt/airflow/dags/flex_eau_pipeline.py for tasks to queue
[2026-08-12T00:36:41.345+0000] {logging_mixin.py:190} INFO - [2026-08-12T00:36:41.345+0000] {dagbag.py:587} INFO - Filling up the DagBag from /opt/airflow/dags/flex_eau_pipeline.py
[2026-08-12T00:36:41.405+0000] {processor.py:925} INFO - DAG(s) 'flex_eau_pipeline' retrieved from /opt/airflow/dags/flex_eau_pipeline.py
[2026-08-12T00:36:41.491+0000] {logging_mixin.py:190} INFO - [2026-08-12T00:36:41.491+0000] {dag.py:3211} INFO - Sync 1 DAGs
[2026-08-12T00:36:41.522+0000] {logging_mixin.py:190} INFO - [2026-08-12T00:36:41.522+0000] {dag.py:4138} INFO - Setting next_dagrun for flex_eau_pipeline to 2026-08-12 00:00:00+00:00, run_after=2026-08-13 00:00:00+00:00
[2026-08-12T00:36:41.551+0000] {processor.py:208} INFO - Processing /opt/airflow/dags/flex_eau_pipeline.py took 0.231 seconds
[2026-08-12T00:37:12.101+0000] {processor.py:186} INFO - Started process (PID=11136) to work on /opt/airflow/dags/flex_eau_pipeline.py
[2026-08-12T00:37:12.105+0000] {processor.py:914} INFO - Processing file /opt/airflow/dags/flex_eau_pipeline.py for tasks to queue
[2026-08-12T00:37:12.109+0000] {logging_mixin.py:190} INFO - [2026-08-12T00:37:12.108+0000] {dagbag.py:587} INFO - Filling up the DagBag from /opt/airflow/dags/flex_eau_pipeline.py
[2026-08-12T00:37:12.153+0000] {processor.py:925} INFO - DAG(s) 'flex_eau_pipeline' retrieved from /opt/airflow/dags/flex_eau_pipeline.py
[2026-08-12T00:37:12.211+0000] {logging_mixin.py:190} INFO - [2026-08-12T00:37:12.211+0000] {dag.py:3211} INFO - Sync 1 DAGs
[2026-08-12T00:37:12.244+0000] {logging_mixin.py:190} INFO - [2026-08-12T00:37:12.243+0000] {dag.py:4138} INFO - Setting next_dagrun for flex_eau_pipeline to 2026-08-12 00:00:00+00:00, run_after=2026-08-13 00:00:00+00:00
[2026-08-12T00:37:12.270+0000] {processor.py:208} INFO - Processing /opt/airflow/dags/flex_eau_pipeline.py took 0.193 seconds
[2026-08-12T00:37:43.001+0000] {processor.py:186} INFO - Started process (PID=11141) to work on /opt/airflow/dags/flex_eau_pipeline.py
[2026-08-12T00:37:43.003+0000] {processor.py:914} INFO - Processing file /opt/airflow/dags/flex_eau_pipeline.py for tasks to queue
[2026-08-12T00:37:43.005+0000] {logging_mixin.py:190} INFO - [2026-08-12T00:37:43.005+0000] {dagbag.py:587} INFO - Filling up the DagBag from /opt/airflow/dags/flex_eau_pipeline.py
[2026-08-12T00:37:43.050+0000] {processor.py:925} INFO - DAG(s) 'flex_eau_pipeline' retrieved from /opt/airflow/dags/flex_eau_pipeline.py
[2026-08-12T00:37:43.103+0000] {logging_mixin.py:190} INFO - [2026-08-12T00:37:43.103+0000] {dag.py:3211} INFO - Sync 1 DAGs
[2026-08-12T00:37:43.135+0000] {logging_mixin.py:190} INFO - [2026-08-12T00:37:43.135+0000] {dag.py:4138} INFO - Setting next_dagrun for flex_eau_pipeline to 2026-08-12 00:00:00+00:00, run_after=2026-08-13 00:00:00+00:00
[2026-08-12T00:37:43.161+0000] {processor.py:208} INFO - Processing /opt/airflow/dags/flex_eau_pipeline.py took 0.175 seconds
[2026-08-12T00:38:13.614+0000] {processor.py:186} INFO - Started process (PID=11146) to work on /opt/airflow/dags/flex_eau_pipeline.py
[2026-08-12T00:38:13.615+0000] {processor.py:914} INFO - Processing file /opt/airflow/dags/flex_eau_pipeline.py for tasks to queue
[2026-08-12T00:38:13.618+0000] {logging_mixin.py:190} INFO - [2026-08-12T00:38:13.617+0000] {dagbag.py:587} INFO - Filling up the DagBag from /opt/airflow/dags/flex_eau_pipeline.py
[2026-08-12T00:38:13.656+0000] {processor.py:925} INFO - DAG(s) 'flex_eau_pipeline' retrieved from /opt/airflow/dags/flex_eau_pipeline.py
[2026-08-12T00:38:13.722+0000] {logging_mixin.py:190} INFO - [2026-08-12T00:38:13.722+0000] {dag.py:3211} INFO - Sync 1 DAGs
[2026-08-12T00:38:13.761+0000] {logging_mixin.py:190} INFO - [2026-08-12T00:38:13.760+0000] {dag.py:4138} INFO - Setting next_dagrun for flex_eau_pipeline to 2026-08-12 00:00:00+00:00, run_after=2026-08-13 00:00:00+00:00
[2026-08-12T00:38:13.797+0000] {processor.py:208} INFO - Processing /opt/airflow/dags/flex_eau_pipeline.py took 0.198 seconds
[2026-08-12T00:38:43.938+0000] {processor.py:186} INFO - Started process (PID=11151) to work on /opt/airflow/dags/flex_eau_pipeline.py
[2026-08-12T00:38:43.941+0000] {processor.py:914} INFO - Processing file /opt/airflow/dags/flex_eau_pipeline.py for tasks to queue
[2026-08-12T00:38:43.944+0000] {logging_mixin.py:190} INFO - [2026-08-12T00:38:43.944+0000] {dagbag.py:587} INFO - Filling up the DagBag from /opt/airflow/dags/flex_eau_pipeline.py
[2026-08-12T00:38:43.997+0000] {processor.py:925} INFO - DAG(s) 'flex_eau_pipeline' retrieved from /opt/airflow/dags/flex_eau_pipeline.py
[2026-08-12T00:38:44.068+0000] {logging_mixin.py:190} INFO - [2026-08-12T00:38:44.067+0000] {dag.py:3211} INFO - Sync 1 DAGs
[2026-08-12T00:38:44.106+0000] {logging_mixin.py:190} INFO - [2026-08-12T00:38:44.105+0000] {dag.py:4138} INFO - Setting next_dagrun for flex_eau_pipeline to 2026-08-12 00:00:00+00:00, run_after=2026-08-13 00:00:00+00:00
[2026-08-12T00:38:44.153+0000] {processor.py:208} INFO - Processing /opt/airflow/dags/flex_eau_pipeline.py took 0.236 seconds
[2026-08-12T00:39:15.170+0000] {processor.py:186} INFO - Started process (PID=11156) to work on /opt/airflow/dags/flex_eau_pipeline.py
[2026-08-12T00:39:15.172+0000] {processor.py:914} INFO - Processing file /opt/airflow/dags/flex_eau_pipeline.py for tasks to queue
[2026-08-12T00:39:15.173+0000] {logging_mixin.py:190} INFO - [2026-08-12T00:39:15.173+0000] {dagbag.py:587} INFO - Filling up the DagBag from /opt/airflow/dags/flex_eau_pipeline.py
[2026-08-12T00:39:15.210+0000] {processor.py:925} INFO - DAG(s) 'flex_eau_pipeline' retrieved from /opt/airflow/dags/flex_eau_pipeline.py
[2026-08-12T00:39:15.260+0000] {logging_mixin.py:190} INFO - [2026-08-12T00:39:15.260+0000] {dag.py:3211} INFO - Sync 1 DAGs
[2026-08-12T00:39:15.294+0000] {logging_mixin.py:190} INFO - [2026-08-12T00:39:15.293+0000] {dag.py:4138} INFO - Setting next_dagrun for flex_eau_pipeline to 2026-08-12 00:00:00+00:00, run_after=2026-08-13 00:00:00+00:00
[2026-08-12T00:39:15.328+0000] {processor.py:208} INFO - Processing /opt/airflow/dags/flex_eau_pipeline.py took 0.165 seconds
[2026-08-12T00:39:45.442+0000] {processor.py:186} INFO - Started process (PID=11161) to work on /opt/airflow/dags/flex_eau_pipeline.py
[2026-08-12T00:39:45.443+0000] {processor.py:914} INFO - Processing file /opt/airflow/dags/flex_eau_pipeline.py for tasks to queue
[2026-08-12T00:39:45.445+0000] {logging_mixin.py:190} INFO - [2026-08-12T00:39:45.445+0000] {dagbag.py:587} INFO - Filling up the DagBag from /opt/airflow/dags/flex_eau_pipeline.py
[2026-08-12T00:39:45.471+0000] {processor.py:925} INFO - DAG(s) 'flex_eau_pipeline' retrieved from /opt/airflow/dags/flex_eau_pipeline.py
[2026-08-12T00:39:45.512+0000] {logging_mixin.py:190} INFO - [2026-08-12T00:39:45.512+0000] {dag.py:3211} INFO - Sync 1 DAGs
[2026-08-12T00:39:45.540+0000] {logging_mixin.py:190} INFO - [2026-08-12T00:39:45.540+0000] {dag.py:4138} INFO - Setting next_dagrun for flex_eau_pipeline to 2026-08-12 00:00:00+00:00, run_after=2026-08-13 00:00:00+00:00
[2026-08-12T00:39:45.565+0000] {processor.py:208} INFO - Processing /opt/airflow/dags/flex_eau_pipeline.py took 0.131 seconds
[2026-08-12T00:40:16.257+0000] {processor.py:186} INFO - Started process (PID=11166) to work on /opt/airflow/dags/flex_eau_pipeline.py
[2026-08-12T00:40:16.259+0000] {processor.py:914} INFO - Processing file /opt/airflow/dags/flex_eau_pipeline.py for tasks to queue
[2026-08-12T00:40:16.261+0000] {logging_mixin.py:190} INFO - [2026-08-12T00:40:16.260+0000] {dagbag.py:587} INFO - Filling up the DagBag from /opt/airflow/dags/flex_eau_pipeline.py
[2026-08-12T00:40:16.301+0000] {processor.py:925} INFO - DAG(s) 'flex_eau_pipeline' retrieved from /opt/airflow/dags/flex_eau_pipeline.py
[2026-08-12T00:40:16.353+0000] {logging_mixin.py:190} INFO - [2026-08-12T00:40:16.353+0000] {dag.py:3211} INFO - Sync 1 DAGs
[2026-08-12T00:40:16.387+0000] {logging_mixin.py:190} INFO - [2026-08-12T00:40:16.387+0000] {dag.py:4138} INFO - Setting next_dagrun for flex_eau_pipeline to 2026-08-12 00:00:00+00:00, run_after=2026-08-13 00:00:00+00:00
[2026-08-12T00:40:16.420+0000] {processor.py:208} INFO - Processing /opt/airflow/dags/flex_eau_pipeline.py took 0.176 seconds
[2026-08-12T00:40:46.649+0000] {processor.py:186} INFO - Started process (PID=11171) to work on /opt/airflow/dags/flex_eau_pipeline.py
[2026-08-12T00:40:46.651+0000] {processor.py:914} INFO - Processing file /opt/airflow/dags/flex_eau_pipeline.py for tasks to queue
[2026-08-12T00:40:46.653+0000] {logging_mixin.py:190} INFO - [2026-08-12T00:40:46.652+0000] {dagbag.py:587} INFO - Filling up the DagBag from /opt/airflow/dags/flex_eau_pipeline.py
[2026-08-12T00:40:46.682+0000] {processor.py:925} INFO - DAG(s) 'flex_eau_pipeline' retrieved from /opt/airflow/dags/flex_eau_pipeline.py
[2026-08-12T00:40:46.729+0000] {logging_mixin.py:190} INFO - [2026-08-12T00:40:46.729+0000] {dag.py:3211} INFO - Sync 1 DAGs
[2026-08-12T00:40:46.767+0000] {logging_mixin.py:190} INFO - [2026-08-12T00:40:46.767+0000] {dag.py:4138} INFO - Setting next_dagrun for flex_eau_pipeline to 2026-08-12 00:00:00+00:00, run_after=2026-08-13 00:00:00+00:00
[2026-08-12T00:40:46.803+0000] {processor.py:208} INFO - Processing /opt/airflow/dags/flex_eau_pipeline.py took 0.167 seconds
[2026-08-12T00:41:17.102+0000] {processor.py:186} INFO - Started process (PID=11176) to work on /opt/airflow/dags/flex_eau_pipeline.py
[2026-08-12T00:41:17.104+0000] {processor.py:914} INFO - Processing file /opt/airflow/dags/flex_eau_pipeline.py for tasks to queue
[2026-08-12T00:41:17.108+0000] {logging_mixin.py:190} INFO - [2026-08-12T00:41:17.107+0000] {dagbag.py:587} INFO - Filling up the DagBag from /opt/airflow/dags/flex_eau_pipeline.py
[2026-08-12T00:41:17.177+0000] {processor.py:925} INFO - DAG(s) 'flex_eau_pipeline' retrieved from /opt/airflow/dags/flex_eau_pipeline.py
[2026-08-12T00:41:17.261+0000] {logging_mixin.py:190} INFO - [2026-08-12T00:41:17.260+0000] {dag.py:3211} INFO - Sync 1 DAGs
[2026-08-12T00:41:17.293+0000] {logging_mixin.py:190} INFO - [2026-08-12T00:41:17.293+0000] {dag.py:4138} INFO - Setting next_dagrun for flex_eau_pipeline to 2026-08-12 00:00:00+00:00, run_after=2026-08-13 00:00:00+00:00
[2026-08-12T00:41:17.321+0000] {processor.py:208} INFO - Processing /opt/airflow/dags/flex_eau_pipeline.py took 0.238 seconds
[2026-08-12T00:41:47.441+0000] {processor.py:186} INFO - Started process (PID=11181) to work on /opt/airflow/dags/flex_eau_pipeline.py
[2026-08-12T00:41:47.443+0000] {processor.py:914} INFO - Processing file /opt/airflow/dags/flex_eau_pipeline.py for tasks to queue
[2026-08-12T00:41:47.445+0000] {logging_mixin.py:190} INFO - [2026-08-12T00:41:47.445+0000] {dagbag.py:587} INFO - Filling up the DagBag from /opt/airflow/dags/flex_eau_pipeline.py
[2026-08-12T00:41:47.482+0000] {processor.py:925} INFO - DAG(s) 'flex_eau_pipeline' retrieved from /opt/airflow/dags/flex_eau_pipeline.py
[2026-08-12T00:41:47.532+0000] {logging_mixin.py:190} INFO - [2026-08-12T00:41:47.532+0000] {dag.py:3211} INFO - Sync 1 DAGs
[2026-08-12T00:41:47.564+0000] {logging_mixin.py:190} INFO - [2026-08-12T00:41:47.564+0000] {dag.py:4138} INFO - Setting next_dagrun for flex_eau_pipeline to 2026-08-12 00:00:00+00:00, run_after=2026-08-13 00:00:00+00:00
[2026-08-12T00:41:47.600+0000] {processor.py:208} INFO - Processing /opt/airflow/dags/flex_eau_pipeline.py took 0.169 seconds
[2026-08-12T00:42:17.893+0000] {processor.py:186} INFO - Started process (PID=11186) to work on /opt/airflow/dags/flex_eau_pipeline.py
[2026-08-12T00:42:17.895+0000] {processor.py:914} INFO - Processing file /opt/airflow/dags/flex_eau_pipeline.py for tasks to queue
[2026-08-12T00:42:17.897+0000] {logging_mixin.py:190} INFO - [2026-08-12T00:42:17.896+0000] {dagbag.py:587} INFO - Filling up the DagBag from /opt/airflow/dags/flex_eau_pipeline.py
[2026-08-12T00:42:17.957+0000] {processor.py:925} INFO - DAG(s) 'flex_eau_pipeline' retrieved from /opt/airflow/dags/flex_eau_pipeline.py
[2026-08-12T00:42:18.011+0000] {logging_mixin.py:190} INFO - [2026-08-12T00:42:18.010+0000] {dag.py:3211} INFO - Sync 1 DAGs
[2026-08-12T00:42:18.039+0000] {logging_mixin.py:190} INFO - [2026-08-12T00:42:18.039+0000] {dag.py:4138} INFO - Setting next_dagrun for flex_eau_pipeline to 2026-08-12 00:00:00+00:00, run_after=2026-08-13 00:00:00+00:00
[2026-08-12T00:42:18.078+0000] {processor.py:208} INFO - Processing /opt/airflow/dags/flex_eau_pipeline.py took 0.195 seconds
[2026-08-12T00:42:48.835+0000] {processor.py:186} INFO - Started process (PID=11191) to work on /opt/airflow/dags/flex_eau_pipeline.py
[2026-08-12T00:42:48.837+0000] {processor.py:914} INFO - Processing file /opt/airflow/dags/flex_eau_pipeline.py for tasks to queue
[2026-08-12T00:42:48.839+0000] {logging_mixin.py:190} INFO - [2026-08-12T00:42:48.839+0000] {dagbag.py:587} INFO - Filling up the DagBag from /opt/airflow/dags/flex_eau_pipeline.py
[2026-08-12T00:42:48.886+0000] {processor.py:925} INFO - DAG(s) 'flex_eau_pipeline' retrieved from /opt/airflow/dags/flex_eau_pipeline.py
[2026-08-12T00:42:48.963+0000] {logging_mixin.py:190} INFO - [2026-08-12T00:42:48.963+0000] {dag.py:3211} INFO - Sync 1 DAGs
[2026-08-12T00:42:48.998+0000] {logging_mixin.py:190} INFO - [2026-08-12T00:42:48.997+0000] {dag.py:4138} INFO - Setting next_dagrun for flex_eau_pipeline to 2026-08-12 00:00:00+00:00, run_after=2026-08-13 00:00:00+00:00
[2026-08-12T00:42:49.036+0000] {processor.py:208} INFO - Processing /opt/airflow/dags/flex_eau_pipeline.py took 0.208 seconds
[2026-08-12T00:43:19.659+0000] {processor.py:186} INFO - Started process (PID=11196) to work on /opt/airflow/dags/flex_eau_pipeline.py
[2026-08-12T00:43:19.661+0000] {processor.py:914} INFO - Processing file /opt/airflow/dags/flex_eau_pipeline.py for tasks to queue
[2026-08-12T00:43:19.666+0000] {logging_mixin.py:190} INFO - [2026-08-12T00:43:19.665+0000] {dagbag.py:587} INFO - Filling up the DagBag from /opt/airflow/dags/flex_eau_pipeline.py
[2026-08-12T00:43:19.728+0000] {processor.py:925} INFO - DAG(s) 'flex_eau_pipeline' retrieved from /opt/airflow/dags/flex_eau_pipeline.py
[2026-08-12T00:43:19.808+0000] {logging_mixin.py:190} INFO - [2026-08-12T00:43:19.808+0000] {dag.py:3211} INFO - Sync 1 DAGs
[2026-08-12T00:43:19.842+0000] {logging_mixin.py:190} INFO - [2026-08-12T00:43:19.842+0000] {dag.py:4138} INFO - Setting next_dagrun for flex_eau_pipeline to 2026-08-12 00:00:00+00:00, run_after=2026-08-13 00:00:00+00:00
[2026-08-12T00:43:19.872+0000] {processor.py:208} INFO - Processing /opt/airflow/dags/flex_eau_pipeline.py took 0.231 seconds
[2026-08-12T00:43:50.010+0000] {processor.py:186} INFO - Started process (PID=11201) to work on /opt/airflow/dags/flex_eau_pipeline.py
[2026-08-12T00:43:50.013+0000] {processor.py:914} INFO - Processing file /opt/airflow/dags/flex_eau_pipeline.py for tasks to queue
[2026-08-12T00:43:50.017+0000] {logging_mixin.py:190} INFO - [2026-08-12T00:43:50.016+0000] {dagbag.py:587} INFO - Filling up the DagBag from /opt/airflow/dags/flex_eau_pipeline.py
[2026-08-12T00:43:50.075+0000] {processor.py:925} INFO - DAG(s) 'flex_eau_pipeline' retrieved from /opt/airflow/dags/flex_eau_pipeline.py
[2026-08-12T00:43:50.165+0000] {logging_mixin.py:190} INFO - [2026-08-12T00:43:50.164+0000] {dag.py:3211} INFO - Sync 1 DAGs
[2026-08-12T00:43:50.219+0000] {logging_mixin.py:190} INFO - [2026-08-12T00:43:50.219+0000] {dag.py:4138} INFO - Setting next_dagrun for flex_eau_pipeline to 2026-08-12 00:00:00+00:00, run_after=2026-08-13 00:00:00+00:00
[2026-08-12T00:43:50.275+0000] {processor.py:208} INFO - Processing /opt/airflow/dags/flex_eau_pipeline.py took 0.286 seconds
[2026-08-12T00:44:20.438+0000] {processor.py:186} INFO - Started process (PID=11206) to work on /opt/airflow/dags/flex_eau_pipeline.py
[2026-08-12T00:44:20.441+0000] {processor.py:914} INFO - Processing file /opt/airflow/dags/flex_eau_pipeline.py for tasks to queue
[2026-08-12T00:44:20.445+0000] {logging_mixin.py:190} INFO - [2026-08-12T00:44:20.444+0000] {dagbag.py:587} INFO - Filling up the DagBag from /opt/airflow/dags/flex_eau_pipeline.py
[2026-08-12T00:44:20.500+0000] {processor.py:925} INFO - DAG(s) 'flex_eau_pipeline' retrieved from /opt/airflow/dags/flex_eau_pipeline.py
[2026-08-12T00:44:20.591+0000] {logging_mixin.py:190} INFO - [2026-08-12T00:44:20.591+0000] {dag.py:3211} INFO - Sync 1 DAGs
[2026-08-12T00:44:20.654+0000] {logging_mixin.py:190} INFO - [2026-08-12T00:44:20.653+0000] {dag.py:4138} INFO - Setting next_dagrun for flex_eau_pipeline to 2026-08-12 00:00:00+00:00, run_after=2026-08-13 00:00:00+00:00
[2026-08-12T00:44:20.708+0000] {processor.py:208} INFO - Processing /opt/airflow/dags/flex_eau_pipeline.py took 0.294 seconds
[2026-08-12T00:44:50.943+0000] {processor.py:186} INFO - Started process (PID=11211) to work on /opt/airflow/dags/flex_eau_pipeline.py
[2026-08-12T00:44:50.946+0000] {processor.py:914} INFO - Processing file /opt/airflow/dags/flex_eau_pipeline.py for tasks to queue
[2026-08-12T00:44:50.949+0000] {logging_mixin.py:190} INFO - [2026-08-12T00:44:50.949+0000] {dagbag.py:587} INFO - Filling up the DagBag from /opt/airflow/dags/flex_eau_pipeline.py
[2026-08-12T00:44:51.003+0000] {processor.py:925} INFO - DAG(s) 'flex_eau_pipeline' retrieved from /opt/airflow/dags/flex_eau_pipeline.py
[2026-08-12T00:44:51.053+0000] {logging_mixin.py:190} INFO - [2026-08-12T00:44:51.053+0000] {dag.py:3211} INFO - Sync 1 DAGs
[2026-08-12T00:44:51.084+0000] {logging_mixin.py:190} INFO - [2026-08-12T00:44:51.083+0000] {dag.py:4138} INFO - Setting next_dagrun for flex_eau_pipeline to 2026-08-12 00:00:00+00:00, run_after=2026-08-13 00:00:00+00:00
[2026-08-12T00:44:51.113+0000] {processor.py:208} INFO - Processing /opt/airflow/dags/flex_eau_pipeline.py took 0.190 seconds
[2026-08-12T00:45:21.217+0000] {processor.py:186} INFO - Started process (PID=11216) to work on /opt/airflow/dags/flex_eau_pipeline.py
[2026-08-12T00:45:21.219+0000] {processor.py:914} INFO - Processing file /opt/airflow/dags/flex_eau_pipeline.py for tasks to queue
[2026-08-12T00:45:21.223+0000] {logging_mixin.py:190} INFO - [2026-08-12T00:45:21.222+0000] {dagbag.py:587} INFO - Filling up the DagBag from /opt/airflow/dags/flex_eau_pipeline.py
[2026-08-12T00:45:21.280+0000] {processor.py:925} INFO - DAG(s) 'flex_eau_pipeline' retrieved from /opt/airflow/dags/flex_eau_pipeline.py
[2026-08-12T00:45:21.328+0000] {logging_mixin.py:190} INFO - [2026-08-12T00:45:21.328+0000] {dag.py:3211} INFO - Sync 1 DAGs
[2026-08-12T00:45:21.356+0000] {logging_mixin.py:190} INFO - [2026-08-12T00:45:21.355+0000] {dag.py:4138} INFO - Setting next_dagrun for flex_eau_pipeline to 2026-08-12 00:00:00+00:00, run_after=2026-08-13 00:00:00+00:00
[2026-08-12T00:45:21.385+0000] {processor.py:208} INFO - Processing /opt/airflow/dags/flex_eau_pipeline.py took 0.185 seconds
[2026-08-12T00:45:51.955+0000] {processor.py:186} INFO - Started process (PID=11221) to work on /opt/airflow/dags/flex_eau_pipeline.py
[2026-08-12T00:45:51.957+0000] {processor.py:914} INFO - Processing file /opt/airflow/dags/flex_eau_pipeline.py for tasks to queue
[2026-08-12T00:45:51.959+0000] {logging_mixin.py:190} INFO - [2026-08-12T00:45:51.959+0000] {dagbag.py:587} INFO - Filling up the DagBag from /opt/airflow/dags/flex_eau_pipeline.py
[2026-08-12T00:45:52.012+0000] {processor.py:925} INFO - DAG(s) 'flex_eau_pipeline' retrieved from /opt/airflow/dags/flex_eau_pipeline.py
[2026-08-12T00:45:52.080+0000] {logging_mixin.py:190} INFO - [2026-08-12T00:45:52.080+0000] {dag.py:3211} INFO - Sync 1 DAGs
[2026-08-12T00:45:52.114+0000] {logging_mixin.py:190} INFO - [2026-08-12T00:45:52.113+0000] {dag.py:4138} INFO - Setting next_dagrun for flex_eau_pipeline to 2026-08-12 00:00:00+00:00, run_after=2026-08-13 00:00:00+00:00
[2026-08-12T00:45:52.152+0000] {processor.py:208} INFO - Processing /opt/airflow/dags/flex_eau_pipeline.py took 0.208 seconds
[2026-08-12T00:46:22.314+0000] {processor.py:186} INFO - Started process (PID=11226) to work on /opt/airflow/dags/flex_eau_pipeline.py
[2026-08-12T00:46:22.315+0000] {processor.py:914} INFO - Processing file /opt/airflow/dags/flex_eau_pipeline.py for tasks to queue
[2026-08-12T00:46:22.318+0000] {logging_mixin.py:190} INFO - [2026-08-12T00:46:22.318+0000] {dagbag.py:587} INFO - Filling up the DagBag from /opt/airflow/dags/flex_eau_pipeline.py
[2026-08-12T00:46:22.358+0000] {processor.py:925} INFO - DAG(s) 'flex_eau_pipeline' retrieved from /opt/airflow/dags/flex_eau_pipeline.py
[2026-08-12T00:46:22.413+0000] {logging_mixin.py:190} INFO - [2026-08-12T00:46:22.413+0000] {dag.py:3211} INFO - Sync 1 DAGs
[2026-08-12T00:46:22.445+0000] {logging_mixin.py:190} INFO - [2026-08-12T00:46:22.445+0000] {dag.py:4138} INFO - Setting next_dagrun for flex_eau_pipeline to 2026-08-12 00:00:00+00:00, run_after=2026-08-13 00:00:00+00:00
[2026-08-12T00:46:22.475+0000] {processor.py:208} INFO - Processing /opt/airflow/dags/flex_eau_pipeline.py took 0.182 seconds
[2026-08-12T00:46:53.189+0000] {processor.py:186} INFO - Started process (PID=11231) to work on /opt/airflow/dags/flex_eau_pipeline.py
[2026-08-12T00:46:53.191+0000] {processor.py:914} INFO - Processing file /opt/airflow/dags/flex_eau_pipeline.py for tasks to queue
[2026-08-12T00:46:53.194+0000] {logging_mixin.py:190} INFO - [2026-08-12T00:46:53.194+0000] {dagbag.py:587} INFO - Filling up the DagBag from /opt/airflow/dags/flex_eau_pipeline.py
[2026-08-12T00:46:53.229+0000] {processor.py:925} INFO - DAG(s) 'flex_eau_pipeline' retrieved from /opt/airflow/dags/flex_eau_pipeline.py
[2026-08-12T00:46:53.279+0000] {logging_mixin.py:190} INFO - [2026-08-12T00:46:53.279+0000] {dag.py:3211} INFO - Sync 1 DAGs
[2026-08-12T00:46:53.321+0000] {logging_mixin.py:190} INFO - [2026-08-12T00:46:53.321+0000] {dag.py:4138} INFO - Setting next_dagrun for flex_eau_pipeline to 2026-08-12 00:00:00+00:00, run_after=2026-08-13 00:00:00+00:00
[2026-08-12T00:46:53.350+0000] {processor.py:208} INFO - Processing /opt/airflow/dags/flex_eau_pipeline.py took 0.191 seconds
[2026-08-12T00:47:23.538+0000] {processor.py:186} INFO - Started process (PID=11236) to work on /opt/airflow/dags/flex_eau_pipeline.py
[2026-08-12T00:47:23.541+0000] {processor.py:914} INFO - Processing file /opt/airflow/dags/flex_eau_pipeline.py for tasks to queue
[2026-08-12T00:47:23.544+0000] {logging_mixin.py:190} INFO - [2026-08-12T00:47:23.544+0000] {dagbag.py:587} INFO - Filling up the DagBag from /opt/airflow/dags/flex_eau_pipeline.py
[2026-08-12T00:47:23.581+0000] {processor.py:925} INFO - DAG(s) 'flex_eau_pipeline' retrieved from /opt/airflow/dags/flex_eau_pipeline.py
[2026-08-12T00:47:23.639+0000] {logging_mixin.py:190} INFO - [2026-08-12T00:47:23.639+0000] {dag.py:3211} INFO - Sync 1 DAGs
[2026-08-12T00:47:23.679+0000] {logging_mixin.py:190} INFO - [2026-08-12T00:47:23.678+0000] {dag.py:4138} INFO - Setting next_dagrun for flex_eau_pipeline to 2026-08-12 00:00:00+00:00, run_after=2026-08-13 00:00:00+00:00
[2026-08-12T00:47:23.715+0000] {processor.py:208} INFO - Processing /opt/airflow/dags/flex_eau_pipeline.py took 0.200 seconds
[2026-08-12T00:47:54.161+0000] {processor.py:186} INFO - Started process (PID=11241) to work on /opt/airflow/dags/flex_eau_pipeline.py
[2026-08-12T00:47:54.163+0000] {processor.py:914} INFO - Processing file /opt/airflow/dags/flex_eau_pipeline.py for tasks to queue
[2026-08-12T00:47:54.164+0000] {logging_mixin.py:190} INFO - [2026-08-12T00:47:54.164+0000] {dagbag.py:587} INFO - Filling up the DagBag from /opt/airflow/dags/flex_eau_pipeline.py
[2026-08-12T00:47:54.194+0000] {processor.py:925} INFO - DAG(s) 'flex_eau_pipeline' retrieved from /opt/airflow/dags/flex_eau_pipeline.py
[2026-08-12T00:47:54.239+0000] {logging_mixin.py:190} INFO - [2026-08-12T00:47:54.239+0000] {dag.py:3211} INFO - Sync 1 DAGs
[2026-08-12T00:47:54.308+0000] {logging_mixin.py:190} INFO - [2026-08-12T00:47:54.307+0000] {dag.py:4138} INFO - Setting next_dagrun for flex_eau_pipeline to 2026-08-12 00:00:00+00:00, run_after=2026-08-13 00:00:00+00:00
[2026-08-12T00:47:54.347+0000] {processor.py:208} INFO - Processing /opt/airflow/dags/flex_eau_pipeline.py took 0.194 seconds
[2026-08-12T00:48:24.556+0000] {processor.py:186} INFO - Started process (PID=11246) to work on /opt/airflow/dags/flex_eau_pipeline.py
[2026-08-12T00:48:24.558+0000] {processor.py:914} INFO - Processing file /opt/airflow/dags/flex_eau_pipeline.py for tasks to queue
[2026-08-12T00:48:24.560+0000] {logging_mixin.py:190} INFO - [2026-08-12T00:48:24.559+0000] {dagbag.py:587} INFO - Filling up the DagBag from /opt/airflow/dags/flex_eau_pipeline.py
[2026-08-12T00:48:24.597+0000] {processor.py:925} INFO - DAG(s) 'flex_eau_pipeline' retrieved from /opt/airflow/dags/flex_eau_pipeline.py
[2026-08-12T00:48:24.656+0000] {logging_mixin.py:190} INFO - [2026-08-12T00:48:24.656+0000] {dag.py:3211} INFO - Sync 1 DAGs
[2026-08-12T00:48:24.694+0000] {logging_mixin.py:190} INFO - [2026-08-12T00:48:24.693+0000] {dag.py:4138} INFO - Setting next_dagrun for flex_eau_pipeline to 2026-08-12 00:00:00+00:00, run_after=2026-08-13 00:00:00+00:00
[2026-08-12T00:48:24.727+0000] {processor.py:208} INFO - Processing /opt/airflow/dags/flex_eau_pipeline.py took 0.185 seconds
[2026-08-12T00:48:54.984+0000] {processor.py:186} INFO - Started process (PID=11251) to work on /opt/airflow/dags/flex_eau_pipeline.py
[2026-08-12T00:48:54.988+0000] {processor.py:914} INFO - Processing file /opt/airflow/dags/flex_eau_pipeline.py for tasks to queue
[2026-08-12T00:48:54.991+0000] {logging_mixin.py:190} INFO - [2026-08-12T00:48:54.991+0000] {dagbag.py:587} INFO - Filling up the DagBag from /opt/airflow/dags/flex_eau_pipeline.py
[2026-08-12T00:48:55.053+0000] {processor.py:925} INFO - DAG(s) 'flex_eau_pipeline' retrieved from /opt/airflow/dags/flex_eau_pipeline.py
[2026-08-12T00:48:55.166+0000] {logging_mixin.py:190} INFO - [2026-08-12T00:48:55.166+0000] {dag.py:3211} INFO - Sync 1 DAGs
[2026-08-12T00:48:55.234+0000] {logging_mixin.py:190} INFO - [2026-08-12T00:48:55.233+0000] {dag.py:4138} INFO - Setting next_dagrun for flex_eau_pipeline to 2026-08-12 00:00:00+00:00, run_after=2026-08-13 00:00:00+00:00
[2026-08-12T00:48:55.290+0000] {processor.py:208} INFO - Processing /opt/airflow/dags/flex_eau_pipeline.py took 0.326 seconds
[2026-08-12T00:49:25.536+0000] {processor.py:186} INFO - Started process (PID=11256) to work on /opt/airflow/dags/flex_eau_pipeline.py
[2026-08-12T00:49:25.538+0000] {processor.py:914} INFO - Processing file /opt/airflow/dags/flex_eau_pipeline.py for tasks to queue
[2026-08-12T00:49:25.542+0000] {logging_mixin.py:190} INFO - [2026-08-12T00:49:25.541+0000] {dagbag.py:587} INFO - Filling up the DagBag from /opt/airflow/dags/flex_eau_pipeline.py
[2026-08-12T00:49:25.600+0000] {processor.py:925} INFO - DAG(s) 'flex_eau_pipeline' retrieved from /opt/airflow/dags/flex_eau_pipeline.py
[2026-08-12T00:49:25.717+0000] {logging_mixin.py:190} INFO - [2026-08-12T00:49:25.716+0000] {dag.py:3211} INFO - Sync 1 DAGs
[2026-08-12T00:49:25.781+0000] {logging_mixin.py:190} INFO - [2026-08-12T00:49:25.781+0000] {dag.py:4138} INFO - Setting next_dagrun for flex_eau_pipeline to 2026-08-12 00:00:00+00:00, run_after=2026-08-13 00:00:00+00:00
[2026-08-12T00:49:25.831+0000] {processor.py:208} INFO - Processing /opt/airflow/dags/flex_eau_pipeline.py took 0.311 seconds
[2026-08-12T00:49:56.508+0000] {processor.py:186} INFO - Started process (PID=11261) to work on /opt/airflow/dags/flex_eau_pipeline.py
[2026-08-12T00:49:56.510+0000] {processor.py:914} INFO - Processing file /opt/airflow/dags/flex_eau_pipeline.py for tasks to queue
[2026-08-12T00:49:56.513+0000] {logging_mixin.py:190} INFO - [2026-08-12T00:49:56.512+0000] {dagbag.py:587} INFO - Filling up the DagBag from /opt/airflow/dags/flex_eau_pipeline.py
[2026-08-12T00:49:56.565+0000] {processor.py:925} INFO - DAG(s) 'flex_eau_pipeline' retrieved from /opt/airflow/dags/flex_eau_pipeline.py
[2026-08-12T00:49:56.666+0000] {logging_mixin.py:190} INFO - [2026-08-12T00:49:56.665+0000] {dag.py:3211} INFO - Sync 1 DAGs
[2026-08-12T00:49:56.720+0000] {logging_mixin.py:190} INFO - [2026-08-12T00:49:56.720+0000] {dag.py:4138} INFO - Setting next_dagrun for flex_eau_pipeline to 2026-08-12 00:00:00+00:00, run_after=2026-08-13 00:00:00+00:00
[2026-08-12T00:49:56.764+0000] {processor.py:208} INFO - Processing /opt/airflow/dags/flex_eau_pipeline.py took 0.268 seconds
[2026-08-12T00:50:27.072+0000] {processor.py:186} INFO - Started process (PID=11266) to work on /opt/airflow/dags/flex_eau_pipeline.py
[2026-08-12T00:50:27.074+0000] {processor.py:914} INFO - Processing file /opt/airflow/dags/flex_eau_pipeline.py for tasks to queue
[2026-08-12T00:50:27.076+0000] {logging_mixin.py:190} INFO - [2026-08-12T00:50:27.076+0000] {dagbag.py:587} INFO - Filling up the DagBag from /opt/airflow/dags/flex_eau_pipeline.py
[2026-08-12T00:50:27.105+0000] {processor.py:925} INFO - DAG(s) 'flex_eau_pipeline' retrieved from /opt/airflow/dags/flex_eau_pipeline.py
[2026-08-12T00:50:27.150+0000] {logging_mixin.py:190} INFO - [2026-08-12T00:50:27.150+0000] {dag.py:3211} INFO - Sync 1 DAGs
[2026-08-12T00:50:27.180+0000] {logging_mixin.py:190} INFO - [2026-08-12T00:50:27.180+0000] {dag.py:4138} INFO - Setting next_dagrun for flex_eau_pipeline to 2026-08-12 00:00:00+00:00, run_after=2026-08-13 00:00:00+00:00
[2026-08-12T00:50:27.211+0000] {processor.py:208} INFO - Processing /opt/airflow/dags/flex_eau_pipeline.py took 0.152 seconds
[2026-08-12T00:50:57.521+0000] {processor.py:186} INFO - Started process (PID=11271) to work on /opt/airflow/dags/flex_eau_pipeline.py
[2026-08-12T00:50:57.523+0000] {processor.py:914} INFO - Processing file /opt/airflow/dags/flex_eau_pipeline.py for tasks to queue
[2026-08-12T00:50:57.525+0000] {logging_mixin.py:190} INFO - [2026-08-12T00:50:57.525+0000] {dagbag.py:587} INFO - Filling up the DagBag from /opt/airflow/dags/flex_eau_pipeline.py
[2026-08-12T00:50:57.581+0000] {processor.py:925} INFO - DAG(s) 'flex_eau_pipeline' retrieved from /opt/airflow/dags/flex_eau_pipeline.py
[2026-08-12T00:50:57.654+0000] {logging_mixin.py:190} INFO - [2026-08-12T00:50:57.654+0000] {dag.py:3211} INFO - Sync 1 DAGs
[2026-08-12T00:50:57.701+0000] {logging_mixin.py:190} INFO - [2026-08-12T00:50:57.701+0000] {dag.py:4138} INFO - Setting next_dagrun for flex_eau_pipeline to 2026-08-12 00:00:00+00:00, run_after=2026-08-13 00:00:00+00:00
[2026-08-12T00:50:57.736+0000] {processor.py:208} INFO - Processing /opt/airflow/dags/flex_eau_pipeline.py took 0.229 seconds
[2026-08-12T00:51:27.887+0000] {processor.py:186} INFO - Started process (PID=11276) to work on /opt/airflow/dags/flex_eau_pipeline.py
[2026-08-12T00:51:27.889+0000] {processor.py:914} INFO - Processing file /opt/airflow/dags/flex_eau_pipeline.py for tasks to queue
[2026-08-12T00:51:27.890+0000] {logging_mixin.py:190} INFO - [2026-08-12T00:51:27.890+0000] {dagbag.py:587} INFO - Filling up the DagBag from /opt/airflow/dags/flex_eau_pipeline.py
[2026-08-12T00:51:27.915+0000] {processor.py:925} INFO - DAG(s) 'flex_eau_pipeline' retrieved from /opt/airflow/dags/flex_eau_pipeline.py
[2026-08-12T00:51:27.958+0000] {logging_mixin.py:190} INFO - [2026-08-12T00:51:27.957+0000] {dag.py:3211} INFO - Sync 1 DAGs
[2026-08-12T00:51:27.985+0000] {logging_mixin.py:190} INFO - [2026-08-12T00:51:27.985+0000] {dag.py:4138} INFO - Setting next_dagrun for flex_eau_pipeline to 2026-08-12 00:00:00+00:00, run_after=2026-08-13 00:00:00+00:00
[2026-08-12T00:51:28.010+0000] {processor.py:208} INFO - Processing /opt/airflow/dags/flex_eau_pipeline.py took 0.132 seconds
[2026-08-12T00:51:58.710+0000] {processor.py:186} INFO - Started process (PID=11281) to work on /opt/airflow/dags/flex_eau_pipeline.py
[2026-08-12T00:51:58.712+0000] {processor.py:914} INFO - Processing file /opt/airflow/dags/flex_eau_pipeline.py for tasks to queue
[2026-08-12T00:51:58.715+0000] {logging_mixin.py:190} INFO - [2026-08-12T00:51:58.714+0000] {dagbag.py:587} INFO - Filling up the DagBag from /opt/airflow/dags/flex_eau_pipeline.py
[2026-08-12T00:51:58.760+0000] {processor.py:925} INFO - DAG(s) 'flex_eau_pipeline' retrieved from /opt/airflow/dags/flex_eau_pipeline.py
[2026-08-12T00:51:58.826+0000] {logging_mixin.py:190} INFO - [2026-08-12T00:51:58.825+0000] {dag.py:3211} INFO - Sync 1 DAGs
[2026-08-12T00:51:58.870+0000] {logging_mixin.py:190} INFO - [2026-08-12T00:51:58.870+0000] {dag.py:4138} INFO - Setting next_dagrun for flex_eau_pipeline to 2026-08-12 00:00:00+00:00, run_after=2026-08-13 00:00:00+00:00
[2026-08-12T00:51:58.919+0000] {processor.py:208} INFO - Processing /opt/airflow/dags/flex_eau_pipeline.py took 0.221 seconds
[2026-08-12T00:52:29.622+0000] {processor.py:186} INFO - Started process (PID=11286) to work on /opt/airflow/dags/flex_eau_pipeline.py
[2026-08-12T00:52:29.624+0000] {processor.py:914} INFO - Processing file /opt/airflow/dags/flex_eau_pipeline.py for tasks to queue
[2026-08-12T00:52:29.626+0000] {logging_mixin.py:190} INFO - [2026-08-12T00:52:29.626+0000] {dagbag.py:587} INFO - Filling up the DagBag from /opt/airflow/dags/flex_eau_pipeline.py
[2026-08-12T00:52:29.680+0000] {processor.py:925} INFO - DAG(s) 'flex_eau_pipeline' retrieved from /opt/airflow/dags/flex_eau_pipeline.py
[2026-08-12T00:52:29.740+0000] {logging_mixin.py:190} INFO - [2026-08-12T00:52:29.740+0000] {dag.py:3211} INFO - Sync 1 DAGs
[2026-08-12T00:52:29.778+0000] {logging_mixin.py:190} INFO - [2026-08-12T00:52:29.778+0000] {dag.py:4138} INFO - Setting next_dagrun for flex_eau_pipeline to 2026-08-12 00:00:00+00:00, run_after=2026-08-13 00:00:00+00:00
[2026-08-12T00:52:29.823+0000] {processor.py:208} INFO - Processing /opt/airflow/dags/flex_eau_pipeline.py took 0.211 seconds
[2026-08-12T00:53:00.816+0000] {processor.py:186} INFO - Started process (PID=11291) to work on /opt/airflow/dags/flex_eau_pipeline.py
[2026-08-12T00:53:00.818+0000] {processor.py:914} INFO - Processing file /opt/airflow/dags/flex_eau_pipeline.py for tasks to queue
[2026-08-12T00:53:00.820+0000] {logging_mixin.py:190} INFO - [2026-08-12T00:53:00.819+0000] {dagbag.py:587} INFO - Filling up the DagBag from /opt/airflow/dags/flex_eau_pipeline.py
[2026-08-12T00:53:00.871+0000] {processor.py:925} INFO - DAG(s) 'flex_eau_pipeline' retrieved from /opt/airflow/dags/flex_eau_pipeline.py
[2026-08-12T00:53:00.932+0000] {logging_mixin.py:190} INFO - [2026-08-12T00:53:00.931+0000] {dag.py:3211} INFO - Sync 1 DAGs
[2026-08-12T00:53:00.964+0000] {logging_mixin.py:190} INFO - [2026-08-12T00:53:00.964+0000] {dag.py:4138} INFO - Setting next_dagrun for flex_eau_pipeline to 2026-08-12 00:00:00+00:00, run_after=2026-08-13 00:00:00+00:00
[2026-08-12T00:53:00.995+0000] {processor.py:208} INFO - Processing /opt/airflow/dags/flex_eau_pipeline.py took 0.189 seconds
[2026-08-12T00:53:31.937+0000] {processor.py:186} INFO - Started process (PID=11296) to work on /opt/airflow/dags/flex_eau_pipeline.py
[2026-08-12T00:53:31.941+0000] {processor.py:914} INFO - Processing file /opt/airflow/dags/flex_eau_pipeline.py for tasks to queue
[2026-08-12T00:53:31.944+0000] {logging_mixin.py:190} INFO - [2026-08-12T00:53:31.943+0000] {dagbag.py:587} INFO - Filling up the DagBag from /opt/airflow/dags/flex_eau_pipeline.py
[2026-08-12T00:53:31.984+0000] {processor.py:925} INFO - DAG(s) 'flex_eau_pipeline' retrieved from /opt/airflow/dags/flex_eau_pipeline.py
[2026-08-12T00:53:32.037+0000] {logging_mixin.py:190} INFO - [2026-08-12T00:53:32.036+0000] {dag.py:3211} INFO - Sync 1 DAGs
[2026-08-12T00:53:32.074+0000] {logging_mixin.py:190} INFO - [2026-08-12T00:53:32.074+0000] {dag.py:4138} INFO - Setting next_dagrun for flex_eau_pipeline to 2026-08-12 00:00:00+00:00, run_after=2026-08-13 00:00:00+00:00
[2026-08-12T00:53:32.118+0000] {processor.py:208} INFO - Processing /opt/airflow/dags/flex_eau_pipeline.py took 0.192 seconds
[2026-08-12T00:54:02.508+0000] {processor.py:186} INFO - Started process (PID=11301) to work on /opt/airflow/dags/flex_eau_pipeline.py
[2026-08-12T00:54:02.510+0000] {processor.py:914} INFO - Processing file /opt/airflow/dags/flex_eau_pipeline.py for tasks to queue
[2026-08-12T00:54:02.512+0000] {logging_mixin.py:190} INFO - [2026-08-12T00:54:02.511+0000] {dagbag.py:587} INFO - Filling up the DagBag from /opt/airflow/dags/flex_eau_pipeline.py
[2026-08-12T00:54:02.542+0000] {processor.py:925} INFO - DAG(s) 'flex_eau_pipeline' retrieved from /opt/airflow/dags/flex_eau_pipeline.py
[2026-08-12T00:54:02.593+0000] {logging_mixin.py:190} INFO - [2026-08-12T00:54:02.593+0000] {dag.py:3211} INFO - Sync 1 DAGs
[2026-08-12T00:54:02.637+0000] {logging_mixin.py:190} INFO - [2026-08-12T00:54:02.637+0000] {dag.py:4138} INFO - Setting next_dagrun for flex_eau_pipeline to 2026-08-12 00:00:00+00:00, run_after=2026-08-13 00:00:00+00:00
[2026-08-12T00:54:02.681+0000] {processor.py:208} INFO - Processing /opt/airflow/dags/flex_eau_pipeline.py took 0.184 seconds
[2026-08-12T00:54:32.824+0000] {processor.py:186} INFO - Started process (PID=11306) to work on /opt/airflow/dags/flex_eau_pipeline.py
[2026-08-12T00:54:32.827+0000] {processor.py:914} INFO - Processing file /opt/airflow/dags/flex_eau_pipeline.py for tasks to queue
[2026-08-12T00:54:32.830+0000] {logging_mixin.py:190} INFO - [2026-08-12T00:54:32.829+0000] {dagbag.py:587} INFO - Filling up the DagBag from /opt/airflow/dags/flex_eau_pipeline.py
[2026-08-12T00:54:32.869+0000] {processor.py:925} INFO - DAG(s) 'flex_eau_pipeline' retrieved from /opt/airflow/dags/flex_eau_pipeline.py
[2026-08-12T00:54:32.927+0000] {logging_mixin.py:190} INFO - [2026-08-12T00:54:32.926+0000] {dag.py:3211} INFO - Sync 1 DAGs
[2026-08-12T00:54:32.959+0000] {logging_mixin.py:190} INFO - [2026-08-12T00:54:32.959+0000] {dag.py:4138} INFO - Setting next_dagrun for flex_eau_pipeline to 2026-08-12 00:00:00+00:00, run_after=2026-08-13 00:00:00+00:00
[2026-08-12T00:54:32.986+0000] {processor.py:208} INFO - Processing /opt/airflow/dags/flex_eau_pipeline.py took 0.176 seconds
[2026-08-12T00:55:03.523+0000] {processor.py:186} INFO - Started process (PID=11311) to work on /opt/airflow/dags/flex_eau_pipeline.py
[2026-08-12T00:55:03.526+0000] {processor.py:914} INFO - Processing file /opt/airflow/dags/flex_eau_pipeline.py for tasks to queue
[2026-08-12T00:55:03.529+0000] {logging_mixin.py:190} INFO - [2026-08-12T00:55:03.528+0000] {dagbag.py:587} INFO - Filling up the DagBag from /opt/airflow/dags/flex_eau_pipeline.py
[2026-08-12T00:55:03.592+0000] {processor.py:925} INFO - DAG(s) 'flex_eau_pipeline' retrieved from /opt/airflow/dags/flex_eau_pipeline.py
[2026-08-12T00:55:03.701+0000] {logging_mixin.py:190} INFO - [2026-08-12T00:55:03.701+0000] {dag.py:3211} INFO - Sync 1 DAGs
[2026-08-12T00:55:03.756+0000] {logging_mixin.py:190} INFO - [2026-08-12T00:55:03.755+0000] {dag.py:4138} INFO - Setting next_dagrun for flex_eau_pipeline to 2026-08-12 00:00:00+00:00, run_after=2026-08-13 00:00:00+00:00
[2026-08-12T00:55:03.788+0000] {processor.py:208} INFO - Processing /opt/airflow/dags/flex_eau_pipeline.py took 0.284 seconds
[2026-08-12T00:55:34.262+0000] {processor.py:186} INFO - Started process (PID=11316) to work on /opt/airflow/dags/flex_eau_pipeline.py
[2026-08-12T00:55:34.265+0000] {processor.py:914} INFO - Processing file /opt/airflow/dags/flex_eau_pipeline.py for tasks to queue
[2026-08-12T00:55:34.269+0000] {logging_mixin.py:190} INFO - [2026-08-12T00:55:34.268+0000] {dagbag.py:587} INFO - Filling up the DagBag from /opt/airflow/dags/flex_eau_pipeline.py
[2026-08-12T00:55:34.321+0000] {processor.py:925} INFO - DAG(s) 'flex_eau_pipeline' retrieved from /opt/airflow/dags/flex_eau_pipeline.py
[2026-08-12T00:55:34.372+0000] {logging_mixin.py:190} INFO - [2026-08-12T00:55:34.371+0000] {dag.py:3211} INFO - Sync 1 DAGs
[2026-08-12T00:55:34.403+0000] {logging_mixin.py:190} INFO - [2026-08-12T00:55:34.403+0000] {dag.py:4138} INFO - Setting next_dagrun for flex_eau_pipeline to 2026-08-12 00:00:00+00:00, run_after=2026-08-13 00:00:00+00:00
[2026-08-12T00:55:34.445+0000] {processor.py:208} INFO - Processing /opt/airflow/dags/flex_eau_pipeline.py took 0.204 seconds
[2026-08-12T00:56:05.449+0000] {processor.py:186} INFO - Started process (PID=11321) to work on /opt/airflow/dags/flex_eau_pipeline.py
[2026-08-12T00:56:05.450+0000] {processor.py:914} INFO - Processing file /opt/airflow/dags/flex_eau_pipeline.py for tasks to queue
[2026-08-12T00:56:05.452+0000] {logging_mixin.py:190} INFO - [2026-08-12T00:56:05.452+0000] {dagbag.py:587} INFO - Filling up the DagBag from /opt/airflow/dags/flex_eau_pipeline.py
[2026-08-12T00:56:05.482+0000] {processor.py:925} INFO - DAG(s) 'flex_eau_pipeline' retrieved from /opt/airflow/dags/flex_eau_pipeline.py
[2026-08-12T00:56:05.530+0000] {logging_mixin.py:190} INFO - [2026-08-12T00:56:05.530+0000] {dag.py:3211} INFO - Sync 1 DAGs
[2026-08-12T00:56:05.561+0000] {logging_mixin.py:190} INFO - [2026-08-12T00:56:05.561+0000] {dag.py:4138} INFO - Setting next_dagrun for flex_eau_pipeline to 2026-08-12 00:00:00+00:00, run_after=2026-08-13 00:00:00+00:00
[2026-08-12T00:56:05.605+0000] {processor.py:208} INFO - Processing /opt/airflow/dags/flex_eau_pipeline.py took 0.166 seconds
[2026-08-12T00:56:36.170+0000] {processor.py:186} INFO - Started process (PID=11326) to work on /opt/airflow/dags/flex_eau_pipeline.py
[2026-08-12T00:56:36.172+0000] {processor.py:914} INFO - Processing file /opt/airflow/dags/flex_eau_pipeline.py for tasks to queue
[2026-08-12T00:56:36.176+0000] {logging_mixin.py:190} INFO - [2026-08-12T00:56:36.175+0000] {dagbag.py:587} INFO - Filling up the DagBag from /opt/airflow/dags/flex_eau_pipeline.py
[2026-08-12T00:56:36.231+0000] {processor.py:925} INFO - DAG(s) 'flex_eau_pipeline' retrieved from /opt/airflow/dags/flex_eau_pipeline.py
[2026-08-12T00:56:36.284+0000] {logging_mixin.py:190} INFO - [2026-08-12T00:56:36.284+0000] {dag.py:3211} INFO - Sync 1 DAGs
[2026-08-12T00:56:36.318+0000] {logging_mixin.py:190} INFO - [2026-08-12T00:56:36.317+0000] {dag.py:4138} INFO - Setting next_dagrun for flex_eau_pipeline to 2026-08-12 00:00:00+00:00, run_after=2026-08-13 00:00:00+00:00
[2026-08-12T00:56:36.348+0000] {processor.py:208} INFO - Processing /opt/airflow/dags/flex_eau_pipeline.py took 0.199 seconds
[2026-08-12T00:57:06.551+0000] {processor.py:186} INFO - Started process (PID=11331) to work on /opt/airflow/dags/flex_eau_pipeline.py
[2026-08-12T00:57:06.555+0000] {processor.py:914} INFO - Processing file /opt/airflow/dags/flex_eau_pipeline.py for tasks to queue
[2026-08-12T00:57:06.560+0000] {logging_mixin.py:190} INFO - [2026-08-12T00:57:06.559+0000] {dagbag.py:587} INFO - Filling up the DagBag from /opt/airflow/dags/flex_eau_pipeline.py
[2026-08-12T00:57:06.633+0000] {processor.py:925} INFO - DAG(s) 'flex_eau_pipeline' retrieved from /opt/airflow/dags/flex_eau_pipeline.py
[2026-08-12T00:57:06.728+0000] {logging_mixin.py:190} INFO - [2026-08-12T00:57:06.728+0000] {dag.py:3211} INFO - Sync 1 DAGs
[2026-08-12T00:57:06.782+0000] {logging_mixin.py:190} INFO - [2026-08-12T00:57:06.782+0000] {dag.py:4138} INFO - Setting next_dagrun for flex_eau_pipeline to 2026-08-12 00:00:00+00:00, run_after=2026-08-13 00:00:00+00:00
[2026-08-12T00:57:06.817+0000] {processor.py:208} INFO - Processing /opt/airflow/dags/flex_eau_pipeline.py took 0.294 seconds
[2026-08-12T00:57:37.200+0000] {processor.py:186} INFO - Started process (PID=11336) to work on /opt/airflow/dags/flex_eau_pipeline.py
[2026-08-12T00:57:37.204+0000] {processor.py:914} INFO - Processing file /opt/airflow/dags/flex_eau_pipeline.py for tasks to queue
[2026-08-12T00:57:37.208+0000] {logging_mixin.py:190} INFO - [2026-08-12T00:57:37.207+0000] {dagbag.py:587} INFO - Filling up the DagBag from /opt/airflow/dags/flex_eau_pipeline.py
[2026-08-12T00:57:37.276+0000] {processor.py:925} INFO - DAG(s) 'flex_eau_pipeline' retrieved from /opt/airflow/dags/flex_eau_pipeline.py
[2026-08-12T00:57:37.378+0000] {logging_mixin.py:190} INFO - [2026-08-12T00:57:37.378+0000] {dag.py:3211} INFO - Sync 1 DAGs
[2026-08-12T00:57:37.435+0000] {logging_mixin.py:190} INFO - [2026-08-12T00:57:37.435+0000] {dag.py:4138} INFO - Setting next_dagrun for flex_eau_pipeline to 2026-08-12 00:00:00+00:00, run_after=2026-08-13 00:00:00+00:00
[2026-08-12T00:57:37.484+0000] {processor.py:208} INFO - Processing /opt/airflow/dags/flex_eau_pipeline.py took 0.314 seconds
[2026-08-12T00:58:08.094+0000] {processor.py:186} INFO - Started process (PID=11341) to work on /opt/airflow/dags/flex_eau_pipeline.py
[2026-08-12T00:58:08.096+0000] {processor.py:914} INFO - Processing file /opt/airflow/dags/flex_eau_pipeline.py for tasks to queue
[2026-08-12T00:58:08.099+0000] {logging_mixin.py:190} INFO - [2026-08-12T00:58:08.098+0000] {dagbag.py:587} INFO - Filling up the DagBag from /opt/airflow/dags/flex_eau_pipeline.py
[2026-08-12T00:58:08.144+0000] {processor.py:925} INFO - DAG(s) 'flex_eau_pipeline' retrieved from /opt/airflow/dags/flex_eau_pipeline.py
[2026-08-12T00:58:08.196+0000] {logging_mixin.py:190} INFO - [2026-08-12T00:58:08.196+0000] {dag.py:3211} INFO - Sync 1 DAGs
[2026-08-12T00:58:08.227+0000] {logging_mixin.py:190} INFO - [2026-08-12T00:58:08.227+0000] {dag.py:4138} INFO - Setting next_dagrun for flex_eau_pipeline to 2026-08-12 00:00:00+00:00, run_after=2026-08-13 00:00:00+00:00
[2026-08-12T00:58:08.257+0000] {processor.py:208} INFO - Processing /opt/airflow/dags/flex_eau_pipeline.py took 0.172 seconds
[2026-08-12T00:58:38.694+0000] {processor.py:186} INFO - Started process (PID=11346) to work on /opt/airflow/dags/flex_eau_pipeline.py
[2026-08-12T00:58:38.696+0000] {processor.py:914} INFO - Processing file /opt/airflow/dags/flex_eau_pipeline.py for tasks to queue
[2026-08-12T00:58:38.698+0000] {logging_mixin.py:190} INFO - [2026-08-12T00:58:38.698+0000] {dagbag.py:587} INFO - Filling up the DagBag from /opt/airflow/dags/flex_eau_pipeline.py
[2026-08-12T00:58:38.727+0000] {processor.py:925} INFO - DAG(s) 'flex_eau_pipeline' retrieved from /opt/airflow/dags/flex_eau_pipeline.py
[2026-08-12T00:58:38.773+0000] {logging_mixin.py:190} INFO - [2026-08-12T00:58:38.772+0000] {dag.py:3211} INFO - Sync 1 DAGs
[2026-08-12T00:58:38.808+0000] {logging_mixin.py:190} INFO - [2026-08-12T00:58:38.808+0000] {dag.py:4138} INFO - Setting next_dagrun for flex_eau_pipeline to 2026-08-12 00:00:00+00:00, run_after=2026-08-13 00:00:00+00:00
[2026-08-12T00:58:38.842+0000] {processor.py:208} INFO - Processing /opt/airflow/dags/flex_eau_pipeline.py took 0.159 seconds
[2026-08-12T00:59:09.013+0000] {processor.py:186} INFO - Started process (PID=11351) to work on /opt/airflow/dags/flex_eau_pipeline.py
[2026-08-12T00:59:09.014+0000] {processor.py:914} INFO - Processing file /opt/airflow/dags/flex_eau_pipeline.py for tasks to queue
[2026-08-12T00:59:09.016+0000] {logging_mixin.py:190} INFO - [2026-08-12T00:59:09.015+0000] {dagbag.py:587} INFO - Filling up the DagBag from /opt/airflow/dags/flex_eau_pipeline.py
[2026-08-12T00:59:09.052+0000] {processor.py:925} INFO - DAG(s) 'flex_eau_pipeline' retrieved from /opt/airflow/dags/flex_eau_pipeline.py
[2026-08-12T00:59:09.114+0000] {logging_mixin.py:190} INFO - [2026-08-12T00:59:09.113+0000] {dag.py:3211} INFO - Sync 1 DAGs
[2026-08-12T00:59:09.146+0000] {logging_mixin.py:190} INFO - [2026-08-12T00:59:09.146+0000] {dag.py:4138} INFO - Setting next_dagrun for flex_eau_pipeline to 2026-08-12 00:00:00+00:00, run_after=2026-08-13 00:00:00+00:00
[2026-08-12T00:59:09.175+0000] {processor.py:208} INFO - Processing /opt/airflow/dags/flex_eau_pipeline.py took 0.172 seconds
[2026-08-12T00:59:39.754+0000] {processor.py:186} INFO - Started process (PID=11356) to work on /opt/airflow/dags/flex_eau_pipeline.py
[2026-08-12T00:59:39.756+0000] {processor.py:914} INFO - Processing file /opt/airflow/dags/flex_eau_pipeline.py for tasks to queue
[2026-08-12T00:59:39.757+0000] {logging_mixin.py:190} INFO - [2026-08-12T00:59:39.757+0000] {dagbag.py:587} INFO - Filling up the DagBag from /opt/airflow/dags/flex_eau_pipeline.py
[2026-08-12T00:59:39.801+0000] {processor.py:925} INFO - DAG(s) 'flex_eau_pipeline' retrieved from /opt/airflow/dags/flex_eau_pipeline.py
[2026-08-12T00:59:39.878+0000] {logging_mixin.py:190} INFO - [2026-08-12T00:59:39.878+0000] {dag.py:3211} INFO - Sync 1 DAGs
[2026-08-12T00:59:39.907+0000] {logging_mixin.py:190} INFO - [2026-08-12T00:59:39.906+0000] {dag.py:4138} INFO - Setting next_dagrun for flex_eau_pipeline to 2026-08-12 00:00:00+00:00, run_after=2026-08-13 00:00:00+00:00
[2026-08-12T00:59:39.936+0000] {processor.py:208} INFO - Processing /opt/airflow/dags/flex_eau_pipeline.py took 0.191 seconds
[2026-08-12T01:00:10.294+0000] {processor.py:186} INFO - Started process (PID=11361) to work on /opt/airflow/dags/flex_eau_pipeline.py
[2026-08-12T01:00:10.296+0000] {processor.py:914} INFO - Processing file /opt/airflow/dags/flex_eau_pipeline.py for tasks to queue
[2026-08-12T01:00:10.297+0000] {logging_mixin.py:190} INFO - [2026-08-12T01:00:10.297+0000] {dagbag.py:587} INFO - Filling up the DagBag from /opt/airflow/dags/flex_eau_pipeline.py
[2026-08-12T01:00:10.324+0000] {processor.py:925} INFO - DAG(s) 'flex_eau_pipeline' retrieved from /opt/airflow/dags/flex_eau_pipeline.py
[2026-08-12T01:00:10.389+0000] {logging_mixin.py:190} INFO - [2026-08-12T01:00:10.388+0000] {dag.py:3211} INFO - Sync 1 DAGs
[2026-08-12T01:00:10.417+0000] {logging_mixin.py:190} INFO - [2026-08-12T01:00:10.417+0000] {dag.py:4138} INFO - Setting next_dagrun for flex_eau_pipeline to 2026-08-12 00:00:00+00:00, run_after=2026-08-13 00:00:00+00:00
[2026-08-12T01:00:10.441+0000] {processor.py:208} INFO - Processing /opt/airflow/dags/flex_eau_pipeline.py took 0.158 seconds
[2026-08-12T01:00:40.653+0000] {processor.py:186} INFO - Started process (PID=11366) to work on /opt/airflow/dags/flex_eau_pipeline.py
[2026-08-12T01:00:40.654+0000] {processor.py:914} INFO - Processing file /opt/airflow/dags/flex_eau_pipeline.py for tasks to queue
[2026-08-12T01:00:40.656+0000] {logging_mixin.py:190} INFO - [2026-08-12T01:00:40.656+0000] {dagbag.py:587} INFO - Filling up the DagBag from /opt/airflow/dags/flex_eau_pipeline.py
[2026-08-12T01:00:40.682+0000] {processor.py:925} INFO - DAG(s) 'flex_eau_pipeline' retrieved from /opt/airflow/dags/flex_eau_pipeline.py
[2026-08-12T01:00:40.731+0000] {logging_mixin.py:190} INFO - [2026-08-12T01:00:40.730+0000] {dag.py:3211} INFO - Sync 1 DAGs
[2026-08-12T01:00:40.762+0000] {logging_mixin.py:190} INFO - [2026-08-12T01:00:40.762+0000] {dag.py:4138} INFO - Setting next_dagrun for flex_eau_pipeline to 2026-08-12 00:00:00+00:00, run_after=2026-08-13 00:00:00+00:00
[2026-08-12T01:00:40.802+0000] {processor.py:208} INFO - Processing /opt/airflow/dags/flex_eau_pipeline.py took 0.158 seconds
[2026-08-12T01:01:11.138+0000] {processor.py:186} INFO - Started process (PID=11371) to work on /opt/airflow/dags/flex_eau_pipeline.py
[2026-08-12T01:01:11.141+0000] {processor.py:914} INFO - Processing file /opt/airflow/dags/flex_eau_pipeline.py for tasks to queue
[2026-08-12T01:01:11.145+0000] {logging_mixin.py:190} INFO - [2026-08-12T01:01:11.144+0000] {dagbag.py:587} INFO - Filling up the DagBag from /opt/airflow/dags/flex_eau_pipeline.py
[2026-08-12T01:01:11.193+0000] {processor.py:925} INFO - DAG(s) 'flex_eau_pipeline' retrieved from /opt/airflow/dags/flex_eau_pipeline.py
[2026-08-12T01:01:11.292+0000] {logging_mixin.py:190} INFO - [2026-08-12T01:01:11.292+0000] {dag.py:3211} INFO - Sync 1 DAGs
[2026-08-12T01:01:11.376+0000] {logging_mixin.py:190} INFO - [2026-08-12T01:01:11.375+0000] {dag.py:4138} INFO - Setting next_dagrun for flex_eau_pipeline to 2026-08-12 00:00:00+00:00, run_after=2026-08-13 00:00:00+00:00
[2026-08-12T01:01:11.430+0000] {processor.py:208} INFO - Processing /opt/airflow/dags/flex_eau_pipeline.py took 0.305 seconds
[2026-08-12T01:01:41.608+0000] {processor.py:186} INFO - Started process (PID=11376) to work on /opt/airflow/dags/flex_eau_pipeline.py
[2026-08-12T01:01:41.609+0000] {processor.py:914} INFO - Processing file /opt/airflow/dags/flex_eau_pipeline.py for tasks to queue
[2026-08-12T01:01:41.611+0000] {logging_mixin.py:190} INFO - [2026-08-12T01:01:41.611+0000] {dagbag.py:587} INFO - Filling up the DagBag from /opt/airflow/dags/flex_eau_pipeline.py
[2026-08-12T01:01:41.637+0000] {processor.py:925} INFO - DAG(s) 'flex_eau_pipeline' retrieved from /opt/airflow/dags/flex_eau_pipeline.py
[2026-08-12T01:01:41.683+0000] {logging_mixin.py:190} INFO - [2026-08-12T01:01:41.683+0000] {dag.py:3211} INFO - Sync 1 DAGs
[2026-08-12T01:01:41.713+0000] {logging_mixin.py:190} INFO - [2026-08-12T01:01:41.712+0000] {dag.py:4138} INFO - Setting next_dagrun for flex_eau_pipeline to 2026-08-12 00:00:00+00:00, run_after=2026-08-13 00:00:00+00:00
[2026-08-12T01:01:41.740+0000] {processor.py:208} INFO - Processing /opt/airflow/dags/flex_eau_pipeline.py took 0.143 seconds
[2026-08-12T01:02:12.312+0000] {processor.py:186} INFO - Started process (PID=11381) to work on /opt/airflow/dags/flex_eau_pipeline.py
[2026-08-12T01:02:12.314+0000] {processor.py:914} INFO - Processing file /opt/airflow/dags/flex_eau_pipeline.py for tasks to queue
[2026-08-12T01:02:12.318+0000] {logging_mixin.py:190} INFO - [2026-08-12T01:02:12.317+0000] {dagbag.py:587} INFO - Filling up the DagBag from /opt/airflow/dags/flex_eau_pipeline.py
[2026-08-12T01:02:12.363+0000] {processor.py:925} INFO - DAG(s) 'flex_eau_pipeline' retrieved from /opt/airflow/dags/flex_eau_pipeline.py
[2026-08-12T01:02:12.412+0000] {logging_mixin.py:190} INFO - [2026-08-12T01:02:12.412+0000] {dag.py:3211} INFO - Sync 1 DAGs
[2026-08-12T01:02:12.450+0000] {logging_mixin.py:190} INFO - [2026-08-12T01:02:12.449+0000] {dag.py:4138} INFO - Setting next_dagrun for flex_eau_pipeline to 2026-08-12 00:00:00+00:00, run_after=2026-08-13 00:00:00+00:00
[2026-08-12T01:02:12.480+0000] {processor.py:208} INFO - Processing /opt/airflow/dags/flex_eau_pipeline.py took 0.180 seconds
[2026-08-12T01:02:43.011+0000] {processor.py:186} INFO - Started process (PID=11386) to work on /opt/airflow/dags/flex_eau_pipeline.py
[2026-08-12T01:02:43.013+0000] {processor.py:914} INFO - Processing file /opt/airflow/dags/flex_eau_pipeline.py for tasks to queue
[2026-08-12T01:02:43.015+0000] {logging_mixin.py:190} INFO - [2026-08-12T01:02:43.015+0000] {dagbag.py:587} INFO - Filling up the DagBag from /opt/airflow/dags/flex_eau_pipeline.py
[2026-08-12T01:02:43.043+0000] {processor.py:925} INFO - DAG(s) 'flex_eau_pipeline' retrieved from /opt/airflow/dags/flex_eau_pipeline.py
[2026-08-12T01:02:43.090+0000] {logging_mixin.py:190} INFO - [2026-08-12T01:02:43.090+0000] {dag.py:3211} INFO - Sync 1 DAGs
[2026-08-12T01:02:43.119+0000] {logging_mixin.py:190} INFO - [2026-08-12T01:02:43.119+0000] {dag.py:4138} INFO - Setting next_dagrun for flex_eau_pipeline to 2026-08-12 00:00:00+00:00, run_after=2026-08-13 00:00:00+00:00
[2026-08-12T01:02:43.146+0000] {processor.py:208} INFO - Processing /opt/airflow/dags/flex_eau_pipeline.py took 0.146 seconds
[2026-08-12T01:03:13.920+0000] {processor.py:186} INFO - Started process (PID=11391) to work on /opt/airflow/dags/flex_eau_pipeline.py
[2026-08-12T01:03:13.923+0000] {processor.py:914} INFO - Processing file /opt/airflow/dags/flex_eau_pipeline.py for tasks to queue
[2026-08-12T01:03:13.926+0000] {logging_mixin.py:190} INFO - [2026-08-12T01:03:13.925+0000] {dagbag.py:587} INFO - Filling up the DagBag from /opt/airflow/dags/flex_eau_pipeline.py
[2026-08-12T01:03:13.979+0000] {processor.py:925} INFO - DAG(s) 'flex_eau_pipeline' retrieved from /opt/airflow/dags/flex_eau_pipeline.py
[2026-08-12T01:03:14.065+0000] {logging_mixin.py:190} INFO - [2026-08-12T01:03:14.065+0000] {dag.py:3211} INFO - Sync 1 DAGs
[2026-08-12T01:03:14.103+0000] {logging_mixin.py:190} INFO - [2026-08-12T01:03:14.103+0000] {dag.py:4138} INFO - Setting next_dagrun for flex_eau_pipeline to 2026-08-12 00:00:00+00:00, run_after=2026-08-13 00:00:00+00:00
[2026-08-12T01:03:14.154+0000] {processor.py:208} INFO - Processing /opt/airflow/dags/flex_eau_pipeline.py took 0.251 seconds
[2026-08-12T01:03:44.921+0000] {processor.py:186} INFO - Started process (PID=11396) to work on /opt/airflow/dags/flex_eau_pipeline.py
[2026-08-12T01:03:44.923+0000] {processor.py:914} INFO - Processing file /opt/airflow/dags/flex_eau_pipeline.py for tasks to queue
[2026-08-12T01:03:44.925+0000] {logging_mixin.py:190} INFO - [2026-08-12T01:03:44.925+0000] {dagbag.py:587} INFO - Filling up the DagBag from /opt/airflow/dags/flex_eau_pipeline.py
[2026-08-12T01:03:44.966+0000] {processor.py:925} INFO - DAG(s) 'flex_eau_pipeline' retrieved from /opt/airflow/dags/flex_eau_pipeline.py
[2026-08-12T01:03:45.016+0000] {logging_mixin.py:190} INFO - [2026-08-12T01:03:45.015+0000] {dag.py:3211} INFO - Sync 1 DAGs
[2026-08-12T01:03:45.045+0000] {logging_mixin.py:190} INFO - [2026-08-12T01:03:45.045+0000] {dag.py:4138} INFO - Setting next_dagrun for flex_eau_pipeline to 2026-08-12 00:00:00+00:00, run_after=2026-08-13 00:00:00+00:00
[2026-08-12T01:03:45.097+0000] {processor.py:208} INFO - Processing /opt/airflow/dags/flex_eau_pipeline.py took 0.188 seconds
[2026-08-12T01:04:15.846+0000] {processor.py:186} INFO - Started process (PID=11401) to work on /opt/airflow/dags/flex_eau_pipeline.py
[2026-08-12T01:04:15.848+0000] {processor.py:914} INFO - Processing file /opt/airflow/dags/flex_eau_pipeline.py for tasks to queue
[2026-08-12T01:04:15.850+0000] {logging_mixin.py:190} INFO - [2026-08-12T01:04:15.850+0000] {dagbag.py:587} INFO - Filling up the DagBag from /opt/airflow/dags/flex_eau_pipeline.py
[2026-08-12T01:04:15.904+0000] {processor.py:925} INFO - DAG(s) 'flex_eau_pipeline' retrieved from /opt/airflow/dags/flex_eau_pipeline.py
[2026-08-12T01:04:15.987+0000] {logging_mixin.py:190} INFO - [2026-08-12T01:04:15.986+0000] {dag.py:3211} INFO - Sync 1 DAGs
[2026-08-12T01:04:16.020+0000] {logging_mixin.py:190} INFO - [2026-08-12T01:04:16.020+0000] {dag.py:4138} INFO - Setting next_dagrun for flex_eau_pipeline to 2026-08-12 00:00:00+00:00, run_after=2026-08-13 00:00:00+00:00
[2026-08-12T01:04:16.065+0000] {processor.py:208} INFO - Processing /opt/airflow/dags/flex_eau_pipeline.py took 0.234 seconds
[2026-08-12T01:04:47.069+0000] {processor.py:186} INFO - Started process (PID=11406) to work on /opt/airflow/dags/flex_eau_pipeline.py
[2026-08-12T01:04:47.071+0000] {processor.py:914} INFO - Processing file /opt/airflow/dags/flex_eau_pipeline.py for tasks to queue
[2026-08-12T01:04:47.072+0000] {logging_mixin.py:190} INFO - [2026-08-12T01:04:47.072+0000] {dagbag.py:587} INFO - Filling up the DagBag from /opt/airflow/dags/flex_eau_pipeline.py
[2026-08-12T01:04:47.103+0000] {processor.py:925} INFO - DAG(s) 'flex_eau_pipeline' retrieved from /opt/airflow/dags/flex_eau_pipeline.py
[2026-08-12T01:04:47.148+0000] {logging_mixin.py:190} INFO - [2026-08-12T01:04:47.148+0000] {dag.py:3211} INFO - Sync 1 DAGs
[2026-08-12T01:04:47.182+0000] {logging_mixin.py:190} INFO - [2026-08-12T01:04:47.181+0000] {dag.py:4138} INFO - Setting next_dagrun for flex_eau_pipeline to 2026-08-12 00:00:00+00:00, run_after=2026-08-13 00:00:00+00:00
[2026-08-12T01:04:47.224+0000] {processor.py:208} INFO - Processing /opt/airflow/dags/flex_eau_pipeline.py took 0.163 seconds
[2026-08-12T01:05:17.409+0000] {processor.py:186} INFO - Started process (PID=11411) to work on /opt/airflow/dags/flex_eau_pipeline.py
[2026-08-12T01:05:17.411+0000] {processor.py:914} INFO - Processing file /opt/airflow/dags/flex_eau_pipeline.py for tasks to queue
[2026-08-12T01:05:17.412+0000] {logging_mixin.py:190} INFO - [2026-08-12T01:05:17.412+0000] {dagbag.py:587} INFO - Filling up the DagBag from /opt/airflow/dags/flex_eau_pipeline.py
[2026-08-12T01:05:17.439+0000] {processor.py:925} INFO - DAG(s) 'flex_eau_pipeline' retrieved from /opt/airflow/dags/flex_eau_pipeline.py
[2026-08-12T01:05:17.484+0000] {logging_mixin.py:190} INFO - [2026-08-12T01:05:17.483+0000] {dag.py:3211} INFO - Sync 1 DAGs
[2026-08-12T01:05:17.511+0000] {logging_mixin.py:190} INFO - [2026-08-12T01:05:17.511+0000] {dag.py:4138} INFO - Setting next_dagrun for flex_eau_pipeline to 2026-08-12 00:00:00+00:00, run_after=2026-08-13 00:00:00+00:00
[2026-08-12T01:05:17.535+0000] {processor.py:208} INFO - Processing /opt/airflow/dags/flex_eau_pipeline.py took 0.135 seconds
[2026-08-12T01:05:48.009+0000] {processor.py:186} INFO - Started process (PID=11416) to work on /opt/airflow/dags/flex_eau_pipeline.py
[2026-08-12T01:05:48.011+0000] {processor.py:914} INFO - Processing file /opt/airflow/dags/flex_eau_pipeline.py for tasks to queue
[2026-08-12T01:05:48.013+0000] {logging_mixin.py:190} INFO - [2026-08-12T01:05:48.012+0000] {dagbag.py:587} INFO - Filling up the DagBag from /opt/airflow/dags/flex_eau_pipeline.py
[2026-08-12T01:05:48.043+0000] {processor.py:925} INFO - DAG(s) 'flex_eau_pipeline' retrieved from /opt/airflow/dags/flex_eau_pipeline.py
[2026-08-12T01:05:48.088+0000] {logging_mixin.py:190} INFO - [2026-08-12T01:05:48.088+0000] {dag.py:3211} INFO - Sync 1 DAGs
[2026-08-12T01:05:48.116+0000] {logging_mixin.py:190} INFO - [2026-08-12T01:05:48.116+0000] {dag.py:4138} INFO - Setting next_dagrun for flex_eau_pipeline to 2026-08-12 00:00:00+00:00, run_after=2026-08-13 00:00:00+00:00
[2026-08-12T01:05:48.144+0000] {processor.py:208} INFO - Processing /opt/airflow/dags/flex_eau_pipeline.py took 0.147 seconds
[2026-08-12T01:06:18.930+0000] {processor.py:186} INFO - Started process (PID=11421) to work on /opt/airflow/dags/flex_eau_pipeline.py
[2026-08-12T01:06:18.932+0000] {processor.py:914} INFO - Processing file /opt/airflow/dags/flex_eau_pipeline.py for tasks to queue
[2026-08-12T01:06:18.934+0000] {logging_mixin.py:190} INFO - [2026-08-12T01:06:18.933+0000] {dagbag.py:587} INFO - Filling up the DagBag from /opt/airflow/dags/flex_eau_pipeline.py
[2026-08-12T01:06:18.962+0000] {processor.py:925} INFO - DAG(s) 'flex_eau_pipeline' retrieved from /opt/airflow/dags/flex_eau_pipeline.py
[2026-08-12T01:06:19.013+0000] {logging_mixin.py:190} INFO - [2026-08-12T01:06:19.012+0000] {dag.py:3211} INFO - Sync 1 DAGs
[2026-08-12T01:06:19.050+0000] {logging_mixin.py:190} INFO - [2026-08-12T01:06:19.050+0000] {dag.py:4138} INFO - Setting next_dagrun for flex_eau_pipeline to 2026-08-12 00:00:00+00:00, run_after=2026-08-13 00:00:00+00:00
[2026-08-12T01:06:19.097+0000] {processor.py:208} INFO - Processing /opt/airflow/dags/flex_eau_pipeline.py took 0.178 seconds
[2026-08-12T01:06:49.395+0000] {processor.py:186} INFO - Started process (PID=11426) to work on /opt/airflow/dags/flex_eau_pipeline.py
[2026-08-12T01:06:49.397+0000] {processor.py:914} INFO - Processing file /opt/airflow/dags/flex_eau_pipeline.py for tasks to queue
[2026-08-12T01:06:49.399+0000] {logging_mixin.py:190} INFO - [2026-08-12T01:06:49.399+0000] {dagbag.py:587} INFO - Filling up the DagBag from /opt/airflow/dags/flex_eau_pipeline.py
[2026-08-12T01:06:49.427+0000] {processor.py:925} INFO - DAG(s) 'flex_eau_pipeline' retrieved from /opt/airflow/dags/flex_eau_pipeline.py
[2026-08-12T01:06:49.469+0000] {logging_mixin.py:190} INFO - [2026-08-12T01:06:49.469+0000] {dag.py:3211} INFO - Sync 1 DAGs
[2026-08-12T01:06:49.496+0000] {logging_mixin.py:190} INFO - [2026-08-12T01:06:49.496+0000] {dag.py:4138} INFO - Setting next_dagrun for flex_eau_pipeline to 2026-08-12 00:00:00+00:00, run_after=2026-08-13 00:00:00+00:00
[2026-08-12T01:06:49.537+0000] {processor.py:208} INFO - Processing /opt/airflow/dags/flex_eau_pipeline.py took 0.154 seconds
[2026-08-12T01:07:19.737+0000] {processor.py:186} INFO - Started process (PID=11431) to work on /opt/airflow/dags/flex_eau_pipeline.py
[2026-08-12T01:07:19.740+0000] {processor.py:914} INFO - Processing file /opt/airflow/dags/flex_eau_pipeline.py for tasks to queue
[2026-08-12T01:07:19.743+0000] {logging_mixin.py:190} INFO - [2026-08-12T01:07:19.742+0000] {dagbag.py:587} INFO - Filling up the DagBag from /opt/airflow/dags/flex_eau_pipeline.py
[2026-08-12T01:07:19.790+0000] {processor.py:925} INFO - DAG(s) 'flex_eau_pipeline' retrieved from /opt/airflow/dags/flex_eau_pipeline.py
[2026-08-12T01:07:19.872+0000] {logging_mixin.py:190} INFO - [2026-08-12T01:07:19.872+0000] {dag.py:3211} INFO - Sync 1 DAGs
[2026-08-12T01:07:19.922+0000] {logging_mixin.py:190} INFO - [2026-08-12T01:07:19.922+0000] {dag.py:4138} INFO - Setting next_dagrun for flex_eau_pipeline to 2026-08-12 00:00:00+00:00, run_after=2026-08-13 00:00:00+00:00
[2026-08-12T01:07:19.962+0000] {processor.py:208} INFO - Processing /opt/airflow/dags/flex_eau_pipeline.py took 0.238 seconds
[2026-08-12T01:11:06.838+0000] {processor.py:186} INFO - Started process (PID=11436) to work on /opt/airflow/dags/flex_eau_pipeline.py
[2026-08-12T01:11:06.892+0000] {processor.py:914} INFO - Processing file /opt/airflow/dags/flex_eau_pipeline.py for tasks to queue
[2026-08-12T01:11:06.952+0000] {logging_mixin.py:190} INFO - [2026-08-12T01:11:06.938+0000] {dagbag.py:587} INFO - Filling up the DagBag from /opt/airflow/dags/flex_eau_pipeline.py
[2026-08-12T01:11:08.295+0000] {processor.py:925} INFO - DAG(s) 'flex_eau_pipeline' retrieved from /opt/airflow/dags/flex_eau_pipeline.py
[2026-08-12T01:11:10.189+0000] {logging_mixin.py:190} INFO - [2026-08-12T01:11:10.175+0000] {dag.py:3211} INFO - Sync 1 DAGs
[2026-08-12T01:11:10.582+0000] {logging_mixin.py:190} INFO - [2026-08-12T01:11:10.579+0000] {dag.py:4138} INFO - Setting next_dagrun for flex_eau_pipeline to 2026-08-12 00:00:00+00:00, run_after=2026-08-13 00:00:00+00:00
[2026-08-12T01:11:10.968+0000] {processor.py:208} INFO - Processing /opt/airflow/dags/flex_eau_pipeline.py took 4.346 seconds
[2026-08-12T01:11:41.554+0000] {processor.py:186} INFO - Started process (PID=11441) to work on /opt/airflow/dags/flex_eau_pipeline.py
[2026-08-12T01:11:41.557+0000] {processor.py:914} INFO - Processing file /opt/airflow/dags/flex_eau_pipeline.py for tasks to queue
[2026-08-12T01:11:41.559+0000] {logging_mixin.py:190} INFO - [2026-08-12T01:11:41.558+0000] {dagbag.py:587} INFO - Filling up the DagBag from /opt/airflow/dags/flex_eau_pipeline.py
[2026-08-12T01:11:41.588+0000] {processor.py:925} INFO - DAG(s) 'flex_eau_pipeline' retrieved from /opt/airflow/dags/flex_eau_pipeline.py
[2026-08-12T01:11:41.629+0000] {logging_mixin.py:190} INFO - [2026-08-12T01:11:41.629+0000] {dag.py:3211} INFO - Sync 1 DAGs
[2026-08-12T01:11:41.652+0000] {logging_mixin.py:190} INFO - [2026-08-12T01:11:41.652+0000] {dag.py:4138} INFO - Setting next_dagrun for flex_eau_pipeline to 2026-08-12 00:00:00+00:00, run_after=2026-08-13 00:00:00+00:00
[2026-08-12T01:11:41.674+0000] {processor.py:208} INFO - Processing /opt/airflow/dags/flex_eau_pipeline.py took 0.132 seconds
[2026-08-12T01:12:12.440+0000] {processor.py:186} INFO - Started process (PID=11446) to work on /opt/airflow/dags/flex_eau_pipeline.py
[2026-08-12T01:12:12.442+0000] {processor.py:914} INFO - Processing file /opt/airflow/dags/flex_eau_pipeline.py for tasks to queue
[2026-08-12T01:12:12.443+0000] {logging_mixin.py:190} INFO - [2026-08-12T01:12:12.443+0000] {dagbag.py:587} INFO - Filling up the DagBag from /opt/airflow/dags/flex_eau_pipeline.py
[2026-08-12T01:12:12.501+0000] {processor.py:925} INFO - DAG(s) 'flex_eau_pipeline' retrieved from /opt/airflow/dags/flex_eau_pipeline.py
[2026-08-12T01:12:12.548+0000] {logging_mixin.py:190} INFO - [2026-08-12T01:12:12.547+0000] {dag.py:3211} INFO - Sync 1 DAGs
[2026-08-12T01:12:12.580+0000] {logging_mixin.py:190} INFO - [2026-08-12T01:12:12.580+0000] {dag.py:4138} INFO - Setting next_dagrun for flex_eau_pipeline to 2026-08-12 00:00:00+00:00, run_after=2026-08-13 00:00:00+00:00
[2026-08-12T01:12:12.628+0000] {processor.py:208} INFO - Processing /opt/airflow/dags/flex_eau_pipeline.py took 0.197 seconds
[2026-08-12T01:12:43.480+0000] {processor.py:186} INFO - Started process (PID=11451) to work on /opt/airflow/dags/flex_eau_pipeline.py
[2026-08-12T01:12:43.484+0000] {processor.py:914} INFO - Processing file /opt/airflow/dags/flex_eau_pipeline.py for tasks to queue
[2026-08-12T01:12:43.489+0000] {logging_mixin.py:190} INFO - [2026-08-12T01:12:43.488+0000] {dagbag.py:587} INFO - Filling up the DagBag from /opt/airflow/dags/flex_eau_pipeline.py
[2026-08-12T01:12:43.571+0000] {processor.py:925} INFO - DAG(s) 'flex_eau_pipeline' retrieved from /opt/airflow/dags/flex_eau_pipeline.py
[2026-08-12T01:12:43.641+0000] {logging_mixin.py:190} INFO - [2026-08-12T01:12:43.641+0000] {dag.py:3211} INFO - Sync 1 DAGs
[2026-08-12T01:12:43.680+0000] {logging_mixin.py:190} INFO - [2026-08-12T01:12:43.679+0000] {dag.py:4138} INFO - Setting next_dagrun for flex_eau_pipeline to 2026-08-12 00:00:00+00:00, run_after=2026-08-13 00:00:00+00:00
[2026-08-12T01:12:43.717+0000] {processor.py:208} INFO - Processing /opt/airflow/dags/flex_eau_pipeline.py took 0.260 seconds
[2026-08-12T01:13:13.967+0000] {processor.py:186} INFO - Started process (PID=11456) to work on /opt/airflow/dags/flex_eau_pipeline.py
[2026-08-12T01:13:13.969+0000] {processor.py:914} INFO - Processing file /opt/airflow/dags/flex_eau_pipeline.py for tasks to queue
[2026-08-12T01:13:13.971+0000] {logging_mixin.py:190} INFO - [2026-08-12T01:13:13.971+0000] {dagbag.py:587} INFO - Filling up the DagBag from /opt/airflow/dags/flex_eau_pipeline.py
[2026-08-12T01:13:14.017+0000] {processor.py:925} INFO - DAG(s) 'flex_eau_pipeline' retrieved from /opt/airflow/dags/flex_eau_pipeline.py
[2026-08-12T01:13:14.106+0000] {logging_mixin.py:190} INFO - [2026-08-12T01:13:14.105+0000] {dag.py:3211} INFO - Sync 1 DAGs
[2026-08-12T01:13:14.139+0000] {logging_mixin.py:190} INFO - [2026-08-12T01:13:14.138+0000] {dag.py:4138} INFO - Setting next_dagrun for flex_eau_pipeline to 2026-08-12 00:00:00+00:00, run_after=2026-08-13 00:00:00+00:00
[2026-08-12T01:13:14.183+0000] {processor.py:208} INFO - Processing /opt/airflow/dags/flex_eau_pipeline.py took 0.227 seconds
[2026-08-12T01:13:45.116+0000] {processor.py:186} INFO - Started process (PID=11461) to work on /opt/airflow/dags/flex_eau_pipeline.py
[2026-08-12T01:13:45.118+0000] {processor.py:914} INFO - Processing file /opt/airflow/dags/flex_eau_pipeline.py for tasks to queue
[2026-08-12T01:13:45.120+0000] {logging_mixin.py:190} INFO - [2026-08-12T01:13:45.119+0000] {dagbag.py:587} INFO - Filling up the DagBag from /opt/airflow/dags/flex_eau_pipeline.py
[2026-08-12T01:13:45.159+0000] {processor.py:925} INFO - DAG(s) 'flex_eau_pipeline' retrieved from /opt/airflow/dags/flex_eau_pipeline.py
[2026-08-12T01:13:45.229+0000] {logging_mixin.py:190} INFO - [2026-08-12T01:13:45.229+0000] {dag.py:3211} INFO - Sync 1 DAGs
[2026-08-12T01:13:45.256+0000] {logging_mixin.py:190} INFO - [2026-08-12T01:13:45.256+0000] {dag.py:4138} INFO - Setting next_dagrun for flex_eau_pipeline to 2026-08-12 00:00:00+00:00, run_after=2026-08-13 00:00:00+00:00
[2026-08-12T01:13:45.291+0000] {processor.py:208} INFO - Processing /opt/airflow/dags/flex_eau_pipeline.py took 0.183 seconds
[2026-08-12T01:14:15.458+0000] {processor.py:186} INFO - Started process (PID=11466) to work on /opt/airflow/dags/flex_eau_pipeline.py
[2026-08-12T01:14:15.459+0000] {processor.py:914} INFO - Processing file /opt/airflow/dags/flex_eau_pipeline.py for tasks to queue
[2026-08-12T01:14:15.461+0000] {logging_mixin.py:190} INFO - [2026-08-12T01:14:15.461+0000] {dagbag.py:587} INFO - Filling up the DagBag from /opt/airflow/dags/flex_eau_pipeline.py
[2026-08-12T01:14:15.490+0000] {processor.py:925} INFO - DAG(s) 'flex_eau_pipeline' retrieved from /opt/airflow/dags/flex_eau_pipeline.py
[2026-08-12T01:14:15.538+0000] {logging_mixin.py:190} INFO - [2026-08-12T01:14:15.538+0000] {dag.py:3211} INFO - Sync 1 DAGs
[2026-08-12T01:14:15.570+0000] {logging_mixin.py:190} INFO - [2026-08-12T01:14:15.570+0000] {dag.py:4138} INFO - Setting next_dagrun for flex_eau_pipeline to 2026-08-12 00:00:00+00:00, run_after=2026-08-13 00:00:00+00:00
[2026-08-12T01:14:15.602+0000] {processor.py:208} INFO - Processing /opt/airflow/dags/flex_eau_pipeline.py took 0.154 seconds
[2026-08-12T01:14:45.734+0000] {processor.py:186} INFO - Started process (PID=11471) to work on /opt/airflow/dags/flex_eau_pipeline.py
[2026-08-12T01:14:45.735+0000] {processor.py:914} INFO - Processing file /opt/airflow/dags/flex_eau_pipeline.py for tasks to queue
[2026-08-12T01:14:45.737+0000] {logging_mixin.py:190} INFO - [2026-08-12T01:14:45.737+0000] {dagbag.py:587} INFO - Filling up the DagBag from /opt/airflow/dags/flex_eau_pipeline.py
[2026-08-12T01:14:45.769+0000] {processor.py:925} INFO - DAG(s) 'flex_eau_pipeline' retrieved from /opt/airflow/dags/flex_eau_pipeline.py
[2026-08-12T01:14:45.829+0000] {logging_mixin.py:190} INFO - [2026-08-12T01:14:45.828+0000] {dag.py:3211} INFO - Sync 1 DAGs
[2026-08-12T01:14:45.858+0000] {logging_mixin.py:190} INFO - [2026-08-12T01:14:45.858+0000] {dag.py:4138} INFO - Setting next_dagrun for flex_eau_pipeline to 2026-08-12 00:00:00+00:00, run_after=2026-08-13 00:00:00+00:00
[2026-08-12T01:14:45.893+0000] {processor.py:208} INFO - Processing /opt/airflow/dags/flex_eau_pipeline.py took 0.173 seconds
[2026-08-12T01:15:16.006+0000] {processor.py:186} INFO - Started process (PID=11476) to work on /opt/airflow/dags/flex_eau_pipeline.py
[2026-08-12T01:15:16.008+0000] {processor.py:914} INFO - Processing file /opt/airflow/dags/flex_eau_pipeline.py for tasks to queue
[2026-08-12T01:15:16.010+0000] {logging_mixin.py:190} INFO - [2026-08-12T01:15:16.009+0000] {dagbag.py:587} INFO - Filling up the DagBag from /opt/airflow/dags/flex_eau_pipeline.py
[2026-08-12T01:15:16.044+0000] {processor.py:925} INFO - DAG(s) 'flex_eau_pipeline' retrieved from /opt/airflow/dags/flex_eau_pipeline.py
[2026-08-12T01:15:16.100+0000] {logging_mixin.py:190} INFO - [2026-08-12T01:15:16.100+0000] {dag.py:3211} INFO - Sync 1 DAGs
[2026-08-12T01:15:16.130+0000] {logging_mixin.py:190} INFO - [2026-08-12T01:15:16.129+0000] {dag.py:4138} INFO - Setting next_dagrun for flex_eau_pipeline to 2026-08-12 00:00:00+00:00, run_after=2026-08-13 00:00:00+00:00
[2026-08-12T01:15:16.164+0000] {processor.py:208} INFO - Processing /opt/airflow/dags/flex_eau_pipeline.py took 0.169 seconds
[2026-08-12T01:15:46.735+0000] {processor.py:186} INFO - Started process (PID=11481) to work on /opt/airflow/dags/flex_eau_pipeline.py
[2026-08-12T01:15:46.738+0000] {processor.py:914} INFO - Processing file /opt/airflow/dags/flex_eau_pipeline.py for tasks to queue
[2026-08-12T01:15:46.741+0000] {logging_mixin.py:190} INFO - [2026-08-12T01:15:46.740+0000] {dagbag.py:587} INFO - Filling up the DagBag from /opt/airflow/dags/flex_eau_pipeline.py
[2026-08-12T01:15:46.781+0000] {processor.py:925} INFO - DAG(s) 'flex_eau_pipeline' retrieved from /opt/airflow/dags/flex_eau_pipeline.py
[2026-08-12T01:15:46.829+0000] {logging_mixin.py:190} INFO - [2026-08-12T01:15:46.829+0000] {dag.py:3211} INFO - Sync 1 DAGs
[2026-08-12T01:15:46.860+0000] {logging_mixin.py:190} INFO - [2026-08-12T01:15:46.860+0000] {dag.py:4138} INFO - Setting next_dagrun for flex_eau_pipeline to 2026-08-12 00:00:00+00:00, run_after=2026-08-13 00:00:00+00:00
[2026-08-12T01:15:46.891+0000] {processor.py:208} INFO - Processing /opt/airflow/dags/flex_eau_pipeline.py took 0.172 seconds
[2026-08-12T01:16:17.539+0000] {processor.py:186} INFO - Started process (PID=11486) to work on /opt/airflow/dags/flex_eau_pipeline.py
[2026-08-12T01:16:17.540+0000] {processor.py:914} INFO - Processing file /opt/airflow/dags/flex_eau_pipeline.py for tasks to queue
[2026-08-12T01:16:17.542+0000] {logging_mixin.py:190} INFO - [2026-08-12T01:16:17.542+0000] {dagbag.py:587} INFO - Filling up the DagBag from /opt/airflow/dags/flex_eau_pipeline.py
[2026-08-12T01:16:17.578+0000] {processor.py:925} INFO - DAG(s) 'flex_eau_pipeline' retrieved from /opt/airflow/dags/flex_eau_pipeline.py
[2026-08-12T01:16:17.625+0000] {logging_mixin.py:190} INFO - [2026-08-12T01:16:17.625+0000] {dag.py:3211} INFO - Sync 1 DAGs
[2026-08-12T01:16:17.654+0000] {logging_mixin.py:190} INFO - [2026-08-12T01:16:17.654+0000] {dag.py:4138} INFO - Setting next_dagrun for flex_eau_pipeline to 2026-08-12 00:00:00+00:00, run_after=2026-08-13 00:00:00+00:00
[2026-08-12T01:16:17.687+0000] {processor.py:208} INFO - Processing /opt/airflow/dags/flex_eau_pipeline.py took 0.157 seconds
[2026-08-12T01:16:48.515+0000] {processor.py:186} INFO - Started process (PID=11491) to work on /opt/airflow/dags/flex_eau_pipeline.py
[2026-08-12T01:16:48.517+0000] {processor.py:914} INFO - Processing file /opt/airflow/dags/flex_eau_pipeline.py for tasks to queue
[2026-08-12T01:16:48.519+0000] {logging_mixin.py:190} INFO - [2026-08-12T01:16:48.519+0000] {dagbag.py:587} INFO - Filling up the DagBag from /opt/airflow/dags/flex_eau_pipeline.py
[2026-08-12T01:16:48.559+0000] {processor.py:925} INFO - DAG(s) 'flex_eau_pipeline' retrieved from /opt/airflow/dags/flex_eau_pipeline.py
[2026-08-12T01:16:48.605+0000] {logging_mixin.py:190} INFO - [2026-08-12T01:16:48.605+0000] {dag.py:3211} INFO - Sync 1 DAGs
[2026-08-12T01:16:48.634+0000] {logging_mixin.py:190} INFO - [2026-08-12T01:16:48.634+0000] {dag.py:4138} INFO - Setting next_dagrun for flex_eau_pipeline to 2026-08-12 00:00:00+00:00, run_after=2026-08-13 00:00:00+00:00
[2026-08-12T01:16:48.679+0000] {processor.py:208} INFO - Processing /opt/airflow/dags/flex_eau_pipeline.py took 0.174 seconds
[2026-08-12T01:17:19.469+0000] {processor.py:186} INFO - Started process (PID=11496) to work on /opt/airflow/dags/flex_eau_pipeline.py
[2026-08-12T01:17:19.471+0000] {processor.py:914} INFO - Processing file /opt/airflow/dags/flex_eau_pipeline.py for tasks to queue
[2026-08-12T01:17:19.473+0000] {logging_mixin.py:190} INFO - [2026-08-12T01:17:19.472+0000] {dagbag.py:587} INFO - Filling up the DagBag from /opt/airflow/dags/flex_eau_pipeline.py
[2026-08-12T01:17:19.515+0000] {processor.py:925} INFO - DAG(s) 'flex_eau_pipeline' retrieved from /opt/airflow/dags/flex_eau_pipeline.py
[2026-08-12T01:17:19.593+0000] {logging_mixin.py:190} INFO - [2026-08-12T01:17:19.592+0000] {dag.py:3211} INFO - Sync 1 DAGs
[2026-08-12T01:17:19.626+0000] {logging_mixin.py:190} INFO - [2026-08-12T01:17:19.625+0000] {dag.py:4138} INFO - Setting next_dagrun for flex_eau_pipeline to 2026-08-12 00:00:00+00:00, run_after=2026-08-13 00:00:00+00:00
[2026-08-12T01:17:19.666+0000] {processor.py:208} INFO - Processing /opt/airflow/dags/flex_eau_pipeline.py took 0.208 seconds
[2026-08-12T01:17:50.640+0000] {processor.py:186} INFO - Started process (PID=11501) to work on /opt/airflow/dags/flex_eau_pipeline.py
[2026-08-12T01:17:50.642+0000] {processor.py:914} INFO - Processing file /opt/airflow/dags/flex_eau_pipeline.py for tasks to queue
[2026-08-12T01:17:50.646+0000] {logging_mixin.py:190} INFO - [2026-08-12T01:17:50.645+0000] {dagbag.py:587} INFO - Filling up the DagBag from /opt/airflow/dags/flex_eau_pipeline.py
[2026-08-12T01:17:50.690+0000] {processor.py:925} INFO - DAG(s) 'flex_eau_pipeline' retrieved from /opt/airflow/dags/flex_eau_pipeline.py
[2026-08-12T01:17:50.735+0000] {logging_mixin.py:190} INFO - [2026-08-12T01:17:50.735+0000] {dag.py:3211} INFO - Sync 1 DAGs
[2026-08-12T01:17:50.763+0000] {logging_mixin.py:190} INFO - [2026-08-12T01:17:50.763+0000] {dag.py:4138} INFO - Setting next_dagrun for flex_eau_pipeline to 2026-08-12 00:00:00+00:00, run_after=2026-08-13 00:00:00+00:00
[2026-08-12T01:17:50.795+0000] {processor.py:208} INFO - Processing /opt/airflow/dags/flex_eau_pipeline.py took 0.173 seconds
[2026-08-12T01:18:21.350+0000] {processor.py:186} INFO - Started process (PID=11506) to work on /opt/airflow/dags/flex_eau_pipeline.py
[2026-08-12T01:18:21.352+0000] {processor.py:914} INFO - Processing file /opt/airflow/dags/flex_eau_pipeline.py for tasks to queue
[2026-08-12T01:18:21.355+0000] {logging_mixin.py:190} INFO - [2026-08-12T01:18:21.354+0000] {dagbag.py:587} INFO - Filling up the DagBag from /opt/airflow/dags/flex_eau_pipeline.py
[2026-08-12T01:18:21.380+0000] {processor.py:925} INFO - DAG(s) 'flex_eau_pipeline' retrieved from /opt/airflow/dags/flex_eau_pipeline.py
[2026-08-12T01:18:21.425+0000] {logging_mixin.py:190} INFO - [2026-08-12T01:18:21.424+0000] {dag.py:3211} INFO - Sync 1 DAGs
[2026-08-12T01:18:21.453+0000] {logging_mixin.py:190} INFO - [2026-08-12T01:18:21.452+0000] {dag.py:4138} INFO - Setting next_dagrun for flex_eau_pipeline to 2026-08-12 00:00:00+00:00, run_after=2026-08-13 00:00:00+00:00
[2026-08-12T01:18:21.487+0000] {processor.py:208} INFO - Processing /opt/airflow/dags/flex_eau_pipeline.py took 0.145 seconds
[2026-08-12T01:18:52.378+0000] {processor.py:186} INFO - Started process (PID=11511) to work on /opt/airflow/dags/flex_eau_pipeline.py
[2026-08-12T01:18:52.381+0000] {processor.py:914} INFO - Processing file /opt/airflow/dags/flex_eau_pipeline.py for tasks to queue
[2026-08-12T01:18:52.383+0000] {logging_mixin.py:190} INFO - [2026-08-12T01:18:52.382+0000] {dagbag.py:587} INFO - Filling up the DagBag from /opt/airflow/dags/flex_eau_pipeline.py
[2026-08-12T01:18:52.425+0000] {processor.py:925} INFO - DAG(s) 'flex_eau_pipeline' retrieved from /opt/airflow/dags/flex_eau_pipeline.py
[2026-08-12T01:18:52.491+0000] {logging_mixin.py:190} INFO - [2026-08-12T01:18:52.491+0000] {dag.py:3211} INFO - Sync 1 DAGs
[2026-08-12T01:18:52.531+0000] {logging_mixin.py:190} INFO - [2026-08-12T01:18:52.531+0000] {dag.py:4138} INFO - Setting next_dagrun for flex_eau_pipeline to 2026-08-12 00:00:00+00:00, run_after=2026-08-13 00:00:00+00:00
[2026-08-12T01:18:52.566+0000] {processor.py:208} INFO - Processing /opt/airflow/dags/flex_eau_pipeline.py took 0.199 seconds
[2026-08-12T01:19:22.726+0000] {processor.py:186} INFO - Started process (PID=11516) to work on /opt/airflow/dags/flex_eau_pipeline.py
[2026-08-12T01:19:22.728+0000] {processor.py:914} INFO - Processing file /opt/airflow/dags/flex_eau_pipeline.py for tasks to queue
[2026-08-12T01:19:22.730+0000] {logging_mixin.py:190} INFO - [2026-08-12T01:19:22.729+0000] {dagbag.py:587} INFO - Filling up the DagBag from /opt/airflow/dags/flex_eau_pipeline.py
[2026-08-12T01:19:22.761+0000] {processor.py:925} INFO - DAG(s) 'flex_eau_pipeline' retrieved from /opt/airflow/dags/flex_eau_pipeline.py
[2026-08-12T01:19:22.808+0000] {logging_mixin.py:190} INFO - [2026-08-12T01:19:22.808+0000] {dag.py:3211} INFO - Sync 1 DAGs
[2026-08-12T01:19:22.842+0000] {logging_mixin.py:190} INFO - [2026-08-12T01:19:22.841+0000] {dag.py:4138} INFO - Setting next_dagrun for flex_eau_pipeline to 2026-08-12 00:00:00+00:00, run_after=2026-08-13 00:00:00+00:00
[2026-08-12T01:19:22.875+0000] {processor.py:208} INFO - Processing /opt/airflow/dags/flex_eau_pipeline.py took 0.158 seconds
[2026-08-12T01:19:53.198+0000] {processor.py:186} INFO - Started process (PID=11521) to work on /opt/airflow/dags/flex_eau_pipeline.py
[2026-08-12T01:19:53.200+0000] {processor.py:914} INFO - Processing file /opt/airflow/dags/flex_eau_pipeline.py for tasks to queue
[2026-08-12T01:19:53.204+0000] {logging_mixin.py:190} INFO - [2026-08-12T01:19:53.204+0000] {dagbag.py:587} INFO - Filling up the DagBag from /opt/airflow/dags/flex_eau_pipeline.py
[2026-08-12T01:19:53.233+0000] {processor.py:925} INFO - DAG(s) 'flex_eau_pipeline' retrieved from /opt/airflow/dags/flex_eau_pipeline.py
[2026-08-12T01:19:53.289+0000] {logging_mixin.py:190} INFO - [2026-08-12T01:19:53.289+0000] {dag.py:3211} INFO - Sync 1 DAGs
[2026-08-12T01:19:53.323+0000] {logging_mixin.py:190} INFO - [2026-08-12T01:19:53.323+0000] {dag.py:4138} INFO - Setting next_dagrun for flex_eau_pipeline to 2026-08-12 00:00:00+00:00, run_after=2026-08-13 00:00:00+00:00
[2026-08-12T01:19:53.354+0000] {processor.py:208} INFO - Processing /opt/airflow/dags/flex_eau_pipeline.py took 0.163 seconds
[2026-08-12T01:20:23.700+0000] {processor.py:186} INFO - Started process (PID=11526) to work on /opt/airflow/dags/flex_eau_pipeline.py
[2026-08-12T01:20:23.702+0000] {processor.py:914} INFO - Processing file /opt/airflow/dags/flex_eau_pipeline.py for tasks to queue
[2026-08-12T01:20:23.705+0000] {logging_mixin.py:190} INFO - [2026-08-12T01:20:23.705+0000] {dagbag.py:587} INFO - Filling up the DagBag from /opt/airflow/dags/flex_eau_pipeline.py
[2026-08-12T01:20:23.760+0000] {processor.py:925} INFO - DAG(s) 'flex_eau_pipeline' retrieved from /opt/airflow/dags/flex_eau_pipeline.py
[2026-08-12T01:20:23.810+0000] {logging_mixin.py:190} INFO - [2026-08-12T01:20:23.810+0000] {dag.py:3211} INFO - Sync 1 DAGs
[2026-08-12T01:20:23.843+0000] {logging_mixin.py:190} INFO - [2026-08-12T01:20:23.843+0000] {dag.py:4138} INFO - Setting next_dagrun for flex_eau_pipeline to 2026-08-12 00:00:00+00:00, run_after=2026-08-13 00:00:00+00:00
[2026-08-12T01:20:23.883+0000] {processor.py:208} INFO - Processing /opt/airflow/dags/flex_eau_pipeline.py took 0.193 seconds
[2026-08-12T01:20:54.797+0000] {processor.py:186} INFO - Started process (PID=11531) to work on /opt/airflow/dags/flex_eau_pipeline.py
[2026-08-12T01:20:54.799+0000] {processor.py:914} INFO - Processing file /opt/airflow/dags/flex_eau_pipeline.py for tasks to queue
[2026-08-12T01:20:54.800+0000] {logging_mixin.py:190} INFO - [2026-08-12T01:20:54.800+0000] {dagbag.py:587} INFO - Filling up the DagBag from /opt/airflow/dags/flex_eau_pipeline.py
[2026-08-12T01:20:54.823+0000] {processor.py:925} INFO - DAG(s) 'flex_eau_pipeline' retrieved from /opt/airflow/dags/flex_eau_pipeline.py
[2026-08-12T01:20:54.868+0000] {logging_mixin.py:190} INFO - [2026-08-12T01:20:54.868+0000] {dag.py:3211} INFO - Sync 1 DAGs
[2026-08-12T01:20:54.897+0000] {logging_mixin.py:190} INFO - [2026-08-12T01:20:54.897+0000] {dag.py:4138} INFO - Setting next_dagrun for flex_eau_pipeline to 2026-08-12 00:00:00+00:00, run_after=2026-08-13 00:00:00+00:00
[2026-08-12T01:20:54.933+0000] {processor.py:208} INFO - Processing /opt/airflow/dags/flex_eau_pipeline.py took 0.144 seconds
[2026-08-12T01:21:25.745+0000] {processor.py:186} INFO - Started process (PID=11536) to work on /opt/airflow/dags/flex_eau_pipeline.py
[2026-08-12T01:21:25.746+0000] {processor.py:914} INFO - Processing file /opt/airflow/dags/flex_eau_pipeline.py for tasks to queue
[2026-08-12T01:21:25.748+0000] {logging_mixin.py:190} INFO - [2026-08-12T01:21:25.748+0000] {dagbag.py:587} INFO - Filling up the DagBag from /opt/airflow/dags/flex_eau_pipeline.py
[2026-08-12T01:21:25.776+0000] {processor.py:925} INFO - DAG(s) 'flex_eau_pipeline' retrieved from /opt/airflow/dags/flex_eau_pipeline.py
[2026-08-12T01:21:25.822+0000] {logging_mixin.py:190} INFO - [2026-08-12T01:21:25.822+0000] {dag.py:3211} INFO - Sync 1 DAGs
[2026-08-12T01:21:25.861+0000] {logging_mixin.py:190} INFO - [2026-08-12T01:21:25.860+0000] {dag.py:4138} INFO - Setting next_dagrun for flex_eau_pipeline to 2026-08-12 00:00:00+00:00, run_after=2026-08-13 00:00:00+00:00
[2026-08-12T01:21:25.904+0000] {processor.py:208} INFO - Processing /opt/airflow/dags/flex_eau_pipeline.py took 0.168 seconds
[2026-08-12T01:21:56.471+0000] {processor.py:186} INFO - Started process (PID=11541) to work on /opt/airflow/dags/flex_eau_pipeline.py
[2026-08-12T01:21:56.473+0000] {processor.py:914} INFO - Processing file /opt/airflow/dags/flex_eau_pipeline.py for tasks to queue
[2026-08-12T01:21:56.476+0000] {logging_mixin.py:190} INFO - [2026-08-12T01:21:56.476+0000] {dagbag.py:587} INFO - Filling up the DagBag from /opt/airflow/dags/flex_eau_pipeline.py
[2026-08-12T01:21:56.514+0000] {processor.py:925} INFO - DAG(s) 'flex_eau_pipeline' retrieved from /opt/airflow/dags/flex_eau_pipeline.py
[2026-08-12T01:21:56.560+0000] {logging_mixin.py:190} INFO - [2026-08-12T01:21:56.560+0000] {dag.py:3211} INFO - Sync 1 DAGs
[2026-08-12T01:21:56.599+0000] {logging_mixin.py:190} INFO - [2026-08-12T01:21:56.599+0000] {dag.py:4138} INFO - Setting next_dagrun for flex_eau_pipeline to 2026-08-12 00:00:00+00:00, run_after=2026-08-13 00:00:00+00:00
[2026-08-12T01:21:56.649+0000] {processor.py:208} INFO - Processing /opt/airflow/dags/flex_eau_pipeline.py took 0.192 seconds
[2026-08-12T01:22:27.497+0000] {processor.py:186} INFO - Started process (PID=11546) to work on /opt/airflow/dags/flex_eau_pipeline.py
[2026-08-12T01:22:27.499+0000] {processor.py:914} INFO - Processing file /opt/airflow/dags/flex_eau_pipeline.py for tasks to queue
[2026-08-12T01:22:27.502+0000] {logging_mixin.py:190} INFO - [2026-08-12T01:22:27.501+0000] {dagbag.py:587} INFO - Filling up the DagBag from /opt/airflow/dags/flex_eau_pipeline.py
[2026-08-12T01:22:27.531+0000] {processor.py:925} INFO - DAG(s) 'flex_eau_pipeline' retrieved from /opt/airflow/dags/flex_eau_pipeline.py
[2026-08-12T01:22:27.583+0000] {logging_mixin.py:190} INFO - [2026-08-12T01:22:27.583+0000] {dag.py:3211} INFO - Sync 1 DAGs
[2026-08-12T01:22:27.616+0000] {logging_mixin.py:190} INFO - [2026-08-12T01:22:27.616+0000] {dag.py:4138} INFO - Setting next_dagrun for flex_eau_pipeline to 2026-08-12 00:00:00+00:00, run_after=2026-08-13 00:00:00+00:00
[2026-08-12T01:22:27.662+0000] {processor.py:208} INFO - Processing /opt/airflow/dags/flex_eau_pipeline.py took 0.178 seconds
[2026-08-12T01:22:58.151+0000] {processor.py:186} INFO - Started process (PID=11551) to work on /opt/airflow/dags/flex_eau_pipeline.py
[2026-08-12T01:22:58.153+0000] {processor.py:914} INFO - Processing file /opt/airflow/dags/flex_eau_pipeline.py for tasks to queue
[2026-08-12T01:22:58.155+0000] {logging_mixin.py:190} INFO - [2026-08-12T01:22:58.155+0000] {dagbag.py:587} INFO - Filling up the DagBag from /opt/airflow/dags/flex_eau_pipeline.py
[2026-08-12T01:22:58.182+0000] {processor.py:925} INFO - DAG(s) 'flex_eau_pipeline' retrieved from /opt/airflow/dags/flex_eau_pipeline.py
[2026-08-12T01:22:58.221+0000] {logging_mixin.py:190} INFO - [2026-08-12T01:22:58.221+0000] {dag.py:3211} INFO - Sync 1 DAGs
[2026-08-12T01:22:58.252+0000] {logging_mixin.py:190} INFO - [2026-08-12T01:22:58.252+0000] {dag.py:4138} INFO - Setting next_dagrun for flex_eau_pipeline to 2026-08-12 00:00:00+00:00, run_after=2026-08-13 00:00:00+00:00
[2026-08-12T01:22:58.280+0000] {processor.py:208} INFO - Processing /opt/airflow/dags/flex_eau_pipeline.py took 0.140 seconds
[2026-08-12T01:23:28.903+0000] {processor.py:186} INFO - Started process (PID=11556) to work on /opt/airflow/dags/flex_eau_pipeline.py
[2026-08-12T01:23:28.905+0000] {processor.py:914} INFO - Processing file /opt/airflow/dags/flex_eau_pipeline.py for tasks to queue
[2026-08-12T01:23:28.907+0000] {logging_mixin.py:190} INFO - [2026-08-12T01:23:28.907+0000] {dagbag.py:587} INFO - Filling up the DagBag from /opt/airflow/dags/flex_eau_pipeline.py
[2026-08-12T01:23:28.943+0000] {processor.py:925} INFO - DAG(s) 'flex_eau_pipeline' retrieved from /opt/airflow/dags/flex_eau_pipeline.py
[2026-08-12T01:23:28.991+0000] {logging_mixin.py:190} INFO - [2026-08-12T01:23:28.990+0000] {dag.py:3211} INFO - Sync 1 DAGs
[2026-08-12T01:23:29.029+0000] {logging_mixin.py:190} INFO - [2026-08-12T01:23:29.029+0000] {dag.py:4138} INFO - Setting next_dagrun for flex_eau_pipeline to 2026-08-12 00:00:00+00:00, run_after=2026-08-13 00:00:00+00:00
[2026-08-12T01:23:29.075+0000] {processor.py:208} INFO - Processing /opt/airflow/dags/flex_eau_pipeline.py took 0.187 seconds
[2026-08-12T01:23:59.406+0000] {processor.py:186} INFO - Started process (PID=11561) to work on /opt/airflow/dags/flex_eau_pipeline.py
[2026-08-12T01:23:59.408+0000] {processor.py:914} INFO - Processing file /opt/airflow/dags/flex_eau_pipeline.py for tasks to queue
[2026-08-12T01:23:59.410+0000] {logging_mixin.py:190} INFO - [2026-08-12T01:23:59.410+0000] {dagbag.py:587} INFO - Filling up the DagBag from /opt/airflow/dags/flex_eau_pipeline.py
[2026-08-12T01:23:59.469+0000] {processor.py:925} INFO - DAG(s) 'flex_eau_pipeline' retrieved from /opt/airflow/dags/flex_eau_pipeline.py
[2026-08-12T01:23:59.517+0000] {logging_mixin.py:190} INFO - [2026-08-12T01:23:59.517+0000] {dag.py:3211} INFO - Sync 1 DAGs
[2026-08-12T01:23:59.546+0000] {logging_mixin.py:190} INFO - [2026-08-12T01:23:59.546+0000] {dag.py:4138} INFO - Setting next_dagrun for flex_eau_pipeline to 2026-08-12 00:00:00+00:00, run_after=2026-08-13 00:00:00+00:00
[2026-08-12T01:23:59.576+0000] {processor.py:208} INFO - Processing /opt/airflow/dags/flex_eau_pipeline.py took 0.179 seconds
[2026-08-12T01:24:30.719+0000] {processor.py:186} INFO - Started process (PID=11566) to work on /opt/airflow/dags/flex_eau_pipeline.py
[2026-08-12T01:24:30.724+0000] {processor.py:914} INFO - Processing file /opt/airflow/dags/flex_eau_pipeline.py for tasks to queue
[2026-08-12T01:24:30.731+0000] {logging_mixin.py:190} INFO - [2026-08-12T01:24:30.730+0000] {dagbag.py:587} INFO - Filling up the DagBag from /opt/airflow/dags/flex_eau_pipeline.py
[2026-08-12T01:24:30.861+0000] {processor.py:925} INFO - DAG(s) 'flex_eau_pipeline' retrieved from /opt/airflow/dags/flex_eau_pipeline.py
[2026-08-12T01:24:31.045+0000] {logging_mixin.py:190} INFO - [2026-08-12T01:24:31.045+0000] {dag.py:3211} INFO - Sync 1 DAGs
[2026-08-12T01:24:31.075+0000] {logging_mixin.py:190} INFO - [2026-08-12T01:24:31.075+0000] {dag.py:4138} INFO - Setting next_dagrun for flex_eau_pipeline to 2026-08-12 00:00:00+00:00, run_after=2026-08-13 00:00:00+00:00
[2026-08-12T01:24:31.103+0000] {processor.py:208} INFO - Processing /opt/airflow/dags/flex_eau_pipeline.py took 0.421 seconds
[2026-08-12T04:24:58.695+0000] {processor.py:186} INFO - Started process (PID=11571) to work on /opt/airflow/dags/flex_eau_pipeline.py
[2026-08-12T04:24:58.731+0000] {processor.py:914} INFO - Processing file /opt/airflow/dags/flex_eau_pipeline.py for tasks to queue
[2026-08-12T04:24:58.770+0000] {logging_mixin.py:190} INFO - [2026-08-12T04:24:58.767+0000] {dagbag.py:587} INFO - Filling up the DagBag from /opt/airflow/dags/flex_eau_pipeline.py
[2026-08-12T04:24:59.428+0000] {processor.py:925} INFO - DAG(s) 'flex_eau_pipeline' retrieved from /opt/airflow/dags/flex_eau_pipeline.py
[2026-08-12T04:25:00.595+0000] {logging_mixin.py:190} INFO - [2026-08-12T04:25:00.591+0000] {dag.py:3211} INFO - Sync 1 DAGs
[2026-08-12T04:25:01.540+0000] {logging_mixin.py:190} INFO - [2026-08-12T04:25:01.526+0000] {dag.py:4138} INFO - Setting next_dagrun for flex_eau_pipeline to 2026-08-12 00:00:00+00:00, run_after=2026-08-13 00:00:00+00:00
[2026-08-12T04:25:02.131+0000] {processor.py:208} INFO - Processing /opt/airflow/dags/flex_eau_pipeline.py took 3.612 seconds
[2026-08-12T09:19:43.016+0000] {processor.py:186} INFO - Started process (PID=11576) to work on /opt/airflow/dags/flex_eau_pipeline.py
[2026-08-12T09:19:43.050+0000] {processor.py:914} INFO - Processing file /opt/airflow/dags/flex_eau_pipeline.py for tasks to queue
[2026-08-12T09:19:43.074+0000] {logging_mixin.py:190} INFO - [2026-08-12T09:19:43.074+0000] {dagbag.py:587} INFO - Filling up the DagBag from /opt/airflow/dags/flex_eau_pipeline.py
[2026-08-12T09:19:44.372+0000] {processor.py:925} INFO - DAG(s) 'flex_eau_pipeline' retrieved from /opt/airflow/dags/flex_eau_pipeline.py
[2026-08-12T09:19:45.393+0000] {logging_mixin.py:190} INFO - [2026-08-12T09:19:45.389+0000] {dag.py:3211} INFO - Sync 1 DAGs
[2026-08-12T09:19:46.089+0000] {logging_mixin.py:190} INFO - [2026-08-12T09:19:46.089+0000] {dag.py:4138} INFO - Setting next_dagrun for flex_eau_pipeline to 2026-08-12 00:00:00+00:00, run_after=2026-08-13 00:00:00+00:00
[2026-08-12T09:19:46.540+0000] {processor.py:208} INFO - Processing /opt/airflow/dags/flex_eau_pipeline.py took 3.786 seconds
[2026-08-12T09:20:18.219+0000] {processor.py:186} INFO - Started process (PID=11581) to work on /opt/airflow/dags/flex_eau_pipeline.py
[2026-08-12T09:20:18.234+0000] {processor.py:914} INFO - Processing file /opt/airflow/dags/flex_eau_pipeline.py for tasks to queue
[2026-08-12T09:20:18.259+0000] {logging_mixin.py:190} INFO - [2026-08-12T09:20:18.252+0000] {dagbag.py:587} INFO - Filling up the DagBag from /opt/airflow/dags/flex_eau_pipeline.py
[2026-08-12T09:20:18.558+0000] {processor.py:925} INFO - DAG(s) 'flex_eau_pipeline' retrieved from /opt/airflow/dags/flex_eau_pipeline.py
[2026-08-12T09:20:19.201+0000] {logging_mixin.py:190} INFO - [2026-08-12T09:20:19.198+0000] {dag.py:3211} INFO - Sync 1 DAGs
[2026-08-12T09:20:19.602+0000] {logging_mixin.py:190} INFO - [2026-08-12T09:20:19.599+0000] {dag.py:4138} INFO - Setting next_dagrun for flex_eau_pipeline to 2026-08-12 00:00:00+00:00, run_after=2026-08-13 00:00:00+00:00
[2026-08-12T09:20:19.949+0000] {processor.py:208} INFO - Processing /opt/airflow/dags/flex_eau_pipeline.py took 1.882 seconds
[2026-08-12T09:20:50.433+0000] {processor.py:186} INFO - Started process (PID=11586) to work on /opt/airflow/dags/flex_eau_pipeline.py
[2026-08-12T09:20:50.434+0000] {processor.py:914} INFO - Processing file /opt/airflow/dags/flex_eau_pipeline.py for tasks to queue
[2026-08-12T09:20:50.436+0000] {logging_mixin.py:190} INFO - [2026-08-12T09:20:50.436+0000] {dagbag.py:587} INFO - Filling up the DagBag from /opt/airflow/dags/flex_eau_pipeline.py
[2026-08-12T09:20:50.469+0000] {processor.py:925} INFO - DAG(s) 'flex_eau_pipeline' retrieved from /opt/airflow/dags/flex_eau_pipeline.py
[2026-08-12T09:20:50.529+0000] {logging_mixin.py:190} INFO - [2026-08-12T09:20:50.529+0000] {dag.py:3211} INFO - Sync 1 DAGs
[2026-08-12T09:20:50.560+0000] {logging_mixin.py:190} INFO - [2026-08-12T09:20:50.560+0000] {dag.py:4138} INFO - Setting next_dagrun for flex_eau_pipeline to 2026-08-12 00:00:00+00:00, run_after=2026-08-13 00:00:00+00:00
[2026-08-12T09:20:50.586+0000] {processor.py:208} INFO - Processing /opt/airflow/dags/flex_eau_pipeline.py took 0.167 seconds
[2026-08-12T09:21:20.908+0000] {processor.py:186} INFO - Started process (PID=11591) to work on /opt/airflow/dags/flex_eau_pipeline.py
[2026-08-12T09:21:20.910+0000] {processor.py:914} INFO - Processing file /opt/airflow/dags/flex_eau_pipeline.py for tasks to queue
[2026-08-12T09:21:20.912+0000] {logging_mixin.py:190} INFO - [2026-08-12T09:21:20.911+0000] {dagbag.py:587} INFO - Filling up the DagBag from /opt/airflow/dags/flex_eau_pipeline.py
[2026-08-12T09:21:20.938+0000] {processor.py:925} INFO - DAG(s) 'flex_eau_pipeline' retrieved from /opt/airflow/dags/flex_eau_pipeline.py
[2026-08-12T09:21:20.980+0000] {logging_mixin.py:190} INFO - [2026-08-12T09:21:20.980+0000] {dag.py:3211} INFO - Sync 1 DAGs
[2026-08-12T09:21:21.008+0000] {logging_mixin.py:190} INFO - [2026-08-12T09:21:21.008+0000] {dag.py:4138} INFO - Setting next_dagrun for flex_eau_pipeline to 2026-08-12 00:00:00+00:00, run_after=2026-08-13 00:00:00+00:00
[2026-08-12T09:21:21.035+0000] {processor.py:208} INFO - Processing /opt/airflow/dags/flex_eau_pipeline.py took 0.136 seconds
[2026-08-12T09:21:51.457+0000] {processor.py:186} INFO - Started process (PID=11596) to work on /opt/airflow/dags/flex_eau_pipeline.py
[2026-08-12T09:21:51.459+0000] {processor.py:914} INFO - Processing file /opt/airflow/dags/flex_eau_pipeline.py for tasks to queue
[2026-08-12T09:21:51.462+0000] {logging_mixin.py:190} INFO - [2026-08-12T09:21:51.461+0000] {dagbag.py:587} INFO - Filling up the DagBag from /opt/airflow/dags/flex_eau_pipeline.py
[2026-08-12T09:21:51.492+0000] {processor.py:925} INFO - DAG(s) 'flex_eau_pipeline' retrieved from /opt/airflow/dags/flex_eau_pipeline.py
[2026-08-12T09:21:51.542+0000] {logging_mixin.py:190} INFO - [2026-08-12T09:21:51.542+0000] {dag.py:3211} INFO - Sync 1 DAGs
[2026-08-12T09:21:51.583+0000] {logging_mixin.py:190} INFO - [2026-08-12T09:21:51.582+0000] {dag.py:4138} INFO - Setting next_dagrun for flex_eau_pipeline to 2026-08-12 00:00:00+00:00, run_after=2026-08-13 00:00:00+00:00
[2026-08-12T09:21:51.619+0000] {processor.py:208} INFO - Processing /opt/airflow/dags/flex_eau_pipeline.py took 0.177 seconds
[2026-08-12T09:22:22.229+0000] {processor.py:186} INFO - Started process (PID=11601) to work on /opt/airflow/dags/flex_eau_pipeline.py
[2026-08-12T09:22:22.230+0000] {processor.py:914} INFO - Processing file /opt/airflow/dags/flex_eau_pipeline.py for tasks to queue
[2026-08-12T09:22:22.233+0000] {logging_mixin.py:190} INFO - [2026-08-12T09:22:22.232+0000] {dagbag.py:587} INFO - Filling up the DagBag from /opt/airflow/dags/flex_eau_pipeline.py
[2026-08-12T09:22:22.263+0000] {processor.py:925} INFO - DAG(s) 'flex_eau_pipeline' retrieved from /opt/airflow/dags/flex_eau_pipeline.py
[2026-08-12T09:22:22.311+0000] {logging_mixin.py:190} INFO - [2026-08-12T09:22:22.310+0000] {dag.py:3211} INFO - Sync 1 DAGs
[2026-08-12T09:22:22.351+0000] {logging_mixin.py:190} INFO - [2026-08-12T09:22:22.350+0000] {dag.py:4138} INFO - Setting next_dagrun for flex_eau_pipeline to 2026-08-12 00:00:00+00:00, run_after=2026-08-13 00:00:00+00:00
[2026-08-12T09:22:22.389+0000] {processor.py:208} INFO - Processing /opt/airflow/dags/flex_eau_pipeline.py took 0.173 seconds
[2026-08-12T09:22:52.668+0000] {processor.py:186} INFO - Started process (PID=11606) to work on /opt/airflow/dags/flex_eau_pipeline.py
[2026-08-12T09:22:52.670+0000] {processor.py:914} INFO - Processing file /opt/airflow/dags/flex_eau_pipeline.py for tasks to queue
[2026-08-12T09:22:52.672+0000] {logging_mixin.py:190} INFO - [2026-08-12T09:22:52.671+0000] {dagbag.py:587} INFO - Filling up the DagBag from /opt/airflow/dags/flex_eau_pipeline.py
[2026-08-12T09:22:52.701+0000] {processor.py:925} INFO - DAG(s) 'flex_eau_pipeline' retrieved from /opt/airflow/dags/flex_eau_pipeline.py
[2026-08-12T09:22:52.744+0000] {logging_mixin.py:190} INFO - [2026-08-12T09:22:52.744+0000] {dag.py:3211} INFO - Sync 1 DAGs
[2026-08-12T09:22:52.772+0000] {logging_mixin.py:190} INFO - [2026-08-12T09:22:52.772+0000] {dag.py:4138} INFO - Setting next_dagrun for flex_eau_pipeline to 2026-08-12 00:00:00+00:00, run_after=2026-08-13 00:00:00+00:00
[2026-08-12T09:22:52.802+0000] {processor.py:208} INFO - Processing /opt/airflow/dags/flex_eau_pipeline.py took 0.143 seconds
[2026-08-12T09:23:23.250+0000] {processor.py:186} INFO - Started process (PID=11611) to work on /opt/airflow/dags/flex_eau_pipeline.py
[2026-08-12T09:23:23.252+0000] {processor.py:914} INFO - Processing file /opt/airflow/dags/flex_eau_pipeline.py for tasks to queue
[2026-08-12T09:23:23.255+0000] {logging_mixin.py:190} INFO - [2026-08-12T09:23:23.254+0000] {dagbag.py:587} INFO - Filling up the DagBag from /opt/airflow/dags/flex_eau_pipeline.py
[2026-08-12T09:23:23.307+0000] {processor.py:925} INFO - DAG(s) 'flex_eau_pipeline' retrieved from /opt/airflow/dags/flex_eau_pipeline.py
[2026-08-12T09:23:23.372+0000] {logging_mixin.py:190} INFO - [2026-08-12T09:23:23.372+0000] {dag.py:3211} INFO - Sync 1 DAGs
[2026-08-12T09:23:23.423+0000] {logging_mixin.py:190} INFO - [2026-08-12T09:23:23.423+0000] {dag.py:4138} INFO - Setting next_dagrun for flex_eau_pipeline to 2026-08-12 00:00:00+00:00, run_after=2026-08-13 00:00:00+00:00
[2026-08-12T09:23:23.467+0000] {processor.py:208} INFO - Processing /opt/airflow/dags/flex_eau_pipeline.py took 0.239 seconds
[2026-08-12T09:23:53.925+0000] {processor.py:186} INFO - Started process (PID=11616) to work on /opt/airflow/dags/flex_eau_pipeline.py
[2026-08-12T09:23:53.926+0000] {processor.py:914} INFO - Processing file /opt/airflow/dags/flex_eau_pipeline.py for tasks to queue
[2026-08-12T09:23:53.929+0000] {logging_mixin.py:190} INFO - [2026-08-12T09:23:53.928+0000] {dagbag.py:587} INFO - Filling up the DagBag from /opt/airflow/dags/flex_eau_pipeline.py
[2026-08-12T09:23:53.958+0000] {processor.py:925} INFO - DAG(s) 'flex_eau_pipeline' retrieved from /opt/airflow/dags/flex_eau_pipeline.py
[2026-08-12T09:23:54.010+0000] {logging_mixin.py:190} INFO - [2026-08-12T09:23:54.010+0000] {dag.py:3211} INFO - Sync 1 DAGs
[2026-08-12T09:23:54.042+0000] {logging_mixin.py:190} INFO - [2026-08-12T09:23:54.042+0000] {dag.py:4138} INFO - Setting next_dagrun for flex_eau_pipeline to 2026-08-12 00:00:00+00:00, run_after=2026-08-13 00:00:00+00:00
[2026-08-12T09:23:54.070+0000] {processor.py:208} INFO - Processing /opt/airflow/dags/flex_eau_pipeline.py took 0.157 seconds
[2026-08-12T09:24:24.719+0000] {processor.py:186} INFO - Started process (PID=11621) to work on /opt/airflow/dags/flex_eau_pipeline.py
[2026-08-12T09:24:24.720+0000] {processor.py:914} INFO - Processing file /opt/airflow/dags/flex_eau_pipeline.py for tasks to queue
[2026-08-12T09:24:24.722+0000] {logging_mixin.py:190} INFO - [2026-08-12T09:24:24.722+0000] {dagbag.py:587} INFO - Filling up the DagBag from /opt/airflow/dags/flex_eau_pipeline.py
[2026-08-12T09:24:24.780+0000] {processor.py:925} INFO - DAG(s) 'flex_eau_pipeline' retrieved from /opt/airflow/dags/flex_eau_pipeline.py
[2026-08-12T09:24:24.859+0000] {logging_mixin.py:190} INFO - [2026-08-12T09:24:24.859+0000] {dag.py:3211} INFO - Sync 1 DAGs
[2026-08-12T09:24:24.886+0000] {logging_mixin.py:190} INFO - [2026-08-12T09:24:24.885+0000] {dag.py:4138} INFO - Setting next_dagrun for flex_eau_pipeline to 2026-08-12 00:00:00+00:00, run_after=2026-08-13 00:00:00+00:00
[2026-08-12T09:24:24.925+0000] {processor.py:208} INFO - Processing /opt/airflow/dags/flex_eau_pipeline.py took 0.215 seconds
[2026-08-12T09:24:55.481+0000] {processor.py:186} INFO - Started process (PID=11626) to work on /opt/airflow/dags/flex_eau_pipeline.py
[2026-08-12T09:24:55.483+0000] {processor.py:914} INFO - Processing file /opt/airflow/dags/flex_eau_pipeline.py for tasks to queue
[2026-08-12T09:24:55.485+0000] {logging_mixin.py:190} INFO - [2026-08-12T09:24:55.485+0000] {dagbag.py:587} INFO - Filling up the DagBag from /opt/airflow/dags/flex_eau_pipeline.py
[2026-08-12T09:24:55.542+0000] {processor.py:925} INFO - DAG(s) 'flex_eau_pipeline' retrieved from /opt/airflow/dags/flex_eau_pipeline.py
[2026-08-12T09:24:55.589+0000] {logging_mixin.py:190} INFO - [2026-08-12T09:24:55.589+0000] {dag.py:3211} INFO - Sync 1 DAGs
[2026-08-12T09:24:55.619+0000] {logging_mixin.py:190} INFO - [2026-08-12T09:24:55.619+0000] {dag.py:4138} INFO - Setting next_dagrun for flex_eau_pipeline to 2026-08-12 00:00:00+00:00, run_after=2026-08-13 00:00:00+00:00
[2026-08-12T09:24:55.650+0000] {processor.py:208} INFO - Processing /opt/airflow/dags/flex_eau_pipeline.py took 0.183 seconds
[2026-08-12T09:25:26.266+0000] {processor.py:186} INFO - Started process (PID=11631) to work on /opt/airflow/dags/flex_eau_pipeline.py
[2026-08-12T09:25:26.268+0000] {processor.py:914} INFO - Processing file /opt/airflow/dags/flex_eau_pipeline.py for tasks to queue
[2026-08-12T09:25:26.271+0000] {logging_mixin.py:190} INFO - [2026-08-12T09:25:26.270+0000] {dagbag.py:587} INFO - Filling up the DagBag from /opt/airflow/dags/flex_eau_pipeline.py
[2026-08-12T09:25:26.317+0000] {processor.py:925} INFO - DAG(s) 'flex_eau_pipeline' retrieved from /opt/airflow/dags/flex_eau_pipeline.py
[2026-08-12T09:25:26.374+0000] {logging_mixin.py:190} INFO - [2026-08-12T09:25:26.374+0000] {dag.py:3211} INFO - Sync 1 DAGs
[2026-08-12T09:25:26.412+0000] {logging_mixin.py:190} INFO - [2026-08-12T09:25:26.412+0000] {dag.py:4138} INFO - Setting next_dagrun for flex_eau_pipeline to 2026-08-12 00:00:00+00:00, run_after=2026-08-13 00:00:00+00:00
[2026-08-12T09:25:26.456+0000] {processor.py:208} INFO - Processing /opt/airflow/dags/flex_eau_pipeline.py took 0.201 seconds
[2026-08-12T09:25:56.896+0000] {processor.py:186} INFO - Started process (PID=11636) to work on /opt/airflow/dags/flex_eau_pipeline.py
[2026-08-12T09:25:56.898+0000] {processor.py:914} INFO - Processing file /opt/airflow/dags/flex_eau_pipeline.py for tasks to queue
[2026-08-12T09:25:56.900+0000] {logging_mixin.py:190} INFO - [2026-08-12T09:25:56.900+0000] {dagbag.py:587} INFO - Filling up the DagBag from /opt/airflow/dags/flex_eau_pipeline.py
[2026-08-12T09:25:56.931+0000] {processor.py:925} INFO - DAG(s) 'flex_eau_pipeline' retrieved from /opt/airflow/dags/flex_eau_pipeline.py
[2026-08-12T09:25:56.971+0000] {logging_mixin.py:190} INFO - [2026-08-12T09:25:56.971+0000] {dag.py:3211} INFO - Sync 1 DAGs
[2026-08-12T09:25:56.997+0000] {logging_mixin.py:190} INFO - [2026-08-12T09:25:56.996+0000] {dag.py:4138} INFO - Setting next_dagrun for flex_eau_pipeline to 2026-08-12 00:00:00+00:00, run_after=2026-08-13 00:00:00+00:00
[2026-08-12T09:25:57.022+0000] {processor.py:208} INFO - Processing /opt/airflow/dags/flex_eau_pipeline.py took 0.138 seconds
[2026-08-12T09:26:27.595+0000] {processor.py:186} INFO - Started process (PID=11641) to work on /opt/airflow/dags/flex_eau_pipeline.py
[2026-08-12T09:26:27.597+0000] {processor.py:914} INFO - Processing file /opt/airflow/dags/flex_eau_pipeline.py for tasks to queue
[2026-08-12T09:26:27.599+0000] {logging_mixin.py:190} INFO - [2026-08-12T09:26:27.599+0000] {dagbag.py:587} INFO - Filling up the DagBag from /opt/airflow/dags/flex_eau_pipeline.py
[2026-08-12T09:26:27.660+0000] {processor.py:925} INFO - DAG(s) 'flex_eau_pipeline' retrieved from /opt/airflow/dags/flex_eau_pipeline.py
[2026-08-12T09:26:27.726+0000] {logging_mixin.py:190} INFO - [2026-08-12T09:26:27.726+0000] {dag.py:3211} INFO - Sync 1 DAGs
[2026-08-12T09:26:27.754+0000] {logging_mixin.py:190} INFO - [2026-08-12T09:26:27.753+0000] {dag.py:4138} INFO - Setting next_dagrun for flex_eau_pipeline to 2026-08-12 00:00:00+00:00, run_after=2026-08-13 00:00:00+00:00
[2026-08-12T09:26:27.800+0000] {processor.py:208} INFO - Processing /opt/airflow/dags/flex_eau_pipeline.py took 0.218 seconds
[2026-08-12T09:26:58.258+0000] {processor.py:186} INFO - Started process (PID=11646) to work on /opt/airflow/dags/flex_eau_pipeline.py
[2026-08-12T09:26:58.260+0000] {processor.py:914} INFO - Processing file /opt/airflow/dags/flex_eau_pipeline.py for tasks to queue
[2026-08-12T09:26:58.262+0000] {logging_mixin.py:190} INFO - [2026-08-12T09:26:58.261+0000] {dagbag.py:587} INFO - Filling up the DagBag from /opt/airflow/dags/flex_eau_pipeline.py
[2026-08-12T09:26:58.322+0000] {processor.py:925} INFO - DAG(s) 'flex_eau_pipeline' retrieved from /opt/airflow/dags/flex_eau_pipeline.py
[2026-08-12T09:26:58.421+0000] {logging_mixin.py:190} INFO - [2026-08-12T09:26:58.420+0000] {dag.py:3211} INFO - Sync 1 DAGs
[2026-08-12T09:26:58.455+0000] {logging_mixin.py:190} INFO - [2026-08-12T09:26:58.455+0000] {dag.py:4138} INFO - Setting next_dagrun for flex_eau_pipeline to 2026-08-12 00:00:00+00:00, run_after=2026-08-13 00:00:00+00:00
[2026-08-12T09:26:58.491+0000] {processor.py:208} INFO - Processing /opt/airflow/dags/flex_eau_pipeline.py took 0.250 seconds
[2026-08-12T09:27:29.066+0000] {processor.py:186} INFO - Started process (PID=11651) to work on /opt/airflow/dags/flex_eau_pipeline.py
[2026-08-12T09:27:29.068+0000] {processor.py:914} INFO - Processing file /opt/airflow/dags/flex_eau_pipeline.py for tasks to queue
[2026-08-12T09:27:29.071+0000] {logging_mixin.py:190} INFO - [2026-08-12T09:27:29.071+0000] {dagbag.py:587} INFO - Filling up the DagBag from /opt/airflow/dags/flex_eau_pipeline.py
[2026-08-12T09:27:29.120+0000] {processor.py:925} INFO - DAG(s) 'flex_eau_pipeline' retrieved from /opt/airflow/dags/flex_eau_pipeline.py
[2026-08-12T09:27:29.185+0000] {logging_mixin.py:190} INFO - [2026-08-12T09:27:29.185+0000] {dag.py:3211} INFO - Sync 1 DAGs
[2026-08-12T09:27:29.209+0000] {logging_mixin.py:190} INFO - [2026-08-12T09:27:29.209+0000] {dag.py:4138} INFO - Setting next_dagrun for flex_eau_pipeline to 2026-08-12 00:00:00+00:00, run_after=2026-08-13 00:00:00+00:00
[2026-08-12T09:27:29.249+0000] {processor.py:208} INFO - Processing /opt/airflow/dags/flex_eau_pipeline.py took 0.197 seconds
[2026-08-12T09:27:59.703+0000] {processor.py:186} INFO - Started process (PID=11656) to work on /opt/airflow/dags/flex_eau_pipeline.py
[2026-08-12T09:27:59.706+0000] {processor.py:914} INFO - Processing file /opt/airflow/dags/flex_eau_pipeline.py for tasks to queue
[2026-08-12T09:27:59.709+0000] {logging_mixin.py:190} INFO - [2026-08-12T09:27:59.708+0000] {dagbag.py:587} INFO - Filling up the DagBag from /opt/airflow/dags/flex_eau_pipeline.py
[2026-08-12T09:27:59.744+0000] {processor.py:925} INFO - DAG(s) 'flex_eau_pipeline' retrieved from /opt/airflow/dags/flex_eau_pipeline.py
[2026-08-12T09:27:59.820+0000] {logging_mixin.py:190} INFO - [2026-08-12T09:27:59.819+0000] {dag.py:3211} INFO - Sync 1 DAGs
[2026-08-12T09:27:59.872+0000] {logging_mixin.py:190} INFO - [2026-08-12T09:27:59.872+0000] {dag.py:4138} INFO - Setting next_dagrun for flex_eau_pipeline to 2026-08-12 00:00:00+00:00, run_after=2026-08-13 00:00:00+00:00
[2026-08-12T09:27:59.920+0000] {processor.py:208} INFO - Processing /opt/airflow/dags/flex_eau_pipeline.py took 0.235 seconds
[2026-08-12T09:28:30.464+0000] {processor.py:186} INFO - Started process (PID=11661) to work on /opt/airflow/dags/flex_eau_pipeline.py
[2026-08-12T09:28:30.466+0000] {processor.py:914} INFO - Processing file /opt/airflow/dags/flex_eau_pipeline.py for tasks to queue
[2026-08-12T09:28:30.468+0000] {logging_mixin.py:190} INFO - [2026-08-12T09:28:30.468+0000] {dagbag.py:587} INFO - Filling up the DagBag from /opt/airflow/dags/flex_eau_pipeline.py
[2026-08-12T09:28:30.498+0000] {processor.py:925} INFO - DAG(s) 'flex_eau_pipeline' retrieved from /opt/airflow/dags/flex_eau_pipeline.py
[2026-08-12T09:28:30.540+0000] {logging_mixin.py:190} INFO - [2026-08-12T09:28:30.540+0000] {dag.py:3211} INFO - Sync 1 DAGs
[2026-08-12T09:28:30.568+0000] {logging_mixin.py:190} INFO - [2026-08-12T09:28:30.568+0000] {dag.py:4138} INFO - Setting next_dagrun for flex_eau_pipeline to 2026-08-12 00:00:00+00:00, run_after=2026-08-13 00:00:00+00:00
[2026-08-12T09:28:30.594+0000] {processor.py:208} INFO - Processing /opt/airflow/dags/flex_eau_pipeline.py took 0.141 seconds
[2026-08-12T09:29:01.137+0000] {processor.py:186} INFO - Started process (PID=11666) to work on /opt/airflow/dags/flex_eau_pipeline.py
[2026-08-12T09:29:01.139+0000] {processor.py:914} INFO - Processing file /opt/airflow/dags/flex_eau_pipeline.py for tasks to queue
[2026-08-12T09:29:01.142+0000] {logging_mixin.py:190} INFO - [2026-08-12T09:29:01.141+0000] {dagbag.py:587} INFO - Filling up the DagBag from /opt/airflow/dags/flex_eau_pipeline.py
[2026-08-12T09:29:01.192+0000] {processor.py:925} INFO - DAG(s) 'flex_eau_pipeline' retrieved from /opt/airflow/dags/flex_eau_pipeline.py
[2026-08-12T09:29:01.259+0000] {logging_mixin.py:190} INFO - [2026-08-12T09:29:01.259+0000] {dag.py:3211} INFO - Sync 1 DAGs
[2026-08-12T09:29:01.284+0000] {logging_mixin.py:190} INFO - [2026-08-12T09:29:01.284+0000] {dag.py:4138} INFO - Setting next_dagrun for flex_eau_pipeline to 2026-08-12 00:00:00+00:00, run_after=2026-08-13 00:00:00+00:00
[2026-08-12T09:29:01.308+0000] {processor.py:208} INFO - Processing /opt/airflow/dags/flex_eau_pipeline.py took 0.188 seconds
[2026-08-12T09:29:31.890+0000] {processor.py:186} INFO - Started process (PID=11671) to work on /opt/airflow/dags/flex_eau_pipeline.py
[2026-08-12T09:29:31.892+0000] {processor.py:914} INFO - Processing file /opt/airflow/dags/flex_eau_pipeline.py for tasks to queue
[2026-08-12T09:29:31.894+0000] {logging_mixin.py:190} INFO - [2026-08-12T09:29:31.894+0000] {dagbag.py:587} INFO - Filling up the DagBag from /opt/airflow/dags/flex_eau_pipeline.py
[2026-08-12T09:29:31.934+0000] {processor.py:925} INFO - DAG(s) 'flex_eau_pipeline' retrieved from /opt/airflow/dags/flex_eau_pipeline.py
[2026-08-12T09:29:31.989+0000] {logging_mixin.py:190} INFO - [2026-08-12T09:29:31.988+0000] {dag.py:3211} INFO - Sync 1 DAGs
[2026-08-12T09:29:32.032+0000] {logging_mixin.py:190} INFO - [2026-08-12T09:29:32.031+0000] {dag.py:4138} INFO - Setting next_dagrun for flex_eau_pipeline to 2026-08-12 00:00:00+00:00, run_after=2026-08-13 00:00:00+00:00
[2026-08-12T09:29:32.081+0000] {processor.py:208} INFO - Processing /opt/airflow/dags/flex_eau_pipeline.py took 0.203 seconds
[2026-08-12T09:39:18.940+0000] {processor.py:186} INFO - Started process (PID=11676) to work on /opt/airflow/dags/flex_eau_pipeline.py
[2026-08-12T09:39:18.964+0000] {processor.py:914} INFO - Processing file /opt/airflow/dags/flex_eau_pipeline.py for tasks to queue
[2026-08-12T09:39:18.999+0000] {logging_mixin.py:190} INFO - [2026-08-12T09:39:18.999+0000] {dagbag.py:587} INFO - Filling up the DagBag from /opt/airflow/dags/flex_eau_pipeline.py
[2026-08-12T09:39:19.260+0000] {processor.py:925} INFO - DAG(s) 'flex_eau_pipeline' retrieved from /opt/airflow/dags/flex_eau_pipeline.py
[2026-08-12T09:39:19.977+0000] {logging_mixin.py:190} INFO - [2026-08-12T09:39:19.976+0000] {dag.py:3211} INFO - Sync 1 DAGs
[2026-08-12T09:39:20.498+0000] {logging_mixin.py:190} INFO - [2026-08-12T09:39:20.497+0000] {dag.py:4138} INFO - Setting next_dagrun for flex_eau_pipeline to 2026-08-12 00:00:00+00:00, run_after=2026-08-13 00:00:00+00:00
[2026-08-12T09:39:20.855+0000] {processor.py:208} INFO - Processing /opt/airflow/dags/flex_eau_pipeline.py took 1.971 seconds
[2026-08-12T09:39:51.188+0000] {processor.py:186} INFO - Started process (PID=11681) to work on /opt/airflow/dags/flex_eau_pipeline.py
[2026-08-12T09:39:51.189+0000] {processor.py:914} INFO - Processing file /opt/airflow/dags/flex_eau_pipeline.py for tasks to queue
[2026-08-12T09:39:51.190+0000] {logging_mixin.py:190} INFO - [2026-08-12T09:39:51.190+0000] {dagbag.py:587} INFO - Filling up the DagBag from /opt/airflow/dags/flex_eau_pipeline.py
[2026-08-12T09:39:51.213+0000] {processor.py:925} INFO - DAG(s) 'flex_eau_pipeline' retrieved from /opt/airflow/dags/flex_eau_pipeline.py
[2026-08-12T09:39:51.252+0000] {logging_mixin.py:190} INFO - [2026-08-12T09:39:51.252+0000] {dag.py:3211} INFO - Sync 1 DAGs
[2026-08-12T09:39:51.276+0000] {logging_mixin.py:190} INFO - [2026-08-12T09:39:51.276+0000] {dag.py:4138} INFO - Setting next_dagrun for flex_eau_pipeline to 2026-08-12 00:00:00+00:00, run_after=2026-08-13 00:00:00+00:00
[2026-08-12T09:39:51.300+0000] {processor.py:208} INFO - Processing /opt/airflow/dags/flex_eau_pipeline.py took 0.119 seconds
[2026-08-12T09:40:21.479+0000] {processor.py:186} INFO - Started process (PID=11686) to work on /opt/airflow/dags/flex_eau_pipeline.py
[2026-08-12T09:40:21.481+0000] {processor.py:914} INFO - Processing file /opt/airflow/dags/flex_eau_pipeline.py for tasks to queue
[2026-08-12T09:40:21.482+0000] {logging_mixin.py:190} INFO - [2026-08-12T09:40:21.482+0000] {dagbag.py:587} INFO - Filling up the DagBag from /opt/airflow/dags/flex_eau_pipeline.py
[2026-08-12T09:40:21.509+0000] {processor.py:925} INFO - DAG(s) 'flex_eau_pipeline' retrieved from /opt/airflow/dags/flex_eau_pipeline.py
[2026-08-12T09:40:21.547+0000] {logging_mixin.py:190} INFO - [2026-08-12T09:40:21.547+0000] {dag.py:3211} INFO - Sync 1 DAGs
[2026-08-12T09:40:21.570+0000] {logging_mixin.py:190} INFO - [2026-08-12T09:40:21.570+0000] {dag.py:4138} INFO - Setting next_dagrun for flex_eau_pipeline to 2026-08-12 00:00:00+00:00, run_after=2026-08-13 00:00:00+00:00
[2026-08-12T09:40:21.597+0000] {processor.py:208} INFO - Processing /opt/airflow/dags/flex_eau_pipeline.py took 0.127 seconds
[2026-08-12T09:40:52.094+0000] {processor.py:186} INFO - Started process (PID=11691) to work on /opt/airflow/dags/flex_eau_pipeline.py
[2026-08-12T09:40:52.097+0000] {processor.py:914} INFO - Processing file /opt/airflow/dags/flex_eau_pipeline.py for tasks to queue
[2026-08-12T09:40:52.099+0000] {logging_mixin.py:190} INFO - [2026-08-12T09:40:52.099+0000] {dagbag.py:587} INFO - Filling up the DagBag from /opt/airflow/dags/flex_eau_pipeline.py
[2026-08-12T09:40:52.144+0000] {processor.py:925} INFO - DAG(s) 'flex_eau_pipeline' retrieved from /opt/airflow/dags/flex_eau_pipeline.py
[2026-08-12T09:40:52.200+0000] {logging_mixin.py:190} INFO - [2026-08-12T09:40:52.199+0000] {dag.py:3211} INFO - Sync 1 DAGs
[2026-08-12T09:40:52.230+0000] {logging_mixin.py:190} INFO - [2026-08-12T09:40:52.230+0000] {dag.py:4138} INFO - Setting next_dagrun for flex_eau_pipeline to 2026-08-12 00:00:00+00:00, run_after=2026-08-13 00:00:00+00:00
[2026-08-12T09:40:52.263+0000] {processor.py:208} INFO - Processing /opt/airflow/dags/flex_eau_pipeline.py took 0.182 seconds
[2026-08-12T09:41:22.671+0000] {processor.py:186} INFO - Started process (PID=11696) to work on /opt/airflow/dags/flex_eau_pipeline.py
[2026-08-12T09:41:22.673+0000] {processor.py:914} INFO - Processing file /opt/airflow/dags/flex_eau_pipeline.py for tasks to queue
[2026-08-12T09:41:22.675+0000] {logging_mixin.py:190} INFO - [2026-08-12T09:41:22.674+0000] {dagbag.py:587} INFO - Filling up the DagBag from /opt/airflow/dags/flex_eau_pipeline.py
[2026-08-12T09:41:22.705+0000] {processor.py:925} INFO - DAG(s) 'flex_eau_pipeline' retrieved from /opt/airflow/dags/flex_eau_pipeline.py
[2026-08-12T09:41:22.755+0000] {logging_mixin.py:190} INFO - [2026-08-12T09:41:22.755+0000] {dag.py:3211} INFO - Sync 1 DAGs
[2026-08-12T09:41:22.785+0000] {logging_mixin.py:190} INFO - [2026-08-12T09:41:22.785+0000] {dag.py:4138} INFO - Setting next_dagrun for flex_eau_pipeline to 2026-08-12 00:00:00+00:00, run_after=2026-08-13 00:00:00+00:00
[2026-08-12T09:41:22.810+0000] {processor.py:208} INFO - Processing /opt/airflow/dags/flex_eau_pipeline.py took 0.149 seconds
[2026-08-12T09:41:53.350+0000] {processor.py:186} INFO - Started process (PID=11701) to work on /opt/airflow/dags/flex_eau_pipeline.py
[2026-08-12T09:41:53.352+0000] {processor.py:914} INFO - Processing file /opt/airflow/dags/flex_eau_pipeline.py for tasks to queue
[2026-08-12T09:41:53.354+0000] {logging_mixin.py:190} INFO - [2026-08-12T09:41:53.353+0000] {dagbag.py:587} INFO - Filling up the DagBag from /opt/airflow/dags/flex_eau_pipeline.py
[2026-08-12T09:41:53.383+0000] {processor.py:925} INFO - DAG(s) 'flex_eau_pipeline' retrieved from /opt/airflow/dags/flex_eau_pipeline.py
[2026-08-12T09:41:53.434+0000] {logging_mixin.py:190} INFO - [2026-08-12T09:41:53.434+0000] {dag.py:3211} INFO - Sync 1 DAGs
[2026-08-12T09:41:53.469+0000] {logging_mixin.py:190} INFO - [2026-08-12T09:41:53.469+0000] {dag.py:4138} INFO - Setting next_dagrun for flex_eau_pipeline to 2026-08-12 00:00:00+00:00, run_after=2026-08-13 00:00:00+00:00
[2026-08-12T09:41:53.508+0000] {processor.py:208} INFO - Processing /opt/airflow/dags/flex_eau_pipeline.py took 0.168 seconds
[2026-08-12T09:42:23.952+0000] {processor.py:186} INFO - Started process (PID=11706) to work on /opt/airflow/dags/flex_eau_pipeline.py
[2026-08-12T09:42:23.954+0000] {processor.py:914} INFO - Processing file /opt/airflow/dags/flex_eau_pipeline.py for tasks to queue
[2026-08-12T09:42:23.956+0000] {logging_mixin.py:190} INFO - [2026-08-12T09:42:23.956+0000] {dagbag.py:587} INFO - Filling up the DagBag from /opt/airflow/dags/flex_eau_pipeline.py
[2026-08-12T09:42:23.985+0000] {processor.py:925} INFO - DAG(s) 'flex_eau_pipeline' retrieved from /opt/airflow/dags/flex_eau_pipeline.py
[2026-08-12T09:42:24.030+0000] {logging_mixin.py:190} INFO - [2026-08-12T09:42:24.029+0000] {dag.py:3211} INFO - Sync 1 DAGs
[2026-08-12T09:42:24.063+0000] {logging_mixin.py:190} INFO - [2026-08-12T09:42:24.063+0000] {dag.py:4138} INFO - Setting next_dagrun for flex_eau_pipeline to 2026-08-12 00:00:00+00:00, run_after=2026-08-13 00:00:00+00:00
[2026-08-12T09:42:24.106+0000] {processor.py:208} INFO - Processing /opt/airflow/dags/flex_eau_pipeline.py took 0.165 seconds
[2026-08-12T09:42:54.629+0000] {processor.py:186} INFO - Started process (PID=11711) to work on /opt/airflow/dags/flex_eau_pipeline.py
[2026-08-12T09:42:54.630+0000] {processor.py:914} INFO - Processing file /opt/airflow/dags/flex_eau_pipeline.py for tasks to queue
[2026-08-12T09:42:54.632+0000] {logging_mixin.py:190} INFO - [2026-08-12T09:42:54.632+0000] {dagbag.py:587} INFO - Filling up the DagBag from /opt/airflow/dags/flex_eau_pipeline.py
[2026-08-12T09:42:54.664+0000] {processor.py:925} INFO - DAG(s) 'flex_eau_pipeline' retrieved from /opt/airflow/dags/flex_eau_pipeline.py
[2026-08-12T09:42:54.714+0000] {logging_mixin.py:190} INFO - [2026-08-12T09:42:54.713+0000] {dag.py:3211} INFO - Sync 1 DAGs
[2026-08-12T09:42:54.746+0000] {logging_mixin.py:190} INFO - [2026-08-12T09:42:54.746+0000] {dag.py:4138} INFO - Setting next_dagrun for flex_eau_pipeline to 2026-08-12 00:00:00+00:00, run_after=2026-08-13 00:00:00+00:00
[2026-08-12T09:42:54.771+0000] {processor.py:208} INFO - Processing /opt/airflow/dags/flex_eau_pipeline.py took 0.153 seconds
[2026-08-12T09:43:25.209+0000] {processor.py:186} INFO - Started process (PID=11716) to work on /opt/airflow/dags/flex_eau_pipeline.py
[2026-08-12T09:43:25.211+0000] {processor.py:914} INFO - Processing file /opt/airflow/dags/flex_eau_pipeline.py for tasks to queue
[2026-08-12T09:43:25.213+0000] {logging_mixin.py:190} INFO - [2026-08-12T09:43:25.213+0000] {dagbag.py:587} INFO - Filling up the DagBag from /opt/airflow/dags/flex_eau_pipeline.py
[2026-08-12T09:43:25.242+0000] {processor.py:925} INFO - DAG(s) 'flex_eau_pipeline' retrieved from /opt/airflow/dags/flex_eau_pipeline.py
[2026-08-12T09:43:25.289+0000] {logging_mixin.py:190} INFO - [2026-08-12T09:43:25.289+0000] {dag.py:3211} INFO - Sync 1 DAGs
[2026-08-12T09:43:25.320+0000] {logging_mixin.py:190} INFO - [2026-08-12T09:43:25.320+0000] {dag.py:4138} INFO - Setting next_dagrun for flex_eau_pipeline to 2026-08-12 00:00:00+00:00, run_after=2026-08-13 00:00:00+00:00
[2026-08-12T09:43:25.349+0000] {processor.py:208} INFO - Processing /opt/airflow/dags/flex_eau_pipeline.py took 0.150 seconds
[2026-08-12T09:43:55.868+0000] {processor.py:186} INFO - Started process (PID=11721) to work on /opt/airflow/dags/flex_eau_pipeline.py
[2026-08-12T09:43:55.870+0000] {processor.py:914} INFO - Processing file /opt/airflow/dags/flex_eau_pipeline.py for tasks to queue
[2026-08-12T09:43:55.872+0000] {logging_mixin.py:190} INFO - [2026-08-12T09:43:55.871+0000] {dagbag.py:587} INFO - Filling up the DagBag from /opt/airflow/dags/flex_eau_pipeline.py
[2026-08-12T09:43:55.902+0000] {processor.py:925} INFO - DAG(s) 'flex_eau_pipeline' retrieved from /opt/airflow/dags/flex_eau_pipeline.py
[2026-08-12T09:43:55.946+0000] {logging_mixin.py:190} INFO - [2026-08-12T09:43:55.946+0000] {dag.py:3211} INFO - Sync 1 DAGs
[2026-08-12T09:43:55.984+0000] {logging_mixin.py:190} INFO - [2026-08-12T09:43:55.984+0000] {dag.py:4138} INFO - Setting next_dagrun for flex_eau_pipeline to 2026-08-12 00:00:00+00:00, run_after=2026-08-13 00:00:00+00:00
[2026-08-12T09:43:56.035+0000] {processor.py:208} INFO - Processing /opt/airflow/dags/flex_eau_pipeline.py took 0.176 seconds
[2026-08-12T09:44:26.654+0000] {processor.py:186} INFO - Started process (PID=11726) to work on /opt/airflow/dags/flex_eau_pipeline.py
[2026-08-12T09:44:26.655+0000] {processor.py:914} INFO - Processing file /opt/airflow/dags/flex_eau_pipeline.py for tasks to queue
[2026-08-12T09:44:26.657+0000] {logging_mixin.py:190} INFO - [2026-08-12T09:44:26.657+0000] {dagbag.py:587} INFO - Filling up the DagBag from /opt/airflow/dags/flex_eau_pipeline.py
[2026-08-12T09:44:26.684+0000] {processor.py:925} INFO - DAG(s) 'flex_eau_pipeline' retrieved from /opt/airflow/dags/flex_eau_pipeline.py
[2026-08-12T09:44:26.729+0000] {logging_mixin.py:190} INFO - [2026-08-12T09:44:26.729+0000] {dag.py:3211} INFO - Sync 1 DAGs
[2026-08-12T09:44:26.762+0000] {logging_mixin.py:190} INFO - [2026-08-12T09:44:26.762+0000] {dag.py:4138} INFO - Setting next_dagrun for flex_eau_pipeline to 2026-08-12 00:00:00+00:00, run_after=2026-08-13 00:00:00+00:00
[2026-08-12T09:44:26.793+0000] {processor.py:208} INFO - Processing /opt/airflow/dags/flex_eau_pipeline.py took 0.148 seconds
[2026-08-12T09:44:57.282+0000] {processor.py:186} INFO - Started process (PID=11731) to work on /opt/airflow/dags/flex_eau_pipeline.py
[2026-08-12T09:44:57.284+0000] {processor.py:914} INFO - Processing file /opt/airflow/dags/flex_eau_pipeline.py for tasks to queue
[2026-08-12T09:44:57.286+0000] {logging_mixin.py:190} INFO - [2026-08-12T09:44:57.286+0000] {dagbag.py:587} INFO - Filling up the DagBag from /opt/airflow/dags/flex_eau_pipeline.py
[2026-08-12T09:44:57.315+0000] {processor.py:925} INFO - DAG(s) 'flex_eau_pipeline' retrieved from /opt/airflow/dags/flex_eau_pipeline.py
[2026-08-12T09:44:57.359+0000] {logging_mixin.py:190} INFO - [2026-08-12T09:44:57.359+0000] {dag.py:3211} INFO - Sync 1 DAGs
[2026-08-12T09:44:57.390+0000] {logging_mixin.py:190} INFO - [2026-08-12T09:44:57.389+0000] {dag.py:4138} INFO - Setting next_dagrun for flex_eau_pipeline to 2026-08-12 00:00:00+00:00, run_after=2026-08-13 00:00:00+00:00
[2026-08-12T09:44:57.429+0000] {processor.py:208} INFO - Processing /opt/airflow/dags/flex_eau_pipeline.py took 0.157 seconds
[2026-08-12T09:45:28.070+0000] {processor.py:186} INFO - Started process (PID=11736) to work on /opt/airflow/dags/flex_eau_pipeline.py
[2026-08-12T09:45:28.072+0000] {processor.py:914} INFO - Processing file /opt/airflow/dags/flex_eau_pipeline.py for tasks to queue
[2026-08-12T09:45:28.074+0000] {logging_mixin.py:190} INFO - [2026-08-12T09:45:28.073+0000] {dagbag.py:587} INFO - Filling up the DagBag from /opt/airflow/dags/flex_eau_pipeline.py
[2026-08-12T09:45:28.105+0000] {processor.py:925} INFO - DAG(s) 'flex_eau_pipeline' retrieved from /opt/airflow/dags/flex_eau_pipeline.py
[2026-08-12T09:45:28.153+0000] {logging_mixin.py:190} INFO - [2026-08-12T09:45:28.153+0000] {dag.py:3211} INFO - Sync 1 DAGs
[2026-08-12T09:45:28.189+0000] {logging_mixin.py:190} INFO - [2026-08-12T09:45:28.189+0000] {dag.py:4138} INFO - Setting next_dagrun for flex_eau_pipeline to 2026-08-12 00:00:00+00:00, run_after=2026-08-13 00:00:00+00:00
[2026-08-12T09:45:28.220+0000] {processor.py:208} INFO - Processing /opt/airflow/dags/flex_eau_pipeline.py took 0.159 seconds
[2026-08-12T09:45:58.603+0000] {processor.py:186} INFO - Started process (PID=11741) to work on /opt/airflow/dags/flex_eau_pipeline.py
[2026-08-12T09:45:58.604+0000] {processor.py:914} INFO - Processing file /opt/airflow/dags/flex_eau_pipeline.py for tasks to queue
[2026-08-12T09:45:58.606+0000] {logging_mixin.py:190} INFO - [2026-08-12T09:45:58.606+0000] {dagbag.py:587} INFO - Filling up the DagBag from /opt/airflow/dags/flex_eau_pipeline.py
[2026-08-12T09:45:58.647+0000] {processor.py:925} INFO - DAG(s) 'flex_eau_pipeline' retrieved from /opt/airflow/dags/flex_eau_pipeline.py
[2026-08-12T09:45:58.706+0000] {logging_mixin.py:190} INFO - [2026-08-12T09:45:58.705+0000] {dag.py:3211} INFO - Sync 1 DAGs
[2026-08-12T09:45:58.757+0000] {logging_mixin.py:190} INFO - [2026-08-12T09:45:58.756+0000] {dag.py:4138} INFO - Setting next_dagrun for flex_eau_pipeline to 2026-08-12 00:00:00+00:00, run_after=2026-08-13 00:00:00+00:00
[2026-08-12T09:45:58.800+0000] {processor.py:208} INFO - Processing /opt/airflow/dags/flex_eau_pipeline.py took 0.208 seconds
[2026-08-12T09:46:29.411+0000] {processor.py:186} INFO - Started process (PID=11746) to work on /opt/airflow/dags/flex_eau_pipeline.py
[2026-08-12T09:46:29.413+0000] {processor.py:914} INFO - Processing file /opt/airflow/dags/flex_eau_pipeline.py for tasks to queue
[2026-08-12T09:46:29.415+0000] {logging_mixin.py:190} INFO - [2026-08-12T09:46:29.414+0000] {dagbag.py:587} INFO - Filling up the DagBag from /opt/airflow/dags/flex_eau_pipeline.py
[2026-08-12T09:46:29.458+0000] {processor.py:925} INFO - DAG(s) 'flex_eau_pipeline' retrieved from /opt/airflow/dags/flex_eau_pipeline.py
[2026-08-12T09:46:29.502+0000] {logging_mixin.py:190} INFO - [2026-08-12T09:46:29.502+0000] {dag.py:3211} INFO - Sync 1 DAGs
[2026-08-12T09:46:29.534+0000] {logging_mixin.py:190} INFO - [2026-08-12T09:46:29.534+0000] {dag.py:4138} INFO - Setting next_dagrun for flex_eau_pipeline to 2026-08-12 00:00:00+00:00, run_after=2026-08-13 00:00:00+00:00
[2026-08-12T09:46:29.565+0000] {processor.py:208} INFO - Processing /opt/airflow/dags/flex_eau_pipeline.py took 0.164 seconds
[2026-08-12T09:46:59.939+0000] {processor.py:186} INFO - Started process (PID=11751) to work on /opt/airflow/dags/flex_eau_pipeline.py
[2026-08-12T09:46:59.941+0000] {processor.py:914} INFO - Processing file /opt/airflow/dags/flex_eau_pipeline.py for tasks to queue
[2026-08-12T09:46:59.942+0000] {logging_mixin.py:190} INFO - [2026-08-12T09:46:59.942+0000] {dagbag.py:587} INFO - Filling up the DagBag from /opt/airflow/dags/flex_eau_pipeline.py
[2026-08-12T09:46:59.969+0000] {processor.py:925} INFO - DAG(s) 'flex_eau_pipeline' retrieved from /opt/airflow/dags/flex_eau_pipeline.py
[2026-08-12T09:47:00.016+0000] {logging_mixin.py:190} INFO - [2026-08-12T09:47:00.016+0000] {dag.py:3211} INFO - Sync 1 DAGs
[2026-08-12T09:47:00.047+0000] {logging_mixin.py:190} INFO - [2026-08-12T09:47:00.047+0000] {dag.py:4138} INFO - Setting next_dagrun for flex_eau_pipeline to 2026-08-12 00:00:00+00:00, run_after=2026-08-13 00:00:00+00:00
[2026-08-12T09:47:00.075+0000] {processor.py:208} INFO - Processing /opt/airflow/dags/flex_eau_pipeline.py took 0.145 seconds
[2026-08-12T09:47:30.517+0000] {processor.py:186} INFO - Started process (PID=11756) to work on /opt/airflow/dags/flex_eau_pipeline.py
[2026-08-12T09:47:30.518+0000] {processor.py:914} INFO - Processing file /opt/airflow/dags/flex_eau_pipeline.py for tasks to queue
[2026-08-12T09:47:30.520+0000] {logging_mixin.py:190} INFO - [2026-08-12T09:47:30.520+0000] {dagbag.py:587} INFO - Filling up the DagBag from /opt/airflow/dags/flex_eau_pipeline.py
[2026-08-12T09:47:30.551+0000] {processor.py:925} INFO - DAG(s) 'flex_eau_pipeline' retrieved from /opt/airflow/dags/flex_eau_pipeline.py
[2026-08-12T09:47:30.600+0000] {logging_mixin.py:190} INFO - [2026-08-12T09:47:30.600+0000] {dag.py:3211} INFO - Sync 1 DAGs
[2026-08-12T09:47:30.631+0000] {logging_mixin.py:190} INFO - [2026-08-12T09:47:30.631+0000] {dag.py:4138} INFO - Setting next_dagrun for flex_eau_pipeline to 2026-08-12 00:00:00+00:00, run_after=2026-08-13 00:00:00+00:00
[2026-08-12T09:47:30.661+0000] {processor.py:208} INFO - Processing /opt/airflow/dags/flex_eau_pipeline.py took 0.157 seconds
[2026-08-12T09:48:01.200+0000] {processor.py:186} INFO - Started process (PID=11761) to work on /opt/airflow/dags/flex_eau_pipeline.py
[2026-08-12T09:48:01.202+0000] {processor.py:914} INFO - Processing file /opt/airflow/dags/flex_eau_pipeline.py for tasks to queue
[2026-08-12T09:48:01.204+0000] {logging_mixin.py:190} INFO - [2026-08-12T09:48:01.204+0000] {dagbag.py:587} INFO - Filling up the DagBag from /opt/airflow/dags/flex_eau_pipeline.py
[2026-08-12T09:48:01.232+0000] {processor.py:925} INFO - DAG(s) 'flex_eau_pipeline' retrieved from /opt/airflow/dags/flex_eau_pipeline.py
[2026-08-12T09:48:01.278+0000] {logging_mixin.py:190} INFO - [2026-08-12T09:48:01.277+0000] {dag.py:3211} INFO - Sync 1 DAGs
[2026-08-12T09:48:01.309+0000] {logging_mixin.py:190} INFO - [2026-08-12T09:48:01.308+0000] {dag.py:4138} INFO - Setting next_dagrun for flex_eau_pipeline to 2026-08-12 00:00:00+00:00, run_after=2026-08-13 00:00:00+00:00
[2026-08-12T09:48:01.349+0000] {processor.py:208} INFO - Processing /opt/airflow/dags/flex_eau_pipeline.py took 0.161 seconds
[2026-08-12T09:48:31.792+0000] {processor.py:186} INFO - Started process (PID=11766) to work on /opt/airflow/dags/flex_eau_pipeline.py
[2026-08-12T09:48:31.794+0000] {processor.py:914} INFO - Processing file /opt/airflow/dags/flex_eau_pipeline.py for tasks to queue
[2026-08-12T09:48:31.796+0000] {logging_mixin.py:190} INFO - [2026-08-12T09:48:31.795+0000] {dagbag.py:587} INFO - Filling up the DagBag from /opt/airflow/dags/flex_eau_pipeline.py
[2026-08-12T09:48:31.855+0000] {processor.py:925} INFO - DAG(s) 'flex_eau_pipeline' retrieved from /opt/airflow/dags/flex_eau_pipeline.py
[2026-08-12T09:48:31.941+0000] {logging_mixin.py:190} INFO - [2026-08-12T09:48:31.941+0000] {dag.py:3211} INFO - Sync 1 DAGs
[2026-08-12T09:48:31.972+0000] {logging_mixin.py:190} INFO - [2026-08-12T09:48:31.971+0000] {dag.py:4138} INFO - Setting next_dagrun for flex_eau_pipeline to 2026-08-12 00:00:00+00:00, run_after=2026-08-13 00:00:00+00:00
[2026-08-12T09:48:32.013+0000] {processor.py:208} INFO - Processing /opt/airflow/dags/flex_eau_pipeline.py took 0.230 seconds
[2026-08-12T09:49:02.519+0000] {processor.py:186} INFO - Started process (PID=11771) to work on /opt/airflow/dags/flex_eau_pipeline.py
[2026-08-12T09:49:02.521+0000] {processor.py:914} INFO - Processing file /opt/airflow/dags/flex_eau_pipeline.py for tasks to queue
[2026-08-12T09:49:02.524+0000] {logging_mixin.py:190} INFO - [2026-08-12T09:49:02.523+0000] {dagbag.py:587} INFO - Filling up the DagBag from /opt/airflow/dags/flex_eau_pipeline.py
[2026-08-12T09:49:02.552+0000] {processor.py:925} INFO - DAG(s) 'flex_eau_pipeline' retrieved from /opt/airflow/dags/flex_eau_pipeline.py
[2026-08-12T09:49:02.601+0000] {logging_mixin.py:190} INFO - [2026-08-12T09:49:02.601+0000] {dag.py:3211} INFO - Sync 1 DAGs
[2026-08-12T09:49:02.631+0000] {logging_mixin.py:190} INFO - [2026-08-12T09:49:02.631+0000] {dag.py:4138} INFO - Setting next_dagrun for flex_eau_pipeline to 2026-08-12 00:00:00+00:00, run_after=2026-08-13 00:00:00+00:00
[2026-08-12T09:49:02.676+0000] {processor.py:208} INFO - Processing /opt/airflow/dags/flex_eau_pipeline.py took 0.169 seconds
[2026-08-12T09:49:33.292+0000] {processor.py:186} INFO - Started process (PID=11776) to work on /opt/airflow/dags/flex_eau_pipeline.py
[2026-08-12T09:49:33.294+0000] {processor.py:914} INFO - Processing file /opt/airflow/dags/flex_eau_pipeline.py for tasks to queue
[2026-08-12T09:49:33.298+0000] {logging_mixin.py:190} INFO - [2026-08-12T09:49:33.297+0000] {dagbag.py:587} INFO - Filling up the DagBag from /opt/airflow/dags/flex_eau_pipeline.py
[2026-08-12T09:49:33.361+0000] {processor.py:925} INFO - DAG(s) 'flex_eau_pipeline' retrieved from /opt/airflow/dags/flex_eau_pipeline.py
[2026-08-12T09:49:33.459+0000] {logging_mixin.py:190} INFO - [2026-08-12T09:49:33.459+0000] {dag.py:3211} INFO - Sync 1 DAGs
[2026-08-12T09:49:33.506+0000] {logging_mixin.py:190} INFO - [2026-08-12T09:49:33.505+0000] {dag.py:4138} INFO - Setting next_dagrun for flex_eau_pipeline to 2026-08-12 00:00:00+00:00, run_after=2026-08-13 00:00:00+00:00
[2026-08-12T09:49:33.546+0000] {processor.py:208} INFO - Processing /opt/airflow/dags/flex_eau_pipeline.py took 0.268 seconds
[2026-08-12T09:50:03.899+0000] {processor.py:186} INFO - Started process (PID=11781) to work on /opt/airflow/dags/flex_eau_pipeline.py
[2026-08-12T09:50:03.900+0000] {processor.py:914} INFO - Processing file /opt/airflow/dags/flex_eau_pipeline.py for tasks to queue
[2026-08-12T09:50:03.902+0000] {logging_mixin.py:190} INFO - [2026-08-12T09:50:03.901+0000] {dagbag.py:587} INFO - Filling up the DagBag from /opt/airflow/dags/flex_eau_pipeline.py
[2026-08-12T09:50:03.927+0000] {processor.py:925} INFO - DAG(s) 'flex_eau_pipeline' retrieved from /opt/airflow/dags/flex_eau_pipeline.py
[2026-08-12T09:50:03.977+0000] {logging_mixin.py:190} INFO - [2026-08-12T09:50:03.976+0000] {dag.py:3211} INFO - Sync 1 DAGs
[2026-08-12T09:50:04.018+0000] {logging_mixin.py:190} INFO - [2026-08-12T09:50:04.017+0000] {dag.py:4138} INFO - Setting next_dagrun for flex_eau_pipeline to 2026-08-12 00:00:00+00:00, run_after=2026-08-13 00:00:00+00:00
[2026-08-12T09:50:04.062+0000] {processor.py:208} INFO - Processing /opt/airflow/dags/flex_eau_pipeline.py took 0.176 seconds
[2026-08-12T09:50:34.765+0000] {processor.py:186} INFO - Started process (PID=11786) to work on /opt/airflow/dags/flex_eau_pipeline.py
[2026-08-12T09:50:34.767+0000] {processor.py:914} INFO - Processing file /opt/airflow/dags/flex_eau_pipeline.py for tasks to queue
[2026-08-12T09:50:34.769+0000] {logging_mixin.py:190} INFO - [2026-08-12T09:50:34.768+0000] {dagbag.py:587} INFO - Filling up the DagBag from /opt/airflow/dags/flex_eau_pipeline.py
[2026-08-12T09:50:34.802+0000] {processor.py:925} INFO - DAG(s) 'flex_eau_pipeline' retrieved from /opt/airflow/dags/flex_eau_pipeline.py
[2026-08-12T09:50:34.851+0000] {logging_mixin.py:190} INFO - [2026-08-12T09:50:34.850+0000] {dag.py:3211} INFO - Sync 1 DAGs
[2026-08-12T09:50:34.880+0000] {logging_mixin.py:190} INFO - [2026-08-12T09:50:34.880+0000] {dag.py:4138} INFO - Setting next_dagrun for flex_eau_pipeline to 2026-08-12 00:00:00+00:00, run_after=2026-08-13 00:00:00+00:00
[2026-08-12T09:50:34.912+0000] {processor.py:208} INFO - Processing /opt/airflow/dags/flex_eau_pipeline.py took 0.159 seconds
[2026-08-12T09:51:05.297+0000] {processor.py:186} INFO - Started process (PID=11791) to work on /opt/airflow/dags/flex_eau_pipeline.py
[2026-08-12T09:51:05.299+0000] {processor.py:914} INFO - Processing file /opt/airflow/dags/flex_eau_pipeline.py for tasks to queue
[2026-08-12T09:51:05.301+0000] {logging_mixin.py:190} INFO - [2026-08-12T09:51:05.301+0000] {dagbag.py:587} INFO - Filling up the DagBag from /opt/airflow/dags/flex_eau_pipeline.py
[2026-08-12T09:51:05.332+0000] {processor.py:925} INFO - DAG(s) 'flex_eau_pipeline' retrieved from /opt/airflow/dags/flex_eau_pipeline.py
[2026-08-12T09:51:05.385+0000] {logging_mixin.py:190} INFO - [2026-08-12T09:51:05.385+0000] {dag.py:3211} INFO - Sync 1 DAGs
[2026-08-12T09:51:05.428+0000] {logging_mixin.py:190} INFO - [2026-08-12T09:51:05.427+0000] {dag.py:4138} INFO - Setting next_dagrun for flex_eau_pipeline to 2026-08-12 00:00:00+00:00, run_after=2026-08-13 00:00:00+00:00
[2026-08-12T09:51:05.478+0000] {processor.py:208} INFO - Processing /opt/airflow/dags/flex_eau_pipeline.py took 0.196 seconds
[2026-08-12T09:51:36.232+0000] {processor.py:186} INFO - Started process (PID=11796) to work on /opt/airflow/dags/flex_eau_pipeline.py
[2026-08-12T09:51:36.234+0000] {processor.py:914} INFO - Processing file /opt/airflow/dags/flex_eau_pipeline.py for tasks to queue
[2026-08-12T09:51:36.237+0000] {logging_mixin.py:190} INFO - [2026-08-12T09:51:36.237+0000] {dagbag.py:587} INFO - Filling up the DagBag from /opt/airflow/dags/flex_eau_pipeline.py
[2026-08-12T09:51:36.271+0000] {processor.py:925} INFO - DAG(s) 'flex_eau_pipeline' retrieved from /opt/airflow/dags/flex_eau_pipeline.py
[2026-08-12T09:51:36.330+0000] {logging_mixin.py:190} INFO - [2026-08-12T09:51:36.330+0000] {dag.py:3211} INFO - Sync 1 DAGs
[2026-08-12T09:51:36.368+0000] {logging_mixin.py:190} INFO - [2026-08-12T09:51:36.367+0000] {dag.py:4138} INFO - Setting next_dagrun for flex_eau_pipeline to 2026-08-12 00:00:00+00:00, run_after=2026-08-13 00:00:00+00:00
[2026-08-12T09:51:36.404+0000] {processor.py:208} INFO - Processing /opt/airflow/dags/flex_eau_pipeline.py took 0.185 seconds
[2026-08-12T09:52:06.770+0000] {processor.py:186} INFO - Started process (PID=11801) to work on /opt/airflow/dags/flex_eau_pipeline.py
[2026-08-12T09:52:06.772+0000] {processor.py:914} INFO - Processing file /opt/airflow/dags/flex_eau_pipeline.py for tasks to queue
[2026-08-12T09:52:06.775+0000] {logging_mixin.py:190} INFO - [2026-08-12T09:52:06.774+0000] {dagbag.py:587} INFO - Filling up the DagBag from /opt/airflow/dags/flex_eau_pipeline.py
[2026-08-12T09:52:06.810+0000] {processor.py:925} INFO - DAG(s) 'flex_eau_pipeline' retrieved from /opt/airflow/dags/flex_eau_pipeline.py
[2026-08-12T09:52:06.858+0000] {logging_mixin.py:190} INFO - [2026-08-12T09:52:06.858+0000] {dag.py:3211} INFO - Sync 1 DAGs
[2026-08-12T09:52:06.892+0000] {logging_mixin.py:190} INFO - [2026-08-12T09:52:06.891+0000] {dag.py:4138} INFO - Setting next_dagrun for flex_eau_pipeline to 2026-08-12 00:00:00+00:00, run_after=2026-08-13 00:00:00+00:00
[2026-08-12T09:52:06.925+0000] {processor.py:208} INFO - Processing /opt/airflow/dags/flex_eau_pipeline.py took 0.164 seconds
[2026-08-12T09:52:37.390+0000] {processor.py:186} INFO - Started process (PID=11806) to work on /opt/airflow/dags/flex_eau_pipeline.py
[2026-08-12T09:52:37.392+0000] {processor.py:914} INFO - Processing file /opt/airflow/dags/flex_eau_pipeline.py for tasks to queue
[2026-08-12T09:52:37.394+0000] {logging_mixin.py:190} INFO - [2026-08-12T09:52:37.393+0000] {dagbag.py:587} INFO - Filling up the DagBag from /opt/airflow/dags/flex_eau_pipeline.py
[2026-08-12T09:52:37.421+0000] {processor.py:925} INFO - DAG(s) 'flex_eau_pipeline' retrieved from /opt/airflow/dags/flex_eau_pipeline.py
[2026-08-12T09:52:37.463+0000] {logging_mixin.py:190} INFO - [2026-08-12T09:52:37.463+0000] {dag.py:3211} INFO - Sync 1 DAGs
[2026-08-12T09:52:37.494+0000] {logging_mixin.py:190} INFO - [2026-08-12T09:52:37.494+0000] {dag.py:4138} INFO - Setting next_dagrun for flex_eau_pipeline to 2026-08-12 00:00:00+00:00, run_after=2026-08-13 00:00:00+00:00
[2026-08-12T09:52:37.535+0000] {processor.py:208} INFO - Processing /opt/airflow/dags/flex_eau_pipeline.py took 0.154 seconds
[2026-08-12T09:53:08.018+0000] {processor.py:186} INFO - Started process (PID=11811) to work on /opt/airflow/dags/flex_eau_pipeline.py
[2026-08-12T09:53:08.020+0000] {processor.py:914} INFO - Processing file /opt/airflow/dags/flex_eau_pipeline.py for tasks to queue
[2026-08-12T09:53:08.024+0000] {logging_mixin.py:190} INFO - [2026-08-12T09:53:08.023+0000] {dagbag.py:587} INFO - Filling up the DagBag from /opt/airflow/dags/flex_eau_pipeline.py
[2026-08-12T09:53:08.061+0000] {processor.py:925} INFO - DAG(s) 'flex_eau_pipeline' retrieved from /opt/airflow/dags/flex_eau_pipeline.py
[2026-08-12T09:53:08.112+0000] {logging_mixin.py:190} INFO - [2026-08-12T09:53:08.112+0000] {dag.py:3211} INFO - Sync 1 DAGs
[2026-08-12T09:53:08.145+0000] {logging_mixin.py:190} INFO - [2026-08-12T09:53:08.145+0000] {dag.py:4138} INFO - Setting next_dagrun for flex_eau_pipeline to 2026-08-12 00:00:00+00:00, run_after=2026-08-13 00:00:00+00:00
[2026-08-12T09:53:08.178+0000] {processor.py:208} INFO - Processing /opt/airflow/dags/flex_eau_pipeline.py took 0.177 seconds
[2026-08-12T09:53:38.627+0000] {processor.py:186} INFO - Started process (PID=11816) to work on /opt/airflow/dags/flex_eau_pipeline.py
[2026-08-12T09:53:38.629+0000] {processor.py:914} INFO - Processing file /opt/airflow/dags/flex_eau_pipeline.py for tasks to queue
[2026-08-12T09:53:38.631+0000] {logging_mixin.py:190} INFO - [2026-08-12T09:53:38.630+0000] {dagbag.py:587} INFO - Filling up the DagBag from /opt/airflow/dags/flex_eau_pipeline.py
[2026-08-12T09:53:38.657+0000] {processor.py:925} INFO - DAG(s) 'flex_eau_pipeline' retrieved from /opt/airflow/dags/flex_eau_pipeline.py
[2026-08-12T09:53:38.699+0000] {logging_mixin.py:190} INFO - [2026-08-12T09:53:38.699+0000] {dag.py:3211} INFO - Sync 1 DAGs
[2026-08-12T09:53:38.732+0000] {logging_mixin.py:190} INFO - [2026-08-12T09:53:38.731+0000] {dag.py:4138} INFO - Setting next_dagrun for flex_eau_pipeline to 2026-08-12 00:00:00+00:00, run_after=2026-08-13 00:00:00+00:00
[2026-08-12T09:53:38.768+0000] {processor.py:208} INFO - Processing /opt/airflow/dags/flex_eau_pipeline.py took 0.149 seconds
[2026-08-12T09:54:09.313+0000] {processor.py:186} INFO - Started process (PID=11821) to work on /opt/airflow/dags/flex_eau_pipeline.py
[2026-08-12T09:54:09.316+0000] {processor.py:914} INFO - Processing file /opt/airflow/dags/flex_eau_pipeline.py for tasks to queue
[2026-08-12T09:54:09.319+0000] {logging_mixin.py:190} INFO - [2026-08-12T09:54:09.319+0000] {dagbag.py:587} INFO - Filling up the DagBag from /opt/airflow/dags/flex_eau_pipeline.py
[2026-08-12T09:54:09.370+0000] {processor.py:925} INFO - DAG(s) 'flex_eau_pipeline' retrieved from /opt/airflow/dags/flex_eau_pipeline.py
[2026-08-12T09:54:09.417+0000] {logging_mixin.py:190} INFO - [2026-08-12T09:54:09.416+0000] {dag.py:3211} INFO - Sync 1 DAGs
[2026-08-12T09:54:09.459+0000] {logging_mixin.py:190} INFO - [2026-08-12T09:54:09.459+0000] {dag.py:4138} INFO - Setting next_dagrun for flex_eau_pipeline to 2026-08-12 00:00:00+00:00, run_after=2026-08-13 00:00:00+00:00
[2026-08-12T09:54:09.490+0000] {processor.py:208} INFO - Processing /opt/airflow/dags/flex_eau_pipeline.py took 0.197 seconds
[2026-08-12T09:54:40.094+0000] {processor.py:186} INFO - Started process (PID=11826) to work on /opt/airflow/dags/flex_eau_pipeline.py
[2026-08-12T09:54:40.096+0000] {processor.py:914} INFO - Processing file /opt/airflow/dags/flex_eau_pipeline.py for tasks to queue
[2026-08-12T09:54:40.098+0000] {logging_mixin.py:190} INFO - [2026-08-12T09:54:40.098+0000] {dagbag.py:587} INFO - Filling up the DagBag from /opt/airflow/dags/flex_eau_pipeline.py
[2026-08-12T09:54:40.133+0000] {processor.py:925} INFO - DAG(s) 'flex_eau_pipeline' retrieved from /opt/airflow/dags/flex_eau_pipeline.py
[2026-08-12T09:54:40.191+0000] {logging_mixin.py:190} INFO - [2026-08-12T09:54:40.191+0000] {dag.py:3211} INFO - Sync 1 DAGs
[2026-08-12T09:54:40.229+0000] {logging_mixin.py:190} INFO - [2026-08-12T09:54:40.229+0000] {dag.py:4138} INFO - Setting next_dagrun for flex_eau_pipeline to 2026-08-12 00:00:00+00:00, run_after=2026-08-13 00:00:00+00:00
[2026-08-12T09:54:40.266+0000] {processor.py:208} INFO - Processing /opt/airflow/dags/flex_eau_pipeline.py took 0.183 seconds
[2026-08-12T09:55:10.756+0000] {processor.py:186} INFO - Started process (PID=11831) to work on /opt/airflow/dags/flex_eau_pipeline.py
[2026-08-12T09:55:10.758+0000] {processor.py:914} INFO - Processing file /opt/airflow/dags/flex_eau_pipeline.py for tasks to queue
[2026-08-12T09:55:10.760+0000] {logging_mixin.py:190} INFO - [2026-08-12T09:55:10.760+0000] {dagbag.py:587} INFO - Filling up the DagBag from /opt/airflow/dags/flex_eau_pipeline.py
[2026-08-12T09:55:10.801+0000] {processor.py:925} INFO - DAG(s) 'flex_eau_pipeline' retrieved from /opt/airflow/dags/flex_eau_pipeline.py
[2026-08-12T09:55:10.850+0000] {logging_mixin.py:190} INFO - [2026-08-12T09:55:10.850+0000] {dag.py:3211} INFO - Sync 1 DAGs
[2026-08-12T09:55:10.879+0000] {logging_mixin.py:190} INFO - [2026-08-12T09:55:10.879+0000] {dag.py:4138} INFO - Setting next_dagrun for flex_eau_pipeline to 2026-08-12 00:00:00+00:00, run_after=2026-08-13 00:00:00+00:00
[2026-08-12T09:55:10.914+0000] {processor.py:208} INFO - Processing /opt/airflow/dags/flex_eau_pipeline.py took 0.167 seconds
[2026-08-12T09:55:41.452+0000] {processor.py:186} INFO - Started process (PID=11836) to work on /opt/airflow/dags/flex_eau_pipeline.py
[2026-08-12T09:55:41.455+0000] {processor.py:914} INFO - Processing file /opt/airflow/dags/flex_eau_pipeline.py for tasks to queue
[2026-08-12T09:55:41.458+0000] {logging_mixin.py:190} INFO - [2026-08-12T09:55:41.457+0000] {dagbag.py:587} INFO - Filling up the DagBag from /opt/airflow/dags/flex_eau_pipeline.py
[2026-08-12T09:55:41.496+0000] {processor.py:925} INFO - DAG(s) 'flex_eau_pipeline' retrieved from /opt/airflow/dags/flex_eau_pipeline.py
[2026-08-12T09:55:41.548+0000] {logging_mixin.py:190} INFO - [2026-08-12T09:55:41.547+0000] {dag.py:3211} INFO - Sync 1 DAGs
[2026-08-12T09:55:41.587+0000] {logging_mixin.py:190} INFO - [2026-08-12T09:55:41.587+0000] {dag.py:4138} INFO - Setting next_dagrun for flex_eau_pipeline to 2026-08-12 00:00:00+00:00, run_after=2026-08-13 00:00:00+00:00
[2026-08-12T09:55:41.636+0000] {processor.py:208} INFO - Processing /opt/airflow/dags/flex_eau_pipeline.py took 0.198 seconds
[2026-08-12T09:56:12.078+0000] {processor.py:186} INFO - Started process (PID=11841) to work on /opt/airflow/dags/flex_eau_pipeline.py
[2026-08-12T09:56:12.080+0000] {processor.py:914} INFO - Processing file /opt/airflow/dags/flex_eau_pipeline.py for tasks to queue
[2026-08-12T09:56:12.082+0000] {logging_mixin.py:190} INFO - [2026-08-12T09:56:12.081+0000] {dagbag.py:587} INFO - Filling up the DagBag from /opt/airflow/dags/flex_eau_pipeline.py
[2026-08-12T09:56:12.116+0000] {processor.py:925} INFO - DAG(s) 'flex_eau_pipeline' retrieved from /opt/airflow/dags/flex_eau_pipeline.py
[2026-08-12T09:56:12.200+0000] {logging_mixin.py:190} INFO - [2026-08-12T09:56:12.200+0000] {dag.py:3211} INFO - Sync 1 DAGs
[2026-08-12T09:56:12.232+0000] {logging_mixin.py:190} INFO - [2026-08-12T09:56:12.232+0000] {dag.py:4138} INFO - Setting next_dagrun for flex_eau_pipeline to 2026-08-12 00:00:00+00:00, run_after=2026-08-13 00:00:00+00:00
[2026-08-12T09:56:12.271+0000] {processor.py:208} INFO - Processing /opt/airflow/dags/flex_eau_pipeline.py took 0.200 seconds
[2026-08-12T09:56:42.707+0000] {processor.py:186} INFO - Started process (PID=11846) to work on /opt/airflow/dags/flex_eau_pipeline.py
[2026-08-12T09:56:42.710+0000] {processor.py:914} INFO - Processing file /opt/airflow/dags/flex_eau_pipeline.py for tasks to queue
[2026-08-12T09:56:42.713+0000] {logging_mixin.py:190} INFO - [2026-08-12T09:56:42.712+0000] {dagbag.py:587} INFO - Filling up the DagBag from /opt/airflow/dags/flex_eau_pipeline.py
[2026-08-12T09:56:42.753+0000] {processor.py:925} INFO - DAG(s) 'flex_eau_pipeline' retrieved from /opt/airflow/dags/flex_eau_pipeline.py
[2026-08-12T09:56:42.801+0000] {logging_mixin.py:190} INFO - [2026-08-12T09:56:42.801+0000] {dag.py:3211} INFO - Sync 1 DAGs
[2026-08-12T09:56:42.838+0000] {logging_mixin.py:190} INFO - [2026-08-12T09:56:42.838+0000] {dag.py:4138} INFO - Setting next_dagrun for flex_eau_pipeline to 2026-08-12 00:00:00+00:00, run_after=2026-08-13 00:00:00+00:00
[2026-08-12T09:56:42.882+0000] {processor.py:208} INFO - Processing /opt/airflow/dags/flex_eau_pipeline.py took 0.197 seconds
[2026-08-12T09:57:13.433+0000] {processor.py:186} INFO - Started process (PID=11851) to work on /opt/airflow/dags/flex_eau_pipeline.py
[2026-08-12T09:57:13.434+0000] {processor.py:914} INFO - Processing file /opt/airflow/dags/flex_eau_pipeline.py for tasks to queue
[2026-08-12T09:57:13.436+0000] {logging_mixin.py:190} INFO - [2026-08-12T09:57:13.436+0000] {dagbag.py:587} INFO - Filling up the DagBag from /opt/airflow/dags/flex_eau_pipeline.py
[2026-08-12T09:57:13.466+0000] {processor.py:925} INFO - DAG(s) 'flex_eau_pipeline' retrieved from /opt/airflow/dags/flex_eau_pipeline.py
[2026-08-12T09:57:13.514+0000] {logging_mixin.py:190} INFO - [2026-08-12T09:57:13.514+0000] {dag.py:3211} INFO - Sync 1 DAGs
[2026-08-12T09:57:13.547+0000] {logging_mixin.py:190} INFO - [2026-08-12T09:57:13.546+0000] {dag.py:4138} INFO - Setting next_dagrun for flex_eau_pipeline to 2026-08-12 00:00:00+00:00, run_after=2026-08-13 00:00:00+00:00
[2026-08-12T09:57:13.577+0000] {processor.py:208} INFO - Processing /opt/airflow/dags/flex_eau_pipeline.py took 0.152 seconds
[2026-08-12T09:57:44.052+0000] {processor.py:186} INFO - Started process (PID=11856) to work on /opt/airflow/dags/flex_eau_pipeline.py
[2026-08-12T09:57:44.054+0000] {processor.py:914} INFO - Processing file /opt/airflow/dags/flex_eau_pipeline.py for tasks to queue
[2026-08-12T09:57:44.056+0000] {logging_mixin.py:190} INFO - [2026-08-12T09:57:44.056+0000] {dagbag.py:587} INFO - Filling up the DagBag from /opt/airflow/dags/flex_eau_pipeline.py
[2026-08-12T09:57:44.086+0000] {processor.py:925} INFO - DAG(s) 'flex_eau_pipeline' retrieved from /opt/airflow/dags/flex_eau_pipeline.py
[2026-08-12T09:57:44.155+0000] {logging_mixin.py:190} INFO - [2026-08-12T09:57:44.155+0000] {dag.py:3211} INFO - Sync 1 DAGs
[2026-08-12T09:57:44.188+0000] {logging_mixin.py:190} INFO - [2026-08-12T09:57:44.188+0000] {dag.py:4138} INFO - Setting next_dagrun for flex_eau_pipeline to 2026-08-12 00:00:00+00:00, run_after=2026-08-13 00:00:00+00:00
[2026-08-12T09:57:44.237+0000] {processor.py:208} INFO - Processing /opt/airflow/dags/flex_eau_pipeline.py took 0.198 seconds
[2026-08-12T09:58:14.816+0000] {processor.py:186} INFO - Started process (PID=11861) to work on /opt/airflow/dags/flex_eau_pipeline.py
[2026-08-12T09:58:14.819+0000] {processor.py:914} INFO - Processing file /opt/airflow/dags/flex_eau_pipeline.py for tasks to queue
[2026-08-12T09:58:14.822+0000] {logging_mixin.py:190} INFO - [2026-08-12T09:58:14.822+0000] {dagbag.py:587} INFO - Filling up the DagBag from /opt/airflow/dags/flex_eau_pipeline.py
[2026-08-12T09:58:14.851+0000] {processor.py:925} INFO - DAG(s) 'flex_eau_pipeline' retrieved from /opt/airflow/dags/flex_eau_pipeline.py
[2026-08-12T09:58:14.904+0000] {logging_mixin.py:190} INFO - [2026-08-12T09:58:14.904+0000] {dag.py:3211} INFO - Sync 1 DAGs
[2026-08-12T09:58:14.943+0000] {logging_mixin.py:190} INFO - [2026-08-12T09:58:14.941+0000] {dag.py:4138} INFO - Setting next_dagrun for flex_eau_pipeline to 2026-08-12 00:00:00+00:00, run_after=2026-08-13 00:00:00+00:00
[2026-08-12T09:58:14.971+0000] {processor.py:208} INFO - Processing /opt/airflow/dags/flex_eau_pipeline.py took 0.174 seconds
[2026-08-12T09:58:45.405+0000] {processor.py:186} INFO - Started process (PID=11866) to work on /opt/airflow/dags/flex_eau_pipeline.py
[2026-08-12T09:58:45.407+0000] {processor.py:914} INFO - Processing file /opt/airflow/dags/flex_eau_pipeline.py for tasks to queue
[2026-08-12T09:58:45.409+0000] {logging_mixin.py:190} INFO - [2026-08-12T09:58:45.409+0000] {dagbag.py:587} INFO - Filling up the DagBag from /opt/airflow/dags/flex_eau_pipeline.py
[2026-08-12T09:58:45.439+0000] {processor.py:925} INFO - DAG(s) 'flex_eau_pipeline' retrieved from /opt/airflow/dags/flex_eau_pipeline.py
[2026-08-12T09:58:45.488+0000] {logging_mixin.py:190} INFO - [2026-08-12T09:58:45.488+0000] {dag.py:3211} INFO - Sync 1 DAGs
[2026-08-12T09:58:45.516+0000] {logging_mixin.py:190} INFO - [2026-08-12T09:58:45.516+0000] {dag.py:4138} INFO - Setting next_dagrun for flex_eau_pipeline to 2026-08-12 00:00:00+00:00, run_after=2026-08-13 00:00:00+00:00
[2026-08-12T09:58:45.541+0000] {processor.py:208} INFO - Processing /opt/airflow/dags/flex_eau_pipeline.py took 0.145 seconds
[2026-08-12T09:59:16.112+0000] {processor.py:186} INFO - Started process (PID=11871) to work on /opt/airflow/dags/flex_eau_pipeline.py
[2026-08-12T09:59:16.114+0000] {processor.py:914} INFO - Processing file /opt/airflow/dags/flex_eau_pipeline.py for tasks to queue
[2026-08-12T09:59:16.115+0000] {logging_mixin.py:190} INFO - [2026-08-12T09:59:16.115+0000] {dagbag.py:587} INFO - Filling up the DagBag from /opt/airflow/dags/flex_eau_pipeline.py
[2026-08-12T09:59:16.142+0000] {processor.py:925} INFO - DAG(s) 'flex_eau_pipeline' retrieved from /opt/airflow/dags/flex_eau_pipeline.py
[2026-08-12T09:59:16.187+0000] {logging_mixin.py:190} INFO - [2026-08-12T09:59:16.187+0000] {dag.py:3211} INFO - Sync 1 DAGs
[2026-08-12T09:59:16.217+0000] {logging_mixin.py:190} INFO - [2026-08-12T09:59:16.217+0000] {dag.py:4138} INFO - Setting next_dagrun for flex_eau_pipeline to 2026-08-12 00:00:00+00:00, run_after=2026-08-13 00:00:00+00:00
[2026-08-12T09:59:16.252+0000] {processor.py:208} INFO - Processing /opt/airflow/dags/flex_eau_pipeline.py took 0.149 seconds
[2026-08-12T09:59:46.823+0000] {processor.py:186} INFO - Started process (PID=11876) to work on /opt/airflow/dags/flex_eau_pipeline.py
[2026-08-12T09:59:46.824+0000] {processor.py:914} INFO - Processing file /opt/airflow/dags/flex_eau_pipeline.py for tasks to queue
[2026-08-12T09:59:46.826+0000] {logging_mixin.py:190} INFO - [2026-08-12T09:59:46.826+0000] {dagbag.py:587} INFO - Filling up the DagBag from /opt/airflow/dags/flex_eau_pipeline.py
[2026-08-12T09:59:46.859+0000] {processor.py:925} INFO - DAG(s) 'flex_eau_pipeline' retrieved from /opt/airflow/dags/flex_eau_pipeline.py
[2026-08-12T09:59:46.908+0000] {logging_mixin.py:190} INFO - [2026-08-12T09:59:46.908+0000] {dag.py:3211} INFO - Sync 1 DAGs
[2026-08-12T09:59:46.944+0000] {logging_mixin.py:190} INFO - [2026-08-12T09:59:46.944+0000] {dag.py:4138} INFO - Setting next_dagrun for flex_eau_pipeline to 2026-08-12 00:00:00+00:00, run_after=2026-08-13 00:00:00+00:00
[2026-08-12T09:59:46.986+0000] {processor.py:208} INFO - Processing /opt/airflow/dags/flex_eau_pipeline.py took 0.171 seconds
[2026-08-12T10:00:17.406+0000] {processor.py:186} INFO - Started process (PID=11881) to work on /opt/airflow/dags/flex_eau_pipeline.py
[2026-08-12T10:00:17.408+0000] {processor.py:914} INFO - Processing file /opt/airflow/dags/flex_eau_pipeline.py for tasks to queue
[2026-08-12T10:00:17.410+0000] {logging_mixin.py:190} INFO - [2026-08-12T10:00:17.409+0000] {dagbag.py:587} INFO - Filling up the DagBag from /opt/airflow/dags/flex_eau_pipeline.py
[2026-08-12T10:00:17.442+0000] {processor.py:925} INFO - DAG(s) 'flex_eau_pipeline' retrieved from /opt/airflow/dags/flex_eau_pipeline.py
[2026-08-12T10:00:17.497+0000] {logging_mixin.py:190} INFO - [2026-08-12T10:00:17.496+0000] {dag.py:3211} INFO - Sync 1 DAGs
[2026-08-12T10:00:17.530+0000] {logging_mixin.py:190} INFO - [2026-08-12T10:00:17.530+0000] {dag.py:4138} INFO - Setting next_dagrun for flex_eau_pipeline to 2026-08-12 00:00:00+00:00, run_after=2026-08-13 00:00:00+00:00
[2026-08-12T10:00:17.572+0000] {processor.py:208} INFO - Processing /opt/airflow/dags/flex_eau_pipeline.py took 0.178 seconds
[2026-08-12T10:00:48.135+0000] {processor.py:186} INFO - Started process (PID=11886) to work on /opt/airflow/dags/flex_eau_pipeline.py
[2026-08-12T10:00:48.136+0000] {processor.py:914} INFO - Processing file /opt/airflow/dags/flex_eau_pipeline.py for tasks to queue
[2026-08-12T10:00:48.138+0000] {logging_mixin.py:190} INFO - [2026-08-12T10:00:48.137+0000] {dagbag.py:587} INFO - Filling up the DagBag from /opt/airflow/dags/flex_eau_pipeline.py
[2026-08-12T10:00:48.190+0000] {processor.py:925} INFO - DAG(s) 'flex_eau_pipeline' retrieved from /opt/airflow/dags/flex_eau_pipeline.py
[2026-08-12T10:00:48.242+0000] {logging_mixin.py:190} INFO - [2026-08-12T10:00:48.241+0000] {dag.py:3211} INFO - Sync 1 DAGs
[2026-08-12T10:00:48.276+0000] {logging_mixin.py:190} INFO - [2026-08-12T10:00:48.276+0000] {dag.py:4138} INFO - Setting next_dagrun for flex_eau_pipeline to 2026-08-12 00:00:00+00:00, run_after=2026-08-13 00:00:00+00:00
[2026-08-12T10:00:48.303+0000] {processor.py:208} INFO - Processing /opt/airflow/dags/flex_eau_pipeline.py took 0.177 seconds
[2026-08-12T10:01:18.755+0000] {processor.py:186} INFO - Started process (PID=11891) to work on /opt/airflow/dags/flex_eau_pipeline.py
[2026-08-12T10:01:18.756+0000] {processor.py:914} INFO - Processing file /opt/airflow/dags/flex_eau_pipeline.py for tasks to queue
[2026-08-12T10:01:18.758+0000] {logging_mixin.py:190} INFO - [2026-08-12T10:01:18.758+0000] {dagbag.py:587} INFO - Filling up the DagBag from /opt/airflow/dags/flex_eau_pipeline.py
[2026-08-12T10:01:18.790+0000] {processor.py:925} INFO - DAG(s) 'flex_eau_pipeline' retrieved from /opt/airflow/dags/flex_eau_pipeline.py
[2026-08-12T10:01:18.835+0000] {logging_mixin.py:190} INFO - [2026-08-12T10:01:18.835+0000] {dag.py:3211} INFO - Sync 1 DAGs
[2026-08-12T10:01:18.865+0000] {logging_mixin.py:190} INFO - [2026-08-12T10:01:18.864+0000] {dag.py:4138} INFO - Setting next_dagrun for flex_eau_pipeline to 2026-08-12 00:00:00+00:00, run_after=2026-08-13 00:00:00+00:00
[2026-08-12T10:01:18.898+0000] {processor.py:208} INFO - Processing /opt/airflow/dags/flex_eau_pipeline.py took 0.154 seconds
[2026-08-12T10:01:49.478+0000] {processor.py:186} INFO - Started process (PID=11896) to work on /opt/airflow/dags/flex_eau_pipeline.py
[2026-08-12T10:01:49.480+0000] {processor.py:914} INFO - Processing file /opt/airflow/dags/flex_eau_pipeline.py for tasks to queue
[2026-08-12T10:01:49.481+0000] {logging_mixin.py:190} INFO - [2026-08-12T10:01:49.481+0000] {dagbag.py:587} INFO - Filling up the DagBag from /opt/airflow/dags/flex_eau_pipeline.py
[2026-08-12T10:01:49.506+0000] {processor.py:925} INFO - DAG(s) 'flex_eau_pipeline' retrieved from /opt/airflow/dags/flex_eau_pipeline.py
[2026-08-12T10:01:49.547+0000] {logging_mixin.py:190} INFO - [2026-08-12T10:01:49.547+0000] {dag.py:3211} INFO - Sync 1 DAGs
[2026-08-12T10:01:49.575+0000] {logging_mixin.py:190} INFO - [2026-08-12T10:01:49.575+0000] {dag.py:4138} INFO - Setting next_dagrun for flex_eau_pipeline to 2026-08-12 00:00:00+00:00, run_after=2026-08-13 00:00:00+00:00
[2026-08-12T10:01:49.616+0000] {processor.py:208} INFO - Processing /opt/airflow/dags/flex_eau_pipeline.py took 0.146 seconds
[2026-08-12T10:02:20.111+0000] {processor.py:186} INFO - Started process (PID=11901) to work on /opt/airflow/dags/flex_eau_pipeline.py
[2026-08-12T10:02:20.114+0000] {processor.py:914} INFO - Processing file /opt/airflow/dags/flex_eau_pipeline.py for tasks to queue
[2026-08-12T10:02:20.117+0000] {logging_mixin.py:190} INFO - [2026-08-12T10:02:20.116+0000] {dagbag.py:587} INFO - Filling up the DagBag from /opt/airflow/dags/flex_eau_pipeline.py
[2026-08-12T10:02:20.161+0000] {processor.py:925} INFO - DAG(s) 'flex_eau_pipeline' retrieved from /opt/airflow/dags/flex_eau_pipeline.py
[2026-08-12T10:02:20.206+0000] {logging_mixin.py:190} INFO - [2026-08-12T10:02:20.206+0000] {dag.py:3211} INFO - Sync 1 DAGs
[2026-08-12T10:02:20.254+0000] {logging_mixin.py:190} INFO - [2026-08-12T10:02:20.253+0000] {dag.py:4138} INFO - Setting next_dagrun for flex_eau_pipeline to 2026-08-12 00:00:00+00:00, run_after=2026-08-13 00:00:00+00:00
[2026-08-12T10:02:20.278+0000] {processor.py:208} INFO - Processing /opt/airflow/dags/flex_eau_pipeline.py took 0.186 seconds
[2026-08-12T10:02:50.759+0000] {processor.py:186} INFO - Started process (PID=11906) to work on /opt/airflow/dags/flex_eau_pipeline.py
[2026-08-12T10:02:50.761+0000] {processor.py:914} INFO - Processing file /opt/airflow/dags/flex_eau_pipeline.py for tasks to queue
[2026-08-12T10:02:50.763+0000] {logging_mixin.py:190} INFO - [2026-08-12T10:02:50.763+0000] {dagbag.py:587} INFO - Filling up the DagBag from /opt/airflow/dags/flex_eau_pipeline.py
[2026-08-12T10:02:50.798+0000] {processor.py:925} INFO - DAG(s) 'flex_eau_pipeline' retrieved from /opt/airflow/dags/flex_eau_pipeline.py
[2026-08-12T10:02:50.860+0000] {logging_mixin.py:190} INFO - [2026-08-12T10:02:50.860+0000] {dag.py:3211} INFO - Sync 1 DAGs
[2026-08-12T10:02:50.904+0000] {logging_mixin.py:190} INFO - [2026-08-12T10:02:50.903+0000] {dag.py:4138} INFO - Setting next_dagrun for flex_eau_pipeline to 2026-08-12 00:00:00+00:00, run_after=2026-08-13 00:00:00+00:00
[2026-08-12T10:02:50.939+0000] {processor.py:208} INFO - Processing /opt/airflow/dags/flex_eau_pipeline.py took 0.192 seconds
[2026-08-12T10:03:21.334+0000] {processor.py:186} INFO - Started process (PID=11911) to work on /opt/airflow/dags/flex_eau_pipeline.py
[2026-08-12T10:03:21.336+0000] {processor.py:914} INFO - Processing file /opt/airflow/dags/flex_eau_pipeline.py for tasks to queue
[2026-08-12T10:03:21.338+0000] {logging_mixin.py:190} INFO - [2026-08-12T10:03:21.338+0000] {dagbag.py:587} INFO - Filling up the DagBag from /opt/airflow/dags/flex_eau_pipeline.py
[2026-08-12T10:03:21.368+0000] {processor.py:925} INFO - DAG(s) 'flex_eau_pipeline' retrieved from /opt/airflow/dags/flex_eau_pipeline.py
[2026-08-12T10:03:21.433+0000] {logging_mixin.py:190} INFO - [2026-08-12T10:03:21.432+0000] {dag.py:3211} INFO - Sync 1 DAGs
[2026-08-12T10:03:21.463+0000] {logging_mixin.py:190} INFO - [2026-08-12T10:03:21.463+0000] {dag.py:4138} INFO - Setting next_dagrun for flex_eau_pipeline to 2026-08-12 00:00:00+00:00, run_after=2026-08-13 00:00:00+00:00
[2026-08-12T10:03:21.494+0000] {processor.py:208} INFO - Processing /opt/airflow/dags/flex_eau_pipeline.py took 0.173 seconds
[2026-08-12T10:03:52.034+0000] {processor.py:186} INFO - Started process (PID=11916) to work on /opt/airflow/dags/flex_eau_pipeline.py
[2026-08-12T10:03:52.036+0000] {processor.py:914} INFO - Processing file /opt/airflow/dags/flex_eau_pipeline.py for tasks to queue
[2026-08-12T10:03:52.040+0000] {logging_mixin.py:190} INFO - [2026-08-12T10:03:52.039+0000] {dagbag.py:587} INFO - Filling up the DagBag from /opt/airflow/dags/flex_eau_pipeline.py
[2026-08-12T10:03:52.085+0000] {processor.py:925} INFO - DAG(s) 'flex_eau_pipeline' retrieved from /opt/airflow/dags/flex_eau_pipeline.py
[2026-08-12T10:03:52.140+0000] {logging_mixin.py:190} INFO - [2026-08-12T10:03:52.140+0000] {dag.py:3211} INFO - Sync 1 DAGs
[2026-08-12T10:03:52.203+0000] {logging_mixin.py:190} INFO - [2026-08-12T10:03:52.203+0000] {dag.py:4138} INFO - Setting next_dagrun for flex_eau_pipeline to 2026-08-12 00:00:00+00:00, run_after=2026-08-13 00:00:00+00:00
[2026-08-12T10:03:52.255+0000] {processor.py:208} INFO - Processing /opt/airflow/dags/flex_eau_pipeline.py took 0.228 seconds
[2026-08-12T10:04:22.838+0000] {processor.py:186} INFO - Started process (PID=11921) to work on /opt/airflow/dags/flex_eau_pipeline.py
[2026-08-12T10:04:22.840+0000] {processor.py:914} INFO - Processing file /opt/airflow/dags/flex_eau_pipeline.py for tasks to queue
[2026-08-12T10:04:22.842+0000] {logging_mixin.py:190} INFO - [2026-08-12T10:04:22.841+0000] {dagbag.py:587} INFO - Filling up the DagBag from /opt/airflow/dags/flex_eau_pipeline.py
[2026-08-12T10:04:22.868+0000] {processor.py:925} INFO - DAG(s) 'flex_eau_pipeline' retrieved from /opt/airflow/dags/flex_eau_pipeline.py
[2026-08-12T10:04:22.919+0000] {logging_mixin.py:190} INFO - [2026-08-12T10:04:22.919+0000] {dag.py:3211} INFO - Sync 1 DAGs
[2026-08-12T10:04:22.960+0000] {logging_mixin.py:190} INFO - [2026-08-12T10:04:22.960+0000] {dag.py:4138} INFO - Setting next_dagrun for flex_eau_pipeline to 2026-08-12 00:00:00+00:00, run_after=2026-08-13 00:00:00+00:00
[2026-08-12T10:04:23.009+0000] {processor.py:208} INFO - Processing /opt/airflow/dags/flex_eau_pipeline.py took 0.179 seconds
[2026-08-12T10:04:53.469+0000] {processor.py:186} INFO - Started process (PID=11926) to work on /opt/airflow/dags/flex_eau_pipeline.py
[2026-08-12T10:04:53.473+0000] {processor.py:914} INFO - Processing file /opt/airflow/dags/flex_eau_pipeline.py for tasks to queue
[2026-08-12T10:04:53.479+0000] {logging_mixin.py:190} INFO - [2026-08-12T10:04:53.478+0000] {dagbag.py:587} INFO - Filling up the DagBag from /opt/airflow/dags/flex_eau_pipeline.py
[2026-08-12T10:04:53.550+0000] {processor.py:925} INFO - DAG(s) 'flex_eau_pipeline' retrieved from /opt/airflow/dags/flex_eau_pipeline.py
[2026-08-12T10:04:53.615+0000] {logging_mixin.py:190} INFO - [2026-08-12T10:04:53.614+0000] {dag.py:3211} INFO - Sync 1 DAGs
[2026-08-12T10:04:53.656+0000] {logging_mixin.py:190} INFO - [2026-08-12T10:04:53.656+0000] {dag.py:4138} INFO - Setting next_dagrun for flex_eau_pipeline to 2026-08-12 00:00:00+00:00, run_after=2026-08-13 00:00:00+00:00
[2026-08-12T10:04:53.701+0000] {processor.py:208} INFO - Processing /opt/airflow/dags/flex_eau_pipeline.py took 0.258 seconds
[2026-08-12T10:05:24.272+0000] {processor.py:186} INFO - Started process (PID=11931) to work on /opt/airflow/dags/flex_eau_pipeline.py
[2026-08-12T10:05:24.276+0000] {processor.py:914} INFO - Processing file /opt/airflow/dags/flex_eau_pipeline.py for tasks to queue
[2026-08-12T10:05:24.280+0000] {logging_mixin.py:190} INFO - [2026-08-12T10:05:24.280+0000] {dagbag.py:587} INFO - Filling up the DagBag from /opt/airflow/dags/flex_eau_pipeline.py
[2026-08-12T10:05:24.348+0000] {processor.py:925} INFO - DAG(s) 'flex_eau_pipeline' retrieved from /opt/airflow/dags/flex_eau_pipeline.py
[2026-08-12T10:05:24.473+0000] {logging_mixin.py:190} INFO - [2026-08-12T10:05:24.472+0000] {dag.py:3211} INFO - Sync 1 DAGs
[2026-08-12T10:05:24.525+0000] {logging_mixin.py:190} INFO - [2026-08-12T10:05:24.525+0000] {dag.py:4138} INFO - Setting next_dagrun for flex_eau_pipeline to 2026-08-12 00:00:00+00:00, run_after=2026-08-13 00:00:00+00:00
[2026-08-12T10:05:24.575+0000] {processor.py:208} INFO - Processing /opt/airflow/dags/flex_eau_pipeline.py took 0.324 seconds
[2026-08-12T10:05:54.936+0000] {processor.py:186} INFO - Started process (PID=11936) to work on /opt/airflow/dags/flex_eau_pipeline.py
[2026-08-12T10:05:54.937+0000] {processor.py:914} INFO - Processing file /opt/airflow/dags/flex_eau_pipeline.py for tasks to queue
[2026-08-12T10:05:54.939+0000] {logging_mixin.py:190} INFO - [2026-08-12T10:05:54.939+0000] {dagbag.py:587} INFO - Filling up the DagBag from /opt/airflow/dags/flex_eau_pipeline.py
[2026-08-12T10:05:54.976+0000] {processor.py:925} INFO - DAG(s) 'flex_eau_pipeline' retrieved from /opt/airflow/dags/flex_eau_pipeline.py
[2026-08-12T10:05:55.032+0000] {logging_mixin.py:190} INFO - [2026-08-12T10:05:55.032+0000] {dag.py:3211} INFO - Sync 1 DAGs
[2026-08-12T10:05:55.070+0000] {logging_mixin.py:190} INFO - [2026-08-12T10:05:55.069+0000] {dag.py:4138} INFO - Setting next_dagrun for flex_eau_pipeline to 2026-08-12 00:00:00+00:00, run_after=2026-08-13 00:00:00+00:00
[2026-08-12T10:05:55.107+0000] {processor.py:208} INFO - Processing /opt/airflow/dags/flex_eau_pipeline.py took 0.184 seconds
[2026-08-12T10:06:25.489+0000] {processor.py:186} INFO - Started process (PID=11941) to work on /opt/airflow/dags/flex_eau_pipeline.py
[2026-08-12T10:06:25.491+0000] {processor.py:914} INFO - Processing file /opt/airflow/dags/flex_eau_pipeline.py for tasks to queue
[2026-08-12T10:06:25.494+0000] {logging_mixin.py:190} INFO - [2026-08-12T10:06:25.493+0000] {dagbag.py:587} INFO - Filling up the DagBag from /opt/airflow/dags/flex_eau_pipeline.py
[2026-08-12T10:06:25.531+0000] {processor.py:925} INFO - DAG(s) 'flex_eau_pipeline' retrieved from /opt/airflow/dags/flex_eau_pipeline.py
[2026-08-12T10:06:25.590+0000] {logging_mixin.py:190} INFO - [2026-08-12T10:06:25.590+0000] {dag.py:3211} INFO - Sync 1 DAGs
[2026-08-12T10:06:25.620+0000] {logging_mixin.py:190} INFO - [2026-08-12T10:06:25.619+0000] {dag.py:4138} INFO - Setting next_dagrun for flex_eau_pipeline to 2026-08-12 00:00:00+00:00, run_after=2026-08-13 00:00:00+00:00
[2026-08-12T10:06:25.647+0000] {processor.py:208} INFO - Processing /opt/airflow/dags/flex_eau_pipeline.py took 0.169 seconds
[2026-08-12T10:06:56.115+0000] {processor.py:186} INFO - Started process (PID=11946) to work on /opt/airflow/dags/flex_eau_pipeline.py
[2026-08-12T10:06:56.117+0000] {processor.py:914} INFO - Processing file /opt/airflow/dags/flex_eau_pipeline.py for tasks to queue
[2026-08-12T10:06:56.119+0000] {logging_mixin.py:190} INFO - [2026-08-12T10:06:56.118+0000] {dagbag.py:587} INFO - Filling up the DagBag from /opt/airflow/dags/flex_eau_pipeline.py
[2026-08-12T10:06:56.146+0000] {processor.py:925} INFO - DAG(s) 'flex_eau_pipeline' retrieved from /opt/airflow/dags/flex_eau_pipeline.py
[2026-08-12T10:06:56.194+0000] {logging_mixin.py:190} INFO - [2026-08-12T10:06:56.194+0000] {dag.py:3211} INFO - Sync 1 DAGs
[2026-08-12T10:06:56.229+0000] {logging_mixin.py:190} INFO - [2026-08-12T10:06:56.228+0000] {dag.py:4138} INFO - Setting next_dagrun for flex_eau_pipeline to 2026-08-12 00:00:00+00:00, run_after=2026-08-13 00:00:00+00:00
[2026-08-12T10:06:56.263+0000] {processor.py:208} INFO - Processing /opt/airflow/dags/flex_eau_pipeline.py took 0.157 seconds
[2026-08-12T10:07:26.852+0000] {processor.py:186} INFO - Started process (PID=11951) to work on /opt/airflow/dags/flex_eau_pipeline.py
[2026-08-12T10:07:26.854+0000] {processor.py:914} INFO - Processing file /opt/airflow/dags/flex_eau_pipeline.py for tasks to queue
[2026-08-12T10:07:26.857+0000] {logging_mixin.py:190} INFO - [2026-08-12T10:07:26.857+0000] {dagbag.py:587} INFO - Filling up the DagBag from /opt/airflow/dags/flex_eau_pipeline.py
[2026-08-12T10:07:26.890+0000] {processor.py:925} INFO - DAG(s) 'flex_eau_pipeline' retrieved from /opt/airflow/dags/flex_eau_pipeline.py
[2026-08-12T10:07:26.940+0000] {logging_mixin.py:190} INFO - [2026-08-12T10:07:26.939+0000] {dag.py:3211} INFO - Sync 1 DAGs
[2026-08-12T10:07:26.970+0000] {logging_mixin.py:190} INFO - [2026-08-12T10:07:26.970+0000] {dag.py:4138} INFO - Setting next_dagrun for flex_eau_pipeline to 2026-08-12 00:00:00+00:00, run_after=2026-08-13 00:00:00+00:00
[2026-08-12T10:07:26.997+0000] {processor.py:208} INFO - Processing /opt/airflow/dags/flex_eau_pipeline.py took 0.162 seconds
[2026-08-12T10:07:57.429+0000] {processor.py:186} INFO - Started process (PID=11956) to work on /opt/airflow/dags/flex_eau_pipeline.py
[2026-08-12T10:07:57.431+0000] {processor.py:914} INFO - Processing file /opt/airflow/dags/flex_eau_pipeline.py for tasks to queue
[2026-08-12T10:07:57.432+0000] {logging_mixin.py:190} INFO - [2026-08-12T10:07:57.432+0000] {dagbag.py:587} INFO - Filling up the DagBag from /opt/airflow/dags/flex_eau_pipeline.py
[2026-08-12T10:07:57.460+0000] {processor.py:925} INFO - DAG(s) 'flex_eau_pipeline' retrieved from /opt/airflow/dags/flex_eau_pipeline.py
[2026-08-12T10:07:57.508+0000] {logging_mixin.py:190} INFO - [2026-08-12T10:07:57.508+0000] {dag.py:3211} INFO - Sync 1 DAGs
[2026-08-12T10:07:57.541+0000] {logging_mixin.py:190} INFO - [2026-08-12T10:07:57.541+0000] {dag.py:4138} INFO - Setting next_dagrun for flex_eau_pipeline to 2026-08-12 00:00:00+00:00, run_after=2026-08-13 00:00:00+00:00
[2026-08-12T10:07:57.577+0000] {processor.py:208} INFO - Processing /opt/airflow/dags/flex_eau_pipeline.py took 0.156 seconds
[2026-08-12T10:08:28.052+0000] {processor.py:186} INFO - Started process (PID=11961) to work on /opt/airflow/dags/flex_eau_pipeline.py
[2026-08-12T10:08:28.054+0000] {processor.py:914} INFO - Processing file /opt/airflow/dags/flex_eau_pipeline.py for tasks to queue
[2026-08-12T10:08:28.057+0000] {logging_mixin.py:190} INFO - [2026-08-12T10:08:28.057+0000] {dagbag.py:587} INFO - Filling up the DagBag from /opt/airflow/dags/flex_eau_pipeline.py
[2026-08-12T10:08:28.088+0000] {processor.py:925} INFO - DAG(s) 'flex_eau_pipeline' retrieved from /opt/airflow/dags/flex_eau_pipeline.py
[2026-08-12T10:08:28.133+0000] {logging_mixin.py:190} INFO - [2026-08-12T10:08:28.132+0000] {dag.py:3211} INFO - Sync 1 DAGs
[2026-08-12T10:08:28.164+0000] {logging_mixin.py:190} INFO - [2026-08-12T10:08:28.163+0000] {dag.py:4138} INFO - Setting next_dagrun for flex_eau_pipeline to 2026-08-12 00:00:00+00:00, run_after=2026-08-13 00:00:00+00:00
[2026-08-12T10:08:28.193+0000] {processor.py:208} INFO - Processing /opt/airflow/dags/flex_eau_pipeline.py took 0.171 seconds
[2026-08-12T10:08:58.673+0000] {processor.py:186} INFO - Started process (PID=11966) to work on /opt/airflow/dags/flex_eau_pipeline.py
[2026-08-12T10:08:58.675+0000] {processor.py:914} INFO - Processing file /opt/airflow/dags/flex_eau_pipeline.py for tasks to queue
[2026-08-12T10:08:58.678+0000] {logging_mixin.py:190} INFO - [2026-08-12T10:08:58.678+0000] {dagbag.py:587} INFO - Filling up the DagBag from /opt/airflow/dags/flex_eau_pipeline.py
[2026-08-12T10:08:58.727+0000] {processor.py:925} INFO - DAG(s) 'flex_eau_pipeline' retrieved from /opt/airflow/dags/flex_eau_pipeline.py
[2026-08-12T10:08:58.827+0000] {logging_mixin.py:190} INFO - [2026-08-12T10:08:58.826+0000] {dag.py:3211} INFO - Sync 1 DAGs
[2026-08-12T10:08:58.890+0000] {logging_mixin.py:190} INFO - [2026-08-12T10:08:58.889+0000] {dag.py:4138} INFO - Setting next_dagrun for flex_eau_pipeline to 2026-08-12 00:00:00+00:00, run_after=2026-08-13 00:00:00+00:00
[2026-08-12T10:08:58.943+0000] {processor.py:208} INFO - Processing /opt/airflow/dags/flex_eau_pipeline.py took 0.277 seconds
[2026-08-12T10:09:29.368+0000] {processor.py:186} INFO - Started process (PID=11971) to work on /opt/airflow/dags/flex_eau_pipeline.py
[2026-08-12T10:09:29.370+0000] {processor.py:914} INFO - Processing file /opt/airflow/dags/flex_eau_pipeline.py for tasks to queue
[2026-08-12T10:09:29.372+0000] {logging_mixin.py:190} INFO - [2026-08-12T10:09:29.371+0000] {dagbag.py:587} INFO - Filling up the DagBag from /opt/airflow/dags/flex_eau_pipeline.py
[2026-08-12T10:09:29.399+0000] {processor.py:925} INFO - DAG(s) 'flex_eau_pipeline' retrieved from /opt/airflow/dags/flex_eau_pipeline.py
[2026-08-12T10:09:29.451+0000] {logging_mixin.py:190} INFO - [2026-08-12T10:09:29.450+0000] {dag.py:3211} INFO - Sync 1 DAGs
[2026-08-12T10:09:29.495+0000] {logging_mixin.py:190} INFO - [2026-08-12T10:09:29.494+0000] {dag.py:4138} INFO - Setting next_dagrun for flex_eau_pipeline to 2026-08-12 00:00:00+00:00, run_after=2026-08-13 00:00:00+00:00
[2026-08-12T10:09:29.551+0000] {processor.py:208} INFO - Processing /opt/airflow/dags/flex_eau_pipeline.py took 0.192 seconds
[2026-08-12T10:09:59.889+0000] {processor.py:186} INFO - Started process (PID=11976) to work on /opt/airflow/dags/flex_eau_pipeline.py
[2026-08-12T10:09:59.892+0000] {processor.py:914} INFO - Processing file /opt/airflow/dags/flex_eau_pipeline.py for tasks to queue
[2026-08-12T10:09:59.894+0000] {logging_mixin.py:190} INFO - [2026-08-12T10:09:59.894+0000] {dagbag.py:587} INFO - Filling up the DagBag from /opt/airflow/dags/flex_eau_pipeline.py
[2026-08-12T10:09:59.924+0000] {processor.py:925} INFO - DAG(s) 'flex_eau_pipeline' retrieved from /opt/airflow/dags/flex_eau_pipeline.py
[2026-08-12T10:09:59.973+0000] {logging_mixin.py:190} INFO - [2026-08-12T10:09:59.973+0000] {dag.py:3211} INFO - Sync 1 DAGs
[2026-08-12T10:10:00.003+0000] {logging_mixin.py:190} INFO - [2026-08-12T10:10:00.003+0000] {dag.py:4138} INFO - Setting next_dagrun for flex_eau_pipeline to 2026-08-12 00:00:00+00:00, run_after=2026-08-13 00:00:00+00:00
[2026-08-12T10:10:00.032+0000] {processor.py:208} INFO - Processing /opt/airflow/dags/flex_eau_pipeline.py took 0.162 seconds
[2026-08-12T10:10:30.480+0000] {processor.py:186} INFO - Started process (PID=11981) to work on /opt/airflow/dags/flex_eau_pipeline.py
[2026-08-12T10:10:30.483+0000] {processor.py:914} INFO - Processing file /opt/airflow/dags/flex_eau_pipeline.py for tasks to queue
[2026-08-12T10:10:30.486+0000] {logging_mixin.py:190} INFO - [2026-08-12T10:10:30.485+0000] {dagbag.py:587} INFO - Filling up the DagBag from /opt/airflow/dags/flex_eau_pipeline.py
[2026-08-12T10:10:30.531+0000] {processor.py:925} INFO - DAG(s) 'flex_eau_pipeline' retrieved from /opt/airflow/dags/flex_eau_pipeline.py
[2026-08-12T10:10:30.607+0000] {logging_mixin.py:190} INFO - [2026-08-12T10:10:30.607+0000] {dag.py:3211} INFO - Sync 1 DAGs
[2026-08-12T10:10:30.647+0000] {logging_mixin.py:190} INFO - [2026-08-12T10:10:30.647+0000] {dag.py:4138} INFO - Setting next_dagrun for flex_eau_pipeline to 2026-08-12 00:00:00+00:00, run_after=2026-08-13 00:00:00+00:00
[2026-08-12T10:10:30.682+0000] {processor.py:208} INFO - Processing /opt/airflow/dags/flex_eau_pipeline.py took 0.221 seconds
[2026-08-12T10:11:01.244+0000] {processor.py:186} INFO - Started process (PID=11986) to work on /opt/airflow/dags/flex_eau_pipeline.py
[2026-08-12T10:11:01.246+0000] {processor.py:914} INFO - Processing file /opt/airflow/dags/flex_eau_pipeline.py for tasks to queue
[2026-08-12T10:11:01.249+0000] {logging_mixin.py:190} INFO - [2026-08-12T10:11:01.248+0000] {dagbag.py:587} INFO - Filling up the DagBag from /opt/airflow/dags/flex_eau_pipeline.py
[2026-08-12T10:11:01.284+0000] {processor.py:925} INFO - DAG(s) 'flex_eau_pipeline' retrieved from /opt/airflow/dags/flex_eau_pipeline.py
[2026-08-12T10:11:01.330+0000] {logging_mixin.py:190} INFO - [2026-08-12T10:11:01.329+0000] {dag.py:3211} INFO - Sync 1 DAGs
[2026-08-12T10:11:01.367+0000] {logging_mixin.py:190} INFO - [2026-08-12T10:11:01.367+0000] {dag.py:4138} INFO - Setting next_dagrun for flex_eau_pipeline to 2026-08-12 00:00:00+00:00, run_after=2026-08-13 00:00:00+00:00
[2026-08-12T10:11:01.411+0000] {processor.py:208} INFO - Processing /opt/airflow/dags/flex_eau_pipeline.py took 0.179 seconds
[2026-08-12T10:11:31.874+0000] {processor.py:186} INFO - Started process (PID=11991) to work on /opt/airflow/dags/flex_eau_pipeline.py
[2026-08-12T10:11:31.876+0000] {processor.py:914} INFO - Processing file /opt/airflow/dags/flex_eau_pipeline.py for tasks to queue
[2026-08-12T10:11:31.879+0000] {logging_mixin.py:190} INFO - [2026-08-12T10:11:31.878+0000] {dagbag.py:587} INFO - Filling up the DagBag from /opt/airflow/dags/flex_eau_pipeline.py
[2026-08-12T10:11:31.917+0000] {processor.py:925} INFO - DAG(s) 'flex_eau_pipeline' retrieved from /opt/airflow/dags/flex_eau_pipeline.py
[2026-08-12T10:11:31.979+0000] {logging_mixin.py:190} INFO - [2026-08-12T10:11:31.979+0000] {dag.py:3211} INFO - Sync 1 DAGs
[2026-08-12T10:11:32.009+0000] {logging_mixin.py:190} INFO - [2026-08-12T10:11:32.008+0000] {dag.py:4138} INFO - Setting next_dagrun for flex_eau_pipeline to 2026-08-12 00:00:00+00:00, run_after=2026-08-13 00:00:00+00:00
[2026-08-12T10:11:32.049+0000] {processor.py:208} INFO - Processing /opt/airflow/dags/flex_eau_pipeline.py took 0.187 seconds
[2026-08-12T10:12:02.635+0000] {processor.py:186} INFO - Started process (PID=11996) to work on /opt/airflow/dags/flex_eau_pipeline.py
[2026-08-12T10:12:02.638+0000] {processor.py:914} INFO - Processing file /opt/airflow/dags/flex_eau_pipeline.py for tasks to queue
[2026-08-12T10:12:02.640+0000] {logging_mixin.py:190} INFO - [2026-08-12T10:12:02.639+0000] {dagbag.py:587} INFO - Filling up the DagBag from /opt/airflow/dags/flex_eau_pipeline.py
[2026-08-12T10:12:02.668+0000] {processor.py:925} INFO - DAG(s) 'flex_eau_pipeline' retrieved from /opt/airflow/dags/flex_eau_pipeline.py
[2026-08-12T10:12:02.719+0000] {logging_mixin.py:190} INFO - [2026-08-12T10:12:02.718+0000] {dag.py:3211} INFO - Sync 1 DAGs
[2026-08-12T10:12:02.754+0000] {logging_mixin.py:190} INFO - [2026-08-12T10:12:02.753+0000] {dag.py:4138} INFO - Setting next_dagrun for flex_eau_pipeline to 2026-08-12 00:00:00+00:00, run_after=2026-08-13 00:00:00+00:00
[2026-08-12T10:12:02.788+0000] {processor.py:208} INFO - Processing /opt/airflow/dags/flex_eau_pipeline.py took 0.166 seconds
[2026-08-12T10:12:33.179+0000] {processor.py:186} INFO - Started process (PID=12001) to work on /opt/airflow/dags/flex_eau_pipeline.py
[2026-08-12T10:12:33.180+0000] {processor.py:914} INFO - Processing file /opt/airflow/dags/flex_eau_pipeline.py for tasks to queue
[2026-08-12T10:12:33.182+0000] {logging_mixin.py:190} INFO - [2026-08-12T10:12:33.182+0000] {dagbag.py:587} INFO - Filling up the DagBag from /opt/airflow/dags/flex_eau_pipeline.py
[2026-08-12T10:12:33.209+0000] {processor.py:925} INFO - DAG(s) 'flex_eau_pipeline' retrieved from /opt/airflow/dags/flex_eau_pipeline.py
[2026-08-12T10:12:33.254+0000] {logging_mixin.py:190} INFO - [2026-08-12T10:12:33.254+0000] {dag.py:3211} INFO - Sync 1 DAGs
[2026-08-12T10:12:33.284+0000] {logging_mixin.py:190} INFO - [2026-08-12T10:12:33.283+0000] {dag.py:4138} INFO - Setting next_dagrun for flex_eau_pipeline to 2026-08-12 00:00:00+00:00, run_after=2026-08-13 00:00:00+00:00
[2026-08-12T10:12:33.310+0000] {processor.py:208} INFO - Processing /opt/airflow/dags/flex_eau_pipeline.py took 0.139 seconds
[2026-08-12T10:13:03.848+0000] {processor.py:186} INFO - Started process (PID=12006) to work on /opt/airflow/dags/flex_eau_pipeline.py
[2026-08-12T10:13:03.850+0000] {processor.py:914} INFO - Processing file /opt/airflow/dags/flex_eau_pipeline.py for tasks to queue
[2026-08-12T10:13:03.852+0000] {logging_mixin.py:190} INFO - [2026-08-12T10:13:03.852+0000] {dagbag.py:587} INFO - Filling up the DagBag from /opt/airflow/dags/flex_eau_pipeline.py
[2026-08-12T10:13:03.881+0000] {processor.py:925} INFO - DAG(s) 'flex_eau_pipeline' retrieved from /opt/airflow/dags/flex_eau_pipeline.py
[2026-08-12T10:13:03.941+0000] {logging_mixin.py:190} INFO - [2026-08-12T10:13:03.941+0000] {dag.py:3211} INFO - Sync 1 DAGs
[2026-08-12T10:13:03.976+0000] {logging_mixin.py:190} INFO - [2026-08-12T10:13:03.976+0000] {dag.py:4138} INFO - Setting next_dagrun for flex_eau_pipeline to 2026-08-12 00:00:00+00:00, run_after=2026-08-13 00:00:00+00:00
[2026-08-12T10:13:04.003+0000] {processor.py:208} INFO - Processing /opt/airflow/dags/flex_eau_pipeline.py took 0.165 seconds
[2026-08-12T10:13:34.335+0000] {processor.py:186} INFO - Started process (PID=12011) to work on /opt/airflow/dags/flex_eau_pipeline.py
[2026-08-12T10:13:34.337+0000] {processor.py:914} INFO - Processing file /opt/airflow/dags/flex_eau_pipeline.py for tasks to queue
[2026-08-12T10:13:34.340+0000] {logging_mixin.py:190} INFO - [2026-08-12T10:13:34.340+0000] {dagbag.py:587} INFO - Filling up the DagBag from /opt/airflow/dags/flex_eau_pipeline.py
[2026-08-12T10:13:34.397+0000] {processor.py:925} INFO - DAG(s) 'flex_eau_pipeline' retrieved from /opt/airflow/dags/flex_eau_pipeline.py
[2026-08-12T10:13:34.446+0000] {logging_mixin.py:190} INFO - [2026-08-12T10:13:34.446+0000] {dag.py:3211} INFO - Sync 1 DAGs
[2026-08-12T10:13:34.477+0000] {logging_mixin.py:190} INFO - [2026-08-12T10:13:34.477+0000] {dag.py:4138} INFO - Setting next_dagrun for flex_eau_pipeline to 2026-08-12 00:00:00+00:00, run_after=2026-08-13 00:00:00+00:00
[2026-08-12T10:13:34.517+0000] {processor.py:208} INFO - Processing /opt/airflow/dags/flex_eau_pipeline.py took 0.200 seconds
[2026-08-12T10:14:05.144+0000] {processor.py:186} INFO - Started process (PID=12016) to work on /opt/airflow/dags/flex_eau_pipeline.py
[2026-08-12T10:14:05.146+0000] {processor.py:914} INFO - Processing file /opt/airflow/dags/flex_eau_pipeline.py for tasks to queue
[2026-08-12T10:14:05.148+0000] {logging_mixin.py:190} INFO - [2026-08-12T10:14:05.148+0000] {dagbag.py:587} INFO - Filling up the DagBag from /opt/airflow/dags/flex_eau_pipeline.py
[2026-08-12T10:14:05.193+0000] {processor.py:925} INFO - DAG(s) 'flex_eau_pipeline' retrieved from /opt/airflow/dags/flex_eau_pipeline.py
[2026-08-12T10:14:05.237+0000] {logging_mixin.py:190} INFO - [2026-08-12T10:14:05.237+0000] {dag.py:3211} INFO - Sync 1 DAGs
[2026-08-12T10:14:05.267+0000] {logging_mixin.py:190} INFO - [2026-08-12T10:14:05.267+0000] {dag.py:4138} INFO - Setting next_dagrun for flex_eau_pipeline to 2026-08-12 00:00:00+00:00, run_after=2026-08-13 00:00:00+00:00
[2026-08-12T10:14:05.311+0000] {processor.py:208} INFO - Processing /opt/airflow/dags/flex_eau_pipeline.py took 0.175 seconds
[2026-08-12T10:14:35.753+0000] {processor.py:186} INFO - Started process (PID=12021) to work on /opt/airflow/dags/flex_eau_pipeline.py
[2026-08-12T10:14:35.755+0000] {processor.py:914} INFO - Processing file /opt/airflow/dags/flex_eau_pipeline.py for tasks to queue
[2026-08-12T10:14:35.757+0000] {logging_mixin.py:190} INFO - [2026-08-12T10:14:35.757+0000] {dagbag.py:587} INFO - Filling up the DagBag from /opt/airflow/dags/flex_eau_pipeline.py
[2026-08-12T10:14:35.799+0000] {processor.py:925} INFO - DAG(s) 'flex_eau_pipeline' retrieved from /opt/airflow/dags/flex_eau_pipeline.py
[2026-08-12T10:14:35.845+0000] {logging_mixin.py:190} INFO - [2026-08-12T10:14:35.844+0000] {dag.py:3211} INFO - Sync 1 DAGs
[2026-08-12T10:14:35.875+0000] {logging_mixin.py:190} INFO - [2026-08-12T10:14:35.875+0000] {dag.py:4138} INFO - Setting next_dagrun for flex_eau_pipeline to 2026-08-12 00:00:00+00:00, run_after=2026-08-13 00:00:00+00:00
[2026-08-12T10:14:35.916+0000] {processor.py:208} INFO - Processing /opt/airflow/dags/flex_eau_pipeline.py took 0.178 seconds
[2026-08-12T10:15:06.542+0000] {processor.py:186} INFO - Started process (PID=12026) to work on /opt/airflow/dags/flex_eau_pipeline.py
[2026-08-12T10:15:06.544+0000] {processor.py:914} INFO - Processing file /opt/airflow/dags/flex_eau_pipeline.py for tasks to queue
[2026-08-12T10:15:06.547+0000] {logging_mixin.py:190} INFO - [2026-08-12T10:15:06.546+0000] {dagbag.py:587} INFO - Filling up the DagBag from /opt/airflow/dags/flex_eau_pipeline.py
[2026-08-12T10:15:06.585+0000] {processor.py:925} INFO - DAG(s) 'flex_eau_pipeline' retrieved from /opt/airflow/dags/flex_eau_pipeline.py
[2026-08-12T10:15:06.647+0000] {logging_mixin.py:190} INFO - [2026-08-12T10:15:06.646+0000] {dag.py:3211} INFO - Sync 1 DAGs
[2026-08-12T10:15:06.695+0000] {logging_mixin.py:190} INFO - [2026-08-12T10:15:06.695+0000] {dag.py:4138} INFO - Setting next_dagrun for flex_eau_pipeline to 2026-08-12 00:00:00+00:00, run_after=2026-08-13 00:00:00+00:00
[2026-08-12T10:15:06.747+0000] {processor.py:208} INFO - Processing /opt/airflow/dags/flex_eau_pipeline.py took 0.213 seconds
[2026-08-12T10:15:37.150+0000] {processor.py:186} INFO - Started process (PID=12031) to work on /opt/airflow/dags/flex_eau_pipeline.py
[2026-08-12T10:15:37.152+0000] {processor.py:914} INFO - Processing file /opt/airflow/dags/flex_eau_pipeline.py for tasks to queue
[2026-08-12T10:15:37.153+0000] {logging_mixin.py:190} INFO - [2026-08-12T10:15:37.153+0000] {dagbag.py:587} INFO - Filling up the DagBag from /opt/airflow/dags/flex_eau_pipeline.py
[2026-08-12T10:15:37.186+0000] {processor.py:925} INFO - DAG(s) 'flex_eau_pipeline' retrieved from /opt/airflow/dags/flex_eau_pipeline.py
[2026-08-12T10:15:37.273+0000] {logging_mixin.py:190} INFO - [2026-08-12T10:15:37.273+0000] {dag.py:3211} INFO - Sync 1 DAGs
[2026-08-12T10:15:37.303+0000] {logging_mixin.py:190} INFO - [2026-08-12T10:15:37.303+0000] {dag.py:4138} INFO - Setting next_dagrun for flex_eau_pipeline to 2026-08-12 00:00:00+00:00, run_after=2026-08-13 00:00:00+00:00
[2026-08-12T10:15:37.342+0000] {processor.py:208} INFO - Processing /opt/airflow/dags/flex_eau_pipeline.py took 0.201 seconds
[2026-08-12T10:16:08.004+0000] {processor.py:186} INFO - Started process (PID=12036) to work on /opt/airflow/dags/flex_eau_pipeline.py
[2026-08-12T10:16:08.006+0000] {processor.py:914} INFO - Processing file /opt/airflow/dags/flex_eau_pipeline.py for tasks to queue
[2026-08-12T10:16:08.007+0000] {logging_mixin.py:190} INFO - [2026-08-12T10:16:08.007+0000] {dagbag.py:587} INFO - Filling up the DagBag from /opt/airflow/dags/flex_eau_pipeline.py
[2026-08-12T10:16:08.034+0000] {processor.py:925} INFO - DAG(s) 'flex_eau_pipeline' retrieved from /opt/airflow/dags/flex_eau_pipeline.py
[2026-08-12T10:16:08.082+0000] {logging_mixin.py:190} INFO - [2026-08-12T10:16:08.082+0000] {dag.py:3211} INFO - Sync 1 DAGs
[2026-08-12T10:16:08.116+0000] {logging_mixin.py:190} INFO - [2026-08-12T10:16:08.116+0000] {dag.py:4138} INFO - Setting next_dagrun for flex_eau_pipeline to 2026-08-12 00:00:00+00:00, run_after=2026-08-13 00:00:00+00:00
[2026-08-12T10:16:08.144+0000] {processor.py:208} INFO - Processing /opt/airflow/dags/flex_eau_pipeline.py took 0.148 seconds
[2026-08-12T10:16:38.672+0000] {processor.py:186} INFO - Started process (PID=12041) to work on /opt/airflow/dags/flex_eau_pipeline.py
[2026-08-12T10:16:38.674+0000] {processor.py:914} INFO - Processing file /opt/airflow/dags/flex_eau_pipeline.py for tasks to queue
[2026-08-12T10:16:38.676+0000] {logging_mixin.py:190} INFO - [2026-08-12T10:16:38.676+0000] {dagbag.py:587} INFO - Filling up the DagBag from /opt/airflow/dags/flex_eau_pipeline.py
[2026-08-12T10:16:38.704+0000] {processor.py:925} INFO - DAG(s) 'flex_eau_pipeline' retrieved from /opt/airflow/dags/flex_eau_pipeline.py
[2026-08-12T10:16:38.744+0000] {logging_mixin.py:190} INFO - [2026-08-12T10:16:38.744+0000] {dag.py:3211} INFO - Sync 1 DAGs
[2026-08-12T10:16:38.779+0000] {logging_mixin.py:190} INFO - [2026-08-12T10:16:38.779+0000] {dag.py:4138} INFO - Setting next_dagrun for flex_eau_pipeline to 2026-08-12 00:00:00+00:00, run_after=2026-08-13 00:00:00+00:00
[2026-08-12T10:16:38.824+0000] {processor.py:208} INFO - Processing /opt/airflow/dags/flex_eau_pipeline.py took 0.166 seconds
[2026-08-12T10:17:09.307+0000] {processor.py:186} INFO - Started process (PID=12046) to work on /opt/airflow/dags/flex_eau_pipeline.py
[2026-08-12T10:17:09.309+0000] {processor.py:914} INFO - Processing file /opt/airflow/dags/flex_eau_pipeline.py for tasks to queue
[2026-08-12T10:17:09.311+0000] {logging_mixin.py:190} INFO - [2026-08-12T10:17:09.310+0000] {dagbag.py:587} INFO - Filling up the DagBag from /opt/airflow/dags/flex_eau_pipeline.py
[2026-08-12T10:17:09.335+0000] {processor.py:925} INFO - DAG(s) 'flex_eau_pipeline' retrieved from /opt/airflow/dags/flex_eau_pipeline.py
[2026-08-12T10:17:09.382+0000] {logging_mixin.py:190} INFO - [2026-08-12T10:17:09.382+0000] {dag.py:3211} INFO - Sync 1 DAGs
[2026-08-12T10:17:09.422+0000] {logging_mixin.py:190} INFO - [2026-08-12T10:17:09.421+0000] {dag.py:4138} INFO - Setting next_dagrun for flex_eau_pipeline to 2026-08-12 00:00:00+00:00, run_after=2026-08-13 00:00:00+00:00
[2026-08-12T10:17:09.461+0000] {processor.py:208} INFO - Processing /opt/airflow/dags/flex_eau_pipeline.py took 0.162 seconds
[2026-08-12T10:17:40.068+0000] {processor.py:186} INFO - Started process (PID=12051) to work on /opt/airflow/dags/flex_eau_pipeline.py
[2026-08-12T10:17:40.070+0000] {processor.py:914} INFO - Processing file /opt/airflow/dags/flex_eau_pipeline.py for tasks to queue
[2026-08-12T10:17:40.072+0000] {logging_mixin.py:190} INFO - [2026-08-12T10:17:40.072+0000] {dagbag.py:587} INFO - Filling up the DagBag from /opt/airflow/dags/flex_eau_pipeline.py
[2026-08-12T10:17:40.127+0000] {processor.py:925} INFO - DAG(s) 'flex_eau_pipeline' retrieved from /opt/airflow/dags/flex_eau_pipeline.py
[2026-08-12T10:17:40.211+0000] {logging_mixin.py:190} INFO - [2026-08-12T10:17:40.210+0000] {dag.py:3211} INFO - Sync 1 DAGs
[2026-08-12T10:17:40.245+0000] {logging_mixin.py:190} INFO - [2026-08-12T10:17:40.245+0000] {dag.py:4138} INFO - Setting next_dagrun for flex_eau_pipeline to 2026-08-12 00:00:00+00:00, run_after=2026-08-13 00:00:00+00:00
[2026-08-12T10:17:40.284+0000] {processor.py:208} INFO - Processing /opt/airflow/dags/flex_eau_pipeline.py took 0.224 seconds
[2026-08-12T10:18:10.692+0000] {processor.py:186} INFO - Started process (PID=12056) to work on /opt/airflow/dags/flex_eau_pipeline.py
[2026-08-12T10:18:10.694+0000] {processor.py:914} INFO - Processing file /opt/airflow/dags/flex_eau_pipeline.py for tasks to queue
[2026-08-12T10:18:10.696+0000] {logging_mixin.py:190} INFO - [2026-08-12T10:18:10.695+0000] {dagbag.py:587} INFO - Filling up the DagBag from /opt/airflow/dags/flex_eau_pipeline.py
[2026-08-12T10:18:10.730+0000] {processor.py:925} INFO - DAG(s) 'flex_eau_pipeline' retrieved from /opt/airflow/dags/flex_eau_pipeline.py
[2026-08-12T10:18:10.807+0000] {logging_mixin.py:190} INFO - [2026-08-12T10:18:10.807+0000] {dag.py:3211} INFO - Sync 1 DAGs
[2026-08-12T10:18:10.865+0000] {logging_mixin.py:190} INFO - [2026-08-12T10:18:10.864+0000] {dag.py:4138} INFO - Setting next_dagrun for flex_eau_pipeline to 2026-08-12 00:00:00+00:00, run_after=2026-08-13 00:00:00+00:00
[2026-08-12T10:18:10.915+0000] {processor.py:208} INFO - Processing /opt/airflow/dags/flex_eau_pipeline.py took 0.237 seconds
[2026-08-12T10:18:41.434+0000] {processor.py:186} INFO - Started process (PID=12061) to work on /opt/airflow/dags/flex_eau_pipeline.py
[2026-08-12T10:18:41.436+0000] {processor.py:914} INFO - Processing file /opt/airflow/dags/flex_eau_pipeline.py for tasks to queue
[2026-08-12T10:18:41.438+0000] {logging_mixin.py:190} INFO - [2026-08-12T10:18:41.437+0000] {dagbag.py:587} INFO - Filling up the DagBag from /opt/airflow/dags/flex_eau_pipeline.py
[2026-08-12T10:18:41.466+0000] {processor.py:925} INFO - DAG(s) 'flex_eau_pipeline' retrieved from /opt/airflow/dags/flex_eau_pipeline.py
[2026-08-12T10:18:41.514+0000] {logging_mixin.py:190} INFO - [2026-08-12T10:18:41.513+0000] {dag.py:3211} INFO - Sync 1 DAGs
[2026-08-12T10:18:41.544+0000] {logging_mixin.py:190} INFO - [2026-08-12T10:18:41.544+0000] {dag.py:4138} INFO - Setting next_dagrun for flex_eau_pipeline to 2026-08-12 00:00:00+00:00, run_after=2026-08-13 00:00:00+00:00
[2026-08-12T10:18:41.571+0000] {processor.py:208} INFO - Processing /opt/airflow/dags/flex_eau_pipeline.py took 0.146 seconds
[2026-08-12T10:19:12.145+0000] {processor.py:186} INFO - Started process (PID=12066) to work on /opt/airflow/dags/flex_eau_pipeline.py
[2026-08-12T10:19:12.147+0000] {processor.py:914} INFO - Processing file /opt/airflow/dags/flex_eau_pipeline.py for tasks to queue
[2026-08-12T10:19:12.149+0000] {logging_mixin.py:190} INFO - [2026-08-12T10:19:12.149+0000] {dagbag.py:587} INFO - Filling up the DagBag from /opt/airflow/dags/flex_eau_pipeline.py
[2026-08-12T10:19:12.182+0000] {processor.py:925} INFO - DAG(s) 'flex_eau_pipeline' retrieved from /opt/airflow/dags/flex_eau_pipeline.py
[2026-08-12T10:19:12.246+0000] {logging_mixin.py:190} INFO - [2026-08-12T10:19:12.246+0000] {dag.py:3211} INFO - Sync 1 DAGs
[2026-08-12T10:19:12.283+0000] {logging_mixin.py:190} INFO - [2026-08-12T10:19:12.283+0000] {dag.py:4138} INFO - Setting next_dagrun for flex_eau_pipeline to 2026-08-12 00:00:00+00:00, run_after=2026-08-13 00:00:00+00:00
[2026-08-12T10:19:12.333+0000] {processor.py:208} INFO - Processing /opt/airflow/dags/flex_eau_pipeline.py took 0.200 seconds
[2026-08-12T10:19:42.805+0000] {processor.py:186} INFO - Started process (PID=12071) to work on /opt/airflow/dags/flex_eau_pipeline.py
[2026-08-12T10:19:42.806+0000] {processor.py:914} INFO - Processing file /opt/airflow/dags/flex_eau_pipeline.py for tasks to queue
[2026-08-12T10:19:42.808+0000] {logging_mixin.py:190} INFO - [2026-08-12T10:19:42.808+0000] {dagbag.py:587} INFO - Filling up the DagBag from /opt/airflow/dags/flex_eau_pipeline.py
[2026-08-12T10:19:42.850+0000] {processor.py:925} INFO - DAG(s) 'flex_eau_pipeline' retrieved from /opt/airflow/dags/flex_eau_pipeline.py
[2026-08-12T10:19:42.930+0000] {logging_mixin.py:190} INFO - [2026-08-12T10:19:42.930+0000] {dag.py:3211} INFO - Sync 1 DAGs
[2026-08-12T10:19:42.961+0000] {logging_mixin.py:190} INFO - [2026-08-12T10:19:42.961+0000] {dag.py:4138} INFO - Setting next_dagrun for flex_eau_pipeline to 2026-08-12 00:00:00+00:00, run_after=2026-08-13 00:00:00+00:00
[2026-08-12T10:19:42.996+0000] {processor.py:208} INFO - Processing /opt/airflow/dags/flex_eau_pipeline.py took 0.201 seconds
[2026-08-12T10:20:13.429+0000] {processor.py:186} INFO - Started process (PID=12076) to work on /opt/airflow/dags/flex_eau_pipeline.py
[2026-08-12T10:20:13.431+0000] {processor.py:914} INFO - Processing file /opt/airflow/dags/flex_eau_pipeline.py for tasks to queue
[2026-08-12T10:20:13.434+0000] {logging_mixin.py:190} INFO - [2026-08-12T10:20:13.433+0000] {dagbag.py:587} INFO - Filling up the DagBag from /opt/airflow/dags/flex_eau_pipeline.py
[2026-08-12T10:20:13.484+0000] {processor.py:925} INFO - DAG(s) 'flex_eau_pipeline' retrieved from /opt/airflow/dags/flex_eau_pipeline.py
[2026-08-12T10:20:13.538+0000] {logging_mixin.py:190} INFO - [2026-08-12T10:20:13.538+0000] {dag.py:3211} INFO - Sync 1 DAGs
[2026-08-12T10:20:13.583+0000] {logging_mixin.py:190} INFO - [2026-08-12T10:20:13.582+0000] {dag.py:4138} INFO - Setting next_dagrun for flex_eau_pipeline to 2026-08-12 00:00:00+00:00, run_after=2026-08-13 00:00:00+00:00
[2026-08-12T10:20:13.635+0000] {processor.py:208} INFO - Processing /opt/airflow/dags/flex_eau_pipeline.py took 0.222 seconds
[2026-08-12T10:20:44.261+0000] {processor.py:186} INFO - Started process (PID=12081) to work on /opt/airflow/dags/flex_eau_pipeline.py
[2026-08-12T10:20:44.263+0000] {processor.py:914} INFO - Processing file /opt/airflow/dags/flex_eau_pipeline.py for tasks to queue
[2026-08-12T10:20:44.265+0000] {logging_mixin.py:190} INFO - [2026-08-12T10:20:44.264+0000] {dagbag.py:587} INFO - Filling up the DagBag from /opt/airflow/dags/flex_eau_pipeline.py
[2026-08-12T10:20:44.292+0000] {processor.py:925} INFO - DAG(s) 'flex_eau_pipeline' retrieved from /opt/airflow/dags/flex_eau_pipeline.py
[2026-08-12T10:20:44.340+0000] {logging_mixin.py:190} INFO - [2026-08-12T10:20:44.340+0000] {dag.py:3211} INFO - Sync 1 DAGs
[2026-08-12T10:20:44.373+0000] {logging_mixin.py:190} INFO - [2026-08-12T10:20:44.372+0000] {dag.py:4138} INFO - Setting next_dagrun for flex_eau_pipeline to 2026-08-12 00:00:00+00:00, run_after=2026-08-13 00:00:00+00:00
[2026-08-12T10:20:44.414+0000] {processor.py:208} INFO - Processing /opt/airflow/dags/flex_eau_pipeline.py took 0.161 seconds
[2026-08-12T10:21:14.831+0000] {processor.py:186} INFO - Started process (PID=12086) to work on /opt/airflow/dags/flex_eau_pipeline.py
[2026-08-12T10:21:14.833+0000] {processor.py:914} INFO - Processing file /opt/airflow/dags/flex_eau_pipeline.py for tasks to queue
[2026-08-12T10:21:14.835+0000] {logging_mixin.py:190} INFO - [2026-08-12T10:21:14.835+0000] {dagbag.py:587} INFO - Filling up the DagBag from /opt/airflow/dags/flex_eau_pipeline.py
[2026-08-12T10:21:14.865+0000] {processor.py:925} INFO - DAG(s) 'flex_eau_pipeline' retrieved from /opt/airflow/dags/flex_eau_pipeline.py
[2026-08-12T10:21:14.921+0000] {logging_mixin.py:190} INFO - [2026-08-12T10:21:14.921+0000] {dag.py:3211} INFO - Sync 1 DAGs
[2026-08-12T10:21:14.956+0000] {logging_mixin.py:190} INFO - [2026-08-12T10:21:14.956+0000] {dag.py:4138} INFO - Setting next_dagrun for flex_eau_pipeline to 2026-08-12 00:00:00+00:00, run_after=2026-08-13 00:00:00+00:00
[2026-08-12T10:21:14.984+0000] {processor.py:208} INFO - Processing /opt/airflow/dags/flex_eau_pipeline.py took 0.162 seconds
[2026-08-12T10:21:45.690+0000] {processor.py:186} INFO - Started process (PID=12091) to work on /opt/airflow/dags/flex_eau_pipeline.py
[2026-08-12T10:21:45.691+0000] {processor.py:914} INFO - Processing file /opt/airflow/dags/flex_eau_pipeline.py for tasks to queue
[2026-08-12T10:21:45.693+0000] {logging_mixin.py:190} INFO - [2026-08-12T10:21:45.692+0000] {dagbag.py:587} INFO - Filling up the DagBag from /opt/airflow/dags/flex_eau_pipeline.py
[2026-08-12T10:21:45.751+0000] {processor.py:925} INFO - DAG(s) 'flex_eau_pipeline' retrieved from /opt/airflow/dags/flex_eau_pipeline.py
[2026-08-12T10:21:45.837+0000] {logging_mixin.py:190} INFO - [2026-08-12T10:21:45.836+0000] {dag.py:3211} INFO - Sync 1 DAGs
[2026-08-12T10:21:45.864+0000] {logging_mixin.py:190} INFO - [2026-08-12T10:21:45.864+0000] {dag.py:4138} INFO - Setting next_dagrun for flex_eau_pipeline to 2026-08-12 00:00:00+00:00, run_after=2026-08-13 00:00:00+00:00
[2026-08-12T10:21:45.908+0000] {processor.py:208} INFO - Processing /opt/airflow/dags/flex_eau_pipeline.py took 0.226 seconds
[2026-08-12T10:35:41.826+0000] {processor.py:186} INFO - Started process (PID=12096) to work on /opt/airflow/dags/flex_eau_pipeline.py
[2026-08-12T10:35:41.871+0000] {processor.py:914} INFO - Processing file /opt/airflow/dags/flex_eau_pipeline.py for tasks to queue
[2026-08-12T10:35:41.927+0000] {logging_mixin.py:190} INFO - [2026-08-12T10:35:41.912+0000] {dagbag.py:587} INFO - Filling up the DagBag from /opt/airflow/dags/flex_eau_pipeline.py
[2026-08-12T10:35:42.797+0000] {processor.py:925} INFO - DAG(s) 'flex_eau_pipeline' retrieved from /opt/airflow/dags/flex_eau_pipeline.py
[2026-08-12T10:35:43.867+0000] {logging_mixin.py:190} INFO - [2026-08-12T10:35:43.867+0000] {dag.py:3211} INFO - Sync 1 DAGs
[2026-08-12T10:35:44.633+0000] {logging_mixin.py:190} INFO - [2026-08-12T10:35:44.630+0000] {dag.py:4138} INFO - Setting next_dagrun for flex_eau_pipeline to 2026-08-12 00:00:00+00:00, run_after=2026-08-13 00:00:00+00:00
[2026-08-12T10:35:45.381+0000] {processor.py:208} INFO - Processing /opt/airflow/dags/flex_eau_pipeline.py took 3.740 seconds
[2026-08-12T10:36:16.030+0000] {processor.py:186} INFO - Started process (PID=12101) to work on /opt/airflow/dags/flex_eau_pipeline.py
[2026-08-12T10:36:16.031+0000] {processor.py:914} INFO - Processing file /opt/airflow/dags/flex_eau_pipeline.py for tasks to queue
[2026-08-12T10:36:16.032+0000] {logging_mixin.py:190} INFO - [2026-08-12T10:36:16.032+0000] {dagbag.py:587} INFO - Filling up the DagBag from /opt/airflow/dags/flex_eau_pipeline.py
[2026-08-12T10:36:16.061+0000] {processor.py:925} INFO - DAG(s) 'flex_eau_pipeline' retrieved from /opt/airflow/dags/flex_eau_pipeline.py
[2026-08-12T10:36:16.111+0000] {logging_mixin.py:190} INFO - [2026-08-12T10:36:16.111+0000] {dag.py:3211} INFO - Sync 1 DAGs
[2026-08-12T10:36:16.139+0000] {logging_mixin.py:190} INFO - [2026-08-12T10:36:16.139+0000] {dag.py:4138} INFO - Setting next_dagrun for flex_eau_pipeline to 2026-08-12 00:00:00+00:00, run_after=2026-08-13 00:00:00+00:00
[2026-08-12T10:36:16.164+0000] {processor.py:208} INFO - Processing /opt/airflow/dags/flex_eau_pipeline.py took 0.142 seconds
[2026-08-12T10:36:46.260+0000] {processor.py:186} INFO - Started process (PID=12106) to work on /opt/airflow/dags/flex_eau_pipeline.py
[2026-08-12T10:36:46.262+0000] {processor.py:914} INFO - Processing file /opt/airflow/dags/flex_eau_pipeline.py for tasks to queue
[2026-08-12T10:36:46.263+0000] {logging_mixin.py:190} INFO - [2026-08-12T10:36:46.263+0000] {dagbag.py:587} INFO - Filling up the DagBag from /opt/airflow/dags/flex_eau_pipeline.py
[2026-08-12T10:36:46.288+0000] {processor.py:925} INFO - DAG(s) 'flex_eau_pipeline' retrieved from /opt/airflow/dags/flex_eau_pipeline.py
[2026-08-12T10:36:46.333+0000] {logging_mixin.py:190} INFO - [2026-08-12T10:36:46.332+0000] {dag.py:3211} INFO - Sync 1 DAGs
[2026-08-12T10:36:46.357+0000] {logging_mixin.py:190} INFO - [2026-08-12T10:36:46.357+0000] {dag.py:4138} INFO - Setting next_dagrun for flex_eau_pipeline to 2026-08-12 00:00:00+00:00, run_after=2026-08-13 00:00:00+00:00
[2026-08-12T10:36:46.380+0000] {processor.py:208} INFO - Processing /opt/airflow/dags/flex_eau_pipeline.py took 0.127 seconds
[2026-08-12T10:37:16.739+0000] {processor.py:186} INFO - Started process (PID=12111) to work on /opt/airflow/dags/flex_eau_pipeline.py
[2026-08-12T10:37:16.740+0000] {processor.py:914} INFO - Processing file /opt/airflow/dags/flex_eau_pipeline.py for tasks to queue
[2026-08-12T10:37:16.742+0000] {logging_mixin.py:190} INFO - [2026-08-12T10:37:16.742+0000] {dagbag.py:587} INFO - Filling up the DagBag from /opt/airflow/dags/flex_eau_pipeline.py
[2026-08-12T10:37:16.772+0000] {processor.py:925} INFO - DAG(s) 'flex_eau_pipeline' retrieved from /opt/airflow/dags/flex_eau_pipeline.py
[2026-08-12T10:37:16.823+0000] {logging_mixin.py:190} INFO - [2026-08-12T10:37:16.823+0000] {dag.py:3211} INFO - Sync 1 DAGs
[2026-08-12T10:37:16.856+0000] {logging_mixin.py:190} INFO - [2026-08-12T10:37:16.856+0000] {dag.py:4138} INFO - Setting next_dagrun for flex_eau_pipeline to 2026-08-12 00:00:00+00:00, run_after=2026-08-13 00:00:00+00:00
[2026-08-12T10:37:16.894+0000] {processor.py:208} INFO - Processing /opt/airflow/dags/flex_eau_pipeline.py took 0.163 seconds
[2026-08-12T10:37:47.371+0000] {processor.py:186} INFO - Started process (PID=12116) to work on /opt/airflow/dags/flex_eau_pipeline.py
[2026-08-12T10:37:47.372+0000] {processor.py:914} INFO - Processing file /opt/airflow/dags/flex_eau_pipeline.py for tasks to queue
[2026-08-12T10:37:47.374+0000] {logging_mixin.py:190} INFO - [2026-08-12T10:37:47.374+0000] {dagbag.py:587} INFO - Filling up the DagBag from /opt/airflow/dags/flex_eau_pipeline.py
[2026-08-12T10:37:47.427+0000] {processor.py:925} INFO - DAG(s) 'flex_eau_pipeline' retrieved from /opt/airflow/dags/flex_eau_pipeline.py
[2026-08-12T10:37:47.493+0000] {logging_mixin.py:190} INFO - [2026-08-12T10:37:47.493+0000] {dag.py:3211} INFO - Sync 1 DAGs
[2026-08-12T10:37:47.522+0000] {logging_mixin.py:190} INFO - [2026-08-12T10:37:47.522+0000] {dag.py:4138} INFO - Setting next_dagrun for flex_eau_pipeline to 2026-08-12 00:00:00+00:00, run_after=2026-08-13 00:00:00+00:00
[2026-08-12T10:37:47.550+0000] {processor.py:208} INFO - Processing /opt/airflow/dags/flex_eau_pipeline.py took 0.190 seconds
[2026-08-12T10:38:18.082+0000] {processor.py:186} INFO - Started process (PID=12121) to work on /opt/airflow/dags/flex_eau_pipeline.py
[2026-08-12T10:38:18.084+0000] {processor.py:914} INFO - Processing file /opt/airflow/dags/flex_eau_pipeline.py for tasks to queue
[2026-08-12T10:38:18.087+0000] {logging_mixin.py:190} INFO - [2026-08-12T10:38:18.087+0000] {dagbag.py:587} INFO - Filling up the DagBag from /opt/airflow/dags/flex_eau_pipeline.py
[2026-08-12T10:38:18.114+0000] {processor.py:925} INFO - DAG(s) 'flex_eau_pipeline' retrieved from /opt/airflow/dags/flex_eau_pipeline.py
[2026-08-12T10:38:18.167+0000] {logging_mixin.py:190} INFO - [2026-08-12T10:38:18.167+0000] {dag.py:3211} INFO - Sync 1 DAGs
[2026-08-12T10:38:18.200+0000] {logging_mixin.py:190} INFO - [2026-08-12T10:38:18.199+0000] {dag.py:4138} INFO - Setting next_dagrun for flex_eau_pipeline to 2026-08-12 00:00:00+00:00, run_after=2026-08-13 00:00:00+00:00
[2026-08-12T10:38:18.230+0000] {processor.py:208} INFO - Processing /opt/airflow/dags/flex_eau_pipeline.py took 0.156 seconds
[2026-08-12T10:38:48.868+0000] {processor.py:186} INFO - Started process (PID=12126) to work on /opt/airflow/dags/flex_eau_pipeline.py
[2026-08-12T10:38:48.869+0000] {processor.py:914} INFO - Processing file /opt/airflow/dags/flex_eau_pipeline.py for tasks to queue
[2026-08-12T10:38:48.871+0000] {logging_mixin.py:190} INFO - [2026-08-12T10:38:48.871+0000] {dagbag.py:587} INFO - Filling up the DagBag from /opt/airflow/dags/flex_eau_pipeline.py
[2026-08-12T10:38:48.919+0000] {processor.py:925} INFO - DAG(s) 'flex_eau_pipeline' retrieved from /opt/airflow/dags/flex_eau_pipeline.py
[2026-08-12T10:38:48.994+0000] {logging_mixin.py:190} INFO - [2026-08-12T10:38:48.994+0000] {dag.py:3211} INFO - Sync 1 DAGs
[2026-08-12T10:38:49.028+0000] {logging_mixin.py:190} INFO - [2026-08-12T10:38:49.028+0000] {dag.py:4138} INFO - Setting next_dagrun for flex_eau_pipeline to 2026-08-12 00:00:00+00:00, run_after=2026-08-13 00:00:00+00:00
[2026-08-12T10:38:49.059+0000] {processor.py:208} INFO - Processing /opt/airflow/dags/flex_eau_pipeline.py took 0.202 seconds
[2026-08-12T10:39:19.450+0000] {processor.py:186} INFO - Started process (PID=12131) to work on /opt/airflow/dags/flex_eau_pipeline.py
[2026-08-12T10:39:19.452+0000] {processor.py:914} INFO - Processing file /opt/airflow/dags/flex_eau_pipeline.py for tasks to queue
[2026-08-12T10:39:19.454+0000] {logging_mixin.py:190} INFO - [2026-08-12T10:39:19.454+0000] {dagbag.py:587} INFO - Filling up the DagBag from /opt/airflow/dags/flex_eau_pipeline.py
[2026-08-12T10:39:19.485+0000] {processor.py:925} INFO - DAG(s) 'flex_eau_pipeline' retrieved from /opt/airflow/dags/flex_eau_pipeline.py
[2026-08-12T10:39:19.540+0000] {logging_mixin.py:190} INFO - [2026-08-12T10:39:19.540+0000] {dag.py:3211} INFO - Sync 1 DAGs
[2026-08-12T10:39:19.571+0000] {logging_mixin.py:190} INFO - [2026-08-12T10:39:19.571+0000] {dag.py:4138} INFO - Setting next_dagrun for flex_eau_pipeline to 2026-08-12 00:00:00+00:00, run_after=2026-08-13 00:00:00+00:00
[2026-08-12T10:39:19.618+0000] {processor.py:208} INFO - Processing /opt/airflow/dags/flex_eau_pipeline.py took 0.178 seconds
