[2026-07-25T17:40:15.131+0000] {processor.py:186} INFO - Started process (PID=164) to work on /opt/airflow/dags/flex_eau_pipeline.py
[2026-07-25T17:40:15.133+0000] {processor.py:914} INFO - Processing file /opt/airflow/dags/flex_eau_pipeline.py for tasks to queue
[2026-07-25T17:40:15.137+0000] {logging_mixin.py:190} INFO - [2026-07-25T17:40:15.136+0000] {dagbag.py:587} INFO - Filling up the DagBag from /opt/airflow/dags/flex_eau_pipeline.py
[2026-07-25T17:40:15.178+0000] {logging_mixin.py:190} INFO - [2026-07-25T17:40:15.173+0000] {dagbag.py:386} ERROR - Failed to import: /opt/airflow/dags/flex_eau_pipeline.py
Traceback (most recent call last):
  File "/home/airflow/.local/lib/python3.12/site-packages/airflow/models/dagbag.py", line 382, in parse
    loader.exec_module(new_module)
  File "<frozen importlib._bootstrap_external>", line 991, in exec_module
  File "<frozen importlib._bootstrap_external>", line 1129, in get_code
  File "<frozen importlib._bootstrap_external>", line 1059, in source_to_code
  File "<frozen importlib._bootstrap>", line 488, in _call_with_frames_removed
  File "/opt/airflow/dags/flex_eau_pipeline.py", line 25
    ingestion = BashOperator(
    ^^^^^^^^^
IndentationError: expected an indented block after 'with' statement on line 11
[2026-07-25T17:40:15.179+0000] {processor.py:927} WARNING - No viable dags retrieved from /opt/airflow/dags/flex_eau_pipeline.py
[2026-07-25T17:40:15.244+0000] {processor.py:208} INFO - Processing /opt/airflow/dags/flex_eau_pipeline.py took 0.131 seconds
[2026-07-25T17:40:45.747+0000] {processor.py:186} INFO - Started process (PID=169) to work on /opt/airflow/dags/flex_eau_pipeline.py
[2026-07-25T17:40:45.748+0000] {processor.py:914} INFO - Processing file /opt/airflow/dags/flex_eau_pipeline.py for tasks to queue
[2026-07-25T17:40:45.751+0000] {logging_mixin.py:190} INFO - [2026-07-25T17:40:45.751+0000] {dagbag.py:587} INFO - Filling up the DagBag from /opt/airflow/dags/flex_eau_pipeline.py
[2026-07-25T17:40:45.775+0000] {logging_mixin.py:190} INFO - [2026-07-25T17:40:45.773+0000] {dagbag.py:386} ERROR - Failed to import: /opt/airflow/dags/flex_eau_pipeline.py
Traceback (most recent call last):
  File "/home/airflow/.local/lib/python3.12/site-packages/airflow/models/dagbag.py", line 382, in parse
    loader.exec_module(new_module)
  File "<frozen importlib._bootstrap_external>", line 991, in exec_module
  File "<frozen importlib._bootstrap_external>", line 1129, in get_code
  File "<frozen importlib._bootstrap_external>", line 1059, in source_to_code
  File "<frozen importlib._bootstrap>", line 488, in _call_with_frames_removed
  File "/opt/airflow/dags/flex_eau_pipeline.py", line 25
    ingestion = BashOperator(
    ^^^^^^^^^
IndentationError: expected an indented block after 'with' statement on line 11
[2026-07-25T17:40:45.776+0000] {processor.py:927} WARNING - No viable dags retrieved from /opt/airflow/dags/flex_eau_pipeline.py
[2026-07-25T17:40:45.811+0000] {processor.py:208} INFO - Processing /opt/airflow/dags/flex_eau_pipeline.py took 0.074 seconds
[2026-07-25T17:41:16.498+0000] {processor.py:186} INFO - Started process (PID=174) to work on /opt/airflow/dags/flex_eau_pipeline.py
[2026-07-25T17:41:16.500+0000] {processor.py:914} INFO - Processing file /opt/airflow/dags/flex_eau_pipeline.py for tasks to queue
[2026-07-25T17:41:16.503+0000] {logging_mixin.py:190} INFO - [2026-07-25T17:41:16.503+0000] {dagbag.py:587} INFO - Filling up the DagBag from /opt/airflow/dags/flex_eau_pipeline.py
[2026-07-25T17:41:16.526+0000] {logging_mixin.py:190} INFO - [2026-07-25T17:41:16.525+0000] {dagbag.py:386} ERROR - Failed to import: /opt/airflow/dags/flex_eau_pipeline.py
Traceback (most recent call last):
  File "/home/airflow/.local/lib/python3.12/site-packages/airflow/models/dagbag.py", line 382, in parse
    loader.exec_module(new_module)
  File "<frozen importlib._bootstrap_external>", line 991, in exec_module
  File "<frozen importlib._bootstrap_external>", line 1129, in get_code
  File "<frozen importlib._bootstrap_external>", line 1059, in source_to_code
  File "<frozen importlib._bootstrap>", line 488, in _call_with_frames_removed
  File "/opt/airflow/dags/flex_eau_pipeline.py", line 25
    ingestion = BashOperator(
    ^^^^^^^^^
IndentationError: expected an indented block after 'with' statement on line 11
[2026-07-25T17:41:16.527+0000] {processor.py:927} WARNING - No viable dags retrieved from /opt/airflow/dags/flex_eau_pipeline.py
[2026-07-25T17:41:16.557+0000] {processor.py:208} INFO - Processing /opt/airflow/dags/flex_eau_pipeline.py took 0.067 seconds
[2026-07-25T17:41:47.304+0000] {processor.py:186} INFO - Started process (PID=179) to work on /opt/airflow/dags/flex_eau_pipeline.py
[2026-07-25T17:41:47.306+0000] {processor.py:914} INFO - Processing file /opt/airflow/dags/flex_eau_pipeline.py for tasks to queue
[2026-07-25T17:41:47.309+0000] {logging_mixin.py:190} INFO - [2026-07-25T17:41:47.308+0000] {dagbag.py:587} INFO - Filling up the DagBag from /opt/airflow/dags/flex_eau_pipeline.py
[2026-07-25T17:41:47.332+0000] {logging_mixin.py:190} INFO - [2026-07-25T17:41:47.330+0000] {dagbag.py:386} ERROR - Failed to import: /opt/airflow/dags/flex_eau_pipeline.py
Traceback (most recent call last):
  File "/home/airflow/.local/lib/python3.12/site-packages/airflow/models/dagbag.py", line 382, in parse
    loader.exec_module(new_module)
  File "<frozen importlib._bootstrap_external>", line 991, in exec_module
  File "<frozen importlib._bootstrap_external>", line 1129, in get_code
  File "<frozen importlib._bootstrap_external>", line 1059, in source_to_code
  File "<frozen importlib._bootstrap>", line 488, in _call_with_frames_removed
  File "/opt/airflow/dags/flex_eau_pipeline.py", line 25
    ingestion = BashOperator(
    ^^^^^^^^^
IndentationError: expected an indented block after 'with' statement on line 11
[2026-07-25T17:41:47.333+0000] {processor.py:927} WARNING - No viable dags retrieved from /opt/airflow/dags/flex_eau_pipeline.py
[2026-07-25T17:41:47.363+0000] {processor.py:208} INFO - Processing /opt/airflow/dags/flex_eau_pipeline.py took 0.067 seconds
[2026-07-25T17:42:18.109+0000] {processor.py:186} INFO - Started process (PID=184) to work on /opt/airflow/dags/flex_eau_pipeline.py
[2026-07-25T17:42:18.110+0000] {processor.py:914} INFO - Processing file /opt/airflow/dags/flex_eau_pipeline.py for tasks to queue
[2026-07-25T17:42:18.114+0000] {logging_mixin.py:190} INFO - [2026-07-25T17:42:18.114+0000] {dagbag.py:587} INFO - Filling up the DagBag from /opt/airflow/dags/flex_eau_pipeline.py
[2026-07-25T17:42:18.136+0000] {logging_mixin.py:190} INFO - [2026-07-25T17:42:18.135+0000] {dagbag.py:386} ERROR - Failed to import: /opt/airflow/dags/flex_eau_pipeline.py
Traceback (most recent call last):
  File "/home/airflow/.local/lib/python3.12/site-packages/airflow/models/dagbag.py", line 382, in parse
    loader.exec_module(new_module)
  File "<frozen importlib._bootstrap_external>", line 991, in exec_module
  File "<frozen importlib._bootstrap_external>", line 1129, in get_code
  File "<frozen importlib._bootstrap_external>", line 1059, in source_to_code
  File "<frozen importlib._bootstrap>", line 488, in _call_with_frames_removed
  File "/opt/airflow/dags/flex_eau_pipeline.py", line 25
    ingestion = BashOperator(
    ^^^^^^^^^
IndentationError: expected an indented block after 'with' statement on line 11
[2026-07-25T17:42:18.137+0000] {processor.py:927} WARNING - No viable dags retrieved from /opt/airflow/dags/flex_eau_pipeline.py
[2026-07-25T17:42:18.167+0000] {processor.py:208} INFO - Processing /opt/airflow/dags/flex_eau_pipeline.py took 0.066 seconds
[2026-07-25T17:42:48.891+0000] {processor.py:186} INFO - Started process (PID=189) to work on /opt/airflow/dags/flex_eau_pipeline.py
[2026-07-25T17:42:48.892+0000] {processor.py:914} INFO - Processing file /opt/airflow/dags/flex_eau_pipeline.py for tasks to queue
[2026-07-25T17:42:48.896+0000] {logging_mixin.py:190} INFO - [2026-07-25T17:42:48.896+0000] {dagbag.py:587} INFO - Filling up the DagBag from /opt/airflow/dags/flex_eau_pipeline.py
[2026-07-25T17:42:48.923+0000] {logging_mixin.py:190} INFO - [2026-07-25T17:42:48.922+0000] {dagbag.py:386} ERROR - Failed to import: /opt/airflow/dags/flex_eau_pipeline.py
Traceback (most recent call last):
  File "/home/airflow/.local/lib/python3.12/site-packages/airflow/models/dagbag.py", line 382, in parse
    loader.exec_module(new_module)
  File "<frozen importlib._bootstrap_external>", line 991, in exec_module
  File "<frozen importlib._bootstrap_external>", line 1129, in get_code
  File "<frozen importlib._bootstrap_external>", line 1059, in source_to_code
  File "<frozen importlib._bootstrap>", line 488, in _call_with_frames_removed
  File "/opt/airflow/dags/flex_eau_pipeline.py", line 25
    ingestion = BashOperator(
    ^^^^^^^^^
IndentationError: expected an indented block after 'with' statement on line 11
[2026-07-25T17:42:48.924+0000] {processor.py:927} WARNING - No viable dags retrieved from /opt/airflow/dags/flex_eau_pipeline.py
[2026-07-25T17:42:48.949+0000] {processor.py:208} INFO - Processing /opt/airflow/dags/flex_eau_pipeline.py took 0.064 seconds
[2026-07-25T17:43:19.922+0000] {processor.py:186} INFO - Started process (PID=194) to work on /opt/airflow/dags/flex_eau_pipeline.py
[2026-07-25T17:43:19.924+0000] {processor.py:914} INFO - Processing file /opt/airflow/dags/flex_eau_pipeline.py for tasks to queue
[2026-07-25T17:43:19.927+0000] {logging_mixin.py:190} INFO - [2026-07-25T17:43:19.926+0000] {dagbag.py:587} INFO - Filling up the DagBag from /opt/airflow/dags/flex_eau_pipeline.py
[2026-07-25T17:43:19.952+0000] {logging_mixin.py:190} INFO - [2026-07-25T17:43:19.950+0000] {dagbag.py:386} ERROR - Failed to import: /opt/airflow/dags/flex_eau_pipeline.py
Traceback (most recent call last):
  File "/home/airflow/.local/lib/python3.12/site-packages/airflow/models/dagbag.py", line 382, in parse
    loader.exec_module(new_module)
  File "<frozen importlib._bootstrap_external>", line 991, in exec_module
  File "<frozen importlib._bootstrap_external>", line 1129, in get_code
  File "<frozen importlib._bootstrap_external>", line 1059, in source_to_code
  File "<frozen importlib._bootstrap>", line 488, in _call_with_frames_removed
  File "/opt/airflow/dags/flex_eau_pipeline.py", line 25
    ingestion = BashOperator(
    ^^^^^^^^^
IndentationError: expected an indented block after 'with' statement on line 11
[2026-07-25T17:43:19.953+0000] {processor.py:927} WARNING - No viable dags retrieved from /opt/airflow/dags/flex_eau_pipeline.py
[2026-07-25T17:43:19.986+0000] {processor.py:208} INFO - Processing /opt/airflow/dags/flex_eau_pipeline.py took 0.072 seconds
[2026-07-25T17:43:50.757+0000] {processor.py:186} INFO - Started process (PID=199) to work on /opt/airflow/dags/flex_eau_pipeline.py
[2026-07-25T17:43:50.758+0000] {processor.py:914} INFO - Processing file /opt/airflow/dags/flex_eau_pipeline.py for tasks to queue
[2026-07-25T17:43:50.760+0000] {logging_mixin.py:190} INFO - [2026-07-25T17:43:50.760+0000] {dagbag.py:587} INFO - Filling up the DagBag from /opt/airflow/dags/flex_eau_pipeline.py
[2026-07-25T17:43:50.783+0000] {logging_mixin.py:190} INFO - [2026-07-25T17:43:50.782+0000] {dagbag.py:386} ERROR - Failed to import: /opt/airflow/dags/flex_eau_pipeline.py
Traceback (most recent call last):
  File "/home/airflow/.local/lib/python3.12/site-packages/airflow/models/dagbag.py", line 382, in parse
    loader.exec_module(new_module)
  File "<frozen importlib._bootstrap_external>", line 991, in exec_module
  File "<frozen importlib._bootstrap_external>", line 1129, in get_code
  File "<frozen importlib._bootstrap_external>", line 1059, in source_to_code
  File "<frozen importlib._bootstrap>", line 488, in _call_with_frames_removed
  File "/opt/airflow/dags/flex_eau_pipeline.py", line 25
    ingestion = BashOperator(
    ^^^^^^^^^
IndentationError: expected an indented block after 'with' statement on line 11
[2026-07-25T17:43:50.784+0000] {processor.py:927} WARNING - No viable dags retrieved from /opt/airflow/dags/flex_eau_pipeline.py
[2026-07-25T17:43:50.816+0000] {processor.py:208} INFO - Processing /opt/airflow/dags/flex_eau_pipeline.py took 0.065 seconds
[2026-07-25T17:44:21.515+0000] {processor.py:186} INFO - Started process (PID=204) to work on /opt/airflow/dags/flex_eau_pipeline.py
[2026-07-25T17:44:21.517+0000] {processor.py:914} INFO - Processing file /opt/airflow/dags/flex_eau_pipeline.py for tasks to queue
[2026-07-25T17:44:21.520+0000] {logging_mixin.py:190} INFO - [2026-07-25T17:44:21.520+0000] {dagbag.py:587} INFO - Filling up the DagBag from /opt/airflow/dags/flex_eau_pipeline.py
[2026-07-25T17:44:21.541+0000] {logging_mixin.py:190} INFO - [2026-07-25T17:44:21.540+0000] {dagbag.py:386} ERROR - Failed to import: /opt/airflow/dags/flex_eau_pipeline.py
Traceback (most recent call last):
  File "/home/airflow/.local/lib/python3.12/site-packages/airflow/models/dagbag.py", line 382, in parse
    loader.exec_module(new_module)
  File "<frozen importlib._bootstrap_external>", line 991, in exec_module
  File "<frozen importlib._bootstrap_external>", line 1129, in get_code
  File "<frozen importlib._bootstrap_external>", line 1059, in source_to_code
  File "<frozen importlib._bootstrap>", line 488, in _call_with_frames_removed
  File "/opt/airflow/dags/flex_eau_pipeline.py", line 25
    ingestion = BashOperator(
    ^^^^^^^^^
IndentationError: expected an indented block after 'with' statement on line 11
[2026-07-25T17:44:21.542+0000] {processor.py:927} WARNING - No viable dags retrieved from /opt/airflow/dags/flex_eau_pipeline.py
[2026-07-25T17:44:21.573+0000] {processor.py:208} INFO - Processing /opt/airflow/dags/flex_eau_pipeline.py took 0.066 seconds
[2026-07-25T17:44:52.143+0000] {processor.py:186} INFO - Started process (PID=209) to work on /opt/airflow/dags/flex_eau_pipeline.py
[2026-07-25T17:44:52.201+0000] {processor.py:914} INFO - Processing file /opt/airflow/dags/flex_eau_pipeline.py for tasks to queue
[2026-07-25T17:44:52.211+0000] {logging_mixin.py:190} INFO - [2026-07-25T17:44:52.209+0000] {dagbag.py:587} INFO - Filling up the DagBag from /opt/airflow/dags/flex_eau_pipeline.py
[2026-07-25T17:44:52.921+0000] {logging_mixin.py:190} INFO - [2026-07-25T17:44:52.918+0000] {dagbag.py:386} ERROR - Failed to import: /opt/airflow/dags/flex_eau_pipeline.py
Traceback (most recent call last):
  File "/home/airflow/.local/lib/python3.12/site-packages/airflow/models/dagbag.py", line 382, in parse
    loader.exec_module(new_module)
  File "<frozen importlib._bootstrap_external>", line 991, in exec_module
  File "<frozen importlib._bootstrap_external>", line 1129, in get_code
  File "<frozen importlib._bootstrap_external>", line 1059, in source_to_code
  File "<frozen importlib._bootstrap>", line 488, in _call_with_frames_removed
  File "/opt/airflow/dags/flex_eau_pipeline.py", line 25
    ingestion = BashOperator(
    ^^^^^^^^^
IndentationError: expected an indented block after 'with' statement on line 11
[2026-07-25T17:44:52.924+0000] {processor.py:927} WARNING - No viable dags retrieved from /opt/airflow/dags/flex_eau_pipeline.py
[2026-07-25T17:44:53.277+0000] {processor.py:208} INFO - Processing /opt/airflow/dags/flex_eau_pipeline.py took 1.162 seconds
[2026-07-25T17:45:24.040+0000] {processor.py:186} INFO - Started process (PID=214) to work on /opt/airflow/dags/flex_eau_pipeline.py
[2026-07-25T17:45:24.042+0000] {processor.py:914} INFO - Processing file /opt/airflow/dags/flex_eau_pipeline.py for tasks to queue
[2026-07-25T17:45:24.045+0000] {logging_mixin.py:190} INFO - [2026-07-25T17:45:24.045+0000] {dagbag.py:587} INFO - Filling up the DagBag from /opt/airflow/dags/flex_eau_pipeline.py
[2026-07-25T17:45:24.064+0000] {logging_mixin.py:190} INFO - [2026-07-25T17:45:24.063+0000] {dagbag.py:386} ERROR - Failed to import: /opt/airflow/dags/flex_eau_pipeline.py
Traceback (most recent call last):
  File "/home/airflow/.local/lib/python3.12/site-packages/airflow/models/dagbag.py", line 382, in parse
    loader.exec_module(new_module)
  File "<frozen importlib._bootstrap_external>", line 991, in exec_module
  File "<frozen importlib._bootstrap_external>", line 1129, in get_code
  File "<frozen importlib._bootstrap_external>", line 1059, in source_to_code
  File "<frozen importlib._bootstrap>", line 488, in _call_with_frames_removed
  File "/opt/airflow/dags/flex_eau_pipeline.py", line 25
    ingestion = BashOperator(
    ^^^^^^^^^
IndentationError: expected an indented block after 'with' statement on line 11
[2026-07-25T17:45:24.065+0000] {processor.py:927} WARNING - No viable dags retrieved from /opt/airflow/dags/flex_eau_pipeline.py
[2026-07-25T17:45:24.093+0000] {processor.py:208} INFO - Processing /opt/airflow/dags/flex_eau_pipeline.py took 0.062 seconds
[2026-07-25T17:45:54.726+0000] {processor.py:186} INFO - Started process (PID=219) to work on /opt/airflow/dags/flex_eau_pipeline.py
[2026-07-25T17:45:54.727+0000] {processor.py:914} INFO - Processing file /opt/airflow/dags/flex_eau_pipeline.py for tasks to queue
[2026-07-25T17:45:54.732+0000] {logging_mixin.py:190} INFO - [2026-07-25T17:45:54.732+0000] {dagbag.py:587} INFO - Filling up the DagBag from /opt/airflow/dags/flex_eau_pipeline.py
[2026-07-25T17:45:54.754+0000] {logging_mixin.py:190} INFO - [2026-07-25T17:45:54.752+0000] {dagbag.py:386} ERROR - Failed to import: /opt/airflow/dags/flex_eau_pipeline.py
Traceback (most recent call last):
  File "/home/airflow/.local/lib/python3.12/site-packages/airflow/models/dagbag.py", line 382, in parse
    loader.exec_module(new_module)
  File "<frozen importlib._bootstrap_external>", line 991, in exec_module
  File "<frozen importlib._bootstrap_external>", line 1129, in get_code
  File "<frozen importlib._bootstrap_external>", line 1059, in source_to_code
  File "<frozen importlib._bootstrap>", line 488, in _call_with_frames_removed
  File "/opt/airflow/dags/flex_eau_pipeline.py", line 25
    ingestion = BashOperator(
    ^^^^^^^^^
IndentationError: expected an indented block after 'with' statement on line 11
[2026-07-25T17:45:54.755+0000] {processor.py:927} WARNING - No viable dags retrieved from /opt/airflow/dags/flex_eau_pipeline.py
[2026-07-25T17:45:54.791+0000] {processor.py:208} INFO - Processing /opt/airflow/dags/flex_eau_pipeline.py took 0.075 seconds
[2026-07-25T17:46:25.370+0000] {processor.py:186} INFO - Started process (PID=224) to work on /opt/airflow/dags/flex_eau_pipeline.py
[2026-07-25T17:46:25.372+0000] {processor.py:914} INFO - Processing file /opt/airflow/dags/flex_eau_pipeline.py for tasks to queue
[2026-07-25T17:46:25.376+0000] {logging_mixin.py:190} INFO - [2026-07-25T17:46:25.375+0000] {dagbag.py:587} INFO - Filling up the DagBag from /opt/airflow/dags/flex_eau_pipeline.py
[2026-07-25T17:46:25.398+0000] {logging_mixin.py:190} INFO - [2026-07-25T17:46:25.397+0000] {dagbag.py:386} ERROR - Failed to import: /opt/airflow/dags/flex_eau_pipeline.py
Traceback (most recent call last):
  File "/home/airflow/.local/lib/python3.12/site-packages/airflow/models/dagbag.py", line 382, in parse
    loader.exec_module(new_module)
  File "<frozen importlib._bootstrap_external>", line 991, in exec_module
  File "<frozen importlib._bootstrap_external>", line 1129, in get_code
  File "<frozen importlib._bootstrap_external>", line 1059, in source_to_code
  File "<frozen importlib._bootstrap>", line 488, in _call_with_frames_removed
  File "/opt/airflow/dags/flex_eau_pipeline.py", line 25
    ingestion = BashOperator(
    ^^^^^^^^^
IndentationError: expected an indented block after 'with' statement on line 11
[2026-07-25T17:46:25.399+0000] {processor.py:927} WARNING - No viable dags retrieved from /opt/airflow/dags/flex_eau_pipeline.py
[2026-07-25T17:46:25.432+0000] {processor.py:208} INFO - Processing /opt/airflow/dags/flex_eau_pipeline.py took 0.070 seconds
[2026-07-25T17:46:56.078+0000] {processor.py:186} INFO - Started process (PID=229) to work on /opt/airflow/dags/flex_eau_pipeline.py
[2026-07-25T17:46:56.080+0000] {processor.py:914} INFO - Processing file /opt/airflow/dags/flex_eau_pipeline.py for tasks to queue
[2026-07-25T17:46:56.083+0000] {logging_mixin.py:190} INFO - [2026-07-25T17:46:56.082+0000] {dagbag.py:587} INFO - Filling up the DagBag from /opt/airflow/dags/flex_eau_pipeline.py
[2026-07-25T17:46:56.107+0000] {logging_mixin.py:190} INFO - [2026-07-25T17:46:56.105+0000] {dagbag.py:386} ERROR - Failed to import: /opt/airflow/dags/flex_eau_pipeline.py
Traceback (most recent call last):
  File "/home/airflow/.local/lib/python3.12/site-packages/airflow/models/dagbag.py", line 382, in parse
    loader.exec_module(new_module)
  File "<frozen importlib._bootstrap_external>", line 991, in exec_module
  File "<frozen importlib._bootstrap_external>", line 1129, in get_code
  File "<frozen importlib._bootstrap_external>", line 1059, in source_to_code
  File "<frozen importlib._bootstrap>", line 488, in _call_with_frames_removed
  File "/opt/airflow/dags/flex_eau_pipeline.py", line 25
    ingestion = BashOperator(
    ^^^^^^^^^
IndentationError: expected an indented block after 'with' statement on line 11
[2026-07-25T17:46:56.107+0000] {processor.py:927} WARNING - No viable dags retrieved from /opt/airflow/dags/flex_eau_pipeline.py
[2026-07-25T17:46:56.137+0000] {processor.py:208} INFO - Processing /opt/airflow/dags/flex_eau_pipeline.py took 0.065 seconds
[2026-07-25T17:47:26.796+0000] {processor.py:186} INFO - Started process (PID=234) to work on /opt/airflow/dags/flex_eau_pipeline.py
[2026-07-25T17:47:26.797+0000] {processor.py:914} INFO - Processing file /opt/airflow/dags/flex_eau_pipeline.py for tasks to queue
[2026-07-25T17:47:26.800+0000] {logging_mixin.py:190} INFO - [2026-07-25T17:47:26.800+0000] {dagbag.py:587} INFO - Filling up the DagBag from /opt/airflow/dags/flex_eau_pipeline.py
[2026-07-25T17:47:26.818+0000] {logging_mixin.py:190} INFO - [2026-07-25T17:47:26.817+0000] {dagbag.py:386} ERROR - Failed to import: /opt/airflow/dags/flex_eau_pipeline.py
Traceback (most recent call last):
  File "/home/airflow/.local/lib/python3.12/site-packages/airflow/models/dagbag.py", line 382, in parse
    loader.exec_module(new_module)
  File "<frozen importlib._bootstrap_external>", line 991, in exec_module
  File "<frozen importlib._bootstrap_external>", line 1129, in get_code
  File "<frozen importlib._bootstrap_external>", line 1059, in source_to_code
  File "<frozen importlib._bootstrap>", line 488, in _call_with_frames_removed
  File "/opt/airflow/dags/flex_eau_pipeline.py", line 25
    ingestion = BashOperator(
    ^^^^^^^^^
IndentationError: expected an indented block after 'with' statement on line 11
[2026-07-25T17:47:26.819+0000] {processor.py:927} WARNING - No viable dags retrieved from /opt/airflow/dags/flex_eau_pipeline.py
[2026-07-25T17:47:26.865+0000] {processor.py:208} INFO - Processing /opt/airflow/dags/flex_eau_pipeline.py took 0.077 seconds
[2026-07-25T17:47:57.477+0000] {processor.py:186} INFO - Started process (PID=239) to work on /opt/airflow/dags/flex_eau_pipeline.py
[2026-07-25T17:47:57.478+0000] {processor.py:914} INFO - Processing file /opt/airflow/dags/flex_eau_pipeline.py for tasks to queue
[2026-07-25T17:47:57.481+0000] {logging_mixin.py:190} INFO - [2026-07-25T17:47:57.481+0000] {dagbag.py:587} INFO - Filling up the DagBag from /opt/airflow/dags/flex_eau_pipeline.py
[2026-07-25T17:47:57.504+0000] {logging_mixin.py:190} INFO - [2026-07-25T17:47:57.502+0000] {dagbag.py:386} ERROR - Failed to import: /opt/airflow/dags/flex_eau_pipeline.py
Traceback (most recent call last):
  File "/home/airflow/.local/lib/python3.12/site-packages/airflow/models/dagbag.py", line 382, in parse
    loader.exec_module(new_module)
  File "<frozen importlib._bootstrap_external>", line 991, in exec_module
  File "<frozen importlib._bootstrap_external>", line 1129, in get_code
  File "<frozen importlib._bootstrap_external>", line 1059, in source_to_code
  File "<frozen importlib._bootstrap>", line 488, in _call_with_frames_removed
  File "/opt/airflow/dags/flex_eau_pipeline.py", line 25
    ingestion = BashOperator(
    ^^^^^^^^^
IndentationError: expected an indented block after 'with' statement on line 11
[2026-07-25T17:47:57.505+0000] {processor.py:927} WARNING - No viable dags retrieved from /opt/airflow/dags/flex_eau_pipeline.py
[2026-07-25T17:47:57.535+0000] {processor.py:208} INFO - Processing /opt/airflow/dags/flex_eau_pipeline.py took 0.068 seconds
[2026-07-25T17:48:28.499+0000] {processor.py:186} INFO - Started process (PID=244) to work on /opt/airflow/dags/flex_eau_pipeline.py
[2026-07-25T17:48:28.501+0000] {processor.py:914} INFO - Processing file /opt/airflow/dags/flex_eau_pipeline.py for tasks to queue
[2026-07-25T17:48:28.505+0000] {logging_mixin.py:190} INFO - [2026-07-25T17:48:28.505+0000] {dagbag.py:587} INFO - Filling up the DagBag from /opt/airflow/dags/flex_eau_pipeline.py
[2026-07-25T17:48:28.527+0000] {logging_mixin.py:190} INFO - [2026-07-25T17:48:28.526+0000] {dagbag.py:386} ERROR - Failed to import: /opt/airflow/dags/flex_eau_pipeline.py
Traceback (most recent call last):
  File "/home/airflow/.local/lib/python3.12/site-packages/airflow/models/dagbag.py", line 382, in parse
    loader.exec_module(new_module)
  File "<frozen importlib._bootstrap_external>", line 991, in exec_module
  File "<frozen importlib._bootstrap_external>", line 1129, in get_code
  File "<frozen importlib._bootstrap_external>", line 1059, in source_to_code
  File "<frozen importlib._bootstrap>", line 488, in _call_with_frames_removed
  File "/opt/airflow/dags/flex_eau_pipeline.py", line 25
    ingestion = BashOperator(
    ^^^^^^^^^
IndentationError: expected an indented block after 'with' statement on line 11
[2026-07-25T17:48:28.528+0000] {processor.py:927} WARNING - No viable dags retrieved from /opt/airflow/dags/flex_eau_pipeline.py
[2026-07-25T17:48:28.556+0000] {processor.py:208} INFO - Processing /opt/airflow/dags/flex_eau_pipeline.py took 0.064 seconds
[2026-07-25T17:48:59.347+0000] {processor.py:186} INFO - Started process (PID=249) to work on /opt/airflow/dags/flex_eau_pipeline.py
[2026-07-25T17:48:59.348+0000] {processor.py:914} INFO - Processing file /opt/airflow/dags/flex_eau_pipeline.py for tasks to queue
[2026-07-25T17:48:59.352+0000] {logging_mixin.py:190} INFO - [2026-07-25T17:48:59.352+0000] {dagbag.py:587} INFO - Filling up the DagBag from /opt/airflow/dags/flex_eau_pipeline.py
[2026-07-25T17:48:59.375+0000] {logging_mixin.py:190} INFO - [2026-07-25T17:48:59.374+0000] {dagbag.py:386} ERROR - Failed to import: /opt/airflow/dags/flex_eau_pipeline.py
Traceback (most recent call last):
  File "/home/airflow/.local/lib/python3.12/site-packages/airflow/models/dagbag.py", line 382, in parse
    loader.exec_module(new_module)
  File "<frozen importlib._bootstrap_external>", line 991, in exec_module
  File "<frozen importlib._bootstrap_external>", line 1129, in get_code
  File "<frozen importlib._bootstrap_external>", line 1059, in source_to_code
  File "<frozen importlib._bootstrap>", line 488, in _call_with_frames_removed
  File "/opt/airflow/dags/flex_eau_pipeline.py", line 25
    ingestion = BashOperator(
    ^^^^^^^^^
IndentationError: expected an indented block after 'with' statement on line 11
[2026-07-25T17:48:59.376+0000] {processor.py:927} WARNING - No viable dags retrieved from /opt/airflow/dags/flex_eau_pipeline.py
[2026-07-25T17:48:59.403+0000] {processor.py:208} INFO - Processing /opt/airflow/dags/flex_eau_pipeline.py took 0.063 seconds
[2026-07-25T17:49:29.760+0000] {processor.py:186} INFO - Started process (PID=254) to work on /opt/airflow/dags/flex_eau_pipeline.py
[2026-07-25T17:49:29.762+0000] {processor.py:914} INFO - Processing file /opt/airflow/dags/flex_eau_pipeline.py for tasks to queue
[2026-07-25T17:49:29.767+0000] {logging_mixin.py:190} INFO - [2026-07-25T17:49:29.767+0000] {dagbag.py:587} INFO - Filling up the DagBag from /opt/airflow/dags/flex_eau_pipeline.py
[2026-07-25T17:49:29.788+0000] {logging_mixin.py:190} INFO - [2026-07-25T17:49:29.786+0000] {dagbag.py:386} ERROR - Failed to import: /opt/airflow/dags/flex_eau_pipeline.py
Traceback (most recent call last):
  File "/home/airflow/.local/lib/python3.12/site-packages/airflow/models/dagbag.py", line 382, in parse
    loader.exec_module(new_module)
  File "<frozen importlib._bootstrap_external>", line 991, in exec_module
  File "<frozen importlib._bootstrap_external>", line 1129, in get_code
  File "<frozen importlib._bootstrap_external>", line 1059, in source_to_code
  File "<frozen importlib._bootstrap>", line 488, in _call_with_frames_removed
  File "/opt/airflow/dags/flex_eau_pipeline.py", line 25
    ingestion = BashOperator(
    ^^^^^^^^^
IndentationError: expected an indented block after 'with' statement on line 11
[2026-07-25T17:49:29.788+0000] {processor.py:927} WARNING - No viable dags retrieved from /opt/airflow/dags/flex_eau_pipeline.py
[2026-07-25T17:49:29.823+0000] {processor.py:208} INFO - Processing /opt/airflow/dags/flex_eau_pipeline.py took 0.073 seconds
[2026-07-25T17:50:00.483+0000] {processor.py:186} INFO - Started process (PID=259) to work on /opt/airflow/dags/flex_eau_pipeline.py
[2026-07-25T17:50:00.484+0000] {processor.py:914} INFO - Processing file /opt/airflow/dags/flex_eau_pipeline.py for tasks to queue
[2026-07-25T17:50:00.487+0000] {logging_mixin.py:190} INFO - [2026-07-25T17:50:00.487+0000] {dagbag.py:587} INFO - Filling up the DagBag from /opt/airflow/dags/flex_eau_pipeline.py
[2026-07-25T17:50:00.512+0000] {logging_mixin.py:190} INFO - [2026-07-25T17:50:00.510+0000] {dagbag.py:386} ERROR - Failed to import: /opt/airflow/dags/flex_eau_pipeline.py
Traceback (most recent call last):
  File "/home/airflow/.local/lib/python3.12/site-packages/airflow/models/dagbag.py", line 382, in parse
    loader.exec_module(new_module)
  File "<frozen importlib._bootstrap_external>", line 991, in exec_module
  File "<frozen importlib._bootstrap_external>", line 1129, in get_code
  File "<frozen importlib._bootstrap_external>", line 1059, in source_to_code
  File "<frozen importlib._bootstrap>", line 488, in _call_with_frames_removed
  File "/opt/airflow/dags/flex_eau_pipeline.py", line 25
    ingestion = BashOperator(
    ^^^^^^^^^
IndentationError: expected an indented block after 'with' statement on line 11
[2026-07-25T17:50:00.513+0000] {processor.py:927} WARNING - No viable dags retrieved from /opt/airflow/dags/flex_eau_pipeline.py
[2026-07-25T17:50:00.542+0000] {processor.py:208} INFO - Processing /opt/airflow/dags/flex_eau_pipeline.py took 0.067 seconds
[2026-07-25T17:50:31.241+0000] {processor.py:186} INFO - Started process (PID=264) to work on /opt/airflow/dags/flex_eau_pipeline.py
[2026-07-25T17:50:31.243+0000] {processor.py:914} INFO - Processing file /opt/airflow/dags/flex_eau_pipeline.py for tasks to queue
[2026-07-25T17:50:31.247+0000] {logging_mixin.py:190} INFO - [2026-07-25T17:50:31.246+0000] {dagbag.py:587} INFO - Filling up the DagBag from /opt/airflow/dags/flex_eau_pipeline.py
[2026-07-25T17:50:31.266+0000] {logging_mixin.py:190} INFO - [2026-07-25T17:50:31.264+0000] {dagbag.py:386} ERROR - Failed to import: /opt/airflow/dags/flex_eau_pipeline.py
Traceback (most recent call last):
  File "/home/airflow/.local/lib/python3.12/site-packages/airflow/models/dagbag.py", line 382, in parse
    loader.exec_module(new_module)
  File "<frozen importlib._bootstrap_external>", line 991, in exec_module
  File "<frozen importlib._bootstrap_external>", line 1129, in get_code
  File "<frozen importlib._bootstrap_external>", line 1059, in source_to_code
  File "<frozen importlib._bootstrap>", line 488, in _call_with_frames_removed
  File "/opt/airflow/dags/flex_eau_pipeline.py", line 25
    ingestion = BashOperator(
    ^^^^^^^^^
IndentationError: expected an indented block after 'with' statement on line 11
[2026-07-25T17:50:31.266+0000] {processor.py:927} WARNING - No viable dags retrieved from /opt/airflow/dags/flex_eau_pipeline.py
[2026-07-25T17:50:31.296+0000] {processor.py:208} INFO - Processing /opt/airflow/dags/flex_eau_pipeline.py took 0.062 seconds
[2026-07-25T17:51:01.870+0000] {processor.py:186} INFO - Started process (PID=269) to work on /opt/airflow/dags/flex_eau_pipeline.py
[2026-07-25T17:51:01.871+0000] {processor.py:914} INFO - Processing file /opt/airflow/dags/flex_eau_pipeline.py for tasks to queue
[2026-07-25T17:51:01.875+0000] {logging_mixin.py:190} INFO - [2026-07-25T17:51:01.875+0000] {dagbag.py:587} INFO - Filling up the DagBag from /opt/airflow/dags/flex_eau_pipeline.py
[2026-07-25T17:51:01.894+0000] {logging_mixin.py:190} INFO - [2026-07-25T17:51:01.893+0000] {dagbag.py:386} ERROR - Failed to import: /opt/airflow/dags/flex_eau_pipeline.py
Traceback (most recent call last):
  File "/home/airflow/.local/lib/python3.12/site-packages/airflow/models/dagbag.py", line 382, in parse
    loader.exec_module(new_module)
  File "<frozen importlib._bootstrap_external>", line 991, in exec_module
  File "<frozen importlib._bootstrap_external>", line 1129, in get_code
  File "<frozen importlib._bootstrap_external>", line 1059, in source_to_code
  File "<frozen importlib._bootstrap>", line 488, in _call_with_frames_removed
  File "/opt/airflow/dags/flex_eau_pipeline.py", line 25
    ingestion = BashOperator(
    ^^^^^^^^^
IndentationError: expected an indented block after 'with' statement on line 11
[2026-07-25T17:51:01.895+0000] {processor.py:927} WARNING - No viable dags retrieved from /opt/airflow/dags/flex_eau_pipeline.py
[2026-07-25T17:51:01.927+0000] {processor.py:208} INFO - Processing /opt/airflow/dags/flex_eau_pipeline.py took 0.066 seconds
[2026-07-25T17:51:32.572+0000] {processor.py:186} INFO - Started process (PID=274) to work on /opt/airflow/dags/flex_eau_pipeline.py
[2026-07-25T17:51:32.573+0000] {processor.py:914} INFO - Processing file /opt/airflow/dags/flex_eau_pipeline.py for tasks to queue
[2026-07-25T17:51:32.577+0000] {logging_mixin.py:190} INFO - [2026-07-25T17:51:32.576+0000] {dagbag.py:587} INFO - Filling up the DagBag from /opt/airflow/dags/flex_eau_pipeline.py
[2026-07-25T17:51:32.597+0000] {logging_mixin.py:190} INFO - [2026-07-25T17:51:32.596+0000] {dagbag.py:386} ERROR - Failed to import: /opt/airflow/dags/flex_eau_pipeline.py
Traceback (most recent call last):
  File "/home/airflow/.local/lib/python3.12/site-packages/airflow/models/dagbag.py", line 382, in parse
    loader.exec_module(new_module)
  File "<frozen importlib._bootstrap_external>", line 991, in exec_module
  File "<frozen importlib._bootstrap_external>", line 1129, in get_code
  File "<frozen importlib._bootstrap_external>", line 1059, in source_to_code
  File "<frozen importlib._bootstrap>", line 488, in _call_with_frames_removed
  File "/opt/airflow/dags/flex_eau_pipeline.py", line 25
    ingestion = BashOperator(
    ^^^^^^^^^
IndentationError: expected an indented block after 'with' statement on line 11
[2026-07-25T17:51:32.598+0000] {processor.py:927} WARNING - No viable dags retrieved from /opt/airflow/dags/flex_eau_pipeline.py
[2026-07-25T17:51:32.628+0000] {processor.py:208} INFO - Processing /opt/airflow/dags/flex_eau_pipeline.py took 0.063 seconds
[2026-07-25T17:52:03.323+0000] {processor.py:186} INFO - Started process (PID=279) to work on /opt/airflow/dags/flex_eau_pipeline.py
[2026-07-25T17:52:03.325+0000] {processor.py:914} INFO - Processing file /opt/airflow/dags/flex_eau_pipeline.py for tasks to queue
[2026-07-25T17:52:03.328+0000] {logging_mixin.py:190} INFO - [2026-07-25T17:52:03.328+0000] {dagbag.py:587} INFO - Filling up the DagBag from /opt/airflow/dags/flex_eau_pipeline.py
[2026-07-25T17:52:03.352+0000] {logging_mixin.py:190} INFO - [2026-07-25T17:52:03.350+0000] {dagbag.py:386} ERROR - Failed to import: /opt/airflow/dags/flex_eau_pipeline.py
Traceback (most recent call last):
  File "/home/airflow/.local/lib/python3.12/site-packages/airflow/models/dagbag.py", line 382, in parse
    loader.exec_module(new_module)
  File "<frozen importlib._bootstrap_external>", line 991, in exec_module
  File "<frozen importlib._bootstrap_external>", line 1129, in get_code
  File "<frozen importlib._bootstrap_external>", line 1059, in source_to_code
  File "<frozen importlib._bootstrap>", line 488, in _call_with_frames_removed
  File "/opt/airflow/dags/flex_eau_pipeline.py", line 25
    ingestion = BashOperator(
    ^^^^^^^^^
IndentationError: expected an indented block after 'with' statement on line 11
[2026-07-25T17:52:03.352+0000] {processor.py:927} WARNING - No viable dags retrieved from /opt/airflow/dags/flex_eau_pipeline.py
[2026-07-25T17:52:03.385+0000] {processor.py:208} INFO - Processing /opt/airflow/dags/flex_eau_pipeline.py took 0.069 seconds
[2026-07-25T17:52:19.577+0000] {processor.py:186} INFO - Started process (PID=284) to work on /opt/airflow/dags/flex_eau_pipeline.py
[2026-07-25T17:52:19.578+0000] {processor.py:914} INFO - Processing file /opt/airflow/dags/flex_eau_pipeline.py for tasks to queue
[2026-07-25T17:52:19.581+0000] {logging_mixin.py:190} INFO - [2026-07-25T17:52:19.580+0000] {dagbag.py:587} INFO - Filling up the DagBag from /opt/airflow/dags/flex_eau_pipeline.py
[2026-07-25T17:52:19.645+0000] {logging_mixin.py:190} INFO - [2026-07-25T17:52:19.634+0000] {dagbag.py:386} ERROR - Failed to import: /opt/airflow/dags/flex_eau_pipeline.py
Traceback (most recent call last):
  File "/home/airflow/.local/lib/python3.12/site-packages/airflow/models/dagbag.py", line 382, in parse
    loader.exec_module(new_module)
  File "<frozen importlib._bootstrap_external>", line 995, in exec_module
  File "<frozen importlib._bootstrap>", line 488, in _call_with_frames_removed
  File "/opt/airflow/dags/flex_eau_pipeline.py", line 158, in <module>
    [
TypeError: unsupported operand type(s) for >>: 'list' and 'list'
[2026-07-25T17:52:19.649+0000] {processor.py:927} WARNING - No viable dags retrieved from /opt/airflow/dags/flex_eau_pipeline.py
[2026-07-25T17:52:19.694+0000] {processor.py:208} INFO - Processing /opt/airflow/dags/flex_eau_pipeline.py took 0.124 seconds
[2026-07-25T17:52:49.957+0000] {processor.py:186} INFO - Started process (PID=289) to work on /opt/airflow/dags/flex_eau_pipeline.py
[2026-07-25T17:52:49.958+0000] {processor.py:914} INFO - Processing file /opt/airflow/dags/flex_eau_pipeline.py for tasks to queue
[2026-07-25T17:52:49.961+0000] {logging_mixin.py:190} INFO - [2026-07-25T17:52:49.961+0000] {dagbag.py:587} INFO - Filling up the DagBag from /opt/airflow/dags/flex_eau_pipeline.py
[2026-07-25T17:52:49.988+0000] {logging_mixin.py:190} INFO - [2026-07-25T17:52:49.983+0000] {dagbag.py:386} ERROR - Failed to import: /opt/airflow/dags/flex_eau_pipeline.py
Traceback (most recent call last):
  File "/home/airflow/.local/lib/python3.12/site-packages/airflow/models/dagbag.py", line 382, in parse
    loader.exec_module(new_module)
  File "<frozen importlib._bootstrap_external>", line 995, in exec_module
  File "<frozen importlib._bootstrap>", line 488, in _call_with_frames_removed
  File "/opt/airflow/dags/flex_eau_pipeline.py", line 158, in <module>
    [
TypeError: unsupported operand type(s) for >>: 'list' and 'list'
[2026-07-25T17:52:49.989+0000] {processor.py:927} WARNING - No viable dags retrieved from /opt/airflow/dags/flex_eau_pipeline.py
[2026-07-25T17:52:50.018+0000] {processor.py:208} INFO - Processing /opt/airflow/dags/flex_eau_pipeline.py took 0.068 seconds
[2026-07-25T17:53:14.673+0000] {processor.py:186} INFO - Started process (PID=294) to work on /opt/airflow/dags/flex_eau_pipeline.py
[2026-07-25T17:53:14.675+0000] {processor.py:914} INFO - Processing file /opt/airflow/dags/flex_eau_pipeline.py for tasks to queue
[2026-07-25T17:53:14.678+0000] {logging_mixin.py:190} INFO - [2026-07-25T17:53:14.678+0000] {dagbag.py:587} INFO - Filling up the DagBag from /opt/airflow/dags/flex_eau_pipeline.py
[2026-07-25T17:53:14.714+0000] {logging_mixin.py:190} INFO - [2026-07-25T17:53:14.709+0000] {dagbag.py:386} ERROR - Failed to import: /opt/airflow/dags/flex_eau_pipeline.py
Traceback (most recent call last):
  File "/home/airflow/.local/lib/python3.12/site-packages/airflow/models/dagbag.py", line 382, in parse
    loader.exec_module(new_module)
  File "<frozen importlib._bootstrap_external>", line 995, in exec_module
  File "<frozen importlib._bootstrap>", line 488, in _call_with_frames_removed
  File "/opt/airflow/dags/flex_eau_pipeline.py", line 158, in <module>
    [
TypeError: unsupported operand type(s) for >>: 'list' and 'list'
[2026-07-25T17:53:14.716+0000] {processor.py:927} WARNING - No viable dags retrieved from /opt/airflow/dags/flex_eau_pipeline.py
[2026-07-25T17:53:14.744+0000] {processor.py:208} INFO - Processing /opt/airflow/dags/flex_eau_pipeline.py took 0.081 seconds
[2026-07-25T17:53:45.356+0000] {processor.py:186} INFO - Started process (PID=299) to work on /opt/airflow/dags/flex_eau_pipeline.py
[2026-07-25T17:53:45.357+0000] {processor.py:914} INFO - Processing file /opt/airflow/dags/flex_eau_pipeline.py for tasks to queue
[2026-07-25T17:53:45.360+0000] {logging_mixin.py:190} INFO - [2026-07-25T17:53:45.360+0000] {dagbag.py:587} INFO - Filling up the DagBag from /opt/airflow/dags/flex_eau_pipeline.py
[2026-07-25T17:53:45.388+0000] {logging_mixin.py:190} INFO - [2026-07-25T17:53:45.384+0000] {dagbag.py:386} ERROR - Failed to import: /opt/airflow/dags/flex_eau_pipeline.py
Traceback (most recent call last):
  File "/home/airflow/.local/lib/python3.12/site-packages/airflow/models/dagbag.py", line 382, in parse
    loader.exec_module(new_module)
  File "<frozen importlib._bootstrap_external>", line 995, in exec_module
  File "<frozen importlib._bootstrap>", line 488, in _call_with_frames_removed
  File "/opt/airflow/dags/flex_eau_pipeline.py", line 158, in <module>
    [
TypeError: unsupported operand type(s) for >>: 'list' and 'list'
[2026-07-25T17:53:45.390+0000] {processor.py:927} WARNING - No viable dags retrieved from /opt/airflow/dags/flex_eau_pipeline.py
[2026-07-25T17:53:45.418+0000] {processor.py:208} INFO - Processing /opt/airflow/dags/flex_eau_pipeline.py took 0.070 seconds
[2026-07-25T17:54:15.942+0000] {processor.py:186} INFO - Started process (PID=304) to work on /opt/airflow/dags/flex_eau_pipeline.py
[2026-07-25T17:54:15.943+0000] {processor.py:914} INFO - Processing file /opt/airflow/dags/flex_eau_pipeline.py for tasks to queue
[2026-07-25T17:54:15.946+0000] {logging_mixin.py:190} INFO - [2026-07-25T17:54:15.946+0000] {dagbag.py:587} INFO - Filling up the DagBag from /opt/airflow/dags/flex_eau_pipeline.py
[2026-07-25T17:54:15.976+0000] {logging_mixin.py:190} INFO - [2026-07-25T17:54:15.971+0000] {dagbag.py:386} ERROR - Failed to import: /opt/airflow/dags/flex_eau_pipeline.py
Traceback (most recent call last):
  File "/home/airflow/.local/lib/python3.12/site-packages/airflow/models/dagbag.py", line 382, in parse
    loader.exec_module(new_module)
  File "<frozen importlib._bootstrap_external>", line 995, in exec_module
  File "<frozen importlib._bootstrap>", line 488, in _call_with_frames_removed
  File "/opt/airflow/dags/flex_eau_pipeline.py", line 158, in <module>
    [
TypeError: unsupported operand type(s) for >>: 'list' and 'list'
[2026-07-25T17:54:15.978+0000] {processor.py:927} WARNING - No viable dags retrieved from /opt/airflow/dags/flex_eau_pipeline.py
[2026-07-25T17:54:16.008+0000] {processor.py:208} INFO - Processing /opt/airflow/dags/flex_eau_pipeline.py took 0.073 seconds
[2026-07-25T17:54:46.726+0000] {processor.py:186} INFO - Started process (PID=309) to work on /opt/airflow/dags/flex_eau_pipeline.py
[2026-07-25T17:54:46.727+0000] {processor.py:914} INFO - Processing file /opt/airflow/dags/flex_eau_pipeline.py for tasks to queue
[2026-07-25T17:54:46.731+0000] {logging_mixin.py:190} INFO - [2026-07-25T17:54:46.730+0000] {dagbag.py:587} INFO - Filling up the DagBag from /opt/airflow/dags/flex_eau_pipeline.py
[2026-07-25T17:54:46.764+0000] {logging_mixin.py:190} INFO - [2026-07-25T17:54:46.758+0000] {dagbag.py:386} ERROR - Failed to import: /opt/airflow/dags/flex_eau_pipeline.py
Traceback (most recent call last):
  File "/home/airflow/.local/lib/python3.12/site-packages/airflow/models/dagbag.py", line 382, in parse
    loader.exec_module(new_module)
  File "<frozen importlib._bootstrap_external>", line 995, in exec_module
  File "<frozen importlib._bootstrap>", line 488, in _call_with_frames_removed
  File "/opt/airflow/dags/flex_eau_pipeline.py", line 158, in <module>
    [
TypeError: unsupported operand type(s) for >>: 'list' and 'list'
[2026-07-25T17:54:46.766+0000] {processor.py:927} WARNING - No viable dags retrieved from /opt/airflow/dags/flex_eau_pipeline.py
[2026-07-25T17:54:46.795+0000] {processor.py:208} INFO - Processing /opt/airflow/dags/flex_eau_pipeline.py took 0.077 seconds
[2026-07-25T17:55:17.454+0000] {processor.py:186} INFO - Started process (PID=314) to work on /opt/airflow/dags/flex_eau_pipeline.py
[2026-07-25T17:55:17.455+0000] {processor.py:914} INFO - Processing file /opt/airflow/dags/flex_eau_pipeline.py for tasks to queue
[2026-07-25T17:55:17.458+0000] {logging_mixin.py:190} INFO - [2026-07-25T17:55:17.458+0000] {dagbag.py:587} INFO - Filling up the DagBag from /opt/airflow/dags/flex_eau_pipeline.py
[2026-07-25T17:55:17.486+0000] {logging_mixin.py:190} INFO - [2026-07-25T17:55:17.481+0000] {dagbag.py:386} ERROR - Failed to import: /opt/airflow/dags/flex_eau_pipeline.py
Traceback (most recent call last):
  File "/home/airflow/.local/lib/python3.12/site-packages/airflow/models/dagbag.py", line 382, in parse
    loader.exec_module(new_module)
  File "<frozen importlib._bootstrap_external>", line 995, in exec_module
  File "<frozen importlib._bootstrap>", line 488, in _call_with_frames_removed
  File "/opt/airflow/dags/flex_eau_pipeline.py", line 158, in <module>
    [
TypeError: unsupported operand type(s) for >>: 'list' and 'list'
[2026-07-25T17:55:17.488+0000] {processor.py:927} WARNING - No viable dags retrieved from /opt/airflow/dags/flex_eau_pipeline.py
[2026-07-25T17:55:17.517+0000] {processor.py:208} INFO - Processing /opt/airflow/dags/flex_eau_pipeline.py took 0.071 seconds
[2026-07-25T17:55:47.973+0000] {processor.py:186} INFO - Started process (PID=319) to work on /opt/airflow/dags/flex_eau_pipeline.py
[2026-07-25T17:55:47.975+0000] {processor.py:914} INFO - Processing file /opt/airflow/dags/flex_eau_pipeline.py for tasks to queue
[2026-07-25T17:55:47.979+0000] {logging_mixin.py:190} INFO - [2026-07-25T17:55:47.979+0000] {dagbag.py:587} INFO - Filling up the DagBag from /opt/airflow/dags/flex_eau_pipeline.py
[2026-07-25T17:55:48.014+0000] {logging_mixin.py:190} INFO - [2026-07-25T17:55:48.009+0000] {dagbag.py:386} ERROR - Failed to import: /opt/airflow/dags/flex_eau_pipeline.py
Traceback (most recent call last):
  File "/home/airflow/.local/lib/python3.12/site-packages/airflow/models/dagbag.py", line 382, in parse
    loader.exec_module(new_module)
  File "<frozen importlib._bootstrap_external>", line 995, in exec_module
  File "<frozen importlib._bootstrap>", line 488, in _call_with_frames_removed
  File "/opt/airflow/dags/flex_eau_pipeline.py", line 158, in <module>
    [
TypeError: unsupported operand type(s) for >>: 'list' and 'list'
[2026-07-25T17:55:48.015+0000] {processor.py:927} WARNING - No viable dags retrieved from /opt/airflow/dags/flex_eau_pipeline.py
[2026-07-25T17:55:48.045+0000] {processor.py:208} INFO - Processing /opt/airflow/dags/flex_eau_pipeline.py took 0.079 seconds
[2026-07-25T17:56:18.595+0000] {processor.py:186} INFO - Started process (PID=324) to work on /opt/airflow/dags/flex_eau_pipeline.py
[2026-07-25T17:56:18.596+0000] {processor.py:914} INFO - Processing file /opt/airflow/dags/flex_eau_pipeline.py for tasks to queue
[2026-07-25T17:56:18.600+0000] {logging_mixin.py:190} INFO - [2026-07-25T17:56:18.599+0000] {dagbag.py:587} INFO - Filling up the DagBag from /opt/airflow/dags/flex_eau_pipeline.py
[2026-07-25T17:56:18.630+0000] {logging_mixin.py:190} INFO - [2026-07-25T17:56:18.624+0000] {dagbag.py:386} ERROR - Failed to import: /opt/airflow/dags/flex_eau_pipeline.py
Traceback (most recent call last):
  File "/home/airflow/.local/lib/python3.12/site-packages/airflow/models/dagbag.py", line 382, in parse
    loader.exec_module(new_module)
  File "<frozen importlib._bootstrap_external>", line 995, in exec_module
  File "<frozen importlib._bootstrap>", line 488, in _call_with_frames_removed
  File "/opt/airflow/dags/flex_eau_pipeline.py", line 158, in <module>
    [
TypeError: unsupported operand type(s) for >>: 'list' and 'list'
[2026-07-25T17:56:18.632+0000] {processor.py:927} WARNING - No viable dags retrieved from /opt/airflow/dags/flex_eau_pipeline.py
[2026-07-25T17:56:18.665+0000] {processor.py:208} INFO - Processing /opt/airflow/dags/flex_eau_pipeline.py took 0.078 seconds
[2026-07-25T17:56:49.128+0000] {processor.py:186} INFO - Started process (PID=329) to work on /opt/airflow/dags/flex_eau_pipeline.py
[2026-07-25T17:56:49.130+0000] {processor.py:914} INFO - Processing file /opt/airflow/dags/flex_eau_pipeline.py for tasks to queue
[2026-07-25T17:56:49.134+0000] {logging_mixin.py:190} INFO - [2026-07-25T17:56:49.133+0000] {dagbag.py:587} INFO - Filling up the DagBag from /opt/airflow/dags/flex_eau_pipeline.py
[2026-07-25T17:56:49.163+0000] {logging_mixin.py:190} INFO - [2026-07-25T17:56:49.157+0000] {dagbag.py:386} ERROR - Failed to import: /opt/airflow/dags/flex_eau_pipeline.py
Traceback (most recent call last):
  File "/home/airflow/.local/lib/python3.12/site-packages/airflow/models/dagbag.py", line 382, in parse
    loader.exec_module(new_module)
  File "<frozen importlib._bootstrap_external>", line 995, in exec_module
  File "<frozen importlib._bootstrap>", line 488, in _call_with_frames_removed
  File "/opt/airflow/dags/flex_eau_pipeline.py", line 158, in <module>
    [
TypeError: unsupported operand type(s) for >>: 'list' and 'list'
[2026-07-25T17:56:49.165+0000] {processor.py:927} WARNING - No viable dags retrieved from /opt/airflow/dags/flex_eau_pipeline.py
[2026-07-25T17:56:49.194+0000] {processor.py:208} INFO - Processing /opt/airflow/dags/flex_eau_pipeline.py took 0.073 seconds
[2026-07-25T17:57:19.580+0000] {processor.py:186} INFO - Started process (PID=334) to work on /opt/airflow/dags/flex_eau_pipeline.py
[2026-07-25T17:57:19.581+0000] {processor.py:914} INFO - Processing file /opt/airflow/dags/flex_eau_pipeline.py for tasks to queue
[2026-07-25T17:57:19.584+0000] {logging_mixin.py:190} INFO - [2026-07-25T17:57:19.583+0000] {dagbag.py:587} INFO - Filling up the DagBag from /opt/airflow/dags/flex_eau_pipeline.py
[2026-07-25T17:57:19.608+0000] {logging_mixin.py:190} INFO - [2026-07-25T17:57:19.603+0000] {dagbag.py:386} ERROR - Failed to import: /opt/airflow/dags/flex_eau_pipeline.py
Traceback (most recent call last):
  File "/home/airflow/.local/lib/python3.12/site-packages/airflow/models/dagbag.py", line 382, in parse
    loader.exec_module(new_module)
  File "<frozen importlib._bootstrap_external>", line 995, in exec_module
  File "<frozen importlib._bootstrap>", line 488, in _call_with_frames_removed
  File "/opt/airflow/dags/flex_eau_pipeline.py", line 158, in <module>
    [
TypeError: unsupported operand type(s) for >>: 'list' and 'list'
[2026-07-25T17:57:19.609+0000] {processor.py:927} WARNING - No viable dags retrieved from /opt/airflow/dags/flex_eau_pipeline.py
[2026-07-25T17:57:19.648+0000] {processor.py:208} INFO - Processing /opt/airflow/dags/flex_eau_pipeline.py took 0.074 seconds
[2026-07-25T17:57:50.073+0000] {processor.py:186} INFO - Started process (PID=339) to work on /opt/airflow/dags/flex_eau_pipeline.py
[2026-07-25T17:57:50.075+0000] {processor.py:914} INFO - Processing file /opt/airflow/dags/flex_eau_pipeline.py for tasks to queue
[2026-07-25T17:57:50.078+0000] {logging_mixin.py:190} INFO - [2026-07-25T17:57:50.078+0000] {dagbag.py:587} INFO - Filling up the DagBag from /opt/airflow/dags/flex_eau_pipeline.py
[2026-07-25T17:57:50.108+0000] {logging_mixin.py:190} INFO - [2026-07-25T17:57:50.103+0000] {dagbag.py:386} ERROR - Failed to import: /opt/airflow/dags/flex_eau_pipeline.py
Traceback (most recent call last):
  File "/home/airflow/.local/lib/python3.12/site-packages/airflow/models/dagbag.py", line 382, in parse
    loader.exec_module(new_module)
  File "<frozen importlib._bootstrap_external>", line 995, in exec_module
  File "<frozen importlib._bootstrap>", line 488, in _call_with_frames_removed
  File "/opt/airflow/dags/flex_eau_pipeline.py", line 158, in <module>
    [
TypeError: unsupported operand type(s) for >>: 'list' and 'list'
[2026-07-25T17:57:50.110+0000] {processor.py:927} WARNING - No viable dags retrieved from /opt/airflow/dags/flex_eau_pipeline.py
[2026-07-25T17:57:50.139+0000] {processor.py:208} INFO - Processing /opt/airflow/dags/flex_eau_pipeline.py took 0.073 seconds
[2026-07-25T17:58:20.640+0000] {processor.py:186} INFO - Started process (PID=344) to work on /opt/airflow/dags/flex_eau_pipeline.py
[2026-07-25T17:58:20.642+0000] {processor.py:914} INFO - Processing file /opt/airflow/dags/flex_eau_pipeline.py for tasks to queue
[2026-07-25T17:58:20.645+0000] {logging_mixin.py:190} INFO - [2026-07-25T17:58:20.644+0000] {dagbag.py:587} INFO - Filling up the DagBag from /opt/airflow/dags/flex_eau_pipeline.py
[2026-07-25T17:58:20.675+0000] {logging_mixin.py:190} INFO - [2026-07-25T17:58:20.669+0000] {dagbag.py:386} ERROR - Failed to import: /opt/airflow/dags/flex_eau_pipeline.py
Traceback (most recent call last):
  File "/home/airflow/.local/lib/python3.12/site-packages/airflow/models/dagbag.py", line 382, in parse
    loader.exec_module(new_module)
  File "<frozen importlib._bootstrap_external>", line 995, in exec_module
  File "<frozen importlib._bootstrap>", line 488, in _call_with_frames_removed
  File "/opt/airflow/dags/flex_eau_pipeline.py", line 158, in <module>
    [
TypeError: unsupported operand type(s) for >>: 'list' and 'list'
[2026-07-25T17:58:20.677+0000] {processor.py:927} WARNING - No viable dags retrieved from /opt/airflow/dags/flex_eau_pipeline.py
[2026-07-25T17:58:20.705+0000] {processor.py:208} INFO - Processing /opt/airflow/dags/flex_eau_pipeline.py took 0.074 seconds
[2026-07-25T17:58:51.034+0000] {processor.py:186} INFO - Started process (PID=349) to work on /opt/airflow/dags/flex_eau_pipeline.py
[2026-07-25T17:58:51.036+0000] {processor.py:914} INFO - Processing file /opt/airflow/dags/flex_eau_pipeline.py for tasks to queue
[2026-07-25T17:58:51.039+0000] {logging_mixin.py:190} INFO - [2026-07-25T17:58:51.039+0000] {dagbag.py:587} INFO - Filling up the DagBag from /opt/airflow/dags/flex_eau_pipeline.py
[2026-07-25T17:58:51.068+0000] {logging_mixin.py:190} INFO - [2026-07-25T17:58:51.062+0000] {dagbag.py:386} ERROR - Failed to import: /opt/airflow/dags/flex_eau_pipeline.py
Traceback (most recent call last):
  File "/home/airflow/.local/lib/python3.12/site-packages/airflow/models/dagbag.py", line 382, in parse
    loader.exec_module(new_module)
  File "<frozen importlib._bootstrap_external>", line 995, in exec_module
  File "<frozen importlib._bootstrap>", line 488, in _call_with_frames_removed
  File "/opt/airflow/dags/flex_eau_pipeline.py", line 158, in <module>
    [
TypeError: unsupported operand type(s) for >>: 'list' and 'list'
[2026-07-25T17:58:51.069+0000] {processor.py:927} WARNING - No viable dags retrieved from /opt/airflow/dags/flex_eau_pipeline.py
[2026-07-25T17:58:51.100+0000] {processor.py:208} INFO - Processing /opt/airflow/dags/flex_eau_pipeline.py took 0.074 seconds
[2026-07-25T17:59:21.675+0000] {processor.py:186} INFO - Started process (PID=354) to work on /opt/airflow/dags/flex_eau_pipeline.py
[2026-07-25T17:59:21.676+0000] {processor.py:914} INFO - Processing file /opt/airflow/dags/flex_eau_pipeline.py for tasks to queue
[2026-07-25T17:59:21.680+0000] {logging_mixin.py:190} INFO - [2026-07-25T17:59:21.680+0000] {dagbag.py:587} INFO - Filling up the DagBag from /opt/airflow/dags/flex_eau_pipeline.py
[2026-07-25T17:59:21.710+0000] {logging_mixin.py:190} INFO - [2026-07-25T17:59:21.705+0000] {dagbag.py:386} ERROR - Failed to import: /opt/airflow/dags/flex_eau_pipeline.py
Traceback (most recent call last):
  File "/home/airflow/.local/lib/python3.12/site-packages/airflow/models/dagbag.py", line 382, in parse
    loader.exec_module(new_module)
  File "<frozen importlib._bootstrap_external>", line 995, in exec_module
  File "<frozen importlib._bootstrap>", line 488, in _call_with_frames_removed
  File "/opt/airflow/dags/flex_eau_pipeline.py", line 158, in <module>
    [
TypeError: unsupported operand type(s) for >>: 'list' and 'list'
[2026-07-25T17:59:21.713+0000] {processor.py:927} WARNING - No viable dags retrieved from /opt/airflow/dags/flex_eau_pipeline.py
[2026-07-25T17:59:21.756+0000] {processor.py:208} INFO - Processing /opt/airflow/dags/flex_eau_pipeline.py took 0.091 seconds
[2026-07-25T17:59:44.053+0000] {processor.py:186} INFO - Started process (PID=359) to work on /opt/airflow/dags/flex_eau_pipeline.py
[2026-07-25T17:59:44.055+0000] {processor.py:914} INFO - Processing file /opt/airflow/dags/flex_eau_pipeline.py for tasks to queue
[2026-07-25T17:59:44.060+0000] {logging_mixin.py:190} INFO - [2026-07-25T17:59:44.060+0000] {dagbag.py:587} INFO - Filling up the DagBag from /opt/airflow/dags/flex_eau_pipeline.py
[2026-07-25T17:59:44.149+0000] {processor.py:925} INFO - DAG(s) 'flex_eau_pipeline' retrieved from /opt/airflow/dags/flex_eau_pipeline.py
[2026-07-25T17:59:44.646+0000] {logging_mixin.py:190} INFO - [2026-07-25T17:59:44.645+0000] {override.py:1858} INFO - Created Permission View: can delete on DAG:flex_eau_pipeline
[2026-07-25T17:59:44.658+0000] {logging_mixin.py:190} INFO - [2026-07-25T17:59:44.657+0000] {override.py:1858} INFO - Created Permission View: can read on DAG:flex_eau_pipeline
[2026-07-25T17:59:44.665+0000] {logging_mixin.py:190} INFO - [2026-07-25T17:59:44.665+0000] {override.py:1858} INFO - Created Permission View: can edit on DAG:flex_eau_pipeline
[2026-07-25T17:59:44.666+0000] {logging_mixin.py:190} INFO - [2026-07-25T17:59:44.666+0000] {dag.py:3211} INFO - Sync 1 DAGs
[2026-07-25T17:59:44.687+0000] {logging_mixin.py:190} INFO - [2026-07-25T17:59:44.687+0000] {dag.py:3234} INFO - Creating ORM DAG for flex_eau_pipeline
[2026-07-25T17:59:44.706+0000] {logging_mixin.py:190} INFO - [2026-07-25T17:59:44.705+0000] {dag.py:4138} INFO - Setting next_dagrun for flex_eau_pipeline to 2026-07-24 00:00:00+00:00, run_after=2026-07-25 00:00:00+00:00
[2026-07-25T17:59:44.738+0000] {processor.py:208} INFO - Processing /opt/airflow/dags/flex_eau_pipeline.py took 0.693 seconds
[2026-07-25T18:00:15.275+0000] {processor.py:186} INFO - Started process (PID=364) to work on /opt/airflow/dags/flex_eau_pipeline.py
[2026-07-25T18:00:15.276+0000] {processor.py:914} INFO - Processing file /opt/airflow/dags/flex_eau_pipeline.py for tasks to queue
[2026-07-25T18:00:15.280+0000] {logging_mixin.py:190} INFO - [2026-07-25T18:00:15.280+0000] {dagbag.py:587} INFO - Filling up the DagBag from /opt/airflow/dags/flex_eau_pipeline.py
[2026-07-25T18:00:15.313+0000] {processor.py:925} INFO - DAG(s) 'flex_eau_pipeline' retrieved from /opt/airflow/dags/flex_eau_pipeline.py
[2026-07-25T18:00:15.355+0000] {logging_mixin.py:190} INFO - [2026-07-25T18:00:15.355+0000] {dag.py:3211} INFO - Sync 1 DAGs
[2026-07-25T18:00:15.383+0000] {logging_mixin.py:190} INFO - [2026-07-25T18:00:15.383+0000] {dag.py:4138} INFO - Setting next_dagrun for flex_eau_pipeline to 2026-07-24 00:00:00+00:00, run_after=2026-07-25 00:00:00+00:00
[2026-07-25T18:00:15.412+0000] {processor.py:208} INFO - Processing /opt/airflow/dags/flex_eau_pipeline.py took 0.146 seconds
[2026-07-25T18:00:45.795+0000] {processor.py:186} INFO - Started process (PID=369) to work on /opt/airflow/dags/flex_eau_pipeline.py
[2026-07-25T18:00:45.797+0000] {processor.py:914} INFO - Processing file /opt/airflow/dags/flex_eau_pipeline.py for tasks to queue
[2026-07-25T18:00:45.799+0000] {logging_mixin.py:190} INFO - [2026-07-25T18:00:45.799+0000] {dagbag.py:587} INFO - Filling up the DagBag from /opt/airflow/dags/flex_eau_pipeline.py
[2026-07-25T18:00:45.829+0000] {processor.py:925} INFO - DAG(s) 'flex_eau_pipeline' retrieved from /opt/airflow/dags/flex_eau_pipeline.py
[2026-07-25T18:00:45.871+0000] {logging_mixin.py:190} INFO - [2026-07-25T18:00:45.871+0000] {dag.py:3211} INFO - Sync 1 DAGs
[2026-07-25T18:00:45.897+0000] {logging_mixin.py:190} INFO - [2026-07-25T18:00:45.896+0000] {dag.py:4138} INFO - Setting next_dagrun for flex_eau_pipeline to 2026-07-24 00:00:00+00:00, run_after=2026-07-25 00:00:00+00:00
[2026-07-25T18:00:45.925+0000] {processor.py:208} INFO - Processing /opt/airflow/dags/flex_eau_pipeline.py took 0.137 seconds
[2026-07-25T18:01:16.345+0000] {processor.py:186} INFO - Started process (PID=374) to work on /opt/airflow/dags/flex_eau_pipeline.py
[2026-07-25T18:01:16.347+0000] {processor.py:914} INFO - Processing file /opt/airflow/dags/flex_eau_pipeline.py for tasks to queue
[2026-07-25T18:01:16.351+0000] {logging_mixin.py:190} INFO - [2026-07-25T18:01:16.350+0000] {dagbag.py:587} INFO - Filling up the DagBag from /opt/airflow/dags/flex_eau_pipeline.py
[2026-07-25T18:01:16.378+0000] {processor.py:925} INFO - DAG(s) 'flex_eau_pipeline' retrieved from /opt/airflow/dags/flex_eau_pipeline.py
[2026-07-25T18:01:16.420+0000] {logging_mixin.py:190} INFO - [2026-07-25T18:01:16.420+0000] {dag.py:3211} INFO - Sync 1 DAGs
[2026-07-25T18:01:16.450+0000] {logging_mixin.py:190} INFO - [2026-07-25T18:01:16.450+0000] {dag.py:4138} INFO - Setting next_dagrun for flex_eau_pipeline to 2026-07-24 00:00:00+00:00, run_after=2026-07-25 00:00:00+00:00
[2026-07-25T18:01:16.474+0000] {processor.py:208} INFO - Processing /opt/airflow/dags/flex_eau_pipeline.py took 0.137 seconds
[2026-07-25T18:01:39.995+0000] {processor.py:186} INFO - Started process (PID=379) to work on /opt/airflow/dags/flex_eau_pipeline.py
[2026-07-25T18:01:39.998+0000] {processor.py:914} INFO - Processing file /opt/airflow/dags/flex_eau_pipeline.py for tasks to queue
[2026-07-25T18:01:40.004+0000] {logging_mixin.py:190} INFO - [2026-07-25T18:01:40.003+0000] {dagbag.py:587} INFO - Filling up the DagBag from /opt/airflow/dags/flex_eau_pipeline.py
[2026-07-25T18:01:40.065+0000] {processor.py:925} INFO - DAG(s) 'flex_eau_pipeline' retrieved from /opt/airflow/dags/flex_eau_pipeline.py
[2026-07-25T18:01:40.125+0000] {logging_mixin.py:190} INFO - [2026-07-25T18:01:40.125+0000] {dag.py:3211} INFO - Sync 1 DAGs
[2026-07-25T18:01:40.168+0000] {logging_mixin.py:190} INFO - [2026-07-25T18:01:40.168+0000] {dag.py:4138} INFO - Setting next_dagrun for flex_eau_pipeline to 2026-07-24 00:00:00+00:00, run_after=2026-07-25 00:00:00+00:00
[2026-07-25T18:01:40.194+0000] {processor.py:208} INFO - Processing /opt/airflow/dags/flex_eau_pipeline.py took 0.223 seconds
[2026-07-25T18:02:10.510+0000] {processor.py:186} INFO - Started process (PID=384) to work on /opt/airflow/dags/flex_eau_pipeline.py
[2026-07-25T18:02:10.512+0000] {processor.py:914} INFO - Processing file /opt/airflow/dags/flex_eau_pipeline.py for tasks to queue
[2026-07-25T18:02:10.514+0000] {logging_mixin.py:190} INFO - [2026-07-25T18:02:10.514+0000] {dagbag.py:587} INFO - Filling up the DagBag from /opt/airflow/dags/flex_eau_pipeline.py
[2026-07-25T18:02:10.545+0000] {processor.py:925} INFO - DAG(s) 'flex_eau_pipeline' retrieved from /opt/airflow/dags/flex_eau_pipeline.py
[2026-07-25T18:02:10.584+0000] {logging_mixin.py:190} INFO - [2026-07-25T18:02:10.584+0000] {dag.py:3211} INFO - Sync 1 DAGs
[2026-07-25T18:02:10.609+0000] {logging_mixin.py:190} INFO - [2026-07-25T18:02:10.608+0000] {dag.py:4138} INFO - Setting next_dagrun for flex_eau_pipeline to 2026-07-24 00:00:00+00:00, run_after=2026-07-25 00:00:00+00:00
[2026-07-25T18:02:10.631+0000] {processor.py:208} INFO - Processing /opt/airflow/dags/flex_eau_pipeline.py took 0.129 seconds
[2026-07-25T18:02:17.657+0000] {processor.py:186} INFO - Started process (PID=389) to work on /opt/airflow/dags/flex_eau_pipeline.py
[2026-07-25T18:02:17.658+0000] {processor.py:914} INFO - Processing file /opt/airflow/dags/flex_eau_pipeline.py for tasks to queue
[2026-07-25T18:02:17.661+0000] {logging_mixin.py:190} INFO - [2026-07-25T18:02:17.660+0000] {dagbag.py:587} INFO - Filling up the DagBag from /opt/airflow/dags/flex_eau_pipeline.py
[2026-07-25T18:02:17.696+0000] {processor.py:925} INFO - DAG(s) 'flex_eau_pipeline' retrieved from /opt/airflow/dags/flex_eau_pipeline.py
[2026-07-25T18:02:18.520+0000] {logging_mixin.py:190} INFO - [2026-07-25T18:02:18.520+0000] {dag.py:3211} INFO - Sync 1 DAGs
[2026-07-25T18:02:18.541+0000] {logging_mixin.py:190} INFO - [2026-07-25T18:02:18.541+0000] {dag.py:4138} INFO - Setting next_dagrun for flex_eau_pipeline to 2026-07-24 00:00:00+00:00, run_after=2026-07-25 00:00:00+00:00
[2026-07-25T18:02:18.565+0000] {processor.py:208} INFO - Processing /opt/airflow/dags/flex_eau_pipeline.py took 0.915 seconds
[2026-07-25T18:02:49.246+0000] {processor.py:186} INFO - Started process (PID=394) to work on /opt/airflow/dags/flex_eau_pipeline.py
[2026-07-25T18:02:49.247+0000] {processor.py:914} INFO - Processing file /opt/airflow/dags/flex_eau_pipeline.py for tasks to queue
[2026-07-25T18:02:49.250+0000] {logging_mixin.py:190} INFO - [2026-07-25T18:02:49.249+0000] {dagbag.py:587} INFO - Filling up the DagBag from /opt/airflow/dags/flex_eau_pipeline.py
[2026-07-25T18:02:49.279+0000] {processor.py:925} INFO - DAG(s) 'flex_eau_pipeline' retrieved from /opt/airflow/dags/flex_eau_pipeline.py
[2026-07-25T18:02:49.316+0000] {logging_mixin.py:190} INFO - [2026-07-25T18:02:49.315+0000] {dag.py:3211} INFO - Sync 1 DAGs
[2026-07-25T18:02:49.343+0000] {logging_mixin.py:190} INFO - [2026-07-25T18:02:49.342+0000] {dag.py:4138} INFO - Setting next_dagrun for flex_eau_pipeline to 2026-07-24 00:00:00+00:00, run_after=2026-07-25 00:00:00+00:00
[2026-07-25T18:02:49.363+0000] {processor.py:208} INFO - Processing /opt/airflow/dags/flex_eau_pipeline.py took 0.124 seconds
[2026-07-25T18:03:19.665+0000] {processor.py:186} INFO - Started process (PID=399) to work on /opt/airflow/dags/flex_eau_pipeline.py
[2026-07-25T18:03:19.666+0000] {processor.py:914} INFO - Processing file /opt/airflow/dags/flex_eau_pipeline.py for tasks to queue
[2026-07-25T18:03:19.669+0000] {logging_mixin.py:190} INFO - [2026-07-25T18:03:19.668+0000] {dagbag.py:587} INFO - Filling up the DagBag from /opt/airflow/dags/flex_eau_pipeline.py
[2026-07-25T18:03:19.695+0000] {processor.py:925} INFO - DAG(s) 'flex_eau_pipeline' retrieved from /opt/airflow/dags/flex_eau_pipeline.py
[2026-07-25T18:03:19.735+0000] {logging_mixin.py:190} INFO - [2026-07-25T18:03:19.735+0000] {dag.py:3211} INFO - Sync 1 DAGs
[2026-07-25T18:03:19.761+0000] {logging_mixin.py:190} INFO - [2026-07-25T18:03:19.761+0000] {dag.py:4138} INFO - Setting next_dagrun for flex_eau_pipeline to 2026-07-24 00:00:00+00:00, run_after=2026-07-25 00:00:00+00:00
[2026-07-25T18:03:19.784+0000] {processor.py:208} INFO - Processing /opt/airflow/dags/flex_eau_pipeline.py took 0.126 seconds
[2026-07-25T18:03:50.221+0000] {processor.py:186} INFO - Started process (PID=404) to work on /opt/airflow/dags/flex_eau_pipeline.py
[2026-07-25T18:03:50.222+0000] {processor.py:914} INFO - Processing file /opt/airflow/dags/flex_eau_pipeline.py for tasks to queue
[2026-07-25T18:03:50.226+0000] {logging_mixin.py:190} INFO - [2026-07-25T18:03:50.225+0000] {dagbag.py:587} INFO - Filling up the DagBag from /opt/airflow/dags/flex_eau_pipeline.py
[2026-07-25T18:03:50.257+0000] {processor.py:925} INFO - DAG(s) 'flex_eau_pipeline' retrieved from /opt/airflow/dags/flex_eau_pipeline.py
[2026-07-25T18:03:50.294+0000] {logging_mixin.py:190} INFO - [2026-07-25T18:03:50.294+0000] {dag.py:3211} INFO - Sync 1 DAGs
[2026-07-25T18:03:50.319+0000] {logging_mixin.py:190} INFO - [2026-07-25T18:03:50.319+0000] {dag.py:4138} INFO - Setting next_dagrun for flex_eau_pipeline to 2026-07-24 00:00:00+00:00, run_after=2026-07-25 00:00:00+00:00
[2026-07-25T18:03:50.341+0000] {processor.py:208} INFO - Processing /opt/airflow/dags/flex_eau_pipeline.py took 0.129 seconds
[2026-07-25T18:04:20.707+0000] {processor.py:186} INFO - Started process (PID=409) to work on /opt/airflow/dags/flex_eau_pipeline.py
[2026-07-25T18:04:20.708+0000] {processor.py:914} INFO - Processing file /opt/airflow/dags/flex_eau_pipeline.py for tasks to queue
[2026-07-25T18:04:20.711+0000] {logging_mixin.py:190} INFO - [2026-07-25T18:04:20.711+0000] {dagbag.py:587} INFO - Filling up the DagBag from /opt/airflow/dags/flex_eau_pipeline.py
[2026-07-25T18:04:20.742+0000] {processor.py:925} INFO - DAG(s) 'flex_eau_pipeline' retrieved from /opt/airflow/dags/flex_eau_pipeline.py
[2026-07-25T18:04:20.781+0000] {logging_mixin.py:190} INFO - [2026-07-25T18:04:20.781+0000] {dag.py:3211} INFO - Sync 1 DAGs
[2026-07-25T18:04:20.810+0000] {logging_mixin.py:190} INFO - [2026-07-25T18:04:20.810+0000] {dag.py:4138} INFO - Setting next_dagrun for flex_eau_pipeline to 2026-07-24 00:00:00+00:00, run_after=2026-07-25 00:00:00+00:00
[2026-07-25T18:04:20.833+0000] {processor.py:208} INFO - Processing /opt/airflow/dags/flex_eau_pipeline.py took 0.133 seconds
[2026-07-25T18:04:51.278+0000] {processor.py:186} INFO - Started process (PID=414) to work on /opt/airflow/dags/flex_eau_pipeline.py
[2026-07-25T18:04:51.279+0000] {processor.py:914} INFO - Processing file /opt/airflow/dags/flex_eau_pipeline.py for tasks to queue
[2026-07-25T18:04:51.282+0000] {logging_mixin.py:190} INFO - [2026-07-25T18:04:51.282+0000] {dagbag.py:587} INFO - Filling up the DagBag from /opt/airflow/dags/flex_eau_pipeline.py
[2026-07-25T18:04:51.313+0000] {processor.py:925} INFO - DAG(s) 'flex_eau_pipeline' retrieved from /opt/airflow/dags/flex_eau_pipeline.py
[2026-07-25T18:04:51.352+0000] {logging_mixin.py:190} INFO - [2026-07-25T18:04:51.352+0000] {dag.py:3211} INFO - Sync 1 DAGs
[2026-07-25T18:04:51.377+0000] {logging_mixin.py:190} INFO - [2026-07-25T18:04:51.377+0000] {dag.py:4138} INFO - Setting next_dagrun for flex_eau_pipeline to 2026-07-24 00:00:00+00:00, run_after=2026-07-25 00:00:00+00:00
[2026-07-25T18:04:51.402+0000] {processor.py:208} INFO - Processing /opt/airflow/dags/flex_eau_pipeline.py took 0.130 seconds
[2026-07-25T18:05:06.588+0000] {processor.py:186} INFO - Started process (PID=419) to work on /opt/airflow/dags/flex_eau_pipeline.py
[2026-07-25T18:05:06.590+0000] {processor.py:914} INFO - Processing file /opt/airflow/dags/flex_eau_pipeline.py for tasks to queue
[2026-07-25T18:05:06.593+0000] {logging_mixin.py:190} INFO - [2026-07-25T18:05:06.593+0000] {dagbag.py:587} INFO - Filling up the DagBag from /opt/airflow/dags/flex_eau_pipeline.py
[2026-07-25T18:05:06.634+0000] {logging_mixin.py:190} INFO - [2026-07-25T18:05:06.628+0000] {dagbag.py:386} ERROR - Failed to import: /opt/airflow/dags/flex_eau_pipeline.py
Traceback (most recent call last):
  File "/home/airflow/.local/lib/python3.12/site-packages/airflow/models/dagbag.py", line 382, in parse
    loader.exec_module(new_module)
  File "<frozen importlib._bootstrap_external>", line 995, in exec_module
  File "<frozen importlib._bootstrap>", line 488, in _call_with_frames_removed
  File "/opt/airflow/dags/flex_eau_pipeline.py", line 158, in <module>
    [
TypeError: unsupported operand type(s) for >>: 'list' and 'list'
[2026-07-25T18:05:06.636+0000] {processor.py:927} WARNING - No viable dags retrieved from /opt/airflow/dags/flex_eau_pipeline.py
[2026-07-25T18:05:06.668+0000] {processor.py:208} INFO - Processing /opt/airflow/dags/flex_eau_pipeline.py took 0.089 seconds
[2026-07-25T18:05:06.725+0000] {processor.py:186} INFO - Started process (PID=424) to work on /opt/airflow/dags/flex_eau_pipeline.py
[2026-07-25T18:05:06.726+0000] {processor.py:914} INFO - Processing file /opt/airflow/dags/flex_eau_pipeline.py for tasks to queue
[2026-07-25T18:05:06.729+0000] {logging_mixin.py:190} INFO - [2026-07-25T18:05:06.729+0000] {dagbag.py:587} INFO - Filling up the DagBag from /opt/airflow/dags/flex_eau_pipeline.py
[2026-07-25T18:05:06.762+0000] {logging_mixin.py:190} INFO - [2026-07-25T18:05:06.754+0000] {dagbag.py:386} ERROR - Failed to import: /opt/airflow/dags/flex_eau_pipeline.py
Traceback (most recent call last):
  File "/home/airflow/.local/lib/python3.12/site-packages/airflow/models/dagbag.py", line 382, in parse
    loader.exec_module(new_module)
  File "<frozen importlib._bootstrap_external>", line 995, in exec_module
  File "<frozen importlib._bootstrap>", line 488, in _call_with_frames_removed
  File "/opt/airflow/dags/flex_eau_pipeline.py", line 158, in <module>
    [
TypeError: unsupported operand type(s) for >>: 'list' and 'list'
[2026-07-25T18:05:06.765+0000] {processor.py:927} WARNING - No viable dags retrieved from /opt/airflow/dags/flex_eau_pipeline.py
[2026-07-25T18:05:06.802+0000] {processor.py:208} INFO - Processing /opt/airflow/dags/flex_eau_pipeline.py took 0.085 seconds
[2026-07-25T18:05:37.298+0000] {processor.py:186} INFO - Started process (PID=429) to work on /opt/airflow/dags/flex_eau_pipeline.py
[2026-07-25T18:05:37.299+0000] {processor.py:914} INFO - Processing file /opt/airflow/dags/flex_eau_pipeline.py for tasks to queue
[2026-07-25T18:05:37.302+0000] {logging_mixin.py:190} INFO - [2026-07-25T18:05:37.302+0000] {dagbag.py:587} INFO - Filling up the DagBag from /opt/airflow/dags/flex_eau_pipeline.py
[2026-07-25T18:05:37.337+0000] {logging_mixin.py:190} INFO - [2026-07-25T18:05:37.331+0000] {dagbag.py:386} ERROR - Failed to import: /opt/airflow/dags/flex_eau_pipeline.py
Traceback (most recent call last):
  File "/home/airflow/.local/lib/python3.12/site-packages/airflow/models/dagbag.py", line 382, in parse
    loader.exec_module(new_module)
  File "<frozen importlib._bootstrap_external>", line 995, in exec_module
  File "<frozen importlib._bootstrap>", line 488, in _call_with_frames_removed
  File "/opt/airflow/dags/flex_eau_pipeline.py", line 158, in <module>
    [
TypeError: unsupported operand type(s) for >>: 'list' and 'list'
[2026-07-25T18:05:37.339+0000] {processor.py:927} WARNING - No viable dags retrieved from /opt/airflow/dags/flex_eau_pipeline.py
[2026-07-25T18:05:37.371+0000] {processor.py:208} INFO - Processing /opt/airflow/dags/flex_eau_pipeline.py took 0.078 seconds
[2026-07-25T18:06:07.753+0000] {processor.py:186} INFO - Started process (PID=434) to work on /opt/airflow/dags/flex_eau_pipeline.py
[2026-07-25T18:06:07.754+0000] {processor.py:914} INFO - Processing file /opt/airflow/dags/flex_eau_pipeline.py for tasks to queue
[2026-07-25T18:06:07.758+0000] {logging_mixin.py:190} INFO - [2026-07-25T18:06:07.757+0000] {dagbag.py:587} INFO - Filling up the DagBag from /opt/airflow/dags/flex_eau_pipeline.py
[2026-07-25T18:06:07.785+0000] {logging_mixin.py:190} INFO - [2026-07-25T18:06:07.779+0000] {dagbag.py:386} ERROR - Failed to import: /opt/airflow/dags/flex_eau_pipeline.py
Traceback (most recent call last):
  File "/home/airflow/.local/lib/python3.12/site-packages/airflow/models/dagbag.py", line 382, in parse
    loader.exec_module(new_module)
  File "<frozen importlib._bootstrap_external>", line 995, in exec_module
  File "<frozen importlib._bootstrap>", line 488, in _call_with_frames_removed
  File "/opt/airflow/dags/flex_eau_pipeline.py", line 158, in <module>
    [
TypeError: unsupported operand type(s) for >>: 'list' and 'list'
[2026-07-25T18:06:07.786+0000] {processor.py:927} WARNING - No viable dags retrieved from /opt/airflow/dags/flex_eau_pipeline.py
[2026-07-25T18:06:07.832+0000] {processor.py:208} INFO - Processing /opt/airflow/dags/flex_eau_pipeline.py took 0.087 seconds
[2026-07-25T18:06:31.207+0000] {processor.py:186} INFO - Started process (PID=439) to work on /opt/airflow/dags/flex_eau_pipeline.py
[2026-07-25T18:06:31.208+0000] {processor.py:914} INFO - Processing file /opt/airflow/dags/flex_eau_pipeline.py for tasks to queue
[2026-07-25T18:06:31.210+0000] {logging_mixin.py:190} INFO - [2026-07-25T18:06:31.210+0000] {dagbag.py:587} INFO - Filling up the DagBag from /opt/airflow/dags/flex_eau_pipeline.py
[2026-07-25T18:06:31.236+0000] {logging_mixin.py:190} INFO - [2026-07-25T18:06:31.234+0000] {dagbag.py:386} ERROR - Failed to import: /opt/airflow/dags/flex_eau_pipeline.py
Traceback (most recent call last):
  File "/home/airflow/.local/lib/python3.12/site-packages/airflow/models/dagbag.py", line 382, in parse
    loader.exec_module(new_module)
  File "<frozen importlib._bootstrap_external>", line 991, in exec_module
  File "<frozen importlib._bootstrap_external>", line 1129, in get_code
  File "<frozen importlib._bootstrap_external>", line 1059, in source_to_code
  File "<frozen importlib._bootstrap>", line 488, in _call_with_frames_removed
  File "/opt/airflow/dags/flex_eau_pipeline.py", line 147
    ingestion >> [
IndentationError: unexpected indent
[2026-07-25T18:06:31.236+0000] {processor.py:927} WARNING - No viable dags retrieved from /opt/airflow/dags/flex_eau_pipeline.py
[2026-07-25T18:06:31.266+0000] {processor.py:208} INFO - Processing /opt/airflow/dags/flex_eau_pipeline.py took 0.067 seconds
[2026-07-25T18:07:01.677+0000] {processor.py:186} INFO - Started process (PID=444) to work on /opt/airflow/dags/flex_eau_pipeline.py
[2026-07-25T18:07:01.679+0000] {processor.py:914} INFO - Processing file /opt/airflow/dags/flex_eau_pipeline.py for tasks to queue
[2026-07-25T18:07:01.680+0000] {logging_mixin.py:190} INFO - [2026-07-25T18:07:01.680+0000] {dagbag.py:587} INFO - Filling up the DagBag from /opt/airflow/dags/flex_eau_pipeline.py
[2026-07-25T18:07:01.702+0000] {logging_mixin.py:190} INFO - [2026-07-25T18:07:01.701+0000] {dagbag.py:386} ERROR - Failed to import: /opt/airflow/dags/flex_eau_pipeline.py
Traceback (most recent call last):
  File "/home/airflow/.local/lib/python3.12/site-packages/airflow/models/dagbag.py", line 382, in parse
    loader.exec_module(new_module)
  File "<frozen importlib._bootstrap_external>", line 991, in exec_module
  File "<frozen importlib._bootstrap_external>", line 1129, in get_code
  File "<frozen importlib._bootstrap_external>", line 1059, in source_to_code
  File "<frozen importlib._bootstrap>", line 488, in _call_with_frames_removed
  File "/opt/airflow/dags/flex_eau_pipeline.py", line 147
    ingestion >> [
IndentationError: unexpected indent
[2026-07-25T18:07:01.703+0000] {processor.py:927} WARNING - No viable dags retrieved from /opt/airflow/dags/flex_eau_pipeline.py
[2026-07-25T18:07:01.731+0000] {processor.py:208} INFO - Processing /opt/airflow/dags/flex_eau_pipeline.py took 0.061 seconds
[2026-07-25T18:07:32.091+0000] {processor.py:186} INFO - Started process (PID=449) to work on /opt/airflow/dags/flex_eau_pipeline.py
[2026-07-25T18:07:32.093+0000] {processor.py:914} INFO - Processing file /opt/airflow/dags/flex_eau_pipeline.py for tasks to queue
[2026-07-25T18:07:32.095+0000] {logging_mixin.py:190} INFO - [2026-07-25T18:07:32.095+0000] {dagbag.py:587} INFO - Filling up the DagBag from /opt/airflow/dags/flex_eau_pipeline.py
[2026-07-25T18:07:32.123+0000] {logging_mixin.py:190} INFO - [2026-07-25T18:07:32.122+0000] {dagbag.py:386} ERROR - Failed to import: /opt/airflow/dags/flex_eau_pipeline.py
Traceback (most recent call last):
  File "/home/airflow/.local/lib/python3.12/site-packages/airflow/models/dagbag.py", line 382, in parse
    loader.exec_module(new_module)
  File "<frozen importlib._bootstrap_external>", line 991, in exec_module
  File "<frozen importlib._bootstrap_external>", line 1129, in get_code
  File "<frozen importlib._bootstrap_external>", line 1059, in source_to_code
  File "<frozen importlib._bootstrap>", line 488, in _call_with_frames_removed
  File "/opt/airflow/dags/flex_eau_pipeline.py", line 147
    ingestion >> [
IndentationError: unexpected indent
[2026-07-25T18:07:32.124+0000] {processor.py:927} WARNING - No viable dags retrieved from /opt/airflow/dags/flex_eau_pipeline.py
[2026-07-25T18:07:32.156+0000] {processor.py:208} INFO - Processing /opt/airflow/dags/flex_eau_pipeline.py took 0.075 seconds
[2026-07-25T18:08:02.576+0000] {processor.py:186} INFO - Started process (PID=454) to work on /opt/airflow/dags/flex_eau_pipeline.py
[2026-07-25T18:08:02.578+0000] {processor.py:914} INFO - Processing file /opt/airflow/dags/flex_eau_pipeline.py for tasks to queue
[2026-07-25T18:08:02.580+0000] {logging_mixin.py:190} INFO - [2026-07-25T18:08:02.580+0000] {dagbag.py:587} INFO - Filling up the DagBag from /opt/airflow/dags/flex_eau_pipeline.py
[2026-07-25T18:08:02.602+0000] {logging_mixin.py:190} INFO - [2026-07-25T18:08:02.600+0000] {dagbag.py:386} ERROR - Failed to import: /opt/airflow/dags/flex_eau_pipeline.py
Traceback (most recent call last):
  File "/home/airflow/.local/lib/python3.12/site-packages/airflow/models/dagbag.py", line 382, in parse
    loader.exec_module(new_module)
  File "<frozen importlib._bootstrap_external>", line 991, in exec_module
  File "<frozen importlib._bootstrap_external>", line 1129, in get_code
  File "<frozen importlib._bootstrap_external>", line 1059, in source_to_code
  File "<frozen importlib._bootstrap>", line 488, in _call_with_frames_removed
  File "/opt/airflow/dags/flex_eau_pipeline.py", line 147
    ingestion >> [
IndentationError: unexpected indent
[2026-07-25T18:08:02.602+0000] {processor.py:927} WARNING - No viable dags retrieved from /opt/airflow/dags/flex_eau_pipeline.py
[2026-07-25T18:08:02.632+0000] {processor.py:208} INFO - Processing /opt/airflow/dags/flex_eau_pipeline.py took 0.064 seconds
[2026-07-25T18:08:32.962+0000] {processor.py:186} INFO - Started process (PID=459) to work on /opt/airflow/dags/flex_eau_pipeline.py
[2026-07-25T18:08:32.965+0000] {processor.py:914} INFO - Processing file /opt/airflow/dags/flex_eau_pipeline.py for tasks to queue
[2026-07-25T18:08:32.967+0000] {logging_mixin.py:190} INFO - [2026-07-25T18:08:32.966+0000] {dagbag.py:587} INFO - Filling up the DagBag from /opt/airflow/dags/flex_eau_pipeline.py
[2026-07-25T18:08:32.989+0000] {logging_mixin.py:190} INFO - [2026-07-25T18:08:32.988+0000] {dagbag.py:386} ERROR - Failed to import: /opt/airflow/dags/flex_eau_pipeline.py
Traceback (most recent call last):
  File "/home/airflow/.local/lib/python3.12/site-packages/airflow/models/dagbag.py", line 382, in parse
    loader.exec_module(new_module)
  File "<frozen importlib._bootstrap_external>", line 991, in exec_module
  File "<frozen importlib._bootstrap_external>", line 1129, in get_code
  File "<frozen importlib._bootstrap_external>", line 1059, in source_to_code
  File "<frozen importlib._bootstrap>", line 488, in _call_with_frames_removed
  File "/opt/airflow/dags/flex_eau_pipeline.py", line 147
    ingestion >> [
IndentationError: unexpected indent
[2026-07-25T18:08:32.990+0000] {processor.py:927} WARNING - No viable dags retrieved from /opt/airflow/dags/flex_eau_pipeline.py
[2026-07-25T18:08:33.041+0000] {processor.py:208} INFO - Processing /opt/airflow/dags/flex_eau_pipeline.py took 0.093 seconds
[2026-07-25T18:08:59.444+0000] {processor.py:186} INFO - Started process (PID=464) to work on /opt/airflow/dags/flex_eau_pipeline.py
[2026-07-25T18:08:59.446+0000] {processor.py:914} INFO - Processing file /opt/airflow/dags/flex_eau_pipeline.py for tasks to queue
[2026-07-25T18:08:59.447+0000] {logging_mixin.py:190} INFO - [2026-07-25T18:08:59.447+0000] {dagbag.py:587} INFO - Filling up the DagBag from /opt/airflow/dags/flex_eau_pipeline.py
[2026-07-25T18:08:59.491+0000] {processor.py:925} INFO - DAG(s) 'flex_eau_pipeline' retrieved from /opt/airflow/dags/flex_eau_pipeline.py
[2026-07-25T18:08:59.622+0000] {logging_mixin.py:190} INFO - [2026-07-25T18:08:59.622+0000] {dag.py:3211} INFO - Sync 1 DAGs
[2026-07-25T18:08:59.646+0000] {logging_mixin.py:190} INFO - [2026-07-25T18:08:59.646+0000] {dag.py:4138} INFO - Setting next_dagrun for flex_eau_pipeline to 2026-07-24 00:00:00+00:00, run_after=2026-07-25 00:00:00+00:00
[2026-07-25T18:08:59.681+0000] {processor.py:208} INFO - Processing /opt/airflow/dags/flex_eau_pipeline.py took 0.246 seconds
[2026-07-25T18:09:29.866+0000] {processor.py:186} INFO - Started process (PID=512) to work on /opt/airflow/dags/flex_eau_pipeline.py
[2026-07-25T18:09:29.867+0000] {processor.py:914} INFO - Processing file /opt/airflow/dags/flex_eau_pipeline.py for tasks to queue
[2026-07-25T18:09:29.869+0000] {logging_mixin.py:190} INFO - [2026-07-25T18:09:29.868+0000] {dagbag.py:587} INFO - Filling up the DagBag from /opt/airflow/dags/flex_eau_pipeline.py
[2026-07-25T18:09:29.900+0000] {processor.py:925} INFO - DAG(s) 'flex_eau_pipeline' retrieved from /opt/airflow/dags/flex_eau_pipeline.py
[2026-07-25T18:09:29.940+0000] {logging_mixin.py:190} INFO - [2026-07-25T18:09:29.939+0000] {dag.py:3211} INFO - Sync 1 DAGs
[2026-07-25T18:09:29.969+0000] {logging_mixin.py:190} INFO - [2026-07-25T18:09:29.968+0000] {dag.py:4138} INFO - Setting next_dagrun for flex_eau_pipeline to 2026-07-25 00:00:00+00:00, run_after=2026-07-26 00:00:00+00:00
[2026-07-25T18:09:29.992+0000] {processor.py:208} INFO - Processing /opt/airflow/dags/flex_eau_pipeline.py took 0.134 seconds
[2026-07-25T18:10:01.143+0000] {processor.py:186} INFO - Started process (PID=1032) to work on /opt/airflow/dags/flex_eau_pipeline.py
[2026-07-25T18:10:01.174+0000] {processor.py:914} INFO - Processing file /opt/airflow/dags/flex_eau_pipeline.py for tasks to queue
[2026-07-25T18:10:01.181+0000] {logging_mixin.py:190} INFO - [2026-07-25T18:10:01.180+0000] {dagbag.py:587} INFO - Filling up the DagBag from /opt/airflow/dags/flex_eau_pipeline.py
[2026-07-25T18:10:01.295+0000] {processor.py:925} INFO - DAG(s) 'flex_eau_pipeline' retrieved from /opt/airflow/dags/flex_eau_pipeline.py
[2026-07-25T18:10:01.413+0000] {logging_mixin.py:190} INFO - [2026-07-25T18:10:01.412+0000] {dag.py:3211} INFO - Sync 1 DAGs
[2026-07-25T18:10:01.526+0000] {logging_mixin.py:190} INFO - [2026-07-25T18:10:01.525+0000] {dag.py:4138} INFO - Setting next_dagrun for flex_eau_pipeline to 2026-07-25 00:00:00+00:00, run_after=2026-07-26 00:00:00+00:00
[2026-07-25T18:10:01.587+0000] {processor.py:208} INFO - Processing /opt/airflow/dags/flex_eau_pipeline.py took 0.506 seconds
[2026-07-25T18:10:32.315+0000] {processor.py:186} INFO - Started process (PID=1874) to work on /opt/airflow/dags/flex_eau_pipeline.py
[2026-07-25T18:10:32.338+0000] {processor.py:914} INFO - Processing file /opt/airflow/dags/flex_eau_pipeline.py for tasks to queue
[2026-07-25T18:10:32.355+0000] {logging_mixin.py:190} INFO - [2026-07-25T18:10:32.352+0000] {dagbag.py:587} INFO - Filling up the DagBag from /opt/airflow/dags/flex_eau_pipeline.py
[2026-07-25T18:10:32.694+0000] {processor.py:925} INFO - DAG(s) 'flex_eau_pipeline' retrieved from /opt/airflow/dags/flex_eau_pipeline.py
[2026-07-25T18:10:32.865+0000] {logging_mixin.py:190} INFO - [2026-07-25T18:10:32.865+0000] {dag.py:3211} INFO - Sync 1 DAGs
[2026-07-25T18:10:33.070+0000] {logging_mixin.py:190} INFO - [2026-07-25T18:10:33.069+0000] {dag.py:4138} INFO - Setting next_dagrun for flex_eau_pipeline to 2026-07-25 00:00:00+00:00, run_after=2026-07-26 00:00:00+00:00
[2026-07-25T18:10:33.178+0000] {processor.py:208} INFO - Processing /opt/airflow/dags/flex_eau_pipeline.py took 0.890 seconds
[2026-07-25T18:11:03.636+0000] {processor.py:186} INFO - Started process (PID=1938) to work on /opt/airflow/dags/flex_eau_pipeline.py
[2026-07-25T18:11:03.638+0000] {processor.py:914} INFO - Processing file /opt/airflow/dags/flex_eau_pipeline.py for tasks to queue
[2026-07-25T18:11:03.639+0000] {logging_mixin.py:190} INFO - [2026-07-25T18:11:03.639+0000] {dagbag.py:587} INFO - Filling up the DagBag from /opt/airflow/dags/flex_eau_pipeline.py
[2026-07-25T18:11:03.674+0000] {processor.py:925} INFO - DAG(s) 'flex_eau_pipeline' retrieved from /opt/airflow/dags/flex_eau_pipeline.py
[2026-07-25T18:11:03.722+0000] {logging_mixin.py:190} INFO - [2026-07-25T18:11:03.722+0000] {dag.py:3211} INFO - Sync 1 DAGs
[2026-07-25T18:11:03.752+0000] {logging_mixin.py:190} INFO - [2026-07-25T18:11:03.752+0000] {dag.py:4138} INFO - Setting next_dagrun for flex_eau_pipeline to 2026-07-25 00:00:00+00:00, run_after=2026-07-26 00:00:00+00:00
[2026-07-25T18:11:03.787+0000] {processor.py:208} INFO - Processing /opt/airflow/dags/flex_eau_pipeline.py took 0.162 seconds
[2026-07-25T18:11:34.255+0000] {processor.py:186} INFO - Started process (PID=1943) to work on /opt/airflow/dags/flex_eau_pipeline.py
[2026-07-25T18:11:34.256+0000] {processor.py:914} INFO - Processing file /opt/airflow/dags/flex_eau_pipeline.py for tasks to queue
[2026-07-25T18:11:34.258+0000] {logging_mixin.py:190} INFO - [2026-07-25T18:11:34.257+0000] {dagbag.py:587} INFO - Filling up the DagBag from /opt/airflow/dags/flex_eau_pipeline.py
[2026-07-25T18:11:34.291+0000] {processor.py:925} INFO - DAG(s) 'flex_eau_pipeline' retrieved from /opt/airflow/dags/flex_eau_pipeline.py
[2026-07-25T18:11:34.333+0000] {logging_mixin.py:190} INFO - [2026-07-25T18:11:34.333+0000] {dag.py:3211} INFO - Sync 1 DAGs
[2026-07-25T18:11:34.360+0000] {logging_mixin.py:190} INFO - [2026-07-25T18:11:34.360+0000] {dag.py:4138} INFO - Setting next_dagrun for flex_eau_pipeline to 2026-07-25 00:00:00+00:00, run_after=2026-07-26 00:00:00+00:00
[2026-07-25T18:11:34.382+0000] {processor.py:208} INFO - Processing /opt/airflow/dags/flex_eau_pipeline.py took 0.133 seconds
[2026-07-25T18:12:04.921+0000] {processor.py:186} INFO - Started process (PID=1948) to work on /opt/airflow/dags/flex_eau_pipeline.py
[2026-07-25T18:12:04.923+0000] {processor.py:914} INFO - Processing file /opt/airflow/dags/flex_eau_pipeline.py for tasks to queue
[2026-07-25T18:12:04.925+0000] {logging_mixin.py:190} INFO - [2026-07-25T18:12:04.924+0000] {dagbag.py:587} INFO - Filling up the DagBag from /opt/airflow/dags/flex_eau_pipeline.py
[2026-07-25T18:12:04.956+0000] {processor.py:925} INFO - DAG(s) 'flex_eau_pipeline' retrieved from /opt/airflow/dags/flex_eau_pipeline.py
[2026-07-25T18:12:04.998+0000] {logging_mixin.py:190} INFO - [2026-07-25T18:12:04.997+0000] {dag.py:3211} INFO - Sync 1 DAGs
[2026-07-25T18:12:05.028+0000] {logging_mixin.py:190} INFO - [2026-07-25T18:12:05.027+0000] {dag.py:4138} INFO - Setting next_dagrun for flex_eau_pipeline to 2026-07-25 00:00:00+00:00, run_after=2026-07-26 00:00:00+00:00
[2026-07-25T18:12:05.058+0000] {processor.py:208} INFO - Processing /opt/airflow/dags/flex_eau_pipeline.py took 0.144 seconds
[2026-07-25T18:12:35.580+0000] {processor.py:186} INFO - Started process (PID=1953) to work on /opt/airflow/dags/flex_eau_pipeline.py
[2026-07-25T18:12:35.582+0000] {processor.py:914} INFO - Processing file /opt/airflow/dags/flex_eau_pipeline.py for tasks to queue
[2026-07-25T18:12:35.584+0000] {logging_mixin.py:190} INFO - [2026-07-25T18:12:35.584+0000] {dagbag.py:587} INFO - Filling up the DagBag from /opt/airflow/dags/flex_eau_pipeline.py
[2026-07-25T18:12:35.624+0000] {processor.py:925} INFO - DAG(s) 'flex_eau_pipeline' retrieved from /opt/airflow/dags/flex_eau_pipeline.py
[2026-07-25T18:12:35.683+0000] {logging_mixin.py:190} INFO - [2026-07-25T18:12:35.683+0000] {dag.py:3211} INFO - Sync 1 DAGs
[2026-07-25T18:12:35.725+0000] {logging_mixin.py:190} INFO - [2026-07-25T18:12:35.725+0000] {dag.py:4138} INFO - Setting next_dagrun for flex_eau_pipeline to 2026-07-25 00:00:00+00:00, run_after=2026-07-26 00:00:00+00:00
[2026-07-25T18:12:35.757+0000] {processor.py:208} INFO - Processing /opt/airflow/dags/flex_eau_pipeline.py took 0.188 seconds
[2026-07-25T18:13:05.989+0000] {processor.py:186} INFO - Started process (PID=1958) to work on /opt/airflow/dags/flex_eau_pipeline.py
[2026-07-25T18:13:05.991+0000] {processor.py:914} INFO - Processing file /opt/airflow/dags/flex_eau_pipeline.py for tasks to queue
[2026-07-25T18:13:05.993+0000] {logging_mixin.py:190} INFO - [2026-07-25T18:13:05.992+0000] {dagbag.py:587} INFO - Filling up the DagBag from /opt/airflow/dags/flex_eau_pipeline.py
[2026-07-25T18:13:06.029+0000] {processor.py:925} INFO - DAG(s) 'flex_eau_pipeline' retrieved from /opt/airflow/dags/flex_eau_pipeline.py
[2026-07-25T18:13:06.075+0000] {logging_mixin.py:190} INFO - [2026-07-25T18:13:06.075+0000] {dag.py:3211} INFO - Sync 1 DAGs
[2026-07-25T18:13:06.107+0000] {logging_mixin.py:190} INFO - [2026-07-25T18:13:06.106+0000] {dag.py:4138} INFO - Setting next_dagrun for flex_eau_pipeline to 2026-07-25 00:00:00+00:00, run_after=2026-07-26 00:00:00+00:00
[2026-07-25T18:13:06.130+0000] {processor.py:208} INFO - Processing /opt/airflow/dags/flex_eau_pipeline.py took 0.152 seconds
[2026-07-25T18:13:36.633+0000] {processor.py:186} INFO - Started process (PID=1963) to work on /opt/airflow/dags/flex_eau_pipeline.py
[2026-07-25T18:13:36.635+0000] {processor.py:914} INFO - Processing file /opt/airflow/dags/flex_eau_pipeline.py for tasks to queue
[2026-07-25T18:13:36.637+0000] {logging_mixin.py:190} INFO - [2026-07-25T18:13:36.636+0000] {dagbag.py:587} INFO - Filling up the DagBag from /opt/airflow/dags/flex_eau_pipeline.py
[2026-07-25T18:13:36.674+0000] {processor.py:925} INFO - DAG(s) 'flex_eau_pipeline' retrieved from /opt/airflow/dags/flex_eau_pipeline.py
[2026-07-25T18:13:36.726+0000] {logging_mixin.py:190} INFO - [2026-07-25T18:13:36.726+0000] {dag.py:3211} INFO - Sync 1 DAGs
[2026-07-25T18:13:36.762+0000] {logging_mixin.py:190} INFO - [2026-07-25T18:13:36.762+0000] {dag.py:4138} INFO - Setting next_dagrun for flex_eau_pipeline to 2026-07-25 00:00:00+00:00, run_after=2026-07-26 00:00:00+00:00
[2026-07-25T18:13:36.785+0000] {processor.py:208} INFO - Processing /opt/airflow/dags/flex_eau_pipeline.py took 0.161 seconds
[2026-07-25T18:14:07.088+0000] {processor.py:186} INFO - Started process (PID=1968) to work on /opt/airflow/dags/flex_eau_pipeline.py
[2026-07-25T18:14:07.090+0000] {processor.py:914} INFO - Processing file /opt/airflow/dags/flex_eau_pipeline.py for tasks to queue
[2026-07-25T18:14:07.092+0000] {logging_mixin.py:190} INFO - [2026-07-25T18:14:07.091+0000] {dagbag.py:587} INFO - Filling up the DagBag from /opt/airflow/dags/flex_eau_pipeline.py
[2026-07-25T18:14:07.122+0000] {processor.py:925} INFO - DAG(s) 'flex_eau_pipeline' retrieved from /opt/airflow/dags/flex_eau_pipeline.py
[2026-07-25T18:14:07.164+0000] {logging_mixin.py:190} INFO - [2026-07-25T18:14:07.164+0000] {dag.py:3211} INFO - Sync 1 DAGs
[2026-07-25T18:14:07.191+0000] {logging_mixin.py:190} INFO - [2026-07-25T18:14:07.191+0000] {dag.py:4138} INFO - Setting next_dagrun for flex_eau_pipeline to 2026-07-25 00:00:00+00:00, run_after=2026-07-26 00:00:00+00:00
[2026-07-25T18:14:07.217+0000] {processor.py:208} INFO - Processing /opt/airflow/dags/flex_eau_pipeline.py took 0.137 seconds
[2026-07-25T18:14:37.902+0000] {processor.py:186} INFO - Started process (PID=1973) to work on /opt/airflow/dags/flex_eau_pipeline.py
[2026-07-25T18:14:37.904+0000] {processor.py:914} INFO - Processing file /opt/airflow/dags/flex_eau_pipeline.py for tasks to queue
[2026-07-25T18:14:37.906+0000] {logging_mixin.py:190} INFO - [2026-07-25T18:14:37.906+0000] {dagbag.py:587} INFO - Filling up the DagBag from /opt/airflow/dags/flex_eau_pipeline.py
[2026-07-25T18:14:37.947+0000] {processor.py:925} INFO - DAG(s) 'flex_eau_pipeline' retrieved from /opt/airflow/dags/flex_eau_pipeline.py
[2026-07-25T18:14:38.013+0000] {logging_mixin.py:190} INFO - [2026-07-25T18:14:38.012+0000] {dag.py:3211} INFO - Sync 1 DAGs
[2026-07-25T18:14:38.046+0000] {logging_mixin.py:190} INFO - [2026-07-25T18:14:38.045+0000] {dag.py:4138} INFO - Setting next_dagrun for flex_eau_pipeline to 2026-07-25 00:00:00+00:00, run_after=2026-07-26 00:00:00+00:00
[2026-07-25T18:14:38.074+0000] {processor.py:208} INFO - Processing /opt/airflow/dags/flex_eau_pipeline.py took 0.184 seconds
[2026-07-25T18:15:08.224+0000] {processor.py:186} INFO - Started process (PID=1978) to work on /opt/airflow/dags/flex_eau_pipeline.py
[2026-07-25T18:15:08.226+0000] {processor.py:914} INFO - Processing file /opt/airflow/dags/flex_eau_pipeline.py for tasks to queue
[2026-07-25T18:15:08.228+0000] {logging_mixin.py:190} INFO - [2026-07-25T18:15:08.227+0000] {dagbag.py:587} INFO - Filling up the DagBag from /opt/airflow/dags/flex_eau_pipeline.py
[2026-07-25T18:15:08.257+0000] {processor.py:925} INFO - DAG(s) 'flex_eau_pipeline' retrieved from /opt/airflow/dags/flex_eau_pipeline.py
[2026-07-25T18:15:08.298+0000] {logging_mixin.py:190} INFO - [2026-07-25T18:15:08.297+0000] {dag.py:3211} INFO - Sync 1 DAGs
[2026-07-25T18:15:08.324+0000] {logging_mixin.py:190} INFO - [2026-07-25T18:15:08.324+0000] {dag.py:4138} INFO - Setting next_dagrun for flex_eau_pipeline to 2026-07-25 00:00:00+00:00, run_after=2026-07-26 00:00:00+00:00
[2026-07-25T18:15:08.349+0000] {processor.py:208} INFO - Processing /opt/airflow/dags/flex_eau_pipeline.py took 0.133 seconds
[2026-07-25T18:15:38.992+0000] {processor.py:186} INFO - Started process (PID=2413) to work on /opt/airflow/dags/flex_eau_pipeline.py
[2026-07-25T18:15:39.006+0000] {processor.py:914} INFO - Processing file /opt/airflow/dags/flex_eau_pipeline.py for tasks to queue
[2026-07-25T18:15:39.010+0000] {logging_mixin.py:190} INFO - [2026-07-25T18:15:39.009+0000] {dagbag.py:587} INFO - Filling up the DagBag from /opt/airflow/dags/flex_eau_pipeline.py
[2026-07-25T18:15:39.286+0000] {processor.py:925} INFO - DAG(s) 'flex_eau_pipeline' retrieved from /opt/airflow/dags/flex_eau_pipeline.py
[2026-07-25T18:15:39.796+0000] {logging_mixin.py:190} INFO - [2026-07-25T18:15:39.795+0000] {dag.py:3211} INFO - Sync 1 DAGs
[2026-07-25T18:15:40.041+0000] {logging_mixin.py:190} INFO - [2026-07-25T18:15:40.036+0000] {dag.py:4138} INFO - Setting next_dagrun for flex_eau_pipeline to 2026-07-25 00:00:00+00:00, run_after=2026-07-26 00:00:00+00:00
[2026-07-25T18:15:40.233+0000] {processor.py:208} INFO - Processing /opt/airflow/dags/flex_eau_pipeline.py took 1.313 seconds
[2026-07-25T18:16:10.875+0000] {processor.py:186} INFO - Started process (PID=3353) to work on /opt/airflow/dags/flex_eau_pipeline.py
[2026-07-25T18:16:10.877+0000] {processor.py:914} INFO - Processing file /opt/airflow/dags/flex_eau_pipeline.py for tasks to queue
[2026-07-25T18:16:10.881+0000] {logging_mixin.py:190} INFO - [2026-07-25T18:16:10.880+0000] {dagbag.py:587} INFO - Filling up the DagBag from /opt/airflow/dags/flex_eau_pipeline.py
[2026-07-25T18:16:10.936+0000] {processor.py:925} INFO - DAG(s) 'flex_eau_pipeline' retrieved from /opt/airflow/dags/flex_eau_pipeline.py
[2026-07-25T18:16:11.048+0000] {logging_mixin.py:190} INFO - [2026-07-25T18:16:11.048+0000] {dag.py:3211} INFO - Sync 1 DAGs
[2026-07-25T18:16:11.131+0000] {logging_mixin.py:190} INFO - [2026-07-25T18:16:11.131+0000] {dag.py:4138} INFO - Setting next_dagrun for flex_eau_pipeline to 2026-07-25 00:00:00+00:00, run_after=2026-07-26 00:00:00+00:00
[2026-07-25T18:16:11.186+0000] {processor.py:208} INFO - Processing /opt/airflow/dags/flex_eau_pipeline.py took 0.326 seconds
[2026-07-25T18:16:41.534+0000] {processor.py:186} INFO - Started process (PID=3421) to work on /opt/airflow/dags/flex_eau_pipeline.py
[2026-07-25T18:16:41.535+0000] {processor.py:914} INFO - Processing file /opt/airflow/dags/flex_eau_pipeline.py for tasks to queue
[2026-07-25T18:16:41.537+0000] {logging_mixin.py:190} INFO - [2026-07-25T18:16:41.537+0000] {dagbag.py:587} INFO - Filling up the DagBag from /opt/airflow/dags/flex_eau_pipeline.py
[2026-07-25T18:16:41.568+0000] {processor.py:925} INFO - DAG(s) 'flex_eau_pipeline' retrieved from /opt/airflow/dags/flex_eau_pipeline.py
[2026-07-25T18:16:41.607+0000] {logging_mixin.py:190} INFO - [2026-07-25T18:16:41.607+0000] {dag.py:3211} INFO - Sync 1 DAGs
[2026-07-25T18:16:41.632+0000] {logging_mixin.py:190} INFO - [2026-07-25T18:16:41.632+0000] {dag.py:4138} INFO - Setting next_dagrun for flex_eau_pipeline to 2026-07-25 00:00:00+00:00, run_after=2026-07-26 00:00:00+00:00
[2026-07-25T18:16:41.653+0000] {processor.py:208} INFO - Processing /opt/airflow/dags/flex_eau_pipeline.py took 0.127 seconds
[2026-07-25T18:17:12.097+0000] {processor.py:186} INFO - Started process (PID=3426) to work on /opt/airflow/dags/flex_eau_pipeline.py
[2026-07-25T18:17:12.098+0000] {processor.py:914} INFO - Processing file /opt/airflow/dags/flex_eau_pipeline.py for tasks to queue
[2026-07-25T18:17:12.100+0000] {logging_mixin.py:190} INFO - [2026-07-25T18:17:12.099+0000] {dagbag.py:587} INFO - Filling up the DagBag from /opt/airflow/dags/flex_eau_pipeline.py
[2026-07-25T18:17:12.133+0000] {processor.py:925} INFO - DAG(s) 'flex_eau_pipeline' retrieved from /opt/airflow/dags/flex_eau_pipeline.py
[2026-07-25T18:17:12.172+0000] {logging_mixin.py:190} INFO - [2026-07-25T18:17:12.172+0000] {dag.py:3211} INFO - Sync 1 DAGs
[2026-07-25T18:17:12.196+0000] {logging_mixin.py:190} INFO - [2026-07-25T18:17:12.195+0000] {dag.py:4138} INFO - Setting next_dagrun for flex_eau_pipeline to 2026-07-25 00:00:00+00:00, run_after=2026-07-26 00:00:00+00:00
[2026-07-25T18:17:12.224+0000] {processor.py:208} INFO - Processing /opt/airflow/dags/flex_eau_pipeline.py took 0.133 seconds
[2026-07-25T18:17:42.501+0000] {processor.py:186} INFO - Started process (PID=3431) to work on /opt/airflow/dags/flex_eau_pipeline.py
[2026-07-25T18:17:42.502+0000] {processor.py:914} INFO - Processing file /opt/airflow/dags/flex_eau_pipeline.py for tasks to queue
[2026-07-25T18:17:42.504+0000] {logging_mixin.py:190} INFO - [2026-07-25T18:17:42.503+0000] {dagbag.py:587} INFO - Filling up the DagBag from /opt/airflow/dags/flex_eau_pipeline.py
[2026-07-25T18:17:42.534+0000] {processor.py:925} INFO - DAG(s) 'flex_eau_pipeline' retrieved from /opt/airflow/dags/flex_eau_pipeline.py
[2026-07-25T18:17:42.587+0000] {logging_mixin.py:190} INFO - [2026-07-25T18:17:42.587+0000] {dag.py:3211} INFO - Sync 1 DAGs
[2026-07-25T18:17:42.629+0000] {logging_mixin.py:190} INFO - [2026-07-25T18:17:42.629+0000] {dag.py:4138} INFO - Setting next_dagrun for flex_eau_pipeline to 2026-07-25 00:00:00+00:00, run_after=2026-07-26 00:00:00+00:00
[2026-07-25T18:17:42.656+0000] {processor.py:208} INFO - Processing /opt/airflow/dags/flex_eau_pipeline.py took 0.163 seconds
[2026-07-25T18:18:13.096+0000] {processor.py:186} INFO - Started process (PID=3436) to work on /opt/airflow/dags/flex_eau_pipeline.py
[2026-07-25T18:18:13.098+0000] {processor.py:914} INFO - Processing file /opt/airflow/dags/flex_eau_pipeline.py for tasks to queue
[2026-07-25T18:18:13.100+0000] {logging_mixin.py:190} INFO - [2026-07-25T18:18:13.099+0000] {dagbag.py:587} INFO - Filling up the DagBag from /opt/airflow/dags/flex_eau_pipeline.py
[2026-07-25T18:18:13.130+0000] {processor.py:925} INFO - DAG(s) 'flex_eau_pipeline' retrieved from /opt/airflow/dags/flex_eau_pipeline.py
[2026-07-25T18:18:13.171+0000] {logging_mixin.py:190} INFO - [2026-07-25T18:18:13.171+0000] {dag.py:3211} INFO - Sync 1 DAGs
[2026-07-25T18:18:13.203+0000] {logging_mixin.py:190} INFO - [2026-07-25T18:18:13.202+0000] {dag.py:4138} INFO - Setting next_dagrun for flex_eau_pipeline to 2026-07-25 00:00:00+00:00, run_after=2026-07-26 00:00:00+00:00
[2026-07-25T18:18:13.232+0000] {processor.py:208} INFO - Processing /opt/airflow/dags/flex_eau_pipeline.py took 0.144 seconds
[2026-07-25T18:18:43.477+0000] {processor.py:186} INFO - Started process (PID=3441) to work on /opt/airflow/dags/flex_eau_pipeline.py
[2026-07-25T18:18:43.478+0000] {processor.py:914} INFO - Processing file /opt/airflow/dags/flex_eau_pipeline.py for tasks to queue
[2026-07-25T18:18:43.480+0000] {logging_mixin.py:190} INFO - [2026-07-25T18:18:43.480+0000] {dagbag.py:587} INFO - Filling up the DagBag from /opt/airflow/dags/flex_eau_pipeline.py
[2026-07-25T18:18:43.511+0000] {processor.py:925} INFO - DAG(s) 'flex_eau_pipeline' retrieved from /opt/airflow/dags/flex_eau_pipeline.py
[2026-07-25T18:18:43.556+0000] {logging_mixin.py:190} INFO - [2026-07-25T18:18:43.556+0000] {dag.py:3211} INFO - Sync 1 DAGs
[2026-07-25T18:18:43.584+0000] {logging_mixin.py:190} INFO - [2026-07-25T18:18:43.584+0000] {dag.py:4138} INFO - Setting next_dagrun for flex_eau_pipeline to 2026-07-25 00:00:00+00:00, run_after=2026-07-26 00:00:00+00:00
[2026-07-25T18:18:43.610+0000] {processor.py:208} INFO - Processing /opt/airflow/dags/flex_eau_pipeline.py took 0.139 seconds
[2026-07-25T18:19:14.007+0000] {processor.py:186} INFO - Started process (PID=3446) to work on /opt/airflow/dags/flex_eau_pipeline.py
[2026-07-25T18:19:14.009+0000] {processor.py:914} INFO - Processing file /opt/airflow/dags/flex_eau_pipeline.py for tasks to queue
[2026-07-25T18:19:14.012+0000] {logging_mixin.py:190} INFO - [2026-07-25T18:19:14.011+0000] {dagbag.py:587} INFO - Filling up the DagBag from /opt/airflow/dags/flex_eau_pipeline.py
[2026-07-25T18:19:14.039+0000] {processor.py:925} INFO - DAG(s) 'flex_eau_pipeline' retrieved from /opt/airflow/dags/flex_eau_pipeline.py
[2026-07-25T18:19:14.082+0000] {logging_mixin.py:190} INFO - [2026-07-25T18:19:14.082+0000] {dag.py:3211} INFO - Sync 1 DAGs
[2026-07-25T18:19:14.113+0000] {logging_mixin.py:190} INFO - [2026-07-25T18:19:14.112+0000] {dag.py:4138} INFO - Setting next_dagrun for flex_eau_pipeline to 2026-07-25 00:00:00+00:00, run_after=2026-07-26 00:00:00+00:00
[2026-07-25T18:19:14.140+0000] {processor.py:208} INFO - Processing /opt/airflow/dags/flex_eau_pipeline.py took 0.140 seconds
[2026-07-25T18:19:44.352+0000] {processor.py:186} INFO - Started process (PID=3451) to work on /opt/airflow/dags/flex_eau_pipeline.py
[2026-07-25T18:19:44.353+0000] {processor.py:914} INFO - Processing file /opt/airflow/dags/flex_eau_pipeline.py for tasks to queue
[2026-07-25T18:19:44.355+0000] {logging_mixin.py:190} INFO - [2026-07-25T18:19:44.355+0000] {dagbag.py:587} INFO - Filling up the DagBag from /opt/airflow/dags/flex_eau_pipeline.py
[2026-07-25T18:19:44.385+0000] {processor.py:925} INFO - DAG(s) 'flex_eau_pipeline' retrieved from /opt/airflow/dags/flex_eau_pipeline.py
[2026-07-25T18:19:44.432+0000] {logging_mixin.py:190} INFO - [2026-07-25T18:19:44.432+0000] {dag.py:3211} INFO - Sync 1 DAGs
[2026-07-25T18:19:44.462+0000] {logging_mixin.py:190} INFO - [2026-07-25T18:19:44.462+0000] {dag.py:4138} INFO - Setting next_dagrun for flex_eau_pipeline to 2026-07-25 00:00:00+00:00, run_after=2026-07-26 00:00:00+00:00
[2026-07-25T18:19:44.486+0000] {processor.py:208} INFO - Processing /opt/airflow/dags/flex_eau_pipeline.py took 0.143 seconds
[2026-07-25T18:20:14.789+0000] {processor.py:186} INFO - Started process (PID=3456) to work on /opt/airflow/dags/flex_eau_pipeline.py
[2026-07-25T18:20:14.790+0000] {processor.py:914} INFO - Processing file /opt/airflow/dags/flex_eau_pipeline.py for tasks to queue
[2026-07-25T18:20:14.792+0000] {logging_mixin.py:190} INFO - [2026-07-25T18:20:14.791+0000] {dagbag.py:587} INFO - Filling up the DagBag from /opt/airflow/dags/flex_eau_pipeline.py
[2026-07-25T18:20:14.820+0000] {processor.py:925} INFO - DAG(s) 'flex_eau_pipeline' retrieved from /opt/airflow/dags/flex_eau_pipeline.py
[2026-07-25T18:20:14.862+0000] {logging_mixin.py:190} INFO - [2026-07-25T18:20:14.861+0000] {dag.py:3211} INFO - Sync 1 DAGs
[2026-07-25T18:20:14.890+0000] {logging_mixin.py:190} INFO - [2026-07-25T18:20:14.889+0000] {dag.py:4138} INFO - Setting next_dagrun for flex_eau_pipeline to 2026-07-25 00:00:00+00:00, run_after=2026-07-26 00:00:00+00:00
[2026-07-25T18:20:14.914+0000] {processor.py:208} INFO - Processing /opt/airflow/dags/flex_eau_pipeline.py took 0.132 seconds
[2026-07-25T18:20:45.268+0000] {processor.py:186} INFO - Started process (PID=3461) to work on /opt/airflow/dags/flex_eau_pipeline.py
[2026-07-25T18:20:45.269+0000] {processor.py:914} INFO - Processing file /opt/airflow/dags/flex_eau_pipeline.py for tasks to queue
[2026-07-25T18:20:45.271+0000] {logging_mixin.py:190} INFO - [2026-07-25T18:20:45.271+0000] {dagbag.py:587} INFO - Filling up the DagBag from /opt/airflow/dags/flex_eau_pipeline.py
[2026-07-25T18:20:45.307+0000] {processor.py:925} INFO - DAG(s) 'flex_eau_pipeline' retrieved from /opt/airflow/dags/flex_eau_pipeline.py
[2026-07-25T18:20:45.350+0000] {logging_mixin.py:190} INFO - [2026-07-25T18:20:45.350+0000] {dag.py:3211} INFO - Sync 1 DAGs
[2026-07-25T18:20:45.389+0000] {logging_mixin.py:190} INFO - [2026-07-25T18:20:45.389+0000] {dag.py:4138} INFO - Setting next_dagrun for flex_eau_pipeline to 2026-07-25 00:00:00+00:00, run_after=2026-07-26 00:00:00+00:00
[2026-07-25T18:20:45.410+0000] {processor.py:208} INFO - Processing /opt/airflow/dags/flex_eau_pipeline.py took 0.149 seconds
[2026-07-25T18:21:15.680+0000] {processor.py:186} INFO - Started process (PID=3466) to work on /opt/airflow/dags/flex_eau_pipeline.py
[2026-07-25T18:21:15.682+0000] {processor.py:914} INFO - Processing file /opt/airflow/dags/flex_eau_pipeline.py for tasks to queue
[2026-07-25T18:21:15.684+0000] {logging_mixin.py:190} INFO - [2026-07-25T18:21:15.684+0000] {dagbag.py:587} INFO - Filling up the DagBag from /opt/airflow/dags/flex_eau_pipeline.py
[2026-07-25T18:21:15.717+0000] {processor.py:925} INFO - DAG(s) 'flex_eau_pipeline' retrieved from /opt/airflow/dags/flex_eau_pipeline.py
[2026-07-25T18:21:15.760+0000] {logging_mixin.py:190} INFO - [2026-07-25T18:21:15.760+0000] {dag.py:3211} INFO - Sync 1 DAGs
[2026-07-25T18:21:15.788+0000] {logging_mixin.py:190} INFO - [2026-07-25T18:21:15.788+0000] {dag.py:4138} INFO - Setting next_dagrun for flex_eau_pipeline to 2026-07-25 00:00:00+00:00, run_after=2026-07-26 00:00:00+00:00
[2026-07-25T18:21:15.813+0000] {processor.py:208} INFO - Processing /opt/airflow/dags/flex_eau_pipeline.py took 0.141 seconds
[2026-07-25T18:21:46.024+0000] {processor.py:186} INFO - Started process (PID=3471) to work on /opt/airflow/dags/flex_eau_pipeline.py
[2026-07-25T18:21:46.026+0000] {processor.py:914} INFO - Processing file /opt/airflow/dags/flex_eau_pipeline.py for tasks to queue
[2026-07-25T18:21:46.027+0000] {logging_mixin.py:190} INFO - [2026-07-25T18:21:46.027+0000] {dagbag.py:587} INFO - Filling up the DagBag from /opt/airflow/dags/flex_eau_pipeline.py
[2026-07-25T18:21:46.058+0000] {processor.py:925} INFO - DAG(s) 'flex_eau_pipeline' retrieved from /opt/airflow/dags/flex_eau_pipeline.py
[2026-07-25T18:21:46.102+0000] {logging_mixin.py:190} INFO - [2026-07-25T18:21:46.102+0000] {dag.py:3211} INFO - Sync 1 DAGs
[2026-07-25T18:21:46.129+0000] {logging_mixin.py:190} INFO - [2026-07-25T18:21:46.129+0000] {dag.py:4138} INFO - Setting next_dagrun for flex_eau_pipeline to 2026-07-25 00:00:00+00:00, run_after=2026-07-26 00:00:00+00:00
[2026-07-25T18:21:46.155+0000] {processor.py:208} INFO - Processing /opt/airflow/dags/flex_eau_pipeline.py took 0.139 seconds
[2026-07-25T18:22:16.447+0000] {processor.py:186} INFO - Started process (PID=3476) to work on /opt/airflow/dags/flex_eau_pipeline.py
[2026-07-25T18:22:16.448+0000] {processor.py:914} INFO - Processing file /opt/airflow/dags/flex_eau_pipeline.py for tasks to queue
[2026-07-25T18:22:16.450+0000] {logging_mixin.py:190} INFO - [2026-07-25T18:22:16.450+0000] {dagbag.py:587} INFO - Filling up the DagBag from /opt/airflow/dags/flex_eau_pipeline.py
[2026-07-25T18:22:16.480+0000] {processor.py:925} INFO - DAG(s) 'flex_eau_pipeline' retrieved from /opt/airflow/dags/flex_eau_pipeline.py
[2026-07-25T18:22:16.520+0000] {logging_mixin.py:190} INFO - [2026-07-25T18:22:16.519+0000] {dag.py:3211} INFO - Sync 1 DAGs
[2026-07-25T18:22:16.546+0000] {logging_mixin.py:190} INFO - [2026-07-25T18:22:16.546+0000] {dag.py:4138} INFO - Setting next_dagrun for flex_eau_pipeline to 2026-07-25 00:00:00+00:00, run_after=2026-07-26 00:00:00+00:00
[2026-07-25T18:22:16.570+0000] {processor.py:208} INFO - Processing /opt/airflow/dags/flex_eau_pipeline.py took 0.130 seconds
[2026-07-25T18:22:46.819+0000] {processor.py:186} INFO - Started process (PID=3481) to work on /opt/airflow/dags/flex_eau_pipeline.py
[2026-07-25T18:22:46.821+0000] {processor.py:914} INFO - Processing file /opt/airflow/dags/flex_eau_pipeline.py for tasks to queue
[2026-07-25T18:22:46.823+0000] {logging_mixin.py:190} INFO - [2026-07-25T18:22:46.823+0000] {dagbag.py:587} INFO - Filling up the DagBag from /opt/airflow/dags/flex_eau_pipeline.py
[2026-07-25T18:22:46.855+0000] {processor.py:925} INFO - DAG(s) 'flex_eau_pipeline' retrieved from /opt/airflow/dags/flex_eau_pipeline.py
[2026-07-25T18:22:46.899+0000] {logging_mixin.py:190} INFO - [2026-07-25T18:22:46.899+0000] {dag.py:3211} INFO - Sync 1 DAGs
[2026-07-25T18:22:46.927+0000] {logging_mixin.py:190} INFO - [2026-07-25T18:22:46.926+0000] {dag.py:4138} INFO - Setting next_dagrun for flex_eau_pipeline to 2026-07-25 00:00:00+00:00, run_after=2026-07-26 00:00:00+00:00
[2026-07-25T18:22:46.952+0000] {processor.py:208} INFO - Processing /opt/airflow/dags/flex_eau_pipeline.py took 0.141 seconds
[2026-07-25T18:23:17.308+0000] {processor.py:186} INFO - Started process (PID=3486) to work on /opt/airflow/dags/flex_eau_pipeline.py
[2026-07-25T18:23:17.309+0000] {processor.py:914} INFO - Processing file /opt/airflow/dags/flex_eau_pipeline.py for tasks to queue
[2026-07-25T18:23:17.311+0000] {logging_mixin.py:190} INFO - [2026-07-25T18:23:17.311+0000] {dagbag.py:587} INFO - Filling up the DagBag from /opt/airflow/dags/flex_eau_pipeline.py
[2026-07-25T18:23:17.341+0000] {processor.py:925} INFO - DAG(s) 'flex_eau_pipeline' retrieved from /opt/airflow/dags/flex_eau_pipeline.py
[2026-07-25T18:23:17.380+0000] {logging_mixin.py:190} INFO - [2026-07-25T18:23:17.380+0000] {dag.py:3211} INFO - Sync 1 DAGs
[2026-07-25T18:23:17.408+0000] {logging_mixin.py:190} INFO - [2026-07-25T18:23:17.407+0000] {dag.py:4138} INFO - Setting next_dagrun for flex_eau_pipeline to 2026-07-25 00:00:00+00:00, run_after=2026-07-26 00:00:00+00:00
[2026-07-25T18:23:17.432+0000] {processor.py:208} INFO - Processing /opt/airflow/dags/flex_eau_pipeline.py took 0.131 seconds
[2026-07-25T18:23:47.304+0000] {processor.py:186} INFO - Started process (PID=3491) to work on /opt/airflow/dags/flex_eau_pipeline.py
[2026-07-25T18:23:47.305+0000] {processor.py:914} INFO - Processing file /opt/airflow/dags/flex_eau_pipeline.py for tasks to queue
[2026-07-25T18:23:47.307+0000] {logging_mixin.py:190} INFO - [2026-07-25T18:23:47.306+0000] {dagbag.py:587} INFO - Filling up the DagBag from /opt/airflow/dags/flex_eau_pipeline.py
[2026-07-25T18:23:47.339+0000] {processor.py:925} INFO - DAG(s) 'flex_eau_pipeline' retrieved from /opt/airflow/dags/flex_eau_pipeline.py
[2026-07-25T18:23:46.779+0000] {logging_mixin.py:190} INFO - [2026-07-25T18:23:46.779+0000] {dag.py:3211} INFO - Sync 1 DAGs
[2026-07-25T18:23:46.809+0000] {logging_mixin.py:190} INFO - [2026-07-25T18:23:46.809+0000] {dag.py:4138} INFO - Setting next_dagrun for flex_eau_pipeline to 2026-07-25 00:00:00+00:00, run_after=2026-07-26 00:00:00+00:00
[2026-07-25T18:23:46.835+0000] {processor.py:208} INFO - Processing /opt/airflow/dags/flex_eau_pipeline.py took 0.151 seconds
[2026-07-25T18:24:17.151+0000] {processor.py:186} INFO - Started process (PID=3496) to work on /opt/airflow/dags/flex_eau_pipeline.py
[2026-07-25T18:24:17.153+0000] {processor.py:914} INFO - Processing file /opt/airflow/dags/flex_eau_pipeline.py for tasks to queue
[2026-07-25T18:24:17.154+0000] {logging_mixin.py:190} INFO - [2026-07-25T18:24:17.154+0000] {dagbag.py:587} INFO - Filling up the DagBag from /opt/airflow/dags/flex_eau_pipeline.py
[2026-07-25T18:24:17.188+0000] {processor.py:925} INFO - DAG(s) 'flex_eau_pipeline' retrieved from /opt/airflow/dags/flex_eau_pipeline.py
[2026-07-25T18:24:17.231+0000] {logging_mixin.py:190} INFO - [2026-07-25T18:24:17.231+0000] {dag.py:3211} INFO - Sync 1 DAGs
[2026-07-25T18:24:17.264+0000] {logging_mixin.py:190} INFO - [2026-07-25T18:24:17.264+0000] {dag.py:4138} INFO - Setting next_dagrun for flex_eau_pipeline to 2026-07-25 00:00:00+00:00, run_after=2026-07-26 00:00:00+00:00
[2026-07-25T18:24:17.291+0000] {processor.py:208} INFO - Processing /opt/airflow/dags/flex_eau_pipeline.py took 0.146 seconds
[2026-07-25T18:24:47.540+0000] {processor.py:186} INFO - Started process (PID=3501) to work on /opt/airflow/dags/flex_eau_pipeline.py
[2026-07-25T18:24:47.541+0000] {processor.py:914} INFO - Processing file /opt/airflow/dags/flex_eau_pipeline.py for tasks to queue
[2026-07-25T18:24:47.543+0000] {logging_mixin.py:190} INFO - [2026-07-25T18:24:47.543+0000] {dagbag.py:587} INFO - Filling up the DagBag from /opt/airflow/dags/flex_eau_pipeline.py
[2026-07-25T18:24:47.574+0000] {processor.py:925} INFO - DAG(s) 'flex_eau_pipeline' retrieved from /opt/airflow/dags/flex_eau_pipeline.py
[2026-07-25T18:24:47.614+0000] {logging_mixin.py:190} INFO - [2026-07-25T18:24:47.614+0000] {dag.py:3211} INFO - Sync 1 DAGs
[2026-07-25T18:24:47.643+0000] {logging_mixin.py:190} INFO - [2026-07-25T18:24:47.642+0000] {dag.py:4138} INFO - Setting next_dagrun for flex_eau_pipeline to 2026-07-25 00:00:00+00:00, run_after=2026-07-26 00:00:00+00:00
[2026-07-25T18:24:47.665+0000] {processor.py:208} INFO - Processing /opt/airflow/dags/flex_eau_pipeline.py took 0.138 seconds
[2026-07-25T18:25:18.095+0000] {processor.py:186} INFO - Started process (PID=3506) to work on /opt/airflow/dags/flex_eau_pipeline.py
[2026-07-25T18:25:18.097+0000] {processor.py:914} INFO - Processing file /opt/airflow/dags/flex_eau_pipeline.py for tasks to queue
[2026-07-25T18:25:18.098+0000] {logging_mixin.py:190} INFO - [2026-07-25T18:25:18.098+0000] {dagbag.py:587} INFO - Filling up the DagBag from /opt/airflow/dags/flex_eau_pipeline.py
[2026-07-25T18:25:18.129+0000] {processor.py:925} INFO - DAG(s) 'flex_eau_pipeline' retrieved from /opt/airflow/dags/flex_eau_pipeline.py
[2026-07-25T18:25:18.167+0000] {logging_mixin.py:190} INFO - [2026-07-25T18:25:18.167+0000] {dag.py:3211} INFO - Sync 1 DAGs
[2026-07-25T18:25:18.195+0000] {logging_mixin.py:190} INFO - [2026-07-25T18:25:18.195+0000] {dag.py:4138} INFO - Setting next_dagrun for flex_eau_pipeline to 2026-07-25 00:00:00+00:00, run_after=2026-07-26 00:00:00+00:00
[2026-07-25T18:25:18.220+0000] {processor.py:208} INFO - Processing /opt/airflow/dags/flex_eau_pipeline.py took 0.132 seconds
[2026-07-25T18:25:48.514+0000] {processor.py:186} INFO - Started process (PID=3511) to work on /opt/airflow/dags/flex_eau_pipeline.py
[2026-07-25T18:25:48.515+0000] {processor.py:914} INFO - Processing file /opt/airflow/dags/flex_eau_pipeline.py for tasks to queue
[2026-07-25T18:25:48.517+0000] {logging_mixin.py:190} INFO - [2026-07-25T18:25:48.517+0000] {dagbag.py:587} INFO - Filling up the DagBag from /opt/airflow/dags/flex_eau_pipeline.py
[2026-07-25T18:25:48.551+0000] {processor.py:925} INFO - DAG(s) 'flex_eau_pipeline' retrieved from /opt/airflow/dags/flex_eau_pipeline.py
[2026-07-25T18:25:48.595+0000] {logging_mixin.py:190} INFO - [2026-07-25T18:25:48.594+0000] {dag.py:3211} INFO - Sync 1 DAGs
[2026-07-25T18:25:48.624+0000] {logging_mixin.py:190} INFO - [2026-07-25T18:25:48.624+0000] {dag.py:4138} INFO - Setting next_dagrun for flex_eau_pipeline to 2026-07-25 00:00:00+00:00, run_after=2026-07-26 00:00:00+00:00
[2026-07-25T18:25:48.648+0000] {processor.py:208} INFO - Processing /opt/airflow/dags/flex_eau_pipeline.py took 0.144 seconds
[2026-07-25T18:26:18.963+0000] {processor.py:186} INFO - Started process (PID=3516) to work on /opt/airflow/dags/flex_eau_pipeline.py
[2026-07-25T18:26:18.965+0000] {processor.py:914} INFO - Processing file /opt/airflow/dags/flex_eau_pipeline.py for tasks to queue
[2026-07-25T18:26:18.967+0000] {logging_mixin.py:190} INFO - [2026-07-25T18:26:18.967+0000] {dagbag.py:587} INFO - Filling up the DagBag from /opt/airflow/dags/flex_eau_pipeline.py
[2026-07-25T18:26:19.000+0000] {processor.py:925} INFO - DAG(s) 'flex_eau_pipeline' retrieved from /opt/airflow/dags/flex_eau_pipeline.py
[2026-07-25T18:26:19.042+0000] {logging_mixin.py:190} INFO - [2026-07-25T18:26:19.042+0000] {dag.py:3211} INFO - Sync 1 DAGs
[2026-07-25T18:26:19.070+0000] {logging_mixin.py:190} INFO - [2026-07-25T18:26:19.069+0000] {dag.py:4138} INFO - Setting next_dagrun for flex_eau_pipeline to 2026-07-25 00:00:00+00:00, run_after=2026-07-26 00:00:00+00:00
[2026-07-25T18:26:19.094+0000] {processor.py:208} INFO - Processing /opt/airflow/dags/flex_eau_pipeline.py took 0.139 seconds
[2026-07-25T18:26:49.302+0000] {processor.py:186} INFO - Started process (PID=3521) to work on /opt/airflow/dags/flex_eau_pipeline.py
[2026-07-25T18:26:49.304+0000] {processor.py:914} INFO - Processing file /opt/airflow/dags/flex_eau_pipeline.py for tasks to queue
[2026-07-25T18:26:49.305+0000] {logging_mixin.py:190} INFO - [2026-07-25T18:26:49.305+0000] {dagbag.py:587} INFO - Filling up the DagBag from /opt/airflow/dags/flex_eau_pipeline.py
[2026-07-25T18:26:49.335+0000] {processor.py:925} INFO - DAG(s) 'flex_eau_pipeline' retrieved from /opt/airflow/dags/flex_eau_pipeline.py
[2026-07-25T18:26:49.376+0000] {logging_mixin.py:190} INFO - [2026-07-25T18:26:49.375+0000] {dag.py:3211} INFO - Sync 1 DAGs
[2026-07-25T18:26:49.403+0000] {logging_mixin.py:190} INFO - [2026-07-25T18:26:49.403+0000] {dag.py:4138} INFO - Setting next_dagrun for flex_eau_pipeline to 2026-07-25 00:00:00+00:00, run_after=2026-07-26 00:00:00+00:00
[2026-07-25T18:26:49.426+0000] {processor.py:208} INFO - Processing /opt/airflow/dags/flex_eau_pipeline.py took 0.133 seconds
[2026-07-25T18:27:19.713+0000] {processor.py:186} INFO - Started process (PID=3526) to work on /opt/airflow/dags/flex_eau_pipeline.py
[2026-07-25T18:27:19.714+0000] {processor.py:914} INFO - Processing file /opt/airflow/dags/flex_eau_pipeline.py for tasks to queue
[2026-07-25T18:27:19.716+0000] {logging_mixin.py:190} INFO - [2026-07-25T18:27:19.715+0000] {dagbag.py:587} INFO - Filling up the DagBag from /opt/airflow/dags/flex_eau_pipeline.py
[2026-07-25T18:27:19.746+0000] {processor.py:925} INFO - DAG(s) 'flex_eau_pipeline' retrieved from /opt/airflow/dags/flex_eau_pipeline.py
[2026-07-25T18:27:19.786+0000] {logging_mixin.py:190} INFO - [2026-07-25T18:27:19.786+0000] {dag.py:3211} INFO - Sync 1 DAGs
[2026-07-25T18:27:19.813+0000] {logging_mixin.py:190} INFO - [2026-07-25T18:27:19.813+0000] {dag.py:4138} INFO - Setting next_dagrun for flex_eau_pipeline to 2026-07-25 00:00:00+00:00, run_after=2026-07-26 00:00:00+00:00
[2026-07-25T18:27:19.839+0000] {processor.py:208} INFO - Processing /opt/airflow/dags/flex_eau_pipeline.py took 0.134 seconds
[2026-07-25T18:27:50.120+0000] {processor.py:186} INFO - Started process (PID=3531) to work on /opt/airflow/dags/flex_eau_pipeline.py
[2026-07-25T18:27:50.122+0000] {processor.py:914} INFO - Processing file /opt/airflow/dags/flex_eau_pipeline.py for tasks to queue
[2026-07-25T18:27:50.124+0000] {logging_mixin.py:190} INFO - [2026-07-25T18:27:50.123+0000] {dagbag.py:587} INFO - Filling up the DagBag from /opt/airflow/dags/flex_eau_pipeline.py
[2026-07-25T18:27:50.159+0000] {processor.py:925} INFO - DAG(s) 'flex_eau_pipeline' retrieved from /opt/airflow/dags/flex_eau_pipeline.py
[2026-07-25T18:27:50.204+0000] {logging_mixin.py:190} INFO - [2026-07-25T18:27:50.203+0000] {dag.py:3211} INFO - Sync 1 DAGs
[2026-07-25T18:27:50.234+0000] {logging_mixin.py:190} INFO - [2026-07-25T18:27:50.234+0000] {dag.py:4138} INFO - Setting next_dagrun for flex_eau_pipeline to 2026-07-25 00:00:00+00:00, run_after=2026-07-26 00:00:00+00:00
[2026-07-25T18:27:50.260+0000] {processor.py:208} INFO - Processing /opt/airflow/dags/flex_eau_pipeline.py took 0.150 seconds
[2026-07-25T18:28:20.551+0000] {processor.py:186} INFO - Started process (PID=3536) to work on /opt/airflow/dags/flex_eau_pipeline.py
[2026-07-25T18:28:20.553+0000] {processor.py:914} INFO - Processing file /opt/airflow/dags/flex_eau_pipeline.py for tasks to queue
[2026-07-25T18:28:20.555+0000] {logging_mixin.py:190} INFO - [2026-07-25T18:28:20.554+0000] {dagbag.py:587} INFO - Filling up the DagBag from /opt/airflow/dags/flex_eau_pipeline.py
[2026-07-25T18:28:20.586+0000] {processor.py:925} INFO - DAG(s) 'flex_eau_pipeline' retrieved from /opt/airflow/dags/flex_eau_pipeline.py
[2026-07-25T18:28:20.627+0000] {logging_mixin.py:190} INFO - [2026-07-25T18:28:20.626+0000] {dag.py:3211} INFO - Sync 1 DAGs
[2026-07-25T18:28:20.656+0000] {logging_mixin.py:190} INFO - [2026-07-25T18:28:20.656+0000] {dag.py:4138} INFO - Setting next_dagrun for flex_eau_pipeline to 2026-07-25 00:00:00+00:00, run_after=2026-07-26 00:00:00+00:00
[2026-07-25T18:28:20.679+0000] {processor.py:208} INFO - Processing /opt/airflow/dags/flex_eau_pipeline.py took 0.138 seconds
[2026-07-25T18:28:51.117+0000] {processor.py:186} INFO - Started process (PID=3541) to work on /opt/airflow/dags/flex_eau_pipeline.py
[2026-07-25T18:28:51.119+0000] {processor.py:914} INFO - Processing file /opt/airflow/dags/flex_eau_pipeline.py for tasks to queue
[2026-07-25T18:28:51.121+0000] {logging_mixin.py:190} INFO - [2026-07-25T18:28:51.120+0000] {dagbag.py:587} INFO - Filling up the DagBag from /opt/airflow/dags/flex_eau_pipeline.py
[2026-07-25T18:28:51.152+0000] {processor.py:925} INFO - DAG(s) 'flex_eau_pipeline' retrieved from /opt/airflow/dags/flex_eau_pipeline.py
[2026-07-25T18:28:51.190+0000] {logging_mixin.py:190} INFO - [2026-07-25T18:28:51.190+0000] {dag.py:3211} INFO - Sync 1 DAGs
[2026-07-25T18:28:51.217+0000] {logging_mixin.py:190} INFO - [2026-07-25T18:28:51.216+0000] {dag.py:4138} INFO - Setting next_dagrun for flex_eau_pipeline to 2026-07-25 00:00:00+00:00, run_after=2026-07-26 00:00:00+00:00
[2026-07-25T18:28:51.240+0000] {processor.py:208} INFO - Processing /opt/airflow/dags/flex_eau_pipeline.py took 0.130 seconds
[2026-07-25T18:29:21.556+0000] {processor.py:186} INFO - Started process (PID=3546) to work on /opt/airflow/dags/flex_eau_pipeline.py
[2026-07-25T18:29:21.558+0000] {processor.py:914} INFO - Processing file /opt/airflow/dags/flex_eau_pipeline.py for tasks to queue
[2026-07-25T18:29:21.560+0000] {logging_mixin.py:190} INFO - [2026-07-25T18:29:21.559+0000] {dagbag.py:587} INFO - Filling up the DagBag from /opt/airflow/dags/flex_eau_pipeline.py
[2026-07-25T18:29:21.594+0000] {processor.py:925} INFO - DAG(s) 'flex_eau_pipeline' retrieved from /opt/airflow/dags/flex_eau_pipeline.py
[2026-07-25T18:29:21.633+0000] {logging_mixin.py:190} INFO - [2026-07-25T18:29:21.633+0000] {dag.py:3211} INFO - Sync 1 DAGs
[2026-07-25T18:29:21.658+0000] {logging_mixin.py:190} INFO - [2026-07-25T18:29:21.658+0000] {dag.py:4138} INFO - Setting next_dagrun for flex_eau_pipeline to 2026-07-25 00:00:00+00:00, run_after=2026-07-26 00:00:00+00:00
[2026-07-25T18:29:21.683+0000] {processor.py:208} INFO - Processing /opt/airflow/dags/flex_eau_pipeline.py took 0.135 seconds
[2026-07-25T18:29:52.003+0000] {processor.py:186} INFO - Started process (PID=3551) to work on /opt/airflow/dags/flex_eau_pipeline.py
[2026-07-25T18:29:52.004+0000] {processor.py:914} INFO - Processing file /opt/airflow/dags/flex_eau_pipeline.py for tasks to queue
[2026-07-25T18:29:52.005+0000] {logging_mixin.py:190} INFO - [2026-07-25T18:29:52.005+0000] {dagbag.py:587} INFO - Filling up the DagBag from /opt/airflow/dags/flex_eau_pipeline.py
[2026-07-25T18:29:52.034+0000] {processor.py:925} INFO - DAG(s) 'flex_eau_pipeline' retrieved from /opt/airflow/dags/flex_eau_pipeline.py
[2026-07-25T18:29:52.072+0000] {logging_mixin.py:190} INFO - [2026-07-25T18:29:52.072+0000] {dag.py:3211} INFO - Sync 1 DAGs
[2026-07-25T18:29:52.098+0000] {logging_mixin.py:190} INFO - [2026-07-25T18:29:52.098+0000] {dag.py:4138} INFO - Setting next_dagrun for flex_eau_pipeline to 2026-07-25 00:00:00+00:00, run_after=2026-07-26 00:00:00+00:00
[2026-07-25T18:29:52.122+0000] {processor.py:208} INFO - Processing /opt/airflow/dags/flex_eau_pipeline.py took 0.127 seconds
[2026-07-25T18:30:22.418+0000] {processor.py:186} INFO - Started process (PID=3556) to work on /opt/airflow/dags/flex_eau_pipeline.py
[2026-07-25T18:30:22.420+0000] {processor.py:914} INFO - Processing file /opt/airflow/dags/flex_eau_pipeline.py for tasks to queue
[2026-07-25T18:30:22.421+0000] {logging_mixin.py:190} INFO - [2026-07-25T18:30:22.421+0000] {dagbag.py:587} INFO - Filling up the DagBag from /opt/airflow/dags/flex_eau_pipeline.py
[2026-07-25T18:30:22.453+0000] {processor.py:925} INFO - DAG(s) 'flex_eau_pipeline' retrieved from /opt/airflow/dags/flex_eau_pipeline.py
[2026-07-25T18:30:22.494+0000] {logging_mixin.py:190} INFO - [2026-07-25T18:30:22.494+0000] {dag.py:3211} INFO - Sync 1 DAGs
[2026-07-25T18:30:22.520+0000] {logging_mixin.py:190} INFO - [2026-07-25T18:30:22.520+0000] {dag.py:4138} INFO - Setting next_dagrun for flex_eau_pipeline to 2026-07-25 00:00:00+00:00, run_after=2026-07-26 00:00:00+00:00
[2026-07-25T18:30:22.544+0000] {processor.py:208} INFO - Processing /opt/airflow/dags/flex_eau_pipeline.py took 0.135 seconds
[2026-07-25T18:30:52.867+0000] {processor.py:186} INFO - Started process (PID=3561) to work on /opt/airflow/dags/flex_eau_pipeline.py
[2026-07-25T18:30:52.868+0000] {processor.py:914} INFO - Processing file /opt/airflow/dags/flex_eau_pipeline.py for tasks to queue
[2026-07-25T18:30:52.870+0000] {logging_mixin.py:190} INFO - [2026-07-25T18:30:52.869+0000] {dagbag.py:587} INFO - Filling up the DagBag from /opt/airflow/dags/flex_eau_pipeline.py
[2026-07-25T18:30:52.899+0000] {processor.py:925} INFO - DAG(s) 'flex_eau_pipeline' retrieved from /opt/airflow/dags/flex_eau_pipeline.py
[2026-07-25T18:30:52.937+0000] {logging_mixin.py:190} INFO - [2026-07-25T18:30:52.937+0000] {dag.py:3211} INFO - Sync 1 DAGs
[2026-07-25T18:30:52.964+0000] {logging_mixin.py:190} INFO - [2026-07-25T18:30:52.963+0000] {dag.py:4138} INFO - Setting next_dagrun for flex_eau_pipeline to 2026-07-25 00:00:00+00:00, run_after=2026-07-26 00:00:00+00:00
[2026-07-25T18:30:52.988+0000] {processor.py:208} INFO - Processing /opt/airflow/dags/flex_eau_pipeline.py took 0.128 seconds
[2026-07-25T18:31:23.241+0000] {processor.py:186} INFO - Started process (PID=3566) to work on /opt/airflow/dags/flex_eau_pipeline.py
[2026-07-25T18:31:23.243+0000] {processor.py:914} INFO - Processing file /opt/airflow/dags/flex_eau_pipeline.py for tasks to queue
[2026-07-25T18:31:23.244+0000] {logging_mixin.py:190} INFO - [2026-07-25T18:31:23.244+0000] {dagbag.py:587} INFO - Filling up the DagBag from /opt/airflow/dags/flex_eau_pipeline.py
[2026-07-25T18:31:23.277+0000] {processor.py:925} INFO - DAG(s) 'flex_eau_pipeline' retrieved from /opt/airflow/dags/flex_eau_pipeline.py
[2026-07-25T18:31:23.320+0000] {logging_mixin.py:190} INFO - [2026-07-25T18:31:23.320+0000] {dag.py:3211} INFO - Sync 1 DAGs
[2026-07-25T18:31:23.347+0000] {logging_mixin.py:190} INFO - [2026-07-25T18:31:23.346+0000] {dag.py:4138} INFO - Setting next_dagrun for flex_eau_pipeline to 2026-07-25 00:00:00+00:00, run_after=2026-07-26 00:00:00+00:00
[2026-07-25T18:31:23.371+0000] {processor.py:208} INFO - Processing /opt/airflow/dags/flex_eau_pipeline.py took 0.137 seconds
[2026-07-25T18:31:53.681+0000] {processor.py:186} INFO - Started process (PID=3571) to work on /opt/airflow/dags/flex_eau_pipeline.py
[2026-07-25T18:31:53.683+0000] {processor.py:914} INFO - Processing file /opt/airflow/dags/flex_eau_pipeline.py for tasks to queue
[2026-07-25T18:31:53.686+0000] {logging_mixin.py:190} INFO - [2026-07-25T18:31:53.685+0000] {dagbag.py:587} INFO - Filling up the DagBag from /opt/airflow/dags/flex_eau_pipeline.py
[2026-07-25T18:31:53.723+0000] {processor.py:925} INFO - DAG(s) 'flex_eau_pipeline' retrieved from /opt/airflow/dags/flex_eau_pipeline.py
[2026-07-25T18:31:53.776+0000] {logging_mixin.py:190} INFO - [2026-07-25T18:31:53.776+0000] {dag.py:3211} INFO - Sync 1 DAGs
[2026-07-25T18:31:53.804+0000] {logging_mixin.py:190} INFO - [2026-07-25T18:31:53.803+0000] {dag.py:4138} INFO - Setting next_dagrun for flex_eau_pipeline to 2026-07-25 00:00:00+00:00, run_after=2026-07-26 00:00:00+00:00
[2026-07-25T18:31:53.839+0000] {processor.py:208} INFO - Processing /opt/airflow/dags/flex_eau_pipeline.py took 0.166 seconds
[2026-07-25T18:32:24.093+0000] {processor.py:186} INFO - Started process (PID=3576) to work on /opt/airflow/dags/flex_eau_pipeline.py
[2026-07-25T18:32:24.094+0000] {processor.py:914} INFO - Processing file /opt/airflow/dags/flex_eau_pipeline.py for tasks to queue
[2026-07-25T18:32:24.096+0000] {logging_mixin.py:190} INFO - [2026-07-25T18:32:24.096+0000] {dagbag.py:587} INFO - Filling up the DagBag from /opt/airflow/dags/flex_eau_pipeline.py
[2026-07-25T18:32:24.126+0000] {processor.py:925} INFO - DAG(s) 'flex_eau_pipeline' retrieved from /opt/airflow/dags/flex_eau_pipeline.py
[2026-07-25T18:32:24.173+0000] {logging_mixin.py:190} INFO - [2026-07-25T18:32:24.173+0000] {dag.py:3211} INFO - Sync 1 DAGs
[2026-07-25T18:32:24.202+0000] {logging_mixin.py:190} INFO - [2026-07-25T18:32:24.201+0000] {dag.py:4138} INFO - Setting next_dagrun for flex_eau_pipeline to 2026-07-25 00:00:00+00:00, run_after=2026-07-26 00:00:00+00:00
[2026-07-25T18:32:24.224+0000] {processor.py:208} INFO - Processing /opt/airflow/dags/flex_eau_pipeline.py took 0.139 seconds
[2026-07-25T18:32:54.490+0000] {processor.py:186} INFO - Started process (PID=3581) to work on /opt/airflow/dags/flex_eau_pipeline.py
[2026-07-25T18:32:54.491+0000] {processor.py:914} INFO - Processing file /opt/airflow/dags/flex_eau_pipeline.py for tasks to queue
[2026-07-25T18:32:54.494+0000] {logging_mixin.py:190} INFO - [2026-07-25T18:32:54.493+0000] {dagbag.py:587} INFO - Filling up the DagBag from /opt/airflow/dags/flex_eau_pipeline.py
[2026-07-25T18:32:54.530+0000] {processor.py:925} INFO - DAG(s) 'flex_eau_pipeline' retrieved from /opt/airflow/dags/flex_eau_pipeline.py
[2026-07-25T18:32:54.572+0000] {logging_mixin.py:190} INFO - [2026-07-25T18:32:54.572+0000] {dag.py:3211} INFO - Sync 1 DAGs
[2026-07-25T18:32:54.605+0000] {logging_mixin.py:190} INFO - [2026-07-25T18:32:54.605+0000] {dag.py:4138} INFO - Setting next_dagrun for flex_eau_pipeline to 2026-07-25 00:00:00+00:00, run_after=2026-07-26 00:00:00+00:00
[2026-07-25T18:32:54.631+0000] {processor.py:208} INFO - Processing /opt/airflow/dags/flex_eau_pipeline.py took 0.149 seconds
[2026-07-25T18:33:24.859+0000] {processor.py:186} INFO - Started process (PID=3586) to work on /opt/airflow/dags/flex_eau_pipeline.py
[2026-07-25T18:33:24.861+0000] {processor.py:914} INFO - Processing file /opt/airflow/dags/flex_eau_pipeline.py for tasks to queue
[2026-07-25T18:33:24.863+0000] {logging_mixin.py:190} INFO - [2026-07-25T18:33:24.862+0000] {dagbag.py:587} INFO - Filling up the DagBag from /opt/airflow/dags/flex_eau_pipeline.py
[2026-07-25T18:33:24.890+0000] {processor.py:925} INFO - DAG(s) 'flex_eau_pipeline' retrieved from /opt/airflow/dags/flex_eau_pipeline.py
[2026-07-25T18:33:24.931+0000] {logging_mixin.py:190} INFO - [2026-07-25T18:33:24.931+0000] {dag.py:3211} INFO - Sync 1 DAGs
[2026-07-25T18:33:24.963+0000] {logging_mixin.py:190} INFO - [2026-07-25T18:33:24.963+0000] {dag.py:4138} INFO - Setting next_dagrun for flex_eau_pipeline to 2026-07-25 00:00:00+00:00, run_after=2026-07-26 00:00:00+00:00
[2026-07-25T18:33:26.089+0000] {processor.py:208} INFO - Processing /opt/airflow/dags/flex_eau_pipeline.py took 1.239 seconds
[2026-07-25T18:33:56.402+0000] {processor.py:186} INFO - Started process (PID=3591) to work on /opt/airflow/dags/flex_eau_pipeline.py
[2026-07-25T18:33:56.404+0000] {processor.py:914} INFO - Processing file /opt/airflow/dags/flex_eau_pipeline.py for tasks to queue
[2026-07-25T18:33:56.406+0000] {logging_mixin.py:190} INFO - [2026-07-25T18:33:56.405+0000] {dagbag.py:587} INFO - Filling up the DagBag from /opt/airflow/dags/flex_eau_pipeline.py
[2026-07-25T18:33:56.439+0000] {processor.py:925} INFO - DAG(s) 'flex_eau_pipeline' retrieved from /opt/airflow/dags/flex_eau_pipeline.py
[2026-07-25T18:33:56.479+0000] {logging_mixin.py:190} INFO - [2026-07-25T18:33:56.479+0000] {dag.py:3211} INFO - Sync 1 DAGs
[2026-07-25T18:33:56.506+0000] {logging_mixin.py:190} INFO - [2026-07-25T18:33:56.506+0000] {dag.py:4138} INFO - Setting next_dagrun for flex_eau_pipeline to 2026-07-25 00:00:00+00:00, run_after=2026-07-26 00:00:00+00:00
[2026-07-25T18:33:56.530+0000] {processor.py:208} INFO - Processing /opt/airflow/dags/flex_eau_pipeline.py took 0.134 seconds
[2026-07-25T18:34:26.750+0000] {processor.py:186} INFO - Started process (PID=3596) to work on /opt/airflow/dags/flex_eau_pipeline.py
[2026-07-25T18:34:26.751+0000] {processor.py:914} INFO - Processing file /opt/airflow/dags/flex_eau_pipeline.py for tasks to queue
[2026-07-25T18:34:26.753+0000] {logging_mixin.py:190} INFO - [2026-07-25T18:34:26.753+0000] {dagbag.py:587} INFO - Filling up the DagBag from /opt/airflow/dags/flex_eau_pipeline.py
[2026-07-25T18:34:26.781+0000] {processor.py:925} INFO - DAG(s) 'flex_eau_pipeline' retrieved from /opt/airflow/dags/flex_eau_pipeline.py
[2026-07-25T18:34:26.822+0000] {logging_mixin.py:190} INFO - [2026-07-25T18:34:26.822+0000] {dag.py:3211} INFO - Sync 1 DAGs
[2026-07-25T18:34:26.849+0000] {logging_mixin.py:190} INFO - [2026-07-25T18:34:26.848+0000] {dag.py:4138} INFO - Setting next_dagrun for flex_eau_pipeline to 2026-07-25 00:00:00+00:00, run_after=2026-07-26 00:00:00+00:00
[2026-07-25T18:34:26.873+0000] {processor.py:208} INFO - Processing /opt/airflow/dags/flex_eau_pipeline.py took 0.130 seconds
[2026-07-25T18:34:57.153+0000] {processor.py:186} INFO - Started process (PID=3601) to work on /opt/airflow/dags/flex_eau_pipeline.py
[2026-07-25T18:34:57.155+0000] {processor.py:914} INFO - Processing file /opt/airflow/dags/flex_eau_pipeline.py for tasks to queue
[2026-07-25T18:34:57.156+0000] {logging_mixin.py:190} INFO - [2026-07-25T18:34:57.156+0000] {dagbag.py:587} INFO - Filling up the DagBag from /opt/airflow/dags/flex_eau_pipeline.py
[2026-07-25T18:34:57.188+0000] {processor.py:925} INFO - DAG(s) 'flex_eau_pipeline' retrieved from /opt/airflow/dags/flex_eau_pipeline.py
[2026-07-25T18:34:57.228+0000] {logging_mixin.py:190} INFO - [2026-07-25T18:34:57.228+0000] {dag.py:3211} INFO - Sync 1 DAGs
[2026-07-25T18:34:57.254+0000] {logging_mixin.py:190} INFO - [2026-07-25T18:34:57.254+0000] {dag.py:4138} INFO - Setting next_dagrun for flex_eau_pipeline to 2026-07-25 00:00:00+00:00, run_after=2026-07-26 00:00:00+00:00
[2026-07-25T18:34:57.278+0000] {processor.py:208} INFO - Processing /opt/airflow/dags/flex_eau_pipeline.py took 0.132 seconds
[2026-07-25T18:35:27.548+0000] {processor.py:186} INFO - Started process (PID=3606) to work on /opt/airflow/dags/flex_eau_pipeline.py
[2026-07-25T18:35:27.550+0000] {processor.py:914} INFO - Processing file /opt/airflow/dags/flex_eau_pipeline.py for tasks to queue
[2026-07-25T18:35:27.551+0000] {logging_mixin.py:190} INFO - [2026-07-25T18:35:27.551+0000] {dagbag.py:587} INFO - Filling up the DagBag from /opt/airflow/dags/flex_eau_pipeline.py
[2026-07-25T18:35:27.583+0000] {processor.py:925} INFO - DAG(s) 'flex_eau_pipeline' retrieved from /opt/airflow/dags/flex_eau_pipeline.py
[2026-07-25T18:35:27.635+0000] {logging_mixin.py:190} INFO - [2026-07-25T18:35:27.635+0000] {dag.py:3211} INFO - Sync 1 DAGs
[2026-07-25T18:35:27.666+0000] {logging_mixin.py:190} INFO - [2026-07-25T18:35:27.666+0000] {dag.py:4138} INFO - Setting next_dagrun for flex_eau_pipeline to 2026-07-25 00:00:00+00:00, run_after=2026-07-26 00:00:00+00:00
[2026-07-25T18:35:27.692+0000] {processor.py:208} INFO - Processing /opt/airflow/dags/flex_eau_pipeline.py took 0.154 seconds
[2026-07-25T18:35:58.188+0000] {processor.py:186} INFO - Started process (PID=3611) to work on /opt/airflow/dags/flex_eau_pipeline.py
[2026-07-25T18:35:58.190+0000] {processor.py:914} INFO - Processing file /opt/airflow/dags/flex_eau_pipeline.py for tasks to queue
[2026-07-25T18:35:58.191+0000] {logging_mixin.py:190} INFO - [2026-07-25T18:35:58.191+0000] {dagbag.py:587} INFO - Filling up the DagBag from /opt/airflow/dags/flex_eau_pipeline.py
[2026-07-25T18:35:58.225+0000] {processor.py:925} INFO - DAG(s) 'flex_eau_pipeline' retrieved from /opt/airflow/dags/flex_eau_pipeline.py
[2026-07-25T18:35:58.274+0000] {logging_mixin.py:190} INFO - [2026-07-25T18:35:58.274+0000] {dag.py:3211} INFO - Sync 1 DAGs
[2026-07-25T18:35:58.305+0000] {logging_mixin.py:190} INFO - [2026-07-25T18:35:58.304+0000] {dag.py:4138} INFO - Setting next_dagrun for flex_eau_pipeline to 2026-07-25 00:00:00+00:00, run_after=2026-07-26 00:00:00+00:00
[2026-07-25T18:35:58.571+0000] {processor.py:208} INFO - Processing /opt/airflow/dags/flex_eau_pipeline.py took 0.396 seconds
[2026-07-25T18:36:29.097+0000] {processor.py:186} INFO - Started process (PID=3616) to work on /opt/airflow/dags/flex_eau_pipeline.py
[2026-07-25T18:36:29.099+0000] {processor.py:914} INFO - Processing file /opt/airflow/dags/flex_eau_pipeline.py for tasks to queue
[2026-07-25T18:36:29.100+0000] {logging_mixin.py:190} INFO - [2026-07-25T18:36:29.100+0000] {dagbag.py:587} INFO - Filling up the DagBag from /opt/airflow/dags/flex_eau_pipeline.py
[2026-07-25T18:36:29.134+0000] {processor.py:925} INFO - DAG(s) 'flex_eau_pipeline' retrieved from /opt/airflow/dags/flex_eau_pipeline.py
[2026-07-25T18:36:29.176+0000] {logging_mixin.py:190} INFO - [2026-07-25T18:36:29.176+0000] {dag.py:3211} INFO - Sync 1 DAGs
[2026-07-25T18:36:29.203+0000] {logging_mixin.py:190} INFO - [2026-07-25T18:36:29.203+0000] {dag.py:4138} INFO - Setting next_dagrun for flex_eau_pipeline to 2026-07-25 00:00:00+00:00, run_after=2026-07-26 00:00:00+00:00
[2026-07-25T18:36:29.228+0000] {processor.py:208} INFO - Processing /opt/airflow/dags/flex_eau_pipeline.py took 0.146 seconds
[2026-07-25T18:36:59.509+0000] {processor.py:186} INFO - Started process (PID=3621) to work on /opt/airflow/dags/flex_eau_pipeline.py
[2026-07-25T18:36:59.511+0000] {processor.py:914} INFO - Processing file /opt/airflow/dags/flex_eau_pipeline.py for tasks to queue
[2026-07-25T18:36:59.513+0000] {logging_mixin.py:190} INFO - [2026-07-25T18:36:59.512+0000] {dagbag.py:587} INFO - Filling up the DagBag from /opt/airflow/dags/flex_eau_pipeline.py
[2026-07-25T18:36:59.551+0000] {processor.py:925} INFO - DAG(s) 'flex_eau_pipeline' retrieved from /opt/airflow/dags/flex_eau_pipeline.py
[2026-07-25T18:36:59.596+0000] {logging_mixin.py:190} INFO - [2026-07-25T18:36:59.595+0000] {dag.py:3211} INFO - Sync 1 DAGs
[2026-07-25T18:36:59.624+0000] {logging_mixin.py:190} INFO - [2026-07-25T18:36:59.624+0000] {dag.py:4138} INFO - Setting next_dagrun for flex_eau_pipeline to 2026-07-25 00:00:00+00:00, run_after=2026-07-26 00:00:00+00:00
[2026-07-25T18:36:59.649+0000] {processor.py:208} INFO - Processing /opt/airflow/dags/flex_eau_pipeline.py took 0.153 seconds
[2026-07-25T18:37:30.175+0000] {processor.py:186} INFO - Started process (PID=3626) to work on /opt/airflow/dags/flex_eau_pipeline.py
[2026-07-25T18:37:30.177+0000] {processor.py:914} INFO - Processing file /opt/airflow/dags/flex_eau_pipeline.py for tasks to queue
[2026-07-25T18:37:30.179+0000] {logging_mixin.py:190} INFO - [2026-07-25T18:37:30.178+0000] {dagbag.py:587} INFO - Filling up the DagBag from /opt/airflow/dags/flex_eau_pipeline.py
[2026-07-25T18:37:30.217+0000] {processor.py:925} INFO - DAG(s) 'flex_eau_pipeline' retrieved from /opt/airflow/dags/flex_eau_pipeline.py
[2026-07-25T18:37:30.257+0000] {logging_mixin.py:190} INFO - [2026-07-25T18:37:30.257+0000] {dag.py:3211} INFO - Sync 1 DAGs
[2026-07-25T18:37:30.283+0000] {logging_mixin.py:190} INFO - [2026-07-25T18:37:30.283+0000] {dag.py:4138} INFO - Setting next_dagrun for flex_eau_pipeline to 2026-07-25 00:00:00+00:00, run_after=2026-07-26 00:00:00+00:00
[2026-07-25T18:37:30.309+0000] {processor.py:208} INFO - Processing /opt/airflow/dags/flex_eau_pipeline.py took 0.139 seconds
[2026-07-25T18:38:00.510+0000] {processor.py:186} INFO - Started process (PID=3631) to work on /opt/airflow/dags/flex_eau_pipeline.py
[2026-07-25T18:38:00.512+0000] {processor.py:914} INFO - Processing file /opt/airflow/dags/flex_eau_pipeline.py for tasks to queue
[2026-07-25T18:38:00.513+0000] {logging_mixin.py:190} INFO - [2026-07-25T18:38:00.513+0000] {dagbag.py:587} INFO - Filling up the DagBag from /opt/airflow/dags/flex_eau_pipeline.py
[2026-07-25T18:38:00.541+0000] {processor.py:925} INFO - DAG(s) 'flex_eau_pipeline' retrieved from /opt/airflow/dags/flex_eau_pipeline.py
[2026-07-25T18:38:00.588+0000] {logging_mixin.py:190} INFO - [2026-07-25T18:38:00.587+0000] {dag.py:3211} INFO - Sync 1 DAGs
[2026-07-25T18:38:00.659+0000] {logging_mixin.py:190} INFO - [2026-07-25T18:38:00.658+0000] {dag.py:4138} INFO - Setting next_dagrun for flex_eau_pipeline to 2026-07-25 00:00:00+00:00, run_after=2026-07-26 00:00:00+00:00
[2026-07-25T18:38:00.699+0000] {processor.py:208} INFO - Processing /opt/airflow/dags/flex_eau_pipeline.py took 0.198 seconds
[2026-07-25T18:38:31.091+0000] {processor.py:186} INFO - Started process (PID=3636) to work on /opt/airflow/dags/flex_eau_pipeline.py
[2026-07-25T18:38:31.092+0000] {processor.py:914} INFO - Processing file /opt/airflow/dags/flex_eau_pipeline.py for tasks to queue
[2026-07-25T18:38:31.094+0000] {logging_mixin.py:190} INFO - [2026-07-25T18:38:31.094+0000] {dagbag.py:587} INFO - Filling up the DagBag from /opt/airflow/dags/flex_eau_pipeline.py
[2026-07-25T18:38:31.124+0000] {processor.py:925} INFO - DAG(s) 'flex_eau_pipeline' retrieved from /opt/airflow/dags/flex_eau_pipeline.py
[2026-07-25T18:38:31.163+0000] {logging_mixin.py:190} INFO - [2026-07-25T18:38:31.163+0000] {dag.py:3211} INFO - Sync 1 DAGs
[2026-07-25T18:38:31.190+0000] {logging_mixin.py:190} INFO - [2026-07-25T18:38:31.189+0000] {dag.py:4138} INFO - Setting next_dagrun for flex_eau_pipeline to 2026-07-25 00:00:00+00:00, run_after=2026-07-26 00:00:00+00:00
[2026-07-25T18:38:31.217+0000] {processor.py:208} INFO - Processing /opt/airflow/dags/flex_eau_pipeline.py took 0.135 seconds
[2026-07-25T18:39:01.604+0000] {processor.py:186} INFO - Started process (PID=3641) to work on /opt/airflow/dags/flex_eau_pipeline.py
[2026-07-25T18:39:01.605+0000] {processor.py:914} INFO - Processing file /opt/airflow/dags/flex_eau_pipeline.py for tasks to queue
[2026-07-25T18:39:01.607+0000] {logging_mixin.py:190} INFO - [2026-07-25T18:39:01.606+0000] {dagbag.py:587} INFO - Filling up the DagBag from /opt/airflow/dags/flex_eau_pipeline.py
[2026-07-25T18:39:01.637+0000] {processor.py:925} INFO - DAG(s) 'flex_eau_pipeline' retrieved from /opt/airflow/dags/flex_eau_pipeline.py
[2026-07-25T18:39:01.676+0000] {logging_mixin.py:190} INFO - [2026-07-25T18:39:01.676+0000] {dag.py:3211} INFO - Sync 1 DAGs
[2026-07-25T18:39:01.703+0000] {logging_mixin.py:190} INFO - [2026-07-25T18:39:01.703+0000] {dag.py:4138} INFO - Setting next_dagrun for flex_eau_pipeline to 2026-07-25 00:00:00+00:00, run_after=2026-07-26 00:00:00+00:00
[2026-07-25T18:39:01.728+0000] {processor.py:208} INFO - Processing /opt/airflow/dags/flex_eau_pipeline.py took 0.136 seconds
[2026-07-25T18:39:31.983+0000] {processor.py:186} INFO - Started process (PID=3646) to work on /opt/airflow/dags/flex_eau_pipeline.py
[2026-07-25T18:39:31.984+0000] {processor.py:914} INFO - Processing file /opt/airflow/dags/flex_eau_pipeline.py for tasks to queue
[2026-07-25T18:39:31.986+0000] {logging_mixin.py:190} INFO - [2026-07-25T18:39:31.985+0000] {dagbag.py:587} INFO - Filling up the DagBag from /opt/airflow/dags/flex_eau_pipeline.py
[2026-07-25T18:39:32.016+0000] {processor.py:925} INFO - DAG(s) 'flex_eau_pipeline' retrieved from /opt/airflow/dags/flex_eau_pipeline.py
[2026-07-25T18:39:32.056+0000] {logging_mixin.py:190} INFO - [2026-07-25T18:39:32.055+0000] {dag.py:3211} INFO - Sync 1 DAGs
[2026-07-25T18:39:32.083+0000] {logging_mixin.py:190} INFO - [2026-07-25T18:39:32.082+0000] {dag.py:4138} INFO - Setting next_dagrun for flex_eau_pipeline to 2026-07-25 00:00:00+00:00, run_after=2026-07-26 00:00:00+00:00
[2026-07-25T18:39:32.107+0000] {processor.py:208} INFO - Processing /opt/airflow/dags/flex_eau_pipeline.py took 0.135 seconds
[2026-07-25T18:40:02.457+0000] {processor.py:186} INFO - Started process (PID=3651) to work on /opt/airflow/dags/flex_eau_pipeline.py
[2026-07-25T18:40:02.459+0000] {processor.py:914} INFO - Processing file /opt/airflow/dags/flex_eau_pipeline.py for tasks to queue
[2026-07-25T18:40:02.461+0000] {logging_mixin.py:190} INFO - [2026-07-25T18:40:02.460+0000] {dagbag.py:587} INFO - Filling up the DagBag from /opt/airflow/dags/flex_eau_pipeline.py
[2026-07-25T18:40:02.493+0000] {processor.py:925} INFO - DAG(s) 'flex_eau_pipeline' retrieved from /opt/airflow/dags/flex_eau_pipeline.py
[2026-07-25T18:40:02.545+0000] {logging_mixin.py:190} INFO - [2026-07-25T18:40:02.544+0000] {dag.py:3211} INFO - Sync 1 DAGs
[2026-07-25T18:40:02.578+0000] {logging_mixin.py:190} INFO - [2026-07-25T18:40:02.578+0000] {dag.py:4138} INFO - Setting next_dagrun for flex_eau_pipeline to 2026-07-25 00:00:00+00:00, run_after=2026-07-26 00:00:00+00:00
[2026-07-25T18:40:02.604+0000] {processor.py:208} INFO - Processing /opt/airflow/dags/flex_eau_pipeline.py took 0.156 seconds
[2026-07-25T18:40:32.958+0000] {processor.py:186} INFO - Started process (PID=3656) to work on /opt/airflow/dags/flex_eau_pipeline.py
[2026-07-25T18:40:32.961+0000] {processor.py:914} INFO - Processing file /opt/airflow/dags/flex_eau_pipeline.py for tasks to queue
[2026-07-25T18:40:32.964+0000] {logging_mixin.py:190} INFO - [2026-07-25T18:40:32.963+0000] {dagbag.py:587} INFO - Filling up the DagBag from /opt/airflow/dags/flex_eau_pipeline.py
[2026-07-25T18:40:33.002+0000] {processor.py:925} INFO - DAG(s) 'flex_eau_pipeline' retrieved from /opt/airflow/dags/flex_eau_pipeline.py
[2026-07-25T18:40:33.046+0000] {logging_mixin.py:190} INFO - [2026-07-25T18:40:33.046+0000] {dag.py:3211} INFO - Sync 1 DAGs
[2026-07-25T18:40:33.072+0000] {logging_mixin.py:190} INFO - [2026-07-25T18:40:33.071+0000] {dag.py:4138} INFO - Setting next_dagrun for flex_eau_pipeline to 2026-07-25 00:00:00+00:00, run_after=2026-07-26 00:00:00+00:00
[2026-07-25T18:40:33.138+0000] {processor.py:208} INFO - Processing /opt/airflow/dags/flex_eau_pipeline.py took 0.187 seconds
[2026-07-25T18:41:03.422+0000] {processor.py:186} INFO - Started process (PID=3661) to work on /opt/airflow/dags/flex_eau_pipeline.py
[2026-07-25T18:41:03.423+0000] {processor.py:914} INFO - Processing file /opt/airflow/dags/flex_eau_pipeline.py for tasks to queue
[2026-07-25T18:41:03.425+0000] {logging_mixin.py:190} INFO - [2026-07-25T18:41:03.425+0000] {dagbag.py:587} INFO - Filling up the DagBag from /opt/airflow/dags/flex_eau_pipeline.py
[2026-07-25T18:41:03.454+0000] {processor.py:925} INFO - DAG(s) 'flex_eau_pipeline' retrieved from /opt/airflow/dags/flex_eau_pipeline.py
[2026-07-25T18:41:03.491+0000] {logging_mixin.py:190} INFO - [2026-07-25T18:41:03.491+0000] {dag.py:3211} INFO - Sync 1 DAGs
[2026-07-25T18:41:03.518+0000] {logging_mixin.py:190} INFO - [2026-07-25T18:41:03.518+0000] {dag.py:4138} INFO - Setting next_dagrun for flex_eau_pipeline to 2026-07-25 00:00:00+00:00, run_after=2026-07-26 00:00:00+00:00
[2026-07-25T18:41:03.544+0000] {processor.py:208} INFO - Processing /opt/airflow/dags/flex_eau_pipeline.py took 0.130 seconds
[2026-07-25T18:41:33.846+0000] {processor.py:186} INFO - Started process (PID=3666) to work on /opt/airflow/dags/flex_eau_pipeline.py
[2026-07-25T18:41:33.848+0000] {processor.py:914} INFO - Processing file /opt/airflow/dags/flex_eau_pipeline.py for tasks to queue
[2026-07-25T18:41:33.850+0000] {logging_mixin.py:190} INFO - [2026-07-25T18:41:33.849+0000] {dagbag.py:587} INFO - Filling up the DagBag from /opt/airflow/dags/flex_eau_pipeline.py
[2026-07-25T18:41:33.877+0000] {processor.py:925} INFO - DAG(s) 'flex_eau_pipeline' retrieved from /opt/airflow/dags/flex_eau_pipeline.py
[2026-07-25T18:41:33.915+0000] {logging_mixin.py:190} INFO - [2026-07-25T18:41:33.915+0000] {dag.py:3211} INFO - Sync 1 DAGs
[2026-07-25T18:41:33.942+0000] {logging_mixin.py:190} INFO - [2026-07-25T18:41:33.942+0000] {dag.py:4138} INFO - Setting next_dagrun for flex_eau_pipeline to 2026-07-25 00:00:00+00:00, run_after=2026-07-26 00:00:00+00:00
[2026-07-25T18:41:33.970+0000] {processor.py:208} INFO - Processing /opt/airflow/dags/flex_eau_pipeline.py took 0.136 seconds
[2026-07-25T18:42:04.400+0000] {processor.py:186} INFO - Started process (PID=3671) to work on /opt/airflow/dags/flex_eau_pipeline.py
[2026-07-25T18:42:04.402+0000] {processor.py:914} INFO - Processing file /opt/airflow/dags/flex_eau_pipeline.py for tasks to queue
[2026-07-25T18:42:04.403+0000] {logging_mixin.py:190} INFO - [2026-07-25T18:42:04.403+0000] {dagbag.py:587} INFO - Filling up the DagBag from /opt/airflow/dags/flex_eau_pipeline.py
[2026-07-25T18:42:04.435+0000] {processor.py:925} INFO - DAG(s) 'flex_eau_pipeline' retrieved from /opt/airflow/dags/flex_eau_pipeline.py
[2026-07-25T18:42:04.497+0000] {logging_mixin.py:190} INFO - [2026-07-25T18:42:04.497+0000] {dag.py:3211} INFO - Sync 1 DAGs
[2026-07-25T18:42:04.532+0000] {logging_mixin.py:190} INFO - [2026-07-25T18:42:04.532+0000] {dag.py:4138} INFO - Setting next_dagrun for flex_eau_pipeline to 2026-07-25 00:00:00+00:00, run_after=2026-07-26 00:00:00+00:00
[2026-07-25T18:42:04.555+0000] {processor.py:208} INFO - Processing /opt/airflow/dags/flex_eau_pipeline.py took 0.161 seconds
[2026-07-25T18:42:34.937+0000] {processor.py:186} INFO - Started process (PID=3676) to work on /opt/airflow/dags/flex_eau_pipeline.py
[2026-07-25T18:42:34.939+0000] {processor.py:914} INFO - Processing file /opt/airflow/dags/flex_eau_pipeline.py for tasks to queue
[2026-07-25T18:42:34.941+0000] {logging_mixin.py:190} INFO - [2026-07-25T18:42:34.940+0000] {dagbag.py:587} INFO - Filling up the DagBag from /opt/airflow/dags/flex_eau_pipeline.py
[2026-07-25T18:42:34.978+0000] {processor.py:925} INFO - DAG(s) 'flex_eau_pipeline' retrieved from /opt/airflow/dags/flex_eau_pipeline.py
[2026-07-25T18:42:35.022+0000] {logging_mixin.py:190} INFO - [2026-07-25T18:42:35.022+0000] {dag.py:3211} INFO - Sync 1 DAGs
[2026-07-25T18:42:35.058+0000] {logging_mixin.py:190} INFO - [2026-07-25T18:42:35.057+0000] {dag.py:4138} INFO - Setting next_dagrun for flex_eau_pipeline to 2026-07-25 00:00:00+00:00, run_after=2026-07-26 00:00:00+00:00
[2026-07-25T18:42:35.081+0000] {processor.py:208} INFO - Processing /opt/airflow/dags/flex_eau_pipeline.py took 0.154 seconds
[2026-07-25T18:43:05.213+0000] {processor.py:186} INFO - Started process (PID=3681) to work on /opt/airflow/dags/flex_eau_pipeline.py
[2026-07-25T18:43:05.215+0000] {processor.py:914} INFO - Processing file /opt/airflow/dags/flex_eau_pipeline.py for tasks to queue
[2026-07-25T18:43:05.218+0000] {logging_mixin.py:190} INFO - [2026-07-25T18:43:05.217+0000] {dagbag.py:587} INFO - Filling up the DagBag from /opt/airflow/dags/flex_eau_pipeline.py
[2026-07-25T18:43:05.251+0000] {processor.py:925} INFO - DAG(s) 'flex_eau_pipeline' retrieved from /opt/airflow/dags/flex_eau_pipeline.py
[2026-07-25T18:43:05.293+0000] {logging_mixin.py:190} INFO - [2026-07-25T18:43:05.293+0000] {dag.py:3211} INFO - Sync 1 DAGs
[2026-07-25T18:43:05.322+0000] {logging_mixin.py:190} INFO - [2026-07-25T18:43:05.322+0000] {dag.py:4138} INFO - Setting next_dagrun for flex_eau_pipeline to 2026-07-25 00:00:00+00:00, run_after=2026-07-26 00:00:00+00:00
[2026-07-25T18:43:05.348+0000] {processor.py:208} INFO - Processing /opt/airflow/dags/flex_eau_pipeline.py took 0.143 seconds
[2026-07-25T18:43:35.677+0000] {processor.py:186} INFO - Started process (PID=3686) to work on /opt/airflow/dags/flex_eau_pipeline.py
[2026-07-25T18:43:35.679+0000] {processor.py:914} INFO - Processing file /opt/airflow/dags/flex_eau_pipeline.py for tasks to queue
[2026-07-25T18:43:35.680+0000] {logging_mixin.py:190} INFO - [2026-07-25T18:43:35.680+0000] {dagbag.py:587} INFO - Filling up the DagBag from /opt/airflow/dags/flex_eau_pipeline.py
[2026-07-25T18:43:35.711+0000] {processor.py:925} INFO - DAG(s) 'flex_eau_pipeline' retrieved from /opt/airflow/dags/flex_eau_pipeline.py
[2026-07-25T18:43:35.753+0000] {logging_mixin.py:190} INFO - [2026-07-25T18:43:35.752+0000] {dag.py:3211} INFO - Sync 1 DAGs
[2026-07-25T18:43:35.781+0000] {logging_mixin.py:190} INFO - [2026-07-25T18:43:35.781+0000] {dag.py:4138} INFO - Setting next_dagrun for flex_eau_pipeline to 2026-07-25 00:00:00+00:00, run_after=2026-07-26 00:00:00+00:00
[2026-07-25T18:43:35.805+0000] {processor.py:208} INFO - Processing /opt/airflow/dags/flex_eau_pipeline.py took 0.135 seconds
[2026-07-25T18:44:06.039+0000] {processor.py:186} INFO - Started process (PID=3691) to work on /opt/airflow/dags/flex_eau_pipeline.py
[2026-07-25T18:44:06.041+0000] {processor.py:914} INFO - Processing file /opt/airflow/dags/flex_eau_pipeline.py for tasks to queue
[2026-07-25T18:44:06.043+0000] {logging_mixin.py:190} INFO - [2026-07-25T18:44:06.042+0000] {dagbag.py:587} INFO - Filling up the DagBag from /opt/airflow/dags/flex_eau_pipeline.py
[2026-07-25T18:44:06.076+0000] {processor.py:925} INFO - DAG(s) 'flex_eau_pipeline' retrieved from /opt/airflow/dags/flex_eau_pipeline.py
[2026-07-25T18:44:06.122+0000] {logging_mixin.py:190} INFO - [2026-07-25T18:44:06.121+0000] {dag.py:3211} INFO - Sync 1 DAGs
[2026-07-25T18:44:06.150+0000] {logging_mixin.py:190} INFO - [2026-07-25T18:44:06.149+0000] {dag.py:4138} INFO - Setting next_dagrun for flex_eau_pipeline to 2026-07-25 00:00:00+00:00, run_after=2026-07-26 00:00:00+00:00
[2026-07-25T18:44:06.466+0000] {processor.py:208} INFO - Processing /opt/airflow/dags/flex_eau_pipeline.py took 0.441 seconds
[2026-07-25T18:44:36.851+0000] {processor.py:186} INFO - Started process (PID=3696) to work on /opt/airflow/dags/flex_eau_pipeline.py
[2026-07-25T18:44:36.852+0000] {processor.py:914} INFO - Processing file /opt/airflow/dags/flex_eau_pipeline.py for tasks to queue
[2026-07-25T18:44:36.854+0000] {logging_mixin.py:190} INFO - [2026-07-25T18:44:36.854+0000] {dagbag.py:587} INFO - Filling up the DagBag from /opt/airflow/dags/flex_eau_pipeline.py
[2026-07-25T18:44:36.886+0000] {processor.py:925} INFO - DAG(s) 'flex_eau_pipeline' retrieved from /opt/airflow/dags/flex_eau_pipeline.py
[2026-07-25T18:44:36.932+0000] {logging_mixin.py:190} INFO - [2026-07-25T18:44:36.932+0000] {dag.py:3211} INFO - Sync 1 DAGs
[2026-07-25T18:44:36.961+0000] {logging_mixin.py:190} INFO - [2026-07-25T18:44:36.960+0000] {dag.py:4138} INFO - Setting next_dagrun for flex_eau_pipeline to 2026-07-25 00:00:00+00:00, run_after=2026-07-26 00:00:00+00:00
[2026-07-25T18:44:36.983+0000] {processor.py:208} INFO - Processing /opt/airflow/dags/flex_eau_pipeline.py took 0.156 seconds
[2026-07-25T18:45:07.244+0000] {processor.py:186} INFO - Started process (PID=3701) to work on /opt/airflow/dags/flex_eau_pipeline.py
[2026-07-25T18:45:07.247+0000] {processor.py:914} INFO - Processing file /opt/airflow/dags/flex_eau_pipeline.py for tasks to queue
[2026-07-25T18:45:07.250+0000] {logging_mixin.py:190} INFO - [2026-07-25T18:45:07.250+0000] {dagbag.py:587} INFO - Filling up the DagBag from /opt/airflow/dags/flex_eau_pipeline.py
[2026-07-25T18:45:07.299+0000] {processor.py:925} INFO - DAG(s) 'flex_eau_pipeline' retrieved from /opt/airflow/dags/flex_eau_pipeline.py
[2026-07-25T18:45:07.353+0000] {logging_mixin.py:190} INFO - [2026-07-25T18:45:07.353+0000] {dag.py:3211} INFO - Sync 1 DAGs
[2026-07-25T18:45:07.386+0000] {logging_mixin.py:190} INFO - [2026-07-25T18:45:07.386+0000] {dag.py:4138} INFO - Setting next_dagrun for flex_eau_pipeline to 2026-07-25 00:00:00+00:00, run_after=2026-07-26 00:00:00+00:00
[2026-07-25T18:45:07.412+0000] {processor.py:208} INFO - Processing /opt/airflow/dags/flex_eau_pipeline.py took 0.190 seconds
[2026-07-25T18:45:37.884+0000] {processor.py:186} INFO - Started process (PID=3706) to work on /opt/airflow/dags/flex_eau_pipeline.py
[2026-07-25T18:45:37.885+0000] {processor.py:914} INFO - Processing file /opt/airflow/dags/flex_eau_pipeline.py for tasks to queue
[2026-07-25T18:45:37.887+0000] {logging_mixin.py:190} INFO - [2026-07-25T18:45:37.886+0000] {dagbag.py:587} INFO - Filling up the DagBag from /opt/airflow/dags/flex_eau_pipeline.py
[2026-07-25T18:45:37.922+0000] {processor.py:925} INFO - DAG(s) 'flex_eau_pipeline' retrieved from /opt/airflow/dags/flex_eau_pipeline.py
[2026-07-25T18:45:37.963+0000] {logging_mixin.py:190} INFO - [2026-07-25T18:45:37.963+0000] {dag.py:3211} INFO - Sync 1 DAGs
[2026-07-25T18:45:37.990+0000] {logging_mixin.py:190} INFO - [2026-07-25T18:45:37.990+0000] {dag.py:4138} INFO - Setting next_dagrun for flex_eau_pipeline to 2026-07-25 00:00:00+00:00, run_after=2026-07-26 00:00:00+00:00
[2026-07-25T18:45:38.015+0000] {processor.py:208} INFO - Processing /opt/airflow/dags/flex_eau_pipeline.py took 0.137 seconds
[2026-07-25T18:46:08.223+0000] {processor.py:186} INFO - Started process (PID=3711) to work on /opt/airflow/dags/flex_eau_pipeline.py
[2026-07-25T18:46:08.224+0000] {processor.py:914} INFO - Processing file /opt/airflow/dags/flex_eau_pipeline.py for tasks to queue
[2026-07-25T18:46:08.226+0000] {logging_mixin.py:190} INFO - [2026-07-25T18:46:08.225+0000] {dagbag.py:587} INFO - Filling up the DagBag from /opt/airflow/dags/flex_eau_pipeline.py
[2026-07-25T18:46:08.254+0000] {processor.py:925} INFO - DAG(s) 'flex_eau_pipeline' retrieved from /opt/airflow/dags/flex_eau_pipeline.py
[2026-07-25T18:46:08.309+0000] {logging_mixin.py:190} INFO - [2026-07-25T18:46:08.309+0000] {dag.py:3211} INFO - Sync 1 DAGs
[2026-07-25T18:46:08.367+0000] {logging_mixin.py:190} INFO - [2026-07-25T18:46:08.366+0000] {dag.py:4138} INFO - Setting next_dagrun for flex_eau_pipeline to 2026-07-25 00:00:00+00:00, run_after=2026-07-26 00:00:00+00:00
[2026-07-25T18:46:08.394+0000] {processor.py:208} INFO - Processing /opt/airflow/dags/flex_eau_pipeline.py took 0.188 seconds
[2026-07-25T18:46:38.726+0000] {processor.py:186} INFO - Started process (PID=3716) to work on /opt/airflow/dags/flex_eau_pipeline.py
[2026-07-25T18:46:38.728+0000] {processor.py:914} INFO - Processing file /opt/airflow/dags/flex_eau_pipeline.py for tasks to queue
[2026-07-25T18:46:38.730+0000] {logging_mixin.py:190} INFO - [2026-07-25T18:46:38.729+0000] {dagbag.py:587} INFO - Filling up the DagBag from /opt/airflow/dags/flex_eau_pipeline.py
[2026-07-25T18:46:38.758+0000] {processor.py:925} INFO - DAG(s) 'flex_eau_pipeline' retrieved from /opt/airflow/dags/flex_eau_pipeline.py
[2026-07-25T18:46:38.795+0000] {logging_mixin.py:190} INFO - [2026-07-25T18:46:38.795+0000] {dag.py:3211} INFO - Sync 1 DAGs
[2026-07-25T18:46:38.821+0000] {logging_mixin.py:190} INFO - [2026-07-25T18:46:38.821+0000] {dag.py:4138} INFO - Setting next_dagrun for flex_eau_pipeline to 2026-07-25 00:00:00+00:00, run_after=2026-07-26 00:00:00+00:00
[2026-07-25T18:46:39.065+0000] {processor.py:208} INFO - Processing /opt/airflow/dags/flex_eau_pipeline.py took 0.348 seconds
[2026-07-25T18:47:09.352+0000] {processor.py:186} INFO - Started process (PID=3721) to work on /opt/airflow/dags/flex_eau_pipeline.py
[2026-07-25T18:47:09.354+0000] {processor.py:914} INFO - Processing file /opt/airflow/dags/flex_eau_pipeline.py for tasks to queue
[2026-07-25T18:47:09.355+0000] {logging_mixin.py:190} INFO - [2026-07-25T18:47:09.355+0000] {dagbag.py:587} INFO - Filling up the DagBag from /opt/airflow/dags/flex_eau_pipeline.py
[2026-07-25T18:47:09.389+0000] {processor.py:925} INFO - DAG(s) 'flex_eau_pipeline' retrieved from /opt/airflow/dags/flex_eau_pipeline.py
[2026-07-25T18:47:09.425+0000] {logging_mixin.py:190} INFO - [2026-07-25T18:47:09.424+0000] {dag.py:3211} INFO - Sync 1 DAGs
[2026-07-25T18:47:09.453+0000] {logging_mixin.py:190} INFO - [2026-07-25T18:47:09.452+0000] {dag.py:4138} INFO - Setting next_dagrun for flex_eau_pipeline to 2026-07-25 00:00:00+00:00, run_after=2026-07-26 00:00:00+00:00
[2026-07-25T18:47:09.477+0000] {processor.py:208} INFO - Processing /opt/airflow/dags/flex_eau_pipeline.py took 0.131 seconds
[2026-07-25T18:47:39.677+0000] {processor.py:186} INFO - Started process (PID=3726) to work on /opt/airflow/dags/flex_eau_pipeline.py
[2026-07-25T18:47:39.678+0000] {processor.py:914} INFO - Processing file /opt/airflow/dags/flex_eau_pipeline.py for tasks to queue
[2026-07-25T18:47:39.680+0000] {logging_mixin.py:190} INFO - [2026-07-25T18:47:39.679+0000] {dagbag.py:587} INFO - Filling up the DagBag from /opt/airflow/dags/flex_eau_pipeline.py
[2026-07-25T18:47:39.709+0000] {processor.py:925} INFO - DAG(s) 'flex_eau_pipeline' retrieved from /opt/airflow/dags/flex_eau_pipeline.py
[2026-07-25T18:47:39.752+0000] {logging_mixin.py:190} INFO - [2026-07-25T18:47:39.752+0000] {dag.py:3211} INFO - Sync 1 DAGs
[2026-07-25T18:47:39.789+0000] {logging_mixin.py:190} INFO - [2026-07-25T18:47:39.789+0000] {dag.py:4138} INFO - Setting next_dagrun for flex_eau_pipeline to 2026-07-25 00:00:00+00:00, run_after=2026-07-26 00:00:00+00:00
[2026-07-25T18:47:39.816+0000] {processor.py:208} INFO - Processing /opt/airflow/dags/flex_eau_pipeline.py took 0.147 seconds
[2026-07-25T18:48:10.076+0000] {processor.py:186} INFO - Started process (PID=3731) to work on /opt/airflow/dags/flex_eau_pipeline.py
[2026-07-25T18:48:10.078+0000] {processor.py:914} INFO - Processing file /opt/airflow/dags/flex_eau_pipeline.py for tasks to queue
[2026-07-25T18:48:10.081+0000] {logging_mixin.py:190} INFO - [2026-07-25T18:48:10.080+0000] {dagbag.py:587} INFO - Filling up the DagBag from /opt/airflow/dags/flex_eau_pipeline.py
[2026-07-25T18:48:10.108+0000] {processor.py:925} INFO - DAG(s) 'flex_eau_pipeline' retrieved from /opt/airflow/dags/flex_eau_pipeline.py
[2026-07-25T18:48:10.149+0000] {logging_mixin.py:190} INFO - [2026-07-25T18:48:10.148+0000] {dag.py:3211} INFO - Sync 1 DAGs
[2026-07-25T18:48:10.175+0000] {logging_mixin.py:190} INFO - [2026-07-25T18:48:10.175+0000] {dag.py:4138} INFO - Setting next_dagrun for flex_eau_pipeline to 2026-07-25 00:00:00+00:00, run_after=2026-07-26 00:00:00+00:00
[2026-07-25T18:48:10.198+0000] {processor.py:208} INFO - Processing /opt/airflow/dags/flex_eau_pipeline.py took 0.132 seconds
[2026-07-25T18:48:40.440+0000] {processor.py:186} INFO - Started process (PID=3736) to work on /opt/airflow/dags/flex_eau_pipeline.py
[2026-07-25T18:48:40.442+0000] {processor.py:914} INFO - Processing file /opt/airflow/dags/flex_eau_pipeline.py for tasks to queue
[2026-07-25T18:48:40.444+0000] {logging_mixin.py:190} INFO - [2026-07-25T18:48:40.443+0000] {dagbag.py:587} INFO - Filling up the DagBag from /opt/airflow/dags/flex_eau_pipeline.py
[2026-07-25T18:48:40.480+0000] {processor.py:925} INFO - DAG(s) 'flex_eau_pipeline' retrieved from /opt/airflow/dags/flex_eau_pipeline.py
[2026-07-25T18:48:40.522+0000] {logging_mixin.py:190} INFO - [2026-07-25T18:48:40.521+0000] {dag.py:3211} INFO - Sync 1 DAGs
[2026-07-25T18:48:40.549+0000] {logging_mixin.py:190} INFO - [2026-07-25T18:48:40.549+0000] {dag.py:4138} INFO - Setting next_dagrun for flex_eau_pipeline to 2026-07-25 00:00:00+00:00, run_after=2026-07-26 00:00:00+00:00
[2026-07-25T18:48:40.576+0000] {processor.py:208} INFO - Processing /opt/airflow/dags/flex_eau_pipeline.py took 0.147 seconds
[2026-07-25T18:49:10.827+0000] {processor.py:186} INFO - Started process (PID=3741) to work on /opt/airflow/dags/flex_eau_pipeline.py
[2026-07-25T18:49:10.828+0000] {processor.py:914} INFO - Processing file /opt/airflow/dags/flex_eau_pipeline.py for tasks to queue
[2026-07-25T18:49:10.830+0000] {logging_mixin.py:190} INFO - [2026-07-25T18:49:10.830+0000] {dagbag.py:587} INFO - Filling up the DagBag from /opt/airflow/dags/flex_eau_pipeline.py
[2026-07-25T18:49:10.863+0000] {processor.py:925} INFO - DAG(s) 'flex_eau_pipeline' retrieved from /opt/airflow/dags/flex_eau_pipeline.py
[2026-07-25T18:49:10.902+0000] {logging_mixin.py:190} INFO - [2026-07-25T18:49:10.902+0000] {dag.py:3211} INFO - Sync 1 DAGs
[2026-07-25T18:49:10.930+0000] {logging_mixin.py:190} INFO - [2026-07-25T18:49:10.929+0000] {dag.py:4138} INFO - Setting next_dagrun for flex_eau_pipeline to 2026-07-25 00:00:00+00:00, run_after=2026-07-26 00:00:00+00:00
[2026-07-25T18:49:10.951+0000] {processor.py:208} INFO - Processing /opt/airflow/dags/flex_eau_pipeline.py took 0.131 seconds
[2026-07-25T18:49:41.183+0000] {processor.py:186} INFO - Started process (PID=3746) to work on /opt/airflow/dags/flex_eau_pipeline.py
[2026-07-25T18:49:41.185+0000] {processor.py:914} INFO - Processing file /opt/airflow/dags/flex_eau_pipeline.py for tasks to queue
[2026-07-25T18:49:41.187+0000] {logging_mixin.py:190} INFO - [2026-07-25T18:49:41.187+0000] {dagbag.py:587} INFO - Filling up the DagBag from /opt/airflow/dags/flex_eau_pipeline.py
[2026-07-25T18:49:41.219+0000] {processor.py:925} INFO - DAG(s) 'flex_eau_pipeline' retrieved from /opt/airflow/dags/flex_eau_pipeline.py
[2026-07-25T18:49:41.267+0000] {logging_mixin.py:190} INFO - [2026-07-25T18:49:41.266+0000] {dag.py:3211} INFO - Sync 1 DAGs
[2026-07-25T18:49:41.298+0000] {logging_mixin.py:190} INFO - [2026-07-25T18:49:41.298+0000] {dag.py:4138} INFO - Setting next_dagrun for flex_eau_pipeline to 2026-07-25 00:00:00+00:00, run_after=2026-07-26 00:00:00+00:00
[2026-07-25T18:49:41.523+0000] {processor.py:208} INFO - Processing /opt/airflow/dags/flex_eau_pipeline.py took 0.355 seconds
[2026-07-25T18:50:11.657+0000] {processor.py:186} INFO - Started process (PID=3751) to work on /opt/airflow/dags/flex_eau_pipeline.py
[2026-07-25T18:50:11.658+0000] {processor.py:914} INFO - Processing file /opt/airflow/dags/flex_eau_pipeline.py for tasks to queue
[2026-07-25T18:50:11.660+0000] {logging_mixin.py:190} INFO - [2026-07-25T18:50:11.660+0000] {dagbag.py:587} INFO - Filling up the DagBag from /opt/airflow/dags/flex_eau_pipeline.py
[2026-07-25T18:50:11.692+0000] {processor.py:925} INFO - DAG(s) 'flex_eau_pipeline' retrieved from /opt/airflow/dags/flex_eau_pipeline.py
[2026-07-25T18:50:11.733+0000] {logging_mixin.py:190} INFO - [2026-07-25T18:50:11.732+0000] {dag.py:3211} INFO - Sync 1 DAGs
[2026-07-25T18:50:11.760+0000] {logging_mixin.py:190} INFO - [2026-07-25T18:50:11.760+0000] {dag.py:4138} INFO - Setting next_dagrun for flex_eau_pipeline to 2026-07-25 00:00:00+00:00, run_after=2026-07-26 00:00:00+00:00
[2026-07-25T18:50:11.782+0000] {processor.py:208} INFO - Processing /opt/airflow/dags/flex_eau_pipeline.py took 0.134 seconds
[2026-07-25T18:50:42.077+0000] {processor.py:186} INFO - Started process (PID=3756) to work on /opt/airflow/dags/flex_eau_pipeline.py
[2026-07-25T18:50:42.078+0000] {processor.py:914} INFO - Processing file /opt/airflow/dags/flex_eau_pipeline.py for tasks to queue
[2026-07-25T18:50:42.080+0000] {logging_mixin.py:190} INFO - [2026-07-25T18:50:42.079+0000] {dagbag.py:587} INFO - Filling up the DagBag from /opt/airflow/dags/flex_eau_pipeline.py
[2026-07-25T18:50:42.112+0000] {processor.py:925} INFO - DAG(s) 'flex_eau_pipeline' retrieved from /opt/airflow/dags/flex_eau_pipeline.py
[2026-07-25T18:50:42.149+0000] {logging_mixin.py:190} INFO - [2026-07-25T18:50:42.149+0000] {dag.py:3211} INFO - Sync 1 DAGs
[2026-07-25T18:50:42.176+0000] {logging_mixin.py:190} INFO - [2026-07-25T18:50:42.176+0000] {dag.py:4138} INFO - Setting next_dagrun for flex_eau_pipeline to 2026-07-25 00:00:00+00:00, run_after=2026-07-26 00:00:00+00:00
[2026-07-25T18:50:42.201+0000] {processor.py:208} INFO - Processing /opt/airflow/dags/flex_eau_pipeline.py took 0.132 seconds
[2026-07-25T18:51:12.534+0000] {processor.py:186} INFO - Started process (PID=3761) to work on /opt/airflow/dags/flex_eau_pipeline.py
[2026-07-25T18:51:12.535+0000] {processor.py:914} INFO - Processing file /opt/airflow/dags/flex_eau_pipeline.py for tasks to queue
[2026-07-25T18:51:12.537+0000] {logging_mixin.py:190} INFO - [2026-07-25T18:51:12.536+0000] {dagbag.py:587} INFO - Filling up the DagBag from /opt/airflow/dags/flex_eau_pipeline.py
[2026-07-25T18:51:12.565+0000] {processor.py:925} INFO - DAG(s) 'flex_eau_pipeline' retrieved from /opt/airflow/dags/flex_eau_pipeline.py
[2026-07-25T18:51:12.602+0000] {logging_mixin.py:190} INFO - [2026-07-25T18:51:12.602+0000] {dag.py:3211} INFO - Sync 1 DAGs
[2026-07-25T18:51:12.629+0000] {logging_mixin.py:190} INFO - [2026-07-25T18:51:12.629+0000] {dag.py:4138} INFO - Setting next_dagrun for flex_eau_pipeline to 2026-07-25 00:00:00+00:00, run_after=2026-07-26 00:00:00+00:00
[2026-07-25T18:51:12.652+0000] {processor.py:208} INFO - Processing /opt/airflow/dags/flex_eau_pipeline.py took 0.135 seconds
[2026-07-25T18:51:42.875+0000] {processor.py:186} INFO - Started process (PID=3766) to work on /opt/airflow/dags/flex_eau_pipeline.py
[2026-07-25T18:51:42.879+0000] {processor.py:914} INFO - Processing file /opt/airflow/dags/flex_eau_pipeline.py for tasks to queue
[2026-07-25T18:51:42.880+0000] {logging_mixin.py:190} INFO - [2026-07-25T18:51:42.880+0000] {dagbag.py:587} INFO - Filling up the DagBag from /opt/airflow/dags/flex_eau_pipeline.py
[2026-07-25T18:51:42.910+0000] {processor.py:925} INFO - DAG(s) 'flex_eau_pipeline' retrieved from /opt/airflow/dags/flex_eau_pipeline.py
[2026-07-25T18:51:42.949+0000] {logging_mixin.py:190} INFO - [2026-07-25T18:51:42.949+0000] {dag.py:3211} INFO - Sync 1 DAGs
[2026-07-25T18:51:42.976+0000] {logging_mixin.py:190} INFO - [2026-07-25T18:51:42.975+0000] {dag.py:4138} INFO - Setting next_dagrun for flex_eau_pipeline to 2026-07-25 00:00:00+00:00, run_after=2026-07-26 00:00:00+00:00
[2026-07-25T18:51:43.001+0000] {processor.py:208} INFO - Processing /opt/airflow/dags/flex_eau_pipeline.py took 0.137 seconds
[2026-07-25T18:52:13.227+0000] {processor.py:186} INFO - Started process (PID=3771) to work on /opt/airflow/dags/flex_eau_pipeline.py
[2026-07-25T18:52:13.228+0000] {processor.py:914} INFO - Processing file /opt/airflow/dags/flex_eau_pipeline.py for tasks to queue
[2026-07-25T18:52:13.230+0000] {logging_mixin.py:190} INFO - [2026-07-25T18:52:13.230+0000] {dagbag.py:587} INFO - Filling up the DagBag from /opt/airflow/dags/flex_eau_pipeline.py
[2026-07-25T18:52:13.267+0000] {processor.py:925} INFO - DAG(s) 'flex_eau_pipeline' retrieved from /opt/airflow/dags/flex_eau_pipeline.py
[2026-07-25T18:52:13.308+0000] {logging_mixin.py:190} INFO - [2026-07-25T18:52:13.308+0000] {dag.py:3211} INFO - Sync 1 DAGs
[2026-07-25T18:52:13.336+0000] {logging_mixin.py:190} INFO - [2026-07-25T18:52:13.336+0000] {dag.py:4138} INFO - Setting next_dagrun for flex_eau_pipeline to 2026-07-25 00:00:00+00:00, run_after=2026-07-26 00:00:00+00:00
[2026-07-25T18:52:13.554+0000] {processor.py:208} INFO - Processing /opt/airflow/dags/flex_eau_pipeline.py took 0.333 seconds
[2026-07-25T18:52:43.794+0000] {processor.py:186} INFO - Started process (PID=3776) to work on /opt/airflow/dags/flex_eau_pipeline.py
[2026-07-25T18:52:43.795+0000] {processor.py:914} INFO - Processing file /opt/airflow/dags/flex_eau_pipeline.py for tasks to queue
[2026-07-25T18:52:43.796+0000] {logging_mixin.py:190} INFO - [2026-07-25T18:52:43.796+0000] {dagbag.py:587} INFO - Filling up the DagBag from /opt/airflow/dags/flex_eau_pipeline.py
[2026-07-25T18:52:43.831+0000] {processor.py:925} INFO - DAG(s) 'flex_eau_pipeline' retrieved from /opt/airflow/dags/flex_eau_pipeline.py
[2026-07-25T18:52:43.874+0000] {logging_mixin.py:190} INFO - [2026-07-25T18:52:43.874+0000] {dag.py:3211} INFO - Sync 1 DAGs
[2026-07-25T18:52:43.905+0000] {logging_mixin.py:190} INFO - [2026-07-25T18:52:43.904+0000] {dag.py:4138} INFO - Setting next_dagrun for flex_eau_pipeline to 2026-07-25 00:00:00+00:00, run_after=2026-07-26 00:00:00+00:00
[2026-07-25T18:52:43.945+0000] {processor.py:208} INFO - Processing /opt/airflow/dags/flex_eau_pipeline.py took 0.167 seconds
[2026-07-25T18:53:14.188+0000] {processor.py:186} INFO - Started process (PID=3781) to work on /opt/airflow/dags/flex_eau_pipeline.py
[2026-07-25T18:53:14.190+0000] {processor.py:914} INFO - Processing file /opt/airflow/dags/flex_eau_pipeline.py for tasks to queue
[2026-07-25T18:53:14.191+0000] {logging_mixin.py:190} INFO - [2026-07-25T18:53:14.191+0000] {dagbag.py:587} INFO - Filling up the DagBag from /opt/airflow/dags/flex_eau_pipeline.py
[2026-07-25T18:53:14.229+0000] {processor.py:925} INFO - DAG(s) 'flex_eau_pipeline' retrieved from /opt/airflow/dags/flex_eau_pipeline.py
[2026-07-25T18:53:14.266+0000] {logging_mixin.py:190} INFO - [2026-07-25T18:53:14.266+0000] {dag.py:3211} INFO - Sync 1 DAGs
[2026-07-25T18:53:14.292+0000] {logging_mixin.py:190} INFO - [2026-07-25T18:53:14.292+0000] {dag.py:4138} INFO - Setting next_dagrun for flex_eau_pipeline to 2026-07-25 00:00:00+00:00, run_after=2026-07-26 00:00:00+00:00
[2026-07-25T18:53:14.318+0000] {processor.py:208} INFO - Processing /opt/airflow/dags/flex_eau_pipeline.py took 0.142 seconds
[2026-07-25T18:53:44.731+0000] {processor.py:186} INFO - Started process (PID=3786) to work on /opt/airflow/dags/flex_eau_pipeline.py
[2026-07-25T18:53:44.732+0000] {processor.py:914} INFO - Processing file /opt/airflow/dags/flex_eau_pipeline.py for tasks to queue
[2026-07-25T18:53:44.733+0000] {logging_mixin.py:190} INFO - [2026-07-25T18:53:44.733+0000] {dagbag.py:587} INFO - Filling up the DagBag from /opt/airflow/dags/flex_eau_pipeline.py
[2026-07-25T18:53:44.765+0000] {processor.py:925} INFO - DAG(s) 'flex_eau_pipeline' retrieved from /opt/airflow/dags/flex_eau_pipeline.py
[2026-07-25T18:53:44.805+0000] {logging_mixin.py:190} INFO - [2026-07-25T18:53:44.804+0000] {dag.py:3211} INFO - Sync 1 DAGs
[2026-07-25T18:53:44.831+0000] {logging_mixin.py:190} INFO - [2026-07-25T18:53:44.831+0000] {dag.py:4138} INFO - Setting next_dagrun for flex_eau_pipeline to 2026-07-25 00:00:00+00:00, run_after=2026-07-26 00:00:00+00:00
[2026-07-25T18:53:44.854+0000] {processor.py:208} INFO - Processing /opt/airflow/dags/flex_eau_pipeline.py took 0.131 seconds
[2026-07-25T18:54:15.024+0000] {processor.py:186} INFO - Started process (PID=3791) to work on /opt/airflow/dags/flex_eau_pipeline.py
[2026-07-25T18:54:15.027+0000] {processor.py:914} INFO - Processing file /opt/airflow/dags/flex_eau_pipeline.py for tasks to queue
[2026-07-25T18:54:15.029+0000] {logging_mixin.py:190} INFO - [2026-07-25T18:54:15.028+0000] {dagbag.py:587} INFO - Filling up the DagBag from /opt/airflow/dags/flex_eau_pipeline.py
[2026-07-25T18:54:15.062+0000] {processor.py:925} INFO - DAG(s) 'flex_eau_pipeline' retrieved from /opt/airflow/dags/flex_eau_pipeline.py
[2026-07-25T18:54:15.101+0000] {logging_mixin.py:190} INFO - [2026-07-25T18:54:15.101+0000] {dag.py:3211} INFO - Sync 1 DAGs
[2026-07-25T18:54:15.129+0000] {logging_mixin.py:190} INFO - [2026-07-25T18:54:15.129+0000] {dag.py:4138} INFO - Setting next_dagrun for flex_eau_pipeline to 2026-07-25 00:00:00+00:00, run_after=2026-07-26 00:00:00+00:00
[2026-07-25T18:54:15.152+0000] {processor.py:208} INFO - Processing /opt/airflow/dags/flex_eau_pipeline.py took 0.152 seconds
[2026-07-25T18:54:45.407+0000] {processor.py:186} INFO - Started process (PID=3796) to work on /opt/airflow/dags/flex_eau_pipeline.py
[2026-07-25T18:54:45.409+0000] {processor.py:914} INFO - Processing file /opt/airflow/dags/flex_eau_pipeline.py for tasks to queue
[2026-07-25T18:54:45.410+0000] {logging_mixin.py:190} INFO - [2026-07-25T18:54:45.410+0000] {dagbag.py:587} INFO - Filling up the DagBag from /opt/airflow/dags/flex_eau_pipeline.py
[2026-07-25T18:54:45.445+0000] {processor.py:925} INFO - DAG(s) 'flex_eau_pipeline' retrieved from /opt/airflow/dags/flex_eau_pipeline.py
[2026-07-25T18:54:45.489+0000] {logging_mixin.py:190} INFO - [2026-07-25T18:54:45.489+0000] {dag.py:3211} INFO - Sync 1 DAGs
[2026-07-25T18:54:45.517+0000] {logging_mixin.py:190} INFO - [2026-07-25T18:54:45.517+0000] {dag.py:4138} INFO - Setting next_dagrun for flex_eau_pipeline to 2026-07-25 00:00:00+00:00, run_after=2026-07-26 00:00:00+00:00
[2026-07-25T18:54:45.764+0000] {processor.py:208} INFO - Processing /opt/airflow/dags/flex_eau_pipeline.py took 0.364 seconds
[2026-07-25T18:55:16.119+0000] {processor.py:186} INFO - Started process (PID=3801) to work on /opt/airflow/dags/flex_eau_pipeline.py
[2026-07-25T18:55:16.120+0000] {processor.py:914} INFO - Processing file /opt/airflow/dags/flex_eau_pipeline.py for tasks to queue
[2026-07-25T18:55:16.122+0000] {logging_mixin.py:190} INFO - [2026-07-25T18:55:16.121+0000] {dagbag.py:587} INFO - Filling up the DagBag from /opt/airflow/dags/flex_eau_pipeline.py
[2026-07-25T18:55:16.152+0000] {processor.py:925} INFO - DAG(s) 'flex_eau_pipeline' retrieved from /opt/airflow/dags/flex_eau_pipeline.py
[2026-07-25T18:55:16.199+0000] {logging_mixin.py:190} INFO - [2026-07-25T18:55:16.199+0000] {dag.py:3211} INFO - Sync 1 DAGs
[2026-07-25T18:55:16.424+0000] {logging_mixin.py:190} INFO - [2026-07-25T18:55:16.423+0000] {dag.py:4138} INFO - Setting next_dagrun for flex_eau_pipeline to 2026-07-25 00:00:00+00:00, run_after=2026-07-26 00:00:00+00:00
[2026-07-25T18:55:16.452+0000] {processor.py:208} INFO - Processing /opt/airflow/dags/flex_eau_pipeline.py took 0.345 seconds
[2026-07-25T18:55:46.569+0000] {processor.py:186} INFO - Started process (PID=3806) to work on /opt/airflow/dags/flex_eau_pipeline.py
[2026-07-25T18:55:46.573+0000] {processor.py:914} INFO - Processing file /opt/airflow/dags/flex_eau_pipeline.py for tasks to queue
[2026-07-25T18:55:46.577+0000] {logging_mixin.py:190} INFO - [2026-07-25T18:55:46.576+0000] {dagbag.py:587} INFO - Filling up the DagBag from /opt/airflow/dags/flex_eau_pipeline.py
[2026-07-25T18:55:46.611+0000] {processor.py:925} INFO - DAG(s) 'flex_eau_pipeline' retrieved from /opt/airflow/dags/flex_eau_pipeline.py
[2026-07-25T18:55:46.660+0000] {logging_mixin.py:190} INFO - [2026-07-25T18:55:46.659+0000] {dag.py:3211} INFO - Sync 1 DAGs
[2026-07-25T18:55:46.688+0000] {logging_mixin.py:190} INFO - [2026-07-25T18:55:46.688+0000] {dag.py:4138} INFO - Setting next_dagrun for flex_eau_pipeline to 2026-07-25 00:00:00+00:00, run_after=2026-07-26 00:00:00+00:00
[2026-07-25T18:55:46.713+0000] {processor.py:208} INFO - Processing /opt/airflow/dags/flex_eau_pipeline.py took 0.159 seconds
[2026-07-25T18:56:16.937+0000] {processor.py:186} INFO - Started process (PID=3811) to work on /opt/airflow/dags/flex_eau_pipeline.py
[2026-07-25T18:56:16.939+0000] {processor.py:914} INFO - Processing file /opt/airflow/dags/flex_eau_pipeline.py for tasks to queue
[2026-07-25T18:56:16.941+0000] {logging_mixin.py:190} INFO - [2026-07-25T18:56:16.940+0000] {dagbag.py:587} INFO - Filling up the DagBag from /opt/airflow/dags/flex_eau_pipeline.py
[2026-07-25T18:56:16.973+0000] {processor.py:925} INFO - DAG(s) 'flex_eau_pipeline' retrieved from /opt/airflow/dags/flex_eau_pipeline.py
[2026-07-25T18:56:17.019+0000] {logging_mixin.py:190} INFO - [2026-07-25T18:56:17.019+0000] {dag.py:3211} INFO - Sync 1 DAGs
[2026-07-25T18:56:17.049+0000] {logging_mixin.py:190} INFO - [2026-07-25T18:56:17.049+0000] {dag.py:4138} INFO - Setting next_dagrun for flex_eau_pipeline to 2026-07-25 00:00:00+00:00, run_after=2026-07-26 00:00:00+00:00
[2026-07-25T18:56:17.072+0000] {processor.py:208} INFO - Processing /opt/airflow/dags/flex_eau_pipeline.py took 0.145 seconds
[2026-07-25T18:56:47.436+0000] {processor.py:186} INFO - Started process (PID=3816) to work on /opt/airflow/dags/flex_eau_pipeline.py
[2026-07-25T18:56:47.438+0000] {processor.py:914} INFO - Processing file /opt/airflow/dags/flex_eau_pipeline.py for tasks to queue
[2026-07-25T18:56:47.439+0000] {logging_mixin.py:190} INFO - [2026-07-25T18:56:47.439+0000] {dagbag.py:587} INFO - Filling up the DagBag from /opt/airflow/dags/flex_eau_pipeline.py
[2026-07-25T18:56:47.472+0000] {processor.py:925} INFO - DAG(s) 'flex_eau_pipeline' retrieved from /opt/airflow/dags/flex_eau_pipeline.py
[2026-07-25T18:56:47.513+0000] {logging_mixin.py:190} INFO - [2026-07-25T18:56:47.513+0000] {dag.py:3211} INFO - Sync 1 DAGs
[2026-07-25T18:56:47.540+0000] {logging_mixin.py:190} INFO - [2026-07-25T18:56:47.540+0000] {dag.py:4138} INFO - Setting next_dagrun for flex_eau_pipeline to 2026-07-25 00:00:00+00:00, run_after=2026-07-26 00:00:00+00:00
[2026-07-25T18:56:47.565+0000] {processor.py:208} INFO - Processing /opt/airflow/dags/flex_eau_pipeline.py took 0.136 seconds
[2026-07-25T18:57:17.798+0000] {processor.py:186} INFO - Started process (PID=3821) to work on /opt/airflow/dags/flex_eau_pipeline.py
[2026-07-25T18:57:17.802+0000] {processor.py:914} INFO - Processing file /opt/airflow/dags/flex_eau_pipeline.py for tasks to queue
[2026-07-25T18:57:17.803+0000] {logging_mixin.py:190} INFO - [2026-07-25T18:57:17.803+0000] {dagbag.py:587} INFO - Filling up the DagBag from /opt/airflow/dags/flex_eau_pipeline.py
[2026-07-25T18:57:17.839+0000] {processor.py:925} INFO - DAG(s) 'flex_eau_pipeline' retrieved from /opt/airflow/dags/flex_eau_pipeline.py
[2026-07-25T18:57:17.879+0000] {logging_mixin.py:190} INFO - [2026-07-25T18:57:17.879+0000] {dag.py:3211} INFO - Sync 1 DAGs
[2026-07-25T18:57:17.906+0000] {logging_mixin.py:190} INFO - [2026-07-25T18:57:17.906+0000] {dag.py:4138} INFO - Setting next_dagrun for flex_eau_pipeline to 2026-07-25 00:00:00+00:00, run_after=2026-07-26 00:00:00+00:00
[2026-07-25T18:57:17.933+0000] {processor.py:208} INFO - Processing /opt/airflow/dags/flex_eau_pipeline.py took 0.151 seconds
[2026-07-25T18:57:48.248+0000] {processor.py:186} INFO - Started process (PID=3826) to work on /opt/airflow/dags/flex_eau_pipeline.py
[2026-07-25T18:57:48.250+0000] {processor.py:914} INFO - Processing file /opt/airflow/dags/flex_eau_pipeline.py for tasks to queue
[2026-07-25T18:57:48.252+0000] {logging_mixin.py:190} INFO - [2026-07-25T18:57:48.251+0000] {dagbag.py:587} INFO - Filling up the DagBag from /opt/airflow/dags/flex_eau_pipeline.py
[2026-07-25T18:57:48.285+0000] {processor.py:925} INFO - DAG(s) 'flex_eau_pipeline' retrieved from /opt/airflow/dags/flex_eau_pipeline.py
[2026-07-25T18:57:48.329+0000] {logging_mixin.py:190} INFO - [2026-07-25T18:57:48.329+0000] {dag.py:3211} INFO - Sync 1 DAGs
[2026-07-25T18:57:48.359+0000] {logging_mixin.py:190} INFO - [2026-07-25T18:57:48.359+0000] {dag.py:4138} INFO - Setting next_dagrun for flex_eau_pipeline to 2026-07-25 00:00:00+00:00, run_after=2026-07-26 00:00:00+00:00
[2026-07-25T18:57:48.590+0000] {processor.py:208} INFO - Processing /opt/airflow/dags/flex_eau_pipeline.py took 0.351 seconds
[2026-07-25T18:58:18.921+0000] {processor.py:186} INFO - Started process (PID=3831) to work on /opt/airflow/dags/flex_eau_pipeline.py
[2026-07-25T18:58:18.923+0000] {processor.py:914} INFO - Processing file /opt/airflow/dags/flex_eau_pipeline.py for tasks to queue
[2026-07-25T18:58:18.927+0000] {logging_mixin.py:190} INFO - [2026-07-25T18:58:18.926+0000] {dagbag.py:587} INFO - Filling up the DagBag from /opt/airflow/dags/flex_eau_pipeline.py
[2026-07-25T18:58:18.961+0000] {processor.py:925} INFO - DAG(s) 'flex_eau_pipeline' retrieved from /opt/airflow/dags/flex_eau_pipeline.py
[2026-07-25T18:58:19.010+0000] {logging_mixin.py:190} INFO - [2026-07-25T18:58:19.010+0000] {dag.py:3211} INFO - Sync 1 DAGs
[2026-07-25T18:58:19.047+0000] {logging_mixin.py:190} INFO - [2026-07-25T18:58:19.046+0000] {dag.py:4138} INFO - Setting next_dagrun for flex_eau_pipeline to 2026-07-25 00:00:00+00:00, run_after=2026-07-26 00:00:00+00:00
[2026-07-25T18:58:19.070+0000] {processor.py:208} INFO - Processing /opt/airflow/dags/flex_eau_pipeline.py took 0.160 seconds
[2026-07-25T18:58:49.241+0000] {processor.py:186} INFO - Started process (PID=3836) to work on /opt/airflow/dags/flex_eau_pipeline.py
[2026-07-25T18:58:49.242+0000] {processor.py:914} INFO - Processing file /opt/airflow/dags/flex_eau_pipeline.py for tasks to queue
[2026-07-25T18:58:49.244+0000] {logging_mixin.py:190} INFO - [2026-07-25T18:58:49.243+0000] {dagbag.py:587} INFO - Filling up the DagBag from /opt/airflow/dags/flex_eau_pipeline.py
[2026-07-25T18:58:49.283+0000] {processor.py:925} INFO - DAG(s) 'flex_eau_pipeline' retrieved from /opt/airflow/dags/flex_eau_pipeline.py
[2026-07-25T18:58:49.322+0000] {logging_mixin.py:190} INFO - [2026-07-25T18:58:49.322+0000] {dag.py:3211} INFO - Sync 1 DAGs
[2026-07-25T18:58:49.350+0000] {logging_mixin.py:190} INFO - [2026-07-25T18:58:49.349+0000] {dag.py:4138} INFO - Setting next_dagrun for flex_eau_pipeline to 2026-07-25 00:00:00+00:00, run_after=2026-07-26 00:00:00+00:00
[2026-07-25T18:58:49.377+0000] {processor.py:208} INFO - Processing /opt/airflow/dags/flex_eau_pipeline.py took 0.142 seconds
[2026-07-25T18:59:19.682+0000] {processor.py:186} INFO - Started process (PID=3841) to work on /opt/airflow/dags/flex_eau_pipeline.py
[2026-07-25T18:59:19.683+0000] {processor.py:914} INFO - Processing file /opt/airflow/dags/flex_eau_pipeline.py for tasks to queue
[2026-07-25T18:59:19.685+0000] {logging_mixin.py:190} INFO - [2026-07-25T18:59:19.684+0000] {dagbag.py:587} INFO - Filling up the DagBag from /opt/airflow/dags/flex_eau_pipeline.py
[2026-07-25T18:59:19.717+0000] {processor.py:925} INFO - DAG(s) 'flex_eau_pipeline' retrieved from /opt/airflow/dags/flex_eau_pipeline.py
[2026-07-25T18:59:19.758+0000] {logging_mixin.py:190} INFO - [2026-07-25T18:59:19.758+0000] {dag.py:3211} INFO - Sync 1 DAGs
[2026-07-25T18:59:19.788+0000] {logging_mixin.py:190} INFO - [2026-07-25T18:59:19.787+0000] {dag.py:4138} INFO - Setting next_dagrun for flex_eau_pipeline to 2026-07-25 00:00:00+00:00, run_after=2026-07-26 00:00:00+00:00
[2026-07-25T18:59:19.812+0000] {processor.py:208} INFO - Processing /opt/airflow/dags/flex_eau_pipeline.py took 0.138 seconds
[2026-07-25T18:59:50.008+0000] {processor.py:186} INFO - Started process (PID=3846) to work on /opt/airflow/dags/flex_eau_pipeline.py
[2026-07-25T18:59:50.009+0000] {processor.py:914} INFO - Processing file /opt/airflow/dags/flex_eau_pipeline.py for tasks to queue
[2026-07-25T18:59:50.011+0000] {logging_mixin.py:190} INFO - [2026-07-25T18:59:50.011+0000] {dagbag.py:587} INFO - Filling up the DagBag from /opt/airflow/dags/flex_eau_pipeline.py
[2026-07-25T18:59:50.043+0000] {processor.py:925} INFO - DAG(s) 'flex_eau_pipeline' retrieved from /opt/airflow/dags/flex_eau_pipeline.py
[2026-07-25T18:59:50.084+0000] {logging_mixin.py:190} INFO - [2026-07-25T18:59:50.084+0000] {dag.py:3211} INFO - Sync 1 DAGs
[2026-07-25T18:59:50.112+0000] {logging_mixin.py:190} INFO - [2026-07-25T18:59:50.111+0000] {dag.py:4138} INFO - Setting next_dagrun for flex_eau_pipeline to 2026-07-25 00:00:00+00:00, run_after=2026-07-26 00:00:00+00:00
[2026-07-25T18:59:50.136+0000] {processor.py:208} INFO - Processing /opt/airflow/dags/flex_eau_pipeline.py took 0.136 seconds
[2026-07-25T19:00:20.527+0000] {processor.py:186} INFO - Started process (PID=3851) to work on /opt/airflow/dags/flex_eau_pipeline.py
[2026-07-25T19:00:20.528+0000] {processor.py:914} INFO - Processing file /opt/airflow/dags/flex_eau_pipeline.py for tasks to queue
[2026-07-25T19:00:20.529+0000] {logging_mixin.py:190} INFO - [2026-07-25T19:00:20.529+0000] {dagbag.py:587} INFO - Filling up the DagBag from /opt/airflow/dags/flex_eau_pipeline.py
[2026-07-25T19:00:20.556+0000] {processor.py:925} INFO - DAG(s) 'flex_eau_pipeline' retrieved from /opt/airflow/dags/flex_eau_pipeline.py
[2026-07-25T19:00:20.595+0000] {logging_mixin.py:190} INFO - [2026-07-25T19:00:20.594+0000] {dag.py:3211} INFO - Sync 1 DAGs
[2026-07-25T19:00:20.622+0000] {logging_mixin.py:190} INFO - [2026-07-25T19:00:20.621+0000] {dag.py:4138} INFO - Setting next_dagrun for flex_eau_pipeline to 2026-07-25 00:00:00+00:00, run_after=2026-07-26 00:00:00+00:00
[2026-07-25T19:00:20.834+0000] {processor.py:208} INFO - Processing /opt/airflow/dags/flex_eau_pipeline.py took 0.314 seconds
[2026-07-25T19:00:51.250+0000] {processor.py:186} INFO - Started process (PID=3856) to work on /opt/airflow/dags/flex_eau_pipeline.py
[2026-07-25T19:00:51.253+0000] {processor.py:914} INFO - Processing file /opt/airflow/dags/flex_eau_pipeline.py for tasks to queue
[2026-07-25T19:00:51.255+0000] {logging_mixin.py:190} INFO - [2026-07-25T19:00:51.254+0000] {dagbag.py:587} INFO - Filling up the DagBag from /opt/airflow/dags/flex_eau_pipeline.py
[2026-07-25T19:00:51.289+0000] {processor.py:925} INFO - DAG(s) 'flex_eau_pipeline' retrieved from /opt/airflow/dags/flex_eau_pipeline.py
[2026-07-25T19:00:51.337+0000] {logging_mixin.py:190} INFO - [2026-07-25T19:00:51.336+0000] {dag.py:3211} INFO - Sync 1 DAGs
[2026-07-25T19:00:51.369+0000] {logging_mixin.py:190} INFO - [2026-07-25T19:00:51.368+0000] {dag.py:4138} INFO - Setting next_dagrun for flex_eau_pipeline to 2026-07-25 00:00:00+00:00, run_after=2026-07-26 00:00:00+00:00
[2026-07-25T19:00:51.403+0000] {processor.py:208} INFO - Processing /opt/airflow/dags/flex_eau_pipeline.py took 0.164 seconds
[2026-07-25T19:01:21.888+0000] {processor.py:186} INFO - Started process (PID=3861) to work on /opt/airflow/dags/flex_eau_pipeline.py
[2026-07-25T19:01:21.890+0000] {processor.py:914} INFO - Processing file /opt/airflow/dags/flex_eau_pipeline.py for tasks to queue
[2026-07-25T19:01:21.892+0000] {logging_mixin.py:190} INFO - [2026-07-25T19:01:21.892+0000] {dagbag.py:587} INFO - Filling up the DagBag from /opt/airflow/dags/flex_eau_pipeline.py
[2026-07-25T19:01:21.929+0000] {processor.py:925} INFO - DAG(s) 'flex_eau_pipeline' retrieved from /opt/airflow/dags/flex_eau_pipeline.py
[2026-07-25T19:01:22.008+0000] {logging_mixin.py:190} INFO - [2026-07-25T19:01:22.008+0000] {dag.py:3211} INFO - Sync 1 DAGs
[2026-07-25T19:01:22.061+0000] {logging_mixin.py:190} INFO - [2026-07-25T19:01:22.060+0000] {dag.py:4138} INFO - Setting next_dagrun for flex_eau_pipeline to 2026-07-25 00:00:00+00:00, run_after=2026-07-26 00:00:00+00:00
[2026-07-25T19:01:22.116+0000] {processor.py:208} INFO - Processing /opt/airflow/dags/flex_eau_pipeline.py took 0.236 seconds
[2026-07-25T19:01:52.490+0000] {processor.py:186} INFO - Started process (PID=3866) to work on /opt/airflow/dags/flex_eau_pipeline.py
[2026-07-25T19:01:52.492+0000] {processor.py:914} INFO - Processing file /opt/airflow/dags/flex_eau_pipeline.py for tasks to queue
[2026-07-25T19:01:52.494+0000] {logging_mixin.py:190} INFO - [2026-07-25T19:01:52.494+0000] {dagbag.py:587} INFO - Filling up the DagBag from /opt/airflow/dags/flex_eau_pipeline.py
[2026-07-25T19:01:52.533+0000] {processor.py:925} INFO - DAG(s) 'flex_eau_pipeline' retrieved from /opt/airflow/dags/flex_eau_pipeline.py
[2026-07-25T19:01:52.580+0000] {logging_mixin.py:190} INFO - [2026-07-25T19:01:52.579+0000] {dag.py:3211} INFO - Sync 1 DAGs
[2026-07-25T19:01:52.614+0000] {logging_mixin.py:190} INFO - [2026-07-25T19:01:52.614+0000] {dag.py:4138} INFO - Setting next_dagrun for flex_eau_pipeline to 2026-07-25 00:00:00+00:00, run_after=2026-07-26 00:00:00+00:00
[2026-07-25T19:01:52.645+0000] {processor.py:208} INFO - Processing /opt/airflow/dags/flex_eau_pipeline.py took 0.165 seconds
[2026-07-25T19:02:23.143+0000] {processor.py:186} INFO - Started process (PID=3871) to work on /opt/airflow/dags/flex_eau_pipeline.py
[2026-07-25T19:02:23.145+0000] {processor.py:914} INFO - Processing file /opt/airflow/dags/flex_eau_pipeline.py for tasks to queue
[2026-07-25T19:02:23.146+0000] {logging_mixin.py:190} INFO - [2026-07-25T19:02:23.146+0000] {dagbag.py:587} INFO - Filling up the DagBag from /opt/airflow/dags/flex_eau_pipeline.py
[2026-07-25T19:02:23.203+0000] {processor.py:925} INFO - DAG(s) 'flex_eau_pipeline' retrieved from /opt/airflow/dags/flex_eau_pipeline.py
[2026-07-25T19:02:23.297+0000] {logging_mixin.py:190} INFO - [2026-07-25T19:02:23.296+0000] {dag.py:3211} INFO - Sync 1 DAGs
[2026-07-25T19:02:23.331+0000] {logging_mixin.py:190} INFO - [2026-07-25T19:02:23.331+0000] {dag.py:4138} INFO - Setting next_dagrun for flex_eau_pipeline to 2026-07-25 00:00:00+00:00, run_after=2026-07-26 00:00:00+00:00
[2026-07-25T19:02:23.368+0000] {processor.py:208} INFO - Processing /opt/airflow/dags/flex_eau_pipeline.py took 0.233 seconds
[2026-07-25T19:02:53.734+0000] {processor.py:186} INFO - Started process (PID=3876) to work on /opt/airflow/dags/flex_eau_pipeline.py
[2026-07-25T19:02:53.736+0000] {processor.py:914} INFO - Processing file /opt/airflow/dags/flex_eau_pipeline.py for tasks to queue
[2026-07-25T19:02:53.738+0000] {logging_mixin.py:190} INFO - [2026-07-25T19:02:53.737+0000] {dagbag.py:587} INFO - Filling up the DagBag from /opt/airflow/dags/flex_eau_pipeline.py
[2026-07-25T19:02:53.769+0000] {processor.py:925} INFO - DAG(s) 'flex_eau_pipeline' retrieved from /opt/airflow/dags/flex_eau_pipeline.py
[2026-07-25T19:02:53.815+0000] {logging_mixin.py:190} INFO - [2026-07-25T19:02:53.814+0000] {dag.py:3211} INFO - Sync 1 DAGs
[2026-07-25T19:02:53.850+0000] {logging_mixin.py:190} INFO - [2026-07-25T19:02:53.849+0000] {dag.py:4138} INFO - Setting next_dagrun for flex_eau_pipeline to 2026-07-25 00:00:00+00:00, run_after=2026-07-26 00:00:00+00:00
[2026-07-25T19:02:54.102+0000] {processor.py:208} INFO - Processing /opt/airflow/dags/flex_eau_pipeline.py took 0.385 seconds
[2026-07-25T19:03:24.446+0000] {processor.py:186} INFO - Started process (PID=3881) to work on /opt/airflow/dags/flex_eau_pipeline.py
[2026-07-25T19:03:24.448+0000] {processor.py:914} INFO - Processing file /opt/airflow/dags/flex_eau_pipeline.py for tasks to queue
[2026-07-25T19:03:24.450+0000] {logging_mixin.py:190} INFO - [2026-07-25T19:03:24.449+0000] {dagbag.py:587} INFO - Filling up the DagBag from /opt/airflow/dags/flex_eau_pipeline.py
[2026-07-25T19:03:24.490+0000] {processor.py:925} INFO - DAG(s) 'flex_eau_pipeline' retrieved from /opt/airflow/dags/flex_eau_pipeline.py
[2026-07-25T19:03:24.546+0000] {logging_mixin.py:190} INFO - [2026-07-25T19:03:24.545+0000] {dag.py:3211} INFO - Sync 1 DAGs
[2026-07-25T19:03:24.849+0000] {logging_mixin.py:190} INFO - [2026-07-25T19:03:24.849+0000] {dag.py:4138} INFO - Setting next_dagrun for flex_eau_pipeline to 2026-07-25 00:00:00+00:00, run_after=2026-07-26 00:00:00+00:00
[2026-07-25T19:03:24.882+0000] {processor.py:208} INFO - Processing /opt/airflow/dags/flex_eau_pipeline.py took 0.445 seconds
[2026-07-25T19:03:55.250+0000] {processor.py:186} INFO - Started process (PID=3886) to work on /opt/airflow/dags/flex_eau_pipeline.py
[2026-07-25T19:03:55.253+0000] {processor.py:914} INFO - Processing file /opt/airflow/dags/flex_eau_pipeline.py for tasks to queue
[2026-07-25T19:03:55.258+0000] {logging_mixin.py:190} INFO - [2026-07-25T19:03:55.257+0000] {dagbag.py:587} INFO - Filling up the DagBag from /opt/airflow/dags/flex_eau_pipeline.py
[2026-07-25T19:03:55.323+0000] {processor.py:925} INFO - DAG(s) 'flex_eau_pipeline' retrieved from /opt/airflow/dags/flex_eau_pipeline.py
[2026-07-25T19:03:55.379+0000] {logging_mixin.py:190} INFO - [2026-07-25T19:03:55.379+0000] {dag.py:3211} INFO - Sync 1 DAGs
[2026-07-25T19:03:55.416+0000] {logging_mixin.py:190} INFO - [2026-07-25T19:03:55.415+0000] {dag.py:4138} INFO - Setting next_dagrun for flex_eau_pipeline to 2026-07-25 00:00:00+00:00, run_after=2026-07-26 00:00:00+00:00
[2026-07-25T19:03:55.458+0000] {processor.py:208} INFO - Processing /opt/airflow/dags/flex_eau_pipeline.py took 0.252 seconds
[2026-07-25T19:04:25.704+0000] {processor.py:186} INFO - Started process (PID=3891) to work on /opt/airflow/dags/flex_eau_pipeline.py
[2026-07-25T19:04:25.705+0000] {processor.py:914} INFO - Processing file /opt/airflow/dags/flex_eau_pipeline.py for tasks to queue
[2026-07-25T19:04:25.707+0000] {logging_mixin.py:190} INFO - [2026-07-25T19:04:25.707+0000] {dagbag.py:587} INFO - Filling up the DagBag from /opt/airflow/dags/flex_eau_pipeline.py
[2026-07-25T19:04:25.742+0000] {processor.py:925} INFO - DAG(s) 'flex_eau_pipeline' retrieved from /opt/airflow/dags/flex_eau_pipeline.py
[2026-07-25T19:04:25.790+0000] {logging_mixin.py:190} INFO - [2026-07-25T19:04:25.789+0000] {dag.py:3211} INFO - Sync 1 DAGs
[2026-07-25T19:04:25.823+0000] {logging_mixin.py:190} INFO - [2026-07-25T19:04:25.823+0000] {dag.py:4138} INFO - Setting next_dagrun for flex_eau_pipeline to 2026-07-25 00:00:00+00:00, run_after=2026-07-26 00:00:00+00:00
[2026-07-25T19:04:25.853+0000] {processor.py:208} INFO - Processing /opt/airflow/dags/flex_eau_pipeline.py took 0.163 seconds
[2026-07-25T19:04:56.254+0000] {processor.py:186} INFO - Started process (PID=3896) to work on /opt/airflow/dags/flex_eau_pipeline.py
[2026-07-25T19:04:56.256+0000] {processor.py:914} INFO - Processing file /opt/airflow/dags/flex_eau_pipeline.py for tasks to queue
[2026-07-25T19:04:56.258+0000] {logging_mixin.py:190} INFO - [2026-07-25T19:04:56.257+0000] {dagbag.py:587} INFO - Filling up the DagBag from /opt/airflow/dags/flex_eau_pipeline.py
[2026-07-25T19:04:56.321+0000] {processor.py:925} INFO - DAG(s) 'flex_eau_pipeline' retrieved from /opt/airflow/dags/flex_eau_pipeline.py
[2026-07-25T19:04:56.370+0000] {logging_mixin.py:190} INFO - [2026-07-25T19:04:56.370+0000] {dag.py:3211} INFO - Sync 1 DAGs
[2026-07-25T19:04:56.404+0000] {logging_mixin.py:190} INFO - [2026-07-25T19:04:56.404+0000] {dag.py:4138} INFO - Setting next_dagrun for flex_eau_pipeline to 2026-07-25 00:00:00+00:00, run_after=2026-07-26 00:00:00+00:00
[2026-07-25T19:04:56.446+0000] {processor.py:208} INFO - Processing /opt/airflow/dags/flex_eau_pipeline.py took 0.201 seconds
[2026-07-25T19:05:27.140+0000] {processor.py:186} INFO - Started process (PID=3901) to work on /opt/airflow/dags/flex_eau_pipeline.py
[2026-07-25T19:05:27.141+0000] {processor.py:914} INFO - Processing file /opt/airflow/dags/flex_eau_pipeline.py for tasks to queue
[2026-07-25T19:05:27.143+0000] {logging_mixin.py:190} INFO - [2026-07-25T19:05:27.143+0000] {dagbag.py:587} INFO - Filling up the DagBag from /opt/airflow/dags/flex_eau_pipeline.py
[2026-07-25T19:05:27.181+0000] {processor.py:925} INFO - DAG(s) 'flex_eau_pipeline' retrieved from /opt/airflow/dags/flex_eau_pipeline.py
[2026-07-25T19:05:27.231+0000] {logging_mixin.py:190} INFO - [2026-07-25T19:05:27.230+0000] {dag.py:3211} INFO - Sync 1 DAGs
[2026-07-25T19:05:27.266+0000] {logging_mixin.py:190} INFO - [2026-07-25T19:05:27.266+0000] {dag.py:4138} INFO - Setting next_dagrun for flex_eau_pipeline to 2026-07-25 00:00:00+00:00, run_after=2026-07-26 00:00:00+00:00
[2026-07-25T19:05:27.299+0000] {processor.py:208} INFO - Processing /opt/airflow/dags/flex_eau_pipeline.py took 0.170 seconds
[2026-07-25T19:05:57.747+0000] {processor.py:186} INFO - Started process (PID=3906) to work on /opt/airflow/dags/flex_eau_pipeline.py
[2026-07-25T19:05:57.749+0000] {processor.py:914} INFO - Processing file /opt/airflow/dags/flex_eau_pipeline.py for tasks to queue
[2026-07-25T19:05:57.750+0000] {logging_mixin.py:190} INFO - [2026-07-25T19:05:57.750+0000] {dagbag.py:587} INFO - Filling up the DagBag from /opt/airflow/dags/flex_eau_pipeline.py
[2026-07-25T19:05:57.808+0000] {processor.py:925} INFO - DAG(s) 'flex_eau_pipeline' retrieved from /opt/airflow/dags/flex_eau_pipeline.py
[2026-07-25T19:05:57.860+0000] {logging_mixin.py:190} INFO - [2026-07-25T19:05:57.859+0000] {dag.py:3211} INFO - Sync 1 DAGs
[2026-07-25T19:05:58.119+0000] {logging_mixin.py:190} INFO - [2026-07-25T19:05:58.118+0000] {dag.py:4138} INFO - Setting next_dagrun for flex_eau_pipeline to 2026-07-25 00:00:00+00:00, run_after=2026-07-26 00:00:00+00:00
[2026-07-25T19:05:58.155+0000] {processor.py:208} INFO - Processing /opt/airflow/dags/flex_eau_pipeline.py took 0.420 seconds
[2026-07-25T19:06:28.532+0000] {processor.py:186} INFO - Started process (PID=3911) to work on /opt/airflow/dags/flex_eau_pipeline.py
[2026-07-25T19:06:28.534+0000] {processor.py:914} INFO - Processing file /opt/airflow/dags/flex_eau_pipeline.py for tasks to queue
[2026-07-25T19:06:28.537+0000] {logging_mixin.py:190} INFO - [2026-07-25T19:06:28.537+0000] {dagbag.py:587} INFO - Filling up the DagBag from /opt/airflow/dags/flex_eau_pipeline.py
[2026-07-25T19:06:28.574+0000] {processor.py:925} INFO - DAG(s) 'flex_eau_pipeline' retrieved from /opt/airflow/dags/flex_eau_pipeline.py
[2026-07-25T19:06:28.621+0000] {logging_mixin.py:190} INFO - [2026-07-25T19:06:28.621+0000] {dag.py:3211} INFO - Sync 1 DAGs
[2026-07-25T19:06:28.651+0000] {logging_mixin.py:190} INFO - [2026-07-25T19:06:28.650+0000] {dag.py:4138} INFO - Setting next_dagrun for flex_eau_pipeline to 2026-07-25 00:00:00+00:00, run_after=2026-07-26 00:00:00+00:00
[2026-07-25T19:06:28.679+0000] {processor.py:208} INFO - Processing /opt/airflow/dags/flex_eau_pipeline.py took 0.162 seconds
[2026-07-25T19:06:59.386+0000] {processor.py:186} INFO - Started process (PID=3916) to work on /opt/airflow/dags/flex_eau_pipeline.py
[2026-07-25T19:06:59.388+0000] {processor.py:914} INFO - Processing file /opt/airflow/dags/flex_eau_pipeline.py for tasks to queue
[2026-07-25T19:06:59.391+0000] {logging_mixin.py:190} INFO - [2026-07-25T19:06:59.390+0000] {dagbag.py:587} INFO - Filling up the DagBag from /opt/airflow/dags/flex_eau_pipeline.py
[2026-07-25T19:06:59.443+0000] {processor.py:925} INFO - DAG(s) 'flex_eau_pipeline' retrieved from /opt/airflow/dags/flex_eau_pipeline.py
[2026-07-25T19:06:59.501+0000] {logging_mixin.py:190} INFO - [2026-07-25T19:06:59.501+0000] {dag.py:3211} INFO - Sync 1 DAGs
[2026-07-25T19:06:59.562+0000] {logging_mixin.py:190} INFO - [2026-07-25T19:06:59.562+0000] {dag.py:4138} INFO - Setting next_dagrun for flex_eau_pipeline to 2026-07-25 00:00:00+00:00, run_after=2026-07-26 00:00:00+00:00
[2026-07-25T19:06:59.612+0000] {processor.py:208} INFO - Processing /opt/airflow/dags/flex_eau_pipeline.py took 0.234 seconds
[2026-07-25T19:07:30.539+0000] {processor.py:186} INFO - Started process (PID=3921) to work on /opt/airflow/dags/flex_eau_pipeline.py
[2026-07-25T19:07:30.541+0000] {processor.py:914} INFO - Processing file /opt/airflow/dags/flex_eau_pipeline.py for tasks to queue
[2026-07-25T19:07:30.544+0000] {logging_mixin.py:190} INFO - [2026-07-25T19:07:30.543+0000] {dagbag.py:587} INFO - Filling up the DagBag from /opt/airflow/dags/flex_eau_pipeline.py
[2026-07-25T19:07:30.607+0000] {processor.py:925} INFO - DAG(s) 'flex_eau_pipeline' retrieved from /opt/airflow/dags/flex_eau_pipeline.py
[2026-07-25T19:07:30.655+0000] {logging_mixin.py:190} INFO - [2026-07-25T19:07:30.655+0000] {dag.py:3211} INFO - Sync 1 DAGs
[2026-07-25T19:07:30.687+0000] {logging_mixin.py:190} INFO - [2026-07-25T19:07:30.687+0000] {dag.py:4138} INFO - Setting next_dagrun for flex_eau_pipeline to 2026-07-25 00:00:00+00:00, run_after=2026-07-26 00:00:00+00:00
[2026-07-25T19:07:30.741+0000] {processor.py:208} INFO - Processing /opt/airflow/dags/flex_eau_pipeline.py took 0.217 seconds
[2026-07-25T19:08:00.886+0000] {processor.py:186} INFO - Started process (PID=3926) to work on /opt/airflow/dags/flex_eau_pipeline.py
[2026-07-25T19:08:00.888+0000] {processor.py:914} INFO - Processing file /opt/airflow/dags/flex_eau_pipeline.py for tasks to queue
[2026-07-25T19:08:00.889+0000] {logging_mixin.py:190} INFO - [2026-07-25T19:08:00.889+0000] {dagbag.py:587} INFO - Filling up the DagBag from /opt/airflow/dags/flex_eau_pipeline.py
[2026-07-25T19:08:00.928+0000] {processor.py:925} INFO - DAG(s) 'flex_eau_pipeline' retrieved from /opt/airflow/dags/flex_eau_pipeline.py
[2026-07-25T19:08:00.974+0000] {logging_mixin.py:190} INFO - [2026-07-25T19:08:00.973+0000] {dag.py:3211} INFO - Sync 1 DAGs
[2026-07-25T19:08:01.006+0000] {logging_mixin.py:190} INFO - [2026-07-25T19:08:01.005+0000] {dag.py:4138} INFO - Setting next_dagrun for flex_eau_pipeline to 2026-07-25 00:00:00+00:00, run_after=2026-07-26 00:00:00+00:00
[2026-07-25T19:08:01.051+0000] {processor.py:208} INFO - Processing /opt/airflow/dags/flex_eau_pipeline.py took 0.174 seconds
[2026-07-25T19:08:31.474+0000] {processor.py:186} INFO - Started process (PID=3931) to work on /opt/airflow/dags/flex_eau_pipeline.py
[2026-07-25T19:08:31.481+0000] {processor.py:914} INFO - Processing file /opt/airflow/dags/flex_eau_pipeline.py for tasks to queue
[2026-07-25T19:08:31.486+0000] {logging_mixin.py:190} INFO - [2026-07-25T19:08:31.485+0000] {dagbag.py:587} INFO - Filling up the DagBag from /opt/airflow/dags/flex_eau_pipeline.py
[2026-07-25T19:08:31.572+0000] {processor.py:925} INFO - DAG(s) 'flex_eau_pipeline' retrieved from /opt/airflow/dags/flex_eau_pipeline.py
[2026-07-25T19:08:31.693+0000] {logging_mixin.py:190} INFO - [2026-07-25T19:08:31.693+0000] {dag.py:3211} INFO - Sync 1 DAGs
[2026-07-25T19:08:31.770+0000] {logging_mixin.py:190} INFO - [2026-07-25T19:08:31.769+0000] {dag.py:4138} INFO - Setting next_dagrun for flex_eau_pipeline to 2026-07-25 00:00:00+00:00, run_after=2026-07-26 00:00:00+00:00
[2026-07-25T19:08:32.139+0000] {processor.py:208} INFO - Processing /opt/airflow/dags/flex_eau_pipeline.py took 0.697 seconds
[2026-07-25T19:09:02.750+0000] {processor.py:186} INFO - Started process (PID=3936) to work on /opt/airflow/dags/flex_eau_pipeline.py
[2026-07-25T19:09:02.760+0000] {processor.py:914} INFO - Processing file /opt/airflow/dags/flex_eau_pipeline.py for tasks to queue
[2026-07-25T19:09:02.770+0000] {logging_mixin.py:190} INFO - [2026-07-25T19:09:02.768+0000] {dagbag.py:587} INFO - Filling up the DagBag from /opt/airflow/dags/flex_eau_pipeline.py
[2026-07-25T19:09:02.848+0000] {processor.py:925} INFO - DAG(s) 'flex_eau_pipeline' retrieved from /opt/airflow/dags/flex_eau_pipeline.py
[2026-07-25T19:09:02.933+0000] {logging_mixin.py:190} INFO - [2026-07-25T19:09:02.932+0000] {dag.py:3211} INFO - Sync 1 DAGs
[2026-07-25T19:09:03.215+0000] {logging_mixin.py:190} INFO - [2026-07-25T19:09:03.215+0000] {dag.py:4138} INFO - Setting next_dagrun for flex_eau_pipeline to 2026-07-25 00:00:00+00:00, run_after=2026-07-26 00:00:00+00:00
[2026-07-25T19:09:03.250+0000] {processor.py:208} INFO - Processing /opt/airflow/dags/flex_eau_pipeline.py took 0.533 seconds
[2026-07-25T19:09:33.717+0000] {processor.py:186} INFO - Started process (PID=3941) to work on /opt/airflow/dags/flex_eau_pipeline.py
[2026-07-25T19:09:33.719+0000] {processor.py:914} INFO - Processing file /opt/airflow/dags/flex_eau_pipeline.py for tasks to queue
[2026-07-25T19:09:33.722+0000] {logging_mixin.py:190} INFO - [2026-07-25T19:09:33.721+0000] {dagbag.py:587} INFO - Filling up the DagBag from /opt/airflow/dags/flex_eau_pipeline.py
[2026-07-25T19:09:33.769+0000] {processor.py:925} INFO - DAG(s) 'flex_eau_pipeline' retrieved from /opt/airflow/dags/flex_eau_pipeline.py
[2026-07-25T19:09:33.824+0000] {logging_mixin.py:190} INFO - [2026-07-25T19:09:33.824+0000] {dag.py:3211} INFO - Sync 1 DAGs
[2026-07-25T19:09:33.862+0000] {logging_mixin.py:190} INFO - [2026-07-25T19:09:33.861+0000] {dag.py:4138} INFO - Setting next_dagrun for flex_eau_pipeline to 2026-07-25 00:00:00+00:00, run_after=2026-07-26 00:00:00+00:00
[2026-07-25T19:09:33.895+0000] {processor.py:208} INFO - Processing /opt/airflow/dags/flex_eau_pipeline.py took 0.202 seconds
[2026-07-25T19:10:04.253+0000] {processor.py:186} INFO - Started process (PID=3946) to work on /opt/airflow/dags/flex_eau_pipeline.py
[2026-07-25T19:10:04.255+0000] {processor.py:914} INFO - Processing file /opt/airflow/dags/flex_eau_pipeline.py for tasks to queue
[2026-07-25T19:10:04.256+0000] {logging_mixin.py:190} INFO - [2026-07-25T19:10:04.256+0000] {dagbag.py:587} INFO - Filling up the DagBag from /opt/airflow/dags/flex_eau_pipeline.py
[2026-07-25T19:10:04.319+0000] {processor.py:925} INFO - DAG(s) 'flex_eau_pipeline' retrieved from /opt/airflow/dags/flex_eau_pipeline.py
[2026-07-25T19:10:04.420+0000] {logging_mixin.py:190} INFO - [2026-07-25T19:10:04.419+0000] {dag.py:3211} INFO - Sync 1 DAGs
[2026-07-25T19:10:04.467+0000] {logging_mixin.py:190} INFO - [2026-07-25T19:10:04.467+0000] {dag.py:4138} INFO - Setting next_dagrun for flex_eau_pipeline to 2026-07-25 00:00:00+00:00, run_after=2026-07-26 00:00:00+00:00
[2026-07-25T19:10:04.513+0000] {processor.py:208} INFO - Processing /opt/airflow/dags/flex_eau_pipeline.py took 0.274 seconds
[2026-07-25T19:10:34.873+0000] {processor.py:186} INFO - Started process (PID=3951) to work on /opt/airflow/dags/flex_eau_pipeline.py
[2026-07-25T19:10:34.875+0000] {processor.py:914} INFO - Processing file /opt/airflow/dags/flex_eau_pipeline.py for tasks to queue
[2026-07-25T19:10:34.878+0000] {logging_mixin.py:190} INFO - [2026-07-25T19:10:34.877+0000] {dagbag.py:587} INFO - Filling up the DagBag from /opt/airflow/dags/flex_eau_pipeline.py
[2026-07-25T19:10:34.920+0000] {processor.py:925} INFO - DAG(s) 'flex_eau_pipeline' retrieved from /opt/airflow/dags/flex_eau_pipeline.py
[2026-07-25T19:10:34.995+0000] {logging_mixin.py:190} INFO - [2026-07-25T19:10:34.993+0000] {dag.py:3211} INFO - Sync 1 DAGs
[2026-07-25T19:10:35.029+0000] {logging_mixin.py:190} INFO - [2026-07-25T19:10:35.029+0000] {dag.py:4138} INFO - Setting next_dagrun for flex_eau_pipeline to 2026-07-25 00:00:00+00:00, run_after=2026-07-26 00:00:00+00:00
[2026-07-25T19:10:35.058+0000] {processor.py:208} INFO - Processing /opt/airflow/dags/flex_eau_pipeline.py took 0.208 seconds
[2026-07-25T19:11:05.410+0000] {processor.py:186} INFO - Started process (PID=3956) to work on /opt/airflow/dags/flex_eau_pipeline.py
[2026-07-25T19:11:05.412+0000] {processor.py:914} INFO - Processing file /opt/airflow/dags/flex_eau_pipeline.py for tasks to queue
[2026-07-25T19:11:05.414+0000] {logging_mixin.py:190} INFO - [2026-07-25T19:11:05.413+0000] {dagbag.py:587} INFO - Filling up the DagBag from /opt/airflow/dags/flex_eau_pipeline.py
[2026-07-25T19:11:05.447+0000] {processor.py:925} INFO - DAG(s) 'flex_eau_pipeline' retrieved from /opt/airflow/dags/flex_eau_pipeline.py
[2026-07-25T19:11:05.499+0000] {logging_mixin.py:190} INFO - [2026-07-25T19:11:05.498+0000] {dag.py:3211} INFO - Sync 1 DAGs
[2026-07-25T19:11:05.567+0000] {logging_mixin.py:190} INFO - [2026-07-25T19:11:05.567+0000] {dag.py:4138} INFO - Setting next_dagrun for flex_eau_pipeline to 2026-07-25 00:00:00+00:00, run_after=2026-07-26 00:00:00+00:00
[2026-07-25T19:11:05.873+0000] {processor.py:208} INFO - Processing /opt/airflow/dags/flex_eau_pipeline.py took 0.472 seconds
[2026-07-25T19:45:36.000+0000] {processor.py:186} INFO - Started process (PID=167) to work on /opt/airflow/dags/flex_eau_pipeline.py
[2026-07-25T19:45:36.003+0000] {processor.py:914} INFO - Processing file /opt/airflow/dags/flex_eau_pipeline.py for tasks to queue
[2026-07-25T19:45:36.006+0000] {logging_mixin.py:190} INFO - [2026-07-25T19:45:36.006+0000] {dagbag.py:587} INFO - Filling up the DagBag from /opt/airflow/dags/flex_eau_pipeline.py
[2026-07-25T19:45:36.065+0000] {processor.py:925} INFO - DAG(s) 'flex_eau_pipeline' retrieved from /opt/airflow/dags/flex_eau_pipeline.py
[2026-07-25T19:45:36.355+0000] {logging_mixin.py:190} INFO - [2026-07-25T19:45:36.355+0000] {override.py:1858} INFO - Created Permission View: can delete on DAG:flex_eau_pipeline
[2026-07-25T19:45:36.369+0000] {logging_mixin.py:190} INFO - [2026-07-25T19:45:36.369+0000] {override.py:1858} INFO - Created Permission View: can edit on DAG:flex_eau_pipeline
[2026-07-25T19:45:36.378+0000] {logging_mixin.py:190} INFO - [2026-07-25T19:45:36.377+0000] {override.py:1858} INFO - Created Permission View: can read on DAG:flex_eau_pipeline
[2026-07-25T19:45:36.378+0000] {logging_mixin.py:190} INFO - [2026-07-25T19:45:36.378+0000] {dag.py:3211} INFO - Sync 1 DAGs
[2026-07-25T19:45:36.395+0000] {logging_mixin.py:190} INFO - [2026-07-25T19:45:36.395+0000] {dag.py:3234} INFO - Creating ORM DAG for flex_eau_pipeline
[2026-07-25T19:45:36.409+0000] {logging_mixin.py:190} INFO - [2026-07-25T19:45:36.408+0000] {dag.py:4138} INFO - Setting next_dagrun for flex_eau_pipeline to 2026-07-24 00:00:00+00:00, run_after=2026-07-25 00:00:00+00:00
[2026-07-25T19:45:36.436+0000] {processor.py:208} INFO - Processing /opt/airflow/dags/flex_eau_pipeline.py took 0.450 seconds
[2026-07-25T19:46:06.910+0000] {processor.py:186} INFO - Started process (PID=172) to work on /opt/airflow/dags/flex_eau_pipeline.py
[2026-07-25T19:46:06.934+0000] {processor.py:914} INFO - Processing file /opt/airflow/dags/flex_eau_pipeline.py for tasks to queue
[2026-07-25T19:46:06.959+0000] {logging_mixin.py:190} INFO - [2026-07-25T19:46:06.957+0000] {dagbag.py:587} INFO - Filling up the DagBag from /opt/airflow/dags/flex_eau_pipeline.py
[2026-07-25T19:46:07.058+0000] {processor.py:925} INFO - DAG(s) 'flex_eau_pipeline' retrieved from /opt/airflow/dags/flex_eau_pipeline.py
[2026-07-25T19:46:07.258+0000] {logging_mixin.py:190} INFO - [2026-07-25T19:46:07.258+0000] {dag.py:3211} INFO - Sync 1 DAGs
[2026-07-25T19:46:07.404+0000] {logging_mixin.py:190} INFO - [2026-07-25T19:46:07.403+0000] {dag.py:4138} INFO - Setting next_dagrun for flex_eau_pipeline to 2026-07-24 00:00:00+00:00, run_after=2026-07-25 00:00:00+00:00
[2026-07-25T19:46:07.479+0000] {processor.py:208} INFO - Processing /opt/airflow/dags/flex_eau_pipeline.py took 0.612 seconds
[2026-07-25T19:46:38.073+0000] {processor.py:186} INFO - Started process (PID=177) to work on /opt/airflow/dags/flex_eau_pipeline.py
[2026-07-25T19:46:38.075+0000] {processor.py:914} INFO - Processing file /opt/airflow/dags/flex_eau_pipeline.py for tasks to queue
[2026-07-25T19:46:38.084+0000] {logging_mixin.py:190} INFO - [2026-07-25T19:46:38.083+0000] {dagbag.py:587} INFO - Filling up the DagBag from /opt/airflow/dags/flex_eau_pipeline.py
[2026-07-25T19:46:38.150+0000] {processor.py:925} INFO - DAG(s) 'flex_eau_pipeline' retrieved from /opt/airflow/dags/flex_eau_pipeline.py
[2026-07-25T19:46:38.220+0000] {logging_mixin.py:190} INFO - [2026-07-25T19:46:38.220+0000] {dag.py:3211} INFO - Sync 1 DAGs
[2026-07-25T19:46:38.271+0000] {logging_mixin.py:190} INFO - [2026-07-25T19:46:38.271+0000] {dag.py:4138} INFO - Setting next_dagrun for flex_eau_pipeline to 2026-07-24 00:00:00+00:00, run_after=2026-07-25 00:00:00+00:00
[2026-07-25T19:46:38.318+0000] {processor.py:208} INFO - Processing /opt/airflow/dags/flex_eau_pipeline.py took 0.281 seconds
[2026-07-25T19:47:08.700+0000] {processor.py:186} INFO - Started process (PID=182) to work on /opt/airflow/dags/flex_eau_pipeline.py
[2026-07-25T19:47:08.704+0000] {processor.py:914} INFO - Processing file /opt/airflow/dags/flex_eau_pipeline.py for tasks to queue
[2026-07-25T19:47:08.710+0000] {logging_mixin.py:190} INFO - [2026-07-25T19:47:08.710+0000] {dagbag.py:587} INFO - Filling up the DagBag from /opt/airflow/dags/flex_eau_pipeline.py
[2026-07-25T19:47:08.790+0000] {processor.py:925} INFO - DAG(s) 'flex_eau_pipeline' retrieved from /opt/airflow/dags/flex_eau_pipeline.py
[2026-07-25T19:47:08.838+0000] {logging_mixin.py:190} INFO - [2026-07-25T19:47:08.837+0000] {dag.py:3211} INFO - Sync 1 DAGs
[2026-07-25T19:47:08.867+0000] {logging_mixin.py:190} INFO - [2026-07-25T19:47:08.867+0000] {dag.py:4138} INFO - Setting next_dagrun for flex_eau_pipeline to 2026-07-24 00:00:00+00:00, run_after=2026-07-25 00:00:00+00:00
[2026-07-25T19:47:08.896+0000] {processor.py:208} INFO - Processing /opt/airflow/dags/flex_eau_pipeline.py took 0.260 seconds
[2026-07-25T19:47:39.353+0000] {processor.py:186} INFO - Started process (PID=187) to work on /opt/airflow/dags/flex_eau_pipeline.py
[2026-07-25T19:47:39.369+0000] {processor.py:914} INFO - Processing file /opt/airflow/dags/flex_eau_pipeline.py for tasks to queue
[2026-07-25T19:47:39.439+0000] {logging_mixin.py:190} INFO - [2026-07-25T19:47:39.429+0000] {dagbag.py:587} INFO - Filling up the DagBag from /opt/airflow/dags/flex_eau_pipeline.py
[2026-07-25T19:47:39.649+0000] {processor.py:925} INFO - DAG(s) 'flex_eau_pipeline' retrieved from /opt/airflow/dags/flex_eau_pipeline.py
[2026-07-25T19:47:39.801+0000] {logging_mixin.py:190} INFO - [2026-07-25T19:47:39.800+0000] {dag.py:3211} INFO - Sync 1 DAGs
[2026-07-25T19:47:39.986+0000] {logging_mixin.py:190} INFO - [2026-07-25T19:47:39.985+0000] {dag.py:4138} INFO - Setting next_dagrun for flex_eau_pipeline to 2026-07-24 00:00:00+00:00, run_after=2026-07-25 00:00:00+00:00
[2026-07-25T19:47:40.100+0000] {processor.py:208} INFO - Processing /opt/airflow/dags/flex_eau_pipeline.py took 0.791 seconds
[2026-07-25T19:48:10.993+0000] {processor.py:186} INFO - Started process (PID=192) to work on /opt/airflow/dags/flex_eau_pipeline.py
[2026-07-25T19:48:11.012+0000] {processor.py:914} INFO - Processing file /opt/airflow/dags/flex_eau_pipeline.py for tasks to queue
[2026-07-25T19:48:11.079+0000] {logging_mixin.py:190} INFO - [2026-07-25T19:48:11.075+0000] {dagbag.py:587} INFO - Filling up the DagBag from /opt/airflow/dags/flex_eau_pipeline.py
[2026-07-25T19:48:11.320+0000] {processor.py:925} INFO - DAG(s) 'flex_eau_pipeline' retrieved from /opt/airflow/dags/flex_eau_pipeline.py
[2026-07-25T19:48:11.417+0000] {logging_mixin.py:190} INFO - [2026-07-25T19:48:11.417+0000] {dag.py:3211} INFO - Sync 1 DAGs
[2026-07-25T19:48:11.459+0000] {logging_mixin.py:190} INFO - [2026-07-25T19:48:11.458+0000] {dag.py:4138} INFO - Setting next_dagrun for flex_eau_pipeline to 2026-07-24 00:00:00+00:00, run_after=2026-07-25 00:00:00+00:00
[2026-07-25T19:48:11.538+0000] {processor.py:208} INFO - Processing /opt/airflow/dags/flex_eau_pipeline.py took 0.673 seconds
[2026-07-25T19:48:41.856+0000] {processor.py:186} INFO - Started process (PID=197) to work on /opt/airflow/dags/flex_eau_pipeline.py
[2026-07-25T19:48:41.878+0000] {processor.py:914} INFO - Processing file /opt/airflow/dags/flex_eau_pipeline.py for tasks to queue
[2026-07-25T19:48:41.920+0000] {logging_mixin.py:190} INFO - [2026-07-25T19:48:41.919+0000] {dagbag.py:587} INFO - Filling up the DagBag from /opt/airflow/dags/flex_eau_pipeline.py
[2026-07-25T19:48:42.165+0000] {processor.py:925} INFO - DAG(s) 'flex_eau_pipeline' retrieved from /opt/airflow/dags/flex_eau_pipeline.py
[2026-07-25T19:48:42.406+0000] {logging_mixin.py:190} INFO - [2026-07-25T19:48:42.405+0000] {dag.py:3211} INFO - Sync 1 DAGs
[2026-07-25T19:48:42.505+0000] {logging_mixin.py:190} INFO - [2026-07-25T19:48:42.504+0000] {dag.py:4138} INFO - Setting next_dagrun for flex_eau_pipeline to 2026-07-24 00:00:00+00:00, run_after=2026-07-25 00:00:00+00:00
[2026-07-25T19:48:42.562+0000] {processor.py:208} INFO - Processing /opt/airflow/dags/flex_eau_pipeline.py took 0.853 seconds
[2026-07-25T19:49:12.768+0000] {processor.py:186} INFO - Started process (PID=221) to work on /opt/airflow/dags/flex_eau_pipeline.py
[2026-07-25T19:49:12.774+0000] {processor.py:914} INFO - Processing file /opt/airflow/dags/flex_eau_pipeline.py for tasks to queue
[2026-07-25T19:49:12.789+0000] {logging_mixin.py:190} INFO - [2026-07-25T19:49:12.786+0000] {dagbag.py:587} INFO - Filling up the DagBag from /opt/airflow/dags/flex_eau_pipeline.py
[2026-07-25T19:49:12.912+0000] {processor.py:925} INFO - DAG(s) 'flex_eau_pipeline' retrieved from /opt/airflow/dags/flex_eau_pipeline.py
[2026-07-25T19:49:13.138+0000] {logging_mixin.py:190} INFO - [2026-07-25T19:49:13.138+0000] {dag.py:3211} INFO - Sync 1 DAGs
[2026-07-25T19:49:13.233+0000] {logging_mixin.py:190} INFO - [2026-07-25T19:49:13.233+0000] {dag.py:4138} INFO - Setting next_dagrun for flex_eau_pipeline to 2026-07-25 00:00:00+00:00, run_after=2026-07-26 00:00:00+00:00
[2026-07-25T19:49:13.267+0000] {processor.py:208} INFO - Processing /opt/airflow/dags/flex_eau_pipeline.py took 0.580 seconds
[2026-07-25T19:49:43.368+0000] {processor.py:186} INFO - Started process (PID=238) to work on /opt/airflow/dags/flex_eau_pipeline.py
[2026-07-25T19:49:43.369+0000] {processor.py:914} INFO - Processing file /opt/airflow/dags/flex_eau_pipeline.py for tasks to queue
[2026-07-25T19:49:43.373+0000] {logging_mixin.py:190} INFO - [2026-07-25T19:49:43.373+0000] {dagbag.py:587} INFO - Filling up the DagBag from /opt/airflow/dags/flex_eau_pipeline.py
[2026-07-25T19:49:43.427+0000] {processor.py:925} INFO - DAG(s) 'flex_eau_pipeline' retrieved from /opt/airflow/dags/flex_eau_pipeline.py
[2026-07-25T19:49:43.583+0000] {logging_mixin.py:190} INFO - [2026-07-25T19:49:43.582+0000] {dag.py:3211} INFO - Sync 1 DAGs
[2026-07-25T19:49:43.652+0000] {logging_mixin.py:190} INFO - [2026-07-25T19:49:43.652+0000] {dag.py:4138} INFO - Setting next_dagrun for flex_eau_pipeline to 2026-07-25 00:00:00+00:00, run_after=2026-07-26 00:00:00+00:00
[2026-07-25T19:49:43.678+0000] {processor.py:208} INFO - Processing /opt/airflow/dags/flex_eau_pipeline.py took 0.320 seconds
[2026-07-25T19:50:13.856+0000] {processor.py:186} INFO - Started process (PID=256) to work on /opt/airflow/dags/flex_eau_pipeline.py
[2026-07-25T19:50:13.864+0000] {processor.py:914} INFO - Processing file /opt/airflow/dags/flex_eau_pipeline.py for tasks to queue
[2026-07-25T19:50:13.873+0000] {logging_mixin.py:190} INFO - [2026-07-25T19:50:13.872+0000] {dagbag.py:587} INFO - Filling up the DagBag from /opt/airflow/dags/flex_eau_pipeline.py
[2026-07-25T19:50:13.918+0000] {processor.py:925} INFO - DAG(s) 'flex_eau_pipeline' retrieved from /opt/airflow/dags/flex_eau_pipeline.py
[2026-07-25T19:50:14.043+0000] {logging_mixin.py:190} INFO - [2026-07-25T19:50:14.043+0000] {dag.py:3211} INFO - Sync 1 DAGs
[2026-07-25T19:50:14.130+0000] {logging_mixin.py:190} INFO - [2026-07-25T19:50:14.130+0000] {dag.py:4138} INFO - Setting next_dagrun for flex_eau_pipeline to 2026-07-25 00:00:00+00:00, run_after=2026-07-26 00:00:00+00:00
[2026-07-25T19:50:14.212+0000] {processor.py:208} INFO - Processing /opt/airflow/dags/flex_eau_pipeline.py took 0.380 seconds
[2026-07-25T19:50:45.446+0000] {processor.py:186} INFO - Started process (PID=1244) to work on /opt/airflow/dags/flex_eau_pipeline.py
[2026-07-25T19:50:45.456+0000] {processor.py:914} INFO - Processing file /opt/airflow/dags/flex_eau_pipeline.py for tasks to queue
[2026-07-25T19:50:45.512+0000] {logging_mixin.py:190} INFO - [2026-07-25T19:50:45.497+0000] {dagbag.py:587} INFO - Filling up the DagBag from /opt/airflow/dags/flex_eau_pipeline.py
[2026-07-25T19:50:46.433+0000] {processor.py:925} INFO - DAG(s) 'flex_eau_pipeline' retrieved from /opt/airflow/dags/flex_eau_pipeline.py
[2026-07-25T19:50:47.925+0000] {logging_mixin.py:190} INFO - [2026-07-25T19:50:47.925+0000] {dag.py:3211} INFO - Sync 1 DAGs
[2026-07-25T19:50:49.016+0000] {logging_mixin.py:190} INFO - [2026-07-25T19:50:49.013+0000] {dag.py:4138} INFO - Setting next_dagrun for flex_eau_pipeline to 2026-07-25 00:00:00+00:00, run_after=2026-07-26 00:00:00+00:00
[2026-07-25T19:50:49.667+0000] {processor.py:208} INFO - Processing /opt/airflow/dags/flex_eau_pipeline.py took 4.311 seconds
[2026-07-25T19:51:19.900+0000] {processor.py:186} INFO - Started process (PID=1608) to work on /opt/airflow/dags/flex_eau_pipeline.py
[2026-07-25T19:51:19.902+0000] {processor.py:914} INFO - Processing file /opt/airflow/dags/flex_eau_pipeline.py for tasks to queue
[2026-07-25T19:51:19.906+0000] {logging_mixin.py:190} INFO - [2026-07-25T19:51:19.905+0000] {dagbag.py:587} INFO - Filling up the DagBag from /opt/airflow/dags/flex_eau_pipeline.py
[2026-07-25T19:51:19.942+0000] {processor.py:925} INFO - DAG(s) 'flex_eau_pipeline' retrieved from /opt/airflow/dags/flex_eau_pipeline.py
[2026-07-25T19:51:19.991+0000] {logging_mixin.py:190} INFO - [2026-07-25T19:51:19.988+0000] {dag.py:3211} INFO - Sync 1 DAGs
[2026-07-25T19:51:20.021+0000] {logging_mixin.py:190} INFO - [2026-07-25T19:51:20.021+0000] {dag.py:4138} INFO - Setting next_dagrun for flex_eau_pipeline to 2026-07-25 00:00:00+00:00, run_after=2026-07-26 00:00:00+00:00
[2026-07-25T19:51:20.053+0000] {processor.py:208} INFO - Processing /opt/airflow/dags/flex_eau_pipeline.py took 0.164 seconds
[2026-07-25T19:51:50.321+0000] {processor.py:186} INFO - Started process (PID=1613) to work on /opt/airflow/dags/flex_eau_pipeline.py
[2026-07-25T19:51:50.322+0000] {processor.py:914} INFO - Processing file /opt/airflow/dags/flex_eau_pipeline.py for tasks to queue
[2026-07-25T19:51:50.325+0000] {logging_mixin.py:190} INFO - [2026-07-25T19:51:50.325+0000] {dagbag.py:587} INFO - Filling up the DagBag from /opt/airflow/dags/flex_eau_pipeline.py
[2026-07-25T19:51:50.359+0000] {processor.py:925} INFO - DAG(s) 'flex_eau_pipeline' retrieved from /opt/airflow/dags/flex_eau_pipeline.py
[2026-07-25T19:51:50.405+0000] {logging_mixin.py:190} INFO - [2026-07-25T19:51:50.405+0000] {dag.py:3211} INFO - Sync 1 DAGs
[2026-07-25T19:51:50.434+0000] {logging_mixin.py:190} INFO - [2026-07-25T19:51:50.434+0000] {dag.py:4138} INFO - Setting next_dagrun for flex_eau_pipeline to 2026-07-25 00:00:00+00:00, run_after=2026-07-26 00:00:00+00:00
[2026-07-25T19:51:50.462+0000] {processor.py:208} INFO - Processing /opt/airflow/dags/flex_eau_pipeline.py took 0.149 seconds
[2026-07-25T19:52:20.758+0000] {processor.py:186} INFO - Started process (PID=1618) to work on /opt/airflow/dags/flex_eau_pipeline.py
[2026-07-25T19:52:20.760+0000] {processor.py:914} INFO - Processing file /opt/airflow/dags/flex_eau_pipeline.py for tasks to queue
[2026-07-25T19:52:20.762+0000] {logging_mixin.py:190} INFO - [2026-07-25T19:52:20.762+0000] {dagbag.py:587} INFO - Filling up the DagBag from /opt/airflow/dags/flex_eau_pipeline.py
[2026-07-25T19:52:20.792+0000] {processor.py:925} INFO - DAG(s) 'flex_eau_pipeline' retrieved from /opt/airflow/dags/flex_eau_pipeline.py
[2026-07-25T19:52:20.837+0000] {logging_mixin.py:190} INFO - [2026-07-25T19:52:20.837+0000] {dag.py:3211} INFO - Sync 1 DAGs
[2026-07-25T19:52:20.869+0000] {logging_mixin.py:190} INFO - [2026-07-25T19:52:20.869+0000] {dag.py:4138} INFO - Setting next_dagrun for flex_eau_pipeline to 2026-07-25 00:00:00+00:00, run_after=2026-07-26 00:00:00+00:00
[2026-07-25T19:52:20.894+0000] {processor.py:208} INFO - Processing /opt/airflow/dags/flex_eau_pipeline.py took 0.143 seconds
[2026-07-25T19:52:51.337+0000] {processor.py:186} INFO - Started process (PID=1623) to work on /opt/airflow/dags/flex_eau_pipeline.py
[2026-07-25T19:52:51.338+0000] {processor.py:914} INFO - Processing file /opt/airflow/dags/flex_eau_pipeline.py for tasks to queue
[2026-07-25T19:52:51.341+0000] {logging_mixin.py:190} INFO - [2026-07-25T19:52:51.340+0000] {dagbag.py:587} INFO - Filling up the DagBag from /opt/airflow/dags/flex_eau_pipeline.py
[2026-07-25T19:52:51.369+0000] {processor.py:925} INFO - DAG(s) 'flex_eau_pipeline' retrieved from /opt/airflow/dags/flex_eau_pipeline.py
[2026-07-25T19:52:51.428+0000] {logging_mixin.py:190} INFO - [2026-07-25T19:52:51.428+0000] {dag.py:3211} INFO - Sync 1 DAGs
[2026-07-25T19:52:51.456+0000] {logging_mixin.py:190} INFO - [2026-07-25T19:52:51.456+0000] {dag.py:4138} INFO - Setting next_dagrun for flex_eau_pipeline to 2026-07-25 00:00:00+00:00, run_after=2026-07-26 00:00:00+00:00
[2026-07-25T19:52:51.479+0000] {processor.py:208} INFO - Processing /opt/airflow/dags/flex_eau_pipeline.py took 0.148 seconds
[2026-07-25T19:53:21.672+0000] {processor.py:186} INFO - Started process (PID=1628) to work on /opt/airflow/dags/flex_eau_pipeline.py
[2026-07-25T19:53:21.673+0000] {processor.py:914} INFO - Processing file /opt/airflow/dags/flex_eau_pipeline.py for tasks to queue
[2026-07-25T19:53:21.676+0000] {logging_mixin.py:190} INFO - [2026-07-25T19:53:21.676+0000] {dagbag.py:587} INFO - Filling up the DagBag from /opt/airflow/dags/flex_eau_pipeline.py
[2026-07-25T19:53:21.703+0000] {processor.py:925} INFO - DAG(s) 'flex_eau_pipeline' retrieved from /opt/airflow/dags/flex_eau_pipeline.py
[2026-07-25T19:53:21.746+0000] {logging_mixin.py:190} INFO - [2026-07-25T19:53:21.746+0000] {dag.py:3211} INFO - Sync 1 DAGs
[2026-07-25T19:53:21.775+0000] {logging_mixin.py:190} INFO - [2026-07-25T19:53:21.774+0000] {dag.py:4138} INFO - Setting next_dagrun for flex_eau_pipeline to 2026-07-25 00:00:00+00:00, run_after=2026-07-26 00:00:00+00:00
[2026-07-25T19:53:21.798+0000] {processor.py:208} INFO - Processing /opt/airflow/dags/flex_eau_pipeline.py took 0.134 seconds
[2026-07-25T19:53:52.284+0000] {processor.py:186} INFO - Started process (PID=1633) to work on /opt/airflow/dags/flex_eau_pipeline.py
[2026-07-25T19:53:52.286+0000] {processor.py:914} INFO - Processing file /opt/airflow/dags/flex_eau_pipeline.py for tasks to queue
[2026-07-25T19:53:52.293+0000] {logging_mixin.py:190} INFO - [2026-07-25T19:53:52.293+0000] {dagbag.py:587} INFO - Filling up the DagBag from /opt/airflow/dags/flex_eau_pipeline.py
[2026-07-25T19:53:52.341+0000] {processor.py:925} INFO - DAG(s) 'flex_eau_pipeline' retrieved from /opt/airflow/dags/flex_eau_pipeline.py
[2026-07-25T19:53:52.409+0000] {logging_mixin.py:190} INFO - [2026-07-25T19:53:52.409+0000] {dag.py:3211} INFO - Sync 1 DAGs
[2026-07-25T19:53:52.453+0000] {logging_mixin.py:190} INFO - [2026-07-25T19:53:52.452+0000] {dag.py:4138} INFO - Setting next_dagrun for flex_eau_pipeline to 2026-07-25 00:00:00+00:00, run_after=2026-07-26 00:00:00+00:00
[2026-07-25T19:53:52.481+0000] {processor.py:208} INFO - Processing /opt/airflow/dags/flex_eau_pipeline.py took 0.215 seconds
[2026-07-25T19:54:22.772+0000] {processor.py:186} INFO - Started process (PID=1638) to work on /opt/airflow/dags/flex_eau_pipeline.py
[2026-07-25T19:54:22.773+0000] {processor.py:914} INFO - Processing file /opt/airflow/dags/flex_eau_pipeline.py for tasks to queue
[2026-07-25T19:54:22.777+0000] {logging_mixin.py:190} INFO - [2026-07-25T19:54:22.776+0000] {dagbag.py:587} INFO - Filling up the DagBag from /opt/airflow/dags/flex_eau_pipeline.py
[2026-07-25T19:54:22.807+0000] {processor.py:925} INFO - DAG(s) 'flex_eau_pipeline' retrieved from /opt/airflow/dags/flex_eau_pipeline.py
[2026-07-25T19:54:22.850+0000] {logging_mixin.py:190} INFO - [2026-07-25T19:54:22.849+0000] {dag.py:3211} INFO - Sync 1 DAGs
[2026-07-25T19:54:22.877+0000] {logging_mixin.py:190} INFO - [2026-07-25T19:54:22.876+0000] {dag.py:4138} INFO - Setting next_dagrun for flex_eau_pipeline to 2026-07-25 00:00:00+00:00, run_after=2026-07-26 00:00:00+00:00
[2026-07-25T19:54:22.904+0000] {processor.py:208} INFO - Processing /opt/airflow/dags/flex_eau_pipeline.py took 0.139 seconds
[2026-07-25T19:54:53.066+0000] {processor.py:186} INFO - Started process (PID=1643) to work on /opt/airflow/dags/flex_eau_pipeline.py
[2026-07-25T19:54:53.067+0000] {processor.py:914} INFO - Processing file /opt/airflow/dags/flex_eau_pipeline.py for tasks to queue
[2026-07-25T19:54:53.071+0000] {logging_mixin.py:190} INFO - [2026-07-25T19:54:53.070+0000] {dagbag.py:587} INFO - Filling up the DagBag from /opt/airflow/dags/flex_eau_pipeline.py
[2026-07-25T19:54:53.100+0000] {processor.py:925} INFO - DAG(s) 'flex_eau_pipeline' retrieved from /opt/airflow/dags/flex_eau_pipeline.py
[2026-07-25T19:54:53.150+0000] {logging_mixin.py:190} INFO - [2026-07-25T19:54:53.150+0000] {dag.py:3211} INFO - Sync 1 DAGs
[2026-07-25T19:54:53.183+0000] {logging_mixin.py:190} INFO - [2026-07-25T19:54:53.182+0000] {dag.py:4138} INFO - Setting next_dagrun for flex_eau_pipeline to 2026-07-25 00:00:00+00:00, run_after=2026-07-26 00:00:00+00:00
[2026-07-25T19:54:53.213+0000] {processor.py:208} INFO - Processing /opt/airflow/dags/flex_eau_pipeline.py took 0.157 seconds
[2026-07-25T19:55:23.281+0000] {processor.py:186} INFO - Started process (PID=1648) to work on /opt/airflow/dags/flex_eau_pipeline.py
[2026-07-25T19:55:23.283+0000] {processor.py:914} INFO - Processing file /opt/airflow/dags/flex_eau_pipeline.py for tasks to queue
[2026-07-25T19:55:23.286+0000] {logging_mixin.py:190} INFO - [2026-07-25T19:55:23.286+0000] {dagbag.py:587} INFO - Filling up the DagBag from /opt/airflow/dags/flex_eau_pipeline.py
[2026-07-25T19:55:23.322+0000] {processor.py:925} INFO - DAG(s) 'flex_eau_pipeline' retrieved from /opt/airflow/dags/flex_eau_pipeline.py
[2026-07-25T19:55:23.374+0000] {logging_mixin.py:190} INFO - [2026-07-25T19:55:23.374+0000] {dag.py:3211} INFO - Sync 1 DAGs
[2026-07-25T19:55:23.427+0000] {logging_mixin.py:190} INFO - [2026-07-25T19:55:23.426+0000] {dag.py:4138} INFO - Setting next_dagrun for flex_eau_pipeline to 2026-07-25 00:00:00+00:00, run_after=2026-07-26 00:00:00+00:00
[2026-07-25T19:55:23.475+0000] {processor.py:208} INFO - Processing /opt/airflow/dags/flex_eau_pipeline.py took 0.204 seconds
[2026-07-25T19:55:53.700+0000] {processor.py:186} INFO - Started process (PID=1653) to work on /opt/airflow/dags/flex_eau_pipeline.py
[2026-07-25T19:55:53.702+0000] {processor.py:914} INFO - Processing file /opt/airflow/dags/flex_eau_pipeline.py for tasks to queue
[2026-07-25T19:55:53.707+0000] {logging_mixin.py:190} INFO - [2026-07-25T19:55:53.706+0000] {dagbag.py:587} INFO - Filling up the DagBag from /opt/airflow/dags/flex_eau_pipeline.py
[2026-07-25T19:55:53.746+0000] {processor.py:925} INFO - DAG(s) 'flex_eau_pipeline' retrieved from /opt/airflow/dags/flex_eau_pipeline.py
[2026-07-25T19:55:53.805+0000] {logging_mixin.py:190} INFO - [2026-07-25T19:55:53.804+0000] {dag.py:3211} INFO - Sync 1 DAGs
[2026-07-25T19:55:53.841+0000] {logging_mixin.py:190} INFO - [2026-07-25T19:55:53.841+0000] {dag.py:4138} INFO - Setting next_dagrun for flex_eau_pipeline to 2026-07-25 00:00:00+00:00, run_after=2026-07-26 00:00:00+00:00
[2026-07-25T19:55:53.876+0000] {processor.py:208} INFO - Processing /opt/airflow/dags/flex_eau_pipeline.py took 0.187 seconds
[2026-07-25T19:56:24.406+0000] {processor.py:186} INFO - Started process (PID=2604) to work on /opt/airflow/dags/flex_eau_pipeline.py
[2026-07-25T19:56:24.417+0000] {processor.py:914} INFO - Processing file /opt/airflow/dags/flex_eau_pipeline.py for tasks to queue
[2026-07-25T19:56:24.480+0000] {logging_mixin.py:190} INFO - [2026-07-25T19:56:24.478+0000] {dagbag.py:587} INFO - Filling up the DagBag from /opt/airflow/dags/flex_eau_pipeline.py
[2026-07-25T19:56:24.993+0000] {processor.py:925} INFO - DAG(s) 'flex_eau_pipeline' retrieved from /opt/airflow/dags/flex_eau_pipeline.py
[2026-07-25T19:56:25.712+0000] {logging_mixin.py:190} INFO - [2026-07-25T19:56:25.712+0000] {dag.py:3211} INFO - Sync 1 DAGs
[2026-07-25T19:56:25.916+0000] {logging_mixin.py:190} INFO - [2026-07-25T19:56:25.915+0000] {dag.py:4138} INFO - Setting next_dagrun for flex_eau_pipeline to 2026-07-25 00:00:00+00:00, run_after=2026-07-26 00:00:00+00:00
[2026-07-25T19:56:26.072+0000] {processor.py:208} INFO - Processing /opt/airflow/dags/flex_eau_pipeline.py took 1.769 seconds
[2026-07-25T19:56:56.278+0000] {processor.py:186} INFO - Started process (PID=2885) to work on /opt/airflow/dags/flex_eau_pipeline.py
[2026-07-25T19:56:56.280+0000] {processor.py:914} INFO - Processing file /opt/airflow/dags/flex_eau_pipeline.py for tasks to queue
[2026-07-25T19:56:56.284+0000] {logging_mixin.py:190} INFO - [2026-07-25T19:56:56.283+0000] {dagbag.py:587} INFO - Filling up the DagBag from /opt/airflow/dags/flex_eau_pipeline.py
[2026-07-25T19:56:56.321+0000] {processor.py:925} INFO - DAG(s) 'flex_eau_pipeline' retrieved from /opt/airflow/dags/flex_eau_pipeline.py
[2026-07-25T19:56:56.379+0000] {logging_mixin.py:190} INFO - [2026-07-25T19:56:56.378+0000] {dag.py:3211} INFO - Sync 1 DAGs
[2026-07-25T19:56:56.413+0000] {logging_mixin.py:190} INFO - [2026-07-25T19:56:56.412+0000] {dag.py:4138} INFO - Setting next_dagrun for flex_eau_pipeline to 2026-07-25 00:00:00+00:00, run_after=2026-07-26 00:00:00+00:00
[2026-07-25T19:56:56.457+0000] {processor.py:208} INFO - Processing /opt/airflow/dags/flex_eau_pipeline.py took 0.190 seconds
[2026-07-25T19:57:26.706+0000] {processor.py:186} INFO - Started process (PID=2890) to work on /opt/airflow/dags/flex_eau_pipeline.py
[2026-07-25T19:57:26.707+0000] {processor.py:914} INFO - Processing file /opt/airflow/dags/flex_eau_pipeline.py for tasks to queue
[2026-07-25T19:57:26.710+0000] {logging_mixin.py:190} INFO - [2026-07-25T19:57:26.710+0000] {dagbag.py:587} INFO - Filling up the DagBag from /opt/airflow/dags/flex_eau_pipeline.py
[2026-07-25T19:57:26.744+0000] {processor.py:925} INFO - DAG(s) 'flex_eau_pipeline' retrieved from /opt/airflow/dags/flex_eau_pipeline.py
[2026-07-25T19:57:26.794+0000] {logging_mixin.py:190} INFO - [2026-07-25T19:57:26.794+0000] {dag.py:3211} INFO - Sync 1 DAGs
[2026-07-25T19:57:26.831+0000] {logging_mixin.py:190} INFO - [2026-07-25T19:57:26.830+0000] {dag.py:4138} INFO - Setting next_dagrun for flex_eau_pipeline to 2026-07-25 00:00:00+00:00, run_after=2026-07-26 00:00:00+00:00
[2026-07-25T19:57:26.860+0000] {processor.py:208} INFO - Processing /opt/airflow/dags/flex_eau_pipeline.py took 0.166 seconds
[2026-07-25T19:57:56.934+0000] {processor.py:186} INFO - Started process (PID=2895) to work on /opt/airflow/dags/flex_eau_pipeline.py
[2026-07-25T19:57:56.937+0000] {processor.py:914} INFO - Processing file /opt/airflow/dags/flex_eau_pipeline.py for tasks to queue
[2026-07-25T19:57:56.940+0000] {logging_mixin.py:190} INFO - [2026-07-25T19:57:56.940+0000] {dagbag.py:587} INFO - Filling up the DagBag from /opt/airflow/dags/flex_eau_pipeline.py
[2026-07-25T19:57:56.971+0000] {processor.py:925} INFO - DAG(s) 'flex_eau_pipeline' retrieved from /opt/airflow/dags/flex_eau_pipeline.py
[2026-07-25T19:57:57.019+0000] {logging_mixin.py:190} INFO - [2026-07-25T19:57:57.019+0000] {dag.py:3211} INFO - Sync 1 DAGs
[2026-07-25T19:57:57.058+0000] {logging_mixin.py:190} INFO - [2026-07-25T19:57:57.058+0000] {dag.py:4138} INFO - Setting next_dagrun for flex_eau_pipeline to 2026-07-25 00:00:00+00:00, run_after=2026-07-26 00:00:00+00:00
[2026-07-25T19:57:57.096+0000] {processor.py:208} INFO - Processing /opt/airflow/dags/flex_eau_pipeline.py took 0.170 seconds
[2026-07-25T19:58:27.326+0000] {processor.py:186} INFO - Started process (PID=2900) to work on /opt/airflow/dags/flex_eau_pipeline.py
[2026-07-25T19:58:27.328+0000] {processor.py:914} INFO - Processing file /opt/airflow/dags/flex_eau_pipeline.py for tasks to queue
[2026-07-25T19:58:27.333+0000] {logging_mixin.py:190} INFO - [2026-07-25T19:58:27.332+0000] {dagbag.py:587} INFO - Filling up the DagBag from /opt/airflow/dags/flex_eau_pipeline.py
[2026-07-25T19:58:27.372+0000] {processor.py:925} INFO - DAG(s) 'flex_eau_pipeline' retrieved from /opt/airflow/dags/flex_eau_pipeline.py
[2026-07-25T19:58:27.432+0000] {logging_mixin.py:190} INFO - [2026-07-25T19:58:27.431+0000] {dag.py:3211} INFO - Sync 1 DAGs
[2026-07-25T19:58:27.482+0000] {logging_mixin.py:190} INFO - [2026-07-25T19:58:27.482+0000] {dag.py:4138} INFO - Setting next_dagrun for flex_eau_pipeline to 2026-07-25 00:00:00+00:00, run_after=2026-07-26 00:00:00+00:00
[2026-07-25T19:58:27.512+0000] {processor.py:208} INFO - Processing /opt/airflow/dags/flex_eau_pipeline.py took 0.198 seconds
[2026-07-25T19:58:57.743+0000] {processor.py:186} INFO - Started process (PID=2905) to work on /opt/airflow/dags/flex_eau_pipeline.py
[2026-07-25T19:58:57.745+0000] {processor.py:914} INFO - Processing file /opt/airflow/dags/flex_eau_pipeline.py for tasks to queue
[2026-07-25T19:58:57.748+0000] {logging_mixin.py:190} INFO - [2026-07-25T19:58:57.748+0000] {dagbag.py:587} INFO - Filling up the DagBag from /opt/airflow/dags/flex_eau_pipeline.py
[2026-07-25T19:58:57.779+0000] {processor.py:925} INFO - DAG(s) 'flex_eau_pipeline' retrieved from /opt/airflow/dags/flex_eau_pipeline.py
[2026-07-25T19:58:57.831+0000] {logging_mixin.py:190} INFO - [2026-07-25T19:58:57.830+0000] {dag.py:3211} INFO - Sync 1 DAGs
[2026-07-25T19:58:57.866+0000] {logging_mixin.py:190} INFO - [2026-07-25T19:58:57.866+0000] {dag.py:4138} INFO - Setting next_dagrun for flex_eau_pipeline to 2026-07-25 00:00:00+00:00, run_after=2026-07-26 00:00:00+00:00
[2026-07-25T19:58:57.892+0000] {processor.py:208} INFO - Processing /opt/airflow/dags/flex_eau_pipeline.py took 0.157 seconds
[2026-07-25T19:59:27.990+0000] {processor.py:186} INFO - Started process (PID=2910) to work on /opt/airflow/dags/flex_eau_pipeline.py
[2026-07-25T19:59:27.991+0000] {processor.py:914} INFO - Processing file /opt/airflow/dags/flex_eau_pipeline.py for tasks to queue
[2026-07-25T19:59:27.994+0000] {logging_mixin.py:190} INFO - [2026-07-25T19:59:27.994+0000] {dagbag.py:587} INFO - Filling up the DagBag from /opt/airflow/dags/flex_eau_pipeline.py
[2026-07-25T19:59:28.027+0000] {processor.py:925} INFO - DAG(s) 'flex_eau_pipeline' retrieved from /opt/airflow/dags/flex_eau_pipeline.py
[2026-07-25T19:59:28.071+0000] {logging_mixin.py:190} INFO - [2026-07-25T19:59:28.071+0000] {dag.py:3211} INFO - Sync 1 DAGs
[2026-07-25T19:59:28.102+0000] {logging_mixin.py:190} INFO - [2026-07-25T19:59:28.102+0000] {dag.py:4138} INFO - Setting next_dagrun for flex_eau_pipeline to 2026-07-25 00:00:00+00:00, run_after=2026-07-26 00:00:00+00:00
[2026-07-25T19:59:28.126+0000] {processor.py:208} INFO - Processing /opt/airflow/dags/flex_eau_pipeline.py took 0.144 seconds
[2026-07-25T19:59:58.385+0000] {processor.py:186} INFO - Started process (PID=2915) to work on /opt/airflow/dags/flex_eau_pipeline.py
[2026-07-25T19:59:58.388+0000] {processor.py:914} INFO - Processing file /opt/airflow/dags/flex_eau_pipeline.py for tasks to queue
[2026-07-25T19:59:58.393+0000] {logging_mixin.py:190} INFO - [2026-07-25T19:59:58.392+0000] {dagbag.py:587} INFO - Filling up the DagBag from /opt/airflow/dags/flex_eau_pipeline.py
[2026-07-25T19:59:58.432+0000] {processor.py:925} INFO - DAG(s) 'flex_eau_pipeline' retrieved from /opt/airflow/dags/flex_eau_pipeline.py
[2026-07-25T19:59:58.489+0000] {logging_mixin.py:190} INFO - [2026-07-25T19:59:58.489+0000] {dag.py:3211} INFO - Sync 1 DAGs
[2026-07-25T19:59:58.531+0000] {logging_mixin.py:190} INFO - [2026-07-25T19:59:58.531+0000] {dag.py:4138} INFO - Setting next_dagrun for flex_eau_pipeline to 2026-07-25 00:00:00+00:00, run_after=2026-07-26 00:00:00+00:00
[2026-07-25T19:59:58.561+0000] {processor.py:208} INFO - Processing /opt/airflow/dags/flex_eau_pipeline.py took 0.186 seconds
[2026-07-25T20:00:28.705+0000] {processor.py:186} INFO - Started process (PID=2920) to work on /opt/airflow/dags/flex_eau_pipeline.py
[2026-07-25T20:00:28.707+0000] {processor.py:914} INFO - Processing file /opt/airflow/dags/flex_eau_pipeline.py for tasks to queue
[2026-07-25T20:00:28.709+0000] {logging_mixin.py:190} INFO - [2026-07-25T20:00:28.709+0000] {dagbag.py:587} INFO - Filling up the DagBag from /opt/airflow/dags/flex_eau_pipeline.py
[2026-07-25T20:00:28.740+0000] {processor.py:925} INFO - DAG(s) 'flex_eau_pipeline' retrieved from /opt/airflow/dags/flex_eau_pipeline.py
[2026-07-25T20:00:28.788+0000] {logging_mixin.py:190} INFO - [2026-07-25T20:00:28.788+0000] {dag.py:3211} INFO - Sync 1 DAGs
[2026-07-25T20:00:28.820+0000] {logging_mixin.py:190} INFO - [2026-07-25T20:00:28.820+0000] {dag.py:4138} INFO - Setting next_dagrun for flex_eau_pipeline to 2026-07-25 00:00:00+00:00, run_after=2026-07-26 00:00:00+00:00
[2026-07-25T20:00:28.846+0000] {processor.py:208} INFO - Processing /opt/airflow/dags/flex_eau_pipeline.py took 0.148 seconds
[2026-07-25T20:00:59.179+0000] {processor.py:186} INFO - Started process (PID=2925) to work on /opt/airflow/dags/flex_eau_pipeline.py
[2026-07-25T20:00:59.180+0000] {processor.py:914} INFO - Processing file /opt/airflow/dags/flex_eau_pipeline.py for tasks to queue
[2026-07-25T20:00:59.184+0000] {logging_mixin.py:190} INFO - [2026-07-25T20:00:59.183+0000] {dagbag.py:587} INFO - Filling up the DagBag from /opt/airflow/dags/flex_eau_pipeline.py
[2026-07-25T20:00:59.221+0000] {processor.py:925} INFO - DAG(s) 'flex_eau_pipeline' retrieved from /opt/airflow/dags/flex_eau_pipeline.py
[2026-07-25T20:00:59.269+0000] {logging_mixin.py:190} INFO - [2026-07-25T20:00:59.268+0000] {dag.py:3211} INFO - Sync 1 DAGs
[2026-07-25T20:00:59.304+0000] {logging_mixin.py:190} INFO - [2026-07-25T20:00:59.303+0000] {dag.py:4138} INFO - Setting next_dagrun for flex_eau_pipeline to 2026-07-25 00:00:00+00:00, run_after=2026-07-26 00:00:00+00:00
[2026-07-25T20:00:59.329+0000] {processor.py:208} INFO - Processing /opt/airflow/dags/flex_eau_pipeline.py took 0.159 seconds
[2026-07-25T20:01:29.435+0000] {processor.py:186} INFO - Started process (PID=2930) to work on /opt/airflow/dags/flex_eau_pipeline.py
[2026-07-25T20:01:29.437+0000] {processor.py:914} INFO - Processing file /opt/airflow/dags/flex_eau_pipeline.py for tasks to queue
[2026-07-25T20:01:29.441+0000] {logging_mixin.py:190} INFO - [2026-07-25T20:01:29.441+0000] {dagbag.py:587} INFO - Filling up the DagBag from /opt/airflow/dags/flex_eau_pipeline.py
[2026-07-25T20:01:29.477+0000] {processor.py:925} INFO - DAG(s) 'flex_eau_pipeline' retrieved from /opt/airflow/dags/flex_eau_pipeline.py
[2026-07-25T20:01:29.538+0000] {logging_mixin.py:190} INFO - [2026-07-25T20:01:29.538+0000] {dag.py:3211} INFO - Sync 1 DAGs
[2026-07-25T20:01:29.576+0000] {logging_mixin.py:190} INFO - [2026-07-25T20:01:29.575+0000] {dag.py:4138} INFO - Setting next_dagrun for flex_eau_pipeline to 2026-07-25 00:00:00+00:00, run_after=2026-07-26 00:00:00+00:00
[2026-07-25T20:01:29.603+0000] {processor.py:208} INFO - Processing /opt/airflow/dags/flex_eau_pipeline.py took 0.181 seconds
[2026-07-25T20:01:59.839+0000] {processor.py:186} INFO - Started process (PID=2935) to work on /opt/airflow/dags/flex_eau_pipeline.py
[2026-07-25T20:01:59.840+0000] {processor.py:914} INFO - Processing file /opt/airflow/dags/flex_eau_pipeline.py for tasks to queue
[2026-07-25T20:01:59.844+0000] {logging_mixin.py:190} INFO - [2026-07-25T20:01:59.844+0000] {dagbag.py:587} INFO - Filling up the DagBag from /opt/airflow/dags/flex_eau_pipeline.py
[2026-07-25T20:01:59.879+0000] {processor.py:925} INFO - DAG(s) 'flex_eau_pipeline' retrieved from /opt/airflow/dags/flex_eau_pipeline.py
[2026-07-25T20:01:59.927+0000] {logging_mixin.py:190} INFO - [2026-07-25T20:01:59.927+0000] {dag.py:3211} INFO - Sync 1 DAGs
[2026-07-25T20:01:59.962+0000] {logging_mixin.py:190} INFO - [2026-07-25T20:01:59.962+0000] {dag.py:4138} INFO - Setting next_dagrun for flex_eau_pipeline to 2026-07-25 00:00:00+00:00, run_after=2026-07-26 00:00:00+00:00
[2026-07-25T20:01:59.988+0000] {processor.py:208} INFO - Processing /opt/airflow/dags/flex_eau_pipeline.py took 0.158 seconds
[2026-07-25T20:02:30.226+0000] {processor.py:186} INFO - Started process (PID=2940) to work on /opt/airflow/dags/flex_eau_pipeline.py
[2026-07-25T20:02:30.227+0000] {processor.py:914} INFO - Processing file /opt/airflow/dags/flex_eau_pipeline.py for tasks to queue
[2026-07-25T20:02:30.230+0000] {logging_mixin.py:190} INFO - [2026-07-25T20:02:30.229+0000] {dagbag.py:587} INFO - Filling up the DagBag from /opt/airflow/dags/flex_eau_pipeline.py
[2026-07-25T20:02:30.259+0000] {processor.py:925} INFO - DAG(s) 'flex_eau_pipeline' retrieved from /opt/airflow/dags/flex_eau_pipeline.py
[2026-07-25T20:02:30.303+0000] {logging_mixin.py:190} INFO - [2026-07-25T20:02:30.303+0000] {dag.py:3211} INFO - Sync 1 DAGs
[2026-07-25T20:02:30.334+0000] {logging_mixin.py:190} INFO - [2026-07-25T20:02:30.333+0000] {dag.py:4138} INFO - Setting next_dagrun for flex_eau_pipeline to 2026-07-25 00:00:00+00:00, run_after=2026-07-26 00:00:00+00:00
[2026-07-25T20:02:30.357+0000] {processor.py:208} INFO - Processing /opt/airflow/dags/flex_eau_pipeline.py took 0.139 seconds
[2026-07-25T20:03:00.753+0000] {processor.py:186} INFO - Started process (PID=2945) to work on /opt/airflow/dags/flex_eau_pipeline.py
[2026-07-25T20:03:00.754+0000] {processor.py:914} INFO - Processing file /opt/airflow/dags/flex_eau_pipeline.py for tasks to queue
[2026-07-25T20:03:00.757+0000] {logging_mixin.py:190} INFO - [2026-07-25T20:03:00.756+0000] {dagbag.py:587} INFO - Filling up the DagBag from /opt/airflow/dags/flex_eau_pipeline.py
[2026-07-25T20:03:00.785+0000] {processor.py:925} INFO - DAG(s) 'flex_eau_pipeline' retrieved from /opt/airflow/dags/flex_eau_pipeline.py
[2026-07-25T20:03:00.830+0000] {logging_mixin.py:190} INFO - [2026-07-25T20:03:00.829+0000] {dag.py:3211} INFO - Sync 1 DAGs
[2026-07-25T20:03:00.858+0000] {logging_mixin.py:190} INFO - [2026-07-25T20:03:00.858+0000] {dag.py:4138} INFO - Setting next_dagrun for flex_eau_pipeline to 2026-07-25 00:00:00+00:00, run_after=2026-07-26 00:00:00+00:00
[2026-07-25T20:03:00.882+0000] {processor.py:208} INFO - Processing /opt/airflow/dags/flex_eau_pipeline.py took 0.136 seconds
[2026-07-25T20:03:31.094+0000] {processor.py:186} INFO - Started process (PID=2950) to work on /opt/airflow/dags/flex_eau_pipeline.py
[2026-07-25T20:03:31.096+0000] {processor.py:914} INFO - Processing file /opt/airflow/dags/flex_eau_pipeline.py for tasks to queue
[2026-07-25T20:03:31.098+0000] {logging_mixin.py:190} INFO - [2026-07-25T20:03:31.098+0000] {dagbag.py:587} INFO - Filling up the DagBag from /opt/airflow/dags/flex_eau_pipeline.py
[2026-07-25T20:03:31.130+0000] {processor.py:925} INFO - DAG(s) 'flex_eau_pipeline' retrieved from /opt/airflow/dags/flex_eau_pipeline.py
[2026-07-25T20:03:31.172+0000] {logging_mixin.py:190} INFO - [2026-07-25T20:03:31.172+0000] {dag.py:3211} INFO - Sync 1 DAGs
[2026-07-25T20:03:31.205+0000] {logging_mixin.py:190} INFO - [2026-07-25T20:03:31.205+0000] {dag.py:4138} INFO - Setting next_dagrun for flex_eau_pipeline to 2026-07-25 00:00:00+00:00, run_after=2026-07-26 00:00:00+00:00
[2026-07-25T20:03:31.230+0000] {processor.py:208} INFO - Processing /opt/airflow/dags/flex_eau_pipeline.py took 0.143 seconds
[2026-07-25T20:04:01.620+0000] {processor.py:186} INFO - Started process (PID=2955) to work on /opt/airflow/dags/flex_eau_pipeline.py
[2026-07-25T20:04:01.622+0000] {processor.py:914} INFO - Processing file /opt/airflow/dags/flex_eau_pipeline.py for tasks to queue
[2026-07-25T20:04:01.625+0000] {logging_mixin.py:190} INFO - [2026-07-25T20:04:01.624+0000] {dagbag.py:587} INFO - Filling up the DagBag from /opt/airflow/dags/flex_eau_pipeline.py
[2026-07-25T20:04:01.656+0000] {processor.py:925} INFO - DAG(s) 'flex_eau_pipeline' retrieved from /opt/airflow/dags/flex_eau_pipeline.py
[2026-07-25T20:04:01.697+0000] {logging_mixin.py:190} INFO - [2026-07-25T20:04:01.697+0000] {dag.py:3211} INFO - Sync 1 DAGs
[2026-07-25T20:04:01.736+0000] {logging_mixin.py:190} INFO - [2026-07-25T20:04:01.735+0000] {dag.py:4138} INFO - Setting next_dagrun for flex_eau_pipeline to 2026-07-25 00:00:00+00:00, run_after=2026-07-26 00:00:00+00:00
[2026-07-25T20:04:01.770+0000] {processor.py:208} INFO - Processing /opt/airflow/dags/flex_eau_pipeline.py took 0.159 seconds
[2026-07-25T20:04:32.009+0000] {processor.py:186} INFO - Started process (PID=2960) to work on /opt/airflow/dags/flex_eau_pipeline.py
[2026-07-25T20:04:32.013+0000] {processor.py:914} INFO - Processing file /opt/airflow/dags/flex_eau_pipeline.py for tasks to queue
[2026-07-25T20:04:32.021+0000] {logging_mixin.py:190} INFO - [2026-07-25T20:04:32.019+0000] {dagbag.py:587} INFO - Filling up the DagBag from /opt/airflow/dags/flex_eau_pipeline.py
[2026-07-25T20:04:32.068+0000] {processor.py:925} INFO - DAG(s) 'flex_eau_pipeline' retrieved from /opt/airflow/dags/flex_eau_pipeline.py
[2026-07-25T20:04:32.133+0000] {logging_mixin.py:190} INFO - [2026-07-25T20:04:32.132+0000] {dag.py:3211} INFO - Sync 1 DAGs
[2026-07-25T20:04:32.175+0000] {logging_mixin.py:190} INFO - [2026-07-25T20:04:32.174+0000] {dag.py:4138} INFO - Setting next_dagrun for flex_eau_pipeline to 2026-07-25 00:00:00+00:00, run_after=2026-07-26 00:00:00+00:00
[2026-07-25T20:04:32.207+0000] {processor.py:208} INFO - Processing /opt/airflow/dags/flex_eau_pipeline.py took 0.213 seconds
[2026-07-25T20:05:02.658+0000] {processor.py:186} INFO - Started process (PID=2965) to work on /opt/airflow/dags/flex_eau_pipeline.py
[2026-07-25T20:05:02.660+0000] {processor.py:914} INFO - Processing file /opt/airflow/dags/flex_eau_pipeline.py for tasks to queue
[2026-07-25T20:05:02.664+0000] {logging_mixin.py:190} INFO - [2026-07-25T20:05:02.663+0000] {dagbag.py:587} INFO - Filling up the DagBag from /opt/airflow/dags/flex_eau_pipeline.py
[2026-07-25T20:05:02.695+0000] {processor.py:925} INFO - DAG(s) 'flex_eau_pipeline' retrieved from /opt/airflow/dags/flex_eau_pipeline.py
[2026-07-25T20:05:02.737+0000] {logging_mixin.py:190} INFO - [2026-07-25T20:05:02.737+0000] {dag.py:3211} INFO - Sync 1 DAGs
[2026-07-25T20:05:02.770+0000] {logging_mixin.py:190} INFO - [2026-07-25T20:05:02.770+0000] {dag.py:4138} INFO - Setting next_dagrun for flex_eau_pipeline to 2026-07-25 00:00:00+00:00, run_after=2026-07-26 00:00:00+00:00
[2026-07-25T20:05:02.796+0000] {processor.py:208} INFO - Processing /opt/airflow/dags/flex_eau_pipeline.py took 0.146 seconds
[2026-07-25T20:05:33.063+0000] {processor.py:186} INFO - Started process (PID=2970) to work on /opt/airflow/dags/flex_eau_pipeline.py
[2026-07-25T20:05:33.065+0000] {processor.py:914} INFO - Processing file /opt/airflow/dags/flex_eau_pipeline.py for tasks to queue
[2026-07-25T20:05:33.068+0000] {logging_mixin.py:190} INFO - [2026-07-25T20:05:33.068+0000] {dagbag.py:587} INFO - Filling up the DagBag from /opt/airflow/dags/flex_eau_pipeline.py
[2026-07-25T20:05:33.102+0000] {processor.py:925} INFO - DAG(s) 'flex_eau_pipeline' retrieved from /opt/airflow/dags/flex_eau_pipeline.py
[2026-07-25T20:05:33.150+0000] {logging_mixin.py:190} INFO - [2026-07-25T20:05:33.150+0000] {dag.py:3211} INFO - Sync 1 DAGs
[2026-07-25T20:05:33.179+0000] {logging_mixin.py:190} INFO - [2026-07-25T20:05:33.178+0000] {dag.py:4138} INFO - Setting next_dagrun for flex_eau_pipeline to 2026-07-25 00:00:00+00:00, run_after=2026-07-26 00:00:00+00:00
[2026-07-25T20:05:33.204+0000] {processor.py:208} INFO - Processing /opt/airflow/dags/flex_eau_pipeline.py took 0.150 seconds
[2026-07-25T20:06:03.687+0000] {processor.py:186} INFO - Started process (PID=2975) to work on /opt/airflow/dags/flex_eau_pipeline.py
[2026-07-25T20:06:03.689+0000] {processor.py:914} INFO - Processing file /opt/airflow/dags/flex_eau_pipeline.py for tasks to queue
[2026-07-25T20:06:03.692+0000] {logging_mixin.py:190} INFO - [2026-07-25T20:06:03.691+0000] {dagbag.py:587} INFO - Filling up the DagBag from /opt/airflow/dags/flex_eau_pipeline.py
[2026-07-25T20:06:03.723+0000] {processor.py:925} INFO - DAG(s) 'flex_eau_pipeline' retrieved from /opt/airflow/dags/flex_eau_pipeline.py
[2026-07-25T20:06:03.764+0000] {logging_mixin.py:190} INFO - [2026-07-25T20:06:03.764+0000] {dag.py:3211} INFO - Sync 1 DAGs
[2026-07-25T20:06:03.793+0000] {logging_mixin.py:190} INFO - [2026-07-25T20:06:03.793+0000] {dag.py:4138} INFO - Setting next_dagrun for flex_eau_pipeline to 2026-07-25 00:00:00+00:00, run_after=2026-07-26 00:00:00+00:00
[2026-07-25T20:06:03.819+0000] {processor.py:208} INFO - Processing /opt/airflow/dags/flex_eau_pipeline.py took 0.140 seconds
[2026-07-25T20:06:34.129+0000] {processor.py:186} INFO - Started process (PID=2980) to work on /opt/airflow/dags/flex_eau_pipeline.py
[2026-07-25T20:06:34.131+0000] {processor.py:914} INFO - Processing file /opt/airflow/dags/flex_eau_pipeline.py for tasks to queue
[2026-07-25T20:06:34.134+0000] {logging_mixin.py:190} INFO - [2026-07-25T20:06:34.134+0000] {dagbag.py:587} INFO - Filling up the DagBag from /opt/airflow/dags/flex_eau_pipeline.py
[2026-07-25T20:06:34.179+0000] {processor.py:925} INFO - DAG(s) 'flex_eau_pipeline' retrieved from /opt/airflow/dags/flex_eau_pipeline.py
[2026-07-25T20:06:34.235+0000] {logging_mixin.py:190} INFO - [2026-07-25T20:06:34.235+0000] {dag.py:3211} INFO - Sync 1 DAGs
[2026-07-25T20:06:34.264+0000] {logging_mixin.py:190} INFO - [2026-07-25T20:06:34.264+0000] {dag.py:4138} INFO - Setting next_dagrun for flex_eau_pipeline to 2026-07-25 00:00:00+00:00, run_after=2026-07-26 00:00:00+00:00
[2026-07-25T20:06:34.292+0000] {processor.py:208} INFO - Processing /opt/airflow/dags/flex_eau_pipeline.py took 0.171 seconds
[2026-07-25T20:07:04.587+0000] {processor.py:186} INFO - Started process (PID=2985) to work on /opt/airflow/dags/flex_eau_pipeline.py
[2026-07-25T20:07:04.589+0000] {processor.py:914} INFO - Processing file /opt/airflow/dags/flex_eau_pipeline.py for tasks to queue
[2026-07-25T20:07:04.592+0000] {logging_mixin.py:190} INFO - [2026-07-25T20:07:04.592+0000] {dagbag.py:587} INFO - Filling up the DagBag from /opt/airflow/dags/flex_eau_pipeline.py
[2026-07-25T20:07:04.625+0000] {processor.py:925} INFO - DAG(s) 'flex_eau_pipeline' retrieved from /opt/airflow/dags/flex_eau_pipeline.py
[2026-07-25T20:07:04.668+0000] {logging_mixin.py:190} INFO - [2026-07-25T20:07:04.667+0000] {dag.py:3211} INFO - Sync 1 DAGs
[2026-07-25T20:07:04.698+0000] {logging_mixin.py:190} INFO - [2026-07-25T20:07:04.698+0000] {dag.py:4138} INFO - Setting next_dagrun for flex_eau_pipeline to 2026-07-25 00:00:00+00:00, run_after=2026-07-26 00:00:00+00:00
[2026-07-25T20:07:04.722+0000] {processor.py:208} INFO - Processing /opt/airflow/dags/flex_eau_pipeline.py took 0.144 seconds
[2026-07-25T20:07:35.226+0000] {processor.py:186} INFO - Started process (PID=2990) to work on /opt/airflow/dags/flex_eau_pipeline.py
[2026-07-25T20:07:35.228+0000] {processor.py:914} INFO - Processing file /opt/airflow/dags/flex_eau_pipeline.py for tasks to queue
[2026-07-25T20:07:35.232+0000] {logging_mixin.py:190} INFO - [2026-07-25T20:07:35.231+0000] {dagbag.py:587} INFO - Filling up the DagBag from /opt/airflow/dags/flex_eau_pipeline.py
[2026-07-25T20:07:35.262+0000] {processor.py:925} INFO - DAG(s) 'flex_eau_pipeline' retrieved from /opt/airflow/dags/flex_eau_pipeline.py
[2026-07-25T20:07:35.303+0000] {logging_mixin.py:190} INFO - [2026-07-25T20:07:35.303+0000] {dag.py:3211} INFO - Sync 1 DAGs
[2026-07-25T20:07:35.331+0000] {logging_mixin.py:190} INFO - [2026-07-25T20:07:35.330+0000] {dag.py:4138} INFO - Setting next_dagrun for flex_eau_pipeline to 2026-07-25 00:00:00+00:00, run_after=2026-07-26 00:00:00+00:00
[2026-07-25T20:07:35.355+0000] {processor.py:208} INFO - Processing /opt/airflow/dags/flex_eau_pipeline.py took 0.137 seconds
[2026-07-25T20:08:05.609+0000] {processor.py:186} INFO - Started process (PID=2995) to work on /opt/airflow/dags/flex_eau_pipeline.py
[2026-07-25T20:08:05.611+0000] {processor.py:914} INFO - Processing file /opt/airflow/dags/flex_eau_pipeline.py for tasks to queue
[2026-07-25T20:08:05.614+0000] {logging_mixin.py:190} INFO - [2026-07-25T20:08:05.614+0000] {dagbag.py:587} INFO - Filling up the DagBag from /opt/airflow/dags/flex_eau_pipeline.py
[2026-07-25T20:08:05.649+0000] {processor.py:925} INFO - DAG(s) 'flex_eau_pipeline' retrieved from /opt/airflow/dags/flex_eau_pipeline.py
[2026-07-25T20:08:05.693+0000] {logging_mixin.py:190} INFO - [2026-07-25T20:08:05.693+0000] {dag.py:3211} INFO - Sync 1 DAGs
[2026-07-25T20:08:05.721+0000] {logging_mixin.py:190} INFO - [2026-07-25T20:08:05.721+0000] {dag.py:4138} INFO - Setting next_dagrun for flex_eau_pipeline to 2026-07-25 00:00:00+00:00, run_after=2026-07-26 00:00:00+00:00
[2026-07-25T20:08:05.746+0000] {processor.py:208} INFO - Processing /opt/airflow/dags/flex_eau_pipeline.py took 0.147 seconds
[2026-07-25T20:08:36.038+0000] {processor.py:186} INFO - Started process (PID=3000) to work on /opt/airflow/dags/flex_eau_pipeline.py
[2026-07-25T20:08:36.039+0000] {processor.py:914} INFO - Processing file /opt/airflow/dags/flex_eau_pipeline.py for tasks to queue
[2026-07-25T20:08:36.042+0000] {logging_mixin.py:190} INFO - [2026-07-25T20:08:36.041+0000] {dagbag.py:587} INFO - Filling up the DagBag from /opt/airflow/dags/flex_eau_pipeline.py
[2026-07-25T20:08:36.076+0000] {processor.py:925} INFO - DAG(s) 'flex_eau_pipeline' retrieved from /opt/airflow/dags/flex_eau_pipeline.py
[2026-07-25T20:08:36.120+0000] {logging_mixin.py:190} INFO - [2026-07-25T20:08:36.120+0000] {dag.py:3211} INFO - Sync 1 DAGs
[2026-07-25T20:08:36.149+0000] {logging_mixin.py:190} INFO - [2026-07-25T20:08:36.149+0000] {dag.py:4138} INFO - Setting next_dagrun for flex_eau_pipeline to 2026-07-25 00:00:00+00:00, run_after=2026-07-26 00:00:00+00:00
[2026-07-25T20:08:36.175+0000] {processor.py:208} INFO - Processing /opt/airflow/dags/flex_eau_pipeline.py took 0.146 seconds
[2026-07-25T20:09:06.484+0000] {processor.py:186} INFO - Started process (PID=3005) to work on /opt/airflow/dags/flex_eau_pipeline.py
[2026-07-25T20:09:06.485+0000] {processor.py:914} INFO - Processing file /opt/airflow/dags/flex_eau_pipeline.py for tasks to queue
[2026-07-25T20:09:06.488+0000] {logging_mixin.py:190} INFO - [2026-07-25T20:09:06.488+0000] {dagbag.py:587} INFO - Filling up the DagBag from /opt/airflow/dags/flex_eau_pipeline.py
[2026-07-25T20:09:06.521+0000] {processor.py:925} INFO - DAG(s) 'flex_eau_pipeline' retrieved from /opt/airflow/dags/flex_eau_pipeline.py
[2026-07-25T20:09:06.565+0000] {logging_mixin.py:190} INFO - [2026-07-25T20:09:06.565+0000] {dag.py:3211} INFO - Sync 1 DAGs
[2026-07-25T20:09:06.595+0000] {logging_mixin.py:190} INFO - [2026-07-25T20:09:06.594+0000] {dag.py:4138} INFO - Setting next_dagrun for flex_eau_pipeline to 2026-07-25 00:00:00+00:00, run_after=2026-07-26 00:00:00+00:00
[2026-07-25T20:09:06.620+0000] {processor.py:208} INFO - Processing /opt/airflow/dags/flex_eau_pipeline.py took 0.145 seconds
[2026-07-25T20:09:36.757+0000] {processor.py:186} INFO - Started process (PID=3010) to work on /opt/airflow/dags/flex_eau_pipeline.py
[2026-07-25T20:09:36.759+0000] {processor.py:914} INFO - Processing file /opt/airflow/dags/flex_eau_pipeline.py for tasks to queue
[2026-07-25T20:09:36.763+0000] {logging_mixin.py:190} INFO - [2026-07-25T20:09:36.762+0000] {dagbag.py:587} INFO - Filling up the DagBag from /opt/airflow/dags/flex_eau_pipeline.py
[2026-07-25T20:09:36.796+0000] {processor.py:925} INFO - DAG(s) 'flex_eau_pipeline' retrieved from /opt/airflow/dags/flex_eau_pipeline.py
[2026-07-25T20:09:36.840+0000] {logging_mixin.py:190} INFO - [2026-07-25T20:09:36.840+0000] {dag.py:3211} INFO - Sync 1 DAGs
[2026-07-25T20:09:36.870+0000] {logging_mixin.py:190} INFO - [2026-07-25T20:09:36.869+0000] {dag.py:4138} INFO - Setting next_dagrun for flex_eau_pipeline to 2026-07-25 00:00:00+00:00, run_after=2026-07-26 00:00:00+00:00
[2026-07-25T20:09:36.897+0000] {processor.py:208} INFO - Processing /opt/airflow/dags/flex_eau_pipeline.py took 0.150 seconds
[2026-07-25T20:10:07.141+0000] {processor.py:186} INFO - Started process (PID=3015) to work on /opt/airflow/dags/flex_eau_pipeline.py
[2026-07-25T20:10:07.143+0000] {processor.py:914} INFO - Processing file /opt/airflow/dags/flex_eau_pipeline.py for tasks to queue
[2026-07-25T20:10:07.148+0000] {logging_mixin.py:190} INFO - [2026-07-25T20:10:07.147+0000] {dagbag.py:587} INFO - Filling up the DagBag from /opt/airflow/dags/flex_eau_pipeline.py
[2026-07-25T20:10:07.183+0000] {processor.py:925} INFO - DAG(s) 'flex_eau_pipeline' retrieved from /opt/airflow/dags/flex_eau_pipeline.py
[2026-07-25T20:10:07.229+0000] {logging_mixin.py:190} INFO - [2026-07-25T20:10:07.228+0000] {dag.py:3211} INFO - Sync 1 DAGs
[2026-07-25T20:10:07.257+0000] {logging_mixin.py:190} INFO - [2026-07-25T20:10:07.257+0000] {dag.py:4138} INFO - Setting next_dagrun for flex_eau_pipeline to 2026-07-25 00:00:00+00:00, run_after=2026-07-26 00:00:00+00:00
[2026-07-25T20:10:07.282+0000] {processor.py:208} INFO - Processing /opt/airflow/dags/flex_eau_pipeline.py took 0.148 seconds
[2026-07-25T20:10:37.689+0000] {processor.py:186} INFO - Started process (PID=3020) to work on /opt/airflow/dags/flex_eau_pipeline.py
[2026-07-25T20:10:37.690+0000] {processor.py:914} INFO - Processing file /opt/airflow/dags/flex_eau_pipeline.py for tasks to queue
[2026-07-25T20:10:37.693+0000] {logging_mixin.py:190} INFO - [2026-07-25T20:10:37.693+0000] {dagbag.py:587} INFO - Filling up the DagBag from /opt/airflow/dags/flex_eau_pipeline.py
[2026-07-25T20:10:37.725+0000] {processor.py:925} INFO - DAG(s) 'flex_eau_pipeline' retrieved from /opt/airflow/dags/flex_eau_pipeline.py
[2026-07-25T20:10:37.768+0000] {logging_mixin.py:190} INFO - [2026-07-25T20:10:37.767+0000] {dag.py:3211} INFO - Sync 1 DAGs
[2026-07-25T20:10:37.799+0000] {logging_mixin.py:190} INFO - [2026-07-25T20:10:37.798+0000] {dag.py:4138} INFO - Setting next_dagrun for flex_eau_pipeline to 2026-07-25 00:00:00+00:00, run_after=2026-07-26 00:00:00+00:00
[2026-07-25T20:10:37.826+0000] {processor.py:208} INFO - Processing /opt/airflow/dags/flex_eau_pipeline.py took 0.146 seconds
[2026-07-25T20:11:07.995+0000] {processor.py:186} INFO - Started process (PID=3025) to work on /opt/airflow/dags/flex_eau_pipeline.py
[2026-07-25T20:11:07.997+0000] {processor.py:914} INFO - Processing file /opt/airflow/dags/flex_eau_pipeline.py for tasks to queue
[2026-07-25T20:11:08.000+0000] {logging_mixin.py:190} INFO - [2026-07-25T20:11:08.000+0000] {dagbag.py:587} INFO - Filling up the DagBag from /opt/airflow/dags/flex_eau_pipeline.py
[2026-07-25T20:11:08.034+0000] {processor.py:925} INFO - DAG(s) 'flex_eau_pipeline' retrieved from /opt/airflow/dags/flex_eau_pipeline.py
[2026-07-25T20:11:08.076+0000] {logging_mixin.py:190} INFO - [2026-07-25T20:11:08.075+0000] {dag.py:3211} INFO - Sync 1 DAGs
[2026-07-25T20:11:08.103+0000] {logging_mixin.py:190} INFO - [2026-07-25T20:11:08.103+0000] {dag.py:4138} INFO - Setting next_dagrun for flex_eau_pipeline to 2026-07-25 00:00:00+00:00, run_after=2026-07-26 00:00:00+00:00
[2026-07-25T20:11:08.130+0000] {processor.py:208} INFO - Processing /opt/airflow/dags/flex_eau_pipeline.py took 0.144 seconds
[2026-07-25T20:11:38.460+0000] {processor.py:186} INFO - Started process (PID=3030) to work on /opt/airflow/dags/flex_eau_pipeline.py
[2026-07-25T20:11:38.461+0000] {processor.py:914} INFO - Processing file /opt/airflow/dags/flex_eau_pipeline.py for tasks to queue
[2026-07-25T20:11:38.465+0000] {logging_mixin.py:190} INFO - [2026-07-25T20:11:38.465+0000] {dagbag.py:587} INFO - Filling up the DagBag from /opt/airflow/dags/flex_eau_pipeline.py
[2026-07-25T20:11:38.499+0000] {processor.py:925} INFO - DAG(s) 'flex_eau_pipeline' retrieved from /opt/airflow/dags/flex_eau_pipeline.py
[2026-07-25T20:11:38.545+0000] {logging_mixin.py:190} INFO - [2026-07-25T20:11:38.544+0000] {dag.py:3211} INFO - Sync 1 DAGs
[2026-07-25T20:11:38.574+0000] {logging_mixin.py:190} INFO - [2026-07-25T20:11:38.574+0000] {dag.py:4138} INFO - Setting next_dagrun for flex_eau_pipeline to 2026-07-25 00:00:00+00:00, run_after=2026-07-26 00:00:00+00:00
[2026-07-25T20:11:38.599+0000] {processor.py:208} INFO - Processing /opt/airflow/dags/flex_eau_pipeline.py took 0.148 seconds
[2026-07-25T20:12:08.969+0000] {processor.py:186} INFO - Started process (PID=3035) to work on /opt/airflow/dags/flex_eau_pipeline.py
[2026-07-25T20:12:08.971+0000] {processor.py:914} INFO - Processing file /opt/airflow/dags/flex_eau_pipeline.py for tasks to queue
[2026-07-25T20:12:08.974+0000] {logging_mixin.py:190} INFO - [2026-07-25T20:12:08.974+0000] {dagbag.py:587} INFO - Filling up the DagBag from /opt/airflow/dags/flex_eau_pipeline.py
[2026-07-25T20:12:09.008+0000] {processor.py:925} INFO - DAG(s) 'flex_eau_pipeline' retrieved from /opt/airflow/dags/flex_eau_pipeline.py
[2026-07-25T20:12:09.050+0000] {logging_mixin.py:190} INFO - [2026-07-25T20:12:09.049+0000] {dag.py:3211} INFO - Sync 1 DAGs
[2026-07-25T20:12:09.078+0000] {logging_mixin.py:190} INFO - [2026-07-25T20:12:09.078+0000] {dag.py:4138} INFO - Setting next_dagrun for flex_eau_pipeline to 2026-07-25 00:00:00+00:00, run_after=2026-07-26 00:00:00+00:00
[2026-07-25T20:12:09.104+0000] {processor.py:208} INFO - Processing /opt/airflow/dags/flex_eau_pipeline.py took 0.142 seconds
[2026-07-25T20:12:39.366+0000] {processor.py:186} INFO - Started process (PID=3040) to work on /opt/airflow/dags/flex_eau_pipeline.py
[2026-07-25T20:12:39.368+0000] {processor.py:914} INFO - Processing file /opt/airflow/dags/flex_eau_pipeline.py for tasks to queue
[2026-07-25T20:12:39.371+0000] {logging_mixin.py:190} INFO - [2026-07-25T20:12:39.371+0000] {dagbag.py:587} INFO - Filling up the DagBag from /opt/airflow/dags/flex_eau_pipeline.py
[2026-07-25T20:12:39.406+0000] {processor.py:925} INFO - DAG(s) 'flex_eau_pipeline' retrieved from /opt/airflow/dags/flex_eau_pipeline.py
[2026-07-25T20:12:39.447+0000] {logging_mixin.py:190} INFO - [2026-07-25T20:12:39.447+0000] {dag.py:3211} INFO - Sync 1 DAGs
[2026-07-25T20:12:39.475+0000] {logging_mixin.py:190} INFO - [2026-07-25T20:12:39.474+0000] {dag.py:4138} INFO - Setting next_dagrun for flex_eau_pipeline to 2026-07-25 00:00:00+00:00, run_after=2026-07-26 00:00:00+00:00
[2026-07-25T20:12:39.499+0000] {processor.py:208} INFO - Processing /opt/airflow/dags/flex_eau_pipeline.py took 0.143 seconds
[2026-07-25T20:13:09.743+0000] {processor.py:186} INFO - Started process (PID=3045) to work on /opt/airflow/dags/flex_eau_pipeline.py
[2026-07-25T20:13:09.744+0000] {processor.py:914} INFO - Processing file /opt/airflow/dags/flex_eau_pipeline.py for tasks to queue
[2026-07-25T20:13:09.748+0000] {logging_mixin.py:190} INFO - [2026-07-25T20:13:09.748+0000] {dagbag.py:587} INFO - Filling up the DagBag from /opt/airflow/dags/flex_eau_pipeline.py
[2026-07-25T20:13:09.789+0000] {processor.py:925} INFO - DAG(s) 'flex_eau_pipeline' retrieved from /opt/airflow/dags/flex_eau_pipeline.py
[2026-07-25T20:13:09.835+0000] {logging_mixin.py:190} INFO - [2026-07-25T20:13:09.835+0000] {dag.py:3211} INFO - Sync 1 DAGs
[2026-07-25T20:13:09.866+0000] {logging_mixin.py:190} INFO - [2026-07-25T20:13:09.866+0000] {dag.py:4138} INFO - Setting next_dagrun for flex_eau_pipeline to 2026-07-25 00:00:00+00:00, run_after=2026-07-26 00:00:00+00:00
[2026-07-25T20:13:09.889+0000] {processor.py:208} INFO - Processing /opt/airflow/dags/flex_eau_pipeline.py took 0.155 seconds
[2026-07-25T20:13:39.955+0000] {processor.py:186} INFO - Started process (PID=3050) to work on /opt/airflow/dags/flex_eau_pipeline.py
[2026-07-25T20:13:39.956+0000] {processor.py:914} INFO - Processing file /opt/airflow/dags/flex_eau_pipeline.py for tasks to queue
[2026-07-25T20:13:39.960+0000] {logging_mixin.py:190} INFO - [2026-07-25T20:13:39.959+0000] {dagbag.py:587} INFO - Filling up the DagBag from /opt/airflow/dags/flex_eau_pipeline.py
[2026-07-25T20:13:39.993+0000] {processor.py:925} INFO - DAG(s) 'flex_eau_pipeline' retrieved from /opt/airflow/dags/flex_eau_pipeline.py
[2026-07-25T20:13:40.041+0000] {logging_mixin.py:190} INFO - [2026-07-25T20:13:40.041+0000] {dag.py:3211} INFO - Sync 1 DAGs
[2026-07-25T20:13:40.074+0000] {logging_mixin.py:190} INFO - [2026-07-25T20:13:40.074+0000] {dag.py:4138} INFO - Setting next_dagrun for flex_eau_pipeline to 2026-07-25 00:00:00+00:00, run_after=2026-07-26 00:00:00+00:00
[2026-07-25T20:13:40.102+0000] {processor.py:208} INFO - Processing /opt/airflow/dags/flex_eau_pipeline.py took 0.158 seconds
[2026-07-25T20:14:10.353+0000] {processor.py:186} INFO - Started process (PID=3055) to work on /opt/airflow/dags/flex_eau_pipeline.py
[2026-07-25T20:14:10.354+0000] {processor.py:914} INFO - Processing file /opt/airflow/dags/flex_eau_pipeline.py for tasks to queue
[2026-07-25T20:14:10.358+0000] {logging_mixin.py:190} INFO - [2026-07-25T20:14:10.357+0000] {dagbag.py:587} INFO - Filling up the DagBag from /opt/airflow/dags/flex_eau_pipeline.py
[2026-07-25T20:14:10.396+0000] {processor.py:925} INFO - DAG(s) 'flex_eau_pipeline' retrieved from /opt/airflow/dags/flex_eau_pipeline.py
[2026-07-25T20:14:10.437+0000] {logging_mixin.py:190} INFO - [2026-07-25T20:14:10.437+0000] {dag.py:3211} INFO - Sync 1 DAGs
[2026-07-25T20:14:10.466+0000] {logging_mixin.py:190} INFO - [2026-07-25T20:14:10.466+0000] {dag.py:4138} INFO - Setting next_dagrun for flex_eau_pipeline to 2026-07-25 00:00:00+00:00, run_after=2026-07-26 00:00:00+00:00
[2026-07-25T20:14:10.489+0000] {processor.py:208} INFO - Processing /opt/airflow/dags/flex_eau_pipeline.py took 0.145 seconds
[2026-07-25T20:14:40.780+0000] {processor.py:186} INFO - Started process (PID=3060) to work on /opt/airflow/dags/flex_eau_pipeline.py
[2026-07-25T20:14:40.781+0000] {processor.py:914} INFO - Processing file /opt/airflow/dags/flex_eau_pipeline.py for tasks to queue
[2026-07-25T20:14:40.785+0000] {logging_mixin.py:190} INFO - [2026-07-25T20:14:40.785+0000] {dagbag.py:587} INFO - Filling up the DagBag from /opt/airflow/dags/flex_eau_pipeline.py
[2026-07-25T20:14:40.818+0000] {processor.py:925} INFO - DAG(s) 'flex_eau_pipeline' retrieved from /opt/airflow/dags/flex_eau_pipeline.py
[2026-07-25T20:14:40.864+0000] {logging_mixin.py:190} INFO - [2026-07-25T20:14:40.864+0000] {dag.py:3211} INFO - Sync 1 DAGs
[2026-07-25T20:14:40.900+0000] {logging_mixin.py:190} INFO - [2026-07-25T20:14:40.899+0000] {dag.py:4138} INFO - Setting next_dagrun for flex_eau_pipeline to 2026-07-25 00:00:00+00:00, run_after=2026-07-26 00:00:00+00:00
[2026-07-25T20:14:40.929+0000] {processor.py:208} INFO - Processing /opt/airflow/dags/flex_eau_pipeline.py took 0.158 seconds
[2026-07-25T20:15:11.188+0000] {processor.py:186} INFO - Started process (PID=3065) to work on /opt/airflow/dags/flex_eau_pipeline.py
[2026-07-25T20:15:11.190+0000] {processor.py:914} INFO - Processing file /opt/airflow/dags/flex_eau_pipeline.py for tasks to queue
[2026-07-25T20:15:11.194+0000] {logging_mixin.py:190} INFO - [2026-07-25T20:15:11.193+0000] {dagbag.py:587} INFO - Filling up the DagBag from /opt/airflow/dags/flex_eau_pipeline.py
[2026-07-25T20:15:11.237+0000] {processor.py:925} INFO - DAG(s) 'flex_eau_pipeline' retrieved from /opt/airflow/dags/flex_eau_pipeline.py
[2026-07-25T20:15:11.282+0000] {logging_mixin.py:190} INFO - [2026-07-25T20:15:11.282+0000] {dag.py:3211} INFO - Sync 1 DAGs
[2026-07-25T20:15:11.311+0000] {logging_mixin.py:190} INFO - [2026-07-25T20:15:11.311+0000] {dag.py:4138} INFO - Setting next_dagrun for flex_eau_pipeline to 2026-07-25 00:00:00+00:00, run_after=2026-07-26 00:00:00+00:00
[2026-07-25T20:15:11.338+0000] {processor.py:208} INFO - Processing /opt/airflow/dags/flex_eau_pipeline.py took 0.160 seconds
[2026-07-25T20:15:41.811+0000] {processor.py:186} INFO - Started process (PID=3070) to work on /opt/airflow/dags/flex_eau_pipeline.py
[2026-07-25T20:15:41.812+0000] {processor.py:914} INFO - Processing file /opt/airflow/dags/flex_eau_pipeline.py for tasks to queue
[2026-07-25T20:15:41.816+0000] {logging_mixin.py:190} INFO - [2026-07-25T20:15:41.815+0000] {dagbag.py:587} INFO - Filling up the DagBag from /opt/airflow/dags/flex_eau_pipeline.py
[2026-07-25T20:15:41.850+0000] {processor.py:925} INFO - DAG(s) 'flex_eau_pipeline' retrieved from /opt/airflow/dags/flex_eau_pipeline.py
[2026-07-25T20:15:41.891+0000] {logging_mixin.py:190} INFO - [2026-07-25T20:15:41.891+0000] {dag.py:3211} INFO - Sync 1 DAGs
[2026-07-25T20:15:41.920+0000] {logging_mixin.py:190} INFO - [2026-07-25T20:15:41.920+0000] {dag.py:4138} INFO - Setting next_dagrun for flex_eau_pipeline to 2026-07-25 00:00:00+00:00, run_after=2026-07-26 00:00:00+00:00
[2026-07-25T20:15:41.945+0000] {processor.py:208} INFO - Processing /opt/airflow/dags/flex_eau_pipeline.py took 0.142 seconds
[2026-07-25T20:16:12.199+0000] {processor.py:186} INFO - Started process (PID=3075) to work on /opt/airflow/dags/flex_eau_pipeline.py
[2026-07-25T20:16:12.201+0000] {processor.py:914} INFO - Processing file /opt/airflow/dags/flex_eau_pipeline.py for tasks to queue
[2026-07-25T20:16:12.204+0000] {logging_mixin.py:190} INFO - [2026-07-25T20:16:12.204+0000] {dagbag.py:587} INFO - Filling up the DagBag from /opt/airflow/dags/flex_eau_pipeline.py
[2026-07-25T20:16:12.239+0000] {processor.py:925} INFO - DAG(s) 'flex_eau_pipeline' retrieved from /opt/airflow/dags/flex_eau_pipeline.py
[2026-07-25T20:16:12.284+0000] {logging_mixin.py:190} INFO - [2026-07-25T20:16:12.283+0000] {dag.py:3211} INFO - Sync 1 DAGs
[2026-07-25T20:16:12.314+0000] {logging_mixin.py:190} INFO - [2026-07-25T20:16:12.314+0000] {dag.py:4138} INFO - Setting next_dagrun for flex_eau_pipeline to 2026-07-25 00:00:00+00:00, run_after=2026-07-26 00:00:00+00:00
[2026-07-25T20:16:12.340+0000] {processor.py:208} INFO - Processing /opt/airflow/dags/flex_eau_pipeline.py took 0.150 seconds
[2026-07-25T20:16:42.749+0000] {processor.py:186} INFO - Started process (PID=3080) to work on /opt/airflow/dags/flex_eau_pipeline.py
[2026-07-25T20:16:42.751+0000] {processor.py:914} INFO - Processing file /opt/airflow/dags/flex_eau_pipeline.py for tasks to queue
[2026-07-25T20:16:42.754+0000] {logging_mixin.py:190} INFO - [2026-07-25T20:16:42.754+0000] {dagbag.py:587} INFO - Filling up the DagBag from /opt/airflow/dags/flex_eau_pipeline.py
[2026-07-25T20:16:42.791+0000] {processor.py:925} INFO - DAG(s) 'flex_eau_pipeline' retrieved from /opt/airflow/dags/flex_eau_pipeline.py
[2026-07-25T20:16:42.832+0000] {logging_mixin.py:190} INFO - [2026-07-25T20:16:42.832+0000] {dag.py:3211} INFO - Sync 1 DAGs
[2026-07-25T20:16:42.860+0000] {logging_mixin.py:190} INFO - [2026-07-25T20:16:42.859+0000] {dag.py:4138} INFO - Setting next_dagrun for flex_eau_pipeline to 2026-07-25 00:00:00+00:00, run_after=2026-07-26 00:00:00+00:00
[2026-07-25T20:16:42.885+0000] {processor.py:208} INFO - Processing /opt/airflow/dags/flex_eau_pipeline.py took 0.144 seconds
[2026-07-25T20:17:13.133+0000] {processor.py:186} INFO - Started process (PID=3085) to work on /opt/airflow/dags/flex_eau_pipeline.py
[2026-07-25T20:17:13.134+0000] {processor.py:914} INFO - Processing file /opt/airflow/dags/flex_eau_pipeline.py for tasks to queue
[2026-07-25T20:17:13.138+0000] {logging_mixin.py:190} INFO - [2026-07-25T20:17:13.137+0000] {dagbag.py:587} INFO - Filling up the DagBag from /opt/airflow/dags/flex_eau_pipeline.py
[2026-07-25T20:17:13.171+0000] {processor.py:925} INFO - DAG(s) 'flex_eau_pipeline' retrieved from /opt/airflow/dags/flex_eau_pipeline.py
[2026-07-25T20:17:13.216+0000] {logging_mixin.py:190} INFO - [2026-07-25T20:17:13.215+0000] {dag.py:3211} INFO - Sync 1 DAGs
[2026-07-25T20:17:13.246+0000] {logging_mixin.py:190} INFO - [2026-07-25T20:17:13.245+0000] {dag.py:4138} INFO - Setting next_dagrun for flex_eau_pipeline to 2026-07-25 00:00:00+00:00, run_after=2026-07-26 00:00:00+00:00
[2026-07-25T20:17:13.271+0000] {processor.py:208} INFO - Processing /opt/airflow/dags/flex_eau_pipeline.py took 0.148 seconds
[2026-07-25T20:17:43.632+0000] {processor.py:186} INFO - Started process (PID=3090) to work on /opt/airflow/dags/flex_eau_pipeline.py
[2026-07-25T20:17:43.634+0000] {processor.py:914} INFO - Processing file /opt/airflow/dags/flex_eau_pipeline.py for tasks to queue
[2026-07-25T20:17:43.637+0000] {logging_mixin.py:190} INFO - [2026-07-25T20:17:43.637+0000] {dagbag.py:587} INFO - Filling up the DagBag from /opt/airflow/dags/flex_eau_pipeline.py
[2026-07-25T20:17:43.670+0000] {processor.py:925} INFO - DAG(s) 'flex_eau_pipeline' retrieved from /opt/airflow/dags/flex_eau_pipeline.py
[2026-07-25T20:17:43.713+0000] {logging_mixin.py:190} INFO - [2026-07-25T20:17:43.713+0000] {dag.py:3211} INFO - Sync 1 DAGs
[2026-07-25T20:17:43.743+0000] {logging_mixin.py:190} INFO - [2026-07-25T20:17:43.743+0000] {dag.py:4138} INFO - Setting next_dagrun for flex_eau_pipeline to 2026-07-25 00:00:00+00:00, run_after=2026-07-26 00:00:00+00:00
[2026-07-25T20:17:43.769+0000] {processor.py:208} INFO - Processing /opt/airflow/dags/flex_eau_pipeline.py took 0.145 seconds
[2026-07-25T20:18:13.994+0000] {processor.py:186} INFO - Started process (PID=3095) to work on /opt/airflow/dags/flex_eau_pipeline.py
[2026-07-25T20:18:13.995+0000] {processor.py:914} INFO - Processing file /opt/airflow/dags/flex_eau_pipeline.py for tasks to queue
[2026-07-25T20:18:14.000+0000] {logging_mixin.py:190} INFO - [2026-07-25T20:18:13.999+0000] {dagbag.py:587} INFO - Filling up the DagBag from /opt/airflow/dags/flex_eau_pipeline.py
[2026-07-25T20:18:14.032+0000] {processor.py:925} INFO - DAG(s) 'flex_eau_pipeline' retrieved from /opt/airflow/dags/flex_eau_pipeline.py
[2026-07-25T20:18:14.079+0000] {logging_mixin.py:190} INFO - [2026-07-25T20:18:14.078+0000] {dag.py:3211} INFO - Sync 1 DAGs
[2026-07-25T20:18:14.108+0000] {logging_mixin.py:190} INFO - [2026-07-25T20:18:14.108+0000] {dag.py:4138} INFO - Setting next_dagrun for flex_eau_pipeline to 2026-07-25 00:00:00+00:00, run_after=2026-07-26 00:00:00+00:00
[2026-07-25T20:18:14.133+0000] {processor.py:208} INFO - Processing /opt/airflow/dags/flex_eau_pipeline.py took 0.149 seconds
[2026-07-25T20:18:44.425+0000] {processor.py:186} INFO - Started process (PID=3100) to work on /opt/airflow/dags/flex_eau_pipeline.py
[2026-07-25T20:18:44.426+0000] {processor.py:914} INFO - Processing file /opt/airflow/dags/flex_eau_pipeline.py for tasks to queue
[2026-07-25T20:18:44.430+0000] {logging_mixin.py:190} INFO - [2026-07-25T20:18:44.429+0000] {dagbag.py:587} INFO - Filling up the DagBag from /opt/airflow/dags/flex_eau_pipeline.py
[2026-07-25T20:18:44.462+0000] {processor.py:925} INFO - DAG(s) 'flex_eau_pipeline' retrieved from /opt/airflow/dags/flex_eau_pipeline.py
[2026-07-25T20:18:44.505+0000] {logging_mixin.py:190} INFO - [2026-07-25T20:18:44.504+0000] {dag.py:3211} INFO - Sync 1 DAGs
[2026-07-25T20:18:44.535+0000] {logging_mixin.py:190} INFO - [2026-07-25T20:18:44.534+0000] {dag.py:4138} INFO - Setting next_dagrun for flex_eau_pipeline to 2026-07-25 00:00:00+00:00, run_after=2026-07-26 00:00:00+00:00
[2026-07-25T20:18:44.559+0000] {processor.py:208} INFO - Processing /opt/airflow/dags/flex_eau_pipeline.py took 0.143 seconds
[2026-07-25T20:19:14.884+0000] {processor.py:186} INFO - Started process (PID=3105) to work on /opt/airflow/dags/flex_eau_pipeline.py
[2026-07-25T20:19:14.886+0000] {processor.py:914} INFO - Processing file /opt/airflow/dags/flex_eau_pipeline.py for tasks to queue
[2026-07-25T20:19:14.889+0000] {logging_mixin.py:190} INFO - [2026-07-25T20:19:14.888+0000] {dagbag.py:587} INFO - Filling up the DagBag from /opt/airflow/dags/flex_eau_pipeline.py
[2026-07-25T20:19:14.921+0000] {processor.py:925} INFO - DAG(s) 'flex_eau_pipeline' retrieved from /opt/airflow/dags/flex_eau_pipeline.py
[2026-07-25T20:19:14.962+0000] {logging_mixin.py:190} INFO - [2026-07-25T20:19:14.962+0000] {dag.py:3211} INFO - Sync 1 DAGs
[2026-07-25T20:19:14.990+0000] {logging_mixin.py:190} INFO - [2026-07-25T20:19:14.990+0000] {dag.py:4138} INFO - Setting next_dagrun for flex_eau_pipeline to 2026-07-25 00:00:00+00:00, run_after=2026-07-26 00:00:00+00:00
[2026-07-25T20:19:15.014+0000] {processor.py:208} INFO - Processing /opt/airflow/dags/flex_eau_pipeline.py took 0.138 seconds
[2026-07-25T20:19:45.310+0000] {processor.py:186} INFO - Started process (PID=3110) to work on /opt/airflow/dags/flex_eau_pipeline.py
[2026-07-25T20:19:45.312+0000] {processor.py:914} INFO - Processing file /opt/airflow/dags/flex_eau_pipeline.py for tasks to queue
[2026-07-25T20:19:45.315+0000] {logging_mixin.py:190} INFO - [2026-07-25T20:19:45.315+0000] {dagbag.py:587} INFO - Filling up the DagBag from /opt/airflow/dags/flex_eau_pipeline.py
[2026-07-25T20:19:45.345+0000] {processor.py:925} INFO - DAG(s) 'flex_eau_pipeline' retrieved from /opt/airflow/dags/flex_eau_pipeline.py
[2026-07-25T20:19:45.393+0000] {logging_mixin.py:190} INFO - [2026-07-25T20:19:45.393+0000] {dag.py:3211} INFO - Sync 1 DAGs
[2026-07-25T20:19:45.424+0000] {logging_mixin.py:190} INFO - [2026-07-25T20:19:45.423+0000] {dag.py:4138} INFO - Setting next_dagrun for flex_eau_pipeline to 2026-07-25 00:00:00+00:00, run_after=2026-07-26 00:00:00+00:00
[2026-07-25T20:19:45.449+0000] {processor.py:208} INFO - Processing /opt/airflow/dags/flex_eau_pipeline.py took 0.150 seconds
[2026-07-25T20:20:15.747+0000] {processor.py:186} INFO - Started process (PID=3115) to work on /opt/airflow/dags/flex_eau_pipeline.py
[2026-07-25T20:20:15.748+0000] {processor.py:914} INFO - Processing file /opt/airflow/dags/flex_eau_pipeline.py for tasks to queue
[2026-07-25T20:20:15.751+0000] {logging_mixin.py:190} INFO - [2026-07-25T20:20:15.751+0000] {dagbag.py:587} INFO - Filling up the DagBag from /opt/airflow/dags/flex_eau_pipeline.py
[2026-07-25T20:20:15.788+0000] {processor.py:925} INFO - DAG(s) 'flex_eau_pipeline' retrieved from /opt/airflow/dags/flex_eau_pipeline.py
[2026-07-25T20:20:15.831+0000] {logging_mixin.py:190} INFO - [2026-07-25T20:20:15.830+0000] {dag.py:3211} INFO - Sync 1 DAGs
[2026-07-25T20:20:15.860+0000] {logging_mixin.py:190} INFO - [2026-07-25T20:20:15.859+0000] {dag.py:4138} INFO - Setting next_dagrun for flex_eau_pipeline to 2026-07-25 00:00:00+00:00, run_after=2026-07-26 00:00:00+00:00
[2026-07-25T20:20:15.883+0000] {processor.py:208} INFO - Processing /opt/airflow/dags/flex_eau_pipeline.py took 0.146 seconds
[2026-07-25T20:20:46.200+0000] {processor.py:186} INFO - Started process (PID=3120) to work on /opt/airflow/dags/flex_eau_pipeline.py
[2026-07-25T20:20:46.201+0000] {processor.py:914} INFO - Processing file /opt/airflow/dags/flex_eau_pipeline.py for tasks to queue
[2026-07-25T20:20:46.205+0000] {logging_mixin.py:190} INFO - [2026-07-25T20:20:46.205+0000] {dagbag.py:587} INFO - Filling up the DagBag from /opt/airflow/dags/flex_eau_pipeline.py
[2026-07-25T20:20:46.241+0000] {processor.py:925} INFO - DAG(s) 'flex_eau_pipeline' retrieved from /opt/airflow/dags/flex_eau_pipeline.py
[2026-07-25T20:20:46.293+0000] {logging_mixin.py:190} INFO - [2026-07-25T20:20:46.293+0000] {dag.py:3211} INFO - Sync 1 DAGs
[2026-07-25T20:20:46.323+0000] {logging_mixin.py:190} INFO - [2026-07-25T20:20:46.323+0000] {dag.py:4138} INFO - Setting next_dagrun for flex_eau_pipeline to 2026-07-25 00:00:00+00:00, run_after=2026-07-26 00:00:00+00:00
[2026-07-25T20:20:46.345+0000] {processor.py:208} INFO - Processing /opt/airflow/dags/flex_eau_pipeline.py took 0.157 seconds
[2026-07-25T20:21:16.704+0000] {processor.py:186} INFO - Started process (PID=3125) to work on /opt/airflow/dags/flex_eau_pipeline.py
[2026-07-25T20:21:16.706+0000] {processor.py:914} INFO - Processing file /opt/airflow/dags/flex_eau_pipeline.py for tasks to queue
[2026-07-25T20:21:16.709+0000] {logging_mixin.py:190} INFO - [2026-07-25T20:21:16.708+0000] {dagbag.py:587} INFO - Filling up the DagBag from /opt/airflow/dags/flex_eau_pipeline.py
[2026-07-25T20:21:16.743+0000] {processor.py:925} INFO - DAG(s) 'flex_eau_pipeline' retrieved from /opt/airflow/dags/flex_eau_pipeline.py
[2026-07-25T20:21:16.846+0000] {logging_mixin.py:190} INFO - [2026-07-25T20:21:16.846+0000] {dag.py:3211} INFO - Sync 1 DAGs
[2026-07-25T20:21:16.881+0000] {logging_mixin.py:190} INFO - [2026-07-25T20:21:16.881+0000] {dag.py:4138} INFO - Setting next_dagrun for flex_eau_pipeline to 2026-07-25 00:00:00+00:00, run_after=2026-07-26 00:00:00+00:00
[2026-07-25T20:21:16.904+0000] {processor.py:208} INFO - Processing /opt/airflow/dags/flex_eau_pipeline.py took 0.209 seconds
[2026-07-25T20:21:47.262+0000] {processor.py:186} INFO - Started process (PID=3130) to work on /opt/airflow/dags/flex_eau_pipeline.py
[2026-07-25T20:21:47.264+0000] {processor.py:914} INFO - Processing file /opt/airflow/dags/flex_eau_pipeline.py for tasks to queue
[2026-07-25T20:21:47.267+0000] {logging_mixin.py:190} INFO - [2026-07-25T20:21:47.267+0000] {dagbag.py:587} INFO - Filling up the DagBag from /opt/airflow/dags/flex_eau_pipeline.py
[2026-07-25T20:21:47.300+0000] {processor.py:925} INFO - DAG(s) 'flex_eau_pipeline' retrieved from /opt/airflow/dags/flex_eau_pipeline.py
[2026-07-25T20:21:47.351+0000] {logging_mixin.py:190} INFO - [2026-07-25T20:21:47.350+0000] {dag.py:3211} INFO - Sync 1 DAGs
[2026-07-25T20:21:47.384+0000] {logging_mixin.py:190} INFO - [2026-07-25T20:21:47.384+0000] {dag.py:4138} INFO - Setting next_dagrun for flex_eau_pipeline to 2026-07-25 00:00:00+00:00, run_after=2026-07-26 00:00:00+00:00
[2026-07-25T20:21:47.414+0000] {processor.py:208} INFO - Processing /opt/airflow/dags/flex_eau_pipeline.py took 0.161 seconds
[2026-07-25T20:22:17.872+0000] {processor.py:186} INFO - Started process (PID=3135) to work on /opt/airflow/dags/flex_eau_pipeline.py
[2026-07-25T20:22:17.874+0000] {processor.py:914} INFO - Processing file /opt/airflow/dags/flex_eau_pipeline.py for tasks to queue
[2026-07-25T20:22:17.877+0000] {logging_mixin.py:190} INFO - [2026-07-25T20:22:17.877+0000] {dagbag.py:587} INFO - Filling up the DagBag from /opt/airflow/dags/flex_eau_pipeline.py
[2026-07-25T20:22:17.913+0000] {processor.py:925} INFO - DAG(s) 'flex_eau_pipeline' retrieved from /opt/airflow/dags/flex_eau_pipeline.py
[2026-07-25T20:22:17.960+0000] {logging_mixin.py:190} INFO - [2026-07-25T20:22:17.959+0000] {dag.py:3211} INFO - Sync 1 DAGs
[2026-07-25T20:22:17.992+0000] {logging_mixin.py:190} INFO - [2026-07-25T20:22:17.991+0000] {dag.py:4138} INFO - Setting next_dagrun for flex_eau_pipeline to 2026-07-25 00:00:00+00:00, run_after=2026-07-26 00:00:00+00:00
[2026-07-25T20:22:18.018+0000] {processor.py:208} INFO - Processing /opt/airflow/dags/flex_eau_pipeline.py took 0.155 seconds
[2026-07-25T20:22:48.370+0000] {processor.py:186} INFO - Started process (PID=3140) to work on /opt/airflow/dags/flex_eau_pipeline.py
[2026-07-25T20:22:48.372+0000] {processor.py:914} INFO - Processing file /opt/airflow/dags/flex_eau_pipeline.py for tasks to queue
[2026-07-25T20:22:48.376+0000] {logging_mixin.py:190} INFO - [2026-07-25T20:22:48.376+0000] {dagbag.py:587} INFO - Filling up the DagBag from /opt/airflow/dags/flex_eau_pipeline.py
[2026-07-25T20:22:48.410+0000] {processor.py:925} INFO - DAG(s) 'flex_eau_pipeline' retrieved from /opt/airflow/dags/flex_eau_pipeline.py
[2026-07-25T20:22:48.453+0000] {logging_mixin.py:190} INFO - [2026-07-25T20:22:48.452+0000] {dag.py:3211} INFO - Sync 1 DAGs
[2026-07-25T20:22:48.482+0000] {logging_mixin.py:190} INFO - [2026-07-25T20:22:48.482+0000] {dag.py:4138} INFO - Setting next_dagrun for flex_eau_pipeline to 2026-07-25 00:00:00+00:00, run_after=2026-07-26 00:00:00+00:00
[2026-07-25T20:22:48.506+0000] {processor.py:208} INFO - Processing /opt/airflow/dags/flex_eau_pipeline.py took 0.145 seconds
[2026-07-25T20:23:19.008+0000] {processor.py:186} INFO - Started process (PID=3145) to work on /opt/airflow/dags/flex_eau_pipeline.py
[2026-07-25T20:23:19.009+0000] {processor.py:914} INFO - Processing file /opt/airflow/dags/flex_eau_pipeline.py for tasks to queue
[2026-07-25T20:23:19.013+0000] {logging_mixin.py:190} INFO - [2026-07-25T20:23:19.013+0000] {dagbag.py:587} INFO - Filling up the DagBag from /opt/airflow/dags/flex_eau_pipeline.py
[2026-07-25T20:23:19.044+0000] {processor.py:925} INFO - DAG(s) 'flex_eau_pipeline' retrieved from /opt/airflow/dags/flex_eau_pipeline.py
[2026-07-25T20:23:19.086+0000] {logging_mixin.py:190} INFO - [2026-07-25T20:23:19.086+0000] {dag.py:3211} INFO - Sync 1 DAGs
[2026-07-25T20:23:19.116+0000] {logging_mixin.py:190} INFO - [2026-07-25T20:23:19.116+0000] {dag.py:4138} INFO - Setting next_dagrun for flex_eau_pipeline to 2026-07-25 00:00:00+00:00, run_after=2026-07-26 00:00:00+00:00
[2026-07-25T20:23:19.138+0000] {processor.py:208} INFO - Processing /opt/airflow/dags/flex_eau_pipeline.py took 0.138 seconds
[2026-07-25T20:23:49.464+0000] {processor.py:186} INFO - Started process (PID=3150) to work on /opt/airflow/dags/flex_eau_pipeline.py
[2026-07-25T20:23:49.466+0000] {processor.py:914} INFO - Processing file /opt/airflow/dags/flex_eau_pipeline.py for tasks to queue
[2026-07-25T20:23:49.471+0000] {logging_mixin.py:190} INFO - [2026-07-25T20:23:49.470+0000] {dagbag.py:587} INFO - Filling up the DagBag from /opt/airflow/dags/flex_eau_pipeline.py
[2026-07-25T20:23:49.508+0000] {processor.py:925} INFO - DAG(s) 'flex_eau_pipeline' retrieved from /opt/airflow/dags/flex_eau_pipeline.py
[2026-07-25T20:23:49.555+0000] {logging_mixin.py:190} INFO - [2026-07-25T20:23:49.555+0000] {dag.py:3211} INFO - Sync 1 DAGs
[2026-07-25T20:23:49.587+0000] {logging_mixin.py:190} INFO - [2026-07-25T20:23:49.587+0000] {dag.py:4138} INFO - Setting next_dagrun for flex_eau_pipeline to 2026-07-25 00:00:00+00:00, run_after=2026-07-26 00:00:00+00:00
[2026-07-25T20:23:49.616+0000] {processor.py:208} INFO - Processing /opt/airflow/dags/flex_eau_pipeline.py took 0.165 seconds
[2026-07-25T20:24:20.086+0000] {processor.py:186} INFO - Started process (PID=3155) to work on /opt/airflow/dags/flex_eau_pipeline.py
[2026-07-25T20:24:20.087+0000] {processor.py:914} INFO - Processing file /opt/airflow/dags/flex_eau_pipeline.py for tasks to queue
[2026-07-25T20:24:20.090+0000] {logging_mixin.py:190} INFO - [2026-07-25T20:24:20.090+0000] {dagbag.py:587} INFO - Filling up the DagBag from /opt/airflow/dags/flex_eau_pipeline.py
[2026-07-25T20:24:20.123+0000] {processor.py:925} INFO - DAG(s) 'flex_eau_pipeline' retrieved from /opt/airflow/dags/flex_eau_pipeline.py
[2026-07-25T20:24:20.168+0000] {logging_mixin.py:190} INFO - [2026-07-25T20:24:20.168+0000] {dag.py:3211} INFO - Sync 1 DAGs
[2026-07-25T20:24:20.198+0000] {logging_mixin.py:190} INFO - [2026-07-25T20:24:20.197+0000] {dag.py:4138} INFO - Setting next_dagrun for flex_eau_pipeline to 2026-07-25 00:00:00+00:00, run_after=2026-07-26 00:00:00+00:00
[2026-07-25T20:24:20.224+0000] {processor.py:208} INFO - Processing /opt/airflow/dags/flex_eau_pipeline.py took 0.147 seconds
[2026-07-25T20:25:04.885+0000] {processor.py:186} INFO - Started process (PID=167) to work on /opt/airflow/dags/flex_eau_pipeline.py
[2026-07-25T20:25:04.887+0000] {processor.py:914} INFO - Processing file /opt/airflow/dags/flex_eau_pipeline.py for tasks to queue
[2026-07-25T20:25:04.890+0000] {logging_mixin.py:190} INFO - [2026-07-25T20:25:04.890+0000] {dagbag.py:587} INFO - Filling up the DagBag from /opt/airflow/dags/flex_eau_pipeline.py
[2026-07-25T20:25:04.951+0000] {processor.py:925} INFO - DAG(s) 'flex_eau_pipeline' retrieved from /opt/airflow/dags/flex_eau_pipeline.py
[2026-07-25T20:25:05.038+0000] {logging_mixin.py:190} INFO - [2026-07-25T20:25:05.038+0000] {dag.py:3211} INFO - Sync 1 DAGs
[2026-07-25T20:25:05.078+0000] {logging_mixin.py:190} INFO - [2026-07-25T20:25:05.077+0000] {dag.py:4138} INFO - Setting next_dagrun for flex_eau_pipeline to 2026-07-25 00:00:00+00:00, run_after=2026-07-26 00:00:00+00:00
[2026-07-25T20:25:05.108+0000] {processor.py:208} INFO - Processing /opt/airflow/dags/flex_eau_pipeline.py took 0.235 seconds
[2026-07-25T20:25:35.354+0000] {processor.py:186} INFO - Started process (PID=172) to work on /opt/airflow/dags/flex_eau_pipeline.py
[2026-07-25T20:25:35.356+0000] {processor.py:914} INFO - Processing file /opt/airflow/dags/flex_eau_pipeline.py for tasks to queue
[2026-07-25T20:25:35.360+0000] {logging_mixin.py:190} INFO - [2026-07-25T20:25:35.360+0000] {dagbag.py:587} INFO - Filling up the DagBag from /opt/airflow/dags/flex_eau_pipeline.py
[2026-07-25T20:25:35.397+0000] {processor.py:925} INFO - DAG(s) 'flex_eau_pipeline' retrieved from /opt/airflow/dags/flex_eau_pipeline.py
[2026-07-25T20:25:35.444+0000] {logging_mixin.py:190} INFO - [2026-07-25T20:25:35.443+0000] {dag.py:3211} INFO - Sync 1 DAGs
[2026-07-25T20:25:35.473+0000] {logging_mixin.py:190} INFO - [2026-07-25T20:25:35.473+0000] {dag.py:4138} INFO - Setting next_dagrun for flex_eau_pipeline to 2026-07-25 00:00:00+00:00, run_after=2026-07-26 00:00:00+00:00
[2026-07-25T20:25:35.503+0000] {processor.py:208} INFO - Processing /opt/airflow/dags/flex_eau_pipeline.py took 0.160 seconds
[2026-07-25T20:26:06.142+0000] {processor.py:186} INFO - Started process (PID=177) to work on /opt/airflow/dags/flex_eau_pipeline.py
[2026-07-25T20:26:06.144+0000] {processor.py:914} INFO - Processing file /opt/airflow/dags/flex_eau_pipeline.py for tasks to queue
[2026-07-25T20:26:06.149+0000] {logging_mixin.py:190} INFO - [2026-07-25T20:26:06.148+0000] {dagbag.py:587} INFO - Filling up the DagBag from /opt/airflow/dags/flex_eau_pipeline.py
[2026-07-25T20:26:06.183+0000] {processor.py:925} INFO - DAG(s) 'flex_eau_pipeline' retrieved from /opt/airflow/dags/flex_eau_pipeline.py
[2026-07-25T20:26:06.231+0000] {logging_mixin.py:190} INFO - [2026-07-25T20:26:06.231+0000] {dag.py:3211} INFO - Sync 1 DAGs
[2026-07-25T20:26:06.262+0000] {logging_mixin.py:190} INFO - [2026-07-25T20:26:06.261+0000] {dag.py:4138} INFO - Setting next_dagrun for flex_eau_pipeline to 2026-07-25 00:00:00+00:00, run_after=2026-07-26 00:00:00+00:00
[2026-07-25T20:26:06.287+0000] {processor.py:208} INFO - Processing /opt/airflow/dags/flex_eau_pipeline.py took 0.154 seconds
[2026-07-25T20:26:36.554+0000] {processor.py:186} INFO - Started process (PID=182) to work on /opt/airflow/dags/flex_eau_pipeline.py
[2026-07-25T20:26:36.556+0000] {processor.py:914} INFO - Processing file /opt/airflow/dags/flex_eau_pipeline.py for tasks to queue
[2026-07-25T20:26:36.560+0000] {logging_mixin.py:190} INFO - [2026-07-25T20:26:36.559+0000] {dagbag.py:587} INFO - Filling up the DagBag from /opt/airflow/dags/flex_eau_pipeline.py
[2026-07-25T20:26:36.590+0000] {processor.py:925} INFO - DAG(s) 'flex_eau_pipeline' retrieved from /opt/airflow/dags/flex_eau_pipeline.py
[2026-07-25T20:26:36.632+0000] {logging_mixin.py:190} INFO - [2026-07-25T20:26:36.632+0000] {dag.py:3211} INFO - Sync 1 DAGs
[2026-07-25T20:26:36.662+0000] {logging_mixin.py:190} INFO - [2026-07-25T20:26:36.662+0000] {dag.py:4138} INFO - Setting next_dagrun for flex_eau_pipeline to 2026-07-25 00:00:00+00:00, run_after=2026-07-26 00:00:00+00:00
[2026-07-25T20:26:36.688+0000] {processor.py:208} INFO - Processing /opt/airflow/dags/flex_eau_pipeline.py took 0.145 seconds
[2026-07-25T20:27:07.147+0000] {processor.py:186} INFO - Started process (PID=187) to work on /opt/airflow/dags/flex_eau_pipeline.py
[2026-07-25T20:27:07.149+0000] {processor.py:914} INFO - Processing file /opt/airflow/dags/flex_eau_pipeline.py for tasks to queue
[2026-07-25T20:27:07.152+0000] {logging_mixin.py:190} INFO - [2026-07-25T20:27:07.152+0000] {dagbag.py:587} INFO - Filling up the DagBag from /opt/airflow/dags/flex_eau_pipeline.py
[2026-07-25T20:27:07.184+0000] {processor.py:925} INFO - DAG(s) 'flex_eau_pipeline' retrieved from /opt/airflow/dags/flex_eau_pipeline.py
[2026-07-25T20:27:07.227+0000] {logging_mixin.py:190} INFO - [2026-07-25T20:27:07.227+0000] {dag.py:3211} INFO - Sync 1 DAGs
[2026-07-25T20:27:07.262+0000] {logging_mixin.py:190} INFO - [2026-07-25T20:27:07.261+0000] {dag.py:4138} INFO - Setting next_dagrun for flex_eau_pipeline to 2026-07-25 00:00:00+00:00, run_after=2026-07-26 00:00:00+00:00
[2026-07-25T20:27:07.289+0000] {processor.py:208} INFO - Processing /opt/airflow/dags/flex_eau_pipeline.py took 0.151 seconds
[2026-07-25T20:27:37.705+0000] {processor.py:186} INFO - Started process (PID=192) to work on /opt/airflow/dags/flex_eau_pipeline.py
[2026-07-25T20:27:37.707+0000] {processor.py:914} INFO - Processing file /opt/airflow/dags/flex_eau_pipeline.py for tasks to queue
[2026-07-25T20:27:37.712+0000] {logging_mixin.py:190} INFO - [2026-07-25T20:27:37.711+0000] {dagbag.py:587} INFO - Filling up the DagBag from /opt/airflow/dags/flex_eau_pipeline.py
[2026-07-25T20:27:37.744+0000] {processor.py:925} INFO - DAG(s) 'flex_eau_pipeline' retrieved from /opt/airflow/dags/flex_eau_pipeline.py
[2026-07-25T20:27:37.786+0000] {logging_mixin.py:190} INFO - [2026-07-25T20:27:37.786+0000] {dag.py:3211} INFO - Sync 1 DAGs
[2026-07-25T20:27:37.813+0000] {logging_mixin.py:190} INFO - [2026-07-25T20:27:37.813+0000] {dag.py:4138} INFO - Setting next_dagrun for flex_eau_pipeline to 2026-07-25 00:00:00+00:00, run_after=2026-07-26 00:00:00+00:00
[2026-07-25T20:27:37.839+0000] {processor.py:208} INFO - Processing /opt/airflow/dags/flex_eau_pipeline.py took 0.144 seconds
[2026-07-25T20:28:08.705+0000] {processor.py:186} INFO - Started process (PID=197) to work on /opt/airflow/dags/flex_eau_pipeline.py
[2026-07-25T20:28:08.707+0000] {processor.py:914} INFO - Processing file /opt/airflow/dags/flex_eau_pipeline.py for tasks to queue
[2026-07-25T20:28:08.711+0000] {logging_mixin.py:190} INFO - [2026-07-25T20:28:08.710+0000] {dagbag.py:587} INFO - Filling up the DagBag from /opt/airflow/dags/flex_eau_pipeline.py
[2026-07-25T20:28:08.741+0000] {processor.py:925} INFO - DAG(s) 'flex_eau_pipeline' retrieved from /opt/airflow/dags/flex_eau_pipeline.py
[2026-07-25T20:28:08.779+0000] {logging_mixin.py:190} INFO - [2026-07-25T20:28:08.779+0000] {dag.py:3211} INFO - Sync 1 DAGs
[2026-07-25T20:28:08.805+0000] {logging_mixin.py:190} INFO - [2026-07-25T20:28:08.805+0000] {dag.py:4138} INFO - Setting next_dagrun for flex_eau_pipeline to 2026-07-25 00:00:00+00:00, run_after=2026-07-26 00:00:00+00:00
[2026-07-25T20:28:08.830+0000] {processor.py:208} INFO - Processing /opt/airflow/dags/flex_eau_pipeline.py took 0.132 seconds
[2026-07-25T20:28:39.756+0000] {processor.py:186} INFO - Started process (PID=202) to work on /opt/airflow/dags/flex_eau_pipeline.py
[2026-07-25T20:28:39.758+0000] {processor.py:914} INFO - Processing file /opt/airflow/dags/flex_eau_pipeline.py for tasks to queue
[2026-07-25T20:28:39.761+0000] {logging_mixin.py:190} INFO - [2026-07-25T20:28:39.760+0000] {dagbag.py:587} INFO - Filling up the DagBag from /opt/airflow/dags/flex_eau_pipeline.py
[2026-07-25T20:28:39.790+0000] {processor.py:925} INFO - DAG(s) 'flex_eau_pipeline' retrieved from /opt/airflow/dags/flex_eau_pipeline.py
[2026-07-25T20:28:39.829+0000] {logging_mixin.py:190} INFO - [2026-07-25T20:28:39.829+0000] {dag.py:3211} INFO - Sync 1 DAGs
[2026-07-25T20:28:39.855+0000] {logging_mixin.py:190} INFO - [2026-07-25T20:28:39.855+0000] {dag.py:4138} INFO - Setting next_dagrun for flex_eau_pipeline to 2026-07-25 00:00:00+00:00, run_after=2026-07-26 00:00:00+00:00
[2026-07-25T20:28:39.879+0000] {processor.py:208} INFO - Processing /opt/airflow/dags/flex_eau_pipeline.py took 0.131 seconds
[2026-07-25T20:29:10.671+0000] {processor.py:186} INFO - Started process (PID=207) to work on /opt/airflow/dags/flex_eau_pipeline.py
[2026-07-25T20:29:10.673+0000] {processor.py:914} INFO - Processing file /opt/airflow/dags/flex_eau_pipeline.py for tasks to queue
[2026-07-25T20:29:10.676+0000] {logging_mixin.py:190} INFO - [2026-07-25T20:29:10.676+0000] {dagbag.py:587} INFO - Filling up the DagBag from /opt/airflow/dags/flex_eau_pipeline.py
[2026-07-25T20:29:10.709+0000] {processor.py:925} INFO - DAG(s) 'flex_eau_pipeline' retrieved from /opt/airflow/dags/flex_eau_pipeline.py
[2026-07-25T20:29:10.748+0000] {logging_mixin.py:190} INFO - [2026-07-25T20:29:10.747+0000] {dag.py:3211} INFO - Sync 1 DAGs
[2026-07-25T20:29:10.774+0000] {logging_mixin.py:190} INFO - [2026-07-25T20:29:10.774+0000] {dag.py:4138} INFO - Setting next_dagrun for flex_eau_pipeline to 2026-07-25 00:00:00+00:00, run_after=2026-07-26 00:00:00+00:00
[2026-07-25T20:29:10.798+0000] {processor.py:208} INFO - Processing /opt/airflow/dags/flex_eau_pipeline.py took 0.137 seconds
[2026-07-25T20:29:41.696+0000] {processor.py:186} INFO - Started process (PID=237) to work on /opt/airflow/dags/flex_eau_pipeline.py
[2026-07-25T20:29:41.698+0000] {processor.py:914} INFO - Processing file /opt/airflow/dags/flex_eau_pipeline.py for tasks to queue
[2026-07-25T20:29:41.702+0000] {logging_mixin.py:190} INFO - [2026-07-25T20:29:41.701+0000] {dagbag.py:587} INFO - Filling up the DagBag from /opt/airflow/dags/flex_eau_pipeline.py
[2026-07-25T20:29:41.743+0000] {processor.py:925} INFO - DAG(s) 'flex_eau_pipeline' retrieved from /opt/airflow/dags/flex_eau_pipeline.py
[2026-07-25T20:29:41.789+0000] {logging_mixin.py:190} INFO - [2026-07-25T20:29:41.789+0000] {dag.py:3211} INFO - Sync 1 DAGs
[2026-07-25T20:29:41.822+0000] {logging_mixin.py:190} INFO - [2026-07-25T20:29:41.822+0000] {dag.py:4138} INFO - Setting next_dagrun for flex_eau_pipeline to 2026-07-25 00:00:00+00:00, run_after=2026-07-26 00:00:00+00:00
[2026-07-25T20:29:41.850+0000] {processor.py:208} INFO - Processing /opt/airflow/dags/flex_eau_pipeline.py took 0.166 seconds
[2026-07-25T20:30:12.123+0000] {processor.py:186} INFO - Started process (PID=259) to work on /opt/airflow/dags/flex_eau_pipeline.py
[2026-07-25T20:30:12.125+0000] {processor.py:914} INFO - Processing file /opt/airflow/dags/flex_eau_pipeline.py for tasks to queue
[2026-07-25T20:30:12.130+0000] {logging_mixin.py:190} INFO - [2026-07-25T20:30:12.130+0000] {dagbag.py:587} INFO - Filling up the DagBag from /opt/airflow/dags/flex_eau_pipeline.py
[2026-07-25T20:30:12.169+0000] {processor.py:925} INFO - DAG(s) 'flex_eau_pipeline' retrieved from /opt/airflow/dags/flex_eau_pipeline.py
[2026-07-25T20:30:12.224+0000] {logging_mixin.py:190} INFO - [2026-07-25T20:30:12.223+0000] {dag.py:3211} INFO - Sync 1 DAGs
[2026-07-25T20:30:12.263+0000] {logging_mixin.py:190} INFO - [2026-07-25T20:30:12.263+0000] {dag.py:4138} INFO - Setting next_dagrun for flex_eau_pipeline to 2026-07-25 00:00:00+00:00, run_after=2026-07-26 00:00:00+00:00
[2026-07-25T20:30:12.293+0000] {processor.py:208} INFO - Processing /opt/airflow/dags/flex_eau_pipeline.py took 0.182 seconds
[2026-07-25T20:30:42.629+0000] {processor.py:186} INFO - Started process (PID=1115) to work on /opt/airflow/dags/flex_eau_pipeline.py
[2026-07-25T20:30:42.721+0000] {processor.py:914} INFO - Processing file /opt/airflow/dags/flex_eau_pipeline.py for tasks to queue
[2026-07-25T20:30:42.779+0000] {logging_mixin.py:190} INFO - [2026-07-25T20:30:42.778+0000] {dagbag.py:587} INFO - Filling up the DagBag from /opt/airflow/dags/flex_eau_pipeline.py
[2026-07-25T20:30:43.073+0000] {processor.py:925} INFO - DAG(s) 'flex_eau_pipeline' retrieved from /opt/airflow/dags/flex_eau_pipeline.py
[2026-07-25T20:30:43.221+0000] {logging_mixin.py:190} INFO - [2026-07-25T20:30:43.221+0000] {dag.py:3211} INFO - Sync 1 DAGs
[2026-07-25T20:30:43.433+0000] {logging_mixin.py:190} INFO - [2026-07-25T20:30:43.432+0000] {dag.py:4138} INFO - Setting next_dagrun for flex_eau_pipeline to 2026-07-25 00:00:00+00:00, run_after=2026-07-26 00:00:00+00:00
[2026-07-25T20:30:43.758+0000] {processor.py:208} INFO - Processing /opt/airflow/dags/flex_eau_pipeline.py took 1.223 seconds
[2026-07-25T20:31:14.629+0000] {processor.py:186} INFO - Started process (PID=1392) to work on /opt/airflow/dags/flex_eau_pipeline.py
[2026-07-25T20:31:14.655+0000] {processor.py:914} INFO - Processing file /opt/airflow/dags/flex_eau_pipeline.py for tasks to queue
[2026-07-25T20:31:14.820+0000] {logging_mixin.py:190} INFO - [2026-07-25T20:31:14.772+0000] {dagbag.py:587} INFO - Filling up the DagBag from /opt/airflow/dags/flex_eau_pipeline.py
[2026-07-25T20:31:16.659+0000] {processor.py:925} INFO - DAG(s) 'flex_eau_pipeline' retrieved from /opt/airflow/dags/flex_eau_pipeline.py
[2026-07-25T20:31:18.245+0000] {logging_mixin.py:190} INFO - [2026-07-25T20:31:18.244+0000] {dag.py:3211} INFO - Sync 1 DAGs
[2026-07-25T20:31:19.153+0000] {logging_mixin.py:190} INFO - [2026-07-25T20:31:19.145+0000] {dag.py:4138} INFO - Setting next_dagrun for flex_eau_pipeline to 2026-07-25 00:00:00+00:00, run_after=2026-07-26 00:00:00+00:00
[2026-07-25T20:31:19.509+0000] {processor.py:208} INFO - Processing /opt/airflow/dags/flex_eau_pipeline.py took 5.105 seconds
[2026-07-25T20:31:49.735+0000] {processor.py:186} INFO - Started process (PID=1656) to work on /opt/airflow/dags/flex_eau_pipeline.py
[2026-07-25T20:31:49.737+0000] {processor.py:914} INFO - Processing file /opt/airflow/dags/flex_eau_pipeline.py for tasks to queue
[2026-07-25T20:31:49.745+0000] {logging_mixin.py:190} INFO - [2026-07-25T20:31:49.744+0000] {dagbag.py:587} INFO - Filling up the DagBag from /opt/airflow/dags/flex_eau_pipeline.py
[2026-07-25T20:31:49.806+0000] {processor.py:925} INFO - DAG(s) 'flex_eau_pipeline' retrieved from /opt/airflow/dags/flex_eau_pipeline.py
[2026-07-25T20:31:49.934+0000] {logging_mixin.py:190} INFO - [2026-07-25T20:31:49.934+0000] {dag.py:3211} INFO - Sync 1 DAGs
[2026-07-25T20:31:50.014+0000] {logging_mixin.py:190} INFO - [2026-07-25T20:31:50.014+0000] {dag.py:4138} INFO - Setting next_dagrun for flex_eau_pipeline to 2026-07-25 00:00:00+00:00, run_after=2026-07-26 00:00:00+00:00
[2026-07-25T20:31:50.065+0000] {processor.py:208} INFO - Processing /opt/airflow/dags/flex_eau_pipeline.py took 0.345 seconds
[2026-07-25T20:32:20.344+0000] {processor.py:186} INFO - Started process (PID=1843) to work on /opt/airflow/dags/flex_eau_pipeline.py
[2026-07-25T20:32:20.350+0000] {processor.py:914} INFO - Processing file /opt/airflow/dags/flex_eau_pipeline.py for tasks to queue
[2026-07-25T20:32:20.358+0000] {logging_mixin.py:190} INFO - [2026-07-25T20:32:20.356+0000] {dagbag.py:587} INFO - Filling up the DagBag from /opt/airflow/dags/flex_eau_pipeline.py
[2026-07-25T20:32:20.429+0000] {processor.py:925} INFO - DAG(s) 'flex_eau_pipeline' retrieved from /opt/airflow/dags/flex_eau_pipeline.py
[2026-07-25T20:32:20.515+0000] {logging_mixin.py:190} INFO - [2026-07-25T20:32:20.515+0000] {dag.py:3211} INFO - Sync 1 DAGs
[2026-07-25T20:32:20.581+0000] {logging_mixin.py:190} INFO - [2026-07-25T20:32:20.580+0000] {dag.py:4138} INFO - Setting next_dagrun for flex_eau_pipeline to 2026-07-25 00:00:00+00:00, run_after=2026-07-26 00:00:00+00:00
[2026-07-25T20:32:20.654+0000] {processor.py:208} INFO - Processing /opt/airflow/dags/flex_eau_pipeline.py took 0.327 seconds
[2026-07-25T20:32:50.929+0000] {processor.py:186} INFO - Started process (PID=2095) to work on /opt/airflow/dags/flex_eau_pipeline.py
[2026-07-25T20:32:50.932+0000] {processor.py:914} INFO - Processing file /opt/airflow/dags/flex_eau_pipeline.py for tasks to queue
[2026-07-25T20:32:50.938+0000] {logging_mixin.py:190} INFO - [2026-07-25T20:32:50.937+0000] {dagbag.py:587} INFO - Filling up the DagBag from /opt/airflow/dags/flex_eau_pipeline.py
[2026-07-25T20:32:50.989+0000] {processor.py:925} INFO - DAG(s) 'flex_eau_pipeline' retrieved from /opt/airflow/dags/flex_eau_pipeline.py
[2026-07-25T20:32:51.071+0000] {logging_mixin.py:190} INFO - [2026-07-25T20:32:51.070+0000] {dag.py:3211} INFO - Sync 1 DAGs
[2026-07-25T20:32:51.141+0000] {logging_mixin.py:190} INFO - [2026-07-25T20:32:51.140+0000] {dag.py:4138} INFO - Setting next_dagrun for flex_eau_pipeline to 2026-07-25 00:00:00+00:00, run_after=2026-07-26 00:00:00+00:00
[2026-07-25T20:32:51.196+0000] {processor.py:208} INFO - Processing /opt/airflow/dags/flex_eau_pipeline.py took 0.284 seconds
[2026-07-25T20:33:21.652+0000] {processor.py:186} INFO - Started process (PID=2587) to work on /opt/airflow/dags/flex_eau_pipeline.py
[2026-07-25T20:33:21.660+0000] {processor.py:914} INFO - Processing file /opt/airflow/dags/flex_eau_pipeline.py for tasks to queue
[2026-07-25T20:33:21.698+0000] {logging_mixin.py:190} INFO - [2026-07-25T20:33:21.697+0000] {dagbag.py:587} INFO - Filling up the DagBag from /opt/airflow/dags/flex_eau_pipeline.py
[2026-07-25T20:33:21.901+0000] {processor.py:925} INFO - DAG(s) 'flex_eau_pipeline' retrieved from /opt/airflow/dags/flex_eau_pipeline.py
[2026-07-25T20:33:22.196+0000] {logging_mixin.py:190} INFO - [2026-07-25T20:33:22.195+0000] {dag.py:3211} INFO - Sync 1 DAGs
[2026-07-25T20:33:22.354+0000] {logging_mixin.py:190} INFO - [2026-07-25T20:33:22.351+0000] {dag.py:4138} INFO - Setting next_dagrun for flex_eau_pipeline to 2026-07-25 00:00:00+00:00, run_after=2026-07-26 00:00:00+00:00
[2026-07-25T20:33:22.447+0000] {processor.py:208} INFO - Processing /opt/airflow/dags/flex_eau_pipeline.py took 0.872 seconds
[2026-07-25T20:33:53.092+0000] {processor.py:186} INFO - Started process (PID=3033) to work on /opt/airflow/dags/flex_eau_pipeline.py
[2026-07-25T20:33:53.101+0000] {processor.py:914} INFO - Processing file /opt/airflow/dags/flex_eau_pipeline.py for tasks to queue
[2026-07-25T20:33:53.112+0000] {logging_mixin.py:190} INFO - [2026-07-25T20:33:53.111+0000] {dagbag.py:587} INFO - Filling up the DagBag from /opt/airflow/dags/flex_eau_pipeline.py
[2026-07-25T20:33:53.305+0000] {processor.py:925} INFO - DAG(s) 'flex_eau_pipeline' retrieved from /opt/airflow/dags/flex_eau_pipeline.py
[2026-07-25T20:33:53.860+0000] {logging_mixin.py:190} INFO - [2026-07-25T20:33:53.860+0000] {dag.py:3211} INFO - Sync 1 DAGs
[2026-07-25T20:33:54.073+0000] {logging_mixin.py:190} INFO - [2026-07-25T20:33:54.072+0000] {dag.py:4138} INFO - Setting next_dagrun for flex_eau_pipeline to 2026-07-25 00:00:00+00:00, run_after=2026-07-26 00:00:00+00:00
[2026-07-25T20:33:54.220+0000] {processor.py:208} INFO - Processing /opt/airflow/dags/flex_eau_pipeline.py took 1.234 seconds
[2026-07-25T20:34:24.401+0000] {processor.py:186} INFO - Started process (PID=3443) to work on /opt/airflow/dags/flex_eau_pipeline.py
[2026-07-25T20:34:24.404+0000] {processor.py:914} INFO - Processing file /opt/airflow/dags/flex_eau_pipeline.py for tasks to queue
[2026-07-25T20:34:24.417+0000] {logging_mixin.py:190} INFO - [2026-07-25T20:34:24.417+0000] {dagbag.py:587} INFO - Filling up the DagBag from /opt/airflow/dags/flex_eau_pipeline.py
[2026-07-25T20:34:24.522+0000] {processor.py:925} INFO - DAG(s) 'flex_eau_pipeline' retrieved from /opt/airflow/dags/flex_eau_pipeline.py
[2026-07-25T20:34:24.647+0000] {logging_mixin.py:190} INFO - [2026-07-25T20:34:24.646+0000] {dag.py:3211} INFO - Sync 1 DAGs
[2026-07-25T20:34:24.718+0000] {logging_mixin.py:190} INFO - [2026-07-25T20:34:24.718+0000] {dag.py:4138} INFO - Setting next_dagrun for flex_eau_pipeline to 2026-07-25 00:00:00+00:00, run_after=2026-07-26 00:00:00+00:00
[2026-07-25T20:34:24.792+0000] {processor.py:208} INFO - Processing /opt/airflow/dags/flex_eau_pipeline.py took 0.416 seconds
[2026-07-25T20:34:54.970+0000] {processor.py:186} INFO - Started process (PID=3849) to work on /opt/airflow/dags/flex_eau_pipeline.py
[2026-07-25T20:34:54.973+0000] {processor.py:914} INFO - Processing file /opt/airflow/dags/flex_eau_pipeline.py for tasks to queue
[2026-07-25T20:34:54.981+0000] {logging_mixin.py:190} INFO - [2026-07-25T20:34:54.980+0000] {dagbag.py:587} INFO - Filling up the DagBag from /opt/airflow/dags/flex_eau_pipeline.py
[2026-07-25T20:34:55.051+0000] {processor.py:925} INFO - DAG(s) 'flex_eau_pipeline' retrieved from /opt/airflow/dags/flex_eau_pipeline.py
[2026-07-25T20:34:55.164+0000] {logging_mixin.py:190} INFO - [2026-07-25T20:34:55.164+0000] {dag.py:3211} INFO - Sync 1 DAGs
[2026-07-25T20:34:55.234+0000] {logging_mixin.py:190} INFO - [2026-07-25T20:34:55.234+0000] {dag.py:4138} INFO - Setting next_dagrun for flex_eau_pipeline to 2026-07-25 00:00:00+00:00, run_after=2026-07-26 00:00:00+00:00
[2026-07-25T20:34:55.289+0000] {processor.py:208} INFO - Processing /opt/airflow/dags/flex_eau_pipeline.py took 0.340 seconds
[2026-07-25T20:35:25.687+0000] {processor.py:186} INFO - Started process (PID=4205) to work on /opt/airflow/dags/flex_eau_pipeline.py
[2026-07-25T20:35:25.691+0000] {processor.py:914} INFO - Processing file /opt/airflow/dags/flex_eau_pipeline.py for tasks to queue
[2026-07-25T20:35:25.698+0000] {logging_mixin.py:190} INFO - [2026-07-25T20:35:25.697+0000] {dagbag.py:587} INFO - Filling up the DagBag from /opt/airflow/dags/flex_eau_pipeline.py
[2026-07-25T20:35:25.771+0000] {processor.py:925} INFO - DAG(s) 'flex_eau_pipeline' retrieved from /opt/airflow/dags/flex_eau_pipeline.py
[2026-07-25T20:35:25.875+0000] {logging_mixin.py:190} INFO - [2026-07-25T20:35:25.875+0000] {dag.py:3211} INFO - Sync 1 DAGs
[2026-07-25T20:35:25.941+0000] {logging_mixin.py:190} INFO - [2026-07-25T20:35:25.940+0000] {dag.py:4138} INFO - Setting next_dagrun for flex_eau_pipeline to 2026-07-25 00:00:00+00:00, run_after=2026-07-26 00:00:00+00:00
[2026-07-25T20:35:25.998+0000] {processor.py:208} INFO - Processing /opt/airflow/dags/flex_eau_pipeline.py took 0.335 seconds
[2026-07-25T20:35:56.611+0000] {processor.py:186} INFO - Started process (PID=4422) to work on /opt/airflow/dags/flex_eau_pipeline.py
[2026-07-25T20:35:56.613+0000] {processor.py:914} INFO - Processing file /opt/airflow/dags/flex_eau_pipeline.py for tasks to queue
[2026-07-25T20:35:56.619+0000] {logging_mixin.py:190} INFO - [2026-07-25T20:35:56.618+0000] {dagbag.py:587} INFO - Filling up the DagBag from /opt/airflow/dags/flex_eau_pipeline.py
[2026-07-25T20:35:56.665+0000] {processor.py:925} INFO - DAG(s) 'flex_eau_pipeline' retrieved from /opt/airflow/dags/flex_eau_pipeline.py
[2026-07-25T20:35:56.744+0000] {logging_mixin.py:190} INFO - [2026-07-25T20:35:56.743+0000] {dag.py:3211} INFO - Sync 1 DAGs
[2026-07-25T20:35:56.796+0000] {logging_mixin.py:190} INFO - [2026-07-25T20:35:56.796+0000] {dag.py:4138} INFO - Setting next_dagrun for flex_eau_pipeline to 2026-07-25 00:00:00+00:00, run_after=2026-07-26 00:00:00+00:00
[2026-07-25T20:35:56.834+0000] {processor.py:208} INFO - Processing /opt/airflow/dags/flex_eau_pipeline.py took 0.237 seconds
[2026-07-25T20:36:27.506+0000] {processor.py:186} INFO - Started process (PID=4427) to work on /opt/airflow/dags/flex_eau_pipeline.py
[2026-07-25T20:36:27.507+0000] {processor.py:914} INFO - Processing file /opt/airflow/dags/flex_eau_pipeline.py for tasks to queue
[2026-07-25T20:36:27.510+0000] {logging_mixin.py:190} INFO - [2026-07-25T20:36:27.509+0000] {dagbag.py:587} INFO - Filling up the DagBag from /opt/airflow/dags/flex_eau_pipeline.py
[2026-07-25T20:36:27.544+0000] {processor.py:925} INFO - DAG(s) 'flex_eau_pipeline' retrieved from /opt/airflow/dags/flex_eau_pipeline.py
[2026-07-25T20:36:27.593+0000] {logging_mixin.py:190} INFO - [2026-07-25T20:36:27.593+0000] {dag.py:3211} INFO - Sync 1 DAGs
[2026-07-25T20:36:27.627+0000] {logging_mixin.py:190} INFO - [2026-07-25T20:36:27.626+0000] {dag.py:4138} INFO - Setting next_dagrun for flex_eau_pipeline to 2026-07-25 00:00:00+00:00, run_after=2026-07-26 00:00:00+00:00
[2026-07-25T20:36:27.653+0000] {processor.py:208} INFO - Processing /opt/airflow/dags/flex_eau_pipeline.py took 0.156 seconds
[2026-07-25T20:36:58.366+0000] {processor.py:186} INFO - Started process (PID=4432) to work on /opt/airflow/dags/flex_eau_pipeline.py
[2026-07-25T20:36:58.368+0000] {processor.py:914} INFO - Processing file /opt/airflow/dags/flex_eau_pipeline.py for tasks to queue
[2026-07-25T20:36:58.371+0000] {logging_mixin.py:190} INFO - [2026-07-25T20:36:58.370+0000] {dagbag.py:587} INFO - Filling up the DagBag from /opt/airflow/dags/flex_eau_pipeline.py
[2026-07-25T20:36:58.401+0000] {processor.py:925} INFO - DAG(s) 'flex_eau_pipeline' retrieved from /opt/airflow/dags/flex_eau_pipeline.py
[2026-07-25T20:36:58.443+0000] {logging_mixin.py:190} INFO - [2026-07-25T20:36:58.443+0000] {dag.py:3211} INFO - Sync 1 DAGs
[2026-07-25T20:36:58.471+0000] {logging_mixin.py:190} INFO - [2026-07-25T20:36:58.471+0000] {dag.py:4138} INFO - Setting next_dagrun for flex_eau_pipeline to 2026-07-25 00:00:00+00:00, run_after=2026-07-26 00:00:00+00:00
[2026-07-25T20:36:58.498+0000] {processor.py:208} INFO - Processing /opt/airflow/dags/flex_eau_pipeline.py took 0.139 seconds
[2026-07-25T20:37:29.229+0000] {processor.py:186} INFO - Started process (PID=4437) to work on /opt/airflow/dags/flex_eau_pipeline.py
[2026-07-25T20:37:29.230+0000] {processor.py:914} INFO - Processing file /opt/airflow/dags/flex_eau_pipeline.py for tasks to queue
[2026-07-25T20:37:29.232+0000] {logging_mixin.py:190} INFO - [2026-07-25T20:37:29.232+0000] {dagbag.py:587} INFO - Filling up the DagBag from /opt/airflow/dags/flex_eau_pipeline.py
[2026-07-25T20:37:29.264+0000] {processor.py:925} INFO - DAG(s) 'flex_eau_pipeline' retrieved from /opt/airflow/dags/flex_eau_pipeline.py
[2026-07-25T20:37:29.309+0000] {logging_mixin.py:190} INFO - [2026-07-25T20:37:29.308+0000] {dag.py:3211} INFO - Sync 1 DAGs
[2026-07-25T20:37:29.335+0000] {logging_mixin.py:190} INFO - [2026-07-25T20:37:29.335+0000] {dag.py:4138} INFO - Setting next_dagrun for flex_eau_pipeline to 2026-07-25 00:00:00+00:00, run_after=2026-07-26 00:00:00+00:00
[2026-07-25T20:37:29.364+0000] {processor.py:208} INFO - Processing /opt/airflow/dags/flex_eau_pipeline.py took 0.143 seconds
[2026-07-25T20:37:59.730+0000] {processor.py:186} INFO - Started process (PID=4442) to work on /opt/airflow/dags/flex_eau_pipeline.py
[2026-07-25T20:37:59.731+0000] {processor.py:914} INFO - Processing file /opt/airflow/dags/flex_eau_pipeline.py for tasks to queue
[2026-07-25T20:37:59.733+0000] {logging_mixin.py:190} INFO - [2026-07-25T20:37:59.733+0000] {dagbag.py:587} INFO - Filling up the DagBag from /opt/airflow/dags/flex_eau_pipeline.py
[2026-07-25T20:37:59.763+0000] {processor.py:925} INFO - DAG(s) 'flex_eau_pipeline' retrieved from /opt/airflow/dags/flex_eau_pipeline.py
[2026-07-25T20:37:59.809+0000] {logging_mixin.py:190} INFO - [2026-07-25T20:37:59.808+0000] {dag.py:3211} INFO - Sync 1 DAGs
[2026-07-25T20:37:59.840+0000] {logging_mixin.py:190} INFO - [2026-07-25T20:37:59.840+0000] {dag.py:4138} INFO - Setting next_dagrun for flex_eau_pipeline to 2026-07-25 00:00:00+00:00, run_after=2026-07-26 00:00:00+00:00
[2026-07-25T20:37:59.867+0000] {processor.py:208} INFO - Processing /opt/airflow/dags/flex_eau_pipeline.py took 0.145 seconds
[2026-07-25T20:38:30.813+0000] {processor.py:186} INFO - Started process (PID=4447) to work on /opt/airflow/dags/flex_eau_pipeline.py
[2026-07-25T20:38:30.814+0000] {processor.py:914} INFO - Processing file /opt/airflow/dags/flex_eau_pipeline.py for tasks to queue
[2026-07-25T20:38:30.817+0000] {logging_mixin.py:190} INFO - [2026-07-25T20:38:30.816+0000] {dagbag.py:587} INFO - Filling up the DagBag from /opt/airflow/dags/flex_eau_pipeline.py
[2026-07-25T20:38:30.845+0000] {processor.py:925} INFO - DAG(s) 'flex_eau_pipeline' retrieved from /opt/airflow/dags/flex_eau_pipeline.py
[2026-07-25T20:38:30.887+0000] {logging_mixin.py:190} INFO - [2026-07-25T20:38:30.887+0000] {dag.py:3211} INFO - Sync 1 DAGs
[2026-07-25T20:38:30.917+0000] {logging_mixin.py:190} INFO - [2026-07-25T20:38:30.916+0000] {dag.py:4138} INFO - Setting next_dagrun for flex_eau_pipeline to 2026-07-25 00:00:00+00:00, run_after=2026-07-26 00:00:00+00:00
[2026-07-25T20:38:30.944+0000] {processor.py:208} INFO - Processing /opt/airflow/dags/flex_eau_pipeline.py took 0.138 seconds
[2026-07-25T20:39:01.735+0000] {processor.py:186} INFO - Started process (PID=4452) to work on /opt/airflow/dags/flex_eau_pipeline.py
[2026-07-25T20:39:01.737+0000] {processor.py:914} INFO - Processing file /opt/airflow/dags/flex_eau_pipeline.py for tasks to queue
[2026-07-25T20:39:01.741+0000] {logging_mixin.py:190} INFO - [2026-07-25T20:39:01.740+0000] {dagbag.py:587} INFO - Filling up the DagBag from /opt/airflow/dags/flex_eau_pipeline.py
[2026-07-25T20:39:01.773+0000] {processor.py:925} INFO - DAG(s) 'flex_eau_pipeline' retrieved from /opt/airflow/dags/flex_eau_pipeline.py
[2026-07-25T20:39:01.821+0000] {logging_mixin.py:190} INFO - [2026-07-25T20:39:01.821+0000] {dag.py:3211} INFO - Sync 1 DAGs
[2026-07-25T20:39:01.866+0000] {logging_mixin.py:190} INFO - [2026-07-25T20:39:01.866+0000] {dag.py:4138} INFO - Setting next_dagrun for flex_eau_pipeline to 2026-07-25 00:00:00+00:00, run_after=2026-07-26 00:00:00+00:00
[2026-07-25T20:39:01.891+0000] {processor.py:208} INFO - Processing /opt/airflow/dags/flex_eau_pipeline.py took 0.164 seconds
[2026-07-25T20:39:32.803+0000] {processor.py:186} INFO - Started process (PID=4457) to work on /opt/airflow/dags/flex_eau_pipeline.py
[2026-07-25T20:39:32.804+0000] {processor.py:914} INFO - Processing file /opt/airflow/dags/flex_eau_pipeline.py for tasks to queue
[2026-07-25T20:39:32.808+0000] {logging_mixin.py:190} INFO - [2026-07-25T20:39:32.807+0000] {dagbag.py:587} INFO - Filling up the DagBag from /opt/airflow/dags/flex_eau_pipeline.py
[2026-07-25T20:39:32.847+0000] {processor.py:925} INFO - DAG(s) 'flex_eau_pipeline' retrieved from /opt/airflow/dags/flex_eau_pipeline.py
[2026-07-25T20:39:32.892+0000] {logging_mixin.py:190} INFO - [2026-07-25T20:39:32.892+0000] {dag.py:3211} INFO - Sync 1 DAGs
[2026-07-25T20:39:32.921+0000] {logging_mixin.py:190} INFO - [2026-07-25T20:39:32.921+0000] {dag.py:4138} INFO - Setting next_dagrun for flex_eau_pipeline to 2026-07-25 00:00:00+00:00, run_after=2026-07-26 00:00:00+00:00
[2026-07-25T20:39:32.952+0000] {processor.py:208} INFO - Processing /opt/airflow/dags/flex_eau_pipeline.py took 0.156 seconds
[2026-07-25T20:40:03.714+0000] {processor.py:186} INFO - Started process (PID=4462) to work on /opt/airflow/dags/flex_eau_pipeline.py
[2026-07-25T20:40:03.716+0000] {processor.py:914} INFO - Processing file /opt/airflow/dags/flex_eau_pipeline.py for tasks to queue
[2026-07-25T20:40:03.722+0000] {logging_mixin.py:190} INFO - [2026-07-25T20:40:03.721+0000] {dagbag.py:587} INFO - Filling up the DagBag from /opt/airflow/dags/flex_eau_pipeline.py
[2026-07-25T20:40:03.768+0000] {processor.py:925} INFO - DAG(s) 'flex_eau_pipeline' retrieved from /opt/airflow/dags/flex_eau_pipeline.py
[2026-07-25T20:40:03.854+0000] {logging_mixin.py:190} INFO - [2026-07-25T20:40:03.853+0000] {dag.py:3211} INFO - Sync 1 DAGs
[2026-07-25T20:40:03.893+0000] {logging_mixin.py:190} INFO - [2026-07-25T20:40:03.893+0000] {dag.py:4138} INFO - Setting next_dagrun for flex_eau_pipeline to 2026-07-25 00:00:00+00:00, run_after=2026-07-26 00:00:00+00:00
[2026-07-25T20:40:03.917+0000] {processor.py:208} INFO - Processing /opt/airflow/dags/flex_eau_pipeline.py took 0.215 seconds
[2026-07-25T20:40:34.818+0000] {processor.py:186} INFO - Started process (PID=4467) to work on /opt/airflow/dags/flex_eau_pipeline.py
[2026-07-25T20:40:34.821+0000] {processor.py:914} INFO - Processing file /opt/airflow/dags/flex_eau_pipeline.py for tasks to queue
[2026-07-25T20:40:34.825+0000] {logging_mixin.py:190} INFO - [2026-07-25T20:40:34.824+0000] {dagbag.py:587} INFO - Filling up the DagBag from /opt/airflow/dags/flex_eau_pipeline.py
[2026-07-25T20:40:34.862+0000] {processor.py:925} INFO - DAG(s) 'flex_eau_pipeline' retrieved from /opt/airflow/dags/flex_eau_pipeline.py
[2026-07-25T20:40:34.912+0000] {logging_mixin.py:190} INFO - [2026-07-25T20:40:34.912+0000] {dag.py:3211} INFO - Sync 1 DAGs
[2026-07-25T20:40:34.944+0000] {logging_mixin.py:190} INFO - [2026-07-25T20:40:34.944+0000] {dag.py:4138} INFO - Setting next_dagrun for flex_eau_pipeline to 2026-07-25 00:00:00+00:00, run_after=2026-07-26 00:00:00+00:00
[2026-07-25T20:40:34.973+0000] {processor.py:208} INFO - Processing /opt/airflow/dags/flex_eau_pipeline.py took 0.169 seconds
[2026-07-25T20:41:05.858+0000] {processor.py:186} INFO - Started process (PID=4472) to work on /opt/airflow/dags/flex_eau_pipeline.py
[2026-07-25T20:41:05.859+0000] {processor.py:914} INFO - Processing file /opt/airflow/dags/flex_eau_pipeline.py for tasks to queue
[2026-07-25T20:41:05.864+0000] {logging_mixin.py:190} INFO - [2026-07-25T20:41:05.863+0000] {dagbag.py:587} INFO - Filling up the DagBag from /opt/airflow/dags/flex_eau_pipeline.py
[2026-07-25T20:41:05.926+0000] {processor.py:925} INFO - DAG(s) 'flex_eau_pipeline' retrieved from /opt/airflow/dags/flex_eau_pipeline.py
[2026-07-25T20:41:05.972+0000] {logging_mixin.py:190} INFO - [2026-07-25T20:41:05.972+0000] {dag.py:3211} INFO - Sync 1 DAGs
[2026-07-25T20:41:06.007+0000] {logging_mixin.py:190} INFO - [2026-07-25T20:41:06.007+0000] {dag.py:4138} INFO - Setting next_dagrun for flex_eau_pipeline to 2026-07-25 00:00:00+00:00, run_after=2026-07-26 00:00:00+00:00
[2026-07-25T20:41:06.037+0000] {processor.py:208} INFO - Processing /opt/airflow/dags/flex_eau_pipeline.py took 0.187 seconds
[2026-07-25T20:41:36.925+0000] {processor.py:186} INFO - Started process (PID=4477) to work on /opt/airflow/dags/flex_eau_pipeline.py
[2026-07-25T20:41:36.926+0000] {processor.py:914} INFO - Processing file /opt/airflow/dags/flex_eau_pipeline.py for tasks to queue
[2026-07-25T20:41:36.929+0000] {logging_mixin.py:190} INFO - [2026-07-25T20:41:36.928+0000] {dagbag.py:587} INFO - Filling up the DagBag from /opt/airflow/dags/flex_eau_pipeline.py
[2026-07-25T20:41:36.962+0000] {processor.py:925} INFO - DAG(s) 'flex_eau_pipeline' retrieved from /opt/airflow/dags/flex_eau_pipeline.py
[2026-07-25T20:41:37.007+0000] {logging_mixin.py:190} INFO - [2026-07-25T20:41:37.006+0000] {dag.py:3211} INFO - Sync 1 DAGs
[2026-07-25T20:41:37.038+0000] {logging_mixin.py:190} INFO - [2026-07-25T20:41:37.038+0000] {dag.py:4138} INFO - Setting next_dagrun for flex_eau_pipeline to 2026-07-25 00:00:00+00:00, run_after=2026-07-26 00:00:00+00:00
[2026-07-25T20:41:37.067+0000] {processor.py:208} INFO - Processing /opt/airflow/dags/flex_eau_pipeline.py took 0.151 seconds
[2026-07-25T20:42:07.933+0000] {processor.py:186} INFO - Started process (PID=4482) to work on /opt/airflow/dags/flex_eau_pipeline.py
[2026-07-25T20:42:07.935+0000] {processor.py:914} INFO - Processing file /opt/airflow/dags/flex_eau_pipeline.py for tasks to queue
[2026-07-25T20:42:07.938+0000] {logging_mixin.py:190} INFO - [2026-07-25T20:42:07.938+0000] {dagbag.py:587} INFO - Filling up the DagBag from /opt/airflow/dags/flex_eau_pipeline.py
[2026-07-25T20:42:07.969+0000] {processor.py:925} INFO - DAG(s) 'flex_eau_pipeline' retrieved from /opt/airflow/dags/flex_eau_pipeline.py
[2026-07-25T20:42:08.017+0000] {logging_mixin.py:190} INFO - [2026-07-25T20:42:08.017+0000] {dag.py:3211} INFO - Sync 1 DAGs
[2026-07-25T20:42:08.047+0000] {logging_mixin.py:190} INFO - [2026-07-25T20:42:08.047+0000] {dag.py:4138} INFO - Setting next_dagrun for flex_eau_pipeline to 2026-07-25 00:00:00+00:00, run_after=2026-07-26 00:00:00+00:00
[2026-07-25T20:42:08.073+0000] {processor.py:208} INFO - Processing /opt/airflow/dags/flex_eau_pipeline.py took 0.148 seconds
[2026-07-25T20:42:38.980+0000] {processor.py:186} INFO - Started process (PID=4487) to work on /opt/airflow/dags/flex_eau_pipeline.py
[2026-07-25T20:42:38.982+0000] {processor.py:914} INFO - Processing file /opt/airflow/dags/flex_eau_pipeline.py for tasks to queue
[2026-07-25T20:42:38.984+0000] {logging_mixin.py:190} INFO - [2026-07-25T20:42:38.984+0000] {dagbag.py:587} INFO - Filling up the DagBag from /opt/airflow/dags/flex_eau_pipeline.py
[2026-07-25T20:42:39.014+0000] {processor.py:925} INFO - DAG(s) 'flex_eau_pipeline' retrieved from /opt/airflow/dags/flex_eau_pipeline.py
[2026-07-25T20:42:39.059+0000] {logging_mixin.py:190} INFO - [2026-07-25T20:42:39.059+0000] {dag.py:3211} INFO - Sync 1 DAGs
[2026-07-25T20:42:39.091+0000] {logging_mixin.py:190} INFO - [2026-07-25T20:42:39.091+0000] {dag.py:4138} INFO - Setting next_dagrun for flex_eau_pipeline to 2026-07-25 00:00:00+00:00, run_after=2026-07-26 00:00:00+00:00
[2026-07-25T20:42:39.119+0000] {processor.py:208} INFO - Processing /opt/airflow/dags/flex_eau_pipeline.py took 0.146 seconds
[2026-07-25T20:43:09.990+0000] {processor.py:186} INFO - Started process (PID=4492) to work on /opt/airflow/dags/flex_eau_pipeline.py
[2026-07-25T20:43:09.992+0000] {processor.py:914} INFO - Processing file /opt/airflow/dags/flex_eau_pipeline.py for tasks to queue
[2026-07-25T20:43:09.994+0000] {logging_mixin.py:190} INFO - [2026-07-25T20:43:09.994+0000] {dagbag.py:587} INFO - Filling up the DagBag from /opt/airflow/dags/flex_eau_pipeline.py
[2026-07-25T20:43:10.021+0000] {processor.py:925} INFO - DAG(s) 'flex_eau_pipeline' retrieved from /opt/airflow/dags/flex_eau_pipeline.py
[2026-07-25T20:43:10.059+0000] {logging_mixin.py:190} INFO - [2026-07-25T20:43:10.059+0000] {dag.py:3211} INFO - Sync 1 DAGs
[2026-07-25T20:43:10.088+0000] {logging_mixin.py:190} INFO - [2026-07-25T20:43:10.088+0000] {dag.py:4138} INFO - Setting next_dagrun for flex_eau_pipeline to 2026-07-25 00:00:00+00:00, run_after=2026-07-26 00:00:00+00:00
[2026-07-25T20:43:10.114+0000] {processor.py:208} INFO - Processing /opt/airflow/dags/flex_eau_pipeline.py took 0.131 seconds
[2026-07-25T20:43:40.247+0000] {processor.py:186} INFO - Started process (PID=4497) to work on /opt/airflow/dags/flex_eau_pipeline.py
[2026-07-25T20:43:40.249+0000] {processor.py:914} INFO - Processing file /opt/airflow/dags/flex_eau_pipeline.py for tasks to queue
[2026-07-25T20:43:40.251+0000] {logging_mixin.py:190} INFO - [2026-07-25T20:43:40.251+0000] {dagbag.py:587} INFO - Filling up the DagBag from /opt/airflow/dags/flex_eau_pipeline.py
[2026-07-25T20:43:40.279+0000] {processor.py:925} INFO - DAG(s) 'flex_eau_pipeline' retrieved from /opt/airflow/dags/flex_eau_pipeline.py
[2026-07-25T20:43:40.316+0000] {logging_mixin.py:190} INFO - [2026-07-25T20:43:40.316+0000] {dag.py:3211} INFO - Sync 1 DAGs
[2026-07-25T20:43:40.346+0000] {logging_mixin.py:190} INFO - [2026-07-25T20:43:40.346+0000] {dag.py:4138} INFO - Setting next_dagrun for flex_eau_pipeline to 2026-07-25 00:00:00+00:00, run_after=2026-07-26 00:00:00+00:00
[2026-07-25T20:43:40.375+0000] {processor.py:208} INFO - Processing /opt/airflow/dags/flex_eau_pipeline.py took 0.135 seconds
[2026-07-25T20:44:10.479+0000] {processor.py:186} INFO - Started process (PID=4502) to work on /opt/airflow/dags/flex_eau_pipeline.py
[2026-07-25T20:44:10.480+0000] {processor.py:914} INFO - Processing file /opt/airflow/dags/flex_eau_pipeline.py for tasks to queue
[2026-07-25T20:44:10.483+0000] {logging_mixin.py:190} INFO - [2026-07-25T20:44:10.482+0000] {dagbag.py:587} INFO - Filling up the DagBag from /opt/airflow/dags/flex_eau_pipeline.py
[2026-07-25T20:44:10.511+0000] {processor.py:925} INFO - DAG(s) 'flex_eau_pipeline' retrieved from /opt/airflow/dags/flex_eau_pipeline.py
[2026-07-25T20:44:10.552+0000] {logging_mixin.py:190} INFO - [2026-07-25T20:44:10.552+0000] {dag.py:3211} INFO - Sync 1 DAGs
[2026-07-25T20:44:10.580+0000] {logging_mixin.py:190} INFO - [2026-07-25T20:44:10.579+0000] {dag.py:4138} INFO - Setting next_dagrun for flex_eau_pipeline to 2026-07-25 00:00:00+00:00, run_after=2026-07-26 00:00:00+00:00
[2026-07-25T20:44:10.604+0000] {processor.py:208} INFO - Processing /opt/airflow/dags/flex_eau_pipeline.py took 0.132 seconds
[2026-07-25T20:44:40.749+0000] {processor.py:186} INFO - Started process (PID=4507) to work on /opt/airflow/dags/flex_eau_pipeline.py
[2026-07-25T20:44:40.751+0000] {processor.py:914} INFO - Processing file /opt/airflow/dags/flex_eau_pipeline.py for tasks to queue
[2026-07-25T20:44:40.754+0000] {logging_mixin.py:190} INFO - [2026-07-25T20:44:40.753+0000] {dagbag.py:587} INFO - Filling up the DagBag from /opt/airflow/dags/flex_eau_pipeline.py
[2026-07-25T20:44:40.788+0000] {processor.py:925} INFO - DAG(s) 'flex_eau_pipeline' retrieved from /opt/airflow/dags/flex_eau_pipeline.py
[2026-07-25T20:44:40.828+0000] {logging_mixin.py:190} INFO - [2026-07-25T20:44:40.828+0000] {dag.py:3211} INFO - Sync 1 DAGs
[2026-07-25T20:44:40.858+0000] {logging_mixin.py:190} INFO - [2026-07-25T20:44:40.858+0000] {dag.py:4138} INFO - Setting next_dagrun for flex_eau_pipeline to 2026-07-25 00:00:00+00:00, run_after=2026-07-26 00:00:00+00:00
[2026-07-25T20:44:40.884+0000] {processor.py:208} INFO - Processing /opt/airflow/dags/flex_eau_pipeline.py took 0.145 seconds
[2026-07-25T20:45:11.865+0000] {processor.py:186} INFO - Started process (PID=4512) to work on /opt/airflow/dags/flex_eau_pipeline.py
[2026-07-25T20:45:11.866+0000] {processor.py:914} INFO - Processing file /opt/airflow/dags/flex_eau_pipeline.py for tasks to queue
[2026-07-25T20:45:11.869+0000] {logging_mixin.py:190} INFO - [2026-07-25T20:45:11.869+0000] {dagbag.py:587} INFO - Filling up the DagBag from /opt/airflow/dags/flex_eau_pipeline.py
[2026-07-25T20:45:11.898+0000] {processor.py:925} INFO - DAG(s) 'flex_eau_pipeline' retrieved from /opt/airflow/dags/flex_eau_pipeline.py
[2026-07-25T20:45:11.939+0000] {logging_mixin.py:190} INFO - [2026-07-25T20:45:11.939+0000] {dag.py:3211} INFO - Sync 1 DAGs
[2026-07-25T20:45:11.969+0000] {logging_mixin.py:190} INFO - [2026-07-25T20:45:11.969+0000] {dag.py:4138} INFO - Setting next_dagrun for flex_eau_pipeline to 2026-07-25 00:00:00+00:00, run_after=2026-07-26 00:00:00+00:00
[2026-07-25T20:45:11.991+0000] {processor.py:208} INFO - Processing /opt/airflow/dags/flex_eau_pipeline.py took 0.133 seconds
[2026-07-25T20:45:42.189+0000] {processor.py:186} INFO - Started process (PID=4517) to work on /opt/airflow/dags/flex_eau_pipeline.py
[2026-07-25T20:45:42.190+0000] {processor.py:914} INFO - Processing file /opt/airflow/dags/flex_eau_pipeline.py for tasks to queue
[2026-07-25T20:45:42.193+0000] {logging_mixin.py:190} INFO - [2026-07-25T20:45:42.193+0000] {dagbag.py:587} INFO - Filling up the DagBag from /opt/airflow/dags/flex_eau_pipeline.py
[2026-07-25T20:45:42.224+0000] {processor.py:925} INFO - DAG(s) 'flex_eau_pipeline' retrieved from /opt/airflow/dags/flex_eau_pipeline.py
[2026-07-25T20:45:42.265+0000] {logging_mixin.py:190} INFO - [2026-07-25T20:45:42.265+0000] {dag.py:3211} INFO - Sync 1 DAGs
[2026-07-25T20:45:42.292+0000] {logging_mixin.py:190} INFO - [2026-07-25T20:45:42.292+0000] {dag.py:4138} INFO - Setting next_dagrun for flex_eau_pipeline to 2026-07-25 00:00:00+00:00, run_after=2026-07-26 00:00:00+00:00
[2026-07-25T20:45:42.319+0000] {processor.py:208} INFO - Processing /opt/airflow/dags/flex_eau_pipeline.py took 0.138 seconds
[2026-07-25T20:46:13.206+0000] {processor.py:186} INFO - Started process (PID=4522) to work on /opt/airflow/dags/flex_eau_pipeline.py
[2026-07-25T20:46:13.208+0000] {processor.py:914} INFO - Processing file /opt/airflow/dags/flex_eau_pipeline.py for tasks to queue
[2026-07-25T20:46:13.210+0000] {logging_mixin.py:190} INFO - [2026-07-25T20:46:13.210+0000] {dagbag.py:587} INFO - Filling up the DagBag from /opt/airflow/dags/flex_eau_pipeline.py
[2026-07-25T20:46:13.242+0000] {processor.py:925} INFO - DAG(s) 'flex_eau_pipeline' retrieved from /opt/airflow/dags/flex_eau_pipeline.py
[2026-07-25T20:46:13.284+0000] {logging_mixin.py:190} INFO - [2026-07-25T20:46:13.284+0000] {dag.py:3211} INFO - Sync 1 DAGs
[2026-07-25T20:46:13.312+0000] {logging_mixin.py:190} INFO - [2026-07-25T20:46:13.312+0000] {dag.py:4138} INFO - Setting next_dagrun for flex_eau_pipeline to 2026-07-25 00:00:00+00:00, run_after=2026-07-26 00:00:00+00:00
[2026-07-25T20:46:13.337+0000] {processor.py:208} INFO - Processing /opt/airflow/dags/flex_eau_pipeline.py took 0.138 seconds
[2026-07-25T20:46:44.376+0000] {processor.py:186} INFO - Started process (PID=4527) to work on /opt/airflow/dags/flex_eau_pipeline.py
[2026-07-25T20:46:44.377+0000] {processor.py:914} INFO - Processing file /opt/airflow/dags/flex_eau_pipeline.py for tasks to queue
[2026-07-25T20:46:44.380+0000] {logging_mixin.py:190} INFO - [2026-07-25T20:46:44.379+0000] {dagbag.py:587} INFO - Filling up the DagBag from /opt/airflow/dags/flex_eau_pipeline.py
[2026-07-25T20:46:44.406+0000] {processor.py:925} INFO - DAG(s) 'flex_eau_pipeline' retrieved from /opt/airflow/dags/flex_eau_pipeline.py
[2026-07-25T20:46:44.446+0000] {logging_mixin.py:190} INFO - [2026-07-25T20:46:44.445+0000] {dag.py:3211} INFO - Sync 1 DAGs
[2026-07-25T20:46:44.473+0000] {logging_mixin.py:190} INFO - [2026-07-25T20:46:44.473+0000] {dag.py:4138} INFO - Setting next_dagrun for flex_eau_pipeline to 2026-07-25 00:00:00+00:00, run_after=2026-07-26 00:00:00+00:00
[2026-07-25T20:46:44.497+0000] {processor.py:208} INFO - Processing /opt/airflow/dags/flex_eau_pipeline.py took 0.129 seconds
[2026-07-25T20:47:14.629+0000] {processor.py:186} INFO - Started process (PID=4532) to work on /opt/airflow/dags/flex_eau_pipeline.py
[2026-07-25T20:47:14.630+0000] {processor.py:914} INFO - Processing file /opt/airflow/dags/flex_eau_pipeline.py for tasks to queue
[2026-07-25T20:47:14.633+0000] {logging_mixin.py:190} INFO - [2026-07-25T20:47:14.632+0000] {dagbag.py:587} INFO - Filling up the DagBag from /opt/airflow/dags/flex_eau_pipeline.py
[2026-07-25T20:47:14.663+0000] {processor.py:925} INFO - DAG(s) 'flex_eau_pipeline' retrieved from /opt/airflow/dags/flex_eau_pipeline.py
[2026-07-25T20:47:14.702+0000] {logging_mixin.py:190} INFO - [2026-07-25T20:47:14.702+0000] {dag.py:3211} INFO - Sync 1 DAGs
[2026-07-25T20:47:14.727+0000] {logging_mixin.py:190} INFO - [2026-07-25T20:47:14.727+0000] {dag.py:4138} INFO - Setting next_dagrun for flex_eau_pipeline to 2026-07-25 00:00:00+00:00, run_after=2026-07-26 00:00:00+00:00
[2026-07-25T20:47:14.749+0000] {processor.py:208} INFO - Processing /opt/airflow/dags/flex_eau_pipeline.py took 0.127 seconds
[2026-07-25T20:47:44.836+0000] {processor.py:186} INFO - Started process (PID=4537) to work on /opt/airflow/dags/flex_eau_pipeline.py
[2026-07-25T20:47:44.837+0000] {processor.py:914} INFO - Processing file /opt/airflow/dags/flex_eau_pipeline.py for tasks to queue
[2026-07-25T20:47:44.840+0000] {logging_mixin.py:190} INFO - [2026-07-25T20:47:44.839+0000] {dagbag.py:587} INFO - Filling up the DagBag from /opt/airflow/dags/flex_eau_pipeline.py
[2026-07-25T20:47:44.868+0000] {processor.py:925} INFO - DAG(s) 'flex_eau_pipeline' retrieved from /opt/airflow/dags/flex_eau_pipeline.py
[2026-07-25T20:47:44.905+0000] {logging_mixin.py:190} INFO - [2026-07-25T20:47:44.905+0000] {dag.py:3211} INFO - Sync 1 DAGs
[2026-07-25T20:47:44.934+0000] {logging_mixin.py:190} INFO - [2026-07-25T20:47:44.933+0000] {dag.py:4138} INFO - Setting next_dagrun for flex_eau_pipeline to 2026-07-25 00:00:00+00:00, run_after=2026-07-26 00:00:00+00:00
[2026-07-25T20:47:44.960+0000] {processor.py:208} INFO - Processing /opt/airflow/dags/flex_eau_pipeline.py took 0.130 seconds
[2026-07-25T20:48:15.913+0000] {processor.py:186} INFO - Started process (PID=4542) to work on /opt/airflow/dags/flex_eau_pipeline.py
[2026-07-25T20:48:15.915+0000] {processor.py:914} INFO - Processing file /opt/airflow/dags/flex_eau_pipeline.py for tasks to queue
[2026-07-25T20:48:15.918+0000] {logging_mixin.py:190} INFO - [2026-07-25T20:48:15.917+0000] {dagbag.py:587} INFO - Filling up the DagBag from /opt/airflow/dags/flex_eau_pipeline.py
[2026-07-25T20:48:15.944+0000] {processor.py:925} INFO - DAG(s) 'flex_eau_pipeline' retrieved from /opt/airflow/dags/flex_eau_pipeline.py
[2026-07-25T20:48:15.985+0000] {logging_mixin.py:190} INFO - [2026-07-25T20:48:15.985+0000] {dag.py:3211} INFO - Sync 1 DAGs
[2026-07-25T20:48:16.015+0000] {logging_mixin.py:190} INFO - [2026-07-25T20:48:16.015+0000] {dag.py:4138} INFO - Setting next_dagrun for flex_eau_pipeline to 2026-07-25 00:00:00+00:00, run_after=2026-07-26 00:00:00+00:00
[2026-07-25T20:48:16.037+0000] {processor.py:208} INFO - Processing /opt/airflow/dags/flex_eau_pipeline.py took 0.132 seconds
[2026-07-25T20:48:46.131+0000] {processor.py:186} INFO - Started process (PID=4547) to work on /opt/airflow/dags/flex_eau_pipeline.py
[2026-07-25T20:48:46.132+0000] {processor.py:914} INFO - Processing file /opt/airflow/dags/flex_eau_pipeline.py for tasks to queue
[2026-07-25T20:48:46.135+0000] {logging_mixin.py:190} INFO - [2026-07-25T20:48:46.134+0000] {dagbag.py:587} INFO - Filling up the DagBag from /opt/airflow/dags/flex_eau_pipeline.py
[2026-07-25T20:48:46.165+0000] {processor.py:925} INFO - DAG(s) 'flex_eau_pipeline' retrieved from /opt/airflow/dags/flex_eau_pipeline.py
[2026-07-25T20:48:46.204+0000] {logging_mixin.py:190} INFO - [2026-07-25T20:48:46.204+0000] {dag.py:3211} INFO - Sync 1 DAGs
[2026-07-25T20:48:46.235+0000] {logging_mixin.py:190} INFO - [2026-07-25T20:48:46.234+0000] {dag.py:4138} INFO - Setting next_dagrun for flex_eau_pipeline to 2026-07-25 00:00:00+00:00, run_after=2026-07-26 00:00:00+00:00
[2026-07-25T20:48:46.261+0000] {processor.py:208} INFO - Processing /opt/airflow/dags/flex_eau_pipeline.py took 0.138 seconds
[2026-07-25T20:49:16.461+0000] {processor.py:186} INFO - Started process (PID=4552) to work on /opt/airflow/dags/flex_eau_pipeline.py
[2026-07-25T20:49:16.463+0000] {processor.py:914} INFO - Processing file /opt/airflow/dags/flex_eau_pipeline.py for tasks to queue
[2026-07-25T20:49:16.466+0000] {logging_mixin.py:190} INFO - [2026-07-25T20:49:16.466+0000] {dagbag.py:587} INFO - Filling up the DagBag from /opt/airflow/dags/flex_eau_pipeline.py
[2026-07-25T20:49:16.495+0000] {processor.py:925} INFO - DAG(s) 'flex_eau_pipeline' retrieved from /opt/airflow/dags/flex_eau_pipeline.py
[2026-07-25T20:49:16.539+0000] {logging_mixin.py:190} INFO - [2026-07-25T20:49:16.539+0000] {dag.py:3211} INFO - Sync 1 DAGs
[2026-07-25T20:49:16.568+0000] {logging_mixin.py:190} INFO - [2026-07-25T20:49:16.568+0000] {dag.py:4138} INFO - Setting next_dagrun for flex_eau_pipeline to 2026-07-25 00:00:00+00:00, run_after=2026-07-26 00:00:00+00:00
[2026-07-25T20:49:16.594+0000] {processor.py:208} INFO - Processing /opt/airflow/dags/flex_eau_pipeline.py took 0.145 seconds
[2026-07-25T20:49:46.697+0000] {processor.py:186} INFO - Started process (PID=4557) to work on /opt/airflow/dags/flex_eau_pipeline.py
[2026-07-25T20:49:46.698+0000] {processor.py:914} INFO - Processing file /opt/airflow/dags/flex_eau_pipeline.py for tasks to queue
[2026-07-25T20:49:46.701+0000] {logging_mixin.py:190} INFO - [2026-07-25T20:49:46.701+0000] {dagbag.py:587} INFO - Filling up the DagBag from /opt/airflow/dags/flex_eau_pipeline.py
[2026-07-25T20:49:46.730+0000] {processor.py:925} INFO - DAG(s) 'flex_eau_pipeline' retrieved from /opt/airflow/dags/flex_eau_pipeline.py
[2026-07-25T20:49:46.778+0000] {logging_mixin.py:190} INFO - [2026-07-25T20:49:46.778+0000] {dag.py:3211} INFO - Sync 1 DAGs
[2026-07-25T20:49:46.806+0000] {logging_mixin.py:190} INFO - [2026-07-25T20:49:46.805+0000] {dag.py:4138} INFO - Setting next_dagrun for flex_eau_pipeline to 2026-07-25 00:00:00+00:00, run_after=2026-07-26 00:00:00+00:00
[2026-07-25T20:49:46.841+0000] {processor.py:208} INFO - Processing /opt/airflow/dags/flex_eau_pipeline.py took 0.153 seconds
[2026-07-25T20:50:17.058+0000] {processor.py:186} INFO - Started process (PID=4562) to work on /opt/airflow/dags/flex_eau_pipeline.py
[2026-07-25T20:50:17.059+0000] {processor.py:914} INFO - Processing file /opt/airflow/dags/flex_eau_pipeline.py for tasks to queue
[2026-07-25T20:50:17.061+0000] {logging_mixin.py:190} INFO - [2026-07-25T20:50:17.061+0000] {dagbag.py:587} INFO - Filling up the DagBag from /opt/airflow/dags/flex_eau_pipeline.py
[2026-07-25T20:50:17.090+0000] {processor.py:925} INFO - DAG(s) 'flex_eau_pipeline' retrieved from /opt/airflow/dags/flex_eau_pipeline.py
[2026-07-25T20:50:17.130+0000] {logging_mixin.py:190} INFO - [2026-07-25T20:50:17.130+0000] {dag.py:3211} INFO - Sync 1 DAGs
[2026-07-25T20:50:17.157+0000] {logging_mixin.py:190} INFO - [2026-07-25T20:50:17.156+0000] {dag.py:4138} INFO - Setting next_dagrun for flex_eau_pipeline to 2026-07-25 00:00:00+00:00, run_after=2026-07-26 00:00:00+00:00
[2026-07-25T20:50:17.183+0000] {processor.py:208} INFO - Processing /opt/airflow/dags/flex_eau_pipeline.py took 0.132 seconds
[2026-07-25T20:50:47.395+0000] {processor.py:186} INFO - Started process (PID=4567) to work on /opt/airflow/dags/flex_eau_pipeline.py
[2026-07-25T20:50:47.397+0000] {processor.py:914} INFO - Processing file /opt/airflow/dags/flex_eau_pipeline.py for tasks to queue
[2026-07-25T20:50:47.399+0000] {logging_mixin.py:190} INFO - [2026-07-25T20:50:47.399+0000] {dagbag.py:587} INFO - Filling up the DagBag from /opt/airflow/dags/flex_eau_pipeline.py
[2026-07-25T20:50:47.426+0000] {processor.py:925} INFO - DAG(s) 'flex_eau_pipeline' retrieved from /opt/airflow/dags/flex_eau_pipeline.py
[2026-07-25T20:50:47.465+0000] {logging_mixin.py:190} INFO - [2026-07-25T20:50:47.464+0000] {dag.py:3211} INFO - Sync 1 DAGs
[2026-07-25T20:50:47.492+0000] {logging_mixin.py:190} INFO - [2026-07-25T20:50:47.491+0000] {dag.py:4138} INFO - Setting next_dagrun for flex_eau_pipeline to 2026-07-25 00:00:00+00:00, run_after=2026-07-26 00:00:00+00:00
[2026-07-25T20:50:47.517+0000] {processor.py:208} INFO - Processing /opt/airflow/dags/flex_eau_pipeline.py took 0.128 seconds
[2026-07-25T20:51:17.604+0000] {processor.py:186} INFO - Started process (PID=4572) to work on /opt/airflow/dags/flex_eau_pipeline.py
[2026-07-25T20:51:17.605+0000] {processor.py:914} INFO - Processing file /opt/airflow/dags/flex_eau_pipeline.py for tasks to queue
[2026-07-25T20:51:17.608+0000] {logging_mixin.py:190} INFO - [2026-07-25T20:51:17.608+0000] {dagbag.py:587} INFO - Filling up the DagBag from /opt/airflow/dags/flex_eau_pipeline.py
[2026-07-25T20:51:17.642+0000] {processor.py:925} INFO - DAG(s) 'flex_eau_pipeline' retrieved from /opt/airflow/dags/flex_eau_pipeline.py
[2026-07-25T20:51:17.688+0000] {logging_mixin.py:190} INFO - [2026-07-25T20:51:17.687+0000] {dag.py:3211} INFO - Sync 1 DAGs
[2026-07-25T20:51:17.723+0000] {logging_mixin.py:190} INFO - [2026-07-25T20:51:17.723+0000] {dag.py:4138} INFO - Setting next_dagrun for flex_eau_pipeline to 2026-07-25 00:00:00+00:00, run_after=2026-07-26 00:00:00+00:00
[2026-07-25T20:51:17.754+0000] {processor.py:208} INFO - Processing /opt/airflow/dags/flex_eau_pipeline.py took 0.158 seconds
[2026-07-25T20:51:47.862+0000] {processor.py:186} INFO - Started process (PID=4577) to work on /opt/airflow/dags/flex_eau_pipeline.py
[2026-07-25T20:51:47.864+0000] {processor.py:914} INFO - Processing file /opt/airflow/dags/flex_eau_pipeline.py for tasks to queue
[2026-07-25T20:51:47.866+0000] {logging_mixin.py:190} INFO - [2026-07-25T20:51:47.866+0000] {dagbag.py:587} INFO - Filling up the DagBag from /opt/airflow/dags/flex_eau_pipeline.py
[2026-07-25T20:51:47.894+0000] {processor.py:925} INFO - DAG(s) 'flex_eau_pipeline' retrieved from /opt/airflow/dags/flex_eau_pipeline.py
[2026-07-25T20:51:47.931+0000] {logging_mixin.py:190} INFO - [2026-07-25T20:51:47.931+0000] {dag.py:3211} INFO - Sync 1 DAGs
[2026-07-25T20:51:47.959+0000] {logging_mixin.py:190} INFO - [2026-07-25T20:51:47.959+0000] {dag.py:4138} INFO - Setting next_dagrun for flex_eau_pipeline to 2026-07-25 00:00:00+00:00, run_after=2026-07-26 00:00:00+00:00
[2026-07-25T20:51:47.982+0000] {processor.py:208} INFO - Processing /opt/airflow/dags/flex_eau_pipeline.py took 0.126 seconds
[2026-07-25T20:52:18.047+0000] {processor.py:186} INFO - Started process (PID=4582) to work on /opt/airflow/dags/flex_eau_pipeline.py
[2026-07-25T20:52:18.048+0000] {processor.py:914} INFO - Processing file /opt/airflow/dags/flex_eau_pipeline.py for tasks to queue
[2026-07-25T20:52:18.051+0000] {logging_mixin.py:190} INFO - [2026-07-25T20:52:18.051+0000] {dagbag.py:587} INFO - Filling up the DagBag from /opt/airflow/dags/flex_eau_pipeline.py
[2026-07-25T20:52:18.080+0000] {processor.py:925} INFO - DAG(s) 'flex_eau_pipeline' retrieved from /opt/airflow/dags/flex_eau_pipeline.py
[2026-07-25T20:52:18.121+0000] {logging_mixin.py:190} INFO - [2026-07-25T20:52:18.121+0000] {dag.py:3211} INFO - Sync 1 DAGs
[2026-07-25T20:52:18.149+0000] {logging_mixin.py:190} INFO - [2026-07-25T20:52:18.148+0000] {dag.py:4138} INFO - Setting next_dagrun for flex_eau_pipeline to 2026-07-25 00:00:00+00:00, run_after=2026-07-26 00:00:00+00:00
[2026-07-25T20:52:18.173+0000] {processor.py:208} INFO - Processing /opt/airflow/dags/flex_eau_pipeline.py took 0.134 seconds
[2026-07-25T20:52:48.304+0000] {processor.py:186} INFO - Started process (PID=4587) to work on /opt/airflow/dags/flex_eau_pipeline.py
[2026-07-25T20:52:48.305+0000] {processor.py:914} INFO - Processing file /opt/airflow/dags/flex_eau_pipeline.py for tasks to queue
[2026-07-25T20:52:48.307+0000] {logging_mixin.py:190} INFO - [2026-07-25T20:52:48.307+0000] {dagbag.py:587} INFO - Filling up the DagBag from /opt/airflow/dags/flex_eau_pipeline.py
[2026-07-25T20:52:48.339+0000] {processor.py:925} INFO - DAG(s) 'flex_eau_pipeline' retrieved from /opt/airflow/dags/flex_eau_pipeline.py
[2026-07-25T20:52:48.387+0000] {logging_mixin.py:190} INFO - [2026-07-25T20:52:48.387+0000] {dag.py:3211} INFO - Sync 1 DAGs
[2026-07-25T20:52:48.418+0000] {logging_mixin.py:190} INFO - [2026-07-25T20:52:48.417+0000] {dag.py:4138} INFO - Setting next_dagrun for flex_eau_pipeline to 2026-07-25 00:00:00+00:00, run_after=2026-07-26 00:00:00+00:00
[2026-07-25T20:52:48.445+0000] {processor.py:208} INFO - Processing /opt/airflow/dags/flex_eau_pipeline.py took 0.150 seconds
[2026-07-25T20:53:18.516+0000] {processor.py:186} INFO - Started process (PID=4592) to work on /opt/airflow/dags/flex_eau_pipeline.py
[2026-07-25T20:53:18.518+0000] {processor.py:914} INFO - Processing file /opt/airflow/dags/flex_eau_pipeline.py for tasks to queue
[2026-07-25T20:53:18.520+0000] {logging_mixin.py:190} INFO - [2026-07-25T20:53:18.520+0000] {dagbag.py:587} INFO - Filling up the DagBag from /opt/airflow/dags/flex_eau_pipeline.py
[2026-07-25T20:53:18.550+0000] {processor.py:925} INFO - DAG(s) 'flex_eau_pipeline' retrieved from /opt/airflow/dags/flex_eau_pipeline.py
[2026-07-25T20:53:18.592+0000] {logging_mixin.py:190} INFO - [2026-07-25T20:53:18.592+0000] {dag.py:3211} INFO - Sync 1 DAGs
[2026-07-25T20:53:18.620+0000] {logging_mixin.py:190} INFO - [2026-07-25T20:53:18.620+0000] {dag.py:4138} INFO - Setting next_dagrun for flex_eau_pipeline to 2026-07-25 00:00:00+00:00, run_after=2026-07-26 00:00:00+00:00
[2026-07-25T20:53:18.647+0000] {processor.py:208} INFO - Processing /opt/airflow/dags/flex_eau_pipeline.py took 0.138 seconds
[2026-07-25T20:53:48.552+0000] {processor.py:186} INFO - Started process (PID=4597) to work on /opt/airflow/dags/flex_eau_pipeline.py
[2026-07-25T20:53:48.553+0000] {processor.py:914} INFO - Processing file /opt/airflow/dags/flex_eau_pipeline.py for tasks to queue
[2026-07-25T20:53:48.556+0000] {logging_mixin.py:190} INFO - [2026-07-25T20:53:48.555+0000] {dagbag.py:587} INFO - Filling up the DagBag from /opt/airflow/dags/flex_eau_pipeline.py
[2026-07-25T20:53:48.583+0000] {processor.py:925} INFO - DAG(s) 'flex_eau_pipeline' retrieved from /opt/airflow/dags/flex_eau_pipeline.py
[2026-07-25T20:53:48.629+0000] {logging_mixin.py:190} INFO - [2026-07-25T20:53:48.629+0000] {dag.py:3211} INFO - Sync 1 DAGs
[2026-07-25T20:53:48.656+0000] {logging_mixin.py:190} INFO - [2026-07-25T20:53:48.656+0000] {dag.py:4138} INFO - Setting next_dagrun for flex_eau_pipeline to 2026-07-25 00:00:00+00:00, run_after=2026-07-26 00:00:00+00:00
[2026-07-25T20:53:48.681+0000] {processor.py:208} INFO - Processing /opt/airflow/dags/flex_eau_pipeline.py took 0.137 seconds
[2026-07-25T20:54:18.812+0000] {processor.py:186} INFO - Started process (PID=4602) to work on /opt/airflow/dags/flex_eau_pipeline.py
[2026-07-25T20:54:18.813+0000] {processor.py:914} INFO - Processing file /opt/airflow/dags/flex_eau_pipeline.py for tasks to queue
[2026-07-25T20:54:18.817+0000] {logging_mixin.py:190} INFO - [2026-07-25T20:54:18.817+0000] {dagbag.py:587} INFO - Filling up the DagBag from /opt/airflow/dags/flex_eau_pipeline.py
[2026-07-25T20:54:18.850+0000] {processor.py:925} INFO - DAG(s) 'flex_eau_pipeline' retrieved from /opt/airflow/dags/flex_eau_pipeline.py
[2026-07-25T20:54:18.902+0000] {logging_mixin.py:190} INFO - [2026-07-25T20:54:18.901+0000] {dag.py:3211} INFO - Sync 1 DAGs
[2026-07-25T20:54:18.935+0000] {logging_mixin.py:190} INFO - [2026-07-25T20:54:18.934+0000] {dag.py:4138} INFO - Setting next_dagrun for flex_eau_pipeline to 2026-07-25 00:00:00+00:00, run_after=2026-07-26 00:00:00+00:00
[2026-07-25T20:54:18.962+0000] {processor.py:208} INFO - Processing /opt/airflow/dags/flex_eau_pipeline.py took 0.158 seconds
[2026-07-25T20:54:49.180+0000] {processor.py:186} INFO - Started process (PID=4607) to work on /opt/airflow/dags/flex_eau_pipeline.py
[2026-07-25T20:54:49.181+0000] {processor.py:914} INFO - Processing file /opt/airflow/dags/flex_eau_pipeline.py for tasks to queue
[2026-07-25T20:54:49.184+0000] {logging_mixin.py:190} INFO - [2026-07-25T20:54:49.184+0000] {dagbag.py:587} INFO - Filling up the DagBag from /opt/airflow/dags/flex_eau_pipeline.py
[2026-07-25T20:54:49.215+0000] {processor.py:925} INFO - DAG(s) 'flex_eau_pipeline' retrieved from /opt/airflow/dags/flex_eau_pipeline.py
[2026-07-25T20:54:49.261+0000] {logging_mixin.py:190} INFO - [2026-07-25T20:54:49.260+0000] {dag.py:3211} INFO - Sync 1 DAGs
[2026-07-25T20:54:49.292+0000] {logging_mixin.py:190} INFO - [2026-07-25T20:54:49.291+0000] {dag.py:4138} INFO - Setting next_dagrun for flex_eau_pipeline to 2026-07-25 00:00:00+00:00, run_after=2026-07-26 00:00:00+00:00
[2026-07-25T20:54:49.318+0000] {processor.py:208} INFO - Processing /opt/airflow/dags/flex_eau_pipeline.py took 0.146 seconds
[2026-07-25T20:55:19.483+0000] {processor.py:186} INFO - Started process (PID=4612) to work on /opt/airflow/dags/flex_eau_pipeline.py
[2026-07-25T20:55:19.485+0000] {processor.py:914} INFO - Processing file /opt/airflow/dags/flex_eau_pipeline.py for tasks to queue
[2026-07-25T20:55:19.488+0000] {logging_mixin.py:190} INFO - [2026-07-25T20:55:19.488+0000] {dagbag.py:587} INFO - Filling up the DagBag from /opt/airflow/dags/flex_eau_pipeline.py
[2026-07-25T20:55:19.518+0000] {processor.py:925} INFO - DAG(s) 'flex_eau_pipeline' retrieved from /opt/airflow/dags/flex_eau_pipeline.py
[2026-07-25T20:55:19.559+0000] {logging_mixin.py:190} INFO - [2026-07-25T20:55:19.559+0000] {dag.py:3211} INFO - Sync 1 DAGs
[2026-07-25T20:55:19.589+0000] {logging_mixin.py:190} INFO - [2026-07-25T20:55:19.589+0000] {dag.py:4138} INFO - Setting next_dagrun for flex_eau_pipeline to 2026-07-25 00:00:00+00:00, run_after=2026-07-26 00:00:00+00:00
[2026-07-25T20:55:19.616+0000] {processor.py:208} INFO - Processing /opt/airflow/dags/flex_eau_pipeline.py took 0.142 seconds
[2026-07-25T20:55:49.780+0000] {processor.py:186} INFO - Started process (PID=4617) to work on /opt/airflow/dags/flex_eau_pipeline.py
[2026-07-25T20:55:49.781+0000] {processor.py:914} INFO - Processing file /opt/airflow/dags/flex_eau_pipeline.py for tasks to queue
[2026-07-25T20:55:49.783+0000] {logging_mixin.py:190} INFO - [2026-07-25T20:55:49.783+0000] {dagbag.py:587} INFO - Filling up the DagBag from /opt/airflow/dags/flex_eau_pipeline.py
[2026-07-25T20:55:49.811+0000] {processor.py:925} INFO - DAG(s) 'flex_eau_pipeline' retrieved from /opt/airflow/dags/flex_eau_pipeline.py
[2026-07-25T20:55:49.850+0000] {logging_mixin.py:190} INFO - [2026-07-25T20:55:49.850+0000] {dag.py:3211} INFO - Sync 1 DAGs
[2026-07-25T20:55:49.877+0000] {logging_mixin.py:190} INFO - [2026-07-25T20:55:49.877+0000] {dag.py:4138} INFO - Setting next_dagrun for flex_eau_pipeline to 2026-07-25 00:00:00+00:00, run_after=2026-07-26 00:00:00+00:00
[2026-07-25T20:55:49.903+0000] {processor.py:208} INFO - Processing /opt/airflow/dags/flex_eau_pipeline.py took 0.130 seconds
[2026-07-25T20:56:20.143+0000] {processor.py:186} INFO - Started process (PID=4622) to work on /opt/airflow/dags/flex_eau_pipeline.py
[2026-07-25T20:56:20.145+0000] {processor.py:914} INFO - Processing file /opt/airflow/dags/flex_eau_pipeline.py for tasks to queue
[2026-07-25T20:56:20.147+0000] {logging_mixin.py:190} INFO - [2026-07-25T20:56:20.147+0000] {dagbag.py:587} INFO - Filling up the DagBag from /opt/airflow/dags/flex_eau_pipeline.py
[2026-07-25T20:56:20.174+0000] {processor.py:925} INFO - DAG(s) 'flex_eau_pipeline' retrieved from /opt/airflow/dags/flex_eau_pipeline.py
[2026-07-25T20:56:20.213+0000] {logging_mixin.py:190} INFO - [2026-07-25T20:56:20.213+0000] {dag.py:3211} INFO - Sync 1 DAGs
[2026-07-25T20:56:20.242+0000] {logging_mixin.py:190} INFO - [2026-07-25T20:56:20.242+0000] {dag.py:4138} INFO - Setting next_dagrun for flex_eau_pipeline to 2026-07-25 00:00:00+00:00, run_after=2026-07-26 00:00:00+00:00
[2026-07-25T20:56:20.268+0000] {processor.py:208} INFO - Processing /opt/airflow/dags/flex_eau_pipeline.py took 0.132 seconds
[2026-07-25T20:56:50.342+0000] {processor.py:186} INFO - Started process (PID=4627) to work on /opt/airflow/dags/flex_eau_pipeline.py
[2026-07-25T20:56:50.343+0000] {processor.py:914} INFO - Processing file /opt/airflow/dags/flex_eau_pipeline.py for tasks to queue
[2026-07-25T20:56:50.346+0000] {logging_mixin.py:190} INFO - [2026-07-25T20:56:50.346+0000] {dagbag.py:587} INFO - Filling up the DagBag from /opt/airflow/dags/flex_eau_pipeline.py
[2026-07-25T20:56:50.380+0000] {processor.py:925} INFO - DAG(s) 'flex_eau_pipeline' retrieved from /opt/airflow/dags/flex_eau_pipeline.py
[2026-07-25T20:56:50.425+0000] {logging_mixin.py:190} INFO - [2026-07-25T20:56:50.425+0000] {dag.py:3211} INFO - Sync 1 DAGs
[2026-07-25T20:56:50.456+0000] {logging_mixin.py:190} INFO - [2026-07-25T20:56:50.455+0000] {dag.py:4138} INFO - Setting next_dagrun for flex_eau_pipeline to 2026-07-25 00:00:00+00:00, run_after=2026-07-26 00:00:00+00:00
[2026-07-25T20:56:50.477+0000] {processor.py:208} INFO - Processing /opt/airflow/dags/flex_eau_pipeline.py took 0.144 seconds
[2026-07-25T20:57:20.593+0000] {processor.py:186} INFO - Started process (PID=4632) to work on /opt/airflow/dags/flex_eau_pipeline.py
[2026-07-25T20:57:20.594+0000] {processor.py:914} INFO - Processing file /opt/airflow/dags/flex_eau_pipeline.py for tasks to queue
[2026-07-25T20:57:20.597+0000] {logging_mixin.py:190} INFO - [2026-07-25T20:57:20.597+0000] {dagbag.py:587} INFO - Filling up the DagBag from /opt/airflow/dags/flex_eau_pipeline.py
[2026-07-25T20:57:20.632+0000] {processor.py:925} INFO - DAG(s) 'flex_eau_pipeline' retrieved from /opt/airflow/dags/flex_eau_pipeline.py
[2026-07-25T20:57:20.675+0000] {logging_mixin.py:190} INFO - [2026-07-25T20:57:20.675+0000] {dag.py:3211} INFO - Sync 1 DAGs
[2026-07-25T20:57:20.707+0000] {logging_mixin.py:190} INFO - [2026-07-25T20:57:20.707+0000] {dag.py:4138} INFO - Setting next_dagrun for flex_eau_pipeline to 2026-07-25 00:00:00+00:00, run_after=2026-07-26 00:00:00+00:00
[2026-07-25T20:57:20.732+0000] {processor.py:208} INFO - Processing /opt/airflow/dags/flex_eau_pipeline.py took 0.147 seconds
[2026-07-25T20:57:51.676+0000] {processor.py:186} INFO - Started process (PID=4637) to work on /opt/airflow/dags/flex_eau_pipeline.py
[2026-07-25T20:57:51.678+0000] {processor.py:914} INFO - Processing file /opt/airflow/dags/flex_eau_pipeline.py for tasks to queue
[2026-07-25T20:57:51.681+0000] {logging_mixin.py:190} INFO - [2026-07-25T20:57:51.680+0000] {dagbag.py:587} INFO - Filling up the DagBag from /opt/airflow/dags/flex_eau_pipeline.py
[2026-07-25T20:57:51.709+0000] {processor.py:925} INFO - DAG(s) 'flex_eau_pipeline' retrieved from /opt/airflow/dags/flex_eau_pipeline.py
[2026-07-25T20:57:51.757+0000] {logging_mixin.py:190} INFO - [2026-07-25T20:57:51.757+0000] {dag.py:3211} INFO - Sync 1 DAGs
[2026-07-25T20:57:51.790+0000] {logging_mixin.py:190} INFO - [2026-07-25T20:57:51.790+0000] {dag.py:4138} INFO - Setting next_dagrun for flex_eau_pipeline to 2026-07-25 00:00:00+00:00, run_after=2026-07-26 00:00:00+00:00
[2026-07-25T20:57:51.814+0000] {processor.py:208} INFO - Processing /opt/airflow/dags/flex_eau_pipeline.py took 0.145 seconds
[2026-07-25T20:58:21.894+0000] {processor.py:186} INFO - Started process (PID=4642) to work on /opt/airflow/dags/flex_eau_pipeline.py
[2026-07-25T20:58:21.895+0000] {processor.py:914} INFO - Processing file /opt/airflow/dags/flex_eau_pipeline.py for tasks to queue
[2026-07-25T20:58:21.897+0000] {logging_mixin.py:190} INFO - [2026-07-25T20:58:21.897+0000] {dagbag.py:587} INFO - Filling up the DagBag from /opt/airflow/dags/flex_eau_pipeline.py
[2026-07-25T20:58:21.926+0000] {processor.py:925} INFO - DAG(s) 'flex_eau_pipeline' retrieved from /opt/airflow/dags/flex_eau_pipeline.py
[2026-07-25T20:58:21.963+0000] {logging_mixin.py:190} INFO - [2026-07-25T20:58:21.962+0000] {dag.py:3211} INFO - Sync 1 DAGs
[2026-07-25T20:58:21.988+0000] {logging_mixin.py:190} INFO - [2026-07-25T20:58:21.988+0000] {dag.py:4138} INFO - Setting next_dagrun for flex_eau_pipeline to 2026-07-25 00:00:00+00:00, run_after=2026-07-26 00:00:00+00:00
[2026-07-25T20:58:22.012+0000] {processor.py:208} INFO - Processing /opt/airflow/dags/flex_eau_pipeline.py took 0.125 seconds
[2026-07-25T20:58:52.068+0000] {processor.py:186} INFO - Started process (PID=4647) to work on /opt/airflow/dags/flex_eau_pipeline.py
[2026-07-25T20:58:52.070+0000] {processor.py:914} INFO - Processing file /opt/airflow/dags/flex_eau_pipeline.py for tasks to queue
[2026-07-25T20:58:52.073+0000] {logging_mixin.py:190} INFO - [2026-07-25T20:58:52.072+0000] {dagbag.py:587} INFO - Filling up the DagBag from /opt/airflow/dags/flex_eau_pipeline.py
[2026-07-25T20:58:52.101+0000] {processor.py:925} INFO - DAG(s) 'flex_eau_pipeline' retrieved from /opt/airflow/dags/flex_eau_pipeline.py
[2026-07-25T20:58:52.144+0000] {logging_mixin.py:190} INFO - [2026-07-25T20:58:52.144+0000] {dag.py:3211} INFO - Sync 1 DAGs
[2026-07-25T20:58:52.175+0000] {logging_mixin.py:190} INFO - [2026-07-25T20:58:52.175+0000] {dag.py:4138} INFO - Setting next_dagrun for flex_eau_pipeline to 2026-07-25 00:00:00+00:00, run_after=2026-07-26 00:00:00+00:00
[2026-07-25T20:58:52.200+0000] {processor.py:208} INFO - Processing /opt/airflow/dags/flex_eau_pipeline.py took 0.139 seconds
[2026-07-25T20:59:22.339+0000] {processor.py:186} INFO - Started process (PID=4652) to work on /opt/airflow/dags/flex_eau_pipeline.py
[2026-07-25T20:59:22.341+0000] {processor.py:914} INFO - Processing file /opt/airflow/dags/flex_eau_pipeline.py for tasks to queue
[2026-07-25T20:59:22.343+0000] {logging_mixin.py:190} INFO - [2026-07-25T20:59:22.343+0000] {dagbag.py:587} INFO - Filling up the DagBag from /opt/airflow/dags/flex_eau_pipeline.py
[2026-07-25T20:59:22.374+0000] {processor.py:925} INFO - DAG(s) 'flex_eau_pipeline' retrieved from /opt/airflow/dags/flex_eau_pipeline.py
[2026-07-25T20:59:22.416+0000] {logging_mixin.py:190} INFO - [2026-07-25T20:59:22.416+0000] {dag.py:3211} INFO - Sync 1 DAGs
[2026-07-25T20:59:22.444+0000] {logging_mixin.py:190} INFO - [2026-07-25T20:59:22.444+0000] {dag.py:4138} INFO - Setting next_dagrun for flex_eau_pipeline to 2026-07-25 00:00:00+00:00, run_after=2026-07-26 00:00:00+00:00
[2026-07-25T20:59:22.470+0000] {processor.py:208} INFO - Processing /opt/airflow/dags/flex_eau_pipeline.py took 0.138 seconds
[2026-07-25T20:59:52.717+0000] {processor.py:186} INFO - Started process (PID=4657) to work on /opt/airflow/dags/flex_eau_pipeline.py
[2026-07-25T20:59:52.719+0000] {processor.py:914} INFO - Processing file /opt/airflow/dags/flex_eau_pipeline.py for tasks to queue
[2026-07-25T20:59:52.723+0000] {logging_mixin.py:190} INFO - [2026-07-25T20:59:52.723+0000] {dagbag.py:587} INFO - Filling up the DagBag from /opt/airflow/dags/flex_eau_pipeline.py
[2026-07-25T20:59:52.757+0000] {processor.py:925} INFO - DAG(s) 'flex_eau_pipeline' retrieved from /opt/airflow/dags/flex_eau_pipeline.py
[2026-07-25T20:59:52.802+0000] {logging_mixin.py:190} INFO - [2026-07-25T20:59:52.802+0000] {dag.py:3211} INFO - Sync 1 DAGs
[2026-07-25T20:59:52.830+0000] {logging_mixin.py:190} INFO - [2026-07-25T20:59:52.830+0000] {dag.py:4138} INFO - Setting next_dagrun for flex_eau_pipeline to 2026-07-25 00:00:00+00:00, run_after=2026-07-26 00:00:00+00:00
[2026-07-25T20:59:52.856+0000] {processor.py:208} INFO - Processing /opt/airflow/dags/flex_eau_pipeline.py took 0.149 seconds
[2026-07-25T21:00:22.943+0000] {processor.py:186} INFO - Started process (PID=4662) to work on /opt/airflow/dags/flex_eau_pipeline.py
[2026-07-25T21:00:22.945+0000] {processor.py:914} INFO - Processing file /opt/airflow/dags/flex_eau_pipeline.py for tasks to queue
[2026-07-25T21:00:22.949+0000] {logging_mixin.py:190} INFO - [2026-07-25T21:00:22.948+0000] {dagbag.py:587} INFO - Filling up the DagBag from /opt/airflow/dags/flex_eau_pipeline.py
[2026-07-25T21:00:22.978+0000] {processor.py:925} INFO - DAG(s) 'flex_eau_pipeline' retrieved from /opt/airflow/dags/flex_eau_pipeline.py
[2026-07-25T21:00:23.050+0000] {logging_mixin.py:190} INFO - [2026-07-25T21:00:23.050+0000] {dag.py:3211} INFO - Sync 1 DAGs
[2026-07-25T21:00:23.085+0000] {logging_mixin.py:190} INFO - [2026-07-25T21:00:23.084+0000] {dag.py:4138} INFO - Setting next_dagrun for flex_eau_pipeline to 2026-07-25 00:00:00+00:00, run_after=2026-07-26 00:00:00+00:00
[2026-07-25T21:00:23.110+0000] {processor.py:208} INFO - Processing /opt/airflow/dags/flex_eau_pipeline.py took 0.175 seconds
[2026-07-25T21:00:53.168+0000] {processor.py:186} INFO - Started process (PID=4667) to work on /opt/airflow/dags/flex_eau_pipeline.py
[2026-07-25T21:00:53.170+0000] {processor.py:914} INFO - Processing file /opt/airflow/dags/flex_eau_pipeline.py for tasks to queue
[2026-07-25T21:00:53.174+0000] {logging_mixin.py:190} INFO - [2026-07-25T21:00:53.173+0000] {dagbag.py:587} INFO - Filling up the DagBag from /opt/airflow/dags/flex_eau_pipeline.py
[2026-07-25T21:00:53.207+0000] {processor.py:925} INFO - DAG(s) 'flex_eau_pipeline' retrieved from /opt/airflow/dags/flex_eau_pipeline.py
[2026-07-25T21:00:53.256+0000] {logging_mixin.py:190} INFO - [2026-07-25T21:00:53.256+0000] {dag.py:3211} INFO - Sync 1 DAGs
[2026-07-25T21:00:53.287+0000] {logging_mixin.py:190} INFO - [2026-07-25T21:00:53.287+0000] {dag.py:4138} INFO - Setting next_dagrun for flex_eau_pipeline to 2026-07-25 00:00:00+00:00, run_after=2026-07-26 00:00:00+00:00
[2026-07-25T21:00:53.313+0000] {processor.py:208} INFO - Processing /opt/airflow/dags/flex_eau_pipeline.py took 0.155 seconds
[2026-07-25T21:01:23.484+0000] {processor.py:186} INFO - Started process (PID=4672) to work on /opt/airflow/dags/flex_eau_pipeline.py
[2026-07-25T21:01:23.486+0000] {processor.py:914} INFO - Processing file /opt/airflow/dags/flex_eau_pipeline.py for tasks to queue
[2026-07-25T21:01:23.489+0000] {logging_mixin.py:190} INFO - [2026-07-25T21:01:23.489+0000] {dagbag.py:587} INFO - Filling up the DagBag from /opt/airflow/dags/flex_eau_pipeline.py
[2026-07-25T21:01:23.524+0000] {processor.py:925} INFO - DAG(s) 'flex_eau_pipeline' retrieved from /opt/airflow/dags/flex_eau_pipeline.py
[2026-07-25T21:01:23.566+0000] {logging_mixin.py:190} INFO - [2026-07-25T21:01:23.566+0000] {dag.py:3211} INFO - Sync 1 DAGs
[2026-07-25T21:01:23.593+0000] {logging_mixin.py:190} INFO - [2026-07-25T21:01:23.593+0000] {dag.py:4138} INFO - Setting next_dagrun for flex_eau_pipeline to 2026-07-25 00:00:00+00:00, run_after=2026-07-26 00:00:00+00:00
[2026-07-25T21:01:23.626+0000] {processor.py:208} INFO - Processing /opt/airflow/dags/flex_eau_pipeline.py took 0.151 seconds
[2026-07-25T21:01:53.707+0000] {processor.py:186} INFO - Started process (PID=4677) to work on /opt/airflow/dags/flex_eau_pipeline.py
[2026-07-25T21:01:53.709+0000] {processor.py:914} INFO - Processing file /opt/airflow/dags/flex_eau_pipeline.py for tasks to queue
[2026-07-25T21:01:53.712+0000] {logging_mixin.py:190} INFO - [2026-07-25T21:01:53.711+0000] {dagbag.py:587} INFO - Filling up the DagBag from /opt/airflow/dags/flex_eau_pipeline.py
[2026-07-25T21:01:53.742+0000] {processor.py:925} INFO - DAG(s) 'flex_eau_pipeline' retrieved from /opt/airflow/dags/flex_eau_pipeline.py
[2026-07-25T21:01:53.786+0000] {logging_mixin.py:190} INFO - [2026-07-25T21:01:53.785+0000] {dag.py:3211} INFO - Sync 1 DAGs
[2026-07-25T21:01:53.813+0000] {logging_mixin.py:190} INFO - [2026-07-25T21:01:53.813+0000] {dag.py:4138} INFO - Setting next_dagrun for flex_eau_pipeline to 2026-07-25 00:00:00+00:00, run_after=2026-07-26 00:00:00+00:00
[2026-07-25T21:01:53.837+0000] {processor.py:208} INFO - Processing /opt/airflow/dags/flex_eau_pipeline.py took 0.140 seconds
[2026-07-25T21:02:24.023+0000] {processor.py:186} INFO - Started process (PID=4682) to work on /opt/airflow/dags/flex_eau_pipeline.py
[2026-07-25T21:02:24.024+0000] {processor.py:914} INFO - Processing file /opt/airflow/dags/flex_eau_pipeline.py for tasks to queue
[2026-07-25T21:02:24.027+0000] {logging_mixin.py:190} INFO - [2026-07-25T21:02:24.027+0000] {dagbag.py:587} INFO - Filling up the DagBag from /opt/airflow/dags/flex_eau_pipeline.py
[2026-07-25T21:02:24.057+0000] {processor.py:925} INFO - DAG(s) 'flex_eau_pipeline' retrieved from /opt/airflow/dags/flex_eau_pipeline.py
[2026-07-25T21:02:24.100+0000] {logging_mixin.py:190} INFO - [2026-07-25T21:02:24.099+0000] {dag.py:3211} INFO - Sync 1 DAGs
[2026-07-25T21:02:24.127+0000] {logging_mixin.py:190} INFO - [2026-07-25T21:02:24.127+0000] {dag.py:4138} INFO - Setting next_dagrun for flex_eau_pipeline to 2026-07-25 00:00:00+00:00, run_after=2026-07-26 00:00:00+00:00
[2026-07-25T21:02:24.152+0000] {processor.py:208} INFO - Processing /opt/airflow/dags/flex_eau_pipeline.py took 0.136 seconds
[2026-07-25T21:02:54.281+0000] {processor.py:186} INFO - Started process (PID=4687) to work on /opt/airflow/dags/flex_eau_pipeline.py
[2026-07-25T21:02:54.283+0000] {processor.py:914} INFO - Processing file /opt/airflow/dags/flex_eau_pipeline.py for tasks to queue
[2026-07-25T21:02:54.286+0000] {logging_mixin.py:190} INFO - [2026-07-25T21:02:54.286+0000] {dagbag.py:587} INFO - Filling up the DagBag from /opt/airflow/dags/flex_eau_pipeline.py
[2026-07-25T21:02:54.318+0000] {processor.py:925} INFO - DAG(s) 'flex_eau_pipeline' retrieved from /opt/airflow/dags/flex_eau_pipeline.py
[2026-07-25T21:02:54.361+0000] {logging_mixin.py:190} INFO - [2026-07-25T21:02:54.360+0000] {dag.py:3211} INFO - Sync 1 DAGs
[2026-07-25T21:02:54.389+0000] {logging_mixin.py:190} INFO - [2026-07-25T21:02:54.389+0000] {dag.py:4138} INFO - Setting next_dagrun for flex_eau_pipeline to 2026-07-25 00:00:00+00:00, run_after=2026-07-26 00:00:00+00:00
[2026-07-25T21:02:54.415+0000] {processor.py:208} INFO - Processing /opt/airflow/dags/flex_eau_pipeline.py took 0.141 seconds
[2026-07-25T21:03:24.689+0000] {processor.py:186} INFO - Started process (PID=4692) to work on /opt/airflow/dags/flex_eau_pipeline.py
[2026-07-25T21:03:24.690+0000] {processor.py:914} INFO - Processing file /opt/airflow/dags/flex_eau_pipeline.py for tasks to queue
[2026-07-25T21:03:24.693+0000] {logging_mixin.py:190} INFO - [2026-07-25T21:03:24.693+0000] {dagbag.py:587} INFO - Filling up the DagBag from /opt/airflow/dags/flex_eau_pipeline.py
[2026-07-25T21:03:24.725+0000] {processor.py:925} INFO - DAG(s) 'flex_eau_pipeline' retrieved from /opt/airflow/dags/flex_eau_pipeline.py
[2026-07-25T21:03:24.769+0000] {logging_mixin.py:190} INFO - [2026-07-25T21:03:24.769+0000] {dag.py:3211} INFO - Sync 1 DAGs
[2026-07-25T21:03:24.795+0000] {logging_mixin.py:190} INFO - [2026-07-25T21:03:24.795+0000] {dag.py:4138} INFO - Setting next_dagrun for flex_eau_pipeline to 2026-07-25 00:00:00+00:00, run_after=2026-07-26 00:00:00+00:00
[2026-07-25T21:03:24.819+0000] {processor.py:208} INFO - Processing /opt/airflow/dags/flex_eau_pipeline.py took 0.141 seconds
[2026-07-25T21:03:54.921+0000] {processor.py:186} INFO - Started process (PID=4697) to work on /opt/airflow/dags/flex_eau_pipeline.py
[2026-07-25T21:03:54.923+0000] {processor.py:914} INFO - Processing file /opt/airflow/dags/flex_eau_pipeline.py for tasks to queue
[2026-07-25T21:03:54.926+0000] {logging_mixin.py:190} INFO - [2026-07-25T21:03:54.926+0000] {dagbag.py:587} INFO - Filling up the DagBag from /opt/airflow/dags/flex_eau_pipeline.py
[2026-07-25T21:03:54.971+0000] {processor.py:925} INFO - DAG(s) 'flex_eau_pipeline' retrieved from /opt/airflow/dags/flex_eau_pipeline.py
[2026-07-25T21:03:55.016+0000] {logging_mixin.py:190} INFO - [2026-07-25T21:03:55.016+0000] {dag.py:3211} INFO - Sync 1 DAGs
[2026-07-25T21:03:55.045+0000] {logging_mixin.py:190} INFO - [2026-07-25T21:03:55.044+0000] {dag.py:4138} INFO - Setting next_dagrun for flex_eau_pipeline to 2026-07-25 00:00:00+00:00, run_after=2026-07-26 00:00:00+00:00
[2026-07-25T21:03:55.069+0000] {processor.py:208} INFO - Processing /opt/airflow/dags/flex_eau_pipeline.py took 0.159 seconds
[2026-07-25T21:04:25.147+0000] {processor.py:186} INFO - Started process (PID=4702) to work on /opt/airflow/dags/flex_eau_pipeline.py
[2026-07-25T21:04:25.148+0000] {processor.py:914} INFO - Processing file /opt/airflow/dags/flex_eau_pipeline.py for tasks to queue
[2026-07-25T21:04:25.151+0000] {logging_mixin.py:190} INFO - [2026-07-25T21:04:25.151+0000] {dagbag.py:587} INFO - Filling up the DagBag from /opt/airflow/dags/flex_eau_pipeline.py
[2026-07-25T21:04:25.184+0000] {processor.py:925} INFO - DAG(s) 'flex_eau_pipeline' retrieved from /opt/airflow/dags/flex_eau_pipeline.py
[2026-07-25T21:04:25.225+0000] {logging_mixin.py:190} INFO - [2026-07-25T21:04:25.224+0000] {dag.py:3211} INFO - Sync 1 DAGs
[2026-07-25T21:04:25.253+0000] {logging_mixin.py:190} INFO - [2026-07-25T21:04:25.253+0000] {dag.py:4138} INFO - Setting next_dagrun for flex_eau_pipeline to 2026-07-25 00:00:00+00:00, run_after=2026-07-26 00:00:00+00:00
[2026-07-25T21:04:25.278+0000] {processor.py:208} INFO - Processing /opt/airflow/dags/flex_eau_pipeline.py took 0.138 seconds
[2026-07-25T21:04:55.436+0000] {processor.py:186} INFO - Started process (PID=4707) to work on /opt/airflow/dags/flex_eau_pipeline.py
[2026-07-25T21:04:55.437+0000] {processor.py:914} INFO - Processing file /opt/airflow/dags/flex_eau_pipeline.py for tasks to queue
[2026-07-25T21:04:55.439+0000] {logging_mixin.py:190} INFO - [2026-07-25T21:04:55.439+0000] {dagbag.py:587} INFO - Filling up the DagBag from /opt/airflow/dags/flex_eau_pipeline.py
[2026-07-25T21:04:55.469+0000] {processor.py:925} INFO - DAG(s) 'flex_eau_pipeline' retrieved from /opt/airflow/dags/flex_eau_pipeline.py
[2026-07-25T21:04:55.518+0000] {logging_mixin.py:190} INFO - [2026-07-25T21:04:55.518+0000] {dag.py:3211} INFO - Sync 1 DAGs
[2026-07-25T21:04:55.554+0000] {logging_mixin.py:190} INFO - [2026-07-25T21:04:55.554+0000] {dag.py:4138} INFO - Setting next_dagrun for flex_eau_pipeline to 2026-07-25 00:00:00+00:00, run_after=2026-07-26 00:00:00+00:00
[2026-07-25T21:04:55.582+0000] {processor.py:208} INFO - Processing /opt/airflow/dags/flex_eau_pipeline.py took 0.154 seconds
[2026-07-25T21:05:25.736+0000] {processor.py:186} INFO - Started process (PID=4712) to work on /opt/airflow/dags/flex_eau_pipeline.py
[2026-07-25T21:05:25.738+0000] {processor.py:914} INFO - Processing file /opt/airflow/dags/flex_eau_pipeline.py for tasks to queue
[2026-07-25T21:05:25.740+0000] {logging_mixin.py:190} INFO - [2026-07-25T21:05:25.740+0000] {dagbag.py:587} INFO - Filling up the DagBag from /opt/airflow/dags/flex_eau_pipeline.py
[2026-07-25T21:05:25.776+0000] {processor.py:925} INFO - DAG(s) 'flex_eau_pipeline' retrieved from /opt/airflow/dags/flex_eau_pipeline.py
[2026-07-25T21:05:25.816+0000] {logging_mixin.py:190} INFO - [2026-07-25T21:05:25.816+0000] {dag.py:3211} INFO - Sync 1 DAGs
[2026-07-25T21:05:25.849+0000] {logging_mixin.py:190} INFO - [2026-07-25T21:05:25.848+0000] {dag.py:4138} INFO - Setting next_dagrun for flex_eau_pipeline to 2026-07-25 00:00:00+00:00, run_after=2026-07-26 00:00:00+00:00
[2026-07-25T21:05:25.871+0000] {processor.py:208} INFO - Processing /opt/airflow/dags/flex_eau_pipeline.py took 0.144 seconds
[2026-07-25T21:05:56.116+0000] {processor.py:186} INFO - Started process (PID=4717) to work on /opt/airflow/dags/flex_eau_pipeline.py
[2026-07-25T21:05:56.117+0000] {processor.py:914} INFO - Processing file /opt/airflow/dags/flex_eau_pipeline.py for tasks to queue
[2026-07-25T21:05:56.121+0000] {logging_mixin.py:190} INFO - [2026-07-25T21:05:56.121+0000] {dagbag.py:587} INFO - Filling up the DagBag from /opt/airflow/dags/flex_eau_pipeline.py
[2026-07-25T21:05:56.167+0000] {processor.py:925} INFO - DAG(s) 'flex_eau_pipeline' retrieved from /opt/airflow/dags/flex_eau_pipeline.py
[2026-07-25T21:05:56.231+0000] {logging_mixin.py:190} INFO - [2026-07-25T21:05:56.231+0000] {dag.py:3211} INFO - Sync 1 DAGs
[2026-07-25T21:05:56.260+0000] {logging_mixin.py:190} INFO - [2026-07-25T21:05:56.259+0000] {dag.py:4138} INFO - Setting next_dagrun for flex_eau_pipeline to 2026-07-25 00:00:00+00:00, run_after=2026-07-26 00:00:00+00:00
[2026-07-25T21:05:56.284+0000] {processor.py:208} INFO - Processing /opt/airflow/dags/flex_eau_pipeline.py took 0.178 seconds
[2026-07-25T21:06:26.461+0000] {processor.py:186} INFO - Started process (PID=4722) to work on /opt/airflow/dags/flex_eau_pipeline.py
[2026-07-25T21:06:26.463+0000] {processor.py:914} INFO - Processing file /opt/airflow/dags/flex_eau_pipeline.py for tasks to queue
[2026-07-25T21:06:26.465+0000] {logging_mixin.py:190} INFO - [2026-07-25T21:06:26.465+0000] {dagbag.py:587} INFO - Filling up the DagBag from /opt/airflow/dags/flex_eau_pipeline.py
[2026-07-25T21:06:26.495+0000] {processor.py:925} INFO - DAG(s) 'flex_eau_pipeline' retrieved from /opt/airflow/dags/flex_eau_pipeline.py
[2026-07-25T21:06:26.538+0000] {logging_mixin.py:190} INFO - [2026-07-25T21:06:26.538+0000] {dag.py:3211} INFO - Sync 1 DAGs
[2026-07-25T21:06:26.567+0000] {logging_mixin.py:190} INFO - [2026-07-25T21:06:26.566+0000] {dag.py:4138} INFO - Setting next_dagrun for flex_eau_pipeline to 2026-07-25 00:00:00+00:00, run_after=2026-07-26 00:00:00+00:00
[2026-07-25T21:06:26.594+0000] {processor.py:208} INFO - Processing /opt/airflow/dags/flex_eau_pipeline.py took 0.140 seconds
[2026-07-25T21:06:56.713+0000] {processor.py:186} INFO - Started process (PID=4727) to work on /opt/airflow/dags/flex_eau_pipeline.py
[2026-07-25T21:06:56.715+0000] {processor.py:914} INFO - Processing file /opt/airflow/dags/flex_eau_pipeline.py for tasks to queue
[2026-07-25T21:06:56.717+0000] {logging_mixin.py:190} INFO - [2026-07-25T21:06:56.717+0000] {dagbag.py:587} INFO - Filling up the DagBag from /opt/airflow/dags/flex_eau_pipeline.py
[2026-07-25T21:06:56.750+0000] {processor.py:925} INFO - DAG(s) 'flex_eau_pipeline' retrieved from /opt/airflow/dags/flex_eau_pipeline.py
[2026-07-25T21:06:56.792+0000] {logging_mixin.py:190} INFO - [2026-07-25T21:06:56.792+0000] {dag.py:3211} INFO - Sync 1 DAGs
[2026-07-25T21:06:56.822+0000] {logging_mixin.py:190} INFO - [2026-07-25T21:06:56.821+0000] {dag.py:4138} INFO - Setting next_dagrun for flex_eau_pipeline to 2026-07-25 00:00:00+00:00, run_after=2026-07-26 00:00:00+00:00
[2026-07-25T21:06:56.849+0000] {processor.py:208} INFO - Processing /opt/airflow/dags/flex_eau_pipeline.py took 0.144 seconds
[2026-07-25T21:07:27.025+0000] {processor.py:186} INFO - Started process (PID=4732) to work on /opt/airflow/dags/flex_eau_pipeline.py
[2026-07-25T21:07:27.027+0000] {processor.py:914} INFO - Processing file /opt/airflow/dags/flex_eau_pipeline.py for tasks to queue
[2026-07-25T21:07:27.030+0000] {logging_mixin.py:190} INFO - [2026-07-25T21:07:27.029+0000] {dagbag.py:587} INFO - Filling up the DagBag from /opt/airflow/dags/flex_eau_pipeline.py
[2026-07-25T21:07:27.058+0000] {processor.py:925} INFO - DAG(s) 'flex_eau_pipeline' retrieved from /opt/airflow/dags/flex_eau_pipeline.py
[2026-07-25T21:07:27.099+0000] {logging_mixin.py:190} INFO - [2026-07-25T21:07:27.098+0000] {dag.py:3211} INFO - Sync 1 DAGs
[2026-07-25T21:07:27.126+0000] {logging_mixin.py:190} INFO - [2026-07-25T21:07:27.125+0000] {dag.py:4138} INFO - Setting next_dagrun for flex_eau_pipeline to 2026-07-25 00:00:00+00:00, run_after=2026-07-26 00:00:00+00:00
[2026-07-25T21:07:27.155+0000] {processor.py:208} INFO - Processing /opt/airflow/dags/flex_eau_pipeline.py took 0.137 seconds
[2026-07-25T21:07:57.476+0000] {processor.py:186} INFO - Started process (PID=4737) to work on /opt/airflow/dags/flex_eau_pipeline.py
[2026-07-25T21:07:57.478+0000] {processor.py:914} INFO - Processing file /opt/airflow/dags/flex_eau_pipeline.py for tasks to queue
[2026-07-25T21:07:57.480+0000] {logging_mixin.py:190} INFO - [2026-07-25T21:07:57.480+0000] {dagbag.py:587} INFO - Filling up the DagBag from /opt/airflow/dags/flex_eau_pipeline.py
[2026-07-25T21:07:57.508+0000] {processor.py:925} INFO - DAG(s) 'flex_eau_pipeline' retrieved from /opt/airflow/dags/flex_eau_pipeline.py
[2026-07-25T21:07:57.553+0000] {logging_mixin.py:190} INFO - [2026-07-25T21:07:57.553+0000] {dag.py:3211} INFO - Sync 1 DAGs
[2026-07-25T21:07:57.582+0000] {logging_mixin.py:190} INFO - [2026-07-25T21:07:57.582+0000] {dag.py:4138} INFO - Setting next_dagrun for flex_eau_pipeline to 2026-07-25 00:00:00+00:00, run_after=2026-07-26 00:00:00+00:00
[2026-07-25T21:07:57.609+0000] {processor.py:208} INFO - Processing /opt/airflow/dags/flex_eau_pipeline.py took 0.140 seconds
[2026-07-25T21:08:27.964+0000] {processor.py:186} INFO - Started process (PID=4742) to work on /opt/airflow/dags/flex_eau_pipeline.py
[2026-07-25T21:08:27.967+0000] {processor.py:914} INFO - Processing file /opt/airflow/dags/flex_eau_pipeline.py for tasks to queue
[2026-07-25T21:08:27.973+0000] {logging_mixin.py:190} INFO - [2026-07-25T21:08:27.972+0000] {dagbag.py:587} INFO - Filling up the DagBag from /opt/airflow/dags/flex_eau_pipeline.py
[2026-07-25T21:08:28.007+0000] {processor.py:925} INFO - DAG(s) 'flex_eau_pipeline' retrieved from /opt/airflow/dags/flex_eau_pipeline.py
[2026-07-25T21:08:28.049+0000] {logging_mixin.py:190} INFO - [2026-07-25T21:08:28.048+0000] {dag.py:3211} INFO - Sync 1 DAGs
[2026-07-25T21:08:28.079+0000] {logging_mixin.py:190} INFO - [2026-07-25T21:08:28.078+0000] {dag.py:4138} INFO - Setting next_dagrun for flex_eau_pipeline to 2026-07-25 00:00:00+00:00, run_after=2026-07-26 00:00:00+00:00
[2026-07-25T21:08:28.104+0000] {processor.py:208} INFO - Processing /opt/airflow/dags/flex_eau_pipeline.py took 0.159 seconds
[2026-07-25T21:08:58.182+0000] {processor.py:186} INFO - Started process (PID=4747) to work on /opt/airflow/dags/flex_eau_pipeline.py
[2026-07-25T21:08:58.184+0000] {processor.py:914} INFO - Processing file /opt/airflow/dags/flex_eau_pipeline.py for tasks to queue
[2026-07-25T21:08:58.188+0000] {logging_mixin.py:190} INFO - [2026-07-25T21:08:58.187+0000] {dagbag.py:587} INFO - Filling up the DagBag from /opt/airflow/dags/flex_eau_pipeline.py
[2026-07-25T21:08:58.233+0000] {processor.py:925} INFO - DAG(s) 'flex_eau_pipeline' retrieved from /opt/airflow/dags/flex_eau_pipeline.py
[2026-07-25T21:08:58.285+0000] {logging_mixin.py:190} INFO - [2026-07-25T21:08:58.285+0000] {dag.py:3211} INFO - Sync 1 DAGs
[2026-07-25T21:08:58.317+0000] {logging_mixin.py:190} INFO - [2026-07-25T21:08:58.316+0000] {dag.py:4138} INFO - Setting next_dagrun for flex_eau_pipeline to 2026-07-25 00:00:00+00:00, run_after=2026-07-26 00:00:00+00:00
[2026-07-25T21:08:58.343+0000] {processor.py:208} INFO - Processing /opt/airflow/dags/flex_eau_pipeline.py took 0.169 seconds
[2026-07-25T21:09:28.537+0000] {processor.py:186} INFO - Started process (PID=4752) to work on /opt/airflow/dags/flex_eau_pipeline.py
[2026-07-25T21:09:28.538+0000] {processor.py:914} INFO - Processing file /opt/airflow/dags/flex_eau_pipeline.py for tasks to queue
[2026-07-25T21:09:28.542+0000] {logging_mixin.py:190} INFO - [2026-07-25T21:09:28.541+0000] {dagbag.py:587} INFO - Filling up the DagBag from /opt/airflow/dags/flex_eau_pipeline.py
[2026-07-25T21:09:28.576+0000] {processor.py:925} INFO - DAG(s) 'flex_eau_pipeline' retrieved from /opt/airflow/dags/flex_eau_pipeline.py
[2026-07-25T21:09:28.625+0000] {logging_mixin.py:190} INFO - [2026-07-25T21:09:28.624+0000] {dag.py:3211} INFO - Sync 1 DAGs
[2026-07-25T21:09:28.653+0000] {logging_mixin.py:190} INFO - [2026-07-25T21:09:28.652+0000] {dag.py:4138} INFO - Setting next_dagrun for flex_eau_pipeline to 2026-07-25 00:00:00+00:00, run_after=2026-07-26 00:00:00+00:00
[2026-07-25T21:09:28.678+0000] {processor.py:208} INFO - Processing /opt/airflow/dags/flex_eau_pipeline.py took 0.148 seconds
[2026-07-25T21:09:58.774+0000] {processor.py:186} INFO - Started process (PID=4757) to work on /opt/airflow/dags/flex_eau_pipeline.py
[2026-07-25T21:09:58.776+0000] {processor.py:914} INFO - Processing file /opt/airflow/dags/flex_eau_pipeline.py for tasks to queue
[2026-07-25T21:09:58.778+0000] {logging_mixin.py:190} INFO - [2026-07-25T21:09:58.778+0000] {dagbag.py:587} INFO - Filling up the DagBag from /opt/airflow/dags/flex_eau_pipeline.py
[2026-07-25T21:09:58.809+0000] {processor.py:925} INFO - DAG(s) 'flex_eau_pipeline' retrieved from /opt/airflow/dags/flex_eau_pipeline.py
[2026-07-25T21:09:58.853+0000] {logging_mixin.py:190} INFO - [2026-07-25T21:09:58.853+0000] {dag.py:3211} INFO - Sync 1 DAGs
[2026-07-25T21:09:58.883+0000] {logging_mixin.py:190} INFO - [2026-07-25T21:09:58.883+0000] {dag.py:4138} INFO - Setting next_dagrun for flex_eau_pipeline to 2026-07-25 00:00:00+00:00, run_after=2026-07-26 00:00:00+00:00
[2026-07-25T21:09:58.907+0000] {processor.py:208} INFO - Processing /opt/airflow/dags/flex_eau_pipeline.py took 0.141 seconds
[2026-07-25T21:10:28.990+0000] {processor.py:186} INFO - Started process (PID=4762) to work on /opt/airflow/dags/flex_eau_pipeline.py
[2026-07-25T21:10:28.992+0000] {processor.py:914} INFO - Processing file /opt/airflow/dags/flex_eau_pipeline.py for tasks to queue
[2026-07-25T21:10:28.995+0000] {logging_mixin.py:190} INFO - [2026-07-25T21:10:28.994+0000] {dagbag.py:587} INFO - Filling up the DagBag from /opt/airflow/dags/flex_eau_pipeline.py
[2026-07-25T21:10:29.023+0000] {processor.py:925} INFO - DAG(s) 'flex_eau_pipeline' retrieved from /opt/airflow/dags/flex_eau_pipeline.py
[2026-07-25T21:10:29.068+0000] {logging_mixin.py:190} INFO - [2026-07-25T21:10:29.067+0000] {dag.py:3211} INFO - Sync 1 DAGs
[2026-07-25T21:10:29.098+0000] {logging_mixin.py:190} INFO - [2026-07-25T21:10:29.098+0000] {dag.py:4138} INFO - Setting next_dagrun for flex_eau_pipeline to 2026-07-25 00:00:00+00:00, run_after=2026-07-26 00:00:00+00:00
[2026-07-25T21:10:29.121+0000] {processor.py:208} INFO - Processing /opt/airflow/dags/flex_eau_pipeline.py took 0.138 seconds
[2026-07-25T21:10:59.189+0000] {processor.py:186} INFO - Started process (PID=4767) to work on /opt/airflow/dags/flex_eau_pipeline.py
[2026-07-25T21:10:59.190+0000] {processor.py:914} INFO - Processing file /opt/airflow/dags/flex_eau_pipeline.py for tasks to queue
[2026-07-25T21:10:59.193+0000] {logging_mixin.py:190} INFO - [2026-07-25T21:10:59.193+0000] {dagbag.py:587} INFO - Filling up the DagBag from /opt/airflow/dags/flex_eau_pipeline.py
[2026-07-25T21:10:59.224+0000] {processor.py:925} INFO - DAG(s) 'flex_eau_pipeline' retrieved from /opt/airflow/dags/flex_eau_pipeline.py
[2026-07-25T21:10:59.278+0000] {logging_mixin.py:190} INFO - [2026-07-25T21:10:59.278+0000] {dag.py:3211} INFO - Sync 1 DAGs
[2026-07-25T21:10:59.307+0000] {logging_mixin.py:190} INFO - [2026-07-25T21:10:59.307+0000] {dag.py:4138} INFO - Setting next_dagrun for flex_eau_pipeline to 2026-07-25 00:00:00+00:00, run_after=2026-07-26 00:00:00+00:00
[2026-07-25T21:10:59.335+0000] {processor.py:208} INFO - Processing /opt/airflow/dags/flex_eau_pipeline.py took 0.154 seconds
[2026-07-25T21:11:29.473+0000] {processor.py:186} INFO - Started process (PID=4772) to work on /opt/airflow/dags/flex_eau_pipeline.py
[2026-07-25T21:11:29.474+0000] {processor.py:914} INFO - Processing file /opt/airflow/dags/flex_eau_pipeline.py for tasks to queue
[2026-07-25T21:11:29.477+0000] {logging_mixin.py:190} INFO - [2026-07-25T21:11:29.477+0000] {dagbag.py:587} INFO - Filling up the DagBag from /opt/airflow/dags/flex_eau_pipeline.py
[2026-07-25T21:11:29.508+0000] {processor.py:925} INFO - DAG(s) 'flex_eau_pipeline' retrieved from /opt/airflow/dags/flex_eau_pipeline.py
[2026-07-25T21:11:29.552+0000] {logging_mixin.py:190} INFO - [2026-07-25T21:11:29.551+0000] {dag.py:3211} INFO - Sync 1 DAGs
[2026-07-25T21:11:29.580+0000] {logging_mixin.py:190} INFO - [2026-07-25T21:11:29.579+0000] {dag.py:4138} INFO - Setting next_dagrun for flex_eau_pipeline to 2026-07-25 00:00:00+00:00, run_after=2026-07-26 00:00:00+00:00
[2026-07-25T21:11:29.603+0000] {processor.py:208} INFO - Processing /opt/airflow/dags/flex_eau_pipeline.py took 0.137 seconds
[2026-07-25T21:11:59.783+0000] {processor.py:186} INFO - Started process (PID=4777) to work on /opt/airflow/dags/flex_eau_pipeline.py
[2026-07-25T21:11:59.784+0000] {processor.py:914} INFO - Processing file /opt/airflow/dags/flex_eau_pipeline.py for tasks to queue
[2026-07-25T21:11:59.787+0000] {logging_mixin.py:190} INFO - [2026-07-25T21:11:59.787+0000] {dagbag.py:587} INFO - Filling up the DagBag from /opt/airflow/dags/flex_eau_pipeline.py
[2026-07-25T21:11:59.820+0000] {processor.py:925} INFO - DAG(s) 'flex_eau_pipeline' retrieved from /opt/airflow/dags/flex_eau_pipeline.py
[2026-07-25T21:11:59.862+0000] {logging_mixin.py:190} INFO - [2026-07-25T21:11:59.862+0000] {dag.py:3211} INFO - Sync 1 DAGs
[2026-07-25T21:11:59.892+0000] {logging_mixin.py:190} INFO - [2026-07-25T21:11:59.892+0000] {dag.py:4138} INFO - Setting next_dagrun for flex_eau_pipeline to 2026-07-25 00:00:00+00:00, run_after=2026-07-26 00:00:00+00:00
[2026-07-25T21:11:59.918+0000] {processor.py:208} INFO - Processing /opt/airflow/dags/flex_eau_pipeline.py took 0.141 seconds
[2026-07-25T21:12:30.003+0000] {processor.py:186} INFO - Started process (PID=4782) to work on /opt/airflow/dags/flex_eau_pipeline.py
[2026-07-25T21:12:30.004+0000] {processor.py:914} INFO - Processing file /opt/airflow/dags/flex_eau_pipeline.py for tasks to queue
[2026-07-25T21:12:30.007+0000] {logging_mixin.py:190} INFO - [2026-07-25T21:12:30.006+0000] {dagbag.py:587} INFO - Filling up the DagBag from /opt/airflow/dags/flex_eau_pipeline.py
[2026-07-25T21:12:30.036+0000] {processor.py:925} INFO - DAG(s) 'flex_eau_pipeline' retrieved from /opt/airflow/dags/flex_eau_pipeline.py
[2026-07-25T21:12:30.076+0000] {logging_mixin.py:190} INFO - [2026-07-25T21:12:30.076+0000] {dag.py:3211} INFO - Sync 1 DAGs
[2026-07-25T21:12:30.102+0000] {logging_mixin.py:190} INFO - [2026-07-25T21:12:30.101+0000] {dag.py:4138} INFO - Setting next_dagrun for flex_eau_pipeline to 2026-07-25 00:00:00+00:00, run_after=2026-07-26 00:00:00+00:00
[2026-07-25T21:12:30.126+0000] {processor.py:208} INFO - Processing /opt/airflow/dags/flex_eau_pipeline.py took 0.131 seconds
[2026-07-25T21:13:00.236+0000] {processor.py:186} INFO - Started process (PID=4787) to work on /opt/airflow/dags/flex_eau_pipeline.py
[2026-07-25T21:13:00.238+0000] {processor.py:914} INFO - Processing file /opt/airflow/dags/flex_eau_pipeline.py for tasks to queue
[2026-07-25T21:13:00.242+0000] {logging_mixin.py:190} INFO - [2026-07-25T21:13:00.242+0000] {dagbag.py:587} INFO - Filling up the DagBag from /opt/airflow/dags/flex_eau_pipeline.py
[2026-07-25T21:13:00.272+0000] {processor.py:925} INFO - DAG(s) 'flex_eau_pipeline' retrieved from /opt/airflow/dags/flex_eau_pipeline.py
[2026-07-25T21:13:00.321+0000] {logging_mixin.py:190} INFO - [2026-07-25T21:13:00.321+0000] {dag.py:3211} INFO - Sync 1 DAGs
[2026-07-25T21:13:00.352+0000] {logging_mixin.py:190} INFO - [2026-07-25T21:13:00.352+0000] {dag.py:4138} INFO - Setting next_dagrun for flex_eau_pipeline to 2026-07-25 00:00:00+00:00, run_after=2026-07-26 00:00:00+00:00
[2026-07-25T21:13:00.391+0000] {processor.py:208} INFO - Processing /opt/airflow/dags/flex_eau_pipeline.py took 0.163 seconds
[2026-07-25T21:13:30.496+0000] {processor.py:186} INFO - Started process (PID=4792) to work on /opt/airflow/dags/flex_eau_pipeline.py
[2026-07-25T21:13:30.498+0000] {processor.py:914} INFO - Processing file /opt/airflow/dags/flex_eau_pipeline.py for tasks to queue
[2026-07-25T21:13:30.500+0000] {logging_mixin.py:190} INFO - [2026-07-25T21:13:30.500+0000] {dagbag.py:587} INFO - Filling up the DagBag from /opt/airflow/dags/flex_eau_pipeline.py
[2026-07-25T21:13:30.528+0000] {processor.py:925} INFO - DAG(s) 'flex_eau_pipeline' retrieved from /opt/airflow/dags/flex_eau_pipeline.py
[2026-07-25T21:13:30.571+0000] {logging_mixin.py:190} INFO - [2026-07-25T21:13:30.571+0000] {dag.py:3211} INFO - Sync 1 DAGs
[2026-07-25T21:13:30.598+0000] {logging_mixin.py:190} INFO - [2026-07-25T21:13:30.598+0000] {dag.py:4138} INFO - Setting next_dagrun for flex_eau_pipeline to 2026-07-25 00:00:00+00:00, run_after=2026-07-26 00:00:00+00:00
[2026-07-25T21:13:30.623+0000] {processor.py:208} INFO - Processing /opt/airflow/dags/flex_eau_pipeline.py took 0.135 seconds
[2026-07-25T21:14:00.804+0000] {processor.py:186} INFO - Started process (PID=4797) to work on /opt/airflow/dags/flex_eau_pipeline.py
[2026-07-25T21:14:00.806+0000] {processor.py:914} INFO - Processing file /opt/airflow/dags/flex_eau_pipeline.py for tasks to queue
[2026-07-25T21:14:00.811+0000] {logging_mixin.py:190} INFO - [2026-07-25T21:14:00.811+0000] {dagbag.py:587} INFO - Filling up the DagBag from /opt/airflow/dags/flex_eau_pipeline.py
[2026-07-25T21:14:00.842+0000] {processor.py:925} INFO - DAG(s) 'flex_eau_pipeline' retrieved from /opt/airflow/dags/flex_eau_pipeline.py
[2026-07-25T21:14:00.977+0000] {logging_mixin.py:190} INFO - [2026-07-25T21:14:00.976+0000] {dag.py:3211} INFO - Sync 1 DAGs
[2026-07-25T21:14:01.024+0000] {logging_mixin.py:190} INFO - [2026-07-25T21:14:01.024+0000] {dag.py:4138} INFO - Setting next_dagrun for flex_eau_pipeline to 2026-07-25 00:00:00+00:00, run_after=2026-07-26 00:00:00+00:00
[2026-07-25T21:14:01.051+0000] {processor.py:208} INFO - Processing /opt/airflow/dags/flex_eau_pipeline.py took 0.259 seconds
[2026-07-25T21:14:31.211+0000] {processor.py:186} INFO - Started process (PID=4802) to work on /opt/airflow/dags/flex_eau_pipeline.py
[2026-07-25T21:14:31.213+0000] {processor.py:914} INFO - Processing file /opt/airflow/dags/flex_eau_pipeline.py for tasks to queue
[2026-07-25T21:14:31.217+0000] {logging_mixin.py:190} INFO - [2026-07-25T21:14:31.216+0000] {dagbag.py:587} INFO - Filling up the DagBag from /opt/airflow/dags/flex_eau_pipeline.py
[2026-07-25T21:14:31.249+0000] {processor.py:925} INFO - DAG(s) 'flex_eau_pipeline' retrieved from /opt/airflow/dags/flex_eau_pipeline.py
[2026-07-25T21:14:31.291+0000] {logging_mixin.py:190} INFO - [2026-07-25T21:14:31.290+0000] {dag.py:3211} INFO - Sync 1 DAGs
[2026-07-25T21:14:31.322+0000] {logging_mixin.py:190} INFO - [2026-07-25T21:14:31.322+0000] {dag.py:4138} INFO - Setting next_dagrun for flex_eau_pipeline to 2026-07-25 00:00:00+00:00, run_after=2026-07-26 00:00:00+00:00
[2026-07-25T21:14:31.351+0000] {processor.py:208} INFO - Processing /opt/airflow/dags/flex_eau_pipeline.py took 0.154 seconds
[2026-07-25T21:15:01.582+0000] {processor.py:186} INFO - Started process (PID=4807) to work on /opt/airflow/dags/flex_eau_pipeline.py
[2026-07-25T21:15:01.583+0000] {processor.py:914} INFO - Processing file /opt/airflow/dags/flex_eau_pipeline.py for tasks to queue
[2026-07-25T21:15:01.586+0000] {logging_mixin.py:190} INFO - [2026-07-25T21:15:01.586+0000] {dagbag.py:587} INFO - Filling up the DagBag from /opt/airflow/dags/flex_eau_pipeline.py
[2026-07-25T21:15:01.616+0000] {processor.py:925} INFO - DAG(s) 'flex_eau_pipeline' retrieved from /opt/airflow/dags/flex_eau_pipeline.py
[2026-07-25T21:15:01.652+0000] {logging_mixin.py:190} INFO - [2026-07-25T21:15:01.652+0000] {dag.py:3211} INFO - Sync 1 DAGs
[2026-07-25T21:15:01.681+0000] {logging_mixin.py:190} INFO - [2026-07-25T21:15:01.681+0000] {dag.py:4138} INFO - Setting next_dagrun for flex_eau_pipeline to 2026-07-25 00:00:00+00:00, run_after=2026-07-26 00:00:00+00:00
[2026-07-25T21:15:01.701+0000] {processor.py:208} INFO - Processing /opt/airflow/dags/flex_eau_pipeline.py took 0.127 seconds
[2026-07-25T21:15:31.957+0000] {processor.py:186} INFO - Started process (PID=4812) to work on /opt/airflow/dags/flex_eau_pipeline.py
[2026-07-25T21:15:31.959+0000] {processor.py:914} INFO - Processing file /opt/airflow/dags/flex_eau_pipeline.py for tasks to queue
[2026-07-25T21:15:31.962+0000] {logging_mixin.py:190} INFO - [2026-07-25T21:15:31.961+0000] {dagbag.py:587} INFO - Filling up the DagBag from /opt/airflow/dags/flex_eau_pipeline.py
[2026-07-25T21:15:31.994+0000] {processor.py:925} INFO - DAG(s) 'flex_eau_pipeline' retrieved from /opt/airflow/dags/flex_eau_pipeline.py
[2026-07-25T21:15:32.040+0000] {logging_mixin.py:190} INFO - [2026-07-25T21:15:32.039+0000] {dag.py:3211} INFO - Sync 1 DAGs
[2026-07-25T21:15:32.071+0000] {logging_mixin.py:190} INFO - [2026-07-25T21:15:32.070+0000] {dag.py:4138} INFO - Setting next_dagrun for flex_eau_pipeline to 2026-07-25 00:00:00+00:00, run_after=2026-07-26 00:00:00+00:00
[2026-07-25T21:15:32.097+0000] {processor.py:208} INFO - Processing /opt/airflow/dags/flex_eau_pipeline.py took 0.149 seconds
[2026-07-25T21:16:02.231+0000] {processor.py:186} INFO - Started process (PID=4817) to work on /opt/airflow/dags/flex_eau_pipeline.py
[2026-07-25T21:16:02.232+0000] {processor.py:914} INFO - Processing file /opt/airflow/dags/flex_eau_pipeline.py for tasks to queue
[2026-07-25T21:16:02.235+0000] {logging_mixin.py:190} INFO - [2026-07-25T21:16:02.234+0000] {dagbag.py:587} INFO - Filling up the DagBag from /opt/airflow/dags/flex_eau_pipeline.py
[2026-07-25T21:16:02.263+0000] {processor.py:925} INFO - DAG(s) 'flex_eau_pipeline' retrieved from /opt/airflow/dags/flex_eau_pipeline.py
[2026-07-25T21:16:02.302+0000] {logging_mixin.py:190} INFO - [2026-07-25T21:16:02.302+0000] {dag.py:3211} INFO - Sync 1 DAGs
[2026-07-25T21:16:02.328+0000] {logging_mixin.py:190} INFO - [2026-07-25T21:16:02.327+0000] {dag.py:4138} INFO - Setting next_dagrun for flex_eau_pipeline to 2026-07-25 00:00:00+00:00, run_after=2026-07-26 00:00:00+00:00
[2026-07-25T21:16:02.352+0000] {processor.py:208} INFO - Processing /opt/airflow/dags/flex_eau_pipeline.py took 0.129 seconds
[2026-07-25T21:16:32.545+0000] {processor.py:186} INFO - Started process (PID=4822) to work on /opt/airflow/dags/flex_eau_pipeline.py
[2026-07-25T21:16:32.547+0000] {processor.py:914} INFO - Processing file /opt/airflow/dags/flex_eau_pipeline.py for tasks to queue
[2026-07-25T21:16:32.549+0000] {logging_mixin.py:190} INFO - [2026-07-25T21:16:32.549+0000] {dagbag.py:587} INFO - Filling up the DagBag from /opt/airflow/dags/flex_eau_pipeline.py
[2026-07-25T21:16:32.575+0000] {processor.py:925} INFO - DAG(s) 'flex_eau_pipeline' retrieved from /opt/airflow/dags/flex_eau_pipeline.py
[2026-07-25T21:16:32.612+0000] {logging_mixin.py:190} INFO - [2026-07-25T21:16:32.612+0000] {dag.py:3211} INFO - Sync 1 DAGs
[2026-07-25T21:16:32.637+0000] {logging_mixin.py:190} INFO - [2026-07-25T21:16:32.637+0000] {dag.py:4138} INFO - Setting next_dagrun for flex_eau_pipeline to 2026-07-25 00:00:00+00:00, run_after=2026-07-26 00:00:00+00:00
[2026-07-25T21:16:32.662+0000] {processor.py:208} INFO - Processing /opt/airflow/dags/flex_eau_pipeline.py took 0.123 seconds
[2026-07-25T21:17:02.813+0000] {processor.py:186} INFO - Started process (PID=4827) to work on /opt/airflow/dags/flex_eau_pipeline.py
[2026-07-25T21:17:02.814+0000] {processor.py:914} INFO - Processing file /opt/airflow/dags/flex_eau_pipeline.py for tasks to queue
[2026-07-25T21:17:02.818+0000] {logging_mixin.py:190} INFO - [2026-07-25T21:17:02.818+0000] {dagbag.py:587} INFO - Filling up the DagBag from /opt/airflow/dags/flex_eau_pipeline.py
[2026-07-25T21:17:02.851+0000] {processor.py:925} INFO - DAG(s) 'flex_eau_pipeline' retrieved from /opt/airflow/dags/flex_eau_pipeline.py
[2026-07-25T21:17:02.900+0000] {logging_mixin.py:190} INFO - [2026-07-25T21:17:02.899+0000] {dag.py:3211} INFO - Sync 1 DAGs
[2026-07-25T21:17:02.934+0000] {logging_mixin.py:190} INFO - [2026-07-25T21:17:02.933+0000] {dag.py:4138} INFO - Setting next_dagrun for flex_eau_pipeline to 2026-07-25 00:00:00+00:00, run_after=2026-07-26 00:00:00+00:00
[2026-07-25T21:17:02.961+0000] {processor.py:208} INFO - Processing /opt/airflow/dags/flex_eau_pipeline.py took 0.156 seconds
[2026-07-25T21:17:33.376+0000] {processor.py:186} INFO - Started process (PID=4832) to work on /opt/airflow/dags/flex_eau_pipeline.py
[2026-07-25T21:17:33.378+0000] {processor.py:914} INFO - Processing file /opt/airflow/dags/flex_eau_pipeline.py for tasks to queue
[2026-07-25T21:17:33.381+0000] {logging_mixin.py:190} INFO - [2026-07-25T21:17:33.380+0000] {dagbag.py:587} INFO - Filling up the DagBag from /opt/airflow/dags/flex_eau_pipeline.py
[2026-07-25T21:17:33.411+0000] {processor.py:925} INFO - DAG(s) 'flex_eau_pipeline' retrieved from /opt/airflow/dags/flex_eau_pipeline.py
[2026-07-25T21:17:33.452+0000] {logging_mixin.py:190} INFO - [2026-07-25T21:17:33.451+0000] {dag.py:3211} INFO - Sync 1 DAGs
[2026-07-25T21:17:33.476+0000] {logging_mixin.py:190} INFO - [2026-07-25T21:17:33.476+0000] {dag.py:4138} INFO - Setting next_dagrun for flex_eau_pipeline to 2026-07-25 00:00:00+00:00, run_after=2026-07-26 00:00:00+00:00
[2026-07-25T21:17:33.496+0000] {processor.py:208} INFO - Processing /opt/airflow/dags/flex_eau_pipeline.py took 0.128 seconds
[2026-07-25T21:18:03.568+0000] {processor.py:186} INFO - Started process (PID=4837) to work on /opt/airflow/dags/flex_eau_pipeline.py
[2026-07-25T21:18:03.570+0000] {processor.py:914} INFO - Processing file /opt/airflow/dags/flex_eau_pipeline.py for tasks to queue
[2026-07-25T21:18:03.574+0000] {logging_mixin.py:190} INFO - [2026-07-25T21:18:03.573+0000] {dagbag.py:587} INFO - Filling up the DagBag from /opt/airflow/dags/flex_eau_pipeline.py
[2026-07-25T21:18:03.607+0000] {processor.py:925} INFO - DAG(s) 'flex_eau_pipeline' retrieved from /opt/airflow/dags/flex_eau_pipeline.py
[2026-07-25T21:18:03.654+0000] {logging_mixin.py:190} INFO - [2026-07-25T21:18:03.654+0000] {dag.py:3211} INFO - Sync 1 DAGs
[2026-07-25T21:18:03.685+0000] {logging_mixin.py:190} INFO - [2026-07-25T21:18:03.685+0000] {dag.py:4138} INFO - Setting next_dagrun for flex_eau_pipeline to 2026-07-25 00:00:00+00:00, run_after=2026-07-26 00:00:00+00:00
[2026-07-25T21:18:03.730+0000] {processor.py:208} INFO - Processing /opt/airflow/dags/flex_eau_pipeline.py took 0.171 seconds
[2026-07-25T21:18:33.999+0000] {processor.py:186} INFO - Started process (PID=4842) to work on /opt/airflow/dags/flex_eau_pipeline.py
[2026-07-25T21:18:34.000+0000] {processor.py:914} INFO - Processing file /opt/airflow/dags/flex_eau_pipeline.py for tasks to queue
[2026-07-25T21:18:34.003+0000] {logging_mixin.py:190} INFO - [2026-07-25T21:18:34.003+0000] {dagbag.py:587} INFO - Filling up the DagBag from /opt/airflow/dags/flex_eau_pipeline.py
[2026-07-25T21:18:34.034+0000] {processor.py:925} INFO - DAG(s) 'flex_eau_pipeline' retrieved from /opt/airflow/dags/flex_eau_pipeline.py
[2026-07-25T21:18:34.071+0000] {logging_mixin.py:190} INFO - [2026-07-25T21:18:34.071+0000] {dag.py:3211} INFO - Sync 1 DAGs
[2026-07-25T21:18:34.096+0000] {logging_mixin.py:190} INFO - [2026-07-25T21:18:34.095+0000] {dag.py:4138} INFO - Setting next_dagrun for flex_eau_pipeline to 2026-07-25 00:00:00+00:00, run_after=2026-07-26 00:00:00+00:00
[2026-07-25T21:18:34.120+0000] {processor.py:208} INFO - Processing /opt/airflow/dags/flex_eau_pipeline.py took 0.128 seconds
[2026-07-25T21:19:04.328+0000] {processor.py:186} INFO - Started process (PID=4847) to work on /opt/airflow/dags/flex_eau_pipeline.py
[2026-07-25T21:19:04.329+0000] {processor.py:914} INFO - Processing file /opt/airflow/dags/flex_eau_pipeline.py for tasks to queue
[2026-07-25T21:19:04.331+0000] {logging_mixin.py:190} INFO - [2026-07-25T21:19:04.331+0000] {dagbag.py:587} INFO - Filling up the DagBag from /opt/airflow/dags/flex_eau_pipeline.py
[2026-07-25T21:19:04.360+0000] {processor.py:925} INFO - DAG(s) 'flex_eau_pipeline' retrieved from /opt/airflow/dags/flex_eau_pipeline.py
[2026-07-25T21:19:04.397+0000] {logging_mixin.py:190} INFO - [2026-07-25T21:19:04.396+0000] {dag.py:3211} INFO - Sync 1 DAGs
[2026-07-25T21:19:04.421+0000] {logging_mixin.py:190} INFO - [2026-07-25T21:19:04.421+0000] {dag.py:4138} INFO - Setting next_dagrun for flex_eau_pipeline to 2026-07-25 00:00:00+00:00, run_after=2026-07-26 00:00:00+00:00
[2026-07-25T21:19:04.443+0000] {processor.py:208} INFO - Processing /opt/airflow/dags/flex_eau_pipeline.py took 0.123 seconds
[2026-07-25T21:19:34.732+0000] {processor.py:186} INFO - Started process (PID=4852) to work on /opt/airflow/dags/flex_eau_pipeline.py
[2026-07-25T21:19:34.733+0000] {processor.py:914} INFO - Processing file /opt/airflow/dags/flex_eau_pipeline.py for tasks to queue
[2026-07-25T21:19:34.736+0000] {logging_mixin.py:190} INFO - [2026-07-25T21:19:34.736+0000] {dagbag.py:587} INFO - Filling up the DagBag from /opt/airflow/dags/flex_eau_pipeline.py
[2026-07-25T21:19:34.770+0000] {processor.py:925} INFO - DAG(s) 'flex_eau_pipeline' retrieved from /opt/airflow/dags/flex_eau_pipeline.py
[2026-07-25T21:19:34.806+0000] {logging_mixin.py:190} INFO - [2026-07-25T21:19:34.806+0000] {dag.py:3211} INFO - Sync 1 DAGs
[2026-07-25T21:19:34.831+0000] {logging_mixin.py:190} INFO - [2026-07-25T21:19:34.831+0000] {dag.py:4138} INFO - Setting next_dagrun for flex_eau_pipeline to 2026-07-25 00:00:00+00:00, run_after=2026-07-26 00:00:00+00:00
[2026-07-25T21:19:34.855+0000] {processor.py:208} INFO - Processing /opt/airflow/dags/flex_eau_pipeline.py took 0.132 seconds
[2026-07-25T21:20:04.934+0000] {processor.py:186} INFO - Started process (PID=4857) to work on /opt/airflow/dags/flex_eau_pipeline.py
[2026-07-25T21:20:04.935+0000] {processor.py:914} INFO - Processing file /opt/airflow/dags/flex_eau_pipeline.py for tasks to queue
[2026-07-25T21:20:04.938+0000] {logging_mixin.py:190} INFO - [2026-07-25T21:20:04.938+0000] {dagbag.py:587} INFO - Filling up the DagBag from /opt/airflow/dags/flex_eau_pipeline.py
[2026-07-25T21:20:04.969+0000] {processor.py:925} INFO - DAG(s) 'flex_eau_pipeline' retrieved from /opt/airflow/dags/flex_eau_pipeline.py
[2026-07-25T21:20:05.007+0000] {logging_mixin.py:190} INFO - [2026-07-25T21:20:05.007+0000] {dag.py:3211} INFO - Sync 1 DAGs
[2026-07-25T21:20:05.033+0000] {logging_mixin.py:190} INFO - [2026-07-25T21:20:05.033+0000] {dag.py:4138} INFO - Setting next_dagrun for flex_eau_pipeline to 2026-07-25 00:00:00+00:00, run_after=2026-07-26 00:00:00+00:00
[2026-07-25T21:20:05.055+0000] {processor.py:208} INFO - Processing /opt/airflow/dags/flex_eau_pipeline.py took 0.129 seconds
[2026-07-25T21:20:35.380+0000] {processor.py:186} INFO - Started process (PID=4862) to work on /opt/airflow/dags/flex_eau_pipeline.py
[2026-07-25T21:20:35.381+0000] {processor.py:914} INFO - Processing file /opt/airflow/dags/flex_eau_pipeline.py for tasks to queue
[2026-07-25T21:20:35.384+0000] {logging_mixin.py:190} INFO - [2026-07-25T21:20:35.384+0000] {dagbag.py:587} INFO - Filling up the DagBag from /opt/airflow/dags/flex_eau_pipeline.py
[2026-07-25T21:20:35.420+0000] {processor.py:925} INFO - DAG(s) 'flex_eau_pipeline' retrieved from /opt/airflow/dags/flex_eau_pipeline.py
[2026-07-25T21:20:35.458+0000] {logging_mixin.py:190} INFO - [2026-07-25T21:20:35.458+0000] {dag.py:3211} INFO - Sync 1 DAGs
[2026-07-25T21:20:35.483+0000] {logging_mixin.py:190} INFO - [2026-07-25T21:20:35.482+0000] {dag.py:4138} INFO - Setting next_dagrun for flex_eau_pipeline to 2026-07-25 00:00:00+00:00, run_after=2026-07-26 00:00:00+00:00
[2026-07-25T21:20:35.504+0000] {processor.py:208} INFO - Processing /opt/airflow/dags/flex_eau_pipeline.py took 0.132 seconds
[2026-07-25T21:21:05.621+0000] {processor.py:186} INFO - Started process (PID=4867) to work on /opt/airflow/dags/flex_eau_pipeline.py
[2026-07-25T21:21:05.623+0000] {processor.py:914} INFO - Processing file /opt/airflow/dags/flex_eau_pipeline.py for tasks to queue
[2026-07-25T21:21:05.625+0000] {logging_mixin.py:190} INFO - [2026-07-25T21:21:05.625+0000] {dagbag.py:587} INFO - Filling up the DagBag from /opt/airflow/dags/flex_eau_pipeline.py
[2026-07-25T21:21:05.660+0000] {processor.py:925} INFO - DAG(s) 'flex_eau_pipeline' retrieved from /opt/airflow/dags/flex_eau_pipeline.py
[2026-07-25T21:21:05.696+0000] {logging_mixin.py:190} INFO - [2026-07-25T21:21:05.696+0000] {dag.py:3211} INFO - Sync 1 DAGs
[2026-07-25T21:21:05.721+0000] {logging_mixin.py:190} INFO - [2026-07-25T21:21:05.721+0000] {dag.py:4138} INFO - Setting next_dagrun for flex_eau_pipeline to 2026-07-25 00:00:00+00:00, run_after=2026-07-26 00:00:00+00:00
[2026-07-25T21:21:05.752+0000] {processor.py:208} INFO - Processing /opt/airflow/dags/flex_eau_pipeline.py took 0.139 seconds
[2026-07-25T21:21:36.002+0000] {processor.py:186} INFO - Started process (PID=4872) to work on /opt/airflow/dags/flex_eau_pipeline.py
[2026-07-25T21:21:36.004+0000] {processor.py:914} INFO - Processing file /opt/airflow/dags/flex_eau_pipeline.py for tasks to queue
[2026-07-25T21:21:36.006+0000] {logging_mixin.py:190} INFO - [2026-07-25T21:21:36.006+0000] {dagbag.py:587} INFO - Filling up the DagBag from /opt/airflow/dags/flex_eau_pipeline.py
[2026-07-25T21:21:36.036+0000] {processor.py:925} INFO - DAG(s) 'flex_eau_pipeline' retrieved from /opt/airflow/dags/flex_eau_pipeline.py
[2026-07-25T21:21:36.072+0000] {logging_mixin.py:190} INFO - [2026-07-25T21:21:36.072+0000] {dag.py:3211} INFO - Sync 1 DAGs
[2026-07-25T21:21:36.097+0000] {logging_mixin.py:190} INFO - [2026-07-25T21:21:36.097+0000] {dag.py:4138} INFO - Setting next_dagrun for flex_eau_pipeline to 2026-07-25 00:00:00+00:00, run_after=2026-07-26 00:00:00+00:00
[2026-07-25T21:21:36.120+0000] {processor.py:208} INFO - Processing /opt/airflow/dags/flex_eau_pipeline.py took 0.126 seconds
[2026-07-25T21:22:06.417+0000] {processor.py:186} INFO - Started process (PID=4877) to work on /opt/airflow/dags/flex_eau_pipeline.py
[2026-07-25T21:22:06.418+0000] {processor.py:914} INFO - Processing file /opt/airflow/dags/flex_eau_pipeline.py for tasks to queue
[2026-07-25T21:22:06.421+0000] {logging_mixin.py:190} INFO - [2026-07-25T21:22:06.421+0000] {dagbag.py:587} INFO - Filling up the DagBag from /opt/airflow/dags/flex_eau_pipeline.py
[2026-07-25T21:22:06.452+0000] {processor.py:925} INFO - DAG(s) 'flex_eau_pipeline' retrieved from /opt/airflow/dags/flex_eau_pipeline.py
[2026-07-25T21:22:06.488+0000] {logging_mixin.py:190} INFO - [2026-07-25T21:22:06.487+0000] {dag.py:3211} INFO - Sync 1 DAGs
[2026-07-25T21:22:06.513+0000] {logging_mixin.py:190} INFO - [2026-07-25T21:22:06.513+0000] {dag.py:4138} INFO - Setting next_dagrun for flex_eau_pipeline to 2026-07-25 00:00:00+00:00, run_after=2026-07-26 00:00:00+00:00
[2026-07-25T21:22:06.538+0000] {processor.py:208} INFO - Processing /opt/airflow/dags/flex_eau_pipeline.py took 0.127 seconds
[2026-07-25T21:22:36.665+0000] {processor.py:186} INFO - Started process (PID=4882) to work on /opt/airflow/dags/flex_eau_pipeline.py
[2026-07-25T21:22:36.666+0000] {processor.py:914} INFO - Processing file /opt/airflow/dags/flex_eau_pipeline.py for tasks to queue
[2026-07-25T21:22:36.669+0000] {logging_mixin.py:190} INFO - [2026-07-25T21:22:36.668+0000] {dagbag.py:587} INFO - Filling up the DagBag from /opt/airflow/dags/flex_eau_pipeline.py
[2026-07-25T21:22:36.702+0000] {processor.py:925} INFO - DAG(s) 'flex_eau_pipeline' retrieved from /opt/airflow/dags/flex_eau_pipeline.py
[2026-07-25T21:22:36.741+0000] {logging_mixin.py:190} INFO - [2026-07-25T21:22:36.740+0000] {dag.py:3211} INFO - Sync 1 DAGs
[2026-07-25T21:22:36.767+0000] {logging_mixin.py:190} INFO - [2026-07-25T21:22:36.766+0000] {dag.py:4138} INFO - Setting next_dagrun for flex_eau_pipeline to 2026-07-25 00:00:00+00:00, run_after=2026-07-26 00:00:00+00:00
[2026-07-25T21:22:36.791+0000] {processor.py:208} INFO - Processing /opt/airflow/dags/flex_eau_pipeline.py took 0.134 seconds
[2026-07-25T21:23:07.069+0000] {processor.py:186} INFO - Started process (PID=4887) to work on /opt/airflow/dags/flex_eau_pipeline.py
[2026-07-25T21:23:07.071+0000] {processor.py:914} INFO - Processing file /opt/airflow/dags/flex_eau_pipeline.py for tasks to queue
[2026-07-25T21:23:07.073+0000] {logging_mixin.py:190} INFO - [2026-07-25T21:23:07.073+0000] {dagbag.py:587} INFO - Filling up the DagBag from /opt/airflow/dags/flex_eau_pipeline.py
[2026-07-25T21:23:07.102+0000] {processor.py:925} INFO - DAG(s) 'flex_eau_pipeline' retrieved from /opt/airflow/dags/flex_eau_pipeline.py
[2026-07-25T21:23:07.139+0000] {logging_mixin.py:190} INFO - [2026-07-25T21:23:07.139+0000] {dag.py:3211} INFO - Sync 1 DAGs
[2026-07-25T21:23:07.163+0000] {logging_mixin.py:190} INFO - [2026-07-25T21:23:07.163+0000] {dag.py:4138} INFO - Setting next_dagrun for flex_eau_pipeline to 2026-07-25 00:00:00+00:00, run_after=2026-07-26 00:00:00+00:00
[2026-07-25T21:23:07.186+0000] {processor.py:208} INFO - Processing /opt/airflow/dags/flex_eau_pipeline.py took 0.127 seconds
[2026-07-25T21:23:37.483+0000] {processor.py:186} INFO - Started process (PID=4892) to work on /opt/airflow/dags/flex_eau_pipeline.py
[2026-07-25T21:23:37.484+0000] {processor.py:914} INFO - Processing file /opt/airflow/dags/flex_eau_pipeline.py for tasks to queue
[2026-07-25T21:23:37.487+0000] {logging_mixin.py:190} INFO - [2026-07-25T21:23:37.486+0000] {dagbag.py:587} INFO - Filling up the DagBag from /opt/airflow/dags/flex_eau_pipeline.py
[2026-07-25T21:23:37.517+0000] {processor.py:925} INFO - DAG(s) 'flex_eau_pipeline' retrieved from /opt/airflow/dags/flex_eau_pipeline.py
[2026-07-25T21:23:37.554+0000] {logging_mixin.py:190} INFO - [2026-07-25T21:23:37.554+0000] {dag.py:3211} INFO - Sync 1 DAGs
[2026-07-25T21:23:37.582+0000] {logging_mixin.py:190} INFO - [2026-07-25T21:23:37.582+0000] {dag.py:4138} INFO - Setting next_dagrun for flex_eau_pipeline to 2026-07-25 00:00:00+00:00, run_after=2026-07-26 00:00:00+00:00
[2026-07-25T21:23:37.605+0000] {processor.py:208} INFO - Processing /opt/airflow/dags/flex_eau_pipeline.py took 0.130 seconds
[2026-07-25T21:24:07.808+0000] {processor.py:186} INFO - Started process (PID=4897) to work on /opt/airflow/dags/flex_eau_pipeline.py
[2026-07-25T21:24:07.809+0000] {processor.py:914} INFO - Processing file /opt/airflow/dags/flex_eau_pipeline.py for tasks to queue
[2026-07-25T21:24:07.812+0000] {logging_mixin.py:190} INFO - [2026-07-25T21:24:07.811+0000] {dagbag.py:587} INFO - Filling up the DagBag from /opt/airflow/dags/flex_eau_pipeline.py
[2026-07-25T21:24:07.845+0000] {processor.py:925} INFO - DAG(s) 'flex_eau_pipeline' retrieved from /opt/airflow/dags/flex_eau_pipeline.py
[2026-07-25T21:24:07.886+0000] {logging_mixin.py:190} INFO - [2026-07-25T21:24:07.886+0000] {dag.py:3211} INFO - Sync 1 DAGs
[2026-07-25T21:24:07.918+0000] {logging_mixin.py:190} INFO - [2026-07-25T21:24:07.917+0000] {dag.py:4138} INFO - Setting next_dagrun for flex_eau_pipeline to 2026-07-25 00:00:00+00:00, run_after=2026-07-26 00:00:00+00:00
[2026-07-25T21:24:07.950+0000] {processor.py:208} INFO - Processing /opt/airflow/dags/flex_eau_pipeline.py took 0.150 seconds
[2026-07-25T21:24:38.038+0000] {processor.py:186} INFO - Started process (PID=4902) to work on /opt/airflow/dags/flex_eau_pipeline.py
[2026-07-25T21:24:38.039+0000] {processor.py:914} INFO - Processing file /opt/airflow/dags/flex_eau_pipeline.py for tasks to queue
[2026-07-25T21:24:38.042+0000] {logging_mixin.py:190} INFO - [2026-07-25T21:24:38.041+0000] {dagbag.py:587} INFO - Filling up the DagBag from /opt/airflow/dags/flex_eau_pipeline.py
[2026-07-25T21:24:38.073+0000] {processor.py:925} INFO - DAG(s) 'flex_eau_pipeline' retrieved from /opt/airflow/dags/flex_eau_pipeline.py
[2026-07-25T21:24:38.111+0000] {logging_mixin.py:190} INFO - [2026-07-25T21:24:38.111+0000] {dag.py:3211} INFO - Sync 1 DAGs
[2026-07-25T21:24:38.137+0000] {logging_mixin.py:190} INFO - [2026-07-25T21:24:38.137+0000] {dag.py:4138} INFO - Setting next_dagrun for flex_eau_pipeline to 2026-07-25 00:00:00+00:00, run_after=2026-07-26 00:00:00+00:00
[2026-07-25T21:24:38.163+0000] {processor.py:208} INFO - Processing /opt/airflow/dags/flex_eau_pipeline.py took 0.132 seconds
[2026-07-25T21:25:08.378+0000] {processor.py:186} INFO - Started process (PID=4907) to work on /opt/airflow/dags/flex_eau_pipeline.py
[2026-07-25T21:25:08.379+0000] {processor.py:914} INFO - Processing file /opt/airflow/dags/flex_eau_pipeline.py for tasks to queue
[2026-07-25T21:25:08.382+0000] {logging_mixin.py:190} INFO - [2026-07-25T21:25:08.382+0000] {dagbag.py:587} INFO - Filling up the DagBag from /opt/airflow/dags/flex_eau_pipeline.py
[2026-07-25T21:25:08.411+0000] {processor.py:925} INFO - DAG(s) 'flex_eau_pipeline' retrieved from /opt/airflow/dags/flex_eau_pipeline.py
[2026-07-25T21:25:08.451+0000] {logging_mixin.py:190} INFO - [2026-07-25T21:25:08.451+0000] {dag.py:3211} INFO - Sync 1 DAGs
[2026-07-25T21:25:08.477+0000] {logging_mixin.py:190} INFO - [2026-07-25T21:25:08.476+0000] {dag.py:4138} INFO - Setting next_dagrun for flex_eau_pipeline to 2026-07-25 00:00:00+00:00, run_after=2026-07-26 00:00:00+00:00
[2026-07-25T21:25:08.500+0000] {processor.py:208} INFO - Processing /opt/airflow/dags/flex_eau_pipeline.py took 0.132 seconds
[2026-07-25T21:25:38.706+0000] {processor.py:186} INFO - Started process (PID=4912) to work on /opt/airflow/dags/flex_eau_pipeline.py
[2026-07-25T21:25:38.708+0000] {processor.py:914} INFO - Processing file /opt/airflow/dags/flex_eau_pipeline.py for tasks to queue
[2026-07-25T21:25:38.711+0000] {logging_mixin.py:190} INFO - [2026-07-25T21:25:38.710+0000] {dagbag.py:587} INFO - Filling up the DagBag from /opt/airflow/dags/flex_eau_pipeline.py
[2026-07-25T21:25:38.741+0000] {processor.py:925} INFO - DAG(s) 'flex_eau_pipeline' retrieved from /opt/airflow/dags/flex_eau_pipeline.py
[2026-07-25T21:25:38.782+0000] {logging_mixin.py:190} INFO - [2026-07-25T21:25:38.782+0000] {dag.py:3211} INFO - Sync 1 DAGs
[2026-07-25T21:25:38.809+0000] {logging_mixin.py:190} INFO - [2026-07-25T21:25:38.809+0000] {dag.py:4138} INFO - Setting next_dagrun for flex_eau_pipeline to 2026-07-25 00:00:00+00:00, run_after=2026-07-26 00:00:00+00:00
[2026-07-25T21:25:38.831+0000] {processor.py:208} INFO - Processing /opt/airflow/dags/flex_eau_pipeline.py took 0.132 seconds
[2026-07-25T21:26:08.994+0000] {processor.py:186} INFO - Started process (PID=4917) to work on /opt/airflow/dags/flex_eau_pipeline.py
[2026-07-25T21:26:08.996+0000] {processor.py:914} INFO - Processing file /opt/airflow/dags/flex_eau_pipeline.py for tasks to queue
[2026-07-25T21:26:08.999+0000] {logging_mixin.py:190} INFO - [2026-07-25T21:26:08.999+0000] {dagbag.py:587} INFO - Filling up the DagBag from /opt/airflow/dags/flex_eau_pipeline.py
[2026-07-25T21:26:09.038+0000] {processor.py:925} INFO - DAG(s) 'flex_eau_pipeline' retrieved from /opt/airflow/dags/flex_eau_pipeline.py
[2026-07-25T21:26:09.084+0000] {logging_mixin.py:190} INFO - [2026-07-25T21:26:09.084+0000] {dag.py:3211} INFO - Sync 1 DAGs
[2026-07-25T21:26:09.115+0000] {logging_mixin.py:190} INFO - [2026-07-25T21:26:09.115+0000] {dag.py:4138} INFO - Setting next_dagrun for flex_eau_pipeline to 2026-07-25 00:00:00+00:00, run_after=2026-07-26 00:00:00+00:00
[2026-07-25T21:26:09.142+0000] {processor.py:208} INFO - Processing /opt/airflow/dags/flex_eau_pipeline.py took 0.160 seconds
[2026-07-25T21:26:39.243+0000] {processor.py:186} INFO - Started process (PID=4922) to work on /opt/airflow/dags/flex_eau_pipeline.py
[2026-07-25T21:26:39.245+0000] {processor.py:914} INFO - Processing file /opt/airflow/dags/flex_eau_pipeline.py for tasks to queue
[2026-07-25T21:26:39.247+0000] {logging_mixin.py:190} INFO - [2026-07-25T21:26:39.247+0000] {dagbag.py:587} INFO - Filling up the DagBag from /opt/airflow/dags/flex_eau_pipeline.py
[2026-07-25T21:26:39.277+0000] {processor.py:925} INFO - DAG(s) 'flex_eau_pipeline' retrieved from /opt/airflow/dags/flex_eau_pipeline.py
[2026-07-25T21:26:39.331+0000] {logging_mixin.py:190} INFO - [2026-07-25T21:26:39.331+0000] {dag.py:3211} INFO - Sync 1 DAGs
[2026-07-25T21:26:39.368+0000] {logging_mixin.py:190} INFO - [2026-07-25T21:26:39.367+0000] {dag.py:4138} INFO - Setting next_dagrun for flex_eau_pipeline to 2026-07-25 00:00:00+00:00, run_after=2026-07-26 00:00:00+00:00
[2026-07-25T21:26:39.395+0000] {processor.py:208} INFO - Processing /opt/airflow/dags/flex_eau_pipeline.py took 0.159 seconds
[2026-07-25T21:27:09.646+0000] {processor.py:186} INFO - Started process (PID=4927) to work on /opt/airflow/dags/flex_eau_pipeline.py
[2026-07-25T21:27:09.647+0000] {processor.py:914} INFO - Processing file /opt/airflow/dags/flex_eau_pipeline.py for tasks to queue
[2026-07-25T21:27:09.650+0000] {logging_mixin.py:190} INFO - [2026-07-25T21:27:09.650+0000] {dagbag.py:587} INFO - Filling up the DagBag from /opt/airflow/dags/flex_eau_pipeline.py
[2026-07-25T21:27:09.686+0000] {processor.py:925} INFO - DAG(s) 'flex_eau_pipeline' retrieved from /opt/airflow/dags/flex_eau_pipeline.py
[2026-07-25T21:27:09.729+0000] {logging_mixin.py:190} INFO - [2026-07-25T21:27:09.728+0000] {dag.py:3211} INFO - Sync 1 DAGs
[2026-07-25T21:27:09.757+0000] {logging_mixin.py:190} INFO - [2026-07-25T21:27:09.757+0000] {dag.py:4138} INFO - Setting next_dagrun for flex_eau_pipeline to 2026-07-25 00:00:00+00:00, run_after=2026-07-26 00:00:00+00:00
[2026-07-25T21:27:09.783+0000] {processor.py:208} INFO - Processing /opt/airflow/dags/flex_eau_pipeline.py took 0.146 seconds
[2026-07-25T21:27:40.103+0000] {processor.py:186} INFO - Started process (PID=4932) to work on /opt/airflow/dags/flex_eau_pipeline.py
[2026-07-25T21:27:40.105+0000] {processor.py:914} INFO - Processing file /opt/airflow/dags/flex_eau_pipeline.py for tasks to queue
[2026-07-25T21:27:40.107+0000] {logging_mixin.py:190} INFO - [2026-07-25T21:27:40.107+0000] {dagbag.py:587} INFO - Filling up the DagBag from /opt/airflow/dags/flex_eau_pipeline.py
[2026-07-25T21:27:40.145+0000] {processor.py:925} INFO - DAG(s) 'flex_eau_pipeline' retrieved from /opt/airflow/dags/flex_eau_pipeline.py
[2026-07-25T21:27:40.192+0000] {logging_mixin.py:190} INFO - [2026-07-25T21:27:40.192+0000] {dag.py:3211} INFO - Sync 1 DAGs
[2026-07-25T21:27:40.219+0000] {logging_mixin.py:190} INFO - [2026-07-25T21:27:40.219+0000] {dag.py:4138} INFO - Setting next_dagrun for flex_eau_pipeline to 2026-07-25 00:00:00+00:00, run_after=2026-07-26 00:00:00+00:00
[2026-07-25T21:27:40.243+0000] {processor.py:208} INFO - Processing /opt/airflow/dags/flex_eau_pipeline.py took 0.148 seconds
[2026-07-25T21:28:10.389+0000] {processor.py:186} INFO - Started process (PID=4937) to work on /opt/airflow/dags/flex_eau_pipeline.py
[2026-07-25T21:28:10.391+0000] {processor.py:914} INFO - Processing file /opt/airflow/dags/flex_eau_pipeline.py for tasks to queue
[2026-07-25T21:28:10.393+0000] {logging_mixin.py:190} INFO - [2026-07-25T21:28:10.393+0000] {dagbag.py:587} INFO - Filling up the DagBag from /opt/airflow/dags/flex_eau_pipeline.py
[2026-07-25T21:28:10.420+0000] {processor.py:925} INFO - DAG(s) 'flex_eau_pipeline' retrieved from /opt/airflow/dags/flex_eau_pipeline.py
[2026-07-25T21:28:10.460+0000] {logging_mixin.py:190} INFO - [2026-07-25T21:28:10.460+0000] {dag.py:3211} INFO - Sync 1 DAGs
[2026-07-25T21:28:10.487+0000] {logging_mixin.py:190} INFO - [2026-07-25T21:28:10.486+0000] {dag.py:4138} INFO - Setting next_dagrun for flex_eau_pipeline to 2026-07-25 00:00:00+00:00, run_after=2026-07-26 00:00:00+00:00
[2026-07-25T21:28:10.510+0000] {processor.py:208} INFO - Processing /opt/airflow/dags/flex_eau_pipeline.py took 0.128 seconds
[2026-07-25T21:28:40.693+0000] {processor.py:186} INFO - Started process (PID=4942) to work on /opt/airflow/dags/flex_eau_pipeline.py
[2026-07-25T21:28:40.694+0000] {processor.py:914} INFO - Processing file /opt/airflow/dags/flex_eau_pipeline.py for tasks to queue
[2026-07-25T21:28:40.697+0000] {logging_mixin.py:190} INFO - [2026-07-25T21:28:40.697+0000] {dagbag.py:587} INFO - Filling up the DagBag from /opt/airflow/dags/flex_eau_pipeline.py
[2026-07-25T21:28:40.729+0000] {processor.py:925} INFO - DAG(s) 'flex_eau_pipeline' retrieved from /opt/airflow/dags/flex_eau_pipeline.py
[2026-07-25T21:28:40.770+0000] {logging_mixin.py:190} INFO - [2026-07-25T21:28:40.770+0000] {dag.py:3211} INFO - Sync 1 DAGs
[2026-07-25T21:28:40.799+0000] {logging_mixin.py:190} INFO - [2026-07-25T21:28:40.799+0000] {dag.py:4138} INFO - Setting next_dagrun for flex_eau_pipeline to 2026-07-25 00:00:00+00:00, run_after=2026-07-26 00:00:00+00:00
[2026-07-25T21:28:40.822+0000] {processor.py:208} INFO - Processing /opt/airflow/dags/flex_eau_pipeline.py took 0.137 seconds
[2026-07-25T21:29:11.023+0000] {processor.py:186} INFO - Started process (PID=4947) to work on /opt/airflow/dags/flex_eau_pipeline.py
[2026-07-25T21:29:11.024+0000] {processor.py:914} INFO - Processing file /opt/airflow/dags/flex_eau_pipeline.py for tasks to queue
[2026-07-25T21:29:11.026+0000] {logging_mixin.py:190} INFO - [2026-07-25T21:29:11.026+0000] {dagbag.py:587} INFO - Filling up the DagBag from /opt/airflow/dags/flex_eau_pipeline.py
[2026-07-25T21:29:11.070+0000] {processor.py:925} INFO - DAG(s) 'flex_eau_pipeline' retrieved from /opt/airflow/dags/flex_eau_pipeline.py
[2026-07-25T21:29:11.110+0000] {logging_mixin.py:190} INFO - [2026-07-25T21:29:11.110+0000] {dag.py:3211} INFO - Sync 1 DAGs
[2026-07-25T21:29:11.136+0000] {logging_mixin.py:190} INFO - [2026-07-25T21:29:11.136+0000] {dag.py:4138} INFO - Setting next_dagrun for flex_eau_pipeline to 2026-07-25 00:00:00+00:00, run_after=2026-07-26 00:00:00+00:00
[2026-07-25T21:29:11.158+0000] {processor.py:208} INFO - Processing /opt/airflow/dags/flex_eau_pipeline.py took 0.142 seconds
[2026-07-25T21:29:41.356+0000] {processor.py:186} INFO - Started process (PID=4952) to work on /opt/airflow/dags/flex_eau_pipeline.py
[2026-07-25T21:29:41.357+0000] {processor.py:914} INFO - Processing file /opt/airflow/dags/flex_eau_pipeline.py for tasks to queue
[2026-07-25T21:29:41.359+0000] {logging_mixin.py:190} INFO - [2026-07-25T21:29:41.359+0000] {dagbag.py:587} INFO - Filling up the DagBag from /opt/airflow/dags/flex_eau_pipeline.py
[2026-07-25T21:29:41.393+0000] {processor.py:925} INFO - DAG(s) 'flex_eau_pipeline' retrieved from /opt/airflow/dags/flex_eau_pipeline.py
[2026-07-25T21:29:41.436+0000] {logging_mixin.py:190} INFO - [2026-07-25T21:29:41.436+0000] {dag.py:3211} INFO - Sync 1 DAGs
[2026-07-25T21:29:41.464+0000] {logging_mixin.py:190} INFO - [2026-07-25T21:29:41.464+0000] {dag.py:4138} INFO - Setting next_dagrun for flex_eau_pipeline to 2026-07-25 00:00:00+00:00, run_after=2026-07-26 00:00:00+00:00
[2026-07-25T21:29:41.491+0000] {processor.py:208} INFO - Processing /opt/airflow/dags/flex_eau_pipeline.py took 0.144 seconds
[2026-07-25T21:30:11.660+0000] {processor.py:186} INFO - Started process (PID=4957) to work on /opt/airflow/dags/flex_eau_pipeline.py
[2026-07-25T21:30:11.662+0000] {processor.py:914} INFO - Processing file /opt/airflow/dags/flex_eau_pipeline.py for tasks to queue
[2026-07-25T21:30:11.664+0000] {logging_mixin.py:190} INFO - [2026-07-25T21:30:11.664+0000] {dagbag.py:587} INFO - Filling up the DagBag from /opt/airflow/dags/flex_eau_pipeline.py
[2026-07-25T21:30:11.698+0000] {processor.py:925} INFO - DAG(s) 'flex_eau_pipeline' retrieved from /opt/airflow/dags/flex_eau_pipeline.py
[2026-07-25T21:30:11.740+0000] {logging_mixin.py:190} INFO - [2026-07-25T21:30:11.740+0000] {dag.py:3211} INFO - Sync 1 DAGs
[2026-07-25T21:30:11.770+0000] {logging_mixin.py:190} INFO - [2026-07-25T21:30:11.769+0000] {dag.py:4138} INFO - Setting next_dagrun for flex_eau_pipeline to 2026-07-25 00:00:00+00:00, run_after=2026-07-26 00:00:00+00:00
[2026-07-25T21:30:11.793+0000] {processor.py:208} INFO - Processing /opt/airflow/dags/flex_eau_pipeline.py took 0.142 seconds
[2026-07-25T21:30:42.021+0000] {processor.py:186} INFO - Started process (PID=4962) to work on /opt/airflow/dags/flex_eau_pipeline.py
[2026-07-25T21:30:42.023+0000] {processor.py:914} INFO - Processing file /opt/airflow/dags/flex_eau_pipeline.py for tasks to queue
[2026-07-25T21:30:42.027+0000] {logging_mixin.py:190} INFO - [2026-07-25T21:30:42.026+0000] {dagbag.py:587} INFO - Filling up the DagBag from /opt/airflow/dags/flex_eau_pipeline.py
[2026-07-25T21:30:42.067+0000] {processor.py:925} INFO - DAG(s) 'flex_eau_pipeline' retrieved from /opt/airflow/dags/flex_eau_pipeline.py
[2026-07-25T21:30:42.117+0000] {logging_mixin.py:190} INFO - [2026-07-25T21:30:42.116+0000] {dag.py:3211} INFO - Sync 1 DAGs
[2026-07-25T21:30:42.159+0000] {logging_mixin.py:190} INFO - [2026-07-25T21:30:42.159+0000] {dag.py:4138} INFO - Setting next_dagrun for flex_eau_pipeline to 2026-07-25 00:00:00+00:00, run_after=2026-07-26 00:00:00+00:00
[2026-07-25T21:30:42.192+0000] {processor.py:208} INFO - Processing /opt/airflow/dags/flex_eau_pipeline.py took 0.180 seconds
[2026-07-25T21:31:12.282+0000] {processor.py:186} INFO - Started process (PID=4967) to work on /opt/airflow/dags/flex_eau_pipeline.py
[2026-07-25T21:31:12.284+0000] {processor.py:914} INFO - Processing file /opt/airflow/dags/flex_eau_pipeline.py for tasks to queue
[2026-07-25T21:31:12.286+0000] {logging_mixin.py:190} INFO - [2026-07-25T21:31:12.286+0000] {dagbag.py:587} INFO - Filling up the DagBag from /opt/airflow/dags/flex_eau_pipeline.py
[2026-07-25T21:31:12.314+0000] {processor.py:925} INFO - DAG(s) 'flex_eau_pipeline' retrieved from /opt/airflow/dags/flex_eau_pipeline.py
[2026-07-25T21:31:12.353+0000] {logging_mixin.py:190} INFO - [2026-07-25T21:31:12.352+0000] {dag.py:3211} INFO - Sync 1 DAGs
[2026-07-25T21:31:12.380+0000] {logging_mixin.py:190} INFO - [2026-07-25T21:31:12.379+0000] {dag.py:4138} INFO - Setting next_dagrun for flex_eau_pipeline to 2026-07-25 00:00:00+00:00, run_after=2026-07-26 00:00:00+00:00
[2026-07-25T21:31:12.403+0000] {processor.py:208} INFO - Processing /opt/airflow/dags/flex_eau_pipeline.py took 0.129 seconds
[2026-07-25T21:31:42.521+0000] {processor.py:186} INFO - Started process (PID=4972) to work on /opt/airflow/dags/flex_eau_pipeline.py
[2026-07-25T21:31:42.522+0000] {processor.py:914} INFO - Processing file /opt/airflow/dags/flex_eau_pipeline.py for tasks to queue
[2026-07-25T21:31:42.525+0000] {logging_mixin.py:190} INFO - [2026-07-25T21:31:42.524+0000] {dagbag.py:587} INFO - Filling up the DagBag from /opt/airflow/dags/flex_eau_pipeline.py
[2026-07-25T21:31:42.553+0000] {processor.py:925} INFO - DAG(s) 'flex_eau_pipeline' retrieved from /opt/airflow/dags/flex_eau_pipeline.py
[2026-07-25T21:31:42.598+0000] {logging_mixin.py:190} INFO - [2026-07-25T21:31:42.598+0000] {dag.py:3211} INFO - Sync 1 DAGs
[2026-07-25T21:31:42.624+0000] {logging_mixin.py:190} INFO - [2026-07-25T21:31:42.624+0000] {dag.py:4138} INFO - Setting next_dagrun for flex_eau_pipeline to 2026-07-25 00:00:00+00:00, run_after=2026-07-26 00:00:00+00:00
[2026-07-25T21:31:42.652+0000] {processor.py:208} INFO - Processing /opt/airflow/dags/flex_eau_pipeline.py took 0.139 seconds
[2026-07-25T21:32:12.848+0000] {processor.py:186} INFO - Started process (PID=4977) to work on /opt/airflow/dags/flex_eau_pipeline.py
[2026-07-25T21:32:12.849+0000] {processor.py:914} INFO - Processing file /opt/airflow/dags/flex_eau_pipeline.py for tasks to queue
[2026-07-25T21:32:12.852+0000] {logging_mixin.py:190} INFO - [2026-07-25T21:32:12.851+0000] {dagbag.py:587} INFO - Filling up the DagBag from /opt/airflow/dags/flex_eau_pipeline.py
[2026-07-25T21:32:12.881+0000] {processor.py:925} INFO - DAG(s) 'flex_eau_pipeline' retrieved from /opt/airflow/dags/flex_eau_pipeline.py
[2026-07-25T21:32:12.921+0000] {logging_mixin.py:190} INFO - [2026-07-25T21:32:12.921+0000] {dag.py:3211} INFO - Sync 1 DAGs
[2026-07-25T21:32:12.947+0000] {logging_mixin.py:190} INFO - [2026-07-25T21:32:12.947+0000] {dag.py:4138} INFO - Setting next_dagrun for flex_eau_pipeline to 2026-07-25 00:00:00+00:00, run_after=2026-07-26 00:00:00+00:00
[2026-07-25T21:32:12.971+0000] {processor.py:208} INFO - Processing /opt/airflow/dags/flex_eau_pipeline.py took 0.131 seconds
[2026-07-25T21:32:43.304+0000] {processor.py:186} INFO - Started process (PID=4982) to work on /opt/airflow/dags/flex_eau_pipeline.py
[2026-07-25T21:32:43.305+0000] {processor.py:914} INFO - Processing file /opt/airflow/dags/flex_eau_pipeline.py for tasks to queue
[2026-07-25T21:32:43.308+0000] {logging_mixin.py:190} INFO - [2026-07-25T21:32:43.307+0000] {dagbag.py:587} INFO - Filling up the DagBag from /opt/airflow/dags/flex_eau_pipeline.py
[2026-07-25T21:32:43.339+0000] {processor.py:925} INFO - DAG(s) 'flex_eau_pipeline' retrieved from /opt/airflow/dags/flex_eau_pipeline.py
[2026-07-25T21:32:43.381+0000] {logging_mixin.py:190} INFO - [2026-07-25T21:32:43.381+0000] {dag.py:3211} INFO - Sync 1 DAGs
[2026-07-25T21:32:43.407+0000] {logging_mixin.py:190} INFO - [2026-07-25T21:32:43.407+0000] {dag.py:4138} INFO - Setting next_dagrun for flex_eau_pipeline to 2026-07-25 00:00:00+00:00, run_after=2026-07-26 00:00:00+00:00
[2026-07-25T21:32:43.434+0000] {processor.py:208} INFO - Processing /opt/airflow/dags/flex_eau_pipeline.py took 0.137 seconds
[2026-07-25T21:33:13.659+0000] {processor.py:186} INFO - Started process (PID=4987) to work on /opt/airflow/dags/flex_eau_pipeline.py
[2026-07-25T21:33:13.661+0000] {processor.py:914} INFO - Processing file /opt/airflow/dags/flex_eau_pipeline.py for tasks to queue
[2026-07-25T21:33:13.664+0000] {logging_mixin.py:190} INFO - [2026-07-25T21:33:13.663+0000] {dagbag.py:587} INFO - Filling up the DagBag from /opt/airflow/dags/flex_eau_pipeline.py
[2026-07-25T21:33:13.693+0000] {processor.py:925} INFO - DAG(s) 'flex_eau_pipeline' retrieved from /opt/airflow/dags/flex_eau_pipeline.py
[2026-07-25T21:33:13.734+0000] {logging_mixin.py:190} INFO - [2026-07-25T21:33:13.734+0000] {dag.py:3211} INFO - Sync 1 DAGs
[2026-07-25T21:33:13.761+0000] {logging_mixin.py:190} INFO - [2026-07-25T21:33:13.760+0000] {dag.py:4138} INFO - Setting next_dagrun for flex_eau_pipeline to 2026-07-25 00:00:00+00:00, run_after=2026-07-26 00:00:00+00:00
[2026-07-25T21:33:13.787+0000] {processor.py:208} INFO - Processing /opt/airflow/dags/flex_eau_pipeline.py took 0.136 seconds
[2026-07-25T21:33:44.046+0000] {processor.py:186} INFO - Started process (PID=4992) to work on /opt/airflow/dags/flex_eau_pipeline.py
[2026-07-25T21:33:44.048+0000] {processor.py:914} INFO - Processing file /opt/airflow/dags/flex_eau_pipeline.py for tasks to queue
[2026-07-25T21:33:44.050+0000] {logging_mixin.py:190} INFO - [2026-07-25T21:33:44.050+0000] {dagbag.py:587} INFO - Filling up the DagBag from /opt/airflow/dags/flex_eau_pipeline.py
[2026-07-25T21:33:44.082+0000] {processor.py:925} INFO - DAG(s) 'flex_eau_pipeline' retrieved from /opt/airflow/dags/flex_eau_pipeline.py
[2026-07-25T21:33:44.122+0000] {logging_mixin.py:190} INFO - [2026-07-25T21:33:44.121+0000] {dag.py:3211} INFO - Sync 1 DAGs
[2026-07-25T21:33:44.153+0000] {logging_mixin.py:190} INFO - [2026-07-25T21:33:44.153+0000] {dag.py:4138} INFO - Setting next_dagrun for flex_eau_pipeline to 2026-07-25 00:00:00+00:00, run_after=2026-07-26 00:00:00+00:00
[2026-07-25T21:33:44.179+0000] {processor.py:208} INFO - Processing /opt/airflow/dags/flex_eau_pipeline.py took 0.140 seconds
[2026-07-25T21:34:14.343+0000] {processor.py:186} INFO - Started process (PID=4997) to work on /opt/airflow/dags/flex_eau_pipeline.py
[2026-07-25T21:34:14.344+0000] {processor.py:914} INFO - Processing file /opt/airflow/dags/flex_eau_pipeline.py for tasks to queue
[2026-07-25T21:34:14.347+0000] {logging_mixin.py:190} INFO - [2026-07-25T21:34:14.346+0000] {dagbag.py:587} INFO - Filling up the DagBag from /opt/airflow/dags/flex_eau_pipeline.py
[2026-07-25T21:34:14.375+0000] {processor.py:925} INFO - DAG(s) 'flex_eau_pipeline' retrieved from /opt/airflow/dags/flex_eau_pipeline.py
[2026-07-25T21:34:14.416+0000] {logging_mixin.py:190} INFO - [2026-07-25T21:34:14.415+0000] {dag.py:3211} INFO - Sync 1 DAGs
[2026-07-25T21:34:14.443+0000] {logging_mixin.py:190} INFO - [2026-07-25T21:34:14.443+0000] {dag.py:4138} INFO - Setting next_dagrun for flex_eau_pipeline to 2026-07-25 00:00:00+00:00, run_after=2026-07-26 00:00:00+00:00
[2026-07-25T21:34:14.467+0000] {processor.py:208} INFO - Processing /opt/airflow/dags/flex_eau_pipeline.py took 0.131 seconds
[2026-07-25T21:34:44.771+0000] {processor.py:186} INFO - Started process (PID=5002) to work on /opt/airflow/dags/flex_eau_pipeline.py
[2026-07-25T21:34:44.773+0000] {processor.py:914} INFO - Processing file /opt/airflow/dags/flex_eau_pipeline.py for tasks to queue
[2026-07-25T21:34:44.776+0000] {logging_mixin.py:190} INFO - [2026-07-25T21:34:44.776+0000] {dagbag.py:587} INFO - Filling up the DagBag from /opt/airflow/dags/flex_eau_pipeline.py
[2026-07-25T21:34:44.812+0000] {processor.py:925} INFO - DAG(s) 'flex_eau_pipeline' retrieved from /opt/airflow/dags/flex_eau_pipeline.py
[2026-07-25T21:34:44.857+0000] {logging_mixin.py:190} INFO - [2026-07-25T21:34:44.857+0000] {dag.py:3211} INFO - Sync 1 DAGs
[2026-07-25T21:34:44.885+0000] {logging_mixin.py:190} INFO - [2026-07-25T21:34:44.885+0000] {dag.py:4138} INFO - Setting next_dagrun for flex_eau_pipeline to 2026-07-25 00:00:00+00:00, run_after=2026-07-26 00:00:00+00:00
[2026-07-25T21:34:44.909+0000] {processor.py:208} INFO - Processing /opt/airflow/dags/flex_eau_pipeline.py took 0.146 seconds
[2026-07-25T21:35:15.215+0000] {processor.py:186} INFO - Started process (PID=5007) to work on /opt/airflow/dags/flex_eau_pipeline.py
[2026-07-25T21:35:15.216+0000] {processor.py:914} INFO - Processing file /opt/airflow/dags/flex_eau_pipeline.py for tasks to queue
[2026-07-25T21:35:15.219+0000] {logging_mixin.py:190} INFO - [2026-07-25T21:35:15.218+0000] {dagbag.py:587} INFO - Filling up the DagBag from /opt/airflow/dags/flex_eau_pipeline.py
[2026-07-25T21:35:15.250+0000] {processor.py:925} INFO - DAG(s) 'flex_eau_pipeline' retrieved from /opt/airflow/dags/flex_eau_pipeline.py
[2026-07-25T21:35:15.290+0000] {logging_mixin.py:190} INFO - [2026-07-25T21:35:15.290+0000] {dag.py:3211} INFO - Sync 1 DAGs
[2026-07-25T21:35:15.316+0000] {logging_mixin.py:190} INFO - [2026-07-25T21:35:15.315+0000] {dag.py:4138} INFO - Setting next_dagrun for flex_eau_pipeline to 2026-07-25 00:00:00+00:00, run_after=2026-07-26 00:00:00+00:00
[2026-07-25T21:35:15.344+0000] {processor.py:208} INFO - Processing /opt/airflow/dags/flex_eau_pipeline.py took 0.136 seconds
[2026-07-25T21:35:45.685+0000] {processor.py:186} INFO - Started process (PID=5012) to work on /opt/airflow/dags/flex_eau_pipeline.py
[2026-07-25T21:35:45.686+0000] {processor.py:914} INFO - Processing file /opt/airflow/dags/flex_eau_pipeline.py for tasks to queue
[2026-07-25T21:35:45.688+0000] {logging_mixin.py:190} INFO - [2026-07-25T21:35:45.688+0000] {dagbag.py:587} INFO - Filling up the DagBag from /opt/airflow/dags/flex_eau_pipeline.py
[2026-07-25T21:35:45.718+0000] {processor.py:925} INFO - DAG(s) 'flex_eau_pipeline' retrieved from /opt/airflow/dags/flex_eau_pipeline.py
[2026-07-25T21:35:45.757+0000] {logging_mixin.py:190} INFO - [2026-07-25T21:35:45.756+0000] {dag.py:3211} INFO - Sync 1 DAGs
[2026-07-25T21:35:45.784+0000] {logging_mixin.py:190} INFO - [2026-07-25T21:35:45.784+0000] {dag.py:4138} INFO - Setting next_dagrun for flex_eau_pipeline to 2026-07-25 00:00:00+00:00, run_after=2026-07-26 00:00:00+00:00
[2026-07-25T21:35:45.812+0000] {processor.py:208} INFO - Processing /opt/airflow/dags/flex_eau_pipeline.py took 0.134 seconds
[2026-07-25T21:36:16.098+0000] {processor.py:186} INFO - Started process (PID=5017) to work on /opt/airflow/dags/flex_eau_pipeline.py
[2026-07-25T21:36:16.100+0000] {processor.py:914} INFO - Processing file /opt/airflow/dags/flex_eau_pipeline.py for tasks to queue
[2026-07-25T21:36:16.103+0000] {logging_mixin.py:190} INFO - [2026-07-25T21:36:16.102+0000] {dagbag.py:587} INFO - Filling up the DagBag from /opt/airflow/dags/flex_eau_pipeline.py
[2026-07-25T21:36:16.130+0000] {processor.py:925} INFO - DAG(s) 'flex_eau_pipeline' retrieved from /opt/airflow/dags/flex_eau_pipeline.py
[2026-07-25T21:36:16.170+0000] {logging_mixin.py:190} INFO - [2026-07-25T21:36:16.169+0000] {dag.py:3211} INFO - Sync 1 DAGs
[2026-07-25T21:36:16.196+0000] {logging_mixin.py:190} INFO - [2026-07-25T21:36:16.196+0000] {dag.py:4138} INFO - Setting next_dagrun for flex_eau_pipeline to 2026-07-25 00:00:00+00:00, run_after=2026-07-26 00:00:00+00:00
[2026-07-25T21:36:16.221+0000] {processor.py:208} INFO - Processing /opt/airflow/dags/flex_eau_pipeline.py took 0.131 seconds
[2026-07-25T21:36:46.446+0000] {processor.py:186} INFO - Started process (PID=5022) to work on /opt/airflow/dags/flex_eau_pipeline.py
[2026-07-25T21:36:46.447+0000] {processor.py:914} INFO - Processing file /opt/airflow/dags/flex_eau_pipeline.py for tasks to queue
[2026-07-25T21:36:46.450+0000] {logging_mixin.py:190} INFO - [2026-07-25T21:36:46.449+0000] {dagbag.py:587} INFO - Filling up the DagBag from /opt/airflow/dags/flex_eau_pipeline.py
[2026-07-25T21:36:46.482+0000] {processor.py:925} INFO - DAG(s) 'flex_eau_pipeline' retrieved from /opt/airflow/dags/flex_eau_pipeline.py
[2026-07-25T21:36:46.524+0000] {logging_mixin.py:190} INFO - [2026-07-25T21:36:46.524+0000] {dag.py:3211} INFO - Sync 1 DAGs
[2026-07-25T21:36:46.552+0000] {logging_mixin.py:190} INFO - [2026-07-25T21:36:46.552+0000] {dag.py:4138} INFO - Setting next_dagrun for flex_eau_pipeline to 2026-07-25 00:00:00+00:00, run_after=2026-07-26 00:00:00+00:00
[2026-07-25T21:36:46.576+0000] {processor.py:208} INFO - Processing /opt/airflow/dags/flex_eau_pipeline.py took 0.138 seconds
[2026-07-25T21:37:16.879+0000] {processor.py:186} INFO - Started process (PID=5027) to work on /opt/airflow/dags/flex_eau_pipeline.py
[2026-07-25T21:37:16.881+0000] {processor.py:914} INFO - Processing file /opt/airflow/dags/flex_eau_pipeline.py for tasks to queue
[2026-07-25T21:37:16.883+0000] {logging_mixin.py:190} INFO - [2026-07-25T21:37:16.883+0000] {dagbag.py:587} INFO - Filling up the DagBag from /opt/airflow/dags/flex_eau_pipeline.py
[2026-07-25T21:37:16.910+0000] {processor.py:925} INFO - DAG(s) 'flex_eau_pipeline' retrieved from /opt/airflow/dags/flex_eau_pipeline.py
[2026-07-25T21:37:16.947+0000] {logging_mixin.py:190} INFO - [2026-07-25T21:37:16.947+0000] {dag.py:3211} INFO - Sync 1 DAGs
[2026-07-25T21:37:16.973+0000] {logging_mixin.py:190} INFO - [2026-07-25T21:37:16.973+0000] {dag.py:4138} INFO - Setting next_dagrun for flex_eau_pipeline to 2026-07-25 00:00:00+00:00, run_after=2026-07-26 00:00:00+00:00
[2026-07-25T21:37:16.998+0000] {processor.py:208} INFO - Processing /opt/airflow/dags/flex_eau_pipeline.py took 0.126 seconds
[2026-07-25T21:37:47.255+0000] {processor.py:186} INFO - Started process (PID=5032) to work on /opt/airflow/dags/flex_eau_pipeline.py
[2026-07-25T21:37:47.257+0000] {processor.py:914} INFO - Processing file /opt/airflow/dags/flex_eau_pipeline.py for tasks to queue
[2026-07-25T21:37:47.259+0000] {logging_mixin.py:190} INFO - [2026-07-25T21:37:47.259+0000] {dagbag.py:587} INFO - Filling up the DagBag from /opt/airflow/dags/flex_eau_pipeline.py
[2026-07-25T21:37:47.288+0000] {processor.py:925} INFO - DAG(s) 'flex_eau_pipeline' retrieved from /opt/airflow/dags/flex_eau_pipeline.py
[2026-07-25T21:37:47.329+0000] {logging_mixin.py:190} INFO - [2026-07-25T21:37:47.329+0000] {dag.py:3211} INFO - Sync 1 DAGs
[2026-07-25T21:37:47.355+0000] {logging_mixin.py:190} INFO - [2026-07-25T21:37:47.355+0000] {dag.py:4138} INFO - Setting next_dagrun for flex_eau_pipeline to 2026-07-25 00:00:00+00:00, run_after=2026-07-26 00:00:00+00:00
[2026-07-25T21:37:47.380+0000] {processor.py:208} INFO - Processing /opt/airflow/dags/flex_eau_pipeline.py took 0.132 seconds
[2026-07-25T21:38:17.686+0000] {processor.py:186} INFO - Started process (PID=5037) to work on /opt/airflow/dags/flex_eau_pipeline.py
[2026-07-25T21:38:17.687+0000] {processor.py:914} INFO - Processing file /opt/airflow/dags/flex_eau_pipeline.py for tasks to queue
[2026-07-25T21:38:17.689+0000] {logging_mixin.py:190} INFO - [2026-07-25T21:38:17.689+0000] {dagbag.py:587} INFO - Filling up the DagBag from /opt/airflow/dags/flex_eau_pipeline.py
[2026-07-25T21:38:17.719+0000] {processor.py:925} INFO - DAG(s) 'flex_eau_pipeline' retrieved from /opt/airflow/dags/flex_eau_pipeline.py
[2026-07-25T21:38:17.757+0000] {logging_mixin.py:190} INFO - [2026-07-25T21:38:17.757+0000] {dag.py:3211} INFO - Sync 1 DAGs
[2026-07-25T21:38:17.783+0000] {logging_mixin.py:190} INFO - [2026-07-25T21:38:17.782+0000] {dag.py:4138} INFO - Setting next_dagrun for flex_eau_pipeline to 2026-07-25 00:00:00+00:00, run_after=2026-07-26 00:00:00+00:00
[2026-07-25T21:38:17.808+0000] {processor.py:208} INFO - Processing /opt/airflow/dags/flex_eau_pipeline.py took 0.131 seconds
[2026-07-25T21:38:48.168+0000] {processor.py:186} INFO - Started process (PID=5042) to work on /opt/airflow/dags/flex_eau_pipeline.py
[2026-07-25T21:38:48.170+0000] {processor.py:914} INFO - Processing file /opt/airflow/dags/flex_eau_pipeline.py for tasks to queue
[2026-07-25T21:38:48.172+0000] {logging_mixin.py:190} INFO - [2026-07-25T21:38:48.172+0000] {dagbag.py:587} INFO - Filling up the DagBag from /opt/airflow/dags/flex_eau_pipeline.py
[2026-07-25T21:38:48.201+0000] {processor.py:925} INFO - DAG(s) 'flex_eau_pipeline' retrieved from /opt/airflow/dags/flex_eau_pipeline.py
[2026-07-25T21:38:48.241+0000] {logging_mixin.py:190} INFO - [2026-07-25T21:38:48.240+0000] {dag.py:3211} INFO - Sync 1 DAGs
[2026-07-25T21:38:48.268+0000] {logging_mixin.py:190} INFO - [2026-07-25T21:38:48.268+0000] {dag.py:4138} INFO - Setting next_dagrun for flex_eau_pipeline to 2026-07-25 00:00:00+00:00, run_after=2026-07-26 00:00:00+00:00
[2026-07-25T21:38:48.294+0000] {processor.py:208} INFO - Processing /opt/airflow/dags/flex_eau_pipeline.py took 0.133 seconds
[2026-07-25T21:39:18.736+0000] {processor.py:186} INFO - Started process (PID=5047) to work on /opt/airflow/dags/flex_eau_pipeline.py
[2026-07-25T21:39:18.737+0000] {processor.py:914} INFO - Processing file /opt/airflow/dags/flex_eau_pipeline.py for tasks to queue
[2026-07-25T21:39:18.740+0000] {logging_mixin.py:190} INFO - [2026-07-25T21:39:18.740+0000] {dagbag.py:587} INFO - Filling up the DagBag from /opt/airflow/dags/flex_eau_pipeline.py
[2026-07-25T21:39:18.770+0000] {processor.py:925} INFO - DAG(s) 'flex_eau_pipeline' retrieved from /opt/airflow/dags/flex_eau_pipeline.py
[2026-07-25T21:39:18.811+0000] {logging_mixin.py:190} INFO - [2026-07-25T21:39:18.811+0000] {dag.py:3211} INFO - Sync 1 DAGs
[2026-07-25T21:39:18.840+0000] {logging_mixin.py:190} INFO - [2026-07-25T21:39:18.840+0000] {dag.py:4138} INFO - Setting next_dagrun for flex_eau_pipeline to 2026-07-25 00:00:00+00:00, run_after=2026-07-26 00:00:00+00:00
[2026-07-25T21:39:18.864+0000] {processor.py:208} INFO - Processing /opt/airflow/dags/flex_eau_pipeline.py took 0.134 seconds
[2026-07-25T21:39:49.077+0000] {processor.py:186} INFO - Started process (PID=5052) to work on /opt/airflow/dags/flex_eau_pipeline.py
[2026-07-25T21:39:49.079+0000] {processor.py:914} INFO - Processing file /opt/airflow/dags/flex_eau_pipeline.py for tasks to queue
[2026-07-25T21:39:49.082+0000] {logging_mixin.py:190} INFO - [2026-07-25T21:39:49.082+0000] {dagbag.py:587} INFO - Filling up the DagBag from /opt/airflow/dags/flex_eau_pipeline.py
[2026-07-25T21:39:49.114+0000] {processor.py:925} INFO - DAG(s) 'flex_eau_pipeline' retrieved from /opt/airflow/dags/flex_eau_pipeline.py
[2026-07-25T21:39:49.154+0000] {logging_mixin.py:190} INFO - [2026-07-25T21:39:49.154+0000] {dag.py:3211} INFO - Sync 1 DAGs
[2026-07-25T21:39:49.183+0000] {logging_mixin.py:190} INFO - [2026-07-25T21:39:49.182+0000] {dag.py:4138} INFO - Setting next_dagrun for flex_eau_pipeline to 2026-07-25 00:00:00+00:00, run_after=2026-07-26 00:00:00+00:00
[2026-07-25T21:39:49.207+0000] {processor.py:208} INFO - Processing /opt/airflow/dags/flex_eau_pipeline.py took 0.139 seconds
[2026-07-25T21:40:19.449+0000] {processor.py:186} INFO - Started process (PID=5057) to work on /opt/airflow/dags/flex_eau_pipeline.py
[2026-07-25T21:40:19.451+0000] {processor.py:914} INFO - Processing file /opt/airflow/dags/flex_eau_pipeline.py for tasks to queue
[2026-07-25T21:40:19.453+0000] {logging_mixin.py:190} INFO - [2026-07-25T21:40:19.453+0000] {dagbag.py:587} INFO - Filling up the DagBag from /opt/airflow/dags/flex_eau_pipeline.py
[2026-07-25T21:40:19.484+0000] {processor.py:925} INFO - DAG(s) 'flex_eau_pipeline' retrieved from /opt/airflow/dags/flex_eau_pipeline.py
[2026-07-25T21:40:19.524+0000] {logging_mixin.py:190} INFO - [2026-07-25T21:40:19.524+0000] {dag.py:3211} INFO - Sync 1 DAGs
[2026-07-25T21:40:19.552+0000] {logging_mixin.py:190} INFO - [2026-07-25T21:40:19.551+0000] {dag.py:4138} INFO - Setting next_dagrun for flex_eau_pipeline to 2026-07-25 00:00:00+00:00, run_after=2026-07-26 00:00:00+00:00
[2026-07-25T21:40:19.574+0000] {processor.py:208} INFO - Processing /opt/airflow/dags/flex_eau_pipeline.py took 0.132 seconds
[2026-07-25T21:40:49.918+0000] {processor.py:186} INFO - Started process (PID=5062) to work on /opt/airflow/dags/flex_eau_pipeline.py
[2026-07-25T21:40:49.919+0000] {processor.py:914} INFO - Processing file /opt/airflow/dags/flex_eau_pipeline.py for tasks to queue
[2026-07-25T21:40:49.922+0000] {logging_mixin.py:190} INFO - [2026-07-25T21:40:49.922+0000] {dagbag.py:587} INFO - Filling up the DagBag from /opt/airflow/dags/flex_eau_pipeline.py
[2026-07-25T21:40:49.958+0000] {processor.py:925} INFO - DAG(s) 'flex_eau_pipeline' retrieved from /opt/airflow/dags/flex_eau_pipeline.py
[2026-07-25T21:40:49.994+0000] {logging_mixin.py:190} INFO - [2026-07-25T21:40:49.994+0000] {dag.py:3211} INFO - Sync 1 DAGs
[2026-07-25T21:40:50.022+0000] {logging_mixin.py:190} INFO - [2026-07-25T21:40:50.021+0000] {dag.py:4138} INFO - Setting next_dagrun for flex_eau_pipeline to 2026-07-25 00:00:00+00:00, run_after=2026-07-26 00:00:00+00:00
[2026-07-25T21:40:50.043+0000] {processor.py:208} INFO - Processing /opt/airflow/dags/flex_eau_pipeline.py took 0.132 seconds
[2026-07-25T21:41:20.331+0000] {processor.py:186} INFO - Started process (PID=5067) to work on /opt/airflow/dags/flex_eau_pipeline.py
[2026-07-25T21:41:20.332+0000] {processor.py:914} INFO - Processing file /opt/airflow/dags/flex_eau_pipeline.py for tasks to queue
[2026-07-25T21:41:20.335+0000] {logging_mixin.py:190} INFO - [2026-07-25T21:41:20.334+0000] {dagbag.py:587} INFO - Filling up the DagBag from /opt/airflow/dags/flex_eau_pipeline.py
[2026-07-25T21:41:20.365+0000] {processor.py:925} INFO - DAG(s) 'flex_eau_pipeline' retrieved from /opt/airflow/dags/flex_eau_pipeline.py
[2026-07-25T21:41:20.404+0000] {logging_mixin.py:190} INFO - [2026-07-25T21:41:20.404+0000] {dag.py:3211} INFO - Sync 1 DAGs
[2026-07-25T21:41:20.430+0000] {logging_mixin.py:190} INFO - [2026-07-25T21:41:20.430+0000] {dag.py:4138} INFO - Setting next_dagrun for flex_eau_pipeline to 2026-07-25 00:00:00+00:00, run_after=2026-07-26 00:00:00+00:00
[2026-07-25T21:41:20.456+0000] {processor.py:208} INFO - Processing /opt/airflow/dags/flex_eau_pipeline.py took 0.132 seconds
[2026-07-25T21:41:50.777+0000] {processor.py:186} INFO - Started process (PID=5072) to work on /opt/airflow/dags/flex_eau_pipeline.py
[2026-07-25T21:41:50.779+0000] {processor.py:914} INFO - Processing file /opt/airflow/dags/flex_eau_pipeline.py for tasks to queue
[2026-07-25T21:41:50.781+0000] {logging_mixin.py:190} INFO - [2026-07-25T21:41:50.781+0000] {dagbag.py:587} INFO - Filling up the DagBag from /opt/airflow/dags/flex_eau_pipeline.py
[2026-07-25T21:41:50.811+0000] {processor.py:925} INFO - DAG(s) 'flex_eau_pipeline' retrieved from /opt/airflow/dags/flex_eau_pipeline.py
[2026-07-25T21:41:50.851+0000] {logging_mixin.py:190} INFO - [2026-07-25T21:41:50.851+0000] {dag.py:3211} INFO - Sync 1 DAGs
[2026-07-25T21:41:50.878+0000] {logging_mixin.py:190} INFO - [2026-07-25T21:41:50.878+0000] {dag.py:4138} INFO - Setting next_dagrun for flex_eau_pipeline to 2026-07-25 00:00:00+00:00, run_after=2026-07-26 00:00:00+00:00
[2026-07-25T21:41:50.900+0000] {processor.py:208} INFO - Processing /opt/airflow/dags/flex_eau_pipeline.py took 0.129 seconds
[2026-07-25T21:42:21.024+0000] {processor.py:186} INFO - Started process (PID=5077) to work on /opt/airflow/dags/flex_eau_pipeline.py
[2026-07-25T21:42:21.025+0000] {processor.py:914} INFO - Processing file /opt/airflow/dags/flex_eau_pipeline.py for tasks to queue
[2026-07-25T21:42:21.027+0000] {logging_mixin.py:190} INFO - [2026-07-25T21:42:21.027+0000] {dagbag.py:587} INFO - Filling up the DagBag from /opt/airflow/dags/flex_eau_pipeline.py
[2026-07-25T21:42:21.057+0000] {processor.py:925} INFO - DAG(s) 'flex_eau_pipeline' retrieved from /opt/airflow/dags/flex_eau_pipeline.py
[2026-07-25T21:42:21.097+0000] {logging_mixin.py:190} INFO - [2026-07-25T21:42:21.097+0000] {dag.py:3211} INFO - Sync 1 DAGs
[2026-07-25T21:42:21.123+0000] {logging_mixin.py:190} INFO - [2026-07-25T21:42:21.123+0000] {dag.py:4138} INFO - Setting next_dagrun for flex_eau_pipeline to 2026-07-25 00:00:00+00:00, run_after=2026-07-26 00:00:00+00:00
[2026-07-25T21:42:21.147+0000] {processor.py:208} INFO - Processing /opt/airflow/dags/flex_eau_pipeline.py took 0.131 seconds
[2026-07-25T21:42:51.359+0000] {processor.py:186} INFO - Started process (PID=5082) to work on /opt/airflow/dags/flex_eau_pipeline.py
[2026-07-25T21:42:51.360+0000] {processor.py:914} INFO - Processing file /opt/airflow/dags/flex_eau_pipeline.py for tasks to queue
[2026-07-25T21:42:51.363+0000] {logging_mixin.py:190} INFO - [2026-07-25T21:42:51.363+0000] {dagbag.py:587} INFO - Filling up the DagBag from /opt/airflow/dags/flex_eau_pipeline.py
[2026-07-25T21:42:51.395+0000] {processor.py:925} INFO - DAG(s) 'flex_eau_pipeline' retrieved from /opt/airflow/dags/flex_eau_pipeline.py
[2026-07-25T21:42:51.436+0000] {logging_mixin.py:190} INFO - [2026-07-25T21:42:51.436+0000] {dag.py:3211} INFO - Sync 1 DAGs
[2026-07-25T21:42:51.462+0000] {logging_mixin.py:190} INFO - [2026-07-25T21:42:51.462+0000] {dag.py:4138} INFO - Setting next_dagrun for flex_eau_pipeline to 2026-07-25 00:00:00+00:00, run_after=2026-07-26 00:00:00+00:00
[2026-07-25T21:42:51.488+0000] {processor.py:208} INFO - Processing /opt/airflow/dags/flex_eau_pipeline.py took 0.137 seconds
[2026-07-25T21:43:21.768+0000] {processor.py:186} INFO - Started process (PID=5087) to work on /opt/airflow/dags/flex_eau_pipeline.py
[2026-07-25T21:43:21.770+0000] {processor.py:914} INFO - Processing file /opt/airflow/dags/flex_eau_pipeline.py for tasks to queue
[2026-07-25T21:43:21.774+0000] {logging_mixin.py:190} INFO - [2026-07-25T21:43:21.773+0000] {dagbag.py:587} INFO - Filling up the DagBag from /opt/airflow/dags/flex_eau_pipeline.py
[2026-07-25T21:43:21.805+0000] {processor.py:925} INFO - DAG(s) 'flex_eau_pipeline' retrieved from /opt/airflow/dags/flex_eau_pipeline.py
[2026-07-25T21:43:21.853+0000] {logging_mixin.py:190} INFO - [2026-07-25T21:43:21.852+0000] {dag.py:3211} INFO - Sync 1 DAGs
[2026-07-25T21:43:21.885+0000] {logging_mixin.py:190} INFO - [2026-07-25T21:43:21.884+0000] {dag.py:4138} INFO - Setting next_dagrun for flex_eau_pipeline to 2026-07-25 00:00:00+00:00, run_after=2026-07-26 00:00:00+00:00
[2026-07-25T21:43:21.913+0000] {processor.py:208} INFO - Processing /opt/airflow/dags/flex_eau_pipeline.py took 0.154 seconds
[2026-07-25T21:43:52.094+0000] {processor.py:186} INFO - Started process (PID=5092) to work on /opt/airflow/dags/flex_eau_pipeline.py
[2026-07-25T21:43:52.096+0000] {processor.py:914} INFO - Processing file /opt/airflow/dags/flex_eau_pipeline.py for tasks to queue
[2026-07-25T21:43:52.099+0000] {logging_mixin.py:190} INFO - [2026-07-25T21:43:52.098+0000] {dagbag.py:587} INFO - Filling up the DagBag from /opt/airflow/dags/flex_eau_pipeline.py
[2026-07-25T21:43:52.136+0000] {processor.py:925} INFO - DAG(s) 'flex_eau_pipeline' retrieved from /opt/airflow/dags/flex_eau_pipeline.py
[2026-07-25T21:43:52.183+0000] {logging_mixin.py:190} INFO - [2026-07-25T21:43:52.183+0000] {dag.py:3211} INFO - Sync 1 DAGs
[2026-07-25T21:43:52.215+0000] {logging_mixin.py:190} INFO - [2026-07-25T21:43:52.215+0000] {dag.py:4138} INFO - Setting next_dagrun for flex_eau_pipeline to 2026-07-25 00:00:00+00:00, run_after=2026-07-26 00:00:00+00:00
[2026-07-25T21:43:52.240+0000] {processor.py:208} INFO - Processing /opt/airflow/dags/flex_eau_pipeline.py took 0.154 seconds
[2026-07-25T21:44:22.480+0000] {processor.py:186} INFO - Started process (PID=5097) to work on /opt/airflow/dags/flex_eau_pipeline.py
[2026-07-25T21:44:22.482+0000] {processor.py:914} INFO - Processing file /opt/airflow/dags/flex_eau_pipeline.py for tasks to queue
[2026-07-25T21:44:22.486+0000] {logging_mixin.py:190} INFO - [2026-07-25T21:44:22.485+0000] {dagbag.py:587} INFO - Filling up the DagBag from /opt/airflow/dags/flex_eau_pipeline.py
[2026-07-25T21:44:22.518+0000] {processor.py:925} INFO - DAG(s) 'flex_eau_pipeline' retrieved from /opt/airflow/dags/flex_eau_pipeline.py
[2026-07-25T21:44:22.560+0000] {logging_mixin.py:190} INFO - [2026-07-25T21:44:22.560+0000] {dag.py:3211} INFO - Sync 1 DAGs
[2026-07-25T21:44:22.593+0000] {logging_mixin.py:190} INFO - [2026-07-25T21:44:22.593+0000] {dag.py:4138} INFO - Setting next_dagrun for flex_eau_pipeline to 2026-07-25 00:00:00+00:00, run_after=2026-07-26 00:00:00+00:00
[2026-07-25T21:44:22.616+0000] {processor.py:208} INFO - Processing /opt/airflow/dags/flex_eau_pipeline.py took 0.144 seconds
[2026-07-25T21:44:52.753+0000] {processor.py:186} INFO - Started process (PID=5102) to work on /opt/airflow/dags/flex_eau_pipeline.py
[2026-07-25T21:44:52.754+0000] {processor.py:914} INFO - Processing file /opt/airflow/dags/flex_eau_pipeline.py for tasks to queue
[2026-07-25T21:44:52.758+0000] {logging_mixin.py:190} INFO - [2026-07-25T21:44:52.757+0000] {dagbag.py:587} INFO - Filling up the DagBag from /opt/airflow/dags/flex_eau_pipeline.py
[2026-07-25T21:44:52.790+0000] {processor.py:925} INFO - DAG(s) 'flex_eau_pipeline' retrieved from /opt/airflow/dags/flex_eau_pipeline.py
[2026-07-25T21:44:52.832+0000] {logging_mixin.py:190} INFO - [2026-07-25T21:44:52.831+0000] {dag.py:3211} INFO - Sync 1 DAGs
[2026-07-25T21:44:52.860+0000] {logging_mixin.py:190} INFO - [2026-07-25T21:44:52.860+0000] {dag.py:4138} INFO - Setting next_dagrun for flex_eau_pipeline to 2026-07-25 00:00:00+00:00, run_after=2026-07-26 00:00:00+00:00
[2026-07-25T21:44:52.886+0000] {processor.py:208} INFO - Processing /opt/airflow/dags/flex_eau_pipeline.py took 0.142 seconds
[2026-07-25T21:45:23.265+0000] {processor.py:186} INFO - Started process (PID=5107) to work on /opt/airflow/dags/flex_eau_pipeline.py
[2026-07-25T21:45:23.266+0000] {processor.py:914} INFO - Processing file /opt/airflow/dags/flex_eau_pipeline.py for tasks to queue
[2026-07-25T21:45:23.270+0000] {logging_mixin.py:190} INFO - [2026-07-25T21:45:23.269+0000] {dagbag.py:587} INFO - Filling up the DagBag from /opt/airflow/dags/flex_eau_pipeline.py
[2026-07-25T21:45:23.300+0000] {processor.py:925} INFO - DAG(s) 'flex_eau_pipeline' retrieved from /opt/airflow/dags/flex_eau_pipeline.py
[2026-07-25T21:45:23.341+0000] {logging_mixin.py:190} INFO - [2026-07-25T21:45:23.341+0000] {dag.py:3211} INFO - Sync 1 DAGs
[2026-07-25T21:45:23.368+0000] {logging_mixin.py:190} INFO - [2026-07-25T21:45:23.368+0000] {dag.py:4138} INFO - Setting next_dagrun for flex_eau_pipeline to 2026-07-25 00:00:00+00:00, run_after=2026-07-26 00:00:00+00:00
[2026-07-25T21:45:23.395+0000] {processor.py:208} INFO - Processing /opt/airflow/dags/flex_eau_pipeline.py took 0.137 seconds
[2026-07-25T21:45:53.605+0000] {processor.py:186} INFO - Started process (PID=5112) to work on /opt/airflow/dags/flex_eau_pipeline.py
[2026-07-25T21:45:53.607+0000] {processor.py:914} INFO - Processing file /opt/airflow/dags/flex_eau_pipeline.py for tasks to queue
[2026-07-25T21:45:53.609+0000] {logging_mixin.py:190} INFO - [2026-07-25T21:45:53.609+0000] {dagbag.py:587} INFO - Filling up the DagBag from /opt/airflow/dags/flex_eau_pipeline.py
[2026-07-25T21:45:53.639+0000] {processor.py:925} INFO - DAG(s) 'flex_eau_pipeline' retrieved from /opt/airflow/dags/flex_eau_pipeline.py
[2026-07-25T21:45:53.679+0000] {logging_mixin.py:190} INFO - [2026-07-25T21:45:53.679+0000] {dag.py:3211} INFO - Sync 1 DAGs
[2026-07-25T21:45:53.707+0000] {logging_mixin.py:190} INFO - [2026-07-25T21:45:53.706+0000] {dag.py:4138} INFO - Setting next_dagrun for flex_eau_pipeline to 2026-07-25 00:00:00+00:00, run_after=2026-07-26 00:00:00+00:00
[2026-07-25T21:45:53.733+0000] {processor.py:208} INFO - Processing /opt/airflow/dags/flex_eau_pipeline.py took 0.135 seconds
[2026-07-25T21:46:23.970+0000] {processor.py:186} INFO - Started process (PID=5117) to work on /opt/airflow/dags/flex_eau_pipeline.py
[2026-07-25T21:46:23.971+0000] {processor.py:914} INFO - Processing file /opt/airflow/dags/flex_eau_pipeline.py for tasks to queue
[2026-07-25T21:46:23.974+0000] {logging_mixin.py:190} INFO - [2026-07-25T21:46:23.974+0000] {dagbag.py:587} INFO - Filling up the DagBag from /opt/airflow/dags/flex_eau_pipeline.py
[2026-07-25T21:46:24.011+0000] {processor.py:925} INFO - DAG(s) 'flex_eau_pipeline' retrieved from /opt/airflow/dags/flex_eau_pipeline.py
[2026-07-25T21:46:24.053+0000] {logging_mixin.py:190} INFO - [2026-07-25T21:46:24.052+0000] {dag.py:3211} INFO - Sync 1 DAGs
[2026-07-25T21:46:24.079+0000] {logging_mixin.py:190} INFO - [2026-07-25T21:46:24.079+0000] {dag.py:4138} INFO - Setting next_dagrun for flex_eau_pipeline to 2026-07-25 00:00:00+00:00, run_after=2026-07-26 00:00:00+00:00
[2026-07-25T21:46:24.107+0000] {processor.py:208} INFO - Processing /opt/airflow/dags/flex_eau_pipeline.py took 0.145 seconds
[2026-07-25T21:46:54.237+0000] {processor.py:186} INFO - Started process (PID=5122) to work on /opt/airflow/dags/flex_eau_pipeline.py
[2026-07-25T21:46:54.238+0000] {processor.py:914} INFO - Processing file /opt/airflow/dags/flex_eau_pipeline.py for tasks to queue
[2026-07-25T21:46:54.243+0000] {logging_mixin.py:190} INFO - [2026-07-25T21:46:54.242+0000] {dagbag.py:587} INFO - Filling up the DagBag from /opt/airflow/dags/flex_eau_pipeline.py
[2026-07-25T21:46:54.275+0000] {processor.py:925} INFO - DAG(s) 'flex_eau_pipeline' retrieved from /opt/airflow/dags/flex_eau_pipeline.py
[2026-07-25T21:46:54.319+0000] {logging_mixin.py:190} INFO - [2026-07-25T21:46:54.319+0000] {dag.py:3211} INFO - Sync 1 DAGs
[2026-07-25T21:46:54.353+0000] {logging_mixin.py:190} INFO - [2026-07-25T21:46:54.352+0000] {dag.py:4138} INFO - Setting next_dagrun for flex_eau_pipeline to 2026-07-25 00:00:00+00:00, run_after=2026-07-26 00:00:00+00:00
[2026-07-25T21:46:54.381+0000] {processor.py:208} INFO - Processing /opt/airflow/dags/flex_eau_pipeline.py took 0.151 seconds
[2026-07-25T21:47:24.596+0000] {processor.py:186} INFO - Started process (PID=5127) to work on /opt/airflow/dags/flex_eau_pipeline.py
[2026-07-25T21:47:24.597+0000] {processor.py:914} INFO - Processing file /opt/airflow/dags/flex_eau_pipeline.py for tasks to queue
[2026-07-25T21:47:24.600+0000] {logging_mixin.py:190} INFO - [2026-07-25T21:47:24.600+0000] {dagbag.py:587} INFO - Filling up the DagBag from /opt/airflow/dags/flex_eau_pipeline.py
[2026-07-25T21:47:24.629+0000] {processor.py:925} INFO - DAG(s) 'flex_eau_pipeline' retrieved from /opt/airflow/dags/flex_eau_pipeline.py
[2026-07-25T21:47:24.673+0000] {logging_mixin.py:190} INFO - [2026-07-25T21:47:24.673+0000] {dag.py:3211} INFO - Sync 1 DAGs
[2026-07-25T21:47:24.701+0000] {logging_mixin.py:190} INFO - [2026-07-25T21:47:24.701+0000] {dag.py:4138} INFO - Setting next_dagrun for flex_eau_pipeline to 2026-07-25 00:00:00+00:00, run_after=2026-07-26 00:00:00+00:00
[2026-07-25T21:47:24.728+0000] {processor.py:208} INFO - Processing /opt/airflow/dags/flex_eau_pipeline.py took 0.143 seconds
[2026-07-25T21:47:55.003+0000] {processor.py:186} INFO - Started process (PID=5132) to work on /opt/airflow/dags/flex_eau_pipeline.py
[2026-07-25T21:47:55.004+0000] {processor.py:914} INFO - Processing file /opt/airflow/dags/flex_eau_pipeline.py for tasks to queue
[2026-07-25T21:47:55.007+0000] {logging_mixin.py:190} INFO - [2026-07-25T21:47:55.006+0000] {dagbag.py:587} INFO - Filling up the DagBag from /opt/airflow/dags/flex_eau_pipeline.py
[2026-07-25T21:47:55.040+0000] {processor.py:925} INFO - DAG(s) 'flex_eau_pipeline' retrieved from /opt/airflow/dags/flex_eau_pipeline.py
[2026-07-25T21:47:55.083+0000] {logging_mixin.py:190} INFO - [2026-07-25T21:47:55.083+0000] {dag.py:3211} INFO - Sync 1 DAGs
[2026-07-25T21:47:55.110+0000] {logging_mixin.py:190} INFO - [2026-07-25T21:47:55.109+0000] {dag.py:4138} INFO - Setting next_dagrun for flex_eau_pipeline to 2026-07-25 00:00:00+00:00, run_after=2026-07-26 00:00:00+00:00
[2026-07-25T21:47:55.137+0000] {processor.py:208} INFO - Processing /opt/airflow/dags/flex_eau_pipeline.py took 0.141 seconds
[2026-07-25T21:48:25.267+0000] {processor.py:186} INFO - Started process (PID=5137) to work on /opt/airflow/dags/flex_eau_pipeline.py
[2026-07-25T21:48:25.268+0000] {processor.py:914} INFO - Processing file /opt/airflow/dags/flex_eau_pipeline.py for tasks to queue
[2026-07-25T21:48:25.271+0000] {logging_mixin.py:190} INFO - [2026-07-25T21:48:25.270+0000] {dagbag.py:587} INFO - Filling up the DagBag from /opt/airflow/dags/flex_eau_pipeline.py
[2026-07-25T21:48:25.298+0000] {processor.py:925} INFO - DAG(s) 'flex_eau_pipeline' retrieved from /opt/airflow/dags/flex_eau_pipeline.py
[2026-07-25T21:48:25.342+0000] {logging_mixin.py:190} INFO - [2026-07-25T21:48:25.342+0000] {dag.py:3211} INFO - Sync 1 DAGs
[2026-07-25T21:48:25.373+0000] {logging_mixin.py:190} INFO - [2026-07-25T21:48:25.373+0000] {dag.py:4138} INFO - Setting next_dagrun for flex_eau_pipeline to 2026-07-25 00:00:00+00:00, run_after=2026-07-26 00:00:00+00:00
[2026-07-25T21:48:25.397+0000] {processor.py:208} INFO - Processing /opt/airflow/dags/flex_eau_pipeline.py took 0.138 seconds
[2026-07-25T21:48:55.733+0000] {processor.py:186} INFO - Started process (PID=5142) to work on /opt/airflow/dags/flex_eau_pipeline.py
[2026-07-25T21:48:55.735+0000] {processor.py:914} INFO - Processing file /opt/airflow/dags/flex_eau_pipeline.py for tasks to queue
[2026-07-25T21:48:55.737+0000] {logging_mixin.py:190} INFO - [2026-07-25T21:48:55.737+0000] {dagbag.py:587} INFO - Filling up the DagBag from /opt/airflow/dags/flex_eau_pipeline.py
[2026-07-25T21:48:55.768+0000] {processor.py:925} INFO - DAG(s) 'flex_eau_pipeline' retrieved from /opt/airflow/dags/flex_eau_pipeline.py
[2026-07-25T21:48:55.810+0000] {logging_mixin.py:190} INFO - [2026-07-25T21:48:55.810+0000] {dag.py:3211} INFO - Sync 1 DAGs
[2026-07-25T21:48:55.837+0000] {logging_mixin.py:190} INFO - [2026-07-25T21:48:55.837+0000] {dag.py:4138} INFO - Setting next_dagrun for flex_eau_pipeline to 2026-07-25 00:00:00+00:00, run_after=2026-07-26 00:00:00+00:00
[2026-07-25T21:48:55.863+0000] {processor.py:208} INFO - Processing /opt/airflow/dags/flex_eau_pipeline.py took 0.137 seconds
[2026-07-25T21:49:26.022+0000] {processor.py:186} INFO - Started process (PID=5147) to work on /opt/airflow/dags/flex_eau_pipeline.py
[2026-07-25T21:49:26.024+0000] {processor.py:914} INFO - Processing file /opt/airflow/dags/flex_eau_pipeline.py for tasks to queue
[2026-07-25T21:49:26.027+0000] {logging_mixin.py:190} INFO - [2026-07-25T21:49:26.027+0000] {dagbag.py:587} INFO - Filling up the DagBag from /opt/airflow/dags/flex_eau_pipeline.py
[2026-07-25T21:49:26.060+0000] {processor.py:925} INFO - DAG(s) 'flex_eau_pipeline' retrieved from /opt/airflow/dags/flex_eau_pipeline.py
[2026-07-25T21:49:26.102+0000] {logging_mixin.py:190} INFO - [2026-07-25T21:49:26.102+0000] {dag.py:3211} INFO - Sync 1 DAGs
[2026-07-25T21:49:26.130+0000] {logging_mixin.py:190} INFO - [2026-07-25T21:49:26.130+0000] {dag.py:4138} INFO - Setting next_dagrun for flex_eau_pipeline to 2026-07-25 00:00:00+00:00, run_after=2026-07-26 00:00:00+00:00
[2026-07-25T21:49:26.153+0000] {processor.py:208} INFO - Processing /opt/airflow/dags/flex_eau_pipeline.py took 0.138 seconds
[2026-07-25T21:49:56.389+0000] {processor.py:186} INFO - Started process (PID=5152) to work on /opt/airflow/dags/flex_eau_pipeline.py
[2026-07-25T21:49:56.390+0000] {processor.py:914} INFO - Processing file /opt/airflow/dags/flex_eau_pipeline.py for tasks to queue
[2026-07-25T21:49:56.393+0000] {logging_mixin.py:190} INFO - [2026-07-25T21:49:56.393+0000] {dagbag.py:587} INFO - Filling up the DagBag from /opt/airflow/dags/flex_eau_pipeline.py
[2026-07-25T21:49:56.422+0000] {processor.py:925} INFO - DAG(s) 'flex_eau_pipeline' retrieved from /opt/airflow/dags/flex_eau_pipeline.py
[2026-07-25T21:49:56.469+0000] {logging_mixin.py:190} INFO - [2026-07-25T21:49:56.469+0000] {dag.py:3211} INFO - Sync 1 DAGs
[2026-07-25T21:49:56.502+0000] {logging_mixin.py:190} INFO - [2026-07-25T21:49:56.502+0000] {dag.py:4138} INFO - Setting next_dagrun for flex_eau_pipeline to 2026-07-25 00:00:00+00:00, run_after=2026-07-26 00:00:00+00:00
[2026-07-25T21:49:56.528+0000] {processor.py:208} INFO - Processing /opt/airflow/dags/flex_eau_pipeline.py took 0.146 seconds
[2026-07-25T21:50:26.714+0000] {processor.py:186} INFO - Started process (PID=5157) to work on /opt/airflow/dags/flex_eau_pipeline.py
[2026-07-25T21:50:26.715+0000] {processor.py:914} INFO - Processing file /opt/airflow/dags/flex_eau_pipeline.py for tasks to queue
[2026-07-25T21:50:26.718+0000] {logging_mixin.py:190} INFO - [2026-07-25T21:50:26.717+0000] {dagbag.py:587} INFO - Filling up the DagBag from /opt/airflow/dags/flex_eau_pipeline.py
[2026-07-25T21:50:26.750+0000] {processor.py:925} INFO - DAG(s) 'flex_eau_pipeline' retrieved from /opt/airflow/dags/flex_eau_pipeline.py
[2026-07-25T21:50:26.796+0000] {logging_mixin.py:190} INFO - [2026-07-25T21:50:26.796+0000] {dag.py:3211} INFO - Sync 1 DAGs
[2026-07-25T21:50:26.827+0000] {logging_mixin.py:190} INFO - [2026-07-25T21:50:26.827+0000] {dag.py:4138} INFO - Setting next_dagrun for flex_eau_pipeline to 2026-07-25 00:00:00+00:00, run_after=2026-07-26 00:00:00+00:00
[2026-07-25T21:50:26.852+0000] {processor.py:208} INFO - Processing /opt/airflow/dags/flex_eau_pipeline.py took 0.145 seconds
[2026-07-25T21:50:57.301+0000] {processor.py:186} INFO - Started process (PID=5162) to work on /opt/airflow/dags/flex_eau_pipeline.py
[2026-07-25T21:50:57.304+0000] {processor.py:914} INFO - Processing file /opt/airflow/dags/flex_eau_pipeline.py for tasks to queue
[2026-07-25T21:50:57.310+0000] {logging_mixin.py:190} INFO - [2026-07-25T21:50:57.309+0000] {dagbag.py:587} INFO - Filling up the DagBag from /opt/airflow/dags/flex_eau_pipeline.py
[2026-07-25T21:50:57.391+0000] {processor.py:925} INFO - DAG(s) 'flex_eau_pipeline' retrieved from /opt/airflow/dags/flex_eau_pipeline.py
[2026-07-25T21:50:57.515+0000] {logging_mixin.py:190} INFO - [2026-07-25T21:50:57.514+0000] {dag.py:3211} INFO - Sync 1 DAGs
[2026-07-25T21:50:57.605+0000] {logging_mixin.py:190} INFO - [2026-07-25T21:50:57.604+0000] {dag.py:4138} INFO - Setting next_dagrun for flex_eau_pipeline to 2026-07-25 00:00:00+00:00, run_after=2026-07-26 00:00:00+00:00
[2026-07-25T21:50:57.673+0000] {processor.py:208} INFO - Processing /opt/airflow/dags/flex_eau_pipeline.py took 0.392 seconds
[2026-07-25T21:51:27.990+0000] {processor.py:186} INFO - Started process (PID=5167) to work on /opt/airflow/dags/flex_eau_pipeline.py
[2026-07-25T21:51:27.994+0000] {processor.py:914} INFO - Processing file /opt/airflow/dags/flex_eau_pipeline.py for tasks to queue
[2026-07-25T21:51:28.005+0000] {logging_mixin.py:190} INFO - [2026-07-25T21:51:28.004+0000] {dagbag.py:587} INFO - Filling up the DagBag from /opt/airflow/dags/flex_eau_pipeline.py
[2026-07-25T21:51:28.104+0000] {processor.py:925} INFO - DAG(s) 'flex_eau_pipeline' retrieved from /opt/airflow/dags/flex_eau_pipeline.py
[2026-07-25T21:51:28.231+0000] {logging_mixin.py:190} INFO - [2026-07-25T21:51:28.231+0000] {dag.py:3211} INFO - Sync 1 DAGs
[2026-07-25T21:51:28.308+0000] {logging_mixin.py:190} INFO - [2026-07-25T21:51:28.307+0000] {dag.py:4138} INFO - Setting next_dagrun for flex_eau_pipeline to 2026-07-25 00:00:00+00:00, run_after=2026-07-26 00:00:00+00:00
[2026-07-25T21:51:28.343+0000] {processor.py:208} INFO - Processing /opt/airflow/dags/flex_eau_pipeline.py took 0.379 seconds
[2026-07-25T21:51:59.166+0000] {processor.py:186} INFO - Started process (PID=5172) to work on /opt/airflow/dags/flex_eau_pipeline.py
[2026-07-25T21:51:59.171+0000] {processor.py:914} INFO - Processing file /opt/airflow/dags/flex_eau_pipeline.py for tasks to queue
[2026-07-25T21:51:59.184+0000] {logging_mixin.py:190} INFO - [2026-07-25T21:51:59.183+0000] {dagbag.py:587} INFO - Filling up the DagBag from /opt/airflow/dags/flex_eau_pipeline.py
[2026-07-25T21:51:59.332+0000] {processor.py:925} INFO - DAG(s) 'flex_eau_pipeline' retrieved from /opt/airflow/dags/flex_eau_pipeline.py
[2026-07-25T21:51:59.388+0000] {logging_mixin.py:190} INFO - [2026-07-25T21:51:59.388+0000] {dag.py:3211} INFO - Sync 1 DAGs
[2026-07-25T21:51:59.425+0000] {logging_mixin.py:190} INFO - [2026-07-25T21:51:59.424+0000] {dag.py:4138} INFO - Setting next_dagrun for flex_eau_pipeline to 2026-07-25 00:00:00+00:00, run_after=2026-07-26 00:00:00+00:00
[2026-07-25T21:51:59.455+0000] {processor.py:208} INFO - Processing /opt/airflow/dags/flex_eau_pipeline.py took 0.321 seconds
[2026-07-25T21:52:29.865+0000] {processor.py:186} INFO - Started process (PID=5177) to work on /opt/airflow/dags/flex_eau_pipeline.py
[2026-07-25T21:52:29.868+0000] {processor.py:914} INFO - Processing file /opt/airflow/dags/flex_eau_pipeline.py for tasks to queue
[2026-07-25T21:52:29.874+0000] {logging_mixin.py:190} INFO - [2026-07-25T21:52:29.873+0000] {dagbag.py:587} INFO - Filling up the DagBag from /opt/airflow/dags/flex_eau_pipeline.py
[2026-07-25T21:52:29.951+0000] {processor.py:925} INFO - DAG(s) 'flex_eau_pipeline' retrieved from /opt/airflow/dags/flex_eau_pipeline.py
[2026-07-25T21:52:30.052+0000] {logging_mixin.py:190} INFO - [2026-07-25T21:52:30.051+0000] {dag.py:3211} INFO - Sync 1 DAGs
[2026-07-25T21:52:30.101+0000] {logging_mixin.py:190} INFO - [2026-07-25T21:52:30.100+0000] {dag.py:4138} INFO - Setting next_dagrun for flex_eau_pipeline to 2026-07-25 00:00:00+00:00, run_after=2026-07-26 00:00:00+00:00
[2026-07-25T21:52:30.148+0000] {processor.py:208} INFO - Processing /opt/airflow/dags/flex_eau_pipeline.py took 0.301 seconds
[2026-07-25T21:53:00.830+0000] {processor.py:186} INFO - Started process (PID=5182) to work on /opt/airflow/dags/flex_eau_pipeline.py
[2026-07-25T21:53:00.832+0000] {processor.py:914} INFO - Processing file /opt/airflow/dags/flex_eau_pipeline.py for tasks to queue
[2026-07-25T21:53:00.838+0000] {logging_mixin.py:190} INFO - [2026-07-25T21:53:00.838+0000] {dagbag.py:587} INFO - Filling up the DagBag from /opt/airflow/dags/flex_eau_pipeline.py
[2026-07-25T21:53:00.921+0000] {processor.py:925} INFO - DAG(s) 'flex_eau_pipeline' retrieved from /opt/airflow/dags/flex_eau_pipeline.py
[2026-07-25T21:53:01.001+0000] {logging_mixin.py:190} INFO - [2026-07-25T21:53:01.001+0000] {dag.py:3211} INFO - Sync 1 DAGs
[2026-07-25T21:53:01.049+0000] {logging_mixin.py:190} INFO - [2026-07-25T21:53:01.049+0000] {dag.py:4138} INFO - Setting next_dagrun for flex_eau_pipeline to 2026-07-25 00:00:00+00:00, run_after=2026-07-26 00:00:00+00:00
[2026-07-25T21:53:01.092+0000] {processor.py:208} INFO - Processing /opt/airflow/dags/flex_eau_pipeline.py took 0.280 seconds
[2026-07-25T21:53:31.438+0000] {processor.py:186} INFO - Started process (PID=5187) to work on /opt/airflow/dags/flex_eau_pipeline.py
[2026-07-25T21:53:31.441+0000] {processor.py:914} INFO - Processing file /opt/airflow/dags/flex_eau_pipeline.py for tasks to queue
[2026-07-25T21:53:31.449+0000] {logging_mixin.py:190} INFO - [2026-07-25T21:53:31.448+0000] {dagbag.py:587} INFO - Filling up the DagBag from /opt/airflow/dags/flex_eau_pipeline.py
[2026-07-25T21:53:31.545+0000] {processor.py:925} INFO - DAG(s) 'flex_eau_pipeline' retrieved from /opt/airflow/dags/flex_eau_pipeline.py
[2026-07-25T21:53:31.667+0000] {logging_mixin.py:190} INFO - [2026-07-25T21:53:31.666+0000] {dag.py:3211} INFO - Sync 1 DAGs
[2026-07-25T21:53:31.719+0000] {logging_mixin.py:190} INFO - [2026-07-25T21:53:31.719+0000] {dag.py:4138} INFO - Setting next_dagrun for flex_eau_pipeline to 2026-07-25 00:00:00+00:00, run_after=2026-07-26 00:00:00+00:00
[2026-07-25T21:53:31.768+0000] {processor.py:208} INFO - Processing /opt/airflow/dags/flex_eau_pipeline.py took 0.355 seconds
[2026-07-25T21:54:02.373+0000] {processor.py:186} INFO - Started process (PID=5192) to work on /opt/airflow/dags/flex_eau_pipeline.py
[2026-07-25T21:54:02.375+0000] {processor.py:914} INFO - Processing file /opt/airflow/dags/flex_eau_pipeline.py for tasks to queue
[2026-07-25T21:54:02.378+0000] {logging_mixin.py:190} INFO - [2026-07-25T21:54:02.378+0000] {dagbag.py:587} INFO - Filling up the DagBag from /opt/airflow/dags/flex_eau_pipeline.py
[2026-07-25T21:54:02.411+0000] {processor.py:925} INFO - DAG(s) 'flex_eau_pipeline' retrieved from /opt/airflow/dags/flex_eau_pipeline.py
[2026-07-25T21:54:02.459+0000] {logging_mixin.py:190} INFO - [2026-07-25T21:54:02.458+0000] {dag.py:3211} INFO - Sync 1 DAGs
[2026-07-25T21:54:02.501+0000] {logging_mixin.py:190} INFO - [2026-07-25T21:54:02.500+0000] {dag.py:4138} INFO - Setting next_dagrun for flex_eau_pipeline to 2026-07-25 00:00:00+00:00, run_after=2026-07-26 00:00:00+00:00
[2026-07-25T21:54:02.563+0000] {processor.py:208} INFO - Processing /opt/airflow/dags/flex_eau_pipeline.py took 0.199 seconds
[2026-07-25T21:54:33.326+0000] {processor.py:186} INFO - Started process (PID=5197) to work on /opt/airflow/dags/flex_eau_pipeline.py
[2026-07-25T21:54:33.331+0000] {processor.py:914} INFO - Processing file /opt/airflow/dags/flex_eau_pipeline.py for tasks to queue
[2026-07-25T21:54:33.339+0000] {logging_mixin.py:190} INFO - [2026-07-25T21:54:33.338+0000] {dagbag.py:587} INFO - Filling up the DagBag from /opt/airflow/dags/flex_eau_pipeline.py
[2026-07-25T21:54:33.404+0000] {processor.py:925} INFO - DAG(s) 'flex_eau_pipeline' retrieved from /opt/airflow/dags/flex_eau_pipeline.py
[2026-07-25T21:54:33.511+0000] {logging_mixin.py:190} INFO - [2026-07-25T21:54:33.510+0000] {dag.py:3211} INFO - Sync 1 DAGs
[2026-07-25T21:54:33.584+0000] {logging_mixin.py:190} INFO - [2026-07-25T21:54:33.583+0000] {dag.py:4138} INFO - Setting next_dagrun for flex_eau_pipeline to 2026-07-25 00:00:00+00:00, run_after=2026-07-26 00:00:00+00:00
[2026-07-25T21:54:33.637+0000] {processor.py:208} INFO - Processing /opt/airflow/dags/flex_eau_pipeline.py took 0.372 seconds
[2026-07-25T21:55:04.104+0000] {processor.py:186} INFO - Started process (PID=5202) to work on /opt/airflow/dags/flex_eau_pipeline.py
[2026-07-25T21:55:04.107+0000] {processor.py:914} INFO - Processing file /opt/airflow/dags/flex_eau_pipeline.py for tasks to queue
[2026-07-25T21:55:04.114+0000] {logging_mixin.py:190} INFO - [2026-07-25T21:55:04.113+0000] {dagbag.py:587} INFO - Filling up the DagBag from /opt/airflow/dags/flex_eau_pipeline.py
[2026-07-25T21:55:04.196+0000] {processor.py:925} INFO - DAG(s) 'flex_eau_pipeline' retrieved from /opt/airflow/dags/flex_eau_pipeline.py
[2026-07-25T21:55:04.305+0000] {logging_mixin.py:190} INFO - [2026-07-25T21:55:04.304+0000] {dag.py:3211} INFO - Sync 1 DAGs
[2026-07-25T21:55:04.380+0000] {logging_mixin.py:190} INFO - [2026-07-25T21:55:04.379+0000] {dag.py:4138} INFO - Setting next_dagrun for flex_eau_pipeline to 2026-07-25 00:00:00+00:00, run_after=2026-07-26 00:00:00+00:00
[2026-07-25T21:55:04.402+0000] {processor.py:208} INFO - Processing /opt/airflow/dags/flex_eau_pipeline.py took 0.363 seconds
[2026-07-25T21:55:34.951+0000] {processor.py:186} INFO - Started process (PID=5207) to work on /opt/airflow/dags/flex_eau_pipeline.py
[2026-07-25T21:55:34.953+0000] {processor.py:914} INFO - Processing file /opt/airflow/dags/flex_eau_pipeline.py for tasks to queue
[2026-07-25T21:55:34.960+0000] {logging_mixin.py:190} INFO - [2026-07-25T21:55:34.960+0000] {dagbag.py:587} INFO - Filling up the DagBag from /opt/airflow/dags/flex_eau_pipeline.py
[2026-07-25T21:55:34.999+0000] {processor.py:925} INFO - DAG(s) 'flex_eau_pipeline' retrieved from /opt/airflow/dags/flex_eau_pipeline.py
[2026-07-25T21:55:35.060+0000] {logging_mixin.py:190} INFO - [2026-07-25T21:55:35.059+0000] {dag.py:3211} INFO - Sync 1 DAGs
[2026-07-25T21:55:35.106+0000] {logging_mixin.py:190} INFO - [2026-07-25T21:55:35.105+0000] {dag.py:4138} INFO - Setting next_dagrun for flex_eau_pipeline to 2026-07-25 00:00:00+00:00, run_after=2026-07-26 00:00:00+00:00
[2026-07-25T21:55:35.137+0000] {processor.py:208} INFO - Processing /opt/airflow/dags/flex_eau_pipeline.py took 0.199 seconds
[2026-07-25T21:56:05.728+0000] {processor.py:186} INFO - Started process (PID=5212) to work on /opt/airflow/dags/flex_eau_pipeline.py
[2026-07-25T21:56:05.730+0000] {processor.py:914} INFO - Processing file /opt/airflow/dags/flex_eau_pipeline.py for tasks to queue
[2026-07-25T21:56:05.734+0000] {logging_mixin.py:190} INFO - [2026-07-25T21:56:05.733+0000] {dagbag.py:587} INFO - Filling up the DagBag from /opt/airflow/dags/flex_eau_pipeline.py
[2026-07-25T21:56:05.789+0000] {processor.py:925} INFO - DAG(s) 'flex_eau_pipeline' retrieved from /opt/airflow/dags/flex_eau_pipeline.py
[2026-07-25T21:56:05.861+0000] {logging_mixin.py:190} INFO - [2026-07-25T21:56:05.860+0000] {dag.py:3211} INFO - Sync 1 DAGs
[2026-07-25T21:56:05.921+0000] {logging_mixin.py:190} INFO - [2026-07-25T21:56:05.921+0000] {dag.py:4138} INFO - Setting next_dagrun for flex_eau_pipeline to 2026-07-25 00:00:00+00:00, run_after=2026-07-26 00:00:00+00:00
[2026-07-25T21:56:05.974+0000] {processor.py:208} INFO - Processing /opt/airflow/dags/flex_eau_pipeline.py took 0.259 seconds
[2026-07-25T21:56:36.692+0000] {processor.py:186} INFO - Started process (PID=5217) to work on /opt/airflow/dags/flex_eau_pipeline.py
[2026-07-25T21:56:36.695+0000] {processor.py:914} INFO - Processing file /opt/airflow/dags/flex_eau_pipeline.py for tasks to queue
[2026-07-25T21:56:36.701+0000] {logging_mixin.py:190} INFO - [2026-07-25T21:56:36.700+0000] {dagbag.py:587} INFO - Filling up the DagBag from /opt/airflow/dags/flex_eau_pipeline.py
[2026-07-25T21:56:36.747+0000] {processor.py:925} INFO - DAG(s) 'flex_eau_pipeline' retrieved from /opt/airflow/dags/flex_eau_pipeline.py
[2026-07-25T21:56:36.833+0000] {logging_mixin.py:190} INFO - [2026-07-25T21:56:36.832+0000] {dag.py:3211} INFO - Sync 1 DAGs
[2026-07-25T21:56:36.935+0000] {logging_mixin.py:190} INFO - [2026-07-25T21:56:36.935+0000] {dag.py:4138} INFO - Setting next_dagrun for flex_eau_pipeline to 2026-07-25 00:00:00+00:00, run_after=2026-07-26 00:00:00+00:00
[2026-07-25T21:56:36.994+0000] {processor.py:208} INFO - Processing /opt/airflow/dags/flex_eau_pipeline.py took 0.342 seconds
[2026-07-25T21:57:07.341+0000] {processor.py:186} INFO - Started process (PID=5222) to work on /opt/airflow/dags/flex_eau_pipeline.py
[2026-07-25T21:57:07.344+0000] {processor.py:914} INFO - Processing file /opt/airflow/dags/flex_eau_pipeline.py for tasks to queue
[2026-07-25T21:57:07.353+0000] {logging_mixin.py:190} INFO - [2026-07-25T21:57:07.352+0000] {dagbag.py:587} INFO - Filling up the DagBag from /opt/airflow/dags/flex_eau_pipeline.py
[2026-07-25T21:57:07.442+0000] {processor.py:925} INFO - DAG(s) 'flex_eau_pipeline' retrieved from /opt/airflow/dags/flex_eau_pipeline.py
[2026-07-25T21:57:07.510+0000] {logging_mixin.py:190} INFO - [2026-07-25T21:57:07.510+0000] {dag.py:3211} INFO - Sync 1 DAGs
[2026-07-25T21:57:07.553+0000] {logging_mixin.py:190} INFO - [2026-07-25T21:57:07.553+0000] {dag.py:4138} INFO - Setting next_dagrun for flex_eau_pipeline to 2026-07-25 00:00:00+00:00, run_after=2026-07-26 00:00:00+00:00
[2026-07-25T21:57:07.588+0000] {processor.py:208} INFO - Processing /opt/airflow/dags/flex_eau_pipeline.py took 0.276 seconds
[2026-07-25T21:57:37.862+0000] {processor.py:186} INFO - Started process (PID=5227) to work on /opt/airflow/dags/flex_eau_pipeline.py
[2026-07-25T21:57:37.865+0000] {processor.py:914} INFO - Processing file /opt/airflow/dags/flex_eau_pipeline.py for tasks to queue
[2026-07-25T21:57:37.871+0000] {logging_mixin.py:190} INFO - [2026-07-25T21:57:37.870+0000] {dagbag.py:587} INFO - Filling up the DagBag from /opt/airflow/dags/flex_eau_pipeline.py
[2026-07-25T21:57:37.924+0000] {processor.py:925} INFO - DAG(s) 'flex_eau_pipeline' retrieved from /opt/airflow/dags/flex_eau_pipeline.py
[2026-07-25T21:57:38.004+0000] {logging_mixin.py:190} INFO - [2026-07-25T21:57:38.004+0000] {dag.py:3211} INFO - Sync 1 DAGs
[2026-07-25T21:57:38.051+0000] {logging_mixin.py:190} INFO - [2026-07-25T21:57:38.051+0000] {dag.py:4138} INFO - Setting next_dagrun for flex_eau_pipeline to 2026-07-25 00:00:00+00:00, run_after=2026-07-26 00:00:00+00:00
[2026-07-25T21:57:38.091+0000] {processor.py:208} INFO - Processing /opt/airflow/dags/flex_eau_pipeline.py took 0.246 seconds
[2026-07-25T21:58:08.559+0000] {processor.py:186} INFO - Started process (PID=5232) to work on /opt/airflow/dags/flex_eau_pipeline.py
[2026-07-25T21:58:08.561+0000] {processor.py:914} INFO - Processing file /opt/airflow/dags/flex_eau_pipeline.py for tasks to queue
[2026-07-25T21:58:08.568+0000] {logging_mixin.py:190} INFO - [2026-07-25T21:58:08.567+0000] {dagbag.py:587} INFO - Filling up the DagBag from /opt/airflow/dags/flex_eau_pipeline.py
[2026-07-25T21:58:08.622+0000] {processor.py:925} INFO - DAG(s) 'flex_eau_pipeline' retrieved from /opt/airflow/dags/flex_eau_pipeline.py
[2026-07-25T21:58:08.688+0000] {logging_mixin.py:190} INFO - [2026-07-25T21:58:08.687+0000] {dag.py:3211} INFO - Sync 1 DAGs
[2026-07-25T21:58:08.726+0000] {logging_mixin.py:190} INFO - [2026-07-25T21:58:08.726+0000] {dag.py:4138} INFO - Setting next_dagrun for flex_eau_pipeline to 2026-07-25 00:00:00+00:00, run_after=2026-07-26 00:00:00+00:00
[2026-07-25T21:58:08.770+0000] {processor.py:208} INFO - Processing /opt/airflow/dags/flex_eau_pipeline.py took 0.230 seconds
[2026-07-25T21:58:39.122+0000] {processor.py:186} INFO - Started process (PID=5237) to work on /opt/airflow/dags/flex_eau_pipeline.py
[2026-07-25T21:58:39.124+0000] {processor.py:914} INFO - Processing file /opt/airflow/dags/flex_eau_pipeline.py for tasks to queue
[2026-07-25T21:58:39.128+0000] {logging_mixin.py:190} INFO - [2026-07-25T21:58:39.128+0000] {dagbag.py:587} INFO - Filling up the DagBag from /opt/airflow/dags/flex_eau_pipeline.py
[2026-07-25T21:58:39.171+0000] {processor.py:925} INFO - DAG(s) 'flex_eau_pipeline' retrieved from /opt/airflow/dags/flex_eau_pipeline.py
[2026-07-25T21:58:39.237+0000] {logging_mixin.py:190} INFO - [2026-07-25T21:58:39.237+0000] {dag.py:3211} INFO - Sync 1 DAGs
[2026-07-25T21:58:39.276+0000] {logging_mixin.py:190} INFO - [2026-07-25T21:58:39.276+0000] {dag.py:4138} INFO - Setting next_dagrun for flex_eau_pipeline to 2026-07-25 00:00:00+00:00, run_after=2026-07-26 00:00:00+00:00
[2026-07-25T21:58:39.313+0000] {processor.py:208} INFO - Processing /opt/airflow/dags/flex_eau_pipeline.py took 0.206 seconds
[2026-07-25T21:59:09.717+0000] {processor.py:186} INFO - Started process (PID=5242) to work on /opt/airflow/dags/flex_eau_pipeline.py
[2026-07-25T21:59:09.719+0000] {processor.py:914} INFO - Processing file /opt/airflow/dags/flex_eau_pipeline.py for tasks to queue
[2026-07-25T21:59:09.725+0000] {logging_mixin.py:190} INFO - [2026-07-25T21:59:09.725+0000] {dagbag.py:587} INFO - Filling up the DagBag from /opt/airflow/dags/flex_eau_pipeline.py
[2026-07-25T21:59:09.805+0000] {processor.py:925} INFO - DAG(s) 'flex_eau_pipeline' retrieved from /opt/airflow/dags/flex_eau_pipeline.py
[2026-07-25T21:59:09.934+0000] {logging_mixin.py:190} INFO - [2026-07-25T21:59:09.933+0000] {dag.py:3211} INFO - Sync 1 DAGs
[2026-07-25T21:59:10.018+0000] {logging_mixin.py:190} INFO - [2026-07-25T21:59:10.018+0000] {dag.py:4138} INFO - Setting next_dagrun for flex_eau_pipeline to 2026-07-25 00:00:00+00:00, run_after=2026-07-26 00:00:00+00:00
[2026-07-25T21:59:10.069+0000] {processor.py:208} INFO - Processing /opt/airflow/dags/flex_eau_pipeline.py took 0.362 seconds
[2026-07-25T21:59:40.438+0000] {processor.py:186} INFO - Started process (PID=5247) to work on /opt/airflow/dags/flex_eau_pipeline.py
[2026-07-25T21:59:40.441+0000] {processor.py:914} INFO - Processing file /opt/airflow/dags/flex_eau_pipeline.py for tasks to queue
[2026-07-25T21:59:40.448+0000] {logging_mixin.py:190} INFO - [2026-07-25T21:59:40.447+0000] {dagbag.py:587} INFO - Filling up the DagBag from /opt/airflow/dags/flex_eau_pipeline.py
[2026-07-25T21:59:40.530+0000] {processor.py:925} INFO - DAG(s) 'flex_eau_pipeline' retrieved from /opt/airflow/dags/flex_eau_pipeline.py
[2026-07-25T21:59:40.597+0000] {logging_mixin.py:190} INFO - [2026-07-25T21:59:40.597+0000] {dag.py:3211} INFO - Sync 1 DAGs
[2026-07-25T21:59:40.645+0000] {logging_mixin.py:190} INFO - [2026-07-25T21:59:40.644+0000] {dag.py:4138} INFO - Setting next_dagrun for flex_eau_pipeline to 2026-07-25 00:00:00+00:00, run_after=2026-07-26 00:00:00+00:00
[2026-07-25T21:59:40.678+0000] {processor.py:208} INFO - Processing /opt/airflow/dags/flex_eau_pipeline.py took 0.259 seconds
[2026-07-25T22:00:11.132+0000] {processor.py:186} INFO - Started process (PID=5252) to work on /opt/airflow/dags/flex_eau_pipeline.py
[2026-07-25T22:00:11.134+0000] {processor.py:914} INFO - Processing file /opt/airflow/dags/flex_eau_pipeline.py for tasks to queue
[2026-07-25T22:00:11.138+0000] {logging_mixin.py:190} INFO - [2026-07-25T22:00:11.138+0000] {dagbag.py:587} INFO - Filling up the DagBag from /opt/airflow/dags/flex_eau_pipeline.py
[2026-07-25T22:00:11.178+0000] {processor.py:925} INFO - DAG(s) 'flex_eau_pipeline' retrieved from /opt/airflow/dags/flex_eau_pipeline.py
[2026-07-25T22:00:11.226+0000] {logging_mixin.py:190} INFO - [2026-07-25T22:00:11.226+0000] {dag.py:3211} INFO - Sync 1 DAGs
[2026-07-25T22:00:11.263+0000] {logging_mixin.py:190} INFO - [2026-07-25T22:00:11.262+0000] {dag.py:4138} INFO - Setting next_dagrun for flex_eau_pipeline to 2026-07-25 00:00:00+00:00, run_after=2026-07-26 00:00:00+00:00
[2026-07-25T22:00:11.302+0000] {processor.py:208} INFO - Processing /opt/airflow/dags/flex_eau_pipeline.py took 0.184 seconds
[2026-07-25T22:00:41.862+0000] {processor.py:186} INFO - Started process (PID=5257) to work on /opt/airflow/dags/flex_eau_pipeline.py
[2026-07-25T22:00:41.863+0000] {processor.py:914} INFO - Processing file /opt/airflow/dags/flex_eau_pipeline.py for tasks to queue
[2026-07-25T22:00:41.868+0000] {logging_mixin.py:190} INFO - [2026-07-25T22:00:41.867+0000] {dagbag.py:587} INFO - Filling up the DagBag from /opt/airflow/dags/flex_eau_pipeline.py
[2026-07-25T22:00:41.934+0000] {processor.py:925} INFO - DAG(s) 'flex_eau_pipeline' retrieved from /opt/airflow/dags/flex_eau_pipeline.py
[2026-07-25T22:00:42.020+0000] {logging_mixin.py:190} INFO - [2026-07-25T22:00:42.020+0000] {dag.py:3211} INFO - Sync 1 DAGs
[2026-07-25T22:00:42.066+0000] {logging_mixin.py:190} INFO - [2026-07-25T22:00:42.066+0000] {dag.py:4138} INFO - Setting next_dagrun for flex_eau_pipeline to 2026-07-25 00:00:00+00:00, run_after=2026-07-26 00:00:00+00:00
[2026-07-25T22:00:42.097+0000] {processor.py:208} INFO - Processing /opt/airflow/dags/flex_eau_pipeline.py took 0.244 seconds
[2026-07-25T22:01:12.492+0000] {processor.py:186} INFO - Started process (PID=5262) to work on /opt/airflow/dags/flex_eau_pipeline.py
[2026-07-25T22:01:12.496+0000] {processor.py:914} INFO - Processing file /opt/airflow/dags/flex_eau_pipeline.py for tasks to queue
[2026-07-25T22:01:12.503+0000] {logging_mixin.py:190} INFO - [2026-07-25T22:01:12.502+0000] {dagbag.py:587} INFO - Filling up the DagBag from /opt/airflow/dags/flex_eau_pipeline.py
[2026-07-25T22:01:12.595+0000] {processor.py:925} INFO - DAG(s) 'flex_eau_pipeline' retrieved from /opt/airflow/dags/flex_eau_pipeline.py
[2026-07-25T22:01:12.730+0000] {logging_mixin.py:190} INFO - [2026-07-25T22:01:12.729+0000] {dag.py:3211} INFO - Sync 1 DAGs
[2026-07-25T22:01:12.808+0000] {logging_mixin.py:190} INFO - [2026-07-25T22:01:12.808+0000] {dag.py:4138} INFO - Setting next_dagrun for flex_eau_pipeline to 2026-07-25 00:00:00+00:00, run_after=2026-07-26 00:00:00+00:00
[2026-07-25T22:01:12.876+0000] {processor.py:208} INFO - Processing /opt/airflow/dags/flex_eau_pipeline.py took 0.415 seconds
[2026-07-25T22:01:43.409+0000] {processor.py:186} INFO - Started process (PID=5267) to work on /opt/airflow/dags/flex_eau_pipeline.py
[2026-07-25T22:01:43.415+0000] {processor.py:914} INFO - Processing file /opt/airflow/dags/flex_eau_pipeline.py for tasks to queue
[2026-07-25T22:01:43.432+0000] {logging_mixin.py:190} INFO - [2026-07-25T22:01:43.431+0000] {dagbag.py:587} INFO - Filling up the DagBag from /opt/airflow/dags/flex_eau_pipeline.py
[2026-07-25T22:01:43.544+0000] {processor.py:925} INFO - DAG(s) 'flex_eau_pipeline' retrieved from /opt/airflow/dags/flex_eau_pipeline.py
[2026-07-25T22:01:43.599+0000] {logging_mixin.py:190} INFO - [2026-07-25T22:01:43.599+0000] {dag.py:3211} INFO - Sync 1 DAGs
[2026-07-25T22:01:43.635+0000] {logging_mixin.py:190} INFO - [2026-07-25T22:01:43.635+0000] {dag.py:4138} INFO - Setting next_dagrun for flex_eau_pipeline to 2026-07-25 00:00:00+00:00, run_after=2026-07-26 00:00:00+00:00
[2026-07-25T22:01:43.664+0000] {processor.py:208} INFO - Processing /opt/airflow/dags/flex_eau_pipeline.py took 0.293 seconds
[2026-07-25T22:02:14.438+0000] {processor.py:186} INFO - Started process (PID=5272) to work on /opt/airflow/dags/flex_eau_pipeline.py
[2026-07-25T22:02:14.446+0000] {processor.py:914} INFO - Processing file /opt/airflow/dags/flex_eau_pipeline.py for tasks to queue
[2026-07-25T22:02:14.463+0000] {logging_mixin.py:190} INFO - [2026-07-25T22:02:14.461+0000] {dagbag.py:587} INFO - Filling up the DagBag from /opt/airflow/dags/flex_eau_pipeline.py
[2026-07-25T22:02:14.586+0000] {processor.py:925} INFO - DAG(s) 'flex_eau_pipeline' retrieved from /opt/airflow/dags/flex_eau_pipeline.py
[2026-07-25T22:02:14.657+0000] {logging_mixin.py:190} INFO - [2026-07-25T22:02:14.656+0000] {dag.py:3211} INFO - Sync 1 DAGs
[2026-07-25T22:02:14.737+0000] {logging_mixin.py:190} INFO - [2026-07-25T22:02:14.736+0000] {dag.py:4138} INFO - Setting next_dagrun for flex_eau_pipeline to 2026-07-25 00:00:00+00:00, run_after=2026-07-26 00:00:00+00:00
[2026-07-25T22:02:14.796+0000] {processor.py:208} INFO - Processing /opt/airflow/dags/flex_eau_pipeline.py took 0.413 seconds
[2026-07-25T22:02:45.240+0000] {processor.py:186} INFO - Started process (PID=5277) to work on /opt/airflow/dags/flex_eau_pipeline.py
[2026-07-25T22:02:45.243+0000] {processor.py:914} INFO - Processing file /opt/airflow/dags/flex_eau_pipeline.py for tasks to queue
[2026-07-25T22:02:45.248+0000] {logging_mixin.py:190} INFO - [2026-07-25T22:02:45.248+0000] {dagbag.py:587} INFO - Filling up the DagBag from /opt/airflow/dags/flex_eau_pipeline.py
[2026-07-25T22:02:45.330+0000] {processor.py:925} INFO - DAG(s) 'flex_eau_pipeline' retrieved from /opt/airflow/dags/flex_eau_pipeline.py
[2026-07-25T22:02:45.401+0000] {logging_mixin.py:190} INFO - [2026-07-25T22:02:45.400+0000] {dag.py:3211} INFO - Sync 1 DAGs
[2026-07-25T22:02:45.459+0000] {logging_mixin.py:190} INFO - [2026-07-25T22:02:45.457+0000] {dag.py:4138} INFO - Setting next_dagrun for flex_eau_pipeline to 2026-07-25 00:00:00+00:00, run_after=2026-07-26 00:00:00+00:00
[2026-07-25T22:02:45.509+0000] {processor.py:208} INFO - Processing /opt/airflow/dags/flex_eau_pipeline.py took 0.338 seconds
[2026-07-25T22:03:15.828+0000] {processor.py:186} INFO - Started process (PID=5282) to work on /opt/airflow/dags/flex_eau_pipeline.py
[2026-07-25T22:03:15.831+0000] {processor.py:914} INFO - Processing file /opt/airflow/dags/flex_eau_pipeline.py for tasks to queue
[2026-07-25T22:03:15.837+0000] {logging_mixin.py:190} INFO - [2026-07-25T22:03:15.836+0000] {dagbag.py:587} INFO - Filling up the DagBag from /opt/airflow/dags/flex_eau_pipeline.py
[2026-07-25T22:03:15.913+0000] {processor.py:925} INFO - DAG(s) 'flex_eau_pipeline' retrieved from /opt/airflow/dags/flex_eau_pipeline.py
[2026-07-25T22:03:15.965+0000] {logging_mixin.py:190} INFO - [2026-07-25T22:03:15.965+0000] {dag.py:3211} INFO - Sync 1 DAGs
[2026-07-25T22:03:16.001+0000] {logging_mixin.py:190} INFO - [2026-07-25T22:03:16.000+0000] {dag.py:4138} INFO - Setting next_dagrun for flex_eau_pipeline to 2026-07-25 00:00:00+00:00, run_after=2026-07-26 00:00:00+00:00
[2026-07-25T22:03:16.033+0000] {processor.py:208} INFO - Processing /opt/airflow/dags/flex_eau_pipeline.py took 0.226 seconds
[2026-07-25T22:03:46.574+0000] {processor.py:186} INFO - Started process (PID=5287) to work on /opt/airflow/dags/flex_eau_pipeline.py
[2026-07-25T22:03:46.576+0000] {processor.py:914} INFO - Processing file /opt/airflow/dags/flex_eau_pipeline.py for tasks to queue
[2026-07-25T22:03:46.582+0000] {logging_mixin.py:190} INFO - [2026-07-25T22:03:46.581+0000] {dagbag.py:587} INFO - Filling up the DagBag from /opt/airflow/dags/flex_eau_pipeline.py
[2026-07-25T22:03:46.635+0000] {processor.py:925} INFO - DAG(s) 'flex_eau_pipeline' retrieved from /opt/airflow/dags/flex_eau_pipeline.py
[2026-07-25T22:03:46.710+0000] {logging_mixin.py:190} INFO - [2026-07-25T22:03:46.709+0000] {dag.py:3211} INFO - Sync 1 DAGs
[2026-07-25T22:03:46.763+0000] {logging_mixin.py:190} INFO - [2026-07-25T22:03:46.763+0000] {dag.py:4138} INFO - Setting next_dagrun for flex_eau_pipeline to 2026-07-25 00:00:00+00:00, run_after=2026-07-26 00:00:00+00:00
[2026-07-25T22:03:46.808+0000] {processor.py:208} INFO - Processing /opt/airflow/dags/flex_eau_pipeline.py took 0.251 seconds
[2026-07-25T22:04:17.567+0000] {processor.py:186} INFO - Started process (PID=5292) to work on /opt/airflow/dags/flex_eau_pipeline.py
[2026-07-25T22:04:17.570+0000] {processor.py:914} INFO - Processing file /opt/airflow/dags/flex_eau_pipeline.py for tasks to queue
[2026-07-25T22:04:17.575+0000] {logging_mixin.py:190} INFO - [2026-07-25T22:04:17.574+0000] {dagbag.py:587} INFO - Filling up the DagBag from /opt/airflow/dags/flex_eau_pipeline.py
[2026-07-25T22:04:17.639+0000] {processor.py:925} INFO - DAG(s) 'flex_eau_pipeline' retrieved from /opt/airflow/dags/flex_eau_pipeline.py
[2026-07-25T22:04:17.702+0000] {logging_mixin.py:190} INFO - [2026-07-25T22:04:17.702+0000] {dag.py:3211} INFO - Sync 1 DAGs
[2026-07-25T22:04:17.741+0000] {logging_mixin.py:190} INFO - [2026-07-25T22:04:17.741+0000] {dag.py:4138} INFO - Setting next_dagrun for flex_eau_pipeline to 2026-07-25 00:00:00+00:00, run_after=2026-07-26 00:00:00+00:00
[2026-07-25T22:04:17.772+0000] {processor.py:208} INFO - Processing /opt/airflow/dags/flex_eau_pipeline.py took 0.219 seconds
[2026-07-25T22:04:48.411+0000] {processor.py:186} INFO - Started process (PID=5297) to work on /opt/airflow/dags/flex_eau_pipeline.py
[2026-07-25T22:04:48.420+0000] {processor.py:914} INFO - Processing file /opt/airflow/dags/flex_eau_pipeline.py for tasks to queue
[2026-07-25T22:04:48.437+0000] {logging_mixin.py:190} INFO - [2026-07-25T22:04:48.435+0000] {dagbag.py:587} INFO - Filling up the DagBag from /opt/airflow/dags/flex_eau_pipeline.py
[2026-07-25T22:04:48.600+0000] {processor.py:925} INFO - DAG(s) 'flex_eau_pipeline' retrieved from /opt/airflow/dags/flex_eau_pipeline.py
[2026-07-25T22:04:48.785+0000] {logging_mixin.py:190} INFO - [2026-07-25T22:04:48.784+0000] {dag.py:3211} INFO - Sync 1 DAGs
[2026-07-25T22:04:48.870+0000] {logging_mixin.py:190} INFO - [2026-07-25T22:04:48.869+0000] {dag.py:4138} INFO - Setting next_dagrun for flex_eau_pipeline to 2026-07-25 00:00:00+00:00, run_after=2026-07-26 00:00:00+00:00
[2026-07-25T22:04:48.915+0000] {processor.py:208} INFO - Processing /opt/airflow/dags/flex_eau_pipeline.py took 0.538 seconds
[2026-07-25T22:05:19.183+0000] {processor.py:186} INFO - Started process (PID=5302) to work on /opt/airflow/dags/flex_eau_pipeline.py
[2026-07-25T22:05:19.186+0000] {processor.py:914} INFO - Processing file /opt/airflow/dags/flex_eau_pipeline.py for tasks to queue
[2026-07-25T22:05:19.193+0000] {logging_mixin.py:190} INFO - [2026-07-25T22:05:19.192+0000] {dagbag.py:587} INFO - Filling up the DagBag from /opt/airflow/dags/flex_eau_pipeline.py
[2026-07-25T22:05:19.261+0000] {processor.py:925} INFO - DAG(s) 'flex_eau_pipeline' retrieved from /opt/airflow/dags/flex_eau_pipeline.py
[2026-07-25T22:05:19.348+0000] {logging_mixin.py:190} INFO - [2026-07-25T22:05:19.348+0000] {dag.py:3211} INFO - Sync 1 DAGs
[2026-07-25T22:05:19.418+0000] {logging_mixin.py:190} INFO - [2026-07-25T22:05:19.418+0000] {dag.py:4138} INFO - Setting next_dagrun for flex_eau_pipeline to 2026-07-25 00:00:00+00:00, run_after=2026-07-26 00:00:00+00:00
[2026-07-25T22:05:19.479+0000] {processor.py:208} INFO - Processing /opt/airflow/dags/flex_eau_pipeline.py took 0.312 seconds
[2026-07-25T22:05:49.974+0000] {processor.py:186} INFO - Started process (PID=5307) to work on /opt/airflow/dags/flex_eau_pipeline.py
[2026-07-25T22:05:49.977+0000] {processor.py:914} INFO - Processing file /opt/airflow/dags/flex_eau_pipeline.py for tasks to queue
[2026-07-25T22:05:49.981+0000] {logging_mixin.py:190} INFO - [2026-07-25T22:05:49.980+0000] {dagbag.py:587} INFO - Filling up the DagBag from /opt/airflow/dags/flex_eau_pipeline.py
[2026-07-25T22:05:50.019+0000] {processor.py:925} INFO - DAG(s) 'flex_eau_pipeline' retrieved from /opt/airflow/dags/flex_eau_pipeline.py
[2026-07-25T22:05:50.072+0000] {logging_mixin.py:190} INFO - [2026-07-25T22:05:50.072+0000] {dag.py:3211} INFO - Sync 1 DAGs
[2026-07-25T22:05:50.109+0000] {logging_mixin.py:190} INFO - [2026-07-25T22:05:50.109+0000] {dag.py:4138} INFO - Setting next_dagrun for flex_eau_pipeline to 2026-07-25 00:00:00+00:00, run_after=2026-07-26 00:00:00+00:00
[2026-07-25T22:05:50.147+0000] {processor.py:208} INFO - Processing /opt/airflow/dags/flex_eau_pipeline.py took 0.185 seconds
[2026-07-25T22:06:21.005+0000] {processor.py:186} INFO - Started process (PID=5312) to work on /opt/airflow/dags/flex_eau_pipeline.py
[2026-07-25T22:06:21.008+0000] {processor.py:914} INFO - Processing file /opt/airflow/dags/flex_eau_pipeline.py for tasks to queue
[2026-07-25T22:06:21.020+0000] {logging_mixin.py:190} INFO - [2026-07-25T22:06:21.019+0000] {dagbag.py:587} INFO - Filling up the DagBag from /opt/airflow/dags/flex_eau_pipeline.py
[2026-07-25T22:06:21.089+0000] {processor.py:925} INFO - DAG(s) 'flex_eau_pipeline' retrieved from /opt/airflow/dags/flex_eau_pipeline.py
[2026-07-25T22:06:21.155+0000] {logging_mixin.py:190} INFO - [2026-07-25T22:06:21.154+0000] {dag.py:3211} INFO - Sync 1 DAGs
[2026-07-25T22:06:21.203+0000] {logging_mixin.py:190} INFO - [2026-07-25T22:06:21.203+0000] {dag.py:4138} INFO - Setting next_dagrun for flex_eau_pipeline to 2026-07-25 00:00:00+00:00, run_after=2026-07-26 00:00:00+00:00
[2026-07-25T22:06:21.246+0000] {processor.py:208} INFO - Processing /opt/airflow/dags/flex_eau_pipeline.py took 0.282 seconds
[2026-07-25T22:06:51.708+0000] {processor.py:186} INFO - Started process (PID=5317) to work on /opt/airflow/dags/flex_eau_pipeline.py
[2026-07-25T22:06:51.721+0000] {processor.py:914} INFO - Processing file /opt/airflow/dags/flex_eau_pipeline.py for tasks to queue
[2026-07-25T22:06:51.733+0000] {logging_mixin.py:190} INFO - [2026-07-25T22:06:51.724+0000] {dagbag.py:587} INFO - Filling up the DagBag from /opt/airflow/dags/flex_eau_pipeline.py
[2026-07-25T22:06:51.806+0000] {processor.py:925} INFO - DAG(s) 'flex_eau_pipeline' retrieved from /opt/airflow/dags/flex_eau_pipeline.py
[2026-07-25T22:06:51.921+0000] {logging_mixin.py:190} INFO - [2026-07-25T22:06:51.920+0000] {dag.py:3211} INFO - Sync 1 DAGs
[2026-07-25T22:06:52.008+0000] {logging_mixin.py:190} INFO - [2026-07-25T22:06:52.007+0000] {dag.py:4138} INFO - Setting next_dagrun for flex_eau_pipeline to 2026-07-25 00:00:00+00:00, run_after=2026-07-26 00:00:00+00:00
[2026-07-25T22:06:52.042+0000] {processor.py:208} INFO - Processing /opt/airflow/dags/flex_eau_pipeline.py took 0.366 seconds
[2026-07-25T22:07:22.590+0000] {processor.py:186} INFO - Started process (PID=5322) to work on /opt/airflow/dags/flex_eau_pipeline.py
[2026-07-25T22:07:22.594+0000] {processor.py:914} INFO - Processing file /opt/airflow/dags/flex_eau_pipeline.py for tasks to queue
[2026-07-25T22:07:22.600+0000] {logging_mixin.py:190} INFO - [2026-07-25T22:07:22.600+0000] {dagbag.py:587} INFO - Filling up the DagBag from /opt/airflow/dags/flex_eau_pipeline.py
[2026-07-25T22:07:22.714+0000] {processor.py:925} INFO - DAG(s) 'flex_eau_pipeline' retrieved from /opt/airflow/dags/flex_eau_pipeline.py
[2026-07-25T22:07:22.881+0000] {logging_mixin.py:190} INFO - [2026-07-25T22:07:22.880+0000] {dag.py:3211} INFO - Sync 1 DAGs
[2026-07-25T22:07:22.968+0000] {logging_mixin.py:190} INFO - [2026-07-25T22:07:22.967+0000] {dag.py:4138} INFO - Setting next_dagrun for flex_eau_pipeline to 2026-07-25 00:00:00+00:00, run_after=2026-07-26 00:00:00+00:00
[2026-07-25T22:07:23.038+0000] {processor.py:208} INFO - Processing /opt/airflow/dags/flex_eau_pipeline.py took 0.471 seconds
[2026-07-25T22:07:53.687+0000] {processor.py:186} INFO - Started process (PID=5327) to work on /opt/airflow/dags/flex_eau_pipeline.py
[2026-07-25T22:07:53.690+0000] {processor.py:914} INFO - Processing file /opt/airflow/dags/flex_eau_pipeline.py for tasks to queue
[2026-07-25T22:07:53.698+0000] {logging_mixin.py:190} INFO - [2026-07-25T22:07:53.697+0000] {dagbag.py:587} INFO - Filling up the DagBag from /opt/airflow/dags/flex_eau_pipeline.py
[2026-07-25T22:07:53.773+0000] {processor.py:925} INFO - DAG(s) 'flex_eau_pipeline' retrieved from /opt/airflow/dags/flex_eau_pipeline.py
[2026-07-25T22:07:53.870+0000] {logging_mixin.py:190} INFO - [2026-07-25T22:07:53.870+0000] {dag.py:3211} INFO - Sync 1 DAGs
[2026-07-25T22:07:53.957+0000] {logging_mixin.py:190} INFO - [2026-07-25T22:07:53.957+0000] {dag.py:4138} INFO - Setting next_dagrun for flex_eau_pipeline to 2026-07-25 00:00:00+00:00, run_after=2026-07-26 00:00:00+00:00
[2026-07-25T22:07:53.989+0000] {processor.py:208} INFO - Processing /opt/airflow/dags/flex_eau_pipeline.py took 0.325 seconds
[2026-07-25T22:08:24.647+0000] {processor.py:186} INFO - Started process (PID=5332) to work on /opt/airflow/dags/flex_eau_pipeline.py
[2026-07-25T22:08:24.650+0000] {processor.py:914} INFO - Processing file /opt/airflow/dags/flex_eau_pipeline.py for tasks to queue
[2026-07-25T22:08:24.654+0000] {logging_mixin.py:190} INFO - [2026-07-25T22:08:24.653+0000] {dagbag.py:587} INFO - Filling up the DagBag from /opt/airflow/dags/flex_eau_pipeline.py
[2026-07-25T22:08:24.733+0000] {processor.py:925} INFO - DAG(s) 'flex_eau_pipeline' retrieved from /opt/airflow/dags/flex_eau_pipeline.py
[2026-07-25T22:08:24.848+0000] {logging_mixin.py:190} INFO - [2026-07-25T22:08:24.847+0000] {dag.py:3211} INFO - Sync 1 DAGs
[2026-07-25T22:08:24.932+0000] {logging_mixin.py:190} INFO - [2026-07-25T22:08:24.931+0000] {dag.py:4138} INFO - Setting next_dagrun for flex_eau_pipeline to 2026-07-25 00:00:00+00:00, run_after=2026-07-26 00:00:00+00:00
[2026-07-25T22:08:24.997+0000] {processor.py:208} INFO - Processing /opt/airflow/dags/flex_eau_pipeline.py took 0.360 seconds
[2026-07-25T22:08:55.494+0000] {processor.py:186} INFO - Started process (PID=5337) to work on /opt/airflow/dags/flex_eau_pipeline.py
[2026-07-25T22:08:55.497+0000] {processor.py:914} INFO - Processing file /opt/airflow/dags/flex_eau_pipeline.py for tasks to queue
[2026-07-25T22:08:55.502+0000] {logging_mixin.py:190} INFO - [2026-07-25T22:08:55.502+0000] {dagbag.py:587} INFO - Filling up the DagBag from /opt/airflow/dags/flex_eau_pipeline.py
[2026-07-25T22:08:55.570+0000] {processor.py:925} INFO - DAG(s) 'flex_eau_pipeline' retrieved from /opt/airflow/dags/flex_eau_pipeline.py
[2026-07-25T22:08:55.662+0000] {logging_mixin.py:190} INFO - [2026-07-25T22:08:55.661+0000] {dag.py:3211} INFO - Sync 1 DAGs
[2026-07-25T22:08:55.733+0000] {logging_mixin.py:190} INFO - [2026-07-25T22:08:55.733+0000] {dag.py:4138} INFO - Setting next_dagrun for flex_eau_pipeline to 2026-07-25 00:00:00+00:00, run_after=2026-07-26 00:00:00+00:00
[2026-07-25T22:08:55.794+0000] {processor.py:208} INFO - Processing /opt/airflow/dags/flex_eau_pipeline.py took 0.320 seconds
[2026-07-25T22:09:26.617+0000] {processor.py:186} INFO - Started process (PID=5342) to work on /opt/airflow/dags/flex_eau_pipeline.py
[2026-07-25T22:09:26.624+0000] {processor.py:914} INFO - Processing file /opt/airflow/dags/flex_eau_pipeline.py for tasks to queue
[2026-07-25T22:09:26.637+0000] {logging_mixin.py:190} INFO - [2026-07-25T22:09:26.636+0000] {dagbag.py:587} INFO - Filling up the DagBag from /opt/airflow/dags/flex_eau_pipeline.py
[2026-07-25T22:09:26.798+0000] {processor.py:925} INFO - DAG(s) 'flex_eau_pipeline' retrieved from /opt/airflow/dags/flex_eau_pipeline.py
[2026-07-25T22:09:26.906+0000] {logging_mixin.py:190} INFO - [2026-07-25T22:09:26.906+0000] {dag.py:3211} INFO - Sync 1 DAGs
[2026-07-25T22:09:26.981+0000] {logging_mixin.py:190} INFO - [2026-07-25T22:09:26.981+0000] {dag.py:4138} INFO - Setting next_dagrun for flex_eau_pipeline to 2026-07-25 00:00:00+00:00, run_after=2026-07-26 00:00:00+00:00
[2026-07-25T22:09:27.042+0000] {processor.py:208} INFO - Processing /opt/airflow/dags/flex_eau_pipeline.py took 0.463 seconds
[2026-07-25T22:09:57.503+0000] {processor.py:186} INFO - Started process (PID=5347) to work on /opt/airflow/dags/flex_eau_pipeline.py
[2026-07-25T22:09:57.512+0000] {processor.py:914} INFO - Processing file /opt/airflow/dags/flex_eau_pipeline.py for tasks to queue
[2026-07-25T22:09:57.526+0000] {logging_mixin.py:190} INFO - [2026-07-25T22:09:57.526+0000] {dagbag.py:587} INFO - Filling up the DagBag from /opt/airflow/dags/flex_eau_pipeline.py
[2026-07-25T22:09:57.629+0000] {processor.py:925} INFO - DAG(s) 'flex_eau_pipeline' retrieved from /opt/airflow/dags/flex_eau_pipeline.py
[2026-07-25T22:09:57.782+0000] {logging_mixin.py:190} INFO - [2026-07-25T22:09:57.781+0000] {dag.py:3211} INFO - Sync 1 DAGs
[2026-07-25T22:09:57.827+0000] {logging_mixin.py:190} INFO - [2026-07-25T22:09:57.827+0000] {dag.py:4138} INFO - Setting next_dagrun for flex_eau_pipeline to 2026-07-25 00:00:00+00:00, run_after=2026-07-26 00:00:00+00:00
[2026-07-25T22:09:57.857+0000] {processor.py:208} INFO - Processing /opt/airflow/dags/flex_eau_pipeline.py took 0.419 seconds
[2026-07-25T22:10:28.589+0000] {processor.py:186} INFO - Started process (PID=5352) to work on /opt/airflow/dags/flex_eau_pipeline.py
[2026-07-25T22:10:28.593+0000] {processor.py:914} INFO - Processing file /opt/airflow/dags/flex_eau_pipeline.py for tasks to queue
[2026-07-25T22:10:28.608+0000] {logging_mixin.py:190} INFO - [2026-07-25T22:10:28.608+0000] {dagbag.py:587} INFO - Filling up the DagBag from /opt/airflow/dags/flex_eau_pipeline.py
[2026-07-25T22:10:28.666+0000] {processor.py:925} INFO - DAG(s) 'flex_eau_pipeline' retrieved from /opt/airflow/dags/flex_eau_pipeline.py
[2026-07-25T22:10:28.734+0000] {logging_mixin.py:190} INFO - [2026-07-25T22:10:28.734+0000] {dag.py:3211} INFO - Sync 1 DAGs
[2026-07-25T22:10:28.788+0000] {logging_mixin.py:190} INFO - [2026-07-25T22:10:28.787+0000] {dag.py:4138} INFO - Setting next_dagrun for flex_eau_pipeline to 2026-07-25 00:00:00+00:00, run_after=2026-07-26 00:00:00+00:00
[2026-07-25T22:10:28.824+0000] {processor.py:208} INFO - Processing /opt/airflow/dags/flex_eau_pipeline.py took 0.267 seconds
[2026-07-25T22:10:59.303+0000] {processor.py:186} INFO - Started process (PID=5357) to work on /opt/airflow/dags/flex_eau_pipeline.py
[2026-07-25T22:10:59.306+0000] {processor.py:914} INFO - Processing file /opt/airflow/dags/flex_eau_pipeline.py for tasks to queue
[2026-07-25T22:10:59.313+0000] {logging_mixin.py:190} INFO - [2026-07-25T22:10:59.312+0000] {dagbag.py:587} INFO - Filling up the DagBag from /opt/airflow/dags/flex_eau_pipeline.py
[2026-07-25T22:10:59.406+0000] {processor.py:925} INFO - DAG(s) 'flex_eau_pipeline' retrieved from /opt/airflow/dags/flex_eau_pipeline.py
[2026-07-25T22:10:59.519+0000] {logging_mixin.py:190} INFO - [2026-07-25T22:10:59.518+0000] {dag.py:3211} INFO - Sync 1 DAGs
[2026-07-25T22:10:59.599+0000] {logging_mixin.py:190} INFO - [2026-07-25T22:10:59.599+0000] {dag.py:4138} INFO - Setting next_dagrun for flex_eau_pipeline to 2026-07-25 00:00:00+00:00, run_after=2026-07-26 00:00:00+00:00
[2026-07-25T22:10:59.662+0000] {processor.py:208} INFO - Processing /opt/airflow/dags/flex_eau_pipeline.py took 0.379 seconds
[2026-07-25T22:11:30.351+0000] {processor.py:186} INFO - Started process (PID=5362) to work on /opt/airflow/dags/flex_eau_pipeline.py
[2026-07-25T22:11:30.353+0000] {processor.py:914} INFO - Processing file /opt/airflow/dags/flex_eau_pipeline.py for tasks to queue
[2026-07-25T22:11:30.358+0000] {logging_mixin.py:190} INFO - [2026-07-25T22:11:30.357+0000] {dagbag.py:587} INFO - Filling up the DagBag from /opt/airflow/dags/flex_eau_pipeline.py
[2026-07-25T22:11:30.414+0000] {processor.py:925} INFO - DAG(s) 'flex_eau_pipeline' retrieved from /opt/airflow/dags/flex_eau_pipeline.py
[2026-07-25T22:11:30.497+0000] {logging_mixin.py:190} INFO - [2026-07-25T22:11:30.496+0000] {dag.py:3211} INFO - Sync 1 DAGs
[2026-07-25T22:11:30.546+0000] {logging_mixin.py:190} INFO - [2026-07-25T22:11:30.546+0000] {dag.py:4138} INFO - Setting next_dagrun for flex_eau_pipeline to 2026-07-25 00:00:00+00:00, run_after=2026-07-26 00:00:00+00:00
[2026-07-25T22:11:30.586+0000] {processor.py:208} INFO - Processing /opt/airflow/dags/flex_eau_pipeline.py took 0.249 seconds
[2026-07-25T22:12:01.283+0000] {processor.py:186} INFO - Started process (PID=5367) to work on /opt/airflow/dags/flex_eau_pipeline.py
[2026-07-25T22:12:01.284+0000] {processor.py:914} INFO - Processing file /opt/airflow/dags/flex_eau_pipeline.py for tasks to queue
[2026-07-25T22:12:01.288+0000] {logging_mixin.py:190} INFO - [2026-07-25T22:12:01.287+0000] {dagbag.py:587} INFO - Filling up the DagBag from /opt/airflow/dags/flex_eau_pipeline.py
[2026-07-25T22:12:01.320+0000] {processor.py:925} INFO - DAG(s) 'flex_eau_pipeline' retrieved from /opt/airflow/dags/flex_eau_pipeline.py
[2026-07-25T22:12:01.368+0000] {logging_mixin.py:190} INFO - [2026-07-25T22:12:01.368+0000] {dag.py:3211} INFO - Sync 1 DAGs
[2026-07-25T22:12:01.406+0000] {logging_mixin.py:190} INFO - [2026-07-25T22:12:01.405+0000] {dag.py:4138} INFO - Setting next_dagrun for flex_eau_pipeline to 2026-07-25 00:00:00+00:00, run_after=2026-07-26 00:00:00+00:00
[2026-07-25T22:12:01.438+0000] {processor.py:208} INFO - Processing /opt/airflow/dags/flex_eau_pipeline.py took 0.170 seconds
[2026-07-25T22:12:32.068+0000] {processor.py:186} INFO - Started process (PID=5372) to work on /opt/airflow/dags/flex_eau_pipeline.py
[2026-07-25T22:12:32.070+0000] {processor.py:914} INFO - Processing file /opt/airflow/dags/flex_eau_pipeline.py for tasks to queue
[2026-07-25T22:12:32.076+0000] {logging_mixin.py:190} INFO - [2026-07-25T22:12:32.075+0000] {dagbag.py:587} INFO - Filling up the DagBag from /opt/airflow/dags/flex_eau_pipeline.py
[2026-07-25T22:12:32.180+0000] {processor.py:925} INFO - DAG(s) 'flex_eau_pipeline' retrieved from /opt/airflow/dags/flex_eau_pipeline.py
[2026-07-25T22:12:32.283+0000] {logging_mixin.py:190} INFO - [2026-07-25T22:12:32.283+0000] {dag.py:3211} INFO - Sync 1 DAGs
[2026-07-25T22:12:32.370+0000] {logging_mixin.py:190} INFO - [2026-07-25T22:12:32.370+0000] {dag.py:4138} INFO - Setting next_dagrun for flex_eau_pipeline to 2026-07-25 00:00:00+00:00, run_after=2026-07-26 00:00:00+00:00
[2026-07-25T22:12:32.435+0000] {processor.py:208} INFO - Processing /opt/airflow/dags/flex_eau_pipeline.py took 0.379 seconds
[2026-07-25T22:13:03.081+0000] {processor.py:186} INFO - Started process (PID=5377) to work on /opt/airflow/dags/flex_eau_pipeline.py
[2026-07-25T22:13:03.089+0000] {processor.py:914} INFO - Processing file /opt/airflow/dags/flex_eau_pipeline.py for tasks to queue
[2026-07-25T22:13:03.097+0000] {logging_mixin.py:190} INFO - [2026-07-25T22:13:03.096+0000] {dagbag.py:587} INFO - Filling up the DagBag from /opt/airflow/dags/flex_eau_pipeline.py
[2026-07-25T22:13:03.208+0000] {processor.py:925} INFO - DAG(s) 'flex_eau_pipeline' retrieved from /opt/airflow/dags/flex_eau_pipeline.py
[2026-07-25T22:13:03.274+0000] {logging_mixin.py:190} INFO - [2026-07-25T22:13:03.274+0000] {dag.py:3211} INFO - Sync 1 DAGs
[2026-07-25T22:13:03.327+0000] {logging_mixin.py:190} INFO - [2026-07-25T22:13:03.326+0000] {dag.py:4138} INFO - Setting next_dagrun for flex_eau_pipeline to 2026-07-25 00:00:00+00:00, run_after=2026-07-26 00:00:00+00:00
[2026-07-25T22:13:03.369+0000] {processor.py:208} INFO - Processing /opt/airflow/dags/flex_eau_pipeline.py took 0.315 seconds
[2026-07-25T22:13:34.116+0000] {processor.py:186} INFO - Started process (PID=5382) to work on /opt/airflow/dags/flex_eau_pipeline.py
[2026-07-25T22:13:34.119+0000] {processor.py:914} INFO - Processing file /opt/airflow/dags/flex_eau_pipeline.py for tasks to queue
[2026-07-25T22:13:34.123+0000] {logging_mixin.py:190} INFO - [2026-07-25T22:13:34.123+0000] {dagbag.py:587} INFO - Filling up the DagBag from /opt/airflow/dags/flex_eau_pipeline.py
[2026-07-25T22:13:34.175+0000] {processor.py:925} INFO - DAG(s) 'flex_eau_pipeline' retrieved from /opt/airflow/dags/flex_eau_pipeline.py
[2026-07-25T22:13:34.251+0000] {logging_mixin.py:190} INFO - [2026-07-25T22:13:34.251+0000] {dag.py:3211} INFO - Sync 1 DAGs
[2026-07-25T22:13:34.316+0000] {logging_mixin.py:190} INFO - [2026-07-25T22:13:34.315+0000] {dag.py:4138} INFO - Setting next_dagrun for flex_eau_pipeline to 2026-07-25 00:00:00+00:00, run_after=2026-07-26 00:00:00+00:00
[2026-07-25T22:13:34.377+0000] {processor.py:208} INFO - Processing /opt/airflow/dags/flex_eau_pipeline.py took 0.285 seconds
[2026-07-25T22:14:04.860+0000] {processor.py:186} INFO - Started process (PID=5387) to work on /opt/airflow/dags/flex_eau_pipeline.py
[2026-07-25T22:14:04.862+0000] {processor.py:914} INFO - Processing file /opt/airflow/dags/flex_eau_pipeline.py for tasks to queue
[2026-07-25T22:14:04.866+0000] {logging_mixin.py:190} INFO - [2026-07-25T22:14:04.865+0000] {dagbag.py:587} INFO - Filling up the DagBag from /opt/airflow/dags/flex_eau_pipeline.py
[2026-07-25T22:14:04.915+0000] {processor.py:925} INFO - DAG(s) 'flex_eau_pipeline' retrieved from /opt/airflow/dags/flex_eau_pipeline.py
[2026-07-25T22:14:04.979+0000] {logging_mixin.py:190} INFO - [2026-07-25T22:14:04.978+0000] {dag.py:3211} INFO - Sync 1 DAGs
[2026-07-25T22:14:05.027+0000] {logging_mixin.py:190} INFO - [2026-07-25T22:14:05.027+0000] {dag.py:4138} INFO - Setting next_dagrun for flex_eau_pipeline to 2026-07-25 00:00:00+00:00, run_after=2026-07-26 00:00:00+00:00
[2026-07-25T22:14:05.066+0000] {processor.py:208} INFO - Processing /opt/airflow/dags/flex_eau_pipeline.py took 0.217 seconds
[2026-07-25T22:14:35.918+0000] {processor.py:186} INFO - Started process (PID=5392) to work on /opt/airflow/dags/flex_eau_pipeline.py
[2026-07-25T22:14:35.920+0000] {processor.py:914} INFO - Processing file /opt/airflow/dags/flex_eau_pipeline.py for tasks to queue
[2026-07-25T22:14:35.924+0000] {logging_mixin.py:190} INFO - [2026-07-25T22:14:35.923+0000] {dagbag.py:587} INFO - Filling up the DagBag from /opt/airflow/dags/flex_eau_pipeline.py
[2026-07-25T22:14:35.993+0000] {processor.py:925} INFO - DAG(s) 'flex_eau_pipeline' retrieved from /opt/airflow/dags/flex_eau_pipeline.py
[2026-07-25T22:14:36.101+0000] {logging_mixin.py:190} INFO - [2026-07-25T22:14:36.100+0000] {dag.py:3211} INFO - Sync 1 DAGs
[2026-07-25T22:14:36.188+0000] {logging_mixin.py:190} INFO - [2026-07-25T22:14:36.188+0000] {dag.py:4138} INFO - Setting next_dagrun for flex_eau_pipeline to 2026-07-25 00:00:00+00:00, run_after=2026-07-26 00:00:00+00:00
[2026-07-25T22:14:36.248+0000] {processor.py:208} INFO - Processing /opt/airflow/dags/flex_eau_pipeline.py took 0.342 seconds
[2026-07-25T22:15:06.397+0000] {processor.py:186} INFO - Started process (PID=5397) to work on /opt/airflow/dags/flex_eau_pipeline.py
[2026-07-25T22:15:06.399+0000] {processor.py:914} INFO - Processing file /opt/airflow/dags/flex_eau_pipeline.py for tasks to queue
[2026-07-25T22:15:06.403+0000] {logging_mixin.py:190} INFO - [2026-07-25T22:15:06.402+0000] {dagbag.py:587} INFO - Filling up the DagBag from /opt/airflow/dags/flex_eau_pipeline.py
[2026-07-25T22:15:06.451+0000] {processor.py:925} INFO - DAG(s) 'flex_eau_pipeline' retrieved from /opt/airflow/dags/flex_eau_pipeline.py
[2026-07-25T22:15:06.519+0000] {logging_mixin.py:190} INFO - [2026-07-25T22:15:06.518+0000] {dag.py:3211} INFO - Sync 1 DAGs
[2026-07-25T22:15:06.571+0000] {logging_mixin.py:190} INFO - [2026-07-25T22:15:06.571+0000] {dag.py:4138} INFO - Setting next_dagrun for flex_eau_pipeline to 2026-07-25 00:00:00+00:00, run_after=2026-07-26 00:00:00+00:00
[2026-07-25T22:15:06.613+0000] {processor.py:208} INFO - Processing /opt/airflow/dags/flex_eau_pipeline.py took 0.227 seconds
[2026-07-25T22:15:37.383+0000] {processor.py:186} INFO - Started process (PID=5402) to work on /opt/airflow/dags/flex_eau_pipeline.py
[2026-07-25T22:15:37.388+0000] {processor.py:914} INFO - Processing file /opt/airflow/dags/flex_eau_pipeline.py for tasks to queue
[2026-07-25T22:15:37.399+0000] {logging_mixin.py:190} INFO - [2026-07-25T22:15:37.398+0000] {dagbag.py:587} INFO - Filling up the DagBag from /opt/airflow/dags/flex_eau_pipeline.py
[2026-07-25T22:15:37.456+0000] {processor.py:925} INFO - DAG(s) 'flex_eau_pipeline' retrieved from /opt/airflow/dags/flex_eau_pipeline.py
[2026-07-25T22:15:37.521+0000] {logging_mixin.py:190} INFO - [2026-07-25T22:15:37.521+0000] {dag.py:3211} INFO - Sync 1 DAGs
[2026-07-25T22:15:37.565+0000] {logging_mixin.py:190} INFO - [2026-07-25T22:15:37.565+0000] {dag.py:4138} INFO - Setting next_dagrun for flex_eau_pipeline to 2026-07-25 00:00:00+00:00, run_after=2026-07-26 00:00:00+00:00
[2026-07-25T22:15:37.619+0000] {processor.py:208} INFO - Processing /opt/airflow/dags/flex_eau_pipeline.py took 0.289 seconds
[2026-07-25T22:16:08.207+0000] {processor.py:186} INFO - Started process (PID=5407) to work on /opt/airflow/dags/flex_eau_pipeline.py
[2026-07-25T22:16:08.210+0000] {processor.py:914} INFO - Processing file /opt/airflow/dags/flex_eau_pipeline.py for tasks to queue
[2026-07-25T22:16:08.214+0000] {logging_mixin.py:190} INFO - [2026-07-25T22:16:08.214+0000] {dagbag.py:587} INFO - Filling up the DagBag from /opt/airflow/dags/flex_eau_pipeline.py
[2026-07-25T22:16:08.266+0000] {processor.py:925} INFO - DAG(s) 'flex_eau_pipeline' retrieved from /opt/airflow/dags/flex_eau_pipeline.py
[2026-07-25T22:16:08.316+0000] {logging_mixin.py:190} INFO - [2026-07-25T22:16:08.315+0000] {dag.py:3211} INFO - Sync 1 DAGs
[2026-07-25T22:16:08.368+0000] {logging_mixin.py:190} INFO - [2026-07-25T22:16:08.367+0000] {dag.py:4138} INFO - Setting next_dagrun for flex_eau_pipeline to 2026-07-25 00:00:00+00:00, run_after=2026-07-26 00:00:00+00:00
[2026-07-25T22:16:08.404+0000] {processor.py:208} INFO - Processing /opt/airflow/dags/flex_eau_pipeline.py took 0.220 seconds
[2026-07-25T22:16:39.112+0000] {processor.py:186} INFO - Started process (PID=5412) to work on /opt/airflow/dags/flex_eau_pipeline.py
[2026-07-25T22:16:39.114+0000] {processor.py:914} INFO - Processing file /opt/airflow/dags/flex_eau_pipeline.py for tasks to queue
[2026-07-25T22:16:39.118+0000] {logging_mixin.py:190} INFO - [2026-07-25T22:16:39.118+0000] {dagbag.py:587} INFO - Filling up the DagBag from /opt/airflow/dags/flex_eau_pipeline.py
[2026-07-25T22:16:39.162+0000] {processor.py:925} INFO - DAG(s) 'flex_eau_pipeline' retrieved from /opt/airflow/dags/flex_eau_pipeline.py
[2026-07-25T22:16:39.222+0000] {logging_mixin.py:190} INFO - [2026-07-25T22:16:39.222+0000] {dag.py:3211} INFO - Sync 1 DAGs
[2026-07-25T22:16:39.307+0000] {logging_mixin.py:190} INFO - [2026-07-25T22:16:39.306+0000] {dag.py:4138} INFO - Setting next_dagrun for flex_eau_pipeline to 2026-07-25 00:00:00+00:00, run_after=2026-07-26 00:00:00+00:00
[2026-07-25T22:16:39.370+0000] {processor.py:208} INFO - Processing /opt/airflow/dags/flex_eau_pipeline.py took 0.269 seconds
[2026-07-25T22:17:10.016+0000] {processor.py:186} INFO - Started process (PID=5417) to work on /opt/airflow/dags/flex_eau_pipeline.py
[2026-07-25T22:17:10.021+0000] {processor.py:914} INFO - Processing file /opt/airflow/dags/flex_eau_pipeline.py for tasks to queue
[2026-07-25T22:17:10.030+0000] {logging_mixin.py:190} INFO - [2026-07-25T22:17:10.029+0000] {dagbag.py:587} INFO - Filling up the DagBag from /opt/airflow/dags/flex_eau_pipeline.py
[2026-07-25T22:17:10.140+0000] {processor.py:925} INFO - DAG(s) 'flex_eau_pipeline' retrieved from /opt/airflow/dags/flex_eau_pipeline.py
[2026-07-25T22:17:10.220+0000] {logging_mixin.py:190} INFO - [2026-07-25T22:17:10.220+0000] {dag.py:3211} INFO - Sync 1 DAGs
[2026-07-25T22:17:10.295+0000] {logging_mixin.py:190} INFO - [2026-07-25T22:17:10.294+0000] {dag.py:4138} INFO - Setting next_dagrun for flex_eau_pipeline to 2026-07-25 00:00:00+00:00, run_after=2026-07-26 00:00:00+00:00
[2026-07-25T22:17:10.357+0000] {processor.py:208} INFO - Processing /opt/airflow/dags/flex_eau_pipeline.py took 0.371 seconds
[2026-07-25T22:17:40.963+0000] {processor.py:186} INFO - Started process (PID=5422) to work on /opt/airflow/dags/flex_eau_pipeline.py
[2026-07-25T22:17:40.970+0000] {processor.py:914} INFO - Processing file /opt/airflow/dags/flex_eau_pipeline.py for tasks to queue
[2026-07-25T22:17:40.988+0000] {logging_mixin.py:190} INFO - [2026-07-25T22:17:40.986+0000] {dagbag.py:587} INFO - Filling up the DagBag from /opt/airflow/dags/flex_eau_pipeline.py
[2026-07-25T22:17:41.126+0000] {processor.py:925} INFO - DAG(s) 'flex_eau_pipeline' retrieved from /opt/airflow/dags/flex_eau_pipeline.py
[2026-07-25T22:17:41.234+0000] {logging_mixin.py:190} INFO - [2026-07-25T22:17:41.233+0000] {dag.py:3211} INFO - Sync 1 DAGs
[2026-07-25T22:17:41.305+0000] {logging_mixin.py:190} INFO - [2026-07-25T22:17:41.304+0000] {dag.py:4138} INFO - Setting next_dagrun for flex_eau_pipeline to 2026-07-25 00:00:00+00:00, run_after=2026-07-26 00:00:00+00:00
[2026-07-25T22:17:41.364+0000] {processor.py:208} INFO - Processing /opt/airflow/dags/flex_eau_pipeline.py took 0.450 seconds
[2026-07-25T22:18:11.903+0000] {processor.py:186} INFO - Started process (PID=5427) to work on /opt/airflow/dags/flex_eau_pipeline.py
[2026-07-25T22:18:11.906+0000] {processor.py:914} INFO - Processing file /opt/airflow/dags/flex_eau_pipeline.py for tasks to queue
[2026-07-25T22:18:11.916+0000] {logging_mixin.py:190} INFO - [2026-07-25T22:18:11.915+0000] {dagbag.py:587} INFO - Filling up the DagBag from /opt/airflow/dags/flex_eau_pipeline.py
[2026-07-25T22:18:12.000+0000] {processor.py:925} INFO - DAG(s) 'flex_eau_pipeline' retrieved from /opt/airflow/dags/flex_eau_pipeline.py
[2026-07-25T22:18:12.094+0000] {logging_mixin.py:190} INFO - [2026-07-25T22:18:12.094+0000] {dag.py:3211} INFO - Sync 1 DAGs
[2026-07-25T22:18:12.139+0000] {logging_mixin.py:190} INFO - [2026-07-25T22:18:12.139+0000] {dag.py:4138} INFO - Setting next_dagrun for flex_eau_pipeline to 2026-07-25 00:00:00+00:00, run_after=2026-07-26 00:00:00+00:00
[2026-07-25T22:18:12.182+0000] {processor.py:208} INFO - Processing /opt/airflow/dags/flex_eau_pipeline.py took 0.302 seconds
[2026-07-25T22:18:42.956+0000] {processor.py:186} INFO - Started process (PID=5432) to work on /opt/airflow/dags/flex_eau_pipeline.py
[2026-07-25T22:18:42.959+0000] {processor.py:914} INFO - Processing file /opt/airflow/dags/flex_eau_pipeline.py for tasks to queue
[2026-07-25T22:18:42.973+0000] {logging_mixin.py:190} INFO - [2026-07-25T22:18:42.972+0000] {dagbag.py:587} INFO - Filling up the DagBag from /opt/airflow/dags/flex_eau_pipeline.py
[2026-07-25T22:18:43.053+0000] {processor.py:925} INFO - DAG(s) 'flex_eau_pipeline' retrieved from /opt/airflow/dags/flex_eau_pipeline.py
[2026-07-25T22:18:43.153+0000] {logging_mixin.py:190} INFO - [2026-07-25T22:18:43.152+0000] {dag.py:3211} INFO - Sync 1 DAGs
[2026-07-25T22:18:43.218+0000] {logging_mixin.py:190} INFO - [2026-07-25T22:18:43.217+0000] {dag.py:4138} INFO - Setting next_dagrun for flex_eau_pipeline to 2026-07-25 00:00:00+00:00, run_after=2026-07-26 00:00:00+00:00
[2026-07-25T22:18:43.268+0000] {processor.py:208} INFO - Processing /opt/airflow/dags/flex_eau_pipeline.py took 0.371 seconds
[2026-07-25T22:19:13.807+0000] {processor.py:186} INFO - Started process (PID=5437) to work on /opt/airflow/dags/flex_eau_pipeline.py
[2026-07-25T22:19:13.811+0000] {processor.py:914} INFO - Processing file /opt/airflow/dags/flex_eau_pipeline.py for tasks to queue
[2026-07-25T22:19:13.817+0000] {logging_mixin.py:190} INFO - [2026-07-25T22:19:13.816+0000] {dagbag.py:587} INFO - Filling up the DagBag from /opt/airflow/dags/flex_eau_pipeline.py
[2026-07-25T22:19:13.902+0000] {processor.py:925} INFO - DAG(s) 'flex_eau_pipeline' retrieved from /opt/airflow/dags/flex_eau_pipeline.py
[2026-07-25T22:19:14.024+0000] {logging_mixin.py:190} INFO - [2026-07-25T22:19:14.023+0000] {dag.py:3211} INFO - Sync 1 DAGs
[2026-07-25T22:19:14.097+0000] {logging_mixin.py:190} INFO - [2026-07-25T22:19:14.096+0000] {dag.py:4138} INFO - Setting next_dagrun for flex_eau_pipeline to 2026-07-25 00:00:00+00:00, run_after=2026-07-26 00:00:00+00:00
[2026-07-25T22:19:14.154+0000] {processor.py:208} INFO - Processing /opt/airflow/dags/flex_eau_pipeline.py took 0.368 seconds
[2026-07-25T22:19:44.985+0000] {processor.py:186} INFO - Started process (PID=5442) to work on /opt/airflow/dags/flex_eau_pipeline.py
[2026-07-25T22:19:44.987+0000] {processor.py:914} INFO - Processing file /opt/airflow/dags/flex_eau_pipeline.py for tasks to queue
[2026-07-25T22:19:44.991+0000] {logging_mixin.py:190} INFO - [2026-07-25T22:19:44.991+0000] {dagbag.py:587} INFO - Filling up the DagBag from /opt/airflow/dags/flex_eau_pipeline.py
[2026-07-25T22:19:45.040+0000] {processor.py:925} INFO - DAG(s) 'flex_eau_pipeline' retrieved from /opt/airflow/dags/flex_eau_pipeline.py
[2026-07-25T22:19:45.104+0000] {logging_mixin.py:190} INFO - [2026-07-25T22:19:45.103+0000] {dag.py:3211} INFO - Sync 1 DAGs
[2026-07-25T22:19:45.143+0000] {logging_mixin.py:190} INFO - [2026-07-25T22:19:45.143+0000] {dag.py:4138} INFO - Setting next_dagrun for flex_eau_pipeline to 2026-07-25 00:00:00+00:00, run_after=2026-07-26 00:00:00+00:00
[2026-07-25T22:19:45.181+0000] {processor.py:208} INFO - Processing /opt/airflow/dags/flex_eau_pipeline.py took 0.216 seconds
[2026-07-25T22:20:16.025+0000] {processor.py:186} INFO - Started process (PID=5447) to work on /opt/airflow/dags/flex_eau_pipeline.py
[2026-07-25T22:20:16.027+0000] {processor.py:914} INFO - Processing file /opt/airflow/dags/flex_eau_pipeline.py for tasks to queue
[2026-07-25T22:20:16.032+0000] {logging_mixin.py:190} INFO - [2026-07-25T22:20:16.031+0000] {dagbag.py:587} INFO - Filling up the DagBag from /opt/airflow/dags/flex_eau_pipeline.py
[2026-07-25T22:20:16.262+0000] {processor.py:925} INFO - DAG(s) 'flex_eau_pipeline' retrieved from /opt/airflow/dags/flex_eau_pipeline.py
[2026-07-25T22:20:16.332+0000] {logging_mixin.py:190} INFO - [2026-07-25T22:20:16.332+0000] {dag.py:3211} INFO - Sync 1 DAGs
[2026-07-25T22:20:16.372+0000] {logging_mixin.py:190} INFO - [2026-07-25T22:20:16.372+0000] {dag.py:4138} INFO - Setting next_dagrun for flex_eau_pipeline to 2026-07-25 00:00:00+00:00, run_after=2026-07-26 00:00:00+00:00
[2026-07-25T22:20:16.404+0000] {processor.py:208} INFO - Processing /opt/airflow/dags/flex_eau_pipeline.py took 0.392 seconds
[2026-07-25T22:20:46.806+0000] {processor.py:186} INFO - Started process (PID=5452) to work on /opt/airflow/dags/flex_eau_pipeline.py
[2026-07-25T22:20:46.808+0000] {processor.py:914} INFO - Processing file /opt/airflow/dags/flex_eau_pipeline.py for tasks to queue
[2026-07-25T22:20:46.812+0000] {logging_mixin.py:190} INFO - [2026-07-25T22:20:46.812+0000] {dagbag.py:587} INFO - Filling up the DagBag from /opt/airflow/dags/flex_eau_pipeline.py
[2026-07-25T22:20:46.862+0000] {processor.py:925} INFO - DAG(s) 'flex_eau_pipeline' retrieved from /opt/airflow/dags/flex_eau_pipeline.py
[2026-07-25T22:20:46.925+0000] {logging_mixin.py:190} INFO - [2026-07-25T22:20:46.925+0000] {dag.py:3211} INFO - Sync 1 DAGs
[2026-07-25T22:20:46.980+0000] {logging_mixin.py:190} INFO - [2026-07-25T22:20:46.980+0000] {dag.py:4138} INFO - Setting next_dagrun for flex_eau_pipeline to 2026-07-25 00:00:00+00:00, run_after=2026-07-26 00:00:00+00:00
[2026-07-25T22:20:47.017+0000] {processor.py:208} INFO - Processing /opt/airflow/dags/flex_eau_pipeline.py took 0.223 seconds
[2026-07-25T22:21:17.545+0000] {processor.py:186} INFO - Started process (PID=5457) to work on /opt/airflow/dags/flex_eau_pipeline.py
[2026-07-25T22:21:17.548+0000] {processor.py:914} INFO - Processing file /opt/airflow/dags/flex_eau_pipeline.py for tasks to queue
[2026-07-25T22:21:17.553+0000] {logging_mixin.py:190} INFO - [2026-07-25T22:21:17.553+0000] {dagbag.py:587} INFO - Filling up the DagBag from /opt/airflow/dags/flex_eau_pipeline.py
[2026-07-25T22:21:17.633+0000] {processor.py:925} INFO - DAG(s) 'flex_eau_pipeline' retrieved from /opt/airflow/dags/flex_eau_pipeline.py
[2026-07-25T22:21:17.744+0000] {logging_mixin.py:190} INFO - [2026-07-25T22:21:17.743+0000] {dag.py:3211} INFO - Sync 1 DAGs
[2026-07-25T22:21:17.825+0000] {logging_mixin.py:190} INFO - [2026-07-25T22:21:17.824+0000] {dag.py:4138} INFO - Setting next_dagrun for flex_eau_pipeline to 2026-07-25 00:00:00+00:00, run_after=2026-07-26 00:00:00+00:00
[2026-07-25T22:21:17.890+0000] {processor.py:208} INFO - Processing /opt/airflow/dags/flex_eau_pipeline.py took 0.358 seconds
[2026-07-25T22:21:48.319+0000] {processor.py:186} INFO - Started process (PID=5462) to work on /opt/airflow/dags/flex_eau_pipeline.py
[2026-07-25T22:21:48.322+0000] {processor.py:914} INFO - Processing file /opt/airflow/dags/flex_eau_pipeline.py for tasks to queue
[2026-07-25T22:21:48.329+0000] {logging_mixin.py:190} INFO - [2026-07-25T22:21:48.328+0000] {dagbag.py:587} INFO - Filling up the DagBag from /opt/airflow/dags/flex_eau_pipeline.py
[2026-07-25T22:21:48.381+0000] {processor.py:925} INFO - DAG(s) 'flex_eau_pipeline' retrieved from /opt/airflow/dags/flex_eau_pipeline.py
[2026-07-25T22:21:48.453+0000] {logging_mixin.py:190} INFO - [2026-07-25T22:21:48.452+0000] {dag.py:3211} INFO - Sync 1 DAGs
[2026-07-25T22:21:48.492+0000] {logging_mixin.py:190} INFO - [2026-07-25T22:21:48.491+0000] {dag.py:4138} INFO - Setting next_dagrun for flex_eau_pipeline to 2026-07-25 00:00:00+00:00, run_after=2026-07-26 00:00:00+00:00
[2026-07-25T22:21:48.522+0000] {processor.py:208} INFO - Processing /opt/airflow/dags/flex_eau_pipeline.py took 0.225 seconds
[2026-07-25T22:22:19.347+0000] {processor.py:186} INFO - Started process (PID=5467) to work on /opt/airflow/dags/flex_eau_pipeline.py
[2026-07-25T22:22:19.349+0000] {processor.py:914} INFO - Processing file /opt/airflow/dags/flex_eau_pipeline.py for tasks to queue
[2026-07-25T22:22:19.352+0000] {logging_mixin.py:190} INFO - [2026-07-25T22:22:19.352+0000] {dagbag.py:587} INFO - Filling up the DagBag from /opt/airflow/dags/flex_eau_pipeline.py
[2026-07-25T22:22:19.405+0000] {processor.py:925} INFO - DAG(s) 'flex_eau_pipeline' retrieved from /opt/airflow/dags/flex_eau_pipeline.py
[2026-07-25T22:22:19.465+0000] {logging_mixin.py:190} INFO - [2026-07-25T22:22:19.465+0000] {dag.py:3211} INFO - Sync 1 DAGs
[2026-07-25T22:22:19.509+0000] {logging_mixin.py:190} INFO - [2026-07-25T22:22:19.509+0000] {dag.py:4138} INFO - Setting next_dagrun for flex_eau_pipeline to 2026-07-25 00:00:00+00:00, run_after=2026-07-26 00:00:00+00:00
[2026-07-25T22:22:19.559+0000] {processor.py:208} INFO - Processing /opt/airflow/dags/flex_eau_pipeline.py took 0.223 seconds
[2026-07-25T22:22:50.152+0000] {processor.py:186} INFO - Started process (PID=5472) to work on /opt/airflow/dags/flex_eau_pipeline.py
[2026-07-25T22:22:50.154+0000] {processor.py:914} INFO - Processing file /opt/airflow/dags/flex_eau_pipeline.py for tasks to queue
[2026-07-25T22:22:50.161+0000] {logging_mixin.py:190} INFO - [2026-07-25T22:22:50.161+0000] {dagbag.py:587} INFO - Filling up the DagBag from /opt/airflow/dags/flex_eau_pipeline.py
[2026-07-25T22:22:50.207+0000] {processor.py:925} INFO - DAG(s) 'flex_eau_pipeline' retrieved from /opt/airflow/dags/flex_eau_pipeline.py
[2026-07-25T22:22:50.280+0000] {logging_mixin.py:190} INFO - [2026-07-25T22:22:50.280+0000] {dag.py:3211} INFO - Sync 1 DAGs
[2026-07-25T22:22:50.351+0000] {logging_mixin.py:190} INFO - [2026-07-25T22:22:50.350+0000] {dag.py:4138} INFO - Setting next_dagrun for flex_eau_pipeline to 2026-07-25 00:00:00+00:00, run_after=2026-07-26 00:00:00+00:00
[2026-07-25T22:22:50.416+0000] {processor.py:208} INFO - Processing /opt/airflow/dags/flex_eau_pipeline.py took 0.282 seconds
[2026-07-25T22:23:21.079+0000] {processor.py:186} INFO - Started process (PID=5477) to work on /opt/airflow/dags/flex_eau_pipeline.py
[2026-07-25T22:23:21.083+0000] {processor.py:914} INFO - Processing file /opt/airflow/dags/flex_eau_pipeline.py for tasks to queue
[2026-07-25T22:23:21.089+0000] {logging_mixin.py:190} INFO - [2026-07-25T22:23:21.088+0000] {dagbag.py:587} INFO - Filling up the DagBag from /opt/airflow/dags/flex_eau_pipeline.py
[2026-07-25T22:23:21.181+0000] {processor.py:925} INFO - DAG(s) 'flex_eau_pipeline' retrieved from /opt/airflow/dags/flex_eau_pipeline.py
[2026-07-25T22:23:21.298+0000] {logging_mixin.py:190} INFO - [2026-07-25T22:23:21.297+0000] {dag.py:3211} INFO - Sync 1 DAGs
[2026-07-25T22:23:21.373+0000] {logging_mixin.py:190} INFO - [2026-07-25T22:23:21.372+0000] {dag.py:4138} INFO - Setting next_dagrun for flex_eau_pipeline to 2026-07-25 00:00:00+00:00, run_after=2026-07-26 00:00:00+00:00
[2026-07-25T22:23:21.438+0000] {processor.py:208} INFO - Processing /opt/airflow/dags/flex_eau_pipeline.py took 0.383 seconds
[2026-07-25T22:23:51.994+0000] {processor.py:186} INFO - Started process (PID=5482) to work on /opt/airflow/dags/flex_eau_pipeline.py
[2026-07-25T22:23:51.997+0000] {processor.py:914} INFO - Processing file /opt/airflow/dags/flex_eau_pipeline.py for tasks to queue
[2026-07-25T22:23:52.002+0000] {logging_mixin.py:190} INFO - [2026-07-25T22:23:52.002+0000] {dagbag.py:587} INFO - Filling up the DagBag from /opt/airflow/dags/flex_eau_pipeline.py
[2026-07-25T22:23:52.047+0000] {processor.py:925} INFO - DAG(s) 'flex_eau_pipeline' retrieved from /opt/airflow/dags/flex_eau_pipeline.py
[2026-07-25T22:23:52.111+0000] {logging_mixin.py:190} INFO - [2026-07-25T22:23:52.110+0000] {dag.py:3211} INFO - Sync 1 DAGs
[2026-07-25T22:23:52.160+0000] {logging_mixin.py:190} INFO - [2026-07-25T22:23:52.160+0000] {dag.py:4138} INFO - Setting next_dagrun for flex_eau_pipeline to 2026-07-25 00:00:00+00:00, run_after=2026-07-26 00:00:00+00:00
[2026-07-25T22:23:52.196+0000] {processor.py:208} INFO - Processing /opt/airflow/dags/flex_eau_pipeline.py took 0.223 seconds
[2026-07-25T22:24:22.903+0000] {processor.py:186} INFO - Started process (PID=5487) to work on /opt/airflow/dags/flex_eau_pipeline.py
[2026-07-25T22:24:22.905+0000] {processor.py:914} INFO - Processing file /opt/airflow/dags/flex_eau_pipeline.py for tasks to queue
[2026-07-25T22:24:22.910+0000] {logging_mixin.py:190} INFO - [2026-07-25T22:24:22.909+0000] {dagbag.py:587} INFO - Filling up the DagBag from /opt/airflow/dags/flex_eau_pipeline.py
[2026-07-25T22:24:22.963+0000] {processor.py:925} INFO - DAG(s) 'flex_eau_pipeline' retrieved from /opt/airflow/dags/flex_eau_pipeline.py
[2026-07-25T22:24:23.039+0000] {logging_mixin.py:190} INFO - [2026-07-25T22:24:23.039+0000] {dag.py:3211} INFO - Sync 1 DAGs
[2026-07-25T22:24:23.091+0000] {logging_mixin.py:190} INFO - [2026-07-25T22:24:23.090+0000] {dag.py:4138} INFO - Setting next_dagrun for flex_eau_pipeline to 2026-07-25 00:00:00+00:00, run_after=2026-07-26 00:00:00+00:00
[2026-07-25T22:24:23.131+0000] {processor.py:208} INFO - Processing /opt/airflow/dags/flex_eau_pipeline.py took 0.244 seconds
[2026-07-25T22:24:53.637+0000] {processor.py:186} INFO - Started process (PID=5492) to work on /opt/airflow/dags/flex_eau_pipeline.py
[2026-07-25T22:24:53.639+0000] {processor.py:914} INFO - Processing file /opt/airflow/dags/flex_eau_pipeline.py for tasks to queue
[2026-07-25T22:24:53.643+0000] {logging_mixin.py:190} INFO - [2026-07-25T22:24:53.643+0000] {dagbag.py:587} INFO - Filling up the DagBag from /opt/airflow/dags/flex_eau_pipeline.py
[2026-07-25T22:24:53.696+0000] {processor.py:925} INFO - DAG(s) 'flex_eau_pipeline' retrieved from /opt/airflow/dags/flex_eau_pipeline.py
[2026-07-25T22:24:53.752+0000] {logging_mixin.py:190} INFO - [2026-07-25T22:24:53.751+0000] {dag.py:3211} INFO - Sync 1 DAGs
[2026-07-25T22:24:53.786+0000] {logging_mixin.py:190} INFO - [2026-07-25T22:24:53.785+0000] {dag.py:4138} INFO - Setting next_dagrun for flex_eau_pipeline to 2026-07-25 00:00:00+00:00, run_after=2026-07-26 00:00:00+00:00
[2026-07-25T22:24:53.817+0000] {processor.py:208} INFO - Processing /opt/airflow/dags/flex_eau_pipeline.py took 0.199 seconds
[2026-07-25T22:25:24.892+0000] {processor.py:186} INFO - Started process (PID=5497) to work on /opt/airflow/dags/flex_eau_pipeline.py
[2026-07-25T22:25:24.895+0000] {processor.py:914} INFO - Processing file /opt/airflow/dags/flex_eau_pipeline.py for tasks to queue
[2026-07-25T22:25:24.904+0000] {logging_mixin.py:190} INFO - [2026-07-25T22:25:24.903+0000] {dagbag.py:587} INFO - Filling up the DagBag from /opt/airflow/dags/flex_eau_pipeline.py
[2026-07-25T22:25:24.979+0000] {processor.py:925} INFO - DAG(s) 'flex_eau_pipeline' retrieved from /opt/airflow/dags/flex_eau_pipeline.py
[2026-07-25T22:25:25.047+0000] {logging_mixin.py:190} INFO - [2026-07-25T22:25:25.046+0000] {dag.py:3211} INFO - Sync 1 DAGs
[2026-07-25T22:25:25.088+0000] {logging_mixin.py:190} INFO - [2026-07-25T22:25:25.088+0000] {dag.py:4138} INFO - Setting next_dagrun for flex_eau_pipeline to 2026-07-25 00:00:00+00:00, run_after=2026-07-26 00:00:00+00:00
[2026-07-25T22:25:25.129+0000] {processor.py:208} INFO - Processing /opt/airflow/dags/flex_eau_pipeline.py took 0.263 seconds
[2026-07-25T22:25:55.716+0000] {processor.py:186} INFO - Started process (PID=5502) to work on /opt/airflow/dags/flex_eau_pipeline.py
[2026-07-25T22:25:55.718+0000] {processor.py:914} INFO - Processing file /opt/airflow/dags/flex_eau_pipeline.py for tasks to queue
[2026-07-25T22:25:55.723+0000] {logging_mixin.py:190} INFO - [2026-07-25T22:25:55.723+0000] {dagbag.py:587} INFO - Filling up the DagBag from /opt/airflow/dags/flex_eau_pipeline.py
[2026-07-25T22:25:55.782+0000] {processor.py:925} INFO - DAG(s) 'flex_eau_pipeline' retrieved from /opt/airflow/dags/flex_eau_pipeline.py
[2026-07-25T22:25:55.871+0000] {logging_mixin.py:190} INFO - [2026-07-25T22:25:55.871+0000] {dag.py:3211} INFO - Sync 1 DAGs
[2026-07-25T22:25:55.935+0000] {logging_mixin.py:190} INFO - [2026-07-25T22:25:55.935+0000] {dag.py:4138} INFO - Setting next_dagrun for flex_eau_pipeline to 2026-07-25 00:00:00+00:00, run_after=2026-07-26 00:00:00+00:00
[2026-07-25T22:25:55.978+0000] {processor.py:208} INFO - Processing /opt/airflow/dags/flex_eau_pipeline.py took 0.286 seconds
[2026-07-25T22:26:26.565+0000] {processor.py:186} INFO - Started process (PID=5507) to work on /opt/airflow/dags/flex_eau_pipeline.py
[2026-07-25T22:26:26.568+0000] {processor.py:914} INFO - Processing file /opt/airflow/dags/flex_eau_pipeline.py for tasks to queue
[2026-07-25T22:26:26.576+0000] {logging_mixin.py:190} INFO - [2026-07-25T22:26:26.576+0000] {dagbag.py:587} INFO - Filling up the DagBag from /opt/airflow/dags/flex_eau_pipeline.py
[2026-07-25T22:26:26.675+0000] {processor.py:925} INFO - DAG(s) 'flex_eau_pipeline' retrieved from /opt/airflow/dags/flex_eau_pipeline.py
[2026-07-25T22:26:26.803+0000] {logging_mixin.py:190} INFO - [2026-07-25T22:26:26.802+0000] {dag.py:3211} INFO - Sync 1 DAGs
[2026-07-25T22:26:26.886+0000] {logging_mixin.py:190} INFO - [2026-07-25T22:26:26.886+0000] {dag.py:4138} INFO - Setting next_dagrun for flex_eau_pipeline to 2026-07-25 00:00:00+00:00, run_after=2026-07-26 00:00:00+00:00
[2026-07-25T22:26:26.922+0000] {processor.py:208} INFO - Processing /opt/airflow/dags/flex_eau_pipeline.py took 0.392 seconds
[2026-07-25T22:26:57.356+0000] {processor.py:186} INFO - Started process (PID=5512) to work on /opt/airflow/dags/flex_eau_pipeline.py
[2026-07-25T22:26:57.359+0000] {processor.py:914} INFO - Processing file /opt/airflow/dags/flex_eau_pipeline.py for tasks to queue
[2026-07-25T22:26:57.364+0000] {logging_mixin.py:190} INFO - [2026-07-25T22:26:57.363+0000] {dagbag.py:587} INFO - Filling up the DagBag from /opt/airflow/dags/flex_eau_pipeline.py
[2026-07-25T22:26:57.453+0000] {processor.py:925} INFO - DAG(s) 'flex_eau_pipeline' retrieved from /opt/airflow/dags/flex_eau_pipeline.py
[2026-07-25T22:26:57.530+0000] {logging_mixin.py:190} INFO - [2026-07-25T22:26:57.530+0000] {dag.py:3211} INFO - Sync 1 DAGs
[2026-07-25T22:26:57.583+0000] {logging_mixin.py:190} INFO - [2026-07-25T22:26:57.583+0000] {dag.py:4138} INFO - Setting next_dagrun for flex_eau_pipeline to 2026-07-25 00:00:00+00:00, run_after=2026-07-26 00:00:00+00:00
[2026-07-25T22:26:57.622+0000] {processor.py:208} INFO - Processing /opt/airflow/dags/flex_eau_pipeline.py took 0.281 seconds
[2026-07-25T22:27:28.367+0000] {processor.py:186} INFO - Started process (PID=5517) to work on /opt/airflow/dags/flex_eau_pipeline.py
[2026-07-25T22:27:28.370+0000] {processor.py:914} INFO - Processing file /opt/airflow/dags/flex_eau_pipeline.py for tasks to queue
[2026-07-25T22:27:28.378+0000] {logging_mixin.py:190} INFO - [2026-07-25T22:27:28.378+0000] {dagbag.py:587} INFO - Filling up the DagBag from /opt/airflow/dags/flex_eau_pipeline.py
[2026-07-25T22:27:28.453+0000] {processor.py:925} INFO - DAG(s) 'flex_eau_pipeline' retrieved from /opt/airflow/dags/flex_eau_pipeline.py
[2026-07-25T22:27:28.568+0000] {logging_mixin.py:190} INFO - [2026-07-25T22:27:28.567+0000] {dag.py:3211} INFO - Sync 1 DAGs
[2026-07-25T22:27:28.670+0000] {logging_mixin.py:190} INFO - [2026-07-25T22:27:28.669+0000] {dag.py:4138} INFO - Setting next_dagrun for flex_eau_pipeline to 2026-07-25 00:00:00+00:00, run_after=2026-07-26 00:00:00+00:00
[2026-07-25T22:27:28.739+0000] {processor.py:208} INFO - Processing /opt/airflow/dags/flex_eau_pipeline.py took 0.390 seconds
[2026-07-25T22:27:59.172+0000] {processor.py:186} INFO - Started process (PID=5522) to work on /opt/airflow/dags/flex_eau_pipeline.py
[2026-07-25T22:27:59.173+0000] {processor.py:914} INFO - Processing file /opt/airflow/dags/flex_eau_pipeline.py for tasks to queue
[2026-07-25T22:27:59.177+0000] {logging_mixin.py:190} INFO - [2026-07-25T22:27:59.177+0000] {dagbag.py:587} INFO - Filling up the DagBag from /opt/airflow/dags/flex_eau_pipeline.py
[2026-07-25T22:27:59.215+0000] {processor.py:925} INFO - DAG(s) 'flex_eau_pipeline' retrieved from /opt/airflow/dags/flex_eau_pipeline.py
[2026-07-25T22:27:59.267+0000] {logging_mixin.py:190} INFO - [2026-07-25T22:27:59.267+0000] {dag.py:3211} INFO - Sync 1 DAGs
[2026-07-25T22:27:59.304+0000] {logging_mixin.py:190} INFO - [2026-07-25T22:27:59.303+0000] {dag.py:4138} INFO - Setting next_dagrun for flex_eau_pipeline to 2026-07-25 00:00:00+00:00, run_after=2026-07-26 00:00:00+00:00
[2026-07-25T22:27:59.334+0000] {processor.py:208} INFO - Processing /opt/airflow/dags/flex_eau_pipeline.py took 0.174 seconds
[2026-07-25T22:28:29.944+0000] {processor.py:186} INFO - Started process (PID=5527) to work on /opt/airflow/dags/flex_eau_pipeline.py
[2026-07-25T22:28:29.946+0000] {processor.py:914} INFO - Processing file /opt/airflow/dags/flex_eau_pipeline.py for tasks to queue
[2026-07-25T22:28:29.951+0000] {logging_mixin.py:190} INFO - [2026-07-25T22:28:29.950+0000] {dagbag.py:587} INFO - Filling up the DagBag from /opt/airflow/dags/flex_eau_pipeline.py
[2026-07-25T22:28:30.001+0000] {processor.py:925} INFO - DAG(s) 'flex_eau_pipeline' retrieved from /opt/airflow/dags/flex_eau_pipeline.py
[2026-07-25T22:28:30.111+0000] {logging_mixin.py:190} INFO - [2026-07-25T22:28:30.111+0000] {dag.py:3211} INFO - Sync 1 DAGs
[2026-07-25T22:28:30.148+0000] {logging_mixin.py:190} INFO - [2026-07-25T22:28:30.148+0000] {dag.py:4138} INFO - Setting next_dagrun for flex_eau_pipeline to 2026-07-25 00:00:00+00:00, run_after=2026-07-26 00:00:00+00:00
[2026-07-25T22:28:30.178+0000] {processor.py:208} INFO - Processing /opt/airflow/dags/flex_eau_pipeline.py took 0.243 seconds
[2026-07-25T22:29:00.679+0000] {processor.py:186} INFO - Started process (PID=5532) to work on /opt/airflow/dags/flex_eau_pipeline.py
[2026-07-25T22:29:00.682+0000] {processor.py:914} INFO - Processing file /opt/airflow/dags/flex_eau_pipeline.py for tasks to queue
[2026-07-25T22:29:00.689+0000] {logging_mixin.py:190} INFO - [2026-07-25T22:29:00.688+0000] {dagbag.py:587} INFO - Filling up the DagBag from /opt/airflow/dags/flex_eau_pipeline.py
[2026-07-25T22:29:00.758+0000] {processor.py:925} INFO - DAG(s) 'flex_eau_pipeline' retrieved from /opt/airflow/dags/flex_eau_pipeline.py
[2026-07-25T22:29:00.846+0000] {logging_mixin.py:190} INFO - [2026-07-25T22:29:00.845+0000] {dag.py:3211} INFO - Sync 1 DAGs
[2026-07-25T22:29:00.948+0000] {logging_mixin.py:190} INFO - [2026-07-25T22:29:00.947+0000] {dag.py:4138} INFO - Setting next_dagrun for flex_eau_pipeline to 2026-07-25 00:00:00+00:00, run_after=2026-07-26 00:00:00+00:00
[2026-07-25T22:29:01.015+0000] {processor.py:208} INFO - Processing /opt/airflow/dags/flex_eau_pipeline.py took 0.352 seconds
[2026-07-25T22:29:31.670+0000] {processor.py:186} INFO - Started process (PID=5537) to work on /opt/airflow/dags/flex_eau_pipeline.py
[2026-07-25T22:29:31.676+0000] {processor.py:914} INFO - Processing file /opt/airflow/dags/flex_eau_pipeline.py for tasks to queue
[2026-07-25T22:29:31.691+0000] {logging_mixin.py:190} INFO - [2026-07-25T22:29:31.690+0000] {dagbag.py:587} INFO - Filling up the DagBag from /opt/airflow/dags/flex_eau_pipeline.py
[2026-07-25T22:29:31.810+0000] {processor.py:925} INFO - DAG(s) 'flex_eau_pipeline' retrieved from /opt/airflow/dags/flex_eau_pipeline.py
[2026-07-25T22:29:31.933+0000] {logging_mixin.py:190} INFO - [2026-07-25T22:29:31.932+0000] {dag.py:3211} INFO - Sync 1 DAGs
[2026-07-25T22:29:32.037+0000] {logging_mixin.py:190} INFO - [2026-07-25T22:29:32.037+0000] {dag.py:4138} INFO - Setting next_dagrun for flex_eau_pipeline to 2026-07-25 00:00:00+00:00, run_after=2026-07-26 00:00:00+00:00
[2026-07-25T22:29:32.085+0000] {processor.py:208} INFO - Processing /opt/airflow/dags/flex_eau_pipeline.py took 0.454 seconds
[2026-07-25T22:30:02.596+0000] {processor.py:186} INFO - Started process (PID=5542) to work on /opt/airflow/dags/flex_eau_pipeline.py
[2026-07-25T22:30:02.601+0000] {processor.py:914} INFO - Processing file /opt/airflow/dags/flex_eau_pipeline.py for tasks to queue
[2026-07-25T22:30:02.609+0000] {logging_mixin.py:190} INFO - [2026-07-25T22:30:02.608+0000] {dagbag.py:587} INFO - Filling up the DagBag from /opt/airflow/dags/flex_eau_pipeline.py
[2026-07-25T22:30:02.688+0000] {processor.py:925} INFO - DAG(s) 'flex_eau_pipeline' retrieved from /opt/airflow/dags/flex_eau_pipeline.py
[2026-07-25T22:30:02.755+0000] {logging_mixin.py:190} INFO - [2026-07-25T22:30:02.754+0000] {dag.py:3211} INFO - Sync 1 DAGs
[2026-07-25T22:30:02.800+0000] {logging_mixin.py:190} INFO - [2026-07-25T22:30:02.799+0000] {dag.py:4138} INFO - Setting next_dagrun for flex_eau_pipeline to 2026-07-25 00:00:00+00:00, run_after=2026-07-26 00:00:00+00:00
[2026-07-25T22:30:02.833+0000] {processor.py:208} INFO - Processing /opt/airflow/dags/flex_eau_pipeline.py took 0.263 seconds
[2026-07-25T22:30:33.738+0000] {processor.py:186} INFO - Started process (PID=5547) to work on /opt/airflow/dags/flex_eau_pipeline.py
[2026-07-25T22:30:33.740+0000] {processor.py:914} INFO - Processing file /opt/airflow/dags/flex_eau_pipeline.py for tasks to queue
[2026-07-25T22:30:33.746+0000] {logging_mixin.py:190} INFO - [2026-07-25T22:30:33.745+0000] {dagbag.py:587} INFO - Filling up the DagBag from /opt/airflow/dags/flex_eau_pipeline.py
[2026-07-25T22:30:33.811+0000] {processor.py:925} INFO - DAG(s) 'flex_eau_pipeline' retrieved from /opt/airflow/dags/flex_eau_pipeline.py
[2026-07-25T22:30:33.899+0000] {logging_mixin.py:190} INFO - [2026-07-25T22:30:33.898+0000] {dag.py:3211} INFO - Sync 1 DAGs
[2026-07-25T22:30:33.987+0000] {logging_mixin.py:190} INFO - [2026-07-25T22:30:33.986+0000] {dag.py:4138} INFO - Setting next_dagrun for flex_eau_pipeline to 2026-07-25 00:00:00+00:00, run_after=2026-07-26 00:00:00+00:00
[2026-07-25T22:30:34.043+0000] {processor.py:208} INFO - Processing /opt/airflow/dags/flex_eau_pipeline.py took 0.318 seconds
[2026-07-25T22:31:04.392+0000] {processor.py:186} INFO - Started process (PID=5552) to work on /opt/airflow/dags/flex_eau_pipeline.py
[2026-07-25T22:31:04.395+0000] {processor.py:914} INFO - Processing file /opt/airflow/dags/flex_eau_pipeline.py for tasks to queue
[2026-07-25T22:31:04.402+0000] {logging_mixin.py:190} INFO - [2026-07-25T22:31:04.401+0000] {dagbag.py:587} INFO - Filling up the DagBag from /opt/airflow/dags/flex_eau_pipeline.py
[2026-07-25T22:31:04.485+0000] {processor.py:925} INFO - DAG(s) 'flex_eau_pipeline' retrieved from /opt/airflow/dags/flex_eau_pipeline.py
[2026-07-25T22:31:04.599+0000] {logging_mixin.py:190} INFO - [2026-07-25T22:31:04.598+0000] {dag.py:3211} INFO - Sync 1 DAGs
[2026-07-25T22:31:04.675+0000] {logging_mixin.py:190} INFO - [2026-07-25T22:31:04.674+0000] {dag.py:4138} INFO - Setting next_dagrun for flex_eau_pipeline to 2026-07-25 00:00:00+00:00, run_after=2026-07-26 00:00:00+00:00
[2026-07-25T22:31:04.734+0000] {processor.py:208} INFO - Processing /opt/airflow/dags/flex_eau_pipeline.py took 0.353 seconds
[2026-07-25T22:31:35.631+0000] {processor.py:186} INFO - Started process (PID=5557) to work on /opt/airflow/dags/flex_eau_pipeline.py
[2026-07-25T22:31:35.634+0000] {processor.py:914} INFO - Processing file /opt/airflow/dags/flex_eau_pipeline.py for tasks to queue
[2026-07-25T22:31:35.640+0000] {logging_mixin.py:190} INFO - [2026-07-25T22:31:35.639+0000] {dagbag.py:587} INFO - Filling up the DagBag from /opt/airflow/dags/flex_eau_pipeline.py
[2026-07-25T22:31:35.719+0000] {processor.py:925} INFO - DAG(s) 'flex_eau_pipeline' retrieved from /opt/airflow/dags/flex_eau_pipeline.py
[2026-07-25T22:31:35.837+0000] {logging_mixin.py:190} INFO - [2026-07-25T22:31:35.836+0000] {dag.py:3211} INFO - Sync 1 DAGs
[2026-07-25T22:31:35.929+0000] {logging_mixin.py:190} INFO - [2026-07-25T22:31:35.928+0000] {dag.py:4138} INFO - Setting next_dagrun for flex_eau_pipeline to 2026-07-25 00:00:00+00:00, run_after=2026-07-26 00:00:00+00:00
[2026-07-25T22:31:35.998+0000] {processor.py:208} INFO - Processing /opt/airflow/dags/flex_eau_pipeline.py took 0.388 seconds
[2026-07-25T22:32:06.383+0000] {processor.py:186} INFO - Started process (PID=5562) to work on /opt/airflow/dags/flex_eau_pipeline.py
[2026-07-25T22:32:06.387+0000] {processor.py:914} INFO - Processing file /opt/airflow/dags/flex_eau_pipeline.py for tasks to queue
[2026-07-25T22:32:06.396+0000] {logging_mixin.py:190} INFO - [2026-07-25T22:32:06.394+0000] {dagbag.py:587} INFO - Filling up the DagBag from /opt/airflow/dags/flex_eau_pipeline.py
[2026-07-25T22:32:06.471+0000] {processor.py:925} INFO - DAG(s) 'flex_eau_pipeline' retrieved from /opt/airflow/dags/flex_eau_pipeline.py
[2026-07-25T22:32:06.540+0000] {logging_mixin.py:190} INFO - [2026-07-25T22:32:06.539+0000] {dag.py:3211} INFO - Sync 1 DAGs
[2026-07-25T22:32:06.602+0000] {logging_mixin.py:190} INFO - [2026-07-25T22:32:06.602+0000] {dag.py:4138} INFO - Setting next_dagrun for flex_eau_pipeline to 2026-07-25 00:00:00+00:00, run_after=2026-07-26 00:00:00+00:00
[2026-07-25T22:32:06.652+0000] {processor.py:208} INFO - Processing /opt/airflow/dags/flex_eau_pipeline.py took 0.290 seconds
[2026-07-25T22:32:37.048+0000] {processor.py:186} INFO - Started process (PID=5567) to work on /opt/airflow/dags/flex_eau_pipeline.py
[2026-07-25T22:32:37.050+0000] {processor.py:914} INFO - Processing file /opt/airflow/dags/flex_eau_pipeline.py for tasks to queue
[2026-07-25T22:32:37.053+0000] {logging_mixin.py:190} INFO - [2026-07-25T22:32:37.053+0000] {dagbag.py:587} INFO - Filling up the DagBag from /opt/airflow/dags/flex_eau_pipeline.py
[2026-07-25T22:32:37.089+0000] {processor.py:925} INFO - DAG(s) 'flex_eau_pipeline' retrieved from /opt/airflow/dags/flex_eau_pipeline.py
[2026-07-25T22:32:37.134+0000] {logging_mixin.py:190} INFO - [2026-07-25T22:32:37.134+0000] {dag.py:3211} INFO - Sync 1 DAGs
[2026-07-25T22:32:37.166+0000] {logging_mixin.py:190} INFO - [2026-07-25T22:32:37.165+0000] {dag.py:4138} INFO - Setting next_dagrun for flex_eau_pipeline to 2026-07-25 00:00:00+00:00, run_after=2026-07-26 00:00:00+00:00
[2026-07-25T22:32:37.217+0000] {processor.py:208} INFO - Processing /opt/airflow/dags/flex_eau_pipeline.py took 0.180 seconds
[2026-07-25T22:33:07.559+0000] {processor.py:186} INFO - Started process (PID=5572) to work on /opt/airflow/dags/flex_eau_pipeline.py
[2026-07-25T22:33:07.560+0000] {processor.py:914} INFO - Processing file /opt/airflow/dags/flex_eau_pipeline.py for tasks to queue
[2026-07-25T22:33:07.564+0000] {logging_mixin.py:190} INFO - [2026-07-25T22:33:07.564+0000] {dagbag.py:587} INFO - Filling up the DagBag from /opt/airflow/dags/flex_eau_pipeline.py
[2026-07-25T22:33:07.611+0000] {processor.py:925} INFO - DAG(s) 'flex_eau_pipeline' retrieved from /opt/airflow/dags/flex_eau_pipeline.py
[2026-07-25T22:33:07.672+0000] {logging_mixin.py:190} INFO - [2026-07-25T22:33:07.672+0000] {dag.py:3211} INFO - Sync 1 DAGs
[2026-07-25T22:33:07.710+0000] {logging_mixin.py:190} INFO - [2026-07-25T22:33:07.709+0000] {dag.py:4138} INFO - Setting next_dagrun for flex_eau_pipeline to 2026-07-25 00:00:00+00:00, run_after=2026-07-26 00:00:00+00:00
[2026-07-25T22:33:07.739+0000] {processor.py:208} INFO - Processing /opt/airflow/dags/flex_eau_pipeline.py took 0.193 seconds
[2026-07-25T22:33:38.089+0000] {processor.py:186} INFO - Started process (PID=5577) to work on /opt/airflow/dags/flex_eau_pipeline.py
[2026-07-25T22:33:38.091+0000] {processor.py:914} INFO - Processing file /opt/airflow/dags/flex_eau_pipeline.py for tasks to queue
[2026-07-25T22:33:38.096+0000] {logging_mixin.py:190} INFO - [2026-07-25T22:33:38.095+0000] {dagbag.py:587} INFO - Filling up the DagBag from /opt/airflow/dags/flex_eau_pipeline.py
[2026-07-25T22:33:38.137+0000] {processor.py:925} INFO - DAG(s) 'flex_eau_pipeline' retrieved from /opt/airflow/dags/flex_eau_pipeline.py
[2026-07-25T22:33:38.183+0000] {logging_mixin.py:190} INFO - [2026-07-25T22:33:38.183+0000] {dag.py:3211} INFO - Sync 1 DAGs
[2026-07-25T22:33:38.217+0000] {logging_mixin.py:190} INFO - [2026-07-25T22:33:38.217+0000] {dag.py:4138} INFO - Setting next_dagrun for flex_eau_pipeline to 2026-07-25 00:00:00+00:00, run_after=2026-07-26 00:00:00+00:00
[2026-07-25T22:33:38.243+0000] {processor.py:208} INFO - Processing /opt/airflow/dags/flex_eau_pipeline.py took 0.166 seconds
[2026-07-25T22:34:08.615+0000] {processor.py:186} INFO - Started process (PID=5582) to work on /opt/airflow/dags/flex_eau_pipeline.py
[2026-07-25T22:34:08.620+0000] {processor.py:914} INFO - Processing file /opt/airflow/dags/flex_eau_pipeline.py for tasks to queue
[2026-07-25T22:34:08.629+0000] {logging_mixin.py:190} INFO - [2026-07-25T22:34:08.628+0000] {dagbag.py:587} INFO - Filling up the DagBag from /opt/airflow/dags/flex_eau_pipeline.py
[2026-07-25T22:34:08.691+0000] {processor.py:925} INFO - DAG(s) 'flex_eau_pipeline' retrieved from /opt/airflow/dags/flex_eau_pipeline.py
[2026-07-25T22:34:08.777+0000] {logging_mixin.py:190} INFO - [2026-07-25T22:34:08.775+0000] {dag.py:3211} INFO - Sync 1 DAGs
[2026-07-25T22:34:08.826+0000] {logging_mixin.py:190} INFO - [2026-07-25T22:34:08.826+0000] {dag.py:4138} INFO - Setting next_dagrun for flex_eau_pipeline to 2026-07-25 00:00:00+00:00, run_after=2026-07-26 00:00:00+00:00
[2026-07-25T22:34:08.856+0000] {processor.py:208} INFO - Processing /opt/airflow/dags/flex_eau_pipeline.py took 0.267 seconds
[2026-07-25T22:34:39.250+0000] {processor.py:186} INFO - Started process (PID=5587) to work on /opt/airflow/dags/flex_eau_pipeline.py
[2026-07-25T22:34:39.252+0000] {processor.py:914} INFO - Processing file /opt/airflow/dags/flex_eau_pipeline.py for tasks to queue
[2026-07-25T22:34:39.255+0000] {logging_mixin.py:190} INFO - [2026-07-25T22:34:39.255+0000] {dagbag.py:587} INFO - Filling up the DagBag from /opt/airflow/dags/flex_eau_pipeline.py
[2026-07-25T22:34:39.291+0000] {processor.py:925} INFO - DAG(s) 'flex_eau_pipeline' retrieved from /opt/airflow/dags/flex_eau_pipeline.py
[2026-07-25T22:34:39.339+0000] {logging_mixin.py:190} INFO - [2026-07-25T22:34:39.339+0000] {dag.py:3211} INFO - Sync 1 DAGs
[2026-07-25T22:34:39.372+0000] {logging_mixin.py:190} INFO - [2026-07-25T22:34:39.372+0000] {dag.py:4138} INFO - Setting next_dagrun for flex_eau_pipeline to 2026-07-25 00:00:00+00:00, run_after=2026-07-26 00:00:00+00:00
[2026-07-25T22:34:39.400+0000] {processor.py:208} INFO - Processing /opt/airflow/dags/flex_eau_pipeline.py took 0.160 seconds
[2026-07-25T22:35:09.959+0000] {processor.py:186} INFO - Started process (PID=5592) to work on /opt/airflow/dags/flex_eau_pipeline.py
[2026-07-25T22:35:09.960+0000] {processor.py:914} INFO - Processing file /opt/airflow/dags/flex_eau_pipeline.py for tasks to queue
[2026-07-25T22:35:09.963+0000] {logging_mixin.py:190} INFO - [2026-07-25T22:35:09.963+0000] {dagbag.py:587} INFO - Filling up the DagBag from /opt/airflow/dags/flex_eau_pipeline.py
[2026-07-25T22:35:09.994+0000] {processor.py:925} INFO - DAG(s) 'flex_eau_pipeline' retrieved from /opt/airflow/dags/flex_eau_pipeline.py
[2026-07-25T22:35:10.036+0000] {logging_mixin.py:190} INFO - [2026-07-25T22:35:10.035+0000] {dag.py:3211} INFO - Sync 1 DAGs
[2026-07-25T22:35:10.116+0000] {logging_mixin.py:190} INFO - [2026-07-25T22:35:10.115+0000] {dag.py:4138} INFO - Setting next_dagrun for flex_eau_pipeline to 2026-07-25 00:00:00+00:00, run_after=2026-07-26 00:00:00+00:00
[2026-07-25T22:35:10.148+0000] {processor.py:208} INFO - Processing /opt/airflow/dags/flex_eau_pipeline.py took 0.199 seconds
[2026-07-25T22:35:40.556+0000] {processor.py:186} INFO - Started process (PID=5597) to work on /opt/airflow/dags/flex_eau_pipeline.py
[2026-07-25T22:35:40.560+0000] {processor.py:914} INFO - Processing file /opt/airflow/dags/flex_eau_pipeline.py for tasks to queue
[2026-07-25T22:35:40.567+0000] {logging_mixin.py:190} INFO - [2026-07-25T22:35:40.566+0000] {dagbag.py:587} INFO - Filling up the DagBag from /opt/airflow/dags/flex_eau_pipeline.py
[2026-07-25T22:35:40.626+0000] {processor.py:925} INFO - DAG(s) 'flex_eau_pipeline' retrieved from /opt/airflow/dags/flex_eau_pipeline.py
[2026-07-25T22:35:40.717+0000] {logging_mixin.py:190} INFO - [2026-07-25T22:35:40.717+0000] {dag.py:3211} INFO - Sync 1 DAGs
[2026-07-25T22:35:40.788+0000] {logging_mixin.py:190} INFO - [2026-07-25T22:35:40.787+0000] {dag.py:4138} INFO - Setting next_dagrun for flex_eau_pipeline to 2026-07-25 00:00:00+00:00, run_after=2026-07-26 00:00:00+00:00
[2026-07-25T22:35:40.859+0000] {processor.py:208} INFO - Processing /opt/airflow/dags/flex_eau_pipeline.py took 0.333 seconds
[2026-07-25T22:36:11.408+0000] {processor.py:186} INFO - Started process (PID=5602) to work on /opt/airflow/dags/flex_eau_pipeline.py
[2026-07-25T22:36:11.410+0000] {processor.py:914} INFO - Processing file /opt/airflow/dags/flex_eau_pipeline.py for tasks to queue
[2026-07-25T22:36:11.413+0000] {logging_mixin.py:190} INFO - [2026-07-25T22:36:11.413+0000] {dagbag.py:587} INFO - Filling up the DagBag from /opt/airflow/dags/flex_eau_pipeline.py
[2026-07-25T22:36:11.450+0000] {processor.py:925} INFO - DAG(s) 'flex_eau_pipeline' retrieved from /opt/airflow/dags/flex_eau_pipeline.py
[2026-07-25T22:36:11.493+0000] {logging_mixin.py:190} INFO - [2026-07-25T22:36:11.493+0000] {dag.py:3211} INFO - Sync 1 DAGs
[2026-07-25T22:36:11.528+0000] {logging_mixin.py:190} INFO - [2026-07-25T22:36:11.528+0000] {dag.py:4138} INFO - Setting next_dagrun for flex_eau_pipeline to 2026-07-25 00:00:00+00:00, run_after=2026-07-26 00:00:00+00:00
[2026-07-25T22:36:11.562+0000] {processor.py:208} INFO - Processing /opt/airflow/dags/flex_eau_pipeline.py took 0.164 seconds
[2026-07-25T22:36:42.145+0000] {processor.py:186} INFO - Started process (PID=5607) to work on /opt/airflow/dags/flex_eau_pipeline.py
[2026-07-25T22:36:42.150+0000] {processor.py:914} INFO - Processing file /opt/airflow/dags/flex_eau_pipeline.py for tasks to queue
[2026-07-25T22:36:42.157+0000] {logging_mixin.py:190} INFO - [2026-07-25T22:36:42.156+0000] {dagbag.py:587} INFO - Filling up the DagBag from /opt/airflow/dags/flex_eau_pipeline.py
[2026-07-25T22:36:42.222+0000] {processor.py:925} INFO - DAG(s) 'flex_eau_pipeline' retrieved from /opt/airflow/dags/flex_eau_pipeline.py
[2026-07-25T22:36:42.266+0000] {logging_mixin.py:190} INFO - [2026-07-25T22:36:42.266+0000] {dag.py:3211} INFO - Sync 1 DAGs
[2026-07-25T22:36:42.303+0000] {logging_mixin.py:190} INFO - [2026-07-25T22:36:42.302+0000] {dag.py:4138} INFO - Setting next_dagrun for flex_eau_pipeline to 2026-07-25 00:00:00+00:00, run_after=2026-07-26 00:00:00+00:00
[2026-07-25T22:36:42.341+0000] {processor.py:208} INFO - Processing /opt/airflow/dags/flex_eau_pipeline.py took 0.229 seconds
[2026-07-25T22:37:12.812+0000] {processor.py:186} INFO - Started process (PID=5612) to work on /opt/airflow/dags/flex_eau_pipeline.py
[2026-07-25T22:37:12.814+0000] {processor.py:914} INFO - Processing file /opt/airflow/dags/flex_eau_pipeline.py for tasks to queue
[2026-07-25T22:37:12.821+0000] {logging_mixin.py:190} INFO - [2026-07-25T22:37:12.821+0000] {dagbag.py:587} INFO - Filling up the DagBag from /opt/airflow/dags/flex_eau_pipeline.py
[2026-07-25T22:37:12.870+0000] {processor.py:925} INFO - DAG(s) 'flex_eau_pipeline' retrieved from /opt/airflow/dags/flex_eau_pipeline.py
[2026-07-25T22:37:12.921+0000] {logging_mixin.py:190} INFO - [2026-07-25T22:37:12.920+0000] {dag.py:3211} INFO - Sync 1 DAGs
[2026-07-25T22:37:12.954+0000] {logging_mixin.py:190} INFO - [2026-07-25T22:37:12.954+0000] {dag.py:4138} INFO - Setting next_dagrun for flex_eau_pipeline to 2026-07-25 00:00:00+00:00, run_after=2026-07-26 00:00:00+00:00
[2026-07-25T22:37:12.996+0000] {processor.py:208} INFO - Processing /opt/airflow/dags/flex_eau_pipeline.py took 0.204 seconds
[2026-07-25T22:37:43.731+0000] {processor.py:186} INFO - Started process (PID=5617) to work on /opt/airflow/dags/flex_eau_pipeline.py
[2026-07-25T22:37:43.736+0000] {processor.py:914} INFO - Processing file /opt/airflow/dags/flex_eau_pipeline.py for tasks to queue
[2026-07-25T22:37:43.748+0000] {logging_mixin.py:190} INFO - [2026-07-25T22:37:43.746+0000] {dagbag.py:587} INFO - Filling up the DagBag from /opt/airflow/dags/flex_eau_pipeline.py
[2026-07-25T22:37:43.899+0000] {processor.py:925} INFO - DAG(s) 'flex_eau_pipeline' retrieved from /opt/airflow/dags/flex_eau_pipeline.py
[2026-07-25T22:37:44.091+0000] {logging_mixin.py:190} INFO - [2026-07-25T22:37:44.090+0000] {dag.py:3211} INFO - Sync 1 DAGs
[2026-07-25T22:37:44.207+0000] {logging_mixin.py:190} INFO - [2026-07-25T22:37:44.206+0000] {dag.py:4138} INFO - Setting next_dagrun for flex_eau_pipeline to 2026-07-25 00:00:00+00:00, run_after=2026-07-26 00:00:00+00:00
[2026-07-25T22:37:44.269+0000] {processor.py:208} INFO - Processing /opt/airflow/dags/flex_eau_pipeline.py took 0.570 seconds
[2026-07-25T22:38:14.906+0000] {processor.py:186} INFO - Started process (PID=5622) to work on /opt/airflow/dags/flex_eau_pipeline.py
[2026-07-25T22:38:14.908+0000] {processor.py:914} INFO - Processing file /opt/airflow/dags/flex_eau_pipeline.py for tasks to queue
[2026-07-25T22:38:14.911+0000] {logging_mixin.py:190} INFO - [2026-07-25T22:38:14.910+0000] {dagbag.py:587} INFO - Filling up the DagBag from /opt/airflow/dags/flex_eau_pipeline.py
[2026-07-25T22:38:14.945+0000] {processor.py:925} INFO - DAG(s) 'flex_eau_pipeline' retrieved from /opt/airflow/dags/flex_eau_pipeline.py
[2026-07-25T22:38:14.991+0000] {logging_mixin.py:190} INFO - [2026-07-25T22:38:14.991+0000] {dag.py:3211} INFO - Sync 1 DAGs
[2026-07-25T22:38:15.025+0000] {logging_mixin.py:190} INFO - [2026-07-25T22:38:15.025+0000] {dag.py:4138} INFO - Setting next_dagrun for flex_eau_pipeline to 2026-07-25 00:00:00+00:00, run_after=2026-07-26 00:00:00+00:00
[2026-07-25T22:38:15.055+0000] {processor.py:208} INFO - Processing /opt/airflow/dags/flex_eau_pipeline.py took 0.164 seconds
[2026-07-25T22:38:45.614+0000] {processor.py:186} INFO - Started process (PID=5627) to work on /opt/airflow/dags/flex_eau_pipeline.py
[2026-07-25T22:38:45.623+0000] {processor.py:914} INFO - Processing file /opt/airflow/dags/flex_eau_pipeline.py for tasks to queue
[2026-07-25T22:38:45.638+0000] {logging_mixin.py:190} INFO - [2026-07-25T22:38:45.637+0000] {dagbag.py:587} INFO - Filling up the DagBag from /opt/airflow/dags/flex_eau_pipeline.py
[2026-07-25T22:38:45.702+0000] {processor.py:925} INFO - DAG(s) 'flex_eau_pipeline' retrieved from /opt/airflow/dags/flex_eau_pipeline.py
[2026-07-25T22:38:45.752+0000] {logging_mixin.py:190} INFO - [2026-07-25T22:38:45.752+0000] {dag.py:3211} INFO - Sync 1 DAGs
[2026-07-25T22:38:45.784+0000] {logging_mixin.py:190} INFO - [2026-07-25T22:38:45.784+0000] {dag.py:4138} INFO - Setting next_dagrun for flex_eau_pipeline to 2026-07-25 00:00:00+00:00, run_after=2026-07-26 00:00:00+00:00
[2026-07-25T22:38:45.817+0000] {processor.py:208} INFO - Processing /opt/airflow/dags/flex_eau_pipeline.py took 0.257 seconds
[2026-07-25T22:39:16.217+0000] {processor.py:186} INFO - Started process (PID=5632) to work on /opt/airflow/dags/flex_eau_pipeline.py
[2026-07-25T22:39:16.219+0000] {processor.py:914} INFO - Processing file /opt/airflow/dags/flex_eau_pipeline.py for tasks to queue
[2026-07-25T22:39:16.221+0000] {logging_mixin.py:190} INFO - [2026-07-25T22:39:16.221+0000] {dagbag.py:587} INFO - Filling up the DagBag from /opt/airflow/dags/flex_eau_pipeline.py
[2026-07-25T22:39:16.254+0000] {processor.py:925} INFO - DAG(s) 'flex_eau_pipeline' retrieved from /opt/airflow/dags/flex_eau_pipeline.py
[2026-07-25T22:39:16.311+0000] {logging_mixin.py:190} INFO - [2026-07-25T22:39:16.311+0000] {dag.py:3211} INFO - Sync 1 DAGs
[2026-07-25T22:39:16.340+0000] {logging_mixin.py:190} INFO - [2026-07-25T22:39:16.339+0000] {dag.py:4138} INFO - Setting next_dagrun for flex_eau_pipeline to 2026-07-25 00:00:00+00:00, run_after=2026-07-26 00:00:00+00:00
[2026-07-25T22:39:16.363+0000] {processor.py:208} INFO - Processing /opt/airflow/dags/flex_eau_pipeline.py took 0.153 seconds
[2026-07-25T22:39:46.822+0000] {processor.py:186} INFO - Started process (PID=5637) to work on /opt/airflow/dags/flex_eau_pipeline.py
[2026-07-25T22:39:46.823+0000] {processor.py:914} INFO - Processing file /opt/airflow/dags/flex_eau_pipeline.py for tasks to queue
[2026-07-25T22:39:46.826+0000] {logging_mixin.py:190} INFO - [2026-07-25T22:39:46.826+0000] {dagbag.py:587} INFO - Filling up the DagBag from /opt/airflow/dags/flex_eau_pipeline.py
[2026-07-25T22:39:46.857+0000] {processor.py:925} INFO - DAG(s) 'flex_eau_pipeline' retrieved from /opt/airflow/dags/flex_eau_pipeline.py
[2026-07-25T22:39:46.892+0000] {logging_mixin.py:190} INFO - [2026-07-25T22:39:46.892+0000] {dag.py:3211} INFO - Sync 1 DAGs
[2026-07-25T22:39:46.916+0000] {logging_mixin.py:190} INFO - [2026-07-25T22:39:46.916+0000] {dag.py:4138} INFO - Setting next_dagrun for flex_eau_pipeline to 2026-07-25 00:00:00+00:00, run_after=2026-07-26 00:00:00+00:00
[2026-07-25T22:39:46.941+0000] {processor.py:208} INFO - Processing /opt/airflow/dags/flex_eau_pipeline.py took 0.125 seconds
[2026-07-25T22:40:17.393+0000] {processor.py:186} INFO - Started process (PID=5642) to work on /opt/airflow/dags/flex_eau_pipeline.py
[2026-07-25T22:40:17.394+0000] {processor.py:914} INFO - Processing file /opt/airflow/dags/flex_eau_pipeline.py for tasks to queue
[2026-07-25T22:40:17.397+0000] {logging_mixin.py:190} INFO - [2026-07-25T22:40:17.396+0000] {dagbag.py:587} INFO - Filling up the DagBag from /opt/airflow/dags/flex_eau_pipeline.py
[2026-07-25T22:40:17.425+0000] {processor.py:925} INFO - DAG(s) 'flex_eau_pipeline' retrieved from /opt/airflow/dags/flex_eau_pipeline.py
[2026-07-25T22:40:17.466+0000] {logging_mixin.py:190} INFO - [2026-07-25T22:40:17.466+0000] {dag.py:3211} INFO - Sync 1 DAGs
[2026-07-25T22:40:17.490+0000] {logging_mixin.py:190} INFO - [2026-07-25T22:40:17.490+0000] {dag.py:4138} INFO - Setting next_dagrun for flex_eau_pipeline to 2026-07-25 00:00:00+00:00, run_after=2026-07-26 00:00:00+00:00
[2026-07-25T22:40:17.511+0000] {processor.py:208} INFO - Processing /opt/airflow/dags/flex_eau_pipeline.py took 0.126 seconds
[2026-07-25T22:40:47.788+0000] {processor.py:186} INFO - Started process (PID=5647) to work on /opt/airflow/dags/flex_eau_pipeline.py
[2026-07-25T22:40:47.790+0000] {processor.py:914} INFO - Processing file /opt/airflow/dags/flex_eau_pipeline.py for tasks to queue
[2026-07-25T22:40:47.792+0000] {logging_mixin.py:190} INFO - [2026-07-25T22:40:47.792+0000] {dagbag.py:587} INFO - Filling up the DagBag from /opt/airflow/dags/flex_eau_pipeline.py
[2026-07-25T22:40:47.822+0000] {processor.py:925} INFO - DAG(s) 'flex_eau_pipeline' retrieved from /opt/airflow/dags/flex_eau_pipeline.py
[2026-07-25T22:40:47.857+0000] {logging_mixin.py:190} INFO - [2026-07-25T22:40:47.857+0000] {dag.py:3211} INFO - Sync 1 DAGs
[2026-07-25T22:40:47.881+0000] {logging_mixin.py:190} INFO - [2026-07-25T22:40:47.881+0000] {dag.py:4138} INFO - Setting next_dagrun for flex_eau_pipeline to 2026-07-25 00:00:00+00:00, run_after=2026-07-26 00:00:00+00:00
[2026-07-25T22:40:47.904+0000] {processor.py:208} INFO - Processing /opt/airflow/dags/flex_eau_pipeline.py took 0.123 seconds
[2026-07-25T22:41:18.120+0000] {processor.py:186} INFO - Started process (PID=5652) to work on /opt/airflow/dags/flex_eau_pipeline.py
[2026-07-25T22:41:18.121+0000] {processor.py:914} INFO - Processing file /opt/airflow/dags/flex_eau_pipeline.py for tasks to queue
[2026-07-25T22:41:18.125+0000] {logging_mixin.py:190} INFO - [2026-07-25T22:41:18.124+0000] {dagbag.py:587} INFO - Filling up the DagBag from /opt/airflow/dags/flex_eau_pipeline.py
[2026-07-25T22:41:18.155+0000] {processor.py:925} INFO - DAG(s) 'flex_eau_pipeline' retrieved from /opt/airflow/dags/flex_eau_pipeline.py
[2026-07-25T22:41:18.192+0000] {logging_mixin.py:190} INFO - [2026-07-25T22:41:18.192+0000] {dag.py:3211} INFO - Sync 1 DAGs
[2026-07-25T22:41:18.216+0000] {logging_mixin.py:190} INFO - [2026-07-25T22:41:18.215+0000] {dag.py:4138} INFO - Setting next_dagrun for flex_eau_pipeline to 2026-07-25 00:00:00+00:00, run_after=2026-07-26 00:00:00+00:00
[2026-07-25T22:41:18.241+0000] {processor.py:208} INFO - Processing /opt/airflow/dags/flex_eau_pipeline.py took 0.129 seconds
[2026-07-25T22:41:48.530+0000] {processor.py:186} INFO - Started process (PID=5657) to work on /opt/airflow/dags/flex_eau_pipeline.py
[2026-07-25T22:41:48.531+0000] {processor.py:914} INFO - Processing file /opt/airflow/dags/flex_eau_pipeline.py for tasks to queue
[2026-07-25T22:41:48.534+0000] {logging_mixin.py:190} INFO - [2026-07-25T22:41:48.533+0000] {dagbag.py:587} INFO - Filling up the DagBag from /opt/airflow/dags/flex_eau_pipeline.py
[2026-07-25T22:41:48.567+0000] {processor.py:925} INFO - DAG(s) 'flex_eau_pipeline' retrieved from /opt/airflow/dags/flex_eau_pipeline.py
[2026-07-25T22:41:48.606+0000] {logging_mixin.py:190} INFO - [2026-07-25T22:41:48.605+0000] {dag.py:3211} INFO - Sync 1 DAGs
[2026-07-25T22:41:48.631+0000] {logging_mixin.py:190} INFO - [2026-07-25T22:41:48.630+0000] {dag.py:4138} INFO - Setting next_dagrun for flex_eau_pipeline to 2026-07-25 00:00:00+00:00, run_after=2026-07-26 00:00:00+00:00
[2026-07-25T22:41:48.654+0000] {processor.py:208} INFO - Processing /opt/airflow/dags/flex_eau_pipeline.py took 0.132 seconds
[2026-07-25T22:42:18.916+0000] {processor.py:186} INFO - Started process (PID=5662) to work on /opt/airflow/dags/flex_eau_pipeline.py
[2026-07-25T22:42:18.918+0000] {processor.py:914} INFO - Processing file /opt/airflow/dags/flex_eau_pipeline.py for tasks to queue
[2026-07-25T22:42:18.921+0000] {logging_mixin.py:190} INFO - [2026-07-25T22:42:18.921+0000] {dagbag.py:587} INFO - Filling up the DagBag from /opt/airflow/dags/flex_eau_pipeline.py
[2026-07-25T22:42:18.955+0000] {processor.py:925} INFO - DAG(s) 'flex_eau_pipeline' retrieved from /opt/airflow/dags/flex_eau_pipeline.py
[2026-07-25T22:42:18.993+0000] {logging_mixin.py:190} INFO - [2026-07-25T22:42:18.993+0000] {dag.py:3211} INFO - Sync 1 DAGs
[2026-07-25T22:42:19.018+0000] {logging_mixin.py:190} INFO - [2026-07-25T22:42:19.017+0000] {dag.py:4138} INFO - Setting next_dagrun for flex_eau_pipeline to 2026-07-25 00:00:00+00:00, run_after=2026-07-26 00:00:00+00:00
[2026-07-25T22:42:19.041+0000] {processor.py:208} INFO - Processing /opt/airflow/dags/flex_eau_pipeline.py took 0.134 seconds
[2026-07-25T22:42:49.204+0000] {processor.py:186} INFO - Started process (PID=5667) to work on /opt/airflow/dags/flex_eau_pipeline.py
[2026-07-25T22:42:49.205+0000] {processor.py:914} INFO - Processing file /opt/airflow/dags/flex_eau_pipeline.py for tasks to queue
[2026-07-25T22:42:49.208+0000] {logging_mixin.py:190} INFO - [2026-07-25T22:42:49.207+0000] {dagbag.py:587} INFO - Filling up the DagBag from /opt/airflow/dags/flex_eau_pipeline.py
[2026-07-25T22:42:49.237+0000] {processor.py:925} INFO - DAG(s) 'flex_eau_pipeline' retrieved from /opt/airflow/dags/flex_eau_pipeline.py
[2026-07-25T22:42:49.274+0000] {logging_mixin.py:190} INFO - [2026-07-25T22:42:49.274+0000] {dag.py:3211} INFO - Sync 1 DAGs
[2026-07-25T22:42:49.299+0000] {logging_mixin.py:190} INFO - [2026-07-25T22:42:49.299+0000] {dag.py:4138} INFO - Setting next_dagrun for flex_eau_pipeline to 2026-07-25 00:00:00+00:00, run_after=2026-07-26 00:00:00+00:00
[2026-07-25T22:42:49.325+0000] {processor.py:208} INFO - Processing /opt/airflow/dags/flex_eau_pipeline.py took 0.129 seconds
[2026-07-25T22:43:19.495+0000] {processor.py:186} INFO - Started process (PID=5672) to work on /opt/airflow/dags/flex_eau_pipeline.py
[2026-07-25T22:43:19.496+0000] {processor.py:914} INFO - Processing file /opt/airflow/dags/flex_eau_pipeline.py for tasks to queue
[2026-07-25T22:43:19.499+0000] {logging_mixin.py:190} INFO - [2026-07-25T22:43:19.499+0000] {dagbag.py:587} INFO - Filling up the DagBag from /opt/airflow/dags/flex_eau_pipeline.py
[2026-07-25T22:43:19.527+0000] {processor.py:925} INFO - DAG(s) 'flex_eau_pipeline' retrieved from /opt/airflow/dags/flex_eau_pipeline.py
[2026-07-25T22:43:19.565+0000] {logging_mixin.py:190} INFO - [2026-07-25T22:43:19.565+0000] {dag.py:3211} INFO - Sync 1 DAGs
[2026-07-25T22:43:19.589+0000] {logging_mixin.py:190} INFO - [2026-07-25T22:43:19.589+0000] {dag.py:4138} INFO - Setting next_dagrun for flex_eau_pipeline to 2026-07-25 00:00:00+00:00, run_after=2026-07-26 00:00:00+00:00
[2026-07-25T22:43:19.615+0000] {processor.py:208} INFO - Processing /opt/airflow/dags/flex_eau_pipeline.py took 0.128 seconds
[2026-07-25T22:43:49.830+0000] {processor.py:186} INFO - Started process (PID=5677) to work on /opt/airflow/dags/flex_eau_pipeline.py
[2026-07-25T22:43:49.831+0000] {processor.py:914} INFO - Processing file /opt/airflow/dags/flex_eau_pipeline.py for tasks to queue
[2026-07-25T22:43:49.834+0000] {logging_mixin.py:190} INFO - [2026-07-25T22:43:49.834+0000] {dagbag.py:587} INFO - Filling up the DagBag from /opt/airflow/dags/flex_eau_pipeline.py
[2026-07-25T22:43:49.863+0000] {processor.py:925} INFO - DAG(s) 'flex_eau_pipeline' retrieved from /opt/airflow/dags/flex_eau_pipeline.py
[2026-07-25T22:43:49.909+0000] {logging_mixin.py:190} INFO - [2026-07-25T22:43:49.909+0000] {dag.py:3211} INFO - Sync 1 DAGs
[2026-07-25T22:43:49.936+0000] {logging_mixin.py:190} INFO - [2026-07-25T22:43:49.936+0000] {dag.py:4138} INFO - Setting next_dagrun for flex_eau_pipeline to 2026-07-25 00:00:00+00:00, run_after=2026-07-26 00:00:00+00:00
[2026-07-25T22:43:49.963+0000] {processor.py:208} INFO - Processing /opt/airflow/dags/flex_eau_pipeline.py took 0.141 seconds
[2026-07-25T22:44:20.164+0000] {processor.py:186} INFO - Started process (PID=5682) to work on /opt/airflow/dags/flex_eau_pipeline.py
[2026-07-25T22:44:20.166+0000] {processor.py:914} INFO - Processing file /opt/airflow/dags/flex_eau_pipeline.py for tasks to queue
[2026-07-25T22:44:20.169+0000] {logging_mixin.py:190} INFO - [2026-07-25T22:44:20.169+0000] {dagbag.py:587} INFO - Filling up the DagBag from /opt/airflow/dags/flex_eau_pipeline.py
[2026-07-25T22:44:20.203+0000] {processor.py:925} INFO - DAG(s) 'flex_eau_pipeline' retrieved from /opt/airflow/dags/flex_eau_pipeline.py
[2026-07-25T22:44:20.246+0000] {logging_mixin.py:190} INFO - [2026-07-25T22:44:20.246+0000] {dag.py:3211} INFO - Sync 1 DAGs
[2026-07-25T22:44:20.278+0000] {logging_mixin.py:190} INFO - [2026-07-25T22:44:20.277+0000] {dag.py:4138} INFO - Setting next_dagrun for flex_eau_pipeline to 2026-07-25 00:00:00+00:00, run_after=2026-07-26 00:00:00+00:00
[2026-07-25T22:44:20.304+0000] {processor.py:208} INFO - Processing /opt/airflow/dags/flex_eau_pipeline.py took 0.155 seconds
[2026-07-25T22:44:50.577+0000] {processor.py:186} INFO - Started process (PID=5687) to work on /opt/airflow/dags/flex_eau_pipeline.py
[2026-07-25T22:44:50.578+0000] {processor.py:914} INFO - Processing file /opt/airflow/dags/flex_eau_pipeline.py for tasks to queue
[2026-07-25T22:44:50.581+0000] {logging_mixin.py:190} INFO - [2026-07-25T22:44:50.581+0000] {dagbag.py:587} INFO - Filling up the DagBag from /opt/airflow/dags/flex_eau_pipeline.py
[2026-07-25T22:44:50.615+0000] {processor.py:925} INFO - DAG(s) 'flex_eau_pipeline' retrieved from /opt/airflow/dags/flex_eau_pipeline.py
[2026-07-25T22:44:50.659+0000] {logging_mixin.py:190} INFO - [2026-07-25T22:44:50.658+0000] {dag.py:3211} INFO - Sync 1 DAGs
[2026-07-25T22:44:50.684+0000] {logging_mixin.py:190} INFO - [2026-07-25T22:44:50.684+0000] {dag.py:4138} INFO - Setting next_dagrun for flex_eau_pipeline to 2026-07-25 00:00:00+00:00, run_after=2026-07-26 00:00:00+00:00
[2026-07-25T22:44:50.712+0000] {processor.py:208} INFO - Processing /opt/airflow/dags/flex_eau_pipeline.py took 0.144 seconds
[2026-07-25T22:45:21.092+0000] {processor.py:186} INFO - Started process (PID=5692) to work on /opt/airflow/dags/flex_eau_pipeline.py
[2026-07-25T22:45:21.093+0000] {processor.py:914} INFO - Processing file /opt/airflow/dags/flex_eau_pipeline.py for tasks to queue
[2026-07-25T22:45:21.096+0000] {logging_mixin.py:190} INFO - [2026-07-25T22:45:21.095+0000] {dagbag.py:587} INFO - Filling up the DagBag from /opt/airflow/dags/flex_eau_pipeline.py
[2026-07-25T22:45:21.124+0000] {processor.py:925} INFO - DAG(s) 'flex_eau_pipeline' retrieved from /opt/airflow/dags/flex_eau_pipeline.py
[2026-07-25T22:45:21.160+0000] {logging_mixin.py:190} INFO - [2026-07-25T22:45:21.160+0000] {dag.py:3211} INFO - Sync 1 DAGs
[2026-07-25T22:45:21.184+0000] {logging_mixin.py:190} INFO - [2026-07-25T22:45:21.184+0000] {dag.py:4138} INFO - Setting next_dagrun for flex_eau_pipeline to 2026-07-25 00:00:00+00:00, run_after=2026-07-26 00:00:00+00:00
[2026-07-25T22:45:21.209+0000] {processor.py:208} INFO - Processing /opt/airflow/dags/flex_eau_pipeline.py took 0.124 seconds
[2026-07-25T22:45:51.443+0000] {processor.py:186} INFO - Started process (PID=5697) to work on /opt/airflow/dags/flex_eau_pipeline.py
[2026-07-25T22:45:51.444+0000] {processor.py:914} INFO - Processing file /opt/airflow/dags/flex_eau_pipeline.py for tasks to queue
[2026-07-25T22:45:51.446+0000] {logging_mixin.py:190} INFO - [2026-07-25T22:45:51.446+0000] {dagbag.py:587} INFO - Filling up the DagBag from /opt/airflow/dags/flex_eau_pipeline.py
[2026-07-25T22:45:51.476+0000] {processor.py:925} INFO - DAG(s) 'flex_eau_pipeline' retrieved from /opt/airflow/dags/flex_eau_pipeline.py
[2026-07-25T22:45:51.515+0000] {logging_mixin.py:190} INFO - [2026-07-25T22:45:51.515+0000] {dag.py:3211} INFO - Sync 1 DAGs
[2026-07-25T22:45:51.541+0000] {logging_mixin.py:190} INFO - [2026-07-25T22:45:51.541+0000] {dag.py:4138} INFO - Setting next_dagrun for flex_eau_pipeline to 2026-07-25 00:00:00+00:00, run_after=2026-07-26 00:00:00+00:00
[2026-07-25T22:45:51.566+0000] {processor.py:208} INFO - Processing /opt/airflow/dags/flex_eau_pipeline.py took 0.132 seconds
[2026-07-25T22:46:21.762+0000] {processor.py:186} INFO - Started process (PID=5702) to work on /opt/airflow/dags/flex_eau_pipeline.py
[2026-07-25T22:46:21.764+0000] {processor.py:914} INFO - Processing file /opt/airflow/dags/flex_eau_pipeline.py for tasks to queue
[2026-07-25T22:46:21.767+0000] {logging_mixin.py:190} INFO - [2026-07-25T22:46:21.766+0000] {dagbag.py:587} INFO - Filling up the DagBag from /opt/airflow/dags/flex_eau_pipeline.py
[2026-07-25T22:46:21.795+0000] {processor.py:925} INFO - DAG(s) 'flex_eau_pipeline' retrieved from /opt/airflow/dags/flex_eau_pipeline.py
[2026-07-25T22:46:21.832+0000] {logging_mixin.py:190} INFO - [2026-07-25T22:46:21.832+0000] {dag.py:3211} INFO - Sync 1 DAGs
[2026-07-25T22:46:21.858+0000] {logging_mixin.py:190} INFO - [2026-07-25T22:46:21.858+0000] {dag.py:4138} INFO - Setting next_dagrun for flex_eau_pipeline to 2026-07-25 00:00:00+00:00, run_after=2026-07-26 00:00:00+00:00
[2026-07-25T22:46:21.881+0000] {processor.py:208} INFO - Processing /opt/airflow/dags/flex_eau_pipeline.py took 0.126 seconds
[2026-07-25T22:46:52.074+0000] {processor.py:186} INFO - Started process (PID=5707) to work on /opt/airflow/dags/flex_eau_pipeline.py
[2026-07-25T22:46:52.075+0000] {processor.py:914} INFO - Processing file /opt/airflow/dags/flex_eau_pipeline.py for tasks to queue
[2026-07-25T22:46:52.078+0000] {logging_mixin.py:190} INFO - [2026-07-25T22:46:52.078+0000] {dagbag.py:587} INFO - Filling up the DagBag from /opt/airflow/dags/flex_eau_pipeline.py
[2026-07-25T22:46:52.108+0000] {processor.py:925} INFO - DAG(s) 'flex_eau_pipeline' retrieved from /opt/airflow/dags/flex_eau_pipeline.py
[2026-07-25T22:46:52.145+0000] {logging_mixin.py:190} INFO - [2026-07-25T22:46:52.145+0000] {dag.py:3211} INFO - Sync 1 DAGs
[2026-07-25T22:46:52.171+0000] {logging_mixin.py:190} INFO - [2026-07-25T22:46:52.171+0000] {dag.py:4138} INFO - Setting next_dagrun for flex_eau_pipeline to 2026-07-25 00:00:00+00:00, run_after=2026-07-26 00:00:00+00:00
[2026-07-25T22:46:52.195+0000] {processor.py:208} INFO - Processing /opt/airflow/dags/flex_eau_pipeline.py took 0.129 seconds
[2026-07-25T22:47:22.496+0000] {processor.py:186} INFO - Started process (PID=5712) to work on /opt/airflow/dags/flex_eau_pipeline.py
[2026-07-25T22:47:22.498+0000] {processor.py:914} INFO - Processing file /opt/airflow/dags/flex_eau_pipeline.py for tasks to queue
[2026-07-25T22:47:22.501+0000] {logging_mixin.py:190} INFO - [2026-07-25T22:47:22.500+0000] {dagbag.py:587} INFO - Filling up the DagBag from /opt/airflow/dags/flex_eau_pipeline.py
[2026-07-25T22:47:22.530+0000] {processor.py:925} INFO - DAG(s) 'flex_eau_pipeline' retrieved from /opt/airflow/dags/flex_eau_pipeline.py
[2026-07-25T22:47:22.566+0000] {logging_mixin.py:190} INFO - [2026-07-25T22:47:22.566+0000] {dag.py:3211} INFO - Sync 1 DAGs
[2026-07-25T22:47:22.591+0000] {logging_mixin.py:190} INFO - [2026-07-25T22:47:22.591+0000] {dag.py:4138} INFO - Setting next_dagrun for flex_eau_pipeline to 2026-07-25 00:00:00+00:00, run_after=2026-07-26 00:00:00+00:00
[2026-07-25T22:47:22.615+0000] {processor.py:208} INFO - Processing /opt/airflow/dags/flex_eau_pipeline.py took 0.128 seconds
[2026-07-25T22:47:52.952+0000] {processor.py:186} INFO - Started process (PID=5717) to work on /opt/airflow/dags/flex_eau_pipeline.py
[2026-07-25T22:47:52.954+0000] {processor.py:914} INFO - Processing file /opt/airflow/dags/flex_eau_pipeline.py for tasks to queue
[2026-07-25T22:47:52.956+0000] {logging_mixin.py:190} INFO - [2026-07-25T22:47:52.956+0000] {dagbag.py:587} INFO - Filling up the DagBag from /opt/airflow/dags/flex_eau_pipeline.py
[2026-07-25T22:47:52.990+0000] {processor.py:925} INFO - DAG(s) 'flex_eau_pipeline' retrieved from /opt/airflow/dags/flex_eau_pipeline.py
[2026-07-25T22:47:53.031+0000] {logging_mixin.py:190} INFO - [2026-07-25T22:47:53.030+0000] {dag.py:3211} INFO - Sync 1 DAGs
[2026-07-25T22:47:53.058+0000] {logging_mixin.py:190} INFO - [2026-07-25T22:47:53.058+0000] {dag.py:4138} INFO - Setting next_dagrun for flex_eau_pipeline to 2026-07-25 00:00:00+00:00, run_after=2026-07-26 00:00:00+00:00
[2026-07-25T22:47:53.087+0000] {processor.py:208} INFO - Processing /opt/airflow/dags/flex_eau_pipeline.py took 0.142 seconds
[2026-07-25T22:48:23.495+0000] {processor.py:186} INFO - Started process (PID=5722) to work on /opt/airflow/dags/flex_eau_pipeline.py
[2026-07-25T22:48:23.496+0000] {processor.py:914} INFO - Processing file /opt/airflow/dags/flex_eau_pipeline.py for tasks to queue
[2026-07-25T22:48:23.499+0000] {logging_mixin.py:190} INFO - [2026-07-25T22:48:23.498+0000] {dagbag.py:587} INFO - Filling up the DagBag from /opt/airflow/dags/flex_eau_pipeline.py
[2026-07-25T22:48:23.528+0000] {processor.py:925} INFO - DAG(s) 'flex_eau_pipeline' retrieved from /opt/airflow/dags/flex_eau_pipeline.py
[2026-07-25T22:48:23.564+0000] {logging_mixin.py:190} INFO - [2026-07-25T22:48:23.564+0000] {dag.py:3211} INFO - Sync 1 DAGs
[2026-07-25T22:48:23.592+0000] {logging_mixin.py:190} INFO - [2026-07-25T22:48:23.592+0000] {dag.py:4138} INFO - Setting next_dagrun for flex_eau_pipeline to 2026-07-25 00:00:00+00:00, run_after=2026-07-26 00:00:00+00:00
[2026-07-25T22:48:23.616+0000] {processor.py:208} INFO - Processing /opt/airflow/dags/flex_eau_pipeline.py took 0.128 seconds
[2026-07-25T22:48:53.907+0000] {processor.py:186} INFO - Started process (PID=5727) to work on /opt/airflow/dags/flex_eau_pipeline.py
[2026-07-25T22:48:53.909+0000] {processor.py:914} INFO - Processing file /opt/airflow/dags/flex_eau_pipeline.py for tasks to queue
[2026-07-25T22:48:53.911+0000] {logging_mixin.py:190} INFO - [2026-07-25T22:48:53.911+0000] {dagbag.py:587} INFO - Filling up the DagBag from /opt/airflow/dags/flex_eau_pipeline.py
[2026-07-25T22:48:53.939+0000] {processor.py:925} INFO - DAG(s) 'flex_eau_pipeline' retrieved from /opt/airflow/dags/flex_eau_pipeline.py
[2026-07-25T22:48:53.977+0000] {logging_mixin.py:190} INFO - [2026-07-25T22:48:53.977+0000] {dag.py:3211} INFO - Sync 1 DAGs
[2026-07-25T22:48:54.004+0000] {logging_mixin.py:190} INFO - [2026-07-25T22:48:54.004+0000] {dag.py:4138} INFO - Setting next_dagrun for flex_eau_pipeline to 2026-07-25 00:00:00+00:00, run_after=2026-07-26 00:00:00+00:00
[2026-07-25T22:48:54.026+0000] {processor.py:208} INFO - Processing /opt/airflow/dags/flex_eau_pipeline.py took 0.126 seconds
[2026-07-25T22:49:24.429+0000] {processor.py:186} INFO - Started process (PID=5732) to work on /opt/airflow/dags/flex_eau_pipeline.py
[2026-07-25T22:49:24.431+0000] {processor.py:914} INFO - Processing file /opt/airflow/dags/flex_eau_pipeline.py for tasks to queue
[2026-07-25T22:49:24.433+0000] {logging_mixin.py:190} INFO - [2026-07-25T22:49:24.433+0000] {dagbag.py:587} INFO - Filling up the DagBag from /opt/airflow/dags/flex_eau_pipeline.py
[2026-07-25T22:49:24.460+0000] {processor.py:925} INFO - DAG(s) 'flex_eau_pipeline' retrieved from /opt/airflow/dags/flex_eau_pipeline.py
[2026-07-25T22:49:24.496+0000] {logging_mixin.py:190} INFO - [2026-07-25T22:49:24.496+0000] {dag.py:3211} INFO - Sync 1 DAGs
[2026-07-25T22:49:24.523+0000] {logging_mixin.py:190} INFO - [2026-07-25T22:49:24.522+0000] {dag.py:4138} INFO - Setting next_dagrun for flex_eau_pipeline to 2026-07-25 00:00:00+00:00, run_after=2026-07-26 00:00:00+00:00
[2026-07-25T22:49:24.547+0000] {processor.py:208} INFO - Processing /opt/airflow/dags/flex_eau_pipeline.py took 0.124 seconds
[2026-07-25T22:49:54.754+0000] {processor.py:186} INFO - Started process (PID=5737) to work on /opt/airflow/dags/flex_eau_pipeline.py
[2026-07-25T22:49:54.755+0000] {processor.py:914} INFO - Processing file /opt/airflow/dags/flex_eau_pipeline.py for tasks to queue
[2026-07-25T22:49:54.758+0000] {logging_mixin.py:190} INFO - [2026-07-25T22:49:54.758+0000] {dagbag.py:587} INFO - Filling up the DagBag from /opt/airflow/dags/flex_eau_pipeline.py
[2026-07-25T22:49:54.791+0000] {processor.py:925} INFO - DAG(s) 'flex_eau_pipeline' retrieved from /opt/airflow/dags/flex_eau_pipeline.py
[2026-07-25T22:49:54.828+0000] {logging_mixin.py:190} INFO - [2026-07-25T22:49:54.828+0000] {dag.py:3211} INFO - Sync 1 DAGs
[2026-07-25T22:49:54.854+0000] {logging_mixin.py:190} INFO - [2026-07-25T22:49:54.854+0000] {dag.py:4138} INFO - Setting next_dagrun for flex_eau_pipeline to 2026-07-25 00:00:00+00:00, run_after=2026-07-26 00:00:00+00:00
[2026-07-25T22:49:54.880+0000] {processor.py:208} INFO - Processing /opt/airflow/dags/flex_eau_pipeline.py took 0.133 seconds
[2026-07-25T22:50:25.283+0000] {processor.py:186} INFO - Started process (PID=5742) to work on /opt/airflow/dags/flex_eau_pipeline.py
[2026-07-25T22:50:25.284+0000] {processor.py:914} INFO - Processing file /opt/airflow/dags/flex_eau_pipeline.py for tasks to queue
[2026-07-25T22:50:25.288+0000] {logging_mixin.py:190} INFO - [2026-07-25T22:50:25.287+0000] {dagbag.py:587} INFO - Filling up the DagBag from /opt/airflow/dags/flex_eau_pipeline.py
[2026-07-25T22:50:25.318+0000] {processor.py:925} INFO - DAG(s) 'flex_eau_pipeline' retrieved from /opt/airflow/dags/flex_eau_pipeline.py
[2026-07-25T22:50:25.357+0000] {logging_mixin.py:190} INFO - [2026-07-25T22:50:25.357+0000] {dag.py:3211} INFO - Sync 1 DAGs
[2026-07-25T22:50:25.384+0000] {logging_mixin.py:190} INFO - [2026-07-25T22:50:25.384+0000] {dag.py:4138} INFO - Setting next_dagrun for flex_eau_pipeline to 2026-07-25 00:00:00+00:00, run_after=2026-07-26 00:00:00+00:00
[2026-07-25T22:50:25.411+0000] {processor.py:208} INFO - Processing /opt/airflow/dags/flex_eau_pipeline.py took 0.137 seconds
[2026-07-25T22:50:55.668+0000] {processor.py:186} INFO - Started process (PID=5747) to work on /opt/airflow/dags/flex_eau_pipeline.py
[2026-07-25T22:50:55.669+0000] {processor.py:914} INFO - Processing file /opt/airflow/dags/flex_eau_pipeline.py for tasks to queue
[2026-07-25T22:50:55.672+0000] {logging_mixin.py:190} INFO - [2026-07-25T22:50:55.671+0000] {dagbag.py:587} INFO - Filling up the DagBag from /opt/airflow/dags/flex_eau_pipeline.py
[2026-07-25T22:50:55.729+0000] {processor.py:925} INFO - DAG(s) 'flex_eau_pipeline' retrieved from /opt/airflow/dags/flex_eau_pipeline.py
[2026-07-25T22:50:55.769+0000] {logging_mixin.py:190} INFO - [2026-07-25T22:50:55.768+0000] {dag.py:3211} INFO - Sync 1 DAGs
[2026-07-25T22:50:55.795+0000] {logging_mixin.py:190} INFO - [2026-07-25T22:50:55.795+0000] {dag.py:4138} INFO - Setting next_dagrun for flex_eau_pipeline to 2026-07-25 00:00:00+00:00, run_after=2026-07-26 00:00:00+00:00
[2026-07-25T22:50:55.816+0000] {processor.py:208} INFO - Processing /opt/airflow/dags/flex_eau_pipeline.py took 0.156 seconds
[2026-07-25T22:51:26.037+0000] {processor.py:186} INFO - Started process (PID=5752) to work on /opt/airflow/dags/flex_eau_pipeline.py
[2026-07-25T22:51:26.038+0000] {processor.py:914} INFO - Processing file /opt/airflow/dags/flex_eau_pipeline.py for tasks to queue
[2026-07-25T22:51:26.041+0000] {logging_mixin.py:190} INFO - [2026-07-25T22:51:26.040+0000] {dagbag.py:587} INFO - Filling up the DagBag from /opt/airflow/dags/flex_eau_pipeline.py
[2026-07-25T22:51:26.069+0000] {processor.py:925} INFO - DAG(s) 'flex_eau_pipeline' retrieved from /opt/airflow/dags/flex_eau_pipeline.py
[2026-07-25T22:51:26.108+0000] {logging_mixin.py:190} INFO - [2026-07-25T22:51:26.107+0000] {dag.py:3211} INFO - Sync 1 DAGs
[2026-07-25T22:51:26.133+0000] {logging_mixin.py:190} INFO - [2026-07-25T22:51:26.133+0000] {dag.py:4138} INFO - Setting next_dagrun for flex_eau_pipeline to 2026-07-25 00:00:00+00:00, run_after=2026-07-26 00:00:00+00:00
[2026-07-25T22:51:26.158+0000] {processor.py:208} INFO - Processing /opt/airflow/dags/flex_eau_pipeline.py took 0.128 seconds
[2026-07-25T22:51:56.485+0000] {processor.py:186} INFO - Started process (PID=5757) to work on /opt/airflow/dags/flex_eau_pipeline.py
[2026-07-25T22:51:56.486+0000] {processor.py:914} INFO - Processing file /opt/airflow/dags/flex_eau_pipeline.py for tasks to queue
[2026-07-25T22:51:56.489+0000] {logging_mixin.py:190} INFO - [2026-07-25T22:51:56.488+0000] {dagbag.py:587} INFO - Filling up the DagBag from /opt/airflow/dags/flex_eau_pipeline.py
[2026-07-25T22:51:56.515+0000] {processor.py:925} INFO - DAG(s) 'flex_eau_pipeline' retrieved from /opt/airflow/dags/flex_eau_pipeline.py
[2026-07-25T22:51:56.553+0000] {logging_mixin.py:190} INFO - [2026-07-25T22:51:56.553+0000] {dag.py:3211} INFO - Sync 1 DAGs
[2026-07-25T22:51:56.579+0000] {logging_mixin.py:190} INFO - [2026-07-25T22:51:56.579+0000] {dag.py:4138} INFO - Setting next_dagrun for flex_eau_pipeline to 2026-07-25 00:00:00+00:00, run_after=2026-07-26 00:00:00+00:00
[2026-07-25T22:51:56.603+0000] {processor.py:208} INFO - Processing /opt/airflow/dags/flex_eau_pipeline.py took 0.126 seconds
[2026-07-25T22:52:26.842+0000] {processor.py:186} INFO - Started process (PID=5762) to work on /opt/airflow/dags/flex_eau_pipeline.py
[2026-07-25T22:52:26.844+0000] {processor.py:914} INFO - Processing file /opt/airflow/dags/flex_eau_pipeline.py for tasks to queue
[2026-07-25T22:52:26.846+0000] {logging_mixin.py:190} INFO - [2026-07-25T22:52:26.846+0000] {dagbag.py:587} INFO - Filling up the DagBag from /opt/airflow/dags/flex_eau_pipeline.py
[2026-07-25T22:52:26.876+0000] {processor.py:925} INFO - DAG(s) 'flex_eau_pipeline' retrieved from /opt/airflow/dags/flex_eau_pipeline.py
[2026-07-25T22:52:26.914+0000] {logging_mixin.py:190} INFO - [2026-07-25T22:52:26.914+0000] {dag.py:3211} INFO - Sync 1 DAGs
[2026-07-25T22:52:26.941+0000] {logging_mixin.py:190} INFO - [2026-07-25T22:52:26.940+0000] {dag.py:4138} INFO - Setting next_dagrun for flex_eau_pipeline to 2026-07-25 00:00:00+00:00, run_after=2026-07-26 00:00:00+00:00
[2026-07-25T22:52:26.965+0000] {processor.py:208} INFO - Processing /opt/airflow/dags/flex_eau_pipeline.py took 0.131 seconds
[2026-07-25T22:52:57.177+0000] {processor.py:186} INFO - Started process (PID=5767) to work on /opt/airflow/dags/flex_eau_pipeline.py
[2026-07-25T22:52:57.179+0000] {processor.py:914} INFO - Processing file /opt/airflow/dags/flex_eau_pipeline.py for tasks to queue
[2026-07-25T22:52:57.181+0000] {logging_mixin.py:190} INFO - [2026-07-25T22:52:57.181+0000] {dagbag.py:587} INFO - Filling up the DagBag from /opt/airflow/dags/flex_eau_pipeline.py
[2026-07-25T22:52:57.211+0000] {processor.py:925} INFO - DAG(s) 'flex_eau_pipeline' retrieved from /opt/airflow/dags/flex_eau_pipeline.py
[2026-07-25T22:52:57.250+0000] {logging_mixin.py:190} INFO - [2026-07-25T22:52:57.249+0000] {dag.py:3211} INFO - Sync 1 DAGs
[2026-07-25T22:52:57.275+0000] {logging_mixin.py:190} INFO - [2026-07-25T22:52:57.275+0000] {dag.py:4138} INFO - Setting next_dagrun for flex_eau_pipeline to 2026-07-25 00:00:00+00:00, run_after=2026-07-26 00:00:00+00:00
[2026-07-25T22:52:57.299+0000] {processor.py:208} INFO - Processing /opt/airflow/dags/flex_eau_pipeline.py took 0.130 seconds
[2026-07-25T22:53:27.578+0000] {processor.py:186} INFO - Started process (PID=5772) to work on /opt/airflow/dags/flex_eau_pipeline.py
[2026-07-25T22:53:27.580+0000] {processor.py:914} INFO - Processing file /opt/airflow/dags/flex_eau_pipeline.py for tasks to queue
[2026-07-25T22:53:27.583+0000] {logging_mixin.py:190} INFO - [2026-07-25T22:53:27.583+0000] {dagbag.py:587} INFO - Filling up the DagBag from /opt/airflow/dags/flex_eau_pipeline.py
[2026-07-25T22:53:27.615+0000] {processor.py:925} INFO - DAG(s) 'flex_eau_pipeline' retrieved from /opt/airflow/dags/flex_eau_pipeline.py
[2026-07-25T22:53:27.652+0000] {logging_mixin.py:190} INFO - [2026-07-25T22:53:27.652+0000] {dag.py:3211} INFO - Sync 1 DAGs
[2026-07-25T22:53:27.678+0000] {logging_mixin.py:190} INFO - [2026-07-25T22:53:27.677+0000] {dag.py:4138} INFO - Setting next_dagrun for flex_eau_pipeline to 2026-07-25 00:00:00+00:00, run_after=2026-07-26 00:00:00+00:00
[2026-07-25T22:53:27.701+0000] {processor.py:208} INFO - Processing /opt/airflow/dags/flex_eau_pipeline.py took 0.132 seconds
[2026-07-25T22:53:58.135+0000] {processor.py:186} INFO - Started process (PID=5777) to work on /opt/airflow/dags/flex_eau_pipeline.py
[2026-07-25T22:53:58.136+0000] {processor.py:914} INFO - Processing file /opt/airflow/dags/flex_eau_pipeline.py for tasks to queue
[2026-07-25T22:53:58.139+0000] {logging_mixin.py:190} INFO - [2026-07-25T22:53:58.139+0000] {dagbag.py:587} INFO - Filling up the DagBag from /opt/airflow/dags/flex_eau_pipeline.py
[2026-07-25T22:53:58.169+0000] {processor.py:925} INFO - DAG(s) 'flex_eau_pipeline' retrieved from /opt/airflow/dags/flex_eau_pipeline.py
[2026-07-25T22:53:58.207+0000] {logging_mixin.py:190} INFO - [2026-07-25T22:53:58.207+0000] {dag.py:3211} INFO - Sync 1 DAGs
[2026-07-25T22:53:58.231+0000] {logging_mixin.py:190} INFO - [2026-07-25T22:53:58.231+0000] {dag.py:4138} INFO - Setting next_dagrun for flex_eau_pipeline to 2026-07-25 00:00:00+00:00, run_after=2026-07-26 00:00:00+00:00
[2026-07-25T22:53:58.258+0000] {processor.py:208} INFO - Processing /opt/airflow/dags/flex_eau_pipeline.py took 0.130 seconds
[2026-07-25T22:54:28.635+0000] {processor.py:186} INFO - Started process (PID=5782) to work on /opt/airflow/dags/flex_eau_pipeline.py
[2026-07-25T22:54:28.636+0000] {processor.py:914} INFO - Processing file /opt/airflow/dags/flex_eau_pipeline.py for tasks to queue
[2026-07-25T22:54:28.639+0000] {logging_mixin.py:190} INFO - [2026-07-25T22:54:28.638+0000] {dagbag.py:587} INFO - Filling up the DagBag from /opt/airflow/dags/flex_eau_pipeline.py
[2026-07-25T22:54:28.669+0000] {processor.py:925} INFO - DAG(s) 'flex_eau_pipeline' retrieved from /opt/airflow/dags/flex_eau_pipeline.py
[2026-07-25T22:54:28.704+0000] {logging_mixin.py:190} INFO - [2026-07-25T22:54:28.704+0000] {dag.py:3211} INFO - Sync 1 DAGs
[2026-07-25T22:54:28.728+0000] {logging_mixin.py:190} INFO - [2026-07-25T22:54:28.728+0000] {dag.py:4138} INFO - Setting next_dagrun for flex_eau_pipeline to 2026-07-25 00:00:00+00:00, run_after=2026-07-26 00:00:00+00:00
[2026-07-25T22:54:28.752+0000] {processor.py:208} INFO - Processing /opt/airflow/dags/flex_eau_pipeline.py took 0.125 seconds
[2026-07-25T23:03:50.743+0000] {processor.py:186} INFO - Started process (PID=5787) to work on /opt/airflow/dags/flex_eau_pipeline.py
[2026-07-25T23:03:50.754+0000] {processor.py:914} INFO - Processing file /opt/airflow/dags/flex_eau_pipeline.py for tasks to queue
[2026-07-25T23:03:50.760+0000] {logging_mixin.py:190} INFO - [2026-07-25T23:03:50.759+0000] {dagbag.py:587} INFO - Filling up the DagBag from /opt/airflow/dags/flex_eau_pipeline.py
[2026-07-25T23:03:50.902+0000] {processor.py:925} INFO - DAG(s) 'flex_eau_pipeline' retrieved from /opt/airflow/dags/flex_eau_pipeline.py
[2026-07-25T23:03:51.096+0000] {logging_mixin.py:190} INFO - [2026-07-25T23:03:51.096+0000] {dag.py:3211} INFO - Sync 1 DAGs
[2026-07-25T23:03:51.286+0000] {logging_mixin.py:190} INFO - [2026-07-25T23:03:51.285+0000] {dag.py:4138} INFO - Setting next_dagrun for flex_eau_pipeline to 2026-07-25 00:00:00+00:00, run_after=2026-07-26 00:00:00+00:00
[2026-07-25T23:03:51.402+0000] {processor.py:208} INFO - Processing /opt/airflow/dags/flex_eau_pipeline.py took 0.696 seconds
[2026-07-25T23:04:22.065+0000] {processor.py:186} INFO - Started process (PID=5792) to work on /opt/airflow/dags/flex_eau_pipeline.py
[2026-07-25T23:04:22.066+0000] {processor.py:914} INFO - Processing file /opt/airflow/dags/flex_eau_pipeline.py for tasks to queue
[2026-07-25T23:04:22.069+0000] {logging_mixin.py:190} INFO - [2026-07-25T23:04:22.069+0000] {dagbag.py:587} INFO - Filling up the DagBag from /opt/airflow/dags/flex_eau_pipeline.py
[2026-07-25T23:04:22.100+0000] {processor.py:925} INFO - DAG(s) 'flex_eau_pipeline' retrieved from /opt/airflow/dags/flex_eau_pipeline.py
[2026-07-25T23:04:22.141+0000] {logging_mixin.py:190} INFO - [2026-07-25T23:04:22.141+0000] {dag.py:3211} INFO - Sync 1 DAGs
[2026-07-25T23:04:22.179+0000] {logging_mixin.py:190} INFO - [2026-07-25T23:04:22.179+0000] {dag.py:4138} INFO - Setting next_dagrun for flex_eau_pipeline to 2026-07-25 00:00:00+00:00, run_after=2026-07-26 00:00:00+00:00
[2026-07-25T23:04:22.205+0000] {processor.py:208} INFO - Processing /opt/airflow/dags/flex_eau_pipeline.py took 0.147 seconds
[2026-07-25T23:04:52.443+0000] {processor.py:186} INFO - Started process (PID=5797) to work on /opt/airflow/dags/flex_eau_pipeline.py
[2026-07-25T23:04:52.445+0000] {processor.py:914} INFO - Processing file /opt/airflow/dags/flex_eau_pipeline.py for tasks to queue
[2026-07-25T23:04:52.447+0000] {logging_mixin.py:190} INFO - [2026-07-25T23:04:52.447+0000] {dagbag.py:587} INFO - Filling up the DagBag from /opt/airflow/dags/flex_eau_pipeline.py
[2026-07-25T23:04:52.480+0000] {processor.py:925} INFO - DAG(s) 'flex_eau_pipeline' retrieved from /opt/airflow/dags/flex_eau_pipeline.py
[2026-07-25T23:04:52.527+0000] {logging_mixin.py:190} INFO - [2026-07-25T23:04:52.527+0000] {dag.py:3211} INFO - Sync 1 DAGs
[2026-07-25T23:04:52.564+0000] {logging_mixin.py:190} INFO - [2026-07-25T23:04:52.563+0000] {dag.py:4138} INFO - Setting next_dagrun for flex_eau_pipeline to 2026-07-25 00:00:00+00:00, run_after=2026-07-26 00:00:00+00:00
[2026-07-25T23:04:52.594+0000] {processor.py:208} INFO - Processing /opt/airflow/dags/flex_eau_pipeline.py took 0.159 seconds
[2026-07-25T23:05:23.167+0000] {processor.py:186} INFO - Started process (PID=5802) to work on /opt/airflow/dags/flex_eau_pipeline.py
[2026-07-25T23:05:23.169+0000] {processor.py:914} INFO - Processing file /opt/airflow/dags/flex_eau_pipeline.py for tasks to queue
[2026-07-25T23:05:23.187+0000] {logging_mixin.py:190} INFO - [2026-07-25T23:05:23.186+0000] {dagbag.py:587} INFO - Filling up the DagBag from /opt/airflow/dags/flex_eau_pipeline.py
[2026-07-25T23:05:23.227+0000] {processor.py:925} INFO - DAG(s) 'flex_eau_pipeline' retrieved from /opt/airflow/dags/flex_eau_pipeline.py
[2026-07-25T23:05:23.293+0000] {logging_mixin.py:190} INFO - [2026-07-25T23:05:23.293+0000] {dag.py:3211} INFO - Sync 1 DAGs
[2026-07-25T23:05:23.336+0000] {logging_mixin.py:190} INFO - [2026-07-25T23:05:23.336+0000] {dag.py:4138} INFO - Setting next_dagrun for flex_eau_pipeline to 2026-07-25 00:00:00+00:00, run_after=2026-07-26 00:00:00+00:00
[2026-07-25T23:05:23.364+0000] {processor.py:208} INFO - Processing /opt/airflow/dags/flex_eau_pipeline.py took 0.207 seconds
[2026-07-25T23:05:53.739+0000] {processor.py:186} INFO - Started process (PID=5807) to work on /opt/airflow/dags/flex_eau_pipeline.py
[2026-07-25T23:05:53.740+0000] {processor.py:914} INFO - Processing file /opt/airflow/dags/flex_eau_pipeline.py for tasks to queue
[2026-07-25T23:05:53.743+0000] {logging_mixin.py:190} INFO - [2026-07-25T23:05:53.743+0000] {dagbag.py:587} INFO - Filling up the DagBag from /opt/airflow/dags/flex_eau_pipeline.py
[2026-07-25T23:05:53.779+0000] {processor.py:925} INFO - DAG(s) 'flex_eau_pipeline' retrieved from /opt/airflow/dags/flex_eau_pipeline.py
[2026-07-25T23:05:53.868+0000] {logging_mixin.py:190} INFO - [2026-07-25T23:05:53.867+0000] {dag.py:3211} INFO - Sync 1 DAGs
[2026-07-25T23:05:53.910+0000] {logging_mixin.py:190} INFO - [2026-07-25T23:05:53.910+0000] {dag.py:4138} INFO - Setting next_dagrun for flex_eau_pipeline to 2026-07-25 00:00:00+00:00, run_after=2026-07-26 00:00:00+00:00
[2026-07-25T23:05:53.941+0000] {processor.py:208} INFO - Processing /opt/airflow/dags/flex_eau_pipeline.py took 0.210 seconds
[2026-07-25T23:06:24.418+0000] {processor.py:186} INFO - Started process (PID=5812) to work on /opt/airflow/dags/flex_eau_pipeline.py
[2026-07-25T23:06:24.420+0000] {processor.py:914} INFO - Processing file /opt/airflow/dags/flex_eau_pipeline.py for tasks to queue
[2026-07-25T23:06:24.424+0000] {logging_mixin.py:190} INFO - [2026-07-25T23:06:24.424+0000] {dagbag.py:587} INFO - Filling up the DagBag from /opt/airflow/dags/flex_eau_pipeline.py
[2026-07-25T23:06:24.458+0000] {processor.py:925} INFO - DAG(s) 'flex_eau_pipeline' retrieved from /opt/airflow/dags/flex_eau_pipeline.py
[2026-07-25T23:06:24.503+0000] {logging_mixin.py:190} INFO - [2026-07-25T23:06:24.503+0000] {dag.py:3211} INFO - Sync 1 DAGs
[2026-07-25T23:06:24.531+0000] {logging_mixin.py:190} INFO - [2026-07-25T23:06:24.531+0000] {dag.py:4138} INFO - Setting next_dagrun for flex_eau_pipeline to 2026-07-25 00:00:00+00:00, run_after=2026-07-26 00:00:00+00:00
[2026-07-25T23:06:24.554+0000] {processor.py:208} INFO - Processing /opt/airflow/dags/flex_eau_pipeline.py took 0.145 seconds
[2026-07-25T23:06:55.162+0000] {processor.py:186} INFO - Started process (PID=5817) to work on /opt/airflow/dags/flex_eau_pipeline.py
[2026-07-25T23:06:55.163+0000] {processor.py:914} INFO - Processing file /opt/airflow/dags/flex_eau_pipeline.py for tasks to queue
[2026-07-25T23:06:55.166+0000] {logging_mixin.py:190} INFO - [2026-07-25T23:06:55.166+0000] {dagbag.py:587} INFO - Filling up the DagBag from /opt/airflow/dags/flex_eau_pipeline.py
[2026-07-25T23:06:55.202+0000] {processor.py:925} INFO - DAG(s) 'flex_eau_pipeline' retrieved from /opt/airflow/dags/flex_eau_pipeline.py
[2026-07-25T23:06:55.248+0000] {logging_mixin.py:190} INFO - [2026-07-25T23:06:55.248+0000] {dag.py:3211} INFO - Sync 1 DAGs
[2026-07-25T23:06:55.276+0000] {logging_mixin.py:190} INFO - [2026-07-25T23:06:55.276+0000] {dag.py:4138} INFO - Setting next_dagrun for flex_eau_pipeline to 2026-07-25 00:00:00+00:00, run_after=2026-07-26 00:00:00+00:00
[2026-07-25T23:06:55.301+0000] {processor.py:208} INFO - Processing /opt/airflow/dags/flex_eau_pipeline.py took 0.150 seconds
[2026-07-25T23:07:25.686+0000] {processor.py:186} INFO - Started process (PID=5822) to work on /opt/airflow/dags/flex_eau_pipeline.py
[2026-07-25T23:07:25.687+0000] {processor.py:914} INFO - Processing file /opt/airflow/dags/flex_eau_pipeline.py for tasks to queue
[2026-07-25T23:07:25.690+0000] {logging_mixin.py:190} INFO - [2026-07-25T23:07:25.690+0000] {dagbag.py:587} INFO - Filling up the DagBag from /opt/airflow/dags/flex_eau_pipeline.py
[2026-07-25T23:07:25.726+0000] {processor.py:925} INFO - DAG(s) 'flex_eau_pipeline' retrieved from /opt/airflow/dags/flex_eau_pipeline.py
[2026-07-25T23:07:25.767+0000] {logging_mixin.py:190} INFO - [2026-07-25T23:07:25.767+0000] {dag.py:3211} INFO - Sync 1 DAGs
[2026-07-25T23:07:25.794+0000] {logging_mixin.py:190} INFO - [2026-07-25T23:07:25.794+0000] {dag.py:4138} INFO - Setting next_dagrun for flex_eau_pipeline to 2026-07-25 00:00:00+00:00, run_after=2026-07-26 00:00:00+00:00
[2026-07-25T23:07:25.819+0000] {processor.py:208} INFO - Processing /opt/airflow/dags/flex_eau_pipeline.py took 0.141 seconds
[2026-07-25T23:07:55.922+0000] {processor.py:186} INFO - Started process (PID=5827) to work on /opt/airflow/dags/flex_eau_pipeline.py
[2026-07-25T23:07:55.923+0000] {processor.py:914} INFO - Processing file /opt/airflow/dags/flex_eau_pipeline.py for tasks to queue
[2026-07-25T23:07:55.926+0000] {logging_mixin.py:190} INFO - [2026-07-25T23:07:55.926+0000] {dagbag.py:587} INFO - Filling up the DagBag from /opt/airflow/dags/flex_eau_pipeline.py
[2026-07-25T23:07:55.961+0000] {processor.py:925} INFO - DAG(s) 'flex_eau_pipeline' retrieved from /opt/airflow/dags/flex_eau_pipeline.py
[2026-07-25T23:07:56.006+0000] {logging_mixin.py:190} INFO - [2026-07-25T23:07:56.006+0000] {dag.py:3211} INFO - Sync 1 DAGs
[2026-07-25T23:07:56.035+0000] {logging_mixin.py:190} INFO - [2026-07-25T23:07:56.035+0000] {dag.py:4138} INFO - Setting next_dagrun for flex_eau_pipeline to 2026-07-25 00:00:00+00:00, run_after=2026-07-26 00:00:00+00:00
[2026-07-25T23:07:56.062+0000] {processor.py:208} INFO - Processing /opt/airflow/dags/flex_eau_pipeline.py took 0.148 seconds
[2026-07-25T23:08:26.675+0000] {processor.py:186} INFO - Started process (PID=5832) to work on /opt/airflow/dags/flex_eau_pipeline.py
[2026-07-25T23:08:26.677+0000] {processor.py:914} INFO - Processing file /opt/airflow/dags/flex_eau_pipeline.py for tasks to queue
[2026-07-25T23:08:26.680+0000] {logging_mixin.py:190} INFO - [2026-07-25T23:08:26.679+0000] {dagbag.py:587} INFO - Filling up the DagBag from /opt/airflow/dags/flex_eau_pipeline.py
[2026-07-25T23:08:26.715+0000] {processor.py:925} INFO - DAG(s) 'flex_eau_pipeline' retrieved from /opt/airflow/dags/flex_eau_pipeline.py
[2026-07-25T23:08:26.759+0000] {logging_mixin.py:190} INFO - [2026-07-25T23:08:26.759+0000] {dag.py:3211} INFO - Sync 1 DAGs
[2026-07-25T23:08:26.786+0000] {logging_mixin.py:190} INFO - [2026-07-25T23:08:26.786+0000] {dag.py:4138} INFO - Setting next_dagrun for flex_eau_pipeline to 2026-07-25 00:00:00+00:00, run_after=2026-07-26 00:00:00+00:00
[2026-07-25T23:08:26.813+0000] {processor.py:208} INFO - Processing /opt/airflow/dags/flex_eau_pipeline.py took 0.147 seconds
[2026-07-25T23:08:57.849+0000] {processor.py:186} INFO - Started process (PID=5837) to work on /opt/airflow/dags/flex_eau_pipeline.py
[2026-07-25T23:08:57.852+0000] {processor.py:914} INFO - Processing file /opt/airflow/dags/flex_eau_pipeline.py for tasks to queue
[2026-07-25T23:08:57.858+0000] {logging_mixin.py:190} INFO - [2026-07-25T23:08:57.857+0000] {dagbag.py:587} INFO - Filling up the DagBag from /opt/airflow/dags/flex_eau_pipeline.py
[2026-07-25T23:08:57.906+0000] {processor.py:925} INFO - DAG(s) 'flex_eau_pipeline' retrieved from /opt/airflow/dags/flex_eau_pipeline.py
[2026-07-25T23:08:57.957+0000] {logging_mixin.py:190} INFO - [2026-07-25T23:08:57.957+0000] {dag.py:3211} INFO - Sync 1 DAGs
[2026-07-25T23:08:57.994+0000] {logging_mixin.py:190} INFO - [2026-07-25T23:08:57.993+0000] {dag.py:4138} INFO - Setting next_dagrun for flex_eau_pipeline to 2026-07-25 00:00:00+00:00, run_after=2026-07-26 00:00:00+00:00
[2026-07-25T23:08:58.039+0000] {processor.py:208} INFO - Processing /opt/airflow/dags/flex_eau_pipeline.py took 0.208 seconds
[2026-07-25T23:09:28.864+0000] {processor.py:186} INFO - Started process (PID=5842) to work on /opt/airflow/dags/flex_eau_pipeline.py
[2026-07-25T23:09:28.867+0000] {processor.py:914} INFO - Processing file /opt/airflow/dags/flex_eau_pipeline.py for tasks to queue
[2026-07-25T23:09:28.872+0000] {logging_mixin.py:190} INFO - [2026-07-25T23:09:28.871+0000] {dagbag.py:587} INFO - Filling up the DagBag from /opt/airflow/dags/flex_eau_pipeline.py
[2026-07-25T23:09:28.917+0000] {processor.py:925} INFO - DAG(s) 'flex_eau_pipeline' retrieved from /opt/airflow/dags/flex_eau_pipeline.py
[2026-07-25T23:09:28.971+0000] {logging_mixin.py:190} INFO - [2026-07-25T23:09:28.971+0000] {dag.py:3211} INFO - Sync 1 DAGs
[2026-07-25T23:09:29.009+0000] {logging_mixin.py:190} INFO - [2026-07-25T23:09:29.008+0000] {dag.py:4138} INFO - Setting next_dagrun for flex_eau_pipeline to 2026-07-25 00:00:00+00:00, run_after=2026-07-26 00:00:00+00:00
[2026-07-25T23:09:29.040+0000] {processor.py:208} INFO - Processing /opt/airflow/dags/flex_eau_pipeline.py took 0.186 seconds
[2026-07-25T23:09:59.843+0000] {processor.py:186} INFO - Started process (PID=5847) to work on /opt/airflow/dags/flex_eau_pipeline.py
[2026-07-25T23:09:59.846+0000] {processor.py:914} INFO - Processing file /opt/airflow/dags/flex_eau_pipeline.py for tasks to queue
[2026-07-25T23:09:59.853+0000] {logging_mixin.py:190} INFO - [2026-07-25T23:09:59.852+0000] {dagbag.py:587} INFO - Filling up the DagBag from /opt/airflow/dags/flex_eau_pipeline.py
[2026-07-25T23:09:59.912+0000] {processor.py:925} INFO - DAG(s) 'flex_eau_pipeline' retrieved from /opt/airflow/dags/flex_eau_pipeline.py
[2026-07-25T23:09:59.964+0000] {logging_mixin.py:190} INFO - [2026-07-25T23:09:59.964+0000] {dag.py:3211} INFO - Sync 1 DAGs
[2026-07-25T23:10:00.006+0000] {logging_mixin.py:190} INFO - [2026-07-25T23:10:00.005+0000] {dag.py:4138} INFO - Setting next_dagrun for flex_eau_pipeline to 2026-07-25 00:00:00+00:00, run_after=2026-07-26 00:00:00+00:00
[2026-07-25T23:10:00.048+0000] {processor.py:208} INFO - Processing /opt/airflow/dags/flex_eau_pipeline.py took 0.221 seconds
[2026-07-25T23:10:30.477+0000] {processor.py:186} INFO - Started process (PID=5852) to work on /opt/airflow/dags/flex_eau_pipeline.py
[2026-07-25T23:10:30.480+0000] {processor.py:914} INFO - Processing file /opt/airflow/dags/flex_eau_pipeline.py for tasks to queue
[2026-07-25T23:10:30.485+0000] {logging_mixin.py:190} INFO - [2026-07-25T23:10:30.484+0000] {dagbag.py:587} INFO - Filling up the DagBag from /opt/airflow/dags/flex_eau_pipeline.py
[2026-07-25T23:10:30.566+0000] {processor.py:925} INFO - DAG(s) 'flex_eau_pipeline' retrieved from /opt/airflow/dags/flex_eau_pipeline.py
[2026-07-25T23:10:30.619+0000] {logging_mixin.py:190} INFO - [2026-07-25T23:10:30.618+0000] {dag.py:3211} INFO - Sync 1 DAGs
[2026-07-25T23:10:30.652+0000] {logging_mixin.py:190} INFO - [2026-07-25T23:10:30.651+0000] {dag.py:4138} INFO - Setting next_dagrun for flex_eau_pipeline to 2026-07-25 00:00:00+00:00, run_after=2026-07-26 00:00:00+00:00
[2026-07-25T23:10:30.701+0000] {processor.py:208} INFO - Processing /opt/airflow/dags/flex_eau_pipeline.py took 0.240 seconds
[2026-07-25T23:11:01.030+0000] {processor.py:186} INFO - Started process (PID=5857) to work on /opt/airflow/dags/flex_eau_pipeline.py
[2026-07-25T23:11:01.032+0000] {processor.py:914} INFO - Processing file /opt/airflow/dags/flex_eau_pipeline.py for tasks to queue
[2026-07-25T23:11:01.036+0000] {logging_mixin.py:190} INFO - [2026-07-25T23:11:01.036+0000] {dagbag.py:587} INFO - Filling up the DagBag from /opt/airflow/dags/flex_eau_pipeline.py
[2026-07-25T23:11:01.114+0000] {processor.py:925} INFO - DAG(s) 'flex_eau_pipeline' retrieved from /opt/airflow/dags/flex_eau_pipeline.py
[2026-07-25T23:11:01.207+0000] {logging_mixin.py:190} INFO - [2026-07-25T23:11:01.206+0000] {dag.py:3211} INFO - Sync 1 DAGs
[2026-07-25T23:11:01.244+0000] {logging_mixin.py:190} INFO - [2026-07-25T23:11:01.243+0000] {dag.py:4138} INFO - Setting next_dagrun for flex_eau_pipeline to 2026-07-25 00:00:00+00:00, run_after=2026-07-26 00:00:00+00:00
[2026-07-25T23:11:01.290+0000] {processor.py:208} INFO - Processing /opt/airflow/dags/flex_eau_pipeline.py took 0.268 seconds
[2026-07-25T23:11:31.460+0000] {processor.py:186} INFO - Started process (PID=5862) to work on /opt/airflow/dags/flex_eau_pipeline.py
[2026-07-25T23:11:31.462+0000] {processor.py:914} INFO - Processing file /opt/airflow/dags/flex_eau_pipeline.py for tasks to queue
[2026-07-25T23:11:31.467+0000] {logging_mixin.py:190} INFO - [2026-07-25T23:11:31.467+0000] {dagbag.py:587} INFO - Filling up the DagBag from /opt/airflow/dags/flex_eau_pipeline.py
[2026-07-25T23:11:31.553+0000] {processor.py:925} INFO - DAG(s) 'flex_eau_pipeline' retrieved from /opt/airflow/dags/flex_eau_pipeline.py
[2026-07-25T23:11:31.667+0000] {logging_mixin.py:190} INFO - [2026-07-25T23:11:31.667+0000] {dag.py:3211} INFO - Sync 1 DAGs
[2026-07-25T23:11:31.715+0000] {logging_mixin.py:190} INFO - [2026-07-25T23:11:31.714+0000] {dag.py:4138} INFO - Setting next_dagrun for flex_eau_pipeline to 2026-07-25 00:00:00+00:00, run_after=2026-07-26 00:00:00+00:00
[2026-07-25T23:11:31.754+0000] {processor.py:208} INFO - Processing /opt/airflow/dags/flex_eau_pipeline.py took 0.310 seconds
[2026-07-25T23:12:02.535+0000] {processor.py:186} INFO - Started process (PID=5867) to work on /opt/airflow/dags/flex_eau_pipeline.py
[2026-07-25T23:12:02.544+0000] {processor.py:914} INFO - Processing file /opt/airflow/dags/flex_eau_pipeline.py for tasks to queue
[2026-07-25T23:12:02.561+0000] {logging_mixin.py:190} INFO - [2026-07-25T23:12:02.559+0000] {dagbag.py:587} INFO - Filling up the DagBag from /opt/airflow/dags/flex_eau_pipeline.py
[2026-07-25T23:12:02.697+0000] {processor.py:925} INFO - DAG(s) 'flex_eau_pipeline' retrieved from /opt/airflow/dags/flex_eau_pipeline.py
[2026-07-25T23:12:02.793+0000] {logging_mixin.py:190} INFO - [2026-07-25T23:12:02.793+0000] {dag.py:3211} INFO - Sync 1 DAGs
[2026-07-25T23:12:02.837+0000] {logging_mixin.py:190} INFO - [2026-07-25T23:12:02.837+0000] {dag.py:4138} INFO - Setting next_dagrun for flex_eau_pipeline to 2026-07-25 00:00:00+00:00, run_after=2026-07-26 00:00:00+00:00
[2026-07-25T23:12:02.868+0000] {processor.py:208} INFO - Processing /opt/airflow/dags/flex_eau_pipeline.py took 0.381 seconds
[2026-07-25T23:12:33.725+0000] {processor.py:186} INFO - Started process (PID=5872) to work on /opt/airflow/dags/flex_eau_pipeline.py
[2026-07-25T23:12:33.729+0000] {processor.py:914} INFO - Processing file /opt/airflow/dags/flex_eau_pipeline.py for tasks to queue
[2026-07-25T23:12:33.740+0000] {logging_mixin.py:190} INFO - [2026-07-25T23:12:33.739+0000] {dagbag.py:587} INFO - Filling up the DagBag from /opt/airflow/dags/flex_eau_pipeline.py
[2026-07-25T23:12:33.830+0000] {processor.py:925} INFO - DAG(s) 'flex_eau_pipeline' retrieved from /opt/airflow/dags/flex_eau_pipeline.py
[2026-07-25T23:12:33.911+0000] {logging_mixin.py:190} INFO - [2026-07-25T23:12:33.910+0000] {dag.py:3211} INFO - Sync 1 DAGs
[2026-07-25T23:12:33.983+0000] {logging_mixin.py:190} INFO - [2026-07-25T23:12:33.982+0000] {dag.py:4138} INFO - Setting next_dagrun for flex_eau_pipeline to 2026-07-25 00:00:00+00:00, run_after=2026-07-26 00:00:00+00:00
[2026-07-25T23:12:34.025+0000] {processor.py:208} INFO - Processing /opt/airflow/dags/flex_eau_pipeline.py took 0.332 seconds
[2026-07-25T23:13:04.780+0000] {processor.py:186} INFO - Started process (PID=5877) to work on /opt/airflow/dags/flex_eau_pipeline.py
[2026-07-25T23:13:04.783+0000] {processor.py:914} INFO - Processing file /opt/airflow/dags/flex_eau_pipeline.py for tasks to queue
[2026-07-25T23:13:04.788+0000] {logging_mixin.py:190} INFO - [2026-07-25T23:13:04.788+0000] {dagbag.py:587} INFO - Filling up the DagBag from /opt/airflow/dags/flex_eau_pipeline.py
[2026-07-25T23:13:04.841+0000] {processor.py:925} INFO - DAG(s) 'flex_eau_pipeline' retrieved from /opt/airflow/dags/flex_eau_pipeline.py
[2026-07-25T23:13:04.897+0000] {logging_mixin.py:190} INFO - [2026-07-25T23:13:04.897+0000] {dag.py:3211} INFO - Sync 1 DAGs
[2026-07-25T23:13:04.933+0000] {logging_mixin.py:190} INFO - [2026-07-25T23:13:04.933+0000] {dag.py:4138} INFO - Setting next_dagrun for flex_eau_pipeline to 2026-07-25 00:00:00+00:00, run_after=2026-07-26 00:00:00+00:00
[2026-07-25T23:13:04.964+0000] {processor.py:208} INFO - Processing /opt/airflow/dags/flex_eau_pipeline.py took 0.197 seconds
[2026-07-25T23:13:35.726+0000] {processor.py:186} INFO - Started process (PID=5882) to work on /opt/airflow/dags/flex_eau_pipeline.py
[2026-07-25T23:13:35.727+0000] {processor.py:914} INFO - Processing file /opt/airflow/dags/flex_eau_pipeline.py for tasks to queue
[2026-07-25T23:13:35.732+0000] {logging_mixin.py:190} INFO - [2026-07-25T23:13:35.731+0000] {dagbag.py:587} INFO - Filling up the DagBag from /opt/airflow/dags/flex_eau_pipeline.py
[2026-07-25T23:13:35.799+0000] {processor.py:925} INFO - DAG(s) 'flex_eau_pipeline' retrieved from /opt/airflow/dags/flex_eau_pipeline.py
[2026-07-25T23:13:35.847+0000] {logging_mixin.py:190} INFO - [2026-07-25T23:13:35.847+0000] {dag.py:3211} INFO - Sync 1 DAGs
[2026-07-25T23:13:35.890+0000] {logging_mixin.py:190} INFO - [2026-07-25T23:13:35.889+0000] {dag.py:4138} INFO - Setting next_dagrun for flex_eau_pipeline to 2026-07-25 00:00:00+00:00, run_after=2026-07-26 00:00:00+00:00
[2026-07-25T23:13:35.928+0000] {processor.py:208} INFO - Processing /opt/airflow/dags/flex_eau_pipeline.py took 0.215 seconds
[2026-07-25T23:14:06.707+0000] {processor.py:186} INFO - Started process (PID=5887) to work on /opt/airflow/dags/flex_eau_pipeline.py
[2026-07-25T23:14:06.708+0000] {processor.py:914} INFO - Processing file /opt/airflow/dags/flex_eau_pipeline.py for tasks to queue
[2026-07-25T23:14:06.714+0000] {logging_mixin.py:190} INFO - [2026-07-25T23:14:06.713+0000] {dagbag.py:587} INFO - Filling up the DagBag from /opt/airflow/dags/flex_eau_pipeline.py
[2026-07-25T23:14:06.757+0000] {processor.py:925} INFO - DAG(s) 'flex_eau_pipeline' retrieved from /opt/airflow/dags/flex_eau_pipeline.py
[2026-07-25T23:14:06.811+0000] {logging_mixin.py:190} INFO - [2026-07-25T23:14:06.810+0000] {dag.py:3211} INFO - Sync 1 DAGs
[2026-07-25T23:14:06.850+0000] {logging_mixin.py:190} INFO - [2026-07-25T23:14:06.849+0000] {dag.py:4138} INFO - Setting next_dagrun for flex_eau_pipeline to 2026-07-25 00:00:00+00:00, run_after=2026-07-26 00:00:00+00:00
[2026-07-25T23:14:06.911+0000] {processor.py:208} INFO - Processing /opt/airflow/dags/flex_eau_pipeline.py took 0.223 seconds
[2026-07-25T23:14:37.520+0000] {processor.py:186} INFO - Started process (PID=5892) to work on /opt/airflow/dags/flex_eau_pipeline.py
[2026-07-25T23:14:37.524+0000] {processor.py:914} INFO - Processing file /opt/airflow/dags/flex_eau_pipeline.py for tasks to queue
[2026-07-25T23:14:37.530+0000] {logging_mixin.py:190} INFO - [2026-07-25T23:14:37.530+0000] {dagbag.py:587} INFO - Filling up the DagBag from /opt/airflow/dags/flex_eau_pipeline.py
[2026-07-25T23:14:37.581+0000] {processor.py:925} INFO - DAG(s) 'flex_eau_pipeline' retrieved from /opt/airflow/dags/flex_eau_pipeline.py
[2026-07-25T23:14:37.675+0000] {logging_mixin.py:190} INFO - [2026-07-25T23:14:37.674+0000] {dag.py:3211} INFO - Sync 1 DAGs
[2026-07-25T23:14:37.729+0000] {logging_mixin.py:190} INFO - [2026-07-25T23:14:37.728+0000] {dag.py:4138} INFO - Setting next_dagrun for flex_eau_pipeline to 2026-07-25 00:00:00+00:00, run_after=2026-07-26 00:00:00+00:00
[2026-07-25T23:14:37.775+0000] {processor.py:208} INFO - Processing /opt/airflow/dags/flex_eau_pipeline.py took 0.284 seconds
[2026-07-25T23:15:08.528+0000] {processor.py:186} INFO - Started process (PID=5897) to work on /opt/airflow/dags/flex_eau_pipeline.py
[2026-07-25T23:15:08.530+0000] {processor.py:914} INFO - Processing file /opt/airflow/dags/flex_eau_pipeline.py for tasks to queue
[2026-07-25T23:15:08.534+0000] {logging_mixin.py:190} INFO - [2026-07-25T23:15:08.534+0000] {dagbag.py:587} INFO - Filling up the DagBag from /opt/airflow/dags/flex_eau_pipeline.py
[2026-07-25T23:15:08.570+0000] {processor.py:925} INFO - DAG(s) 'flex_eau_pipeline' retrieved from /opt/airflow/dags/flex_eau_pipeline.py
[2026-07-25T23:15:08.619+0000] {logging_mixin.py:190} INFO - [2026-07-25T23:15:08.618+0000] {dag.py:3211} INFO - Sync 1 DAGs
[2026-07-25T23:15:08.659+0000] {logging_mixin.py:190} INFO - [2026-07-25T23:15:08.658+0000] {dag.py:4138} INFO - Setting next_dagrun for flex_eau_pipeline to 2026-07-25 00:00:00+00:00, run_after=2026-07-26 00:00:00+00:00
[2026-07-25T23:15:08.691+0000] {processor.py:208} INFO - Processing /opt/airflow/dags/flex_eau_pipeline.py took 0.174 seconds
[2026-07-25T23:15:39.398+0000] {processor.py:186} INFO - Started process (PID=5902) to work on /opt/airflow/dags/flex_eau_pipeline.py
[2026-07-25T23:15:39.402+0000] {processor.py:914} INFO - Processing file /opt/airflow/dags/flex_eau_pipeline.py for tasks to queue
[2026-07-25T23:15:39.406+0000] {logging_mixin.py:190} INFO - [2026-07-25T23:15:39.406+0000] {dagbag.py:587} INFO - Filling up the DagBag from /opt/airflow/dags/flex_eau_pipeline.py
[2026-07-25T23:15:39.452+0000] {processor.py:925} INFO - DAG(s) 'flex_eau_pipeline' retrieved from /opt/airflow/dags/flex_eau_pipeline.py
[2026-07-25T23:15:39.527+0000] {logging_mixin.py:190} INFO - [2026-07-25T23:15:39.526+0000] {dag.py:3211} INFO - Sync 1 DAGs
[2026-07-25T23:15:39.571+0000] {logging_mixin.py:190} INFO - [2026-07-25T23:15:39.571+0000] {dag.py:4138} INFO - Setting next_dagrun for flex_eau_pipeline to 2026-07-25 00:00:00+00:00, run_after=2026-07-26 00:00:00+00:00
[2026-07-25T23:15:39.601+0000] {processor.py:208} INFO - Processing /opt/airflow/dags/flex_eau_pipeline.py took 0.217 seconds
[2026-07-25T23:16:10.310+0000] {processor.py:186} INFO - Started process (PID=5907) to work on /opt/airflow/dags/flex_eau_pipeline.py
[2026-07-25T23:16:10.314+0000] {processor.py:914} INFO - Processing file /opt/airflow/dags/flex_eau_pipeline.py for tasks to queue
[2026-07-25T23:16:10.321+0000] {logging_mixin.py:190} INFO - [2026-07-25T23:16:10.320+0000] {dagbag.py:587} INFO - Filling up the DagBag from /opt/airflow/dags/flex_eau_pipeline.py
[2026-07-25T23:16:10.387+0000] {processor.py:925} INFO - DAG(s) 'flex_eau_pipeline' retrieved from /opt/airflow/dags/flex_eau_pipeline.py
[2026-07-25T23:16:10.466+0000] {logging_mixin.py:190} INFO - [2026-07-25T23:16:10.465+0000] {dag.py:3211} INFO - Sync 1 DAGs
[2026-07-25T23:16:10.535+0000] {logging_mixin.py:190} INFO - [2026-07-25T23:16:10.534+0000] {dag.py:4138} INFO - Setting next_dagrun for flex_eau_pipeline to 2026-07-25 00:00:00+00:00, run_after=2026-07-26 00:00:00+00:00
[2026-07-25T23:16:10.594+0000] {processor.py:208} INFO - Processing /opt/airflow/dags/flex_eau_pipeline.py took 0.304 seconds
[2026-07-25T23:16:41.204+0000] {processor.py:186} INFO - Started process (PID=5912) to work on /opt/airflow/dags/flex_eau_pipeline.py
[2026-07-25T23:16:41.209+0000] {processor.py:914} INFO - Processing file /opt/airflow/dags/flex_eau_pipeline.py for tasks to queue
[2026-07-25T23:16:41.224+0000] {logging_mixin.py:190} INFO - [2026-07-25T23:16:41.222+0000] {dagbag.py:587} INFO - Filling up the DagBag from /opt/airflow/dags/flex_eau_pipeline.py
[2026-07-25T23:16:41.313+0000] {processor.py:925} INFO - DAG(s) 'flex_eau_pipeline' retrieved from /opt/airflow/dags/flex_eau_pipeline.py
[2026-07-25T23:16:41.374+0000] {logging_mixin.py:190} INFO - [2026-07-25T23:16:41.373+0000] {dag.py:3211} INFO - Sync 1 DAGs
[2026-07-25T23:16:41.411+0000] {logging_mixin.py:190} INFO - [2026-07-25T23:16:41.410+0000] {dag.py:4138} INFO - Setting next_dagrun for flex_eau_pipeline to 2026-07-25 00:00:00+00:00, run_after=2026-07-26 00:00:00+00:00
[2026-07-25T23:16:41.443+0000] {processor.py:208} INFO - Processing /opt/airflow/dags/flex_eau_pipeline.py took 0.266 seconds
[2026-07-25T23:17:11.877+0000] {processor.py:186} INFO - Started process (PID=5917) to work on /opt/airflow/dags/flex_eau_pipeline.py
[2026-07-25T23:17:11.879+0000] {processor.py:914} INFO - Processing file /opt/airflow/dags/flex_eau_pipeline.py for tasks to queue
[2026-07-25T23:17:11.884+0000] {logging_mixin.py:190} INFO - [2026-07-25T23:17:11.883+0000] {dagbag.py:587} INFO - Filling up the DagBag from /opt/airflow/dags/flex_eau_pipeline.py
[2026-07-25T23:17:11.941+0000] {processor.py:925} INFO - DAG(s) 'flex_eau_pipeline' retrieved from /opt/airflow/dags/flex_eau_pipeline.py
[2026-07-25T23:17:12.000+0000] {logging_mixin.py:190} INFO - [2026-07-25T23:17:11.999+0000] {dag.py:3211} INFO - Sync 1 DAGs
[2026-07-25T23:17:12.039+0000] {logging_mixin.py:190} INFO - [2026-07-25T23:17:12.039+0000] {dag.py:4138} INFO - Setting next_dagrun for flex_eau_pipeline to 2026-07-25 00:00:00+00:00, run_after=2026-07-26 00:00:00+00:00
[2026-07-25T23:17:12.086+0000] {processor.py:208} INFO - Processing /opt/airflow/dags/flex_eau_pipeline.py took 0.221 seconds
[2026-07-25T23:17:42.662+0000] {processor.py:186} INFO - Started process (PID=5922) to work on /opt/airflow/dags/flex_eau_pipeline.py
[2026-07-25T23:17:42.664+0000] {processor.py:914} INFO - Processing file /opt/airflow/dags/flex_eau_pipeline.py for tasks to queue
[2026-07-25T23:17:42.668+0000] {logging_mixin.py:190} INFO - [2026-07-25T23:17:42.667+0000] {dagbag.py:587} INFO - Filling up the DagBag from /opt/airflow/dags/flex_eau_pipeline.py
[2026-07-25T23:17:42.707+0000] {processor.py:925} INFO - DAG(s) 'flex_eau_pipeline' retrieved from /opt/airflow/dags/flex_eau_pipeline.py
[2026-07-25T23:17:42.791+0000] {logging_mixin.py:190} INFO - [2026-07-25T23:17:42.790+0000] {dag.py:3211} INFO - Sync 1 DAGs
[2026-07-25T23:17:42.863+0000] {logging_mixin.py:190} INFO - [2026-07-25T23:17:42.863+0000] {dag.py:4138} INFO - Setting next_dagrun for flex_eau_pipeline to 2026-07-25 00:00:00+00:00, run_after=2026-07-26 00:00:00+00:00
[2026-07-25T23:17:42.898+0000] {processor.py:208} INFO - Processing /opt/airflow/dags/flex_eau_pipeline.py took 0.246 seconds
[2026-07-25T23:18:13.247+0000] {processor.py:186} INFO - Started process (PID=5927) to work on /opt/airflow/dags/flex_eau_pipeline.py
[2026-07-25T23:18:13.251+0000] {processor.py:914} INFO - Processing file /opt/airflow/dags/flex_eau_pipeline.py for tasks to queue
[2026-07-25T23:18:13.254+0000] {logging_mixin.py:190} INFO - [2026-07-25T23:18:13.254+0000] {dagbag.py:587} INFO - Filling up the DagBag from /opt/airflow/dags/flex_eau_pipeline.py
[2026-07-25T23:18:13.293+0000] {processor.py:925} INFO - DAG(s) 'flex_eau_pipeline' retrieved from /opt/airflow/dags/flex_eau_pipeline.py
[2026-07-25T23:18:13.342+0000] {logging_mixin.py:190} INFO - [2026-07-25T23:18:13.342+0000] {dag.py:3211} INFO - Sync 1 DAGs
[2026-07-25T23:18:13.374+0000] {logging_mixin.py:190} INFO - [2026-07-25T23:18:13.374+0000] {dag.py:4138} INFO - Setting next_dagrun for flex_eau_pipeline to 2026-07-25 00:00:00+00:00, run_after=2026-07-26 00:00:00+00:00
[2026-07-25T23:18:13.415+0000] {processor.py:208} INFO - Processing /opt/airflow/dags/flex_eau_pipeline.py took 0.176 seconds
[2026-07-25T23:18:44.342+0000] {processor.py:186} INFO - Started process (PID=5932) to work on /opt/airflow/dags/flex_eau_pipeline.py
[2026-07-25T23:18:44.344+0000] {processor.py:914} INFO - Processing file /opt/airflow/dags/flex_eau_pipeline.py for tasks to queue
[2026-07-25T23:18:44.348+0000] {logging_mixin.py:190} INFO - [2026-07-25T23:18:44.347+0000] {dagbag.py:587} INFO - Filling up the DagBag from /opt/airflow/dags/flex_eau_pipeline.py
[2026-07-25T23:18:44.393+0000] {processor.py:925} INFO - DAG(s) 'flex_eau_pipeline' retrieved from /opt/airflow/dags/flex_eau_pipeline.py
[2026-07-25T23:18:44.453+0000] {logging_mixin.py:190} INFO - [2026-07-25T23:18:44.453+0000] {dag.py:3211} INFO - Sync 1 DAGs
[2026-07-25T23:18:44.491+0000] {logging_mixin.py:190} INFO - [2026-07-25T23:18:44.490+0000] {dag.py:4138} INFO - Setting next_dagrun for flex_eau_pipeline to 2026-07-25 00:00:00+00:00, run_after=2026-07-26 00:00:00+00:00
[2026-07-25T23:18:44.524+0000] {processor.py:208} INFO - Processing /opt/airflow/dags/flex_eau_pipeline.py took 0.193 seconds
[2026-07-25T23:19:15.215+0000] {processor.py:186} INFO - Started process (PID=5937) to work on /opt/airflow/dags/flex_eau_pipeline.py
[2026-07-25T23:19:15.217+0000] {processor.py:914} INFO - Processing file /opt/airflow/dags/flex_eau_pipeline.py for tasks to queue
[2026-07-25T23:19:15.222+0000] {logging_mixin.py:190} INFO - [2026-07-25T23:19:15.221+0000] {dagbag.py:587} INFO - Filling up the DagBag from /opt/airflow/dags/flex_eau_pipeline.py
[2026-07-25T23:19:15.264+0000] {processor.py:925} INFO - DAG(s) 'flex_eau_pipeline' retrieved from /opt/airflow/dags/flex_eau_pipeline.py
[2026-07-25T23:19:15.325+0000] {logging_mixin.py:190} INFO - [2026-07-25T23:19:15.325+0000] {dag.py:3211} INFO - Sync 1 DAGs
[2026-07-25T23:19:15.364+0000] {logging_mixin.py:190} INFO - [2026-07-25T23:19:15.363+0000] {dag.py:4138} INFO - Setting next_dagrun for flex_eau_pipeline to 2026-07-25 00:00:00+00:00, run_after=2026-07-26 00:00:00+00:00
[2026-07-25T23:19:15.395+0000] {processor.py:208} INFO - Processing /opt/airflow/dags/flex_eau_pipeline.py took 0.190 seconds
[2026-07-25T23:19:46.117+0000] {processor.py:186} INFO - Started process (PID=5942) to work on /opt/airflow/dags/flex_eau_pipeline.py
[2026-07-25T23:19:46.120+0000] {processor.py:914} INFO - Processing file /opt/airflow/dags/flex_eau_pipeline.py for tasks to queue
[2026-07-25T23:19:46.126+0000] {logging_mixin.py:190} INFO - [2026-07-25T23:19:46.125+0000] {dagbag.py:587} INFO - Filling up the DagBag from /opt/airflow/dags/flex_eau_pipeline.py
[2026-07-25T23:19:46.197+0000] {processor.py:925} INFO - DAG(s) 'flex_eau_pipeline' retrieved from /opt/airflow/dags/flex_eau_pipeline.py
[2026-07-25T23:19:46.264+0000] {logging_mixin.py:190} INFO - [2026-07-25T23:19:46.264+0000] {dag.py:3211} INFO - Sync 1 DAGs
[2026-07-25T23:19:46.304+0000] {logging_mixin.py:190} INFO - [2026-07-25T23:19:46.303+0000] {dag.py:4138} INFO - Setting next_dagrun for flex_eau_pipeline to 2026-07-25 00:00:00+00:00, run_after=2026-07-26 00:00:00+00:00
[2026-07-25T23:19:46.333+0000] {processor.py:208} INFO - Processing /opt/airflow/dags/flex_eau_pipeline.py took 0.237 seconds
[2026-07-25T23:20:16.859+0000] {processor.py:186} INFO - Started process (PID=5947) to work on /opt/airflow/dags/flex_eau_pipeline.py
[2026-07-25T23:20:16.862+0000] {processor.py:914} INFO - Processing file /opt/airflow/dags/flex_eau_pipeline.py for tasks to queue
[2026-07-25T23:20:16.866+0000] {logging_mixin.py:190} INFO - [2026-07-25T23:20:16.866+0000] {dagbag.py:587} INFO - Filling up the DagBag from /opt/airflow/dags/flex_eau_pipeline.py
[2026-07-25T23:20:16.906+0000] {processor.py:925} INFO - DAG(s) 'flex_eau_pipeline' retrieved from /opt/airflow/dags/flex_eau_pipeline.py
[2026-07-25T23:20:16.959+0000] {logging_mixin.py:190} INFO - [2026-07-25T23:20:16.959+0000] {dag.py:3211} INFO - Sync 1 DAGs
[2026-07-25T23:20:17.003+0000] {logging_mixin.py:190} INFO - [2026-07-25T23:20:17.002+0000] {dag.py:4138} INFO - Setting next_dagrun for flex_eau_pipeline to 2026-07-25 00:00:00+00:00, run_after=2026-07-26 00:00:00+00:00
[2026-07-25T23:20:17.051+0000] {processor.py:208} INFO - Processing /opt/airflow/dags/flex_eau_pipeline.py took 0.207 seconds
[2026-07-25T23:20:48.067+0000] {processor.py:186} INFO - Started process (PID=5952) to work on /opt/airflow/dags/flex_eau_pipeline.py
[2026-07-25T23:20:48.068+0000] {processor.py:914} INFO - Processing file /opt/airflow/dags/flex_eau_pipeline.py for tasks to queue
[2026-07-25T23:20:48.072+0000] {logging_mixin.py:190} INFO - [2026-07-25T23:20:48.072+0000] {dagbag.py:587} INFO - Filling up the DagBag from /opt/airflow/dags/flex_eau_pipeline.py
[2026-07-25T23:20:48.113+0000] {processor.py:925} INFO - DAG(s) 'flex_eau_pipeline' retrieved from /opt/airflow/dags/flex_eau_pipeline.py
[2026-07-25T23:20:48.166+0000] {logging_mixin.py:190} INFO - [2026-07-25T23:20:48.166+0000] {dag.py:3211} INFO - Sync 1 DAGs
[2026-07-25T23:20:48.200+0000] {logging_mixin.py:190} INFO - [2026-07-25T23:20:48.200+0000] {dag.py:4138} INFO - Setting next_dagrun for flex_eau_pipeline to 2026-07-25 00:00:00+00:00, run_after=2026-07-26 00:00:00+00:00
[2026-07-25T23:20:52.068+0000] {processor.py:208} INFO - Processing /opt/airflow/dags/flex_eau_pipeline.py took 4.909 seconds
[2026-07-25T23:21:23.078+0000] {processor.py:186} INFO - Started process (PID=5957) to work on /opt/airflow/dags/flex_eau_pipeline.py
[2026-07-25T23:21:23.081+0000] {processor.py:914} INFO - Processing file /opt/airflow/dags/flex_eau_pipeline.py for tasks to queue
[2026-07-25T23:21:23.087+0000] {logging_mixin.py:190} INFO - [2026-07-25T23:21:23.087+0000] {dagbag.py:587} INFO - Filling up the DagBag from /opt/airflow/dags/flex_eau_pipeline.py
[2026-07-25T23:21:23.156+0000] {processor.py:925} INFO - DAG(s) 'flex_eau_pipeline' retrieved from /opt/airflow/dags/flex_eau_pipeline.py
[2026-07-25T23:21:23.240+0000] {logging_mixin.py:190} INFO - [2026-07-25T23:21:23.239+0000] {dag.py:3211} INFO - Sync 1 DAGs
[2026-07-25T23:21:23.276+0000] {logging_mixin.py:190} INFO - [2026-07-25T23:21:23.276+0000] {dag.py:4138} INFO - Setting next_dagrun for flex_eau_pipeline to 2026-07-25 00:00:00+00:00, run_after=2026-07-26 00:00:00+00:00
[2026-07-25T23:21:23.303+0000] {processor.py:208} INFO - Processing /opt/airflow/dags/flex_eau_pipeline.py took 0.250 seconds
[2026-07-25T23:21:53.530+0000] {processor.py:186} INFO - Started process (PID=5962) to work on /opt/airflow/dags/flex_eau_pipeline.py
[2026-07-25T23:21:53.531+0000] {processor.py:914} INFO - Processing file /opt/airflow/dags/flex_eau_pipeline.py for tasks to queue
[2026-07-25T23:21:53.535+0000] {logging_mixin.py:190} INFO - [2026-07-25T23:21:53.535+0000] {dagbag.py:587} INFO - Filling up the DagBag from /opt/airflow/dags/flex_eau_pipeline.py
[2026-07-25T23:21:53.573+0000] {processor.py:925} INFO - DAG(s) 'flex_eau_pipeline' retrieved from /opt/airflow/dags/flex_eau_pipeline.py
[2026-07-25T23:21:53.627+0000] {logging_mixin.py:190} INFO - [2026-07-25T23:21:53.626+0000] {dag.py:3211} INFO - Sync 1 DAGs
[2026-07-25T23:21:53.674+0000] {logging_mixin.py:190} INFO - [2026-07-25T23:21:53.674+0000] {dag.py:4138} INFO - Setting next_dagrun for flex_eau_pipeline to 2026-07-25 00:00:00+00:00, run_after=2026-07-26 00:00:00+00:00
[2026-07-25T23:21:53.707+0000] {processor.py:208} INFO - Processing /opt/airflow/dags/flex_eau_pipeline.py took 0.191 seconds
[2026-07-25T23:22:24.261+0000] {processor.py:186} INFO - Started process (PID=5967) to work on /opt/airflow/dags/flex_eau_pipeline.py
[2026-07-25T23:22:24.264+0000] {processor.py:914} INFO - Processing file /opt/airflow/dags/flex_eau_pipeline.py for tasks to queue
[2026-07-25T23:22:24.268+0000] {logging_mixin.py:190} INFO - [2026-07-25T23:22:24.268+0000] {dagbag.py:587} INFO - Filling up the DagBag from /opt/airflow/dags/flex_eau_pipeline.py
[2026-07-25T23:22:24.316+0000] {processor.py:925} INFO - DAG(s) 'flex_eau_pipeline' retrieved from /opt/airflow/dags/flex_eau_pipeline.py
[2026-07-25T23:22:24.380+0000] {logging_mixin.py:190} INFO - [2026-07-25T23:22:24.380+0000] {dag.py:3211} INFO - Sync 1 DAGs
[2026-07-25T23:22:24.422+0000] {logging_mixin.py:190} INFO - [2026-07-25T23:22:24.421+0000] {dag.py:4138} INFO - Setting next_dagrun for flex_eau_pipeline to 2026-07-25 00:00:00+00:00, run_after=2026-07-26 00:00:00+00:00
[2026-07-25T23:22:24.458+0000] {processor.py:208} INFO - Processing /opt/airflow/dags/flex_eau_pipeline.py took 0.211 seconds
[2026-07-25T23:22:55.085+0000] {processor.py:186} INFO - Started process (PID=5972) to work on /opt/airflow/dags/flex_eau_pipeline.py
[2026-07-25T23:22:55.087+0000] {processor.py:914} INFO - Processing file /opt/airflow/dags/flex_eau_pipeline.py for tasks to queue
[2026-07-25T23:22:55.091+0000] {logging_mixin.py:190} INFO - [2026-07-25T23:22:55.091+0000] {dagbag.py:587} INFO - Filling up the DagBag from /opt/airflow/dags/flex_eau_pipeline.py
[2026-07-25T23:22:55.134+0000] {processor.py:925} INFO - DAG(s) 'flex_eau_pipeline' retrieved from /opt/airflow/dags/flex_eau_pipeline.py
[2026-07-25T23:22:55.185+0000] {logging_mixin.py:190} INFO - [2026-07-25T23:22:55.184+0000] {dag.py:3211} INFO - Sync 1 DAGs
[2026-07-25T23:22:55.222+0000] {logging_mixin.py:190} INFO - [2026-07-25T23:22:55.222+0000] {dag.py:4138} INFO - Setting next_dagrun for flex_eau_pipeline to 2026-07-25 00:00:00+00:00, run_after=2026-07-26 00:00:00+00:00
[2026-07-25T23:22:55.254+0000] {processor.py:208} INFO - Processing /opt/airflow/dags/flex_eau_pipeline.py took 0.181 seconds
[2026-07-25T23:23:25.775+0000] {processor.py:186} INFO - Started process (PID=5977) to work on /opt/airflow/dags/flex_eau_pipeline.py
[2026-07-25T23:23:25.778+0000] {processor.py:914} INFO - Processing file /opt/airflow/dags/flex_eau_pipeline.py for tasks to queue
[2026-07-25T23:23:25.783+0000] {logging_mixin.py:190} INFO - [2026-07-25T23:23:25.783+0000] {dagbag.py:587} INFO - Filling up the DagBag from /opt/airflow/dags/flex_eau_pipeline.py
[2026-07-25T23:23:25.830+0000] {processor.py:925} INFO - DAG(s) 'flex_eau_pipeline' retrieved from /opt/airflow/dags/flex_eau_pipeline.py
[2026-07-25T23:23:25.899+0000] {logging_mixin.py:190} INFO - [2026-07-25T23:23:25.899+0000] {dag.py:3211} INFO - Sync 1 DAGs
[2026-07-25T23:23:25.944+0000] {logging_mixin.py:190} INFO - [2026-07-25T23:23:25.943+0000] {dag.py:4138} INFO - Setting next_dagrun for flex_eau_pipeline to 2026-07-25 00:00:00+00:00, run_after=2026-07-26 00:00:00+00:00
[2026-07-25T23:23:25.986+0000] {processor.py:208} INFO - Processing /opt/airflow/dags/flex_eau_pipeline.py took 0.230 seconds
[2026-07-25T23:23:56.628+0000] {processor.py:186} INFO - Started process (PID=5982) to work on /opt/airflow/dags/flex_eau_pipeline.py
[2026-07-25T23:23:56.630+0000] {processor.py:914} INFO - Processing file /opt/airflow/dags/flex_eau_pipeline.py for tasks to queue
[2026-07-25T23:23:56.639+0000] {logging_mixin.py:190} INFO - [2026-07-25T23:23:56.637+0000] {dagbag.py:587} INFO - Filling up the DagBag from /opt/airflow/dags/flex_eau_pipeline.py
[2026-07-25T23:23:56.692+0000] {processor.py:925} INFO - DAG(s) 'flex_eau_pipeline' retrieved from /opt/airflow/dags/flex_eau_pipeline.py
[2026-07-25T23:23:56.752+0000] {logging_mixin.py:190} INFO - [2026-07-25T23:23:56.751+0000] {dag.py:3211} INFO - Sync 1 DAGs
[2026-07-25T23:23:56.799+0000] {logging_mixin.py:190} INFO - [2026-07-25T23:23:56.799+0000] {dag.py:4138} INFO - Setting next_dagrun for flex_eau_pipeline to 2026-07-25 00:00:00+00:00, run_after=2026-07-26 00:00:00+00:00
[2026-07-25T23:23:56.837+0000] {processor.py:208} INFO - Processing /opt/airflow/dags/flex_eau_pipeline.py took 0.225 seconds
[2026-07-25T23:24:27.027+0000] {processor.py:186} INFO - Started process (PID=5987) to work on /opt/airflow/dags/flex_eau_pipeline.py
[2026-07-25T23:24:27.030+0000] {processor.py:914} INFO - Processing file /opt/airflow/dags/flex_eau_pipeline.py for tasks to queue
[2026-07-25T23:24:27.035+0000] {logging_mixin.py:190} INFO - [2026-07-25T23:24:27.034+0000] {dagbag.py:587} INFO - Filling up the DagBag from /opt/airflow/dags/flex_eau_pipeline.py
[2026-07-25T23:24:27.086+0000] {processor.py:925} INFO - DAG(s) 'flex_eau_pipeline' retrieved from /opt/airflow/dags/flex_eau_pipeline.py
[2026-07-25T23:24:27.186+0000] {logging_mixin.py:190} INFO - [2026-07-25T23:24:27.185+0000] {dag.py:3211} INFO - Sync 1 DAGs
[2026-07-25T23:24:27.260+0000] {logging_mixin.py:190} INFO - [2026-07-25T23:24:27.259+0000] {dag.py:4138} INFO - Setting next_dagrun for flex_eau_pipeline to 2026-07-25 00:00:00+00:00, run_after=2026-07-26 00:00:00+00:00
[2026-07-25T23:24:27.298+0000] {processor.py:208} INFO - Processing /opt/airflow/dags/flex_eau_pipeline.py took 0.287 seconds
[2026-07-25T23:24:57.619+0000] {processor.py:186} INFO - Started process (PID=5992) to work on /opt/airflow/dags/flex_eau_pipeline.py
[2026-07-25T23:24:57.621+0000] {processor.py:914} INFO - Processing file /opt/airflow/dags/flex_eau_pipeline.py for tasks to queue
[2026-07-25T23:24:57.624+0000] {logging_mixin.py:190} INFO - [2026-07-25T23:24:57.624+0000] {dagbag.py:587} INFO - Filling up the DagBag from /opt/airflow/dags/flex_eau_pipeline.py
[2026-07-25T23:24:57.664+0000] {processor.py:925} INFO - DAG(s) 'flex_eau_pipeline' retrieved from /opt/airflow/dags/flex_eau_pipeline.py
[2026-07-25T23:24:57.884+0000] {logging_mixin.py:190} INFO - [2026-07-25T23:24:57.883+0000] {dag.py:3211} INFO - Sync 1 DAGs
[2026-07-25T23:24:57.918+0000] {logging_mixin.py:190} INFO - [2026-07-25T23:24:57.918+0000] {dag.py:4138} INFO - Setting next_dagrun for flex_eau_pipeline to 2026-07-25 00:00:00+00:00, run_after=2026-07-26 00:00:00+00:00
[2026-07-25T23:24:57.946+0000] {processor.py:208} INFO - Processing /opt/airflow/dags/flex_eau_pipeline.py took 0.337 seconds
[2026-07-25T23:25:28.591+0000] {processor.py:186} INFO - Started process (PID=5997) to work on /opt/airflow/dags/flex_eau_pipeline.py
[2026-07-25T23:25:28.594+0000] {processor.py:914} INFO - Processing file /opt/airflow/dags/flex_eau_pipeline.py for tasks to queue
[2026-07-25T23:25:28.598+0000] {logging_mixin.py:190} INFO - [2026-07-25T23:25:28.597+0000] {dagbag.py:587} INFO - Filling up the DagBag from /opt/airflow/dags/flex_eau_pipeline.py
[2026-07-25T23:25:28.642+0000] {processor.py:925} INFO - DAG(s) 'flex_eau_pipeline' retrieved from /opt/airflow/dags/flex_eau_pipeline.py
[2026-07-25T23:25:28.718+0000] {logging_mixin.py:190} INFO - [2026-07-25T23:25:28.718+0000] {dag.py:3211} INFO - Sync 1 DAGs
[2026-07-25T23:25:28.765+0000] {logging_mixin.py:190} INFO - [2026-07-25T23:25:28.765+0000] {dag.py:4138} INFO - Setting next_dagrun for flex_eau_pipeline to 2026-07-25 00:00:00+00:00, run_after=2026-07-26 00:00:00+00:00
[2026-07-25T23:25:28.801+0000] {processor.py:208} INFO - Processing /opt/airflow/dags/flex_eau_pipeline.py took 0.222 seconds
[2026-07-25T23:25:59.144+0000] {processor.py:186} INFO - Started process (PID=6002) to work on /opt/airflow/dags/flex_eau_pipeline.py
[2026-07-25T23:25:59.147+0000] {processor.py:914} INFO - Processing file /opt/airflow/dags/flex_eau_pipeline.py for tasks to queue
[2026-07-25T23:25:59.153+0000] {logging_mixin.py:190} INFO - [2026-07-25T23:25:59.152+0000] {dagbag.py:587} INFO - Filling up the DagBag from /opt/airflow/dags/flex_eau_pipeline.py
[2026-07-25T23:25:59.221+0000] {processor.py:925} INFO - DAG(s) 'flex_eau_pipeline' retrieved from /opt/airflow/dags/flex_eau_pipeline.py
[2026-07-25T23:25:59.309+0000] {logging_mixin.py:190} INFO - [2026-07-25T23:25:59.308+0000] {dag.py:3211} INFO - Sync 1 DAGs
[2026-07-25T23:25:59.372+0000] {logging_mixin.py:190} INFO - [2026-07-25T23:25:59.372+0000] {dag.py:4138} INFO - Setting next_dagrun for flex_eau_pipeline to 2026-07-25 00:00:00+00:00, run_after=2026-07-26 00:00:00+00:00
[2026-07-25T23:25:59.811+0000] {processor.py:208} INFO - Processing /opt/airflow/dags/flex_eau_pipeline.py took 0.683 seconds
[2026-07-25T23:26:30.517+0000] {processor.py:186} INFO - Started process (PID=6007) to work on /opt/airflow/dags/flex_eau_pipeline.py
[2026-07-25T23:26:30.520+0000] {processor.py:914} INFO - Processing file /opt/airflow/dags/flex_eau_pipeline.py for tasks to queue
[2026-07-25T23:26:30.525+0000] {logging_mixin.py:190} INFO - [2026-07-25T23:26:30.525+0000] {dagbag.py:587} INFO - Filling up the DagBag from /opt/airflow/dags/flex_eau_pipeline.py
[2026-07-25T23:26:30.620+0000] {processor.py:925} INFO - DAG(s) 'flex_eau_pipeline' retrieved from /opt/airflow/dags/flex_eau_pipeline.py
[2026-07-25T23:26:30.692+0000] {logging_mixin.py:190} INFO - [2026-07-25T23:26:30.691+0000] {dag.py:3211} INFO - Sync 1 DAGs
[2026-07-25T23:26:30.747+0000] {logging_mixin.py:190} INFO - [2026-07-25T23:26:30.747+0000] {dag.py:4138} INFO - Setting next_dagrun for flex_eau_pipeline to 2026-07-25 00:00:00+00:00, run_after=2026-07-26 00:00:00+00:00
[2026-07-25T23:26:30.806+0000] {processor.py:208} INFO - Processing /opt/airflow/dags/flex_eau_pipeline.py took 0.310 seconds
[2026-07-25T23:27:01.325+0000] {processor.py:186} INFO - Started process (PID=6012) to work on /opt/airflow/dags/flex_eau_pipeline.py
[2026-07-25T23:27:01.328+0000] {processor.py:914} INFO - Processing file /opt/airflow/dags/flex_eau_pipeline.py for tasks to queue
[2026-07-25T23:27:01.334+0000] {logging_mixin.py:190} INFO - [2026-07-25T23:27:01.333+0000] {dagbag.py:587} INFO - Filling up the DagBag from /opt/airflow/dags/flex_eau_pipeline.py
[2026-07-25T23:27:01.388+0000] {processor.py:925} INFO - DAG(s) 'flex_eau_pipeline' retrieved from /opt/airflow/dags/flex_eau_pipeline.py
[2026-07-25T23:27:01.469+0000] {logging_mixin.py:190} INFO - [2026-07-25T23:27:01.469+0000] {dag.py:3211} INFO - Sync 1 DAGs
[2026-07-25T23:27:01.521+0000] {logging_mixin.py:190} INFO - [2026-07-25T23:27:01.521+0000] {dag.py:4138} INFO - Setting next_dagrun for flex_eau_pipeline to 2026-07-25 00:00:00+00:00, run_after=2026-07-26 00:00:00+00:00
[2026-07-25T23:27:01.562+0000] {processor.py:208} INFO - Processing /opt/airflow/dags/flex_eau_pipeline.py took 0.254 seconds
[2026-07-25T23:27:32.126+0000] {processor.py:186} INFO - Started process (PID=6017) to work on /opt/airflow/dags/flex_eau_pipeline.py
[2026-07-25T23:27:32.130+0000] {processor.py:914} INFO - Processing file /opt/airflow/dags/flex_eau_pipeline.py for tasks to queue
[2026-07-25T23:27:32.138+0000] {logging_mixin.py:190} INFO - [2026-07-25T23:27:32.137+0000] {dagbag.py:587} INFO - Filling up the DagBag from /opt/airflow/dags/flex_eau_pipeline.py
[2026-07-25T23:27:32.229+0000] {processor.py:925} INFO - DAG(s) 'flex_eau_pipeline' retrieved from /opt/airflow/dags/flex_eau_pipeline.py
[2026-07-25T23:27:32.339+0000] {logging_mixin.py:190} INFO - [2026-07-25T23:27:32.339+0000] {dag.py:3211} INFO - Sync 1 DAGs
[2026-07-25T23:27:32.385+0000] {logging_mixin.py:190} INFO - [2026-07-25T23:27:32.384+0000] {dag.py:4138} INFO - Setting next_dagrun for flex_eau_pipeline to 2026-07-25 00:00:00+00:00, run_after=2026-07-26 00:00:00+00:00
[2026-07-25T23:27:32.424+0000] {processor.py:208} INFO - Processing /opt/airflow/dags/flex_eau_pipeline.py took 0.322 seconds
[2026-07-25T23:28:02.406+0000] {processor.py:186} INFO - Started process (PID=6022) to work on /opt/airflow/dags/flex_eau_pipeline.py
[2026-07-25T23:28:02.409+0000] {processor.py:914} INFO - Processing file /opt/airflow/dags/flex_eau_pipeline.py for tasks to queue
[2026-07-25T23:28:02.414+0000] {logging_mixin.py:190} INFO - [2026-07-25T23:28:02.413+0000] {dagbag.py:587} INFO - Filling up the DagBag from /opt/airflow/dags/flex_eau_pipeline.py
[2026-07-25T23:28:01.685+0000] {processor.py:925} INFO - DAG(s) 'flex_eau_pipeline' retrieved from /opt/airflow/dags/flex_eau_pipeline.py
[2026-07-25T23:28:01.800+0000] {logging_mixin.py:190} INFO - [2026-07-25T23:28:01.799+0000] {dag.py:3211} INFO - Sync 1 DAGs
[2026-07-25T23:28:01.857+0000] {logging_mixin.py:190} INFO - [2026-07-25T23:28:01.856+0000] {dag.py:4138} INFO - Setting next_dagrun for flex_eau_pipeline to 2026-07-25 00:00:00+00:00, run_after=2026-07-26 00:00:00+00:00
[2026-07-25T23:28:01.903+0000] {processor.py:208} INFO - Processing /opt/airflow/dags/flex_eau_pipeline.py took 0.347 seconds
[2026-07-25T23:28:32.457+0000] {processor.py:186} INFO - Started process (PID=6027) to work on /opt/airflow/dags/flex_eau_pipeline.py
[2026-07-25T23:28:32.459+0000] {processor.py:914} INFO - Processing file /opt/airflow/dags/flex_eau_pipeline.py for tasks to queue
[2026-07-25T23:28:32.462+0000] {logging_mixin.py:190} INFO - [2026-07-25T23:28:32.462+0000] {dagbag.py:587} INFO - Filling up the DagBag from /opt/airflow/dags/flex_eau_pipeline.py
[2026-07-25T23:28:32.501+0000] {processor.py:925} INFO - DAG(s) 'flex_eau_pipeline' retrieved from /opt/airflow/dags/flex_eau_pipeline.py
[2026-07-25T23:28:32.548+0000] {logging_mixin.py:190} INFO - [2026-07-25T23:28:32.548+0000] {dag.py:3211} INFO - Sync 1 DAGs
[2026-07-25T23:28:32.583+0000] {logging_mixin.py:190} INFO - [2026-07-25T23:28:32.583+0000] {dag.py:4138} INFO - Setting next_dagrun for flex_eau_pipeline to 2026-07-25 00:00:00+00:00, run_after=2026-07-26 00:00:00+00:00
[2026-07-25T23:28:32.613+0000] {processor.py:208} INFO - Processing /opt/airflow/dags/flex_eau_pipeline.py took 0.166 seconds
[2026-07-25T23:29:03.049+0000] {processor.py:186} INFO - Started process (PID=6032) to work on /opt/airflow/dags/flex_eau_pipeline.py
[2026-07-25T23:29:03.051+0000] {processor.py:914} INFO - Processing file /opt/airflow/dags/flex_eau_pipeline.py for tasks to queue
[2026-07-25T23:29:03.055+0000] {logging_mixin.py:190} INFO - [2026-07-25T23:29:03.054+0000] {dagbag.py:587} INFO - Filling up the DagBag from /opt/airflow/dags/flex_eau_pipeline.py
[2026-07-25T23:29:03.100+0000] {processor.py:925} INFO - DAG(s) 'flex_eau_pipeline' retrieved from /opt/airflow/dags/flex_eau_pipeline.py
[2026-07-25T23:29:03.155+0000] {logging_mixin.py:190} INFO - [2026-07-25T23:29:03.154+0000] {dag.py:3211} INFO - Sync 1 DAGs
[2026-07-25T23:29:03.204+0000] {logging_mixin.py:190} INFO - [2026-07-25T23:29:03.204+0000] {dag.py:4138} INFO - Setting next_dagrun for flex_eau_pipeline to 2026-07-25 00:00:00+00:00, run_after=2026-07-26 00:00:00+00:00
[2026-07-25T23:29:03.252+0000] {processor.py:208} INFO - Processing /opt/airflow/dags/flex_eau_pipeline.py took 0.213 seconds
[2026-07-25T23:29:33.829+0000] {processor.py:186} INFO - Started process (PID=6037) to work on /opt/airflow/dags/flex_eau_pipeline.py
[2026-07-25T23:29:33.832+0000] {processor.py:914} INFO - Processing file /opt/airflow/dags/flex_eau_pipeline.py for tasks to queue
[2026-07-25T23:29:33.836+0000] {logging_mixin.py:190} INFO - [2026-07-25T23:29:33.836+0000] {dagbag.py:587} INFO - Filling up the DagBag from /opt/airflow/dags/flex_eau_pipeline.py
[2026-07-25T23:29:33.883+0000] {processor.py:925} INFO - DAG(s) 'flex_eau_pipeline' retrieved from /opt/airflow/dags/flex_eau_pipeline.py
[2026-07-25T23:29:33.954+0000] {logging_mixin.py:190} INFO - [2026-07-25T23:29:33.954+0000] {dag.py:3211} INFO - Sync 1 DAGs
[2026-07-25T23:29:34.000+0000] {logging_mixin.py:190} INFO - [2026-07-25T23:29:33.999+0000] {dag.py:4138} INFO - Setting next_dagrun for flex_eau_pipeline to 2026-07-25 00:00:00+00:00, run_after=2026-07-26 00:00:00+00:00
[2026-07-25T23:29:34.034+0000] {processor.py:208} INFO - Processing /opt/airflow/dags/flex_eau_pipeline.py took 0.218 seconds
[2026-07-25T23:30:04.590+0000] {processor.py:186} INFO - Started process (PID=6042) to work on /opt/airflow/dags/flex_eau_pipeline.py
[2026-07-25T23:30:04.593+0000] {processor.py:914} INFO - Processing file /opt/airflow/dags/flex_eau_pipeline.py for tasks to queue
[2026-07-25T23:30:04.600+0000] {logging_mixin.py:190} INFO - [2026-07-25T23:30:04.599+0000] {dagbag.py:587} INFO - Filling up the DagBag from /opt/airflow/dags/flex_eau_pipeline.py
[2026-07-25T23:30:04.671+0000] {processor.py:925} INFO - DAG(s) 'flex_eau_pipeline' retrieved from /opt/airflow/dags/flex_eau_pipeline.py
[2026-07-25T23:30:04.782+0000] {logging_mixin.py:190} INFO - [2026-07-25T23:30:04.782+0000] {dag.py:3211} INFO - Sync 1 DAGs
[2026-07-25T23:30:04.850+0000] {logging_mixin.py:190} INFO - [2026-07-25T23:30:04.849+0000] {dag.py:4138} INFO - Setting next_dagrun for flex_eau_pipeline to 2026-07-25 00:00:00+00:00, run_after=2026-07-26 00:00:00+00:00
[2026-07-25T23:30:04.887+0000] {processor.py:208} INFO - Processing /opt/airflow/dags/flex_eau_pipeline.py took 0.313 seconds
[2026-07-25T23:30:35.263+0000] {processor.py:186} INFO - Started process (PID=6047) to work on /opt/airflow/dags/flex_eau_pipeline.py
[2026-07-25T23:30:35.266+0000] {processor.py:914} INFO - Processing file /opt/airflow/dags/flex_eau_pipeline.py for tasks to queue
[2026-07-25T23:30:35.273+0000] {logging_mixin.py:190} INFO - [2026-07-25T23:30:35.272+0000] {dagbag.py:587} INFO - Filling up the DagBag from /opt/airflow/dags/flex_eau_pipeline.py
[2026-07-25T23:30:35.318+0000] {processor.py:925} INFO - DAG(s) 'flex_eau_pipeline' retrieved from /opt/airflow/dags/flex_eau_pipeline.py
[2026-07-25T23:30:35.392+0000] {logging_mixin.py:190} INFO - [2026-07-25T23:30:35.391+0000] {dag.py:3211} INFO - Sync 1 DAGs
[2026-07-25T23:30:35.445+0000] {logging_mixin.py:190} INFO - [2026-07-25T23:30:35.445+0000] {dag.py:4138} INFO - Setting next_dagrun for flex_eau_pipeline to 2026-07-25 00:00:00+00:00, run_after=2026-07-26 00:00:00+00:00
[2026-07-25T23:30:35.778+0000] {processor.py:208} INFO - Processing /opt/airflow/dags/flex_eau_pipeline.py took 0.541 seconds
[2026-07-25T23:31:06.351+0000] {processor.py:186} INFO - Started process (PID=6052) to work on /opt/airflow/dags/flex_eau_pipeline.py
[2026-07-25T23:31:06.355+0000] {processor.py:914} INFO - Processing file /opt/airflow/dags/flex_eau_pipeline.py for tasks to queue
[2026-07-25T23:31:06.362+0000] {logging_mixin.py:190} INFO - [2026-07-25T23:31:06.361+0000] {dagbag.py:587} INFO - Filling up the DagBag from /opt/airflow/dags/flex_eau_pipeline.py
[2026-07-25T23:31:06.439+0000] {processor.py:925} INFO - DAG(s) 'flex_eau_pipeline' retrieved from /opt/airflow/dags/flex_eau_pipeline.py
[2026-07-25T23:31:06.531+0000] {logging_mixin.py:190} INFO - [2026-07-25T23:31:06.531+0000] {dag.py:3211} INFO - Sync 1 DAGs
[2026-07-25T23:31:06.569+0000] {logging_mixin.py:190} INFO - [2026-07-25T23:31:06.569+0000] {dag.py:4138} INFO - Setting next_dagrun for flex_eau_pipeline to 2026-07-25 00:00:00+00:00, run_after=2026-07-26 00:00:00+00:00
[2026-07-25T23:31:06.601+0000] {processor.py:208} INFO - Processing /opt/airflow/dags/flex_eau_pipeline.py took 0.271 seconds
[2026-07-25T23:31:36.859+0000] {processor.py:186} INFO - Started process (PID=6057) to work on /opt/airflow/dags/flex_eau_pipeline.py
[2026-07-25T23:31:36.862+0000] {processor.py:914} INFO - Processing file /opt/airflow/dags/flex_eau_pipeline.py for tasks to queue
[2026-07-25T23:31:36.870+0000] {logging_mixin.py:190} INFO - [2026-07-25T23:31:36.869+0000] {dagbag.py:587} INFO - Filling up the DagBag from /opt/airflow/dags/flex_eau_pipeline.py
[2026-07-25T23:31:36.928+0000] {processor.py:925} INFO - DAG(s) 'flex_eau_pipeline' retrieved from /opt/airflow/dags/flex_eau_pipeline.py
[2026-07-25T23:31:37.001+0000] {logging_mixin.py:190} INFO - [2026-07-25T23:31:37.000+0000] {dag.py:3211} INFO - Sync 1 DAGs
[2026-07-25T23:31:37.051+0000] {logging_mixin.py:190} INFO - [2026-07-25T23:31:37.051+0000] {dag.py:4138} INFO - Setting next_dagrun for flex_eau_pipeline to 2026-07-25 00:00:00+00:00, run_after=2026-07-26 00:00:00+00:00
[2026-07-25T23:31:37.091+0000] {processor.py:208} INFO - Processing /opt/airflow/dags/flex_eau_pipeline.py took 0.252 seconds
[2026-07-25T23:32:07.230+0000] {processor.py:186} INFO - Started process (PID=6062) to work on /opt/airflow/dags/flex_eau_pipeline.py
[2026-07-25T23:32:07.233+0000] {processor.py:914} INFO - Processing file /opt/airflow/dags/flex_eau_pipeline.py for tasks to queue
[2026-07-25T23:32:07.239+0000] {logging_mixin.py:190} INFO - [2026-07-25T23:32:07.238+0000] {dagbag.py:587} INFO - Filling up the DagBag from /opt/airflow/dags/flex_eau_pipeline.py
[2026-07-25T23:32:07.310+0000] {processor.py:925} INFO - DAG(s) 'flex_eau_pipeline' retrieved from /opt/airflow/dags/flex_eau_pipeline.py
[2026-07-25T23:32:07.371+0000] {logging_mixin.py:190} INFO - [2026-07-25T23:32:07.370+0000] {dag.py:3211} INFO - Sync 1 DAGs
[2026-07-25T23:32:07.417+0000] {logging_mixin.py:190} INFO - [2026-07-25T23:32:07.416+0000] {dag.py:4138} INFO - Setting next_dagrun for flex_eau_pipeline to 2026-07-25 00:00:00+00:00, run_after=2026-07-26 00:00:00+00:00
[2026-07-25T23:32:07.470+0000] {processor.py:208} INFO - Processing /opt/airflow/dags/flex_eau_pipeline.py took 0.248 seconds
[2026-07-25T23:32:37.632+0000] {processor.py:186} INFO - Started process (PID=6067) to work on /opt/airflow/dags/flex_eau_pipeline.py
[2026-07-25T23:32:37.635+0000] {processor.py:914} INFO - Processing file /opt/airflow/dags/flex_eau_pipeline.py for tasks to queue
[2026-07-25T23:32:37.639+0000] {logging_mixin.py:190} INFO - [2026-07-25T23:32:37.638+0000] {dagbag.py:587} INFO - Filling up the DagBag from /opt/airflow/dags/flex_eau_pipeline.py
[2026-07-25T23:32:37.699+0000] {processor.py:925} INFO - DAG(s) 'flex_eau_pipeline' retrieved from /opt/airflow/dags/flex_eau_pipeline.py
[2026-07-25T23:32:37.751+0000] {logging_mixin.py:190} INFO - [2026-07-25T23:32:37.751+0000] {dag.py:3211} INFO - Sync 1 DAGs
[2026-07-25T23:32:37.793+0000] {logging_mixin.py:190} INFO - [2026-07-25T23:32:37.793+0000] {dag.py:4138} INFO - Setting next_dagrun for flex_eau_pipeline to 2026-07-25 00:00:00+00:00, run_after=2026-07-26 00:00:00+00:00
[2026-07-25T23:32:37.835+0000] {processor.py:208} INFO - Processing /opt/airflow/dags/flex_eau_pipeline.py took 0.217 seconds
[2026-07-25T23:33:08.169+0000] {processor.py:186} INFO - Started process (PID=6072) to work on /opt/airflow/dags/flex_eau_pipeline.py
[2026-07-25T23:33:08.173+0000] {processor.py:914} INFO - Processing file /opt/airflow/dags/flex_eau_pipeline.py for tasks to queue
[2026-07-25T23:33:08.182+0000] {logging_mixin.py:190} INFO - [2026-07-25T23:33:08.181+0000] {dagbag.py:587} INFO - Filling up the DagBag from /opt/airflow/dags/flex_eau_pipeline.py
[2026-07-25T23:33:08.277+0000] {processor.py:925} INFO - DAG(s) 'flex_eau_pipeline' retrieved from /opt/airflow/dags/flex_eau_pipeline.py
[2026-07-25T23:33:08.330+0000] {logging_mixin.py:190} INFO - [2026-07-25T23:33:08.330+0000] {dag.py:3211} INFO - Sync 1 DAGs
[2026-07-25T23:33:08.365+0000] {logging_mixin.py:190} INFO - [2026-07-25T23:33:08.365+0000] {dag.py:4138} INFO - Setting next_dagrun for flex_eau_pipeline to 2026-07-25 00:00:00+00:00, run_after=2026-07-26 00:00:00+00:00
[2026-07-25T23:33:08.663+0000] {processor.py:208} INFO - Processing /opt/airflow/dags/flex_eau_pipeline.py took 0.520 seconds
[2026-07-25T23:33:38.985+0000] {processor.py:186} INFO - Started process (PID=6077) to work on /opt/airflow/dags/flex_eau_pipeline.py
[2026-07-25T23:33:38.987+0000] {processor.py:914} INFO - Processing file /opt/airflow/dags/flex_eau_pipeline.py for tasks to queue
[2026-07-25T23:33:38.993+0000] {logging_mixin.py:190} INFO - [2026-07-25T23:33:38.992+0000] {dagbag.py:587} INFO - Filling up the DagBag from /opt/airflow/dags/flex_eau_pipeline.py
[2026-07-25T23:33:39.037+0000] {processor.py:925} INFO - DAG(s) 'flex_eau_pipeline' retrieved from /opt/airflow/dags/flex_eau_pipeline.py
[2026-07-25T23:33:39.097+0000] {logging_mixin.py:190} INFO - [2026-07-25T23:33:39.097+0000] {dag.py:3211} INFO - Sync 1 DAGs
[2026-07-25T23:33:39.134+0000] {logging_mixin.py:190} INFO - [2026-07-25T23:33:39.134+0000] {dag.py:4138} INFO - Setting next_dagrun for flex_eau_pipeline to 2026-07-25 00:00:00+00:00, run_after=2026-07-26 00:00:00+00:00
[2026-07-25T23:33:39.168+0000] {processor.py:208} INFO - Processing /opt/airflow/dags/flex_eau_pipeline.py took 0.202 seconds
[2026-07-25T23:34:09.595+0000] {processor.py:186} INFO - Started process (PID=6082) to work on /opt/airflow/dags/flex_eau_pipeline.py
[2026-07-25T23:34:09.597+0000] {processor.py:914} INFO - Processing file /opt/airflow/dags/flex_eau_pipeline.py for tasks to queue
[2026-07-25T23:34:09.601+0000] {logging_mixin.py:190} INFO - [2026-07-25T23:34:09.601+0000] {dagbag.py:587} INFO - Filling up the DagBag from /opt/airflow/dags/flex_eau_pipeline.py
[2026-07-25T23:34:09.657+0000] {processor.py:925} INFO - DAG(s) 'flex_eau_pipeline' retrieved from /opt/airflow/dags/flex_eau_pipeline.py
[2026-07-25T23:34:09.723+0000] {logging_mixin.py:190} INFO - [2026-07-25T23:34:09.722+0000] {dag.py:3211} INFO - Sync 1 DAGs
[2026-07-25T23:34:09.757+0000] {logging_mixin.py:190} INFO - [2026-07-25T23:34:09.756+0000] {dag.py:4138} INFO - Setting next_dagrun for flex_eau_pipeline to 2026-07-25 00:00:00+00:00, run_after=2026-07-26 00:00:00+00:00
[2026-07-25T23:34:09.789+0000] {processor.py:208} INFO - Processing /opt/airflow/dags/flex_eau_pipeline.py took 0.205 seconds
[2026-07-25T23:34:40.266+0000] {processor.py:186} INFO - Started process (PID=6087) to work on /opt/airflow/dags/flex_eau_pipeline.py
[2026-07-25T23:34:40.268+0000] {processor.py:914} INFO - Processing file /opt/airflow/dags/flex_eau_pipeline.py for tasks to queue
[2026-07-25T23:34:40.272+0000] {logging_mixin.py:190} INFO - [2026-07-25T23:34:40.271+0000] {dagbag.py:587} INFO - Filling up the DagBag from /opt/airflow/dags/flex_eau_pipeline.py
[2026-07-25T23:34:40.316+0000] {processor.py:925} INFO - DAG(s) 'flex_eau_pipeline' retrieved from /opt/airflow/dags/flex_eau_pipeline.py
[2026-07-25T23:34:40.363+0000] {logging_mixin.py:190} INFO - [2026-07-25T23:34:40.363+0000] {dag.py:3211} INFO - Sync 1 DAGs
[2026-07-25T23:34:40.413+0000] {logging_mixin.py:190} INFO - [2026-07-25T23:34:40.412+0000] {dag.py:4138} INFO - Setting next_dagrun for flex_eau_pipeline to 2026-07-25 00:00:00+00:00, run_after=2026-07-26 00:00:00+00:00
[2026-07-25T23:34:40.440+0000] {processor.py:208} INFO - Processing /opt/airflow/dags/flex_eau_pipeline.py took 0.190 seconds
[2026-07-25T23:35:10.968+0000] {processor.py:186} INFO - Started process (PID=6092) to work on /opt/airflow/dags/flex_eau_pipeline.py
[2026-07-25T23:35:10.970+0000] {processor.py:914} INFO - Processing file /opt/airflow/dags/flex_eau_pipeline.py for tasks to queue
[2026-07-25T23:35:10.974+0000] {logging_mixin.py:190} INFO - [2026-07-25T23:35:10.973+0000] {dagbag.py:587} INFO - Filling up the DagBag from /opt/airflow/dags/flex_eau_pipeline.py
[2026-07-25T23:35:11.015+0000] {processor.py:925} INFO - DAG(s) 'flex_eau_pipeline' retrieved from /opt/airflow/dags/flex_eau_pipeline.py
[2026-07-25T23:35:11.065+0000] {logging_mixin.py:190} INFO - [2026-07-25T23:35:11.065+0000] {dag.py:3211} INFO - Sync 1 DAGs
[2026-07-25T23:35:11.101+0000] {logging_mixin.py:190} INFO - [2026-07-25T23:35:11.101+0000] {dag.py:4138} INFO - Setting next_dagrun for flex_eau_pipeline to 2026-07-25 00:00:00+00:00, run_after=2026-07-26 00:00:00+00:00
[2026-07-25T23:35:11.138+0000] {processor.py:208} INFO - Processing /opt/airflow/dags/flex_eau_pipeline.py took 0.180 seconds
[2026-07-25T23:35:41.891+0000] {processor.py:186} INFO - Started process (PID=6097) to work on /opt/airflow/dags/flex_eau_pipeline.py
[2026-07-25T23:35:41.896+0000] {processor.py:914} INFO - Processing file /opt/airflow/dags/flex_eau_pipeline.py for tasks to queue
[2026-07-25T23:35:41.907+0000] {logging_mixin.py:190} INFO - [2026-07-25T23:35:41.905+0000] {dagbag.py:587} INFO - Filling up the DagBag from /opt/airflow/dags/flex_eau_pipeline.py
[2026-07-25T23:35:42.014+0000] {processor.py:925} INFO - DAG(s) 'flex_eau_pipeline' retrieved from /opt/airflow/dags/flex_eau_pipeline.py
[2026-07-25T23:35:42.169+0000] {logging_mixin.py:190} INFO - [2026-07-25T23:35:42.169+0000] {dag.py:3211} INFO - Sync 1 DAGs
[2026-07-25T23:35:42.283+0000] {logging_mixin.py:190} INFO - [2026-07-25T23:35:42.282+0000] {dag.py:4138} INFO - Setting next_dagrun for flex_eau_pipeline to 2026-07-25 00:00:00+00:00, run_after=2026-07-26 00:00:00+00:00
[2026-07-25T23:35:42.634+0000] {processor.py:208} INFO - Processing /opt/airflow/dags/flex_eau_pipeline.py took 0.770 seconds
[2026-07-25T23:36:13.353+0000] {processor.py:186} INFO - Started process (PID=6102) to work on /opt/airflow/dags/flex_eau_pipeline.py
[2026-07-25T23:36:13.354+0000] {processor.py:914} INFO - Processing file /opt/airflow/dags/flex_eau_pipeline.py for tasks to queue
[2026-07-25T23:36:13.357+0000] {logging_mixin.py:190} INFO - [2026-07-25T23:36:13.357+0000] {dagbag.py:587} INFO - Filling up the DagBag from /opt/airflow/dags/flex_eau_pipeline.py
[2026-07-25T23:36:13.394+0000] {processor.py:925} INFO - DAG(s) 'flex_eau_pipeline' retrieved from /opt/airflow/dags/flex_eau_pipeline.py
[2026-07-25T23:36:13.476+0000] {logging_mixin.py:190} INFO - [2026-07-25T23:36:13.476+0000] {dag.py:3211} INFO - Sync 1 DAGs
[2026-07-25T23:36:13.510+0000] {logging_mixin.py:190} INFO - [2026-07-25T23:36:13.509+0000] {dag.py:4138} INFO - Setting next_dagrun for flex_eau_pipeline to 2026-07-25 00:00:00+00:00, run_after=2026-07-26 00:00:00+00:00
[2026-07-25T23:36:13.557+0000] {processor.py:208} INFO - Processing /opt/airflow/dags/flex_eau_pipeline.py took 0.212 seconds
[2026-07-25T23:36:44.050+0000] {processor.py:186} INFO - Started process (PID=6107) to work on /opt/airflow/dags/flex_eau_pipeline.py
[2026-07-25T23:36:44.053+0000] {processor.py:914} INFO - Processing file /opt/airflow/dags/flex_eau_pipeline.py for tasks to queue
[2026-07-25T23:36:44.060+0000] {logging_mixin.py:190} INFO - [2026-07-25T23:36:44.060+0000] {dagbag.py:587} INFO - Filling up the DagBag from /opt/airflow/dags/flex_eau_pipeline.py
[2026-07-25T23:36:44.142+0000] {processor.py:925} INFO - DAG(s) 'flex_eau_pipeline' retrieved from /opt/airflow/dags/flex_eau_pipeline.py
[2026-07-25T23:36:44.234+0000] {logging_mixin.py:190} INFO - [2026-07-25T23:36:44.234+0000] {dag.py:3211} INFO - Sync 1 DAGs
[2026-07-25T23:36:44.295+0000] {logging_mixin.py:190} INFO - [2026-07-25T23:36:44.295+0000] {dag.py:4138} INFO - Setting next_dagrun for flex_eau_pipeline to 2026-07-25 00:00:00+00:00, run_after=2026-07-26 00:00:00+00:00
[2026-07-25T23:36:44.350+0000] {processor.py:208} INFO - Processing /opt/airflow/dags/flex_eau_pipeline.py took 0.326 seconds
[2026-07-25T23:37:14.999+0000] {processor.py:186} INFO - Started process (PID=6112) to work on /opt/airflow/dags/flex_eau_pipeline.py
[2026-07-25T23:37:15.006+0000] {processor.py:914} INFO - Processing file /opt/airflow/dags/flex_eau_pipeline.py for tasks to queue
[2026-07-25T23:37:15.020+0000] {logging_mixin.py:190} INFO - [2026-07-25T23:37:15.019+0000] {dagbag.py:587} INFO - Filling up the DagBag from /opt/airflow/dags/flex_eau_pipeline.py
[2026-07-25T23:37:15.154+0000] {processor.py:925} INFO - DAG(s) 'flex_eau_pipeline' retrieved from /opt/airflow/dags/flex_eau_pipeline.py
[2026-07-25T23:37:15.229+0000] {logging_mixin.py:190} INFO - [2026-07-25T23:37:15.229+0000] {dag.py:3211} INFO - Sync 1 DAGs
[2026-07-25T23:37:15.263+0000] {logging_mixin.py:190} INFO - [2026-07-25T23:37:15.262+0000] {dag.py:4138} INFO - Setting next_dagrun for flex_eau_pipeline to 2026-07-25 00:00:00+00:00, run_after=2026-07-26 00:00:00+00:00
[2026-07-25T23:37:15.303+0000] {processor.py:208} INFO - Processing /opt/airflow/dags/flex_eau_pipeline.py took 0.353 seconds
[2026-07-25T23:37:45.842+0000] {processor.py:186} INFO - Started process (PID=6117) to work on /opt/airflow/dags/flex_eau_pipeline.py
[2026-07-25T23:37:45.846+0000] {processor.py:914} INFO - Processing file /opt/airflow/dags/flex_eau_pipeline.py for tasks to queue
[2026-07-25T23:37:45.856+0000] {logging_mixin.py:190} INFO - [2026-07-25T23:37:45.855+0000] {dagbag.py:587} INFO - Filling up the DagBag from /opt/airflow/dags/flex_eau_pipeline.py
[2026-07-25T23:37:45.951+0000] {processor.py:925} INFO - DAG(s) 'flex_eau_pipeline' retrieved from /opt/airflow/dags/flex_eau_pipeline.py
[2026-07-25T23:37:46.080+0000] {logging_mixin.py:190} INFO - [2026-07-25T23:37:46.079+0000] {dag.py:3211} INFO - Sync 1 DAGs
[2026-07-25T23:37:46.153+0000] {logging_mixin.py:190} INFO - [2026-07-25T23:37:46.153+0000] {dag.py:4138} INFO - Setting next_dagrun for flex_eau_pipeline to 2026-07-25 00:00:00+00:00, run_after=2026-07-26 00:00:00+00:00
[2026-07-25T23:37:46.197+0000] {processor.py:208} INFO - Processing /opt/airflow/dags/flex_eau_pipeline.py took 0.379 seconds
[2026-07-25T23:38:16.742+0000] {processor.py:186} INFO - Started process (PID=6122) to work on /opt/airflow/dags/flex_eau_pipeline.py
[2026-07-25T23:38:16.745+0000] {processor.py:914} INFO - Processing file /opt/airflow/dags/flex_eau_pipeline.py for tasks to queue
[2026-07-25T23:38:16.750+0000] {logging_mixin.py:190} INFO - [2026-07-25T23:38:16.749+0000] {dagbag.py:587} INFO - Filling up the DagBag from /opt/airflow/dags/flex_eau_pipeline.py
[2026-07-25T23:38:16.823+0000] {processor.py:925} INFO - DAG(s) 'flex_eau_pipeline' retrieved from /opt/airflow/dags/flex_eau_pipeline.py
[2026-07-25T23:38:16.907+0000] {logging_mixin.py:190} INFO - [2026-07-25T23:38:16.906+0000] {dag.py:3211} INFO - Sync 1 DAGs
[2026-07-25T23:38:17.180+0000] {logging_mixin.py:190} INFO - [2026-07-25T23:38:17.179+0000] {dag.py:4138} INFO - Setting next_dagrun for flex_eau_pipeline to 2026-07-25 00:00:00+00:00, run_after=2026-07-26 00:00:00+00:00
[2026-07-25T23:38:17.229+0000] {processor.py:208} INFO - Processing /opt/airflow/dags/flex_eau_pipeline.py took 0.501 seconds
[2026-07-25T23:38:47.462+0000] {processor.py:186} INFO - Started process (PID=6127) to work on /opt/airflow/dags/flex_eau_pipeline.py
[2026-07-25T23:38:47.467+0000] {processor.py:914} INFO - Processing file /opt/airflow/dags/flex_eau_pipeline.py for tasks to queue
[2026-07-25T23:38:47.474+0000] {logging_mixin.py:190} INFO - [2026-07-25T23:38:47.473+0000] {dagbag.py:587} INFO - Filling up the DagBag from /opt/airflow/dags/flex_eau_pipeline.py
[2026-07-25T23:38:47.565+0000] {processor.py:925} INFO - DAG(s) 'flex_eau_pipeline' retrieved from /opt/airflow/dags/flex_eau_pipeline.py
[2026-07-25T23:38:47.683+0000] {logging_mixin.py:190} INFO - [2026-07-25T23:38:47.682+0000] {dag.py:3211} INFO - Sync 1 DAGs
[2026-07-25T23:38:47.767+0000] {logging_mixin.py:190} INFO - [2026-07-25T23:38:47.766+0000] {dag.py:4138} INFO - Setting next_dagrun for flex_eau_pipeline to 2026-07-25 00:00:00+00:00, run_after=2026-07-26 00:00:00+00:00
[2026-07-25T23:38:47.836+0000] {processor.py:208} INFO - Processing /opt/airflow/dags/flex_eau_pipeline.py took 0.400 seconds
[2026-07-25T23:39:18.307+0000] {processor.py:186} INFO - Started process (PID=6132) to work on /opt/airflow/dags/flex_eau_pipeline.py
[2026-07-25T23:39:18.310+0000] {processor.py:914} INFO - Processing file /opt/airflow/dags/flex_eau_pipeline.py for tasks to queue
[2026-07-25T23:39:18.314+0000] {logging_mixin.py:190} INFO - [2026-07-25T23:39:18.313+0000] {dagbag.py:587} INFO - Filling up the DagBag from /opt/airflow/dags/flex_eau_pipeline.py
[2026-07-25T23:39:18.352+0000] {processor.py:925} INFO - DAG(s) 'flex_eau_pipeline' retrieved from /opt/airflow/dags/flex_eau_pipeline.py
[2026-07-25T23:39:18.416+0000] {logging_mixin.py:190} INFO - [2026-07-25T23:39:18.415+0000] {dag.py:3211} INFO - Sync 1 DAGs
[2026-07-25T23:39:18.449+0000] {logging_mixin.py:190} INFO - [2026-07-25T23:39:18.449+0000] {dag.py:4138} INFO - Setting next_dagrun for flex_eau_pipeline to 2026-07-25 00:00:00+00:00, run_after=2026-07-26 00:00:00+00:00
[2026-07-25T23:39:18.480+0000] {processor.py:208} INFO - Processing /opt/airflow/dags/flex_eau_pipeline.py took 0.184 seconds
[2026-07-25T23:39:49.102+0000] {processor.py:186} INFO - Started process (PID=6137) to work on /opt/airflow/dags/flex_eau_pipeline.py
[2026-07-25T23:39:49.105+0000] {processor.py:914} INFO - Processing file /opt/airflow/dags/flex_eau_pipeline.py for tasks to queue
[2026-07-25T23:39:49.110+0000] {logging_mixin.py:190} INFO - [2026-07-25T23:39:49.109+0000] {dagbag.py:587} INFO - Filling up the DagBag from /opt/airflow/dags/flex_eau_pipeline.py
[2026-07-25T23:39:49.170+0000] {processor.py:925} INFO - DAG(s) 'flex_eau_pipeline' retrieved from /opt/airflow/dags/flex_eau_pipeline.py
[2026-07-25T23:39:49.239+0000] {logging_mixin.py:190} INFO - [2026-07-25T23:39:49.239+0000] {dag.py:3211} INFO - Sync 1 DAGs
[2026-07-25T23:39:49.286+0000] {logging_mixin.py:190} INFO - [2026-07-25T23:39:49.286+0000] {dag.py:4138} INFO - Setting next_dagrun for flex_eau_pipeline to 2026-07-25 00:00:00+00:00, run_after=2026-07-26 00:00:00+00:00
[2026-07-25T23:39:49.343+0000] {processor.py:208} INFO - Processing /opt/airflow/dags/flex_eau_pipeline.py took 0.253 seconds
[2026-07-25T23:40:19.789+0000] {processor.py:186} INFO - Started process (PID=6142) to work on /opt/airflow/dags/flex_eau_pipeline.py
[2026-07-25T23:40:19.792+0000] {processor.py:914} INFO - Processing file /opt/airflow/dags/flex_eau_pipeline.py for tasks to queue
[2026-07-25T23:40:19.796+0000] {logging_mixin.py:190} INFO - [2026-07-25T23:40:19.796+0000] {dagbag.py:587} INFO - Filling up the DagBag from /opt/airflow/dags/flex_eau_pipeline.py
[2026-07-25T23:40:19.844+0000] {processor.py:925} INFO - DAG(s) 'flex_eau_pipeline' retrieved from /opt/airflow/dags/flex_eau_pipeline.py
[2026-07-25T23:40:19.902+0000] {logging_mixin.py:190} INFO - [2026-07-25T23:40:19.902+0000] {dag.py:3211} INFO - Sync 1 DAGs
[2026-07-25T23:40:19.938+0000] {logging_mixin.py:190} INFO - [2026-07-25T23:40:19.937+0000] {dag.py:4138} INFO - Setting next_dagrun for flex_eau_pipeline to 2026-07-25 00:00:00+00:00, run_after=2026-07-26 00:00:00+00:00
[2026-07-25T23:40:19.973+0000] {processor.py:208} INFO - Processing /opt/airflow/dags/flex_eau_pipeline.py took 0.197 seconds
[2026-07-25T23:40:50.721+0000] {processor.py:186} INFO - Started process (PID=6147) to work on /opt/airflow/dags/flex_eau_pipeline.py
[2026-07-25T23:40:50.723+0000] {processor.py:914} INFO - Processing file /opt/airflow/dags/flex_eau_pipeline.py for tasks to queue
[2026-07-25T23:40:50.728+0000] {logging_mixin.py:190} INFO - [2026-07-25T23:40:50.728+0000] {dagbag.py:587} INFO - Filling up the DagBag from /opt/airflow/dags/flex_eau_pipeline.py
[2026-07-25T23:40:50.782+0000] {processor.py:925} INFO - DAG(s) 'flex_eau_pipeline' retrieved from /opt/airflow/dags/flex_eau_pipeline.py
[2026-07-25T23:40:50.847+0000] {logging_mixin.py:190} INFO - [2026-07-25T23:40:50.847+0000] {dag.py:3211} INFO - Sync 1 DAGs
[2026-07-25T23:40:51.194+0000] {logging_mixin.py:190} INFO - [2026-07-25T23:40:51.193+0000] {dag.py:4138} INFO - Setting next_dagrun for flex_eau_pipeline to 2026-07-25 00:00:00+00:00, run_after=2026-07-26 00:00:00+00:00
[2026-07-25T23:40:51.242+0000] {processor.py:208} INFO - Processing /opt/airflow/dags/flex_eau_pipeline.py took 0.535 seconds
[2026-07-25T23:41:21.393+0000] {processor.py:186} INFO - Started process (PID=6152) to work on /opt/airflow/dags/flex_eau_pipeline.py
[2026-07-25T23:41:21.395+0000] {processor.py:914} INFO - Processing file /opt/airflow/dags/flex_eau_pipeline.py for tasks to queue
[2026-07-25T23:41:21.400+0000] {logging_mixin.py:190} INFO - [2026-07-25T23:41:21.399+0000] {dagbag.py:587} INFO - Filling up the DagBag from /opt/airflow/dags/flex_eau_pipeline.py
[2026-07-25T23:41:21.444+0000] {processor.py:925} INFO - DAG(s) 'flex_eau_pipeline' retrieved from /opt/airflow/dags/flex_eau_pipeline.py
[2026-07-25T23:41:21.501+0000] {logging_mixin.py:190} INFO - [2026-07-25T23:41:21.501+0000] {dag.py:3211} INFO - Sync 1 DAGs
[2026-07-25T23:41:21.537+0000] {logging_mixin.py:190} INFO - [2026-07-25T23:41:21.537+0000] {dag.py:4138} INFO - Setting next_dagrun for flex_eau_pipeline to 2026-07-25 00:00:00+00:00, run_after=2026-07-26 00:00:00+00:00
[2026-07-25T23:41:21.585+0000] {processor.py:208} INFO - Processing /opt/airflow/dags/flex_eau_pipeline.py took 0.205 seconds
[2026-07-25T23:41:52.116+0000] {processor.py:186} INFO - Started process (PID=6157) to work on /opt/airflow/dags/flex_eau_pipeline.py
[2026-07-25T23:41:52.118+0000] {processor.py:914} INFO - Processing file /opt/airflow/dags/flex_eau_pipeline.py for tasks to queue
[2026-07-25T23:41:52.123+0000] {logging_mixin.py:190} INFO - [2026-07-25T23:41:52.122+0000] {dagbag.py:587} INFO - Filling up the DagBag from /opt/airflow/dags/flex_eau_pipeline.py
[2026-07-25T23:41:52.171+0000] {processor.py:925} INFO - DAG(s) 'flex_eau_pipeline' retrieved from /opt/airflow/dags/flex_eau_pipeline.py
[2026-07-25T23:41:52.230+0000] {logging_mixin.py:190} INFO - [2026-07-25T23:41:52.229+0000] {dag.py:3211} INFO - Sync 1 DAGs
[2026-07-25T23:41:52.265+0000] {logging_mixin.py:190} INFO - [2026-07-25T23:41:52.264+0000] {dag.py:4138} INFO - Setting next_dagrun for flex_eau_pipeline to 2026-07-25 00:00:00+00:00, run_after=2026-07-26 00:00:00+00:00
[2026-07-25T23:41:52.316+0000] {processor.py:208} INFO - Processing /opt/airflow/dags/flex_eau_pipeline.py took 0.218 seconds
[2026-07-25T23:42:23.075+0000] {processor.py:186} INFO - Started process (PID=6162) to work on /opt/airflow/dags/flex_eau_pipeline.py
[2026-07-25T23:42:23.078+0000] {processor.py:914} INFO - Processing file /opt/airflow/dags/flex_eau_pipeline.py for tasks to queue
[2026-07-25T23:42:23.084+0000] {logging_mixin.py:190} INFO - [2026-07-25T23:42:23.083+0000] {dagbag.py:587} INFO - Filling up the DagBag from /opt/airflow/dags/flex_eau_pipeline.py
[2026-07-25T23:42:23.170+0000] {processor.py:925} INFO - DAG(s) 'flex_eau_pipeline' retrieved from /opt/airflow/dags/flex_eau_pipeline.py
[2026-07-25T23:42:23.266+0000] {logging_mixin.py:190} INFO - [2026-07-25T23:42:23.265+0000] {dag.py:3211} INFO - Sync 1 DAGs
[2026-07-25T23:42:23.306+0000] {logging_mixin.py:190} INFO - [2026-07-25T23:42:23.306+0000] {dag.py:4138} INFO - Setting next_dagrun for flex_eau_pipeline to 2026-07-25 00:00:00+00:00, run_after=2026-07-26 00:00:00+00:00
[2026-07-25T23:42:23.341+0000] {processor.py:208} INFO - Processing /opt/airflow/dags/flex_eau_pipeline.py took 0.280 seconds
[2026-07-25T23:42:53.677+0000] {processor.py:186} INFO - Started process (PID=6167) to work on /opt/airflow/dags/flex_eau_pipeline.py
[2026-07-25T23:42:53.679+0000] {processor.py:914} INFO - Processing file /opt/airflow/dags/flex_eau_pipeline.py for tasks to queue
[2026-07-25T23:42:53.683+0000] {logging_mixin.py:190} INFO - [2026-07-25T23:42:53.683+0000] {dagbag.py:587} INFO - Filling up the DagBag from /opt/airflow/dags/flex_eau_pipeline.py
[2026-07-25T23:42:53.725+0000] {processor.py:925} INFO - DAG(s) 'flex_eau_pipeline' retrieved from /opt/airflow/dags/flex_eau_pipeline.py
[2026-07-25T23:42:53.803+0000] {logging_mixin.py:190} INFO - [2026-07-25T23:42:53.802+0000] {dag.py:3211} INFO - Sync 1 DAGs
[2026-07-25T23:42:53.866+0000] {logging_mixin.py:190} INFO - [2026-07-25T23:42:53.865+0000] {dag.py:4138} INFO - Setting next_dagrun for flex_eau_pipeline to 2026-07-25 00:00:00+00:00, run_after=2026-07-26 00:00:00+00:00
[2026-07-25T23:42:54.158+0000] {processor.py:208} INFO - Processing /opt/airflow/dags/flex_eau_pipeline.py took 0.493 seconds
[2026-07-25T23:43:24.425+0000] {processor.py:186} INFO - Started process (PID=6172) to work on /opt/airflow/dags/flex_eau_pipeline.py
[2026-07-25T23:43:24.428+0000] {processor.py:914} INFO - Processing file /opt/airflow/dags/flex_eau_pipeline.py for tasks to queue
[2026-07-25T23:43:24.435+0000] {logging_mixin.py:190} INFO - [2026-07-25T23:43:24.434+0000] {dagbag.py:587} INFO - Filling up the DagBag from /opt/airflow/dags/flex_eau_pipeline.py
[2026-07-25T23:43:24.490+0000] {processor.py:925} INFO - DAG(s) 'flex_eau_pipeline' retrieved from /opt/airflow/dags/flex_eau_pipeline.py
[2026-07-25T23:43:24.546+0000] {logging_mixin.py:190} INFO - [2026-07-25T23:43:24.545+0000] {dag.py:3211} INFO - Sync 1 DAGs
[2026-07-25T23:43:24.804+0000] {logging_mixin.py:190} INFO - [2026-07-25T23:43:24.803+0000] {dag.py:4138} INFO - Setting next_dagrun for flex_eau_pipeline to 2026-07-25 00:00:00+00:00, run_after=2026-07-26 00:00:00+00:00
[2026-07-25T23:43:24.854+0000] {processor.py:208} INFO - Processing /opt/airflow/dags/flex_eau_pipeline.py took 0.443 seconds
[2026-07-25T23:43:55.573+0000] {processor.py:186} INFO - Started process (PID=6177) to work on /opt/airflow/dags/flex_eau_pipeline.py
[2026-07-25T23:43:55.577+0000] {processor.py:914} INFO - Processing file /opt/airflow/dags/flex_eau_pipeline.py for tasks to queue
[2026-07-25T23:43:55.585+0000] {logging_mixin.py:190} INFO - [2026-07-25T23:43:55.584+0000] {dagbag.py:587} INFO - Filling up the DagBag from /opt/airflow/dags/flex_eau_pipeline.py
[2026-07-25T23:43:55.630+0000] {processor.py:925} INFO - DAG(s) 'flex_eau_pipeline' retrieved from /opt/airflow/dags/flex_eau_pipeline.py
[2026-07-25T23:43:55.683+0000] {logging_mixin.py:190} INFO - [2026-07-25T23:43:55.683+0000] {dag.py:3211} INFO - Sync 1 DAGs
[2026-07-25T23:43:55.727+0000] {logging_mixin.py:190} INFO - [2026-07-25T23:43:55.727+0000] {dag.py:4138} INFO - Setting next_dagrun for flex_eau_pipeline to 2026-07-25 00:00:00+00:00, run_after=2026-07-26 00:00:00+00:00
[2026-07-25T23:43:55.766+0000] {processor.py:208} INFO - Processing /opt/airflow/dags/flex_eau_pipeline.py took 0.247 seconds
[2026-07-25T23:44:26.432+0000] {processor.py:186} INFO - Started process (PID=6182) to work on /opt/airflow/dags/flex_eau_pipeline.py
[2026-07-25T23:44:26.436+0000] {processor.py:914} INFO - Processing file /opt/airflow/dags/flex_eau_pipeline.py for tasks to queue
[2026-07-25T23:44:26.446+0000] {logging_mixin.py:190} INFO - [2026-07-25T23:44:26.445+0000] {dagbag.py:587} INFO - Filling up the DagBag from /opt/airflow/dags/flex_eau_pipeline.py
[2026-07-25T23:44:26.530+0000] {processor.py:925} INFO - DAG(s) 'flex_eau_pipeline' retrieved from /opt/airflow/dags/flex_eau_pipeline.py
[2026-07-25T23:44:26.646+0000] {logging_mixin.py:190} INFO - [2026-07-25T23:44:26.645+0000] {dag.py:3211} INFO - Sync 1 DAGs
[2026-07-25T23:44:26.713+0000] {logging_mixin.py:190} INFO - [2026-07-25T23:44:26.713+0000] {dag.py:4138} INFO - Setting next_dagrun for flex_eau_pipeline to 2026-07-25 00:00:00+00:00, run_after=2026-07-26 00:00:00+00:00
[2026-07-25T23:44:26.761+0000] {processor.py:208} INFO - Processing /opt/airflow/dags/flex_eau_pipeline.py took 0.359 seconds
[2026-07-25T23:44:57.217+0000] {processor.py:186} INFO - Started process (PID=6187) to work on /opt/airflow/dags/flex_eau_pipeline.py
[2026-07-25T23:44:57.220+0000] {processor.py:914} INFO - Processing file /opt/airflow/dags/flex_eau_pipeline.py for tasks to queue
[2026-07-25T23:44:57.226+0000] {logging_mixin.py:190} INFO - [2026-07-25T23:44:57.226+0000] {dagbag.py:587} INFO - Filling up the DagBag from /opt/airflow/dags/flex_eau_pipeline.py
[2026-07-25T23:44:57.299+0000] {processor.py:925} INFO - DAG(s) 'flex_eau_pipeline' retrieved from /opt/airflow/dags/flex_eau_pipeline.py
[2026-07-25T23:44:57.402+0000] {logging_mixin.py:190} INFO - [2026-07-25T23:44:57.401+0000] {dag.py:3211} INFO - Sync 1 DAGs
[2026-07-25T23:44:57.445+0000] {logging_mixin.py:190} INFO - [2026-07-25T23:44:57.445+0000] {dag.py:4138} INFO - Setting next_dagrun for flex_eau_pipeline to 2026-07-25 00:00:00+00:00, run_after=2026-07-26 00:00:00+00:00
[2026-07-25T23:44:57.491+0000] {processor.py:208} INFO - Processing /opt/airflow/dags/flex_eau_pipeline.py took 0.308 seconds
[2026-07-25T23:45:28.135+0000] {processor.py:186} INFO - Started process (PID=6192) to work on /opt/airflow/dags/flex_eau_pipeline.py
[2026-07-25T23:45:28.139+0000] {processor.py:914} INFO - Processing file /opt/airflow/dags/flex_eau_pipeline.py for tasks to queue
[2026-07-25T23:45:28.145+0000] {logging_mixin.py:190} INFO - [2026-07-25T23:45:28.144+0000] {dagbag.py:587} INFO - Filling up the DagBag from /opt/airflow/dags/flex_eau_pipeline.py
[2026-07-25T23:45:28.195+0000] {processor.py:925} INFO - DAG(s) 'flex_eau_pipeline' retrieved from /opt/airflow/dags/flex_eau_pipeline.py
[2026-07-25T23:45:28.262+0000] {logging_mixin.py:190} INFO - [2026-07-25T23:45:28.261+0000] {dag.py:3211} INFO - Sync 1 DAGs
[2026-07-25T23:45:28.308+0000] {logging_mixin.py:190} INFO - [2026-07-25T23:45:28.308+0000] {dag.py:4138} INFO - Setting next_dagrun for flex_eau_pipeline to 2026-07-25 00:00:00+00:00, run_after=2026-07-26 00:00:00+00:00
[2026-07-25T23:45:28.589+0000] {processor.py:208} INFO - Processing /opt/airflow/dags/flex_eau_pipeline.py took 0.471 seconds
[2026-07-25T23:45:58.964+0000] {processor.py:186} INFO - Started process (PID=6197) to work on /opt/airflow/dags/flex_eau_pipeline.py
[2026-07-25T23:45:58.967+0000] {processor.py:914} INFO - Processing file /opt/airflow/dags/flex_eau_pipeline.py for tasks to queue
[2026-07-25T23:45:58.975+0000] {logging_mixin.py:190} INFO - [2026-07-25T23:45:58.974+0000] {dagbag.py:587} INFO - Filling up the DagBag from /opt/airflow/dags/flex_eau_pipeline.py
[2026-07-25T23:45:59.059+0000] {processor.py:925} INFO - DAG(s) 'flex_eau_pipeline' retrieved from /opt/airflow/dags/flex_eau_pipeline.py
[2026-07-25T23:45:59.204+0000] {logging_mixin.py:190} INFO - [2026-07-25T23:45:59.203+0000] {dag.py:3211} INFO - Sync 1 DAGs
[2026-07-25T23:45:59.285+0000] {logging_mixin.py:190} INFO - [2026-07-25T23:45:59.284+0000] {dag.py:4138} INFO - Setting next_dagrun for flex_eau_pipeline to 2026-07-25 00:00:00+00:00, run_after=2026-07-26 00:00:00+00:00
[2026-07-25T23:45:59.352+0000] {processor.py:208} INFO - Processing /opt/airflow/dags/flex_eau_pipeline.py took 0.426 seconds
[2026-07-25T23:46:30.093+0000] {processor.py:186} INFO - Started process (PID=6202) to work on /opt/airflow/dags/flex_eau_pipeline.py
[2026-07-25T23:46:30.095+0000] {processor.py:914} INFO - Processing file /opt/airflow/dags/flex_eau_pipeline.py for tasks to queue
[2026-07-25T23:46:30.102+0000] {logging_mixin.py:190} INFO - [2026-07-25T23:46:30.101+0000] {dagbag.py:587} INFO - Filling up the DagBag from /opt/airflow/dags/flex_eau_pipeline.py
[2026-07-25T23:46:30.167+0000] {processor.py:925} INFO - DAG(s) 'flex_eau_pipeline' retrieved from /opt/airflow/dags/flex_eau_pipeline.py
[2026-07-25T23:46:30.286+0000] {logging_mixin.py:190} INFO - [2026-07-25T23:46:30.286+0000] {dag.py:3211} INFO - Sync 1 DAGs
[2026-07-25T23:46:30.324+0000] {logging_mixin.py:190} INFO - [2026-07-25T23:46:30.324+0000] {dag.py:4138} INFO - Setting next_dagrun for flex_eau_pipeline to 2026-07-25 00:00:00+00:00, run_after=2026-07-26 00:00:00+00:00
[2026-07-25T23:46:30.358+0000] {processor.py:208} INFO - Processing /opt/airflow/dags/flex_eau_pipeline.py took 0.283 seconds
[2026-07-25T23:47:00.823+0000] {processor.py:186} INFO - Started process (PID=6207) to work on /opt/airflow/dags/flex_eau_pipeline.py
[2026-07-25T23:47:00.827+0000] {processor.py:914} INFO - Processing file /opt/airflow/dags/flex_eau_pipeline.py for tasks to queue
[2026-07-25T23:47:00.834+0000] {logging_mixin.py:190} INFO - [2026-07-25T23:47:00.833+0000] {dagbag.py:587} INFO - Filling up the DagBag from /opt/airflow/dags/flex_eau_pipeline.py
[2026-07-25T23:47:00.915+0000] {processor.py:925} INFO - DAG(s) 'flex_eau_pipeline' retrieved from /opt/airflow/dags/flex_eau_pipeline.py
[2026-07-25T23:47:01.026+0000] {logging_mixin.py:190} INFO - [2026-07-25T23:47:01.025+0000] {dag.py:3211} INFO - Sync 1 DAGs
[2026-07-25T23:47:01.104+0000] {logging_mixin.py:190} INFO - [2026-07-25T23:47:01.103+0000] {dag.py:4138} INFO - Setting next_dagrun for flex_eau_pipeline to 2026-07-25 00:00:00+00:00, run_after=2026-07-26 00:00:00+00:00
[2026-07-25T23:47:01.148+0000] {processor.py:208} INFO - Processing /opt/airflow/dags/flex_eau_pipeline.py took 0.351 seconds
[2026-07-25T23:47:31.683+0000] {processor.py:186} INFO - Started process (PID=6212) to work on /opt/airflow/dags/flex_eau_pipeline.py
[2026-07-25T23:47:31.687+0000] {processor.py:914} INFO - Processing file /opt/airflow/dags/flex_eau_pipeline.py for tasks to queue
[2026-07-25T23:47:31.696+0000] {logging_mixin.py:190} INFO - [2026-07-25T23:47:31.694+0000] {dagbag.py:587} INFO - Filling up the DagBag from /opt/airflow/dags/flex_eau_pipeline.py
[2026-07-25T23:47:31.811+0000] {processor.py:925} INFO - DAG(s) 'flex_eau_pipeline' retrieved from /opt/airflow/dags/flex_eau_pipeline.py
[2026-07-25T23:47:31.931+0000] {logging_mixin.py:190} INFO - [2026-07-25T23:47:31.930+0000] {dag.py:3211} INFO - Sync 1 DAGs
[2026-07-25T23:47:32.005+0000] {logging_mixin.py:190} INFO - [2026-07-25T23:47:32.004+0000] {dag.py:4138} INFO - Setting next_dagrun for flex_eau_pipeline to 2026-07-25 00:00:00+00:00, run_after=2026-07-26 00:00:00+00:00
[2026-07-25T23:47:32.057+0000] {processor.py:208} INFO - Processing /opt/airflow/dags/flex_eau_pipeline.py took 0.418 seconds
[2026-07-25T23:48:02.655+0000] {processor.py:186} INFO - Started process (PID=6217) to work on /opt/airflow/dags/flex_eau_pipeline.py
[2026-07-25T23:48:02.658+0000] {processor.py:914} INFO - Processing file /opt/airflow/dags/flex_eau_pipeline.py for tasks to queue
[2026-07-25T23:48:02.670+0000] {logging_mixin.py:190} INFO - [2026-07-25T23:48:02.669+0000] {dagbag.py:587} INFO - Filling up the DagBag from /opt/airflow/dags/flex_eau_pipeline.py
[2026-07-25T23:48:02.760+0000] {processor.py:925} INFO - DAG(s) 'flex_eau_pipeline' retrieved from /opt/airflow/dags/flex_eau_pipeline.py
[2026-07-25T23:48:02.884+0000] {logging_mixin.py:190} INFO - [2026-07-25T23:48:02.883+0000] {dag.py:3211} INFO - Sync 1 DAGs
[2026-07-25T23:48:03.252+0000] {logging_mixin.py:190} INFO - [2026-07-25T23:48:03.252+0000] {dag.py:4138} INFO - Setting next_dagrun for flex_eau_pipeline to 2026-07-25 00:00:00+00:00, run_after=2026-07-26 00:00:00+00:00
[2026-07-25T23:48:03.293+0000] {processor.py:208} INFO - Processing /opt/airflow/dags/flex_eau_pipeline.py took 0.662 seconds
[2026-07-25T23:48:34.094+0000] {processor.py:186} INFO - Started process (PID=6222) to work on /opt/airflow/dags/flex_eau_pipeline.py
[2026-07-25T23:48:34.101+0000] {processor.py:914} INFO - Processing file /opt/airflow/dags/flex_eau_pipeline.py for tasks to queue
[2026-07-25T23:48:34.113+0000] {logging_mixin.py:190} INFO - [2026-07-25T23:48:34.111+0000] {dagbag.py:587} INFO - Filling up the DagBag from /opt/airflow/dags/flex_eau_pipeline.py
[2026-07-25T23:48:34.271+0000] {processor.py:925} INFO - DAG(s) 'flex_eau_pipeline' retrieved from /opt/airflow/dags/flex_eau_pipeline.py
[2026-07-25T23:48:34.343+0000] {logging_mixin.py:190} INFO - [2026-07-25T23:48:34.343+0000] {dag.py:3211} INFO - Sync 1 DAGs
[2026-07-25T23:48:34.422+0000] {logging_mixin.py:190} INFO - [2026-07-25T23:48:34.422+0000] {dag.py:4138} INFO - Setting next_dagrun for flex_eau_pipeline to 2026-07-25 00:00:00+00:00, run_after=2026-07-26 00:00:00+00:00
[2026-07-25T23:48:34.468+0000] {processor.py:208} INFO - Processing /opt/airflow/dags/flex_eau_pipeline.py took 0.412 seconds
[2026-07-25T23:49:05.003+0000] {processor.py:186} INFO - Started process (PID=6227) to work on /opt/airflow/dags/flex_eau_pipeline.py
[2026-07-25T23:49:05.005+0000] {processor.py:914} INFO - Processing file /opt/airflow/dags/flex_eau_pipeline.py for tasks to queue
[2026-07-25T23:49:05.010+0000] {logging_mixin.py:190} INFO - [2026-07-25T23:49:05.010+0000] {dagbag.py:587} INFO - Filling up the DagBag from /opt/airflow/dags/flex_eau_pipeline.py
[2026-07-25T23:49:05.078+0000] {processor.py:925} INFO - DAG(s) 'flex_eau_pipeline' retrieved from /opt/airflow/dags/flex_eau_pipeline.py
[2026-07-25T23:49:05.173+0000] {logging_mixin.py:190} INFO - [2026-07-25T23:49:05.173+0000] {dag.py:3211} INFO - Sync 1 DAGs
[2026-07-25T23:49:05.239+0000] {logging_mixin.py:190} INFO - [2026-07-25T23:49:05.239+0000] {dag.py:4138} INFO - Setting next_dagrun for flex_eau_pipeline to 2026-07-25 00:00:00+00:00, run_after=2026-07-26 00:00:00+00:00
[2026-07-25T23:49:05.298+0000] {processor.py:208} INFO - Processing /opt/airflow/dags/flex_eau_pipeline.py took 0.307 seconds
[2026-07-25T23:49:35.544+0000] {processor.py:186} INFO - Started process (PID=6232) to work on /opt/airflow/dags/flex_eau_pipeline.py
[2026-07-25T23:49:35.549+0000] {processor.py:914} INFO - Processing file /opt/airflow/dags/flex_eau_pipeline.py for tasks to queue
[2026-07-25T23:49:35.557+0000] {logging_mixin.py:190} INFO - [2026-07-25T23:49:35.556+0000] {dagbag.py:587} INFO - Filling up the DagBag from /opt/airflow/dags/flex_eau_pipeline.py
[2026-07-25T23:49:35.627+0000] {processor.py:925} INFO - DAG(s) 'flex_eau_pipeline' retrieved from /opt/airflow/dags/flex_eau_pipeline.py
[2026-07-25T23:49:35.728+0000] {logging_mixin.py:190} INFO - [2026-07-25T23:49:35.727+0000] {dag.py:3211} INFO - Sync 1 DAGs
[2026-07-25T23:49:35.794+0000] {logging_mixin.py:190} INFO - [2026-07-25T23:49:35.793+0000] {dag.py:4138} INFO - Setting next_dagrun for flex_eau_pipeline to 2026-07-25 00:00:00+00:00, run_after=2026-07-26 00:00:00+00:00
[2026-07-25T23:49:35.846+0000] {processor.py:208} INFO - Processing /opt/airflow/dags/flex_eau_pipeline.py took 0.344 seconds
[2026-07-25T23:50:06.422+0000] {processor.py:186} INFO - Started process (PID=6237) to work on /opt/airflow/dags/flex_eau_pipeline.py
[2026-07-25T23:50:06.424+0000] {processor.py:914} INFO - Processing file /opt/airflow/dags/flex_eau_pipeline.py for tasks to queue
[2026-07-25T23:50:06.428+0000] {logging_mixin.py:190} INFO - [2026-07-25T23:50:06.428+0000] {dagbag.py:587} INFO - Filling up the DagBag from /opt/airflow/dags/flex_eau_pipeline.py
[2026-07-25T23:50:06.468+0000] {processor.py:925} INFO - DAG(s) 'flex_eau_pipeline' retrieved from /opt/airflow/dags/flex_eau_pipeline.py
[2026-07-25T23:50:06.522+0000] {logging_mixin.py:190} INFO - [2026-07-25T23:50:06.522+0000] {dag.py:3211} INFO - Sync 1 DAGs
[2026-07-25T23:50:06.563+0000] {logging_mixin.py:190} INFO - [2026-07-25T23:50:06.563+0000] {dag.py:4138} INFO - Setting next_dagrun for flex_eau_pipeline to 2026-07-25 00:00:00+00:00, run_after=2026-07-26 00:00:00+00:00
[2026-07-25T23:50:06.600+0000] {processor.py:208} INFO - Processing /opt/airflow/dags/flex_eau_pipeline.py took 0.190 seconds
[2026-07-25T23:50:37.082+0000] {processor.py:186} INFO - Started process (PID=6242) to work on /opt/airflow/dags/flex_eau_pipeline.py
[2026-07-25T23:50:37.086+0000] {processor.py:914} INFO - Processing file /opt/airflow/dags/flex_eau_pipeline.py for tasks to queue
[2026-07-25T23:50:37.092+0000] {logging_mixin.py:190} INFO - [2026-07-25T23:50:37.091+0000] {dagbag.py:587} INFO - Filling up the DagBag from /opt/airflow/dags/flex_eau_pipeline.py
[2026-07-25T23:50:37.157+0000] {processor.py:925} INFO - DAG(s) 'flex_eau_pipeline' retrieved from /opt/airflow/dags/flex_eau_pipeline.py
[2026-07-25T23:50:37.230+0000] {logging_mixin.py:190} INFO - [2026-07-25T23:50:37.230+0000] {dag.py:3211} INFO - Sync 1 DAGs
[2026-07-25T23:50:37.548+0000] {logging_mixin.py:190} INFO - [2026-07-25T23:50:37.547+0000] {dag.py:4138} INFO - Setting next_dagrun for flex_eau_pipeline to 2026-07-25 00:00:00+00:00, run_after=2026-07-26 00:00:00+00:00
[2026-07-25T23:50:37.599+0000] {processor.py:208} INFO - Processing /opt/airflow/dags/flex_eau_pipeline.py took 0.532 seconds
[2026-07-25T23:51:07.982+0000] {processor.py:186} INFO - Started process (PID=6247) to work on /opt/airflow/dags/flex_eau_pipeline.py
[2026-07-25T23:51:07.986+0000] {processor.py:914} INFO - Processing file /opt/airflow/dags/flex_eau_pipeline.py for tasks to queue
[2026-07-25T23:51:07.992+0000] {logging_mixin.py:190} INFO - [2026-07-25T23:51:07.991+0000] {dagbag.py:587} INFO - Filling up the DagBag from /opt/airflow/dags/flex_eau_pipeline.py
[2026-07-25T23:51:08.051+0000] {processor.py:925} INFO - DAG(s) 'flex_eau_pipeline' retrieved from /opt/airflow/dags/flex_eau_pipeline.py
[2026-07-25T23:51:08.190+0000] {logging_mixin.py:190} INFO - [2026-07-25T23:51:08.189+0000] {dag.py:3211} INFO - Sync 1 DAGs
[2026-07-25T23:51:08.285+0000] {logging_mixin.py:190} INFO - [2026-07-25T23:51:08.285+0000] {dag.py:4138} INFO - Setting next_dagrun for flex_eau_pipeline to 2026-07-25 00:00:00+00:00, run_after=2026-07-26 00:00:00+00:00
[2026-07-25T23:51:08.332+0000] {processor.py:208} INFO - Processing /opt/airflow/dags/flex_eau_pipeline.py took 0.365 seconds
[2026-07-25T23:51:38.556+0000] {processor.py:186} INFO - Started process (PID=6252) to work on /opt/airflow/dags/flex_eau_pipeline.py
[2026-07-25T23:51:38.559+0000] {processor.py:914} INFO - Processing file /opt/airflow/dags/flex_eau_pipeline.py for tasks to queue
[2026-07-25T23:51:38.570+0000] {logging_mixin.py:190} INFO - [2026-07-25T23:51:38.570+0000] {dagbag.py:587} INFO - Filling up the DagBag from /opt/airflow/dags/flex_eau_pipeline.py
[2026-07-25T23:51:38.652+0000] {processor.py:925} INFO - DAG(s) 'flex_eau_pipeline' retrieved from /opt/airflow/dags/flex_eau_pipeline.py
[2026-07-25T23:51:38.763+0000] {logging_mixin.py:190} INFO - [2026-07-25T23:51:38.762+0000] {dag.py:3211} INFO - Sync 1 DAGs
[2026-07-25T23:51:37.893+0000] {logging_mixin.py:190} INFO - [2026-07-25T23:51:37.892+0000] {dag.py:4138} INFO - Setting next_dagrun for flex_eau_pipeline to 2026-07-25 00:00:00+00:00, run_after=2026-07-26 00:00:00+00:00
[2026-07-25T23:51:37.923+0000] {processor.py:208} INFO - Processing /opt/airflow/dags/flex_eau_pipeline.py took 0.318 seconds
[2026-07-25T23:52:08.635+0000] {processor.py:186} INFO - Started process (PID=6257) to work on /opt/airflow/dags/flex_eau_pipeline.py
[2026-07-25T23:52:08.637+0000] {processor.py:914} INFO - Processing file /opt/airflow/dags/flex_eau_pipeline.py for tasks to queue
[2026-07-25T23:52:08.649+0000] {logging_mixin.py:190} INFO - [2026-07-25T23:52:08.647+0000] {dagbag.py:587} INFO - Filling up the DagBag from /opt/airflow/dags/flex_eau_pipeline.py
[2026-07-25T23:52:08.712+0000] {processor.py:925} INFO - DAG(s) 'flex_eau_pipeline' retrieved from /opt/airflow/dags/flex_eau_pipeline.py
[2026-07-25T23:52:08.785+0000] {logging_mixin.py:190} INFO - [2026-07-25T23:52:08.784+0000] {dag.py:3211} INFO - Sync 1 DAGs
[2026-07-25T23:52:08.849+0000] {logging_mixin.py:190} INFO - [2026-07-25T23:52:08.848+0000] {dag.py:4138} INFO - Setting next_dagrun for flex_eau_pipeline to 2026-07-25 00:00:00+00:00, run_after=2026-07-26 00:00:00+00:00
[2026-07-25T23:52:08.887+0000] {processor.py:208} INFO - Processing /opt/airflow/dags/flex_eau_pipeline.py took 0.270 seconds
[2026-07-25T23:52:39.697+0000] {processor.py:186} INFO - Started process (PID=6262) to work on /opt/airflow/dags/flex_eau_pipeline.py
[2026-07-25T23:52:39.700+0000] {processor.py:914} INFO - Processing file /opt/airflow/dags/flex_eau_pipeline.py for tasks to queue
[2026-07-25T23:52:39.705+0000] {logging_mixin.py:190} INFO - [2026-07-25T23:52:39.704+0000] {dagbag.py:587} INFO - Filling up the DagBag from /opt/airflow/dags/flex_eau_pipeline.py
[2026-07-25T23:52:39.773+0000] {processor.py:925} INFO - DAG(s) 'flex_eau_pipeline' retrieved from /opt/airflow/dags/flex_eau_pipeline.py
[2026-07-25T23:52:39.865+0000] {logging_mixin.py:190} INFO - [2026-07-25T23:52:39.865+0000] {dag.py:3211} INFO - Sync 1 DAGs
[2026-07-25T23:52:39.929+0000] {logging_mixin.py:190} INFO - [2026-07-25T23:52:39.928+0000] {dag.py:4138} INFO - Setting next_dagrun for flex_eau_pipeline to 2026-07-25 00:00:00+00:00, run_after=2026-07-26 00:00:00+00:00
[2026-07-25T23:52:40.295+0000] {processor.py:208} INFO - Processing /opt/airflow/dags/flex_eau_pipeline.py took 0.620 seconds
[2026-07-25T23:53:10.629+0000] {processor.py:186} INFO - Started process (PID=6267) to work on /opt/airflow/dags/flex_eau_pipeline.py
[2026-07-25T23:53:10.633+0000] {processor.py:914} INFO - Processing file /opt/airflow/dags/flex_eau_pipeline.py for tasks to queue
[2026-07-25T23:53:10.637+0000] {logging_mixin.py:190} INFO - [2026-07-25T23:53:10.637+0000] {dagbag.py:587} INFO - Filling up the DagBag from /opt/airflow/dags/flex_eau_pipeline.py
[2026-07-25T23:53:10.680+0000] {processor.py:925} INFO - DAG(s) 'flex_eau_pipeline' retrieved from /opt/airflow/dags/flex_eau_pipeline.py
[2026-07-25T23:53:10.762+0000] {logging_mixin.py:190} INFO - [2026-07-25T23:53:10.761+0000] {dag.py:3211} INFO - Sync 1 DAGs
[2026-07-25T23:53:11.085+0000] {logging_mixin.py:190} INFO - [2026-07-25T23:53:11.084+0000] {dag.py:4138} INFO - Setting next_dagrun for flex_eau_pipeline to 2026-07-25 00:00:00+00:00, run_after=2026-07-26 00:00:00+00:00
[2026-07-25T23:53:11.116+0000] {processor.py:208} INFO - Processing /opt/airflow/dags/flex_eau_pipeline.py took 0.506 seconds
[2026-07-25T23:53:41.510+0000] {processor.py:186} INFO - Started process (PID=6272) to work on /opt/airflow/dags/flex_eau_pipeline.py
[2026-07-25T23:53:41.512+0000] {processor.py:914} INFO - Processing file /opt/airflow/dags/flex_eau_pipeline.py for tasks to queue
[2026-07-25T23:53:41.516+0000] {logging_mixin.py:190} INFO - [2026-07-25T23:53:41.515+0000] {dagbag.py:587} INFO - Filling up the DagBag from /opt/airflow/dags/flex_eau_pipeline.py
[2026-07-25T23:53:41.568+0000] {processor.py:925} INFO - DAG(s) 'flex_eau_pipeline' retrieved from /opt/airflow/dags/flex_eau_pipeline.py
[2026-07-25T23:53:41.636+0000] {logging_mixin.py:190} INFO - [2026-07-25T23:53:41.636+0000] {dag.py:3211} INFO - Sync 1 DAGs
[2026-07-25T23:53:41.682+0000] {logging_mixin.py:190} INFO - [2026-07-25T23:53:41.681+0000] {dag.py:4138} INFO - Setting next_dagrun for flex_eau_pipeline to 2026-07-25 00:00:00+00:00, run_after=2026-07-26 00:00:00+00:00
[2026-07-25T23:53:41.725+0000] {processor.py:208} INFO - Processing /opt/airflow/dags/flex_eau_pipeline.py took 0.236 seconds
[2026-07-25T23:54:11.923+0000] {processor.py:186} INFO - Started process (PID=6277) to work on /opt/airflow/dags/flex_eau_pipeline.py
[2026-07-25T23:54:11.925+0000] {processor.py:914} INFO - Processing file /opt/airflow/dags/flex_eau_pipeline.py for tasks to queue
[2026-07-25T23:54:11.929+0000] {logging_mixin.py:190} INFO - [2026-07-25T23:54:11.929+0000] {dagbag.py:587} INFO - Filling up the DagBag from /opt/airflow/dags/flex_eau_pipeline.py
[2026-07-25T23:54:11.975+0000] {processor.py:925} INFO - DAG(s) 'flex_eau_pipeline' retrieved from /opt/airflow/dags/flex_eau_pipeline.py
[2026-07-25T23:54:12.048+0000] {logging_mixin.py:190} INFO - [2026-07-25T23:54:12.048+0000] {dag.py:3211} INFO - Sync 1 DAGs
[2026-07-25T23:54:12.089+0000] {logging_mixin.py:190} INFO - [2026-07-25T23:54:12.089+0000] {dag.py:4138} INFO - Setting next_dagrun for flex_eau_pipeline to 2026-07-25 00:00:00+00:00, run_after=2026-07-26 00:00:00+00:00
[2026-07-25T23:54:12.123+0000] {processor.py:208} INFO - Processing /opt/airflow/dags/flex_eau_pipeline.py took 0.222 seconds
[2026-07-25T23:54:42.311+0000] {processor.py:186} INFO - Started process (PID=6282) to work on /opt/airflow/dags/flex_eau_pipeline.py
[2026-07-25T23:54:42.314+0000] {processor.py:914} INFO - Processing file /opt/airflow/dags/flex_eau_pipeline.py for tasks to queue
[2026-07-25T23:54:42.318+0000] {logging_mixin.py:190} INFO - [2026-07-25T23:54:42.318+0000] {dagbag.py:587} INFO - Filling up the DagBag from /opt/airflow/dags/flex_eau_pipeline.py
[2026-07-25T23:54:42.380+0000] {processor.py:925} INFO - DAG(s) 'flex_eau_pipeline' retrieved from /opt/airflow/dags/flex_eau_pipeline.py
[2026-07-25T23:54:42.485+0000] {logging_mixin.py:190} INFO - [2026-07-25T23:54:42.484+0000] {dag.py:3211} INFO - Sync 1 DAGs
[2026-07-25T23:54:42.532+0000] {logging_mixin.py:190} INFO - [2026-07-25T23:54:42.532+0000] {dag.py:4138} INFO - Setting next_dagrun for flex_eau_pipeline to 2026-07-25 00:00:00+00:00, run_after=2026-07-26 00:00:00+00:00
[2026-07-25T23:54:42.575+0000] {processor.py:208} INFO - Processing /opt/airflow/dags/flex_eau_pipeline.py took 0.282 seconds
[2026-07-25T23:55:12.991+0000] {processor.py:186} INFO - Started process (PID=6287) to work on /opt/airflow/dags/flex_eau_pipeline.py
[2026-07-25T23:55:12.994+0000] {processor.py:914} INFO - Processing file /opt/airflow/dags/flex_eau_pipeline.py for tasks to queue
[2026-07-25T23:55:12.999+0000] {logging_mixin.py:190} INFO - [2026-07-25T23:55:12.998+0000] {dagbag.py:587} INFO - Filling up the DagBag from /opt/airflow/dags/flex_eau_pipeline.py
[2026-07-25T23:55:13.084+0000] {processor.py:925} INFO - DAG(s) 'flex_eau_pipeline' retrieved from /opt/airflow/dags/flex_eau_pipeline.py
[2026-07-25T23:55:13.180+0000] {logging_mixin.py:190} INFO - [2026-07-25T23:55:13.180+0000] {dag.py:3211} INFO - Sync 1 DAGs
[2026-07-25T23:55:13.231+0000] {logging_mixin.py:190} INFO - [2026-07-25T23:55:13.231+0000] {dag.py:4138} INFO - Setting next_dagrun for flex_eau_pipeline to 2026-07-25 00:00:00+00:00, run_after=2026-07-26 00:00:00+00:00
[2026-07-25T23:55:13.596+0000] {processor.py:208} INFO - Processing /opt/airflow/dags/flex_eau_pipeline.py took 0.619 seconds
[2026-07-25T23:55:43.882+0000] {processor.py:186} INFO - Started process (PID=6292) to work on /opt/airflow/dags/flex_eau_pipeline.py
[2026-07-25T23:55:43.887+0000] {processor.py:914} INFO - Processing file /opt/airflow/dags/flex_eau_pipeline.py for tasks to queue
[2026-07-25T23:55:43.892+0000] {logging_mixin.py:190} INFO - [2026-07-25T23:55:43.891+0000] {dagbag.py:587} INFO - Filling up the DagBag from /opt/airflow/dags/flex_eau_pipeline.py
[2026-07-25T23:55:43.978+0000] {processor.py:925} INFO - DAG(s) 'flex_eau_pipeline' retrieved from /opt/airflow/dags/flex_eau_pipeline.py
[2026-07-25T23:55:44.043+0000] {logging_mixin.py:190} INFO - [2026-07-25T23:55:44.042+0000] {dag.py:3211} INFO - Sync 1 DAGs
[2026-07-25T23:55:44.383+0000] {logging_mixin.py:190} INFO - [2026-07-25T23:55:44.382+0000] {dag.py:4138} INFO - Setting next_dagrun for flex_eau_pipeline to 2026-07-25 00:00:00+00:00, run_after=2026-07-26 00:00:00+00:00
[2026-07-25T23:55:44.423+0000] {processor.py:208} INFO - Processing /opt/airflow/dags/flex_eau_pipeline.py took 0.555 seconds
[2026-07-25T23:56:14.673+0000] {processor.py:186} INFO - Started process (PID=6297) to work on /opt/airflow/dags/flex_eau_pipeline.py
[2026-07-25T23:56:14.675+0000] {processor.py:914} INFO - Processing file /opt/airflow/dags/flex_eau_pipeline.py for tasks to queue
[2026-07-25T23:56:14.680+0000] {logging_mixin.py:190} INFO - [2026-07-25T23:56:14.679+0000] {dagbag.py:587} INFO - Filling up the DagBag from /opt/airflow/dags/flex_eau_pipeline.py
[2026-07-25T23:56:14.720+0000] {processor.py:925} INFO - DAG(s) 'flex_eau_pipeline' retrieved from /opt/airflow/dags/flex_eau_pipeline.py
[2026-07-25T23:56:14.794+0000] {logging_mixin.py:190} INFO - [2026-07-25T23:56:14.794+0000] {dag.py:3211} INFO - Sync 1 DAGs
[2026-07-25T23:56:14.833+0000] {logging_mixin.py:190} INFO - [2026-07-25T23:56:14.833+0000] {dag.py:4138} INFO - Setting next_dagrun for flex_eau_pipeline to 2026-07-25 00:00:00+00:00, run_after=2026-07-26 00:00:00+00:00
[2026-07-25T23:56:14.862+0000] {processor.py:208} INFO - Processing /opt/airflow/dags/flex_eau_pipeline.py took 0.205 seconds
[2026-07-25T23:56:45.568+0000] {processor.py:186} INFO - Started process (PID=6302) to work on /opt/airflow/dags/flex_eau_pipeline.py
[2026-07-25T23:56:45.573+0000] {processor.py:914} INFO - Processing file /opt/airflow/dags/flex_eau_pipeline.py for tasks to queue
[2026-07-25T23:56:45.588+0000] {logging_mixin.py:190} INFO - [2026-07-25T23:56:45.586+0000] {dagbag.py:587} INFO - Filling up the DagBag from /opt/airflow/dags/flex_eau_pipeline.py
[2026-07-25T23:56:45.688+0000] {processor.py:925} INFO - DAG(s) 'flex_eau_pipeline' retrieved from /opt/airflow/dags/flex_eau_pipeline.py
[2026-07-25T23:56:45.839+0000] {logging_mixin.py:190} INFO - [2026-07-25T23:56:45.838+0000] {dag.py:3211} INFO - Sync 1 DAGs
[2026-07-25T23:56:45.924+0000] {logging_mixin.py:190} INFO - [2026-07-25T23:56:45.924+0000] {dag.py:4138} INFO - Setting next_dagrun for flex_eau_pipeline to 2026-07-25 00:00:00+00:00, run_after=2026-07-26 00:00:00+00:00
[2026-07-25T23:56:45.975+0000] {processor.py:208} INFO - Processing /opt/airflow/dags/flex_eau_pipeline.py took 0.440 seconds
[2026-07-25T23:57:16.229+0000] {processor.py:186} INFO - Started process (PID=6307) to work on /opt/airflow/dags/flex_eau_pipeline.py
[2026-07-25T23:57:16.238+0000] {processor.py:914} INFO - Processing file /opt/airflow/dags/flex_eau_pipeline.py for tasks to queue
[2026-07-25T23:57:16.246+0000] {logging_mixin.py:190} INFO - [2026-07-25T23:57:16.246+0000] {dagbag.py:587} INFO - Filling up the DagBag from /opt/airflow/dags/flex_eau_pipeline.py
[2026-07-25T23:57:16.336+0000] {processor.py:925} INFO - DAG(s) 'flex_eau_pipeline' retrieved from /opt/airflow/dags/flex_eau_pipeline.py
[2026-07-25T23:57:16.424+0000] {logging_mixin.py:190} INFO - [2026-07-25T23:57:16.423+0000] {dag.py:3211} INFO - Sync 1 DAGs
[2026-07-25T23:57:16.461+0000] {logging_mixin.py:190} INFO - [2026-07-25T23:57:16.460+0000] {dag.py:4138} INFO - Setting next_dagrun for flex_eau_pipeline to 2026-07-25 00:00:00+00:00, run_after=2026-07-26 00:00:00+00:00
[2026-07-25T23:57:16.505+0000] {processor.py:208} INFO - Processing /opt/airflow/dags/flex_eau_pipeline.py took 0.315 seconds
[2026-07-25T23:57:46.726+0000] {processor.py:186} INFO - Started process (PID=6312) to work on /opt/airflow/dags/flex_eau_pipeline.py
[2026-07-25T23:57:46.727+0000] {processor.py:914} INFO - Processing file /opt/airflow/dags/flex_eau_pipeline.py for tasks to queue
[2026-07-25T23:57:46.731+0000] {logging_mixin.py:190} INFO - [2026-07-25T23:57:46.730+0000] {dagbag.py:587} INFO - Filling up the DagBag from /opt/airflow/dags/flex_eau_pipeline.py
[2026-07-25T23:57:46.769+0000] {processor.py:925} INFO - DAG(s) 'flex_eau_pipeline' retrieved from /opt/airflow/dags/flex_eau_pipeline.py
[2026-07-25T23:57:46.831+0000] {logging_mixin.py:190} INFO - [2026-07-25T23:57:46.830+0000] {dag.py:3211} INFO - Sync 1 DAGs
[2026-07-25T23:57:46.867+0000] {logging_mixin.py:190} INFO - [2026-07-25T23:57:46.866+0000] {dag.py:4138} INFO - Setting next_dagrun for flex_eau_pipeline to 2026-07-25 00:00:00+00:00, run_after=2026-07-26 00:00:00+00:00
[2026-07-25T23:57:47.137+0000] {processor.py:208} INFO - Processing /opt/airflow/dags/flex_eau_pipeline.py took 0.424 seconds
[2026-07-25T23:58:17.526+0000] {processor.py:186} INFO - Started process (PID=6317) to work on /opt/airflow/dags/flex_eau_pipeline.py
[2026-07-25T23:58:17.529+0000] {processor.py:914} INFO - Processing file /opt/airflow/dags/flex_eau_pipeline.py for tasks to queue
[2026-07-25T23:58:17.534+0000] {logging_mixin.py:190} INFO - [2026-07-25T23:58:17.533+0000] {dagbag.py:587} INFO - Filling up the DagBag from /opt/airflow/dags/flex_eau_pipeline.py
[2026-07-25T23:58:17.577+0000] {processor.py:925} INFO - DAG(s) 'flex_eau_pipeline' retrieved from /opt/airflow/dags/flex_eau_pipeline.py
[2026-07-25T23:58:17.664+0000] {logging_mixin.py:190} INFO - [2026-07-25T23:58:17.664+0000] {dag.py:3211} INFO - Sync 1 DAGs
[2026-07-25T23:58:17.993+0000] {logging_mixin.py:190} INFO - [2026-07-25T23:58:17.993+0000] {dag.py:4138} INFO - Setting next_dagrun for flex_eau_pipeline to 2026-07-25 00:00:00+00:00, run_after=2026-07-26 00:00:00+00:00
[2026-07-25T23:58:18.047+0000] {processor.py:208} INFO - Processing /opt/airflow/dags/flex_eau_pipeline.py took 0.535 seconds
[2026-07-25T23:58:48.682+0000] {processor.py:186} INFO - Started process (PID=6322) to work on /opt/airflow/dags/flex_eau_pipeline.py
[2026-07-25T23:58:48.684+0000] {processor.py:914} INFO - Processing file /opt/airflow/dags/flex_eau_pipeline.py for tasks to queue
[2026-07-25T23:58:48.688+0000] {logging_mixin.py:190} INFO - [2026-07-25T23:58:48.688+0000] {dagbag.py:587} INFO - Filling up the DagBag from /opt/airflow/dags/flex_eau_pipeline.py
[2026-07-25T23:58:48.737+0000] {processor.py:925} INFO - DAG(s) 'flex_eau_pipeline' retrieved from /opt/airflow/dags/flex_eau_pipeline.py
[2026-07-25T23:58:48.794+0000] {logging_mixin.py:190} INFO - [2026-07-25T23:58:48.794+0000] {dag.py:3211} INFO - Sync 1 DAGs
[2026-07-25T23:58:48.836+0000] {logging_mixin.py:190} INFO - [2026-07-25T23:58:48.835+0000] {dag.py:4138} INFO - Setting next_dagrun for flex_eau_pipeline to 2026-07-25 00:00:00+00:00, run_after=2026-07-26 00:00:00+00:00
[2026-07-25T23:58:48.895+0000] {processor.py:208} INFO - Processing /opt/airflow/dags/flex_eau_pipeline.py took 0.242 seconds
[2026-07-25T23:59:19.432+0000] {processor.py:186} INFO - Started process (PID=6327) to work on /opt/airflow/dags/flex_eau_pipeline.py
[2026-07-25T23:59:19.433+0000] {processor.py:914} INFO - Processing file /opt/airflow/dags/flex_eau_pipeline.py for tasks to queue
[2026-07-25T23:59:19.436+0000] {logging_mixin.py:190} INFO - [2026-07-25T23:59:19.436+0000] {dagbag.py:587} INFO - Filling up the DagBag from /opt/airflow/dags/flex_eau_pipeline.py
[2026-07-25T23:59:19.488+0000] {processor.py:925} INFO - DAG(s) 'flex_eau_pipeline' retrieved from /opt/airflow/dags/flex_eau_pipeline.py
[2026-07-25T23:59:19.535+0000] {logging_mixin.py:190} INFO - [2026-07-25T23:59:19.535+0000] {dag.py:3211} INFO - Sync 1 DAGs
[2026-07-25T23:59:19.571+0000] {logging_mixin.py:190} INFO - [2026-07-25T23:59:19.571+0000] {dag.py:4138} INFO - Setting next_dagrun for flex_eau_pipeline to 2026-07-25 00:00:00+00:00, run_after=2026-07-26 00:00:00+00:00
[2026-07-25T23:59:19.173+0000] {processor.py:208} INFO - Processing /opt/airflow/dags/flex_eau_pipeline.py took 0.193 seconds
[2026-07-25T23:59:50.425+0000] {processor.py:186} INFO - Started process (PID=6332) to work on /opt/airflow/dags/flex_eau_pipeline.py
[2026-07-25T23:59:50.428+0000] {processor.py:914} INFO - Processing file /opt/airflow/dags/flex_eau_pipeline.py for tasks to queue
[2026-07-25T23:59:50.443+0000] {logging_mixin.py:190} INFO - [2026-07-25T23:59:50.443+0000] {dagbag.py:587} INFO - Filling up the DagBag from /opt/airflow/dags/flex_eau_pipeline.py
[2026-07-25T23:59:50.525+0000] {processor.py:925} INFO - DAG(s) 'flex_eau_pipeline' retrieved from /opt/airflow/dags/flex_eau_pipeline.py
[2026-07-25T23:59:50.613+0000] {logging_mixin.py:190} INFO - [2026-07-25T23:59:50.612+0000] {dag.py:3211} INFO - Sync 1 DAGs
[2026-07-25T23:59:50.688+0000] {logging_mixin.py:190} INFO - [2026-07-25T23:59:50.688+0000] {dag.py:4138} INFO - Setting next_dagrun for flex_eau_pipeline to 2026-07-25 00:00:00+00:00, run_after=2026-07-26 00:00:00+00:00
[2026-07-25T23:59:50.728+0000] {processor.py:208} INFO - Processing /opt/airflow/dags/flex_eau_pipeline.py took 0.329 seconds
