[2026-07-18T00:00:00.325+0000] {processor.py:186} INFO - Started process (PID=90311) to work on /opt/airflow/dags/flex_eau_pipeline.py
[2026-07-18T00:00:00.327+0000] {processor.py:914} INFO - Processing file /opt/airflow/dags/flex_eau_pipeline.py for tasks to queue
[2026-07-18T00:00:00.335+0000] {logging_mixin.py:190} INFO - [2026-07-18T00:00:00.335+0000] {dagbag.py:587} INFO - Filling up the DagBag from /opt/airflow/dags/flex_eau_pipeline.py
[2026-07-18T00:00:00.361+0000] {logging_mixin.py:190} INFO - [2026-07-18T00:00:00.359+0000] {dagbag.py:386} ERROR - Failed to import: /opt/airflow/dags/flex_eau_pipeline.py
Traceback (most recent call last):
  File "/home/airflow/.local/lib/python3.12/site-packages/airflow/models/dagbag.py", line 382, in parse
    loader.exec_module(new_module)
  File "<frozen importlib._bootstrap_external>", line 991, in exec_module
  File "<frozen importlib._bootstrap_external>", line 1129, in get_code
  File "<frozen importlib._bootstrap_external>", line 1059, in source_to_code
  File "<frozen importlib._bootstrap>", line 488, in _call_with_frames_removed
  File "/opt/airflow/dags/flex_eau_pipeline.py", line 26
    ingestion = BashOperator(
    ^^^^^^^^^
IndentationError: expected an indented block after 'with' statement on line 11
[2026-07-18T00:00:00.363+0000] {processor.py:927} WARNING - No viable dags retrieved from /opt/airflow/dags/flex_eau_pipeline.py
[2026-07-18T00:00:00.401+0000] {processor.py:208} INFO - Processing /opt/airflow/dags/flex_eau_pipeline.py took 0.089 seconds
[2026-07-18T00:00:31.199+0000] {processor.py:186} INFO - Started process (PID=90316) to work on /opt/airflow/dags/flex_eau_pipeline.py
[2026-07-18T00:00:31.201+0000] {processor.py:914} INFO - Processing file /opt/airflow/dags/flex_eau_pipeline.py for tasks to queue
[2026-07-18T00:00:31.203+0000] {logging_mixin.py:190} INFO - [2026-07-18T00:00:31.203+0000] {dagbag.py:587} INFO - Filling up the DagBag from /opt/airflow/dags/flex_eau_pipeline.py
[2026-07-18T00:00:31.226+0000] {logging_mixin.py:190} INFO - [2026-07-18T00:00:31.225+0000] {dagbag.py:386} ERROR - Failed to import: /opt/airflow/dags/flex_eau_pipeline.py
Traceback (most recent call last):
  File "/home/airflow/.local/lib/python3.12/site-packages/airflow/models/dagbag.py", line 382, in parse
    loader.exec_module(new_module)
  File "<frozen importlib._bootstrap_external>", line 991, in exec_module
  File "<frozen importlib._bootstrap_external>", line 1129, in get_code
  File "<frozen importlib._bootstrap_external>", line 1059, in source_to_code
  File "<frozen importlib._bootstrap>", line 488, in _call_with_frames_removed
  File "/opt/airflow/dags/flex_eau_pipeline.py", line 26
    ingestion = BashOperator(
    ^^^^^^^^^
IndentationError: expected an indented block after 'with' statement on line 11
[2026-07-18T00:00:31.227+0000] {processor.py:927} WARNING - No viable dags retrieved from /opt/airflow/dags/flex_eau_pipeline.py
[2026-07-18T00:00:31.259+0000] {processor.py:208} INFO - Processing /opt/airflow/dags/flex_eau_pipeline.py took 0.070 seconds
[2026-07-18T00:01:02.987+0000] {processor.py:186} INFO - Started process (PID=90321) to work on /opt/airflow/dags/flex_eau_pipeline.py
[2026-07-18T00:01:02.988+0000] {processor.py:914} INFO - Processing file /opt/airflow/dags/flex_eau_pipeline.py for tasks to queue
[2026-07-18T00:01:02.991+0000] {logging_mixin.py:190} INFO - [2026-07-18T00:01:02.990+0000] {dagbag.py:587} INFO - Filling up the DagBag from /opt/airflow/dags/flex_eau_pipeline.py
[2026-07-18T00:01:03.013+0000] {logging_mixin.py:190} INFO - [2026-07-18T00:01:03.011+0000] {dagbag.py:386} ERROR - Failed to import: /opt/airflow/dags/flex_eau_pipeline.py
Traceback (most recent call last):
  File "/home/airflow/.local/lib/python3.12/site-packages/airflow/models/dagbag.py", line 382, in parse
    loader.exec_module(new_module)
  File "<frozen importlib._bootstrap_external>", line 991, in exec_module
  File "<frozen importlib._bootstrap_external>", line 1129, in get_code
  File "<frozen importlib._bootstrap_external>", line 1059, in source_to_code
  File "<frozen importlib._bootstrap>", line 488, in _call_with_frames_removed
  File "/opt/airflow/dags/flex_eau_pipeline.py", line 26
    ingestion = BashOperator(
    ^^^^^^^^^
IndentationError: expected an indented block after 'with' statement on line 11
[2026-07-18T00:01:03.015+0000] {processor.py:927} WARNING - No viable dags retrieved from /opt/airflow/dags/flex_eau_pipeline.py
[2026-07-18T00:01:03.052+0000] {processor.py:208} INFO - Processing /opt/airflow/dags/flex_eau_pipeline.py took 0.076 seconds
[2026-07-18T00:01:33.845+0000] {processor.py:186} INFO - Started process (PID=90326) to work on /opt/airflow/dags/flex_eau_pipeline.py
[2026-07-18T00:01:33.846+0000] {processor.py:914} INFO - Processing file /opt/airflow/dags/flex_eau_pipeline.py for tasks to queue
[2026-07-18T00:01:33.848+0000] {logging_mixin.py:190} INFO - [2026-07-18T00:01:33.848+0000] {dagbag.py:587} INFO - Filling up the DagBag from /opt/airflow/dags/flex_eau_pipeline.py
[2026-07-18T00:01:33.874+0000] {logging_mixin.py:190} INFO - [2026-07-18T00:01:33.873+0000] {dagbag.py:386} ERROR - Failed to import: /opt/airflow/dags/flex_eau_pipeline.py
Traceback (most recent call last):
  File "/home/airflow/.local/lib/python3.12/site-packages/airflow/models/dagbag.py", line 382, in parse
    loader.exec_module(new_module)
  File "<frozen importlib._bootstrap_external>", line 991, in exec_module
  File "<frozen importlib._bootstrap_external>", line 1129, in get_code
  File "<frozen importlib._bootstrap_external>", line 1059, in source_to_code
  File "<frozen importlib._bootstrap>", line 488, in _call_with_frames_removed
  File "/opt/airflow/dags/flex_eau_pipeline.py", line 26
    ingestion = BashOperator(
    ^^^^^^^^^
IndentationError: expected an indented block after 'with' statement on line 11
[2026-07-18T00:01:33.875+0000] {processor.py:927} WARNING - No viable dags retrieved from /opt/airflow/dags/flex_eau_pipeline.py
[2026-07-18T00:01:33.902+0000] {processor.py:208} INFO - Processing /opt/airflow/dags/flex_eau_pipeline.py took 0.065 seconds
[2026-07-18T00:02:05.675+0000] {processor.py:186} INFO - Started process (PID=90331) to work on /opt/airflow/dags/flex_eau_pipeline.py
[2026-07-18T00:02:05.677+0000] {processor.py:914} INFO - Processing file /opt/airflow/dags/flex_eau_pipeline.py for tasks to queue
[2026-07-18T00:02:05.679+0000] {logging_mixin.py:190} INFO - [2026-07-18T00:02:05.679+0000] {dagbag.py:587} INFO - Filling up the DagBag from /opt/airflow/dags/flex_eau_pipeline.py
[2026-07-18T00:02:05.703+0000] {logging_mixin.py:190} INFO - [2026-07-18T00:02:05.702+0000] {dagbag.py:386} ERROR - Failed to import: /opt/airflow/dags/flex_eau_pipeline.py
Traceback (most recent call last):
  File "/home/airflow/.local/lib/python3.12/site-packages/airflow/models/dagbag.py", line 382, in parse
    loader.exec_module(new_module)
  File "<frozen importlib._bootstrap_external>", line 991, in exec_module
  File "<frozen importlib._bootstrap_external>", line 1129, in get_code
  File "<frozen importlib._bootstrap_external>", line 1059, in source_to_code
  File "<frozen importlib._bootstrap>", line 488, in _call_with_frames_removed
  File "/opt/airflow/dags/flex_eau_pipeline.py", line 26
    ingestion = BashOperator(
    ^^^^^^^^^
IndentationError: expected an indented block after 'with' statement on line 11
[2026-07-18T00:02:05.704+0000] {processor.py:927} WARNING - No viable dags retrieved from /opt/airflow/dags/flex_eau_pipeline.py
[2026-07-18T00:02:05.745+0000] {processor.py:208} INFO - Processing /opt/airflow/dags/flex_eau_pipeline.py took 0.076 seconds
[2026-07-18T00:02:37.460+0000] {processor.py:186} INFO - Started process (PID=90336) to work on /opt/airflow/dags/flex_eau_pipeline.py
[2026-07-18T00:02:37.462+0000] {processor.py:914} INFO - Processing file /opt/airflow/dags/flex_eau_pipeline.py for tasks to queue
[2026-07-18T00:02:37.466+0000] {logging_mixin.py:190} INFO - [2026-07-18T00:02:37.465+0000] {dagbag.py:587} INFO - Filling up the DagBag from /opt/airflow/dags/flex_eau_pipeline.py
[2026-07-18T00:02:37.494+0000] {logging_mixin.py:190} INFO - [2026-07-18T00:02:37.493+0000] {dagbag.py:386} ERROR - Failed to import: /opt/airflow/dags/flex_eau_pipeline.py
Traceback (most recent call last):
  File "/home/airflow/.local/lib/python3.12/site-packages/airflow/models/dagbag.py", line 382, in parse
    loader.exec_module(new_module)
  File "<frozen importlib._bootstrap_external>", line 991, in exec_module
  File "<frozen importlib._bootstrap_external>", line 1129, in get_code
  File "<frozen importlib._bootstrap_external>", line 1059, in source_to_code
  File "<frozen importlib._bootstrap>", line 488, in _call_with_frames_removed
  File "/opt/airflow/dags/flex_eau_pipeline.py", line 26
    ingestion = BashOperator(
    ^^^^^^^^^
IndentationError: expected an indented block after 'with' statement on line 11
[2026-07-18T00:02:37.495+0000] {processor.py:927} WARNING - No viable dags retrieved from /opt/airflow/dags/flex_eau_pipeline.py
[2026-07-18T00:02:37.533+0000] {processor.py:208} INFO - Processing /opt/airflow/dags/flex_eau_pipeline.py took 0.083 seconds
[2026-07-18T00:03:08.306+0000] {processor.py:186} INFO - Started process (PID=90341) to work on /opt/airflow/dags/flex_eau_pipeline.py
[2026-07-18T00:03:08.307+0000] {processor.py:914} INFO - Processing file /opt/airflow/dags/flex_eau_pipeline.py for tasks to queue
[2026-07-18T00:03:08.310+0000] {logging_mixin.py:190} INFO - [2026-07-18T00:03:08.310+0000] {dagbag.py:587} INFO - Filling up the DagBag from /opt/airflow/dags/flex_eau_pipeline.py
[2026-07-18T00:03:08.334+0000] {logging_mixin.py:190} INFO - [2026-07-18T00:03:08.332+0000] {dagbag.py:386} ERROR - Failed to import: /opt/airflow/dags/flex_eau_pipeline.py
Traceback (most recent call last):
  File "/home/airflow/.local/lib/python3.12/site-packages/airflow/models/dagbag.py", line 382, in parse
    loader.exec_module(new_module)
  File "<frozen importlib._bootstrap_external>", line 991, in exec_module
  File "<frozen importlib._bootstrap_external>", line 1129, in get_code
  File "<frozen importlib._bootstrap_external>", line 1059, in source_to_code
  File "<frozen importlib._bootstrap>", line 488, in _call_with_frames_removed
  File "/opt/airflow/dags/flex_eau_pipeline.py", line 26
    ingestion = BashOperator(
    ^^^^^^^^^
IndentationError: expected an indented block after 'with' statement on line 11
[2026-07-18T00:03:08.335+0000] {processor.py:927} WARNING - No viable dags retrieved from /opt/airflow/dags/flex_eau_pipeline.py
[2026-07-18T00:03:08.364+0000] {processor.py:208} INFO - Processing /opt/airflow/dags/flex_eau_pipeline.py took 0.064 seconds
[2026-07-18T00:03:40.145+0000] {processor.py:186} INFO - Started process (PID=90346) to work on /opt/airflow/dags/flex_eau_pipeline.py
[2026-07-18T00:03:40.146+0000] {processor.py:914} INFO - Processing file /opt/airflow/dags/flex_eau_pipeline.py for tasks to queue
[2026-07-18T00:03:40.150+0000] {logging_mixin.py:190} INFO - [2026-07-18T00:03:40.149+0000] {dagbag.py:587} INFO - Filling up the DagBag from /opt/airflow/dags/flex_eau_pipeline.py
[2026-07-18T00:03:40.173+0000] {logging_mixin.py:190} INFO - [2026-07-18T00:03:40.172+0000] {dagbag.py:386} ERROR - Failed to import: /opt/airflow/dags/flex_eau_pipeline.py
Traceback (most recent call last):
  File "/home/airflow/.local/lib/python3.12/site-packages/airflow/models/dagbag.py", line 382, in parse
    loader.exec_module(new_module)
  File "<frozen importlib._bootstrap_external>", line 991, in exec_module
  File "<frozen importlib._bootstrap_external>", line 1129, in get_code
  File "<frozen importlib._bootstrap_external>", line 1059, in source_to_code
  File "<frozen importlib._bootstrap>", line 488, in _call_with_frames_removed
  File "/opt/airflow/dags/flex_eau_pipeline.py", line 26
    ingestion = BashOperator(
    ^^^^^^^^^
IndentationError: expected an indented block after 'with' statement on line 11
[2026-07-18T00:03:40.174+0000] {processor.py:927} WARNING - No viable dags retrieved from /opt/airflow/dags/flex_eau_pipeline.py
[2026-07-18T00:03:40.206+0000] {processor.py:208} INFO - Processing /opt/airflow/dags/flex_eau_pipeline.py took 0.066 seconds
[2026-07-18T00:04:11.897+0000] {processor.py:186} INFO - Started process (PID=90351) to work on /opt/airflow/dags/flex_eau_pipeline.py
[2026-07-18T00:04:11.898+0000] {processor.py:914} INFO - Processing file /opt/airflow/dags/flex_eau_pipeline.py for tasks to queue
[2026-07-18T00:04:11.901+0000] {logging_mixin.py:190} INFO - [2026-07-18T00:04:11.900+0000] {dagbag.py:587} INFO - Filling up the DagBag from /opt/airflow/dags/flex_eau_pipeline.py
[2026-07-18T00:04:11.923+0000] {logging_mixin.py:190} INFO - [2026-07-18T00:04:11.922+0000] {dagbag.py:386} ERROR - Failed to import: /opt/airflow/dags/flex_eau_pipeline.py
Traceback (most recent call last):
  File "/home/airflow/.local/lib/python3.12/site-packages/airflow/models/dagbag.py", line 382, in parse
    loader.exec_module(new_module)
  File "<frozen importlib._bootstrap_external>", line 991, in exec_module
  File "<frozen importlib._bootstrap_external>", line 1129, in get_code
  File "<frozen importlib._bootstrap_external>", line 1059, in source_to_code
  File "<frozen importlib._bootstrap>", line 488, in _call_with_frames_removed
  File "/opt/airflow/dags/flex_eau_pipeline.py", line 26
    ingestion = BashOperator(
    ^^^^^^^^^
IndentationError: expected an indented block after 'with' statement on line 11
[2026-07-18T00:04:11.924+0000] {processor.py:927} WARNING - No viable dags retrieved from /opt/airflow/dags/flex_eau_pipeline.py
[2026-07-18T00:04:11.953+0000] {processor.py:208} INFO - Processing /opt/airflow/dags/flex_eau_pipeline.py took 0.062 seconds
[2026-07-18T00:04:42.739+0000] {processor.py:186} INFO - Started process (PID=90356) to work on /opt/airflow/dags/flex_eau_pipeline.py
[2026-07-18T00:04:42.741+0000] {processor.py:914} INFO - Processing file /opt/airflow/dags/flex_eau_pipeline.py for tasks to queue
[2026-07-18T00:04:42.744+0000] {logging_mixin.py:190} INFO - [2026-07-18T00:04:42.744+0000] {dagbag.py:587} INFO - Filling up the DagBag from /opt/airflow/dags/flex_eau_pipeline.py
[2026-07-18T00:04:42.770+0000] {logging_mixin.py:190} INFO - [2026-07-18T00:04:42.769+0000] {dagbag.py:386} ERROR - Failed to import: /opt/airflow/dags/flex_eau_pipeline.py
Traceback (most recent call last):
  File "/home/airflow/.local/lib/python3.12/site-packages/airflow/models/dagbag.py", line 382, in parse
    loader.exec_module(new_module)
  File "<frozen importlib._bootstrap_external>", line 991, in exec_module
  File "<frozen importlib._bootstrap_external>", line 1129, in get_code
  File "<frozen importlib._bootstrap_external>", line 1059, in source_to_code
  File "<frozen importlib._bootstrap>", line 488, in _call_with_frames_removed
  File "/opt/airflow/dags/flex_eau_pipeline.py", line 26
    ingestion = BashOperator(
    ^^^^^^^^^
IndentationError: expected an indented block after 'with' statement on line 11
[2026-07-18T00:04:42.770+0000] {processor.py:927} WARNING - No viable dags retrieved from /opt/airflow/dags/flex_eau_pipeline.py
[2026-07-18T00:04:42.800+0000] {processor.py:208} INFO - Processing /opt/airflow/dags/flex_eau_pipeline.py took 0.068 seconds
[2026-07-18T00:05:14.610+0000] {processor.py:186} INFO - Started process (PID=90361) to work on /opt/airflow/dags/flex_eau_pipeline.py
[2026-07-18T00:05:14.611+0000] {processor.py:914} INFO - Processing file /opt/airflow/dags/flex_eau_pipeline.py for tasks to queue
[2026-07-18T00:05:14.614+0000] {logging_mixin.py:190} INFO - [2026-07-18T00:05:14.613+0000] {dagbag.py:587} INFO - Filling up the DagBag from /opt/airflow/dags/flex_eau_pipeline.py
[2026-07-18T00:05:14.633+0000] {logging_mixin.py:190} INFO - [2026-07-18T00:05:14.632+0000] {dagbag.py:386} ERROR - Failed to import: /opt/airflow/dags/flex_eau_pipeline.py
Traceback (most recent call last):
  File "/home/airflow/.local/lib/python3.12/site-packages/airflow/models/dagbag.py", line 382, in parse
    loader.exec_module(new_module)
  File "<frozen importlib._bootstrap_external>", line 991, in exec_module
  File "<frozen importlib._bootstrap_external>", line 1129, in get_code
  File "<frozen importlib._bootstrap_external>", line 1059, in source_to_code
  File "<frozen importlib._bootstrap>", line 488, in _call_with_frames_removed
  File "/opt/airflow/dags/flex_eau_pipeline.py", line 26
    ingestion = BashOperator(
    ^^^^^^^^^
IndentationError: expected an indented block after 'with' statement on line 11
[2026-07-18T00:05:14.634+0000] {processor.py:927} WARNING - No viable dags retrieved from /opt/airflow/dags/flex_eau_pipeline.py
[2026-07-18T00:05:14.659+0000] {processor.py:208} INFO - Processing /opt/airflow/dags/flex_eau_pipeline.py took 0.056 seconds
[2026-07-18T00:05:46.441+0000] {processor.py:186} INFO - Started process (PID=90366) to work on /opt/airflow/dags/flex_eau_pipeline.py
[2026-07-18T00:05:46.442+0000] {processor.py:914} INFO - Processing file /opt/airflow/dags/flex_eau_pipeline.py for tasks to queue
[2026-07-18T00:05:46.445+0000] {logging_mixin.py:190} INFO - [2026-07-18T00:05:46.445+0000] {dagbag.py:587} INFO - Filling up the DagBag from /opt/airflow/dags/flex_eau_pipeline.py
[2026-07-18T00:05:46.465+0000] {logging_mixin.py:190} INFO - [2026-07-18T00:05:46.464+0000] {dagbag.py:386} ERROR - Failed to import: /opt/airflow/dags/flex_eau_pipeline.py
Traceback (most recent call last):
  File "/home/airflow/.local/lib/python3.12/site-packages/airflow/models/dagbag.py", line 382, in parse
    loader.exec_module(new_module)
  File "<frozen importlib._bootstrap_external>", line 991, in exec_module
  File "<frozen importlib._bootstrap_external>", line 1129, in get_code
  File "<frozen importlib._bootstrap_external>", line 1059, in source_to_code
  File "<frozen importlib._bootstrap>", line 488, in _call_with_frames_removed
  File "/opt/airflow/dags/flex_eau_pipeline.py", line 26
    ingestion = BashOperator(
    ^^^^^^^^^
IndentationError: expected an indented block after 'with' statement on line 11
[2026-07-18T00:05:46.466+0000] {processor.py:927} WARNING - No viable dags retrieved from /opt/airflow/dags/flex_eau_pipeline.py
[2026-07-18T00:05:46.494+0000] {processor.py:208} INFO - Processing /opt/airflow/dags/flex_eau_pipeline.py took 0.060 seconds
[2026-07-18T00:06:17.202+0000] {processor.py:186} INFO - Started process (PID=90371) to work on /opt/airflow/dags/flex_eau_pipeline.py
[2026-07-18T00:06:17.204+0000] {processor.py:914} INFO - Processing file /opt/airflow/dags/flex_eau_pipeline.py for tasks to queue
[2026-07-18T00:06:17.206+0000] {logging_mixin.py:190} INFO - [2026-07-18T00:06:17.206+0000] {dagbag.py:587} INFO - Filling up the DagBag from /opt/airflow/dags/flex_eau_pipeline.py
[2026-07-18T00:06:17.234+0000] {logging_mixin.py:190} INFO - [2026-07-18T00:06:17.233+0000] {dagbag.py:386} ERROR - Failed to import: /opt/airflow/dags/flex_eau_pipeline.py
Traceback (most recent call last):
  File "/home/airflow/.local/lib/python3.12/site-packages/airflow/models/dagbag.py", line 382, in parse
    loader.exec_module(new_module)
  File "<frozen importlib._bootstrap_external>", line 991, in exec_module
  File "<frozen importlib._bootstrap_external>", line 1129, in get_code
  File "<frozen importlib._bootstrap_external>", line 1059, in source_to_code
  File "<frozen importlib._bootstrap>", line 488, in _call_with_frames_removed
  File "/opt/airflow/dags/flex_eau_pipeline.py", line 26
    ingestion = BashOperator(
    ^^^^^^^^^
IndentationError: expected an indented block after 'with' statement on line 11
[2026-07-18T00:06:17.234+0000] {processor.py:927} WARNING - No viable dags retrieved from /opt/airflow/dags/flex_eau_pipeline.py
[2026-07-18T00:06:17.261+0000] {processor.py:208} INFO - Processing /opt/airflow/dags/flex_eau_pipeline.py took 0.067 seconds
[2026-07-18T00:06:48.977+0000] {processor.py:186} INFO - Started process (PID=90376) to work on /opt/airflow/dags/flex_eau_pipeline.py
[2026-07-18T00:06:48.978+0000] {processor.py:914} INFO - Processing file /opt/airflow/dags/flex_eau_pipeline.py for tasks to queue
[2026-07-18T00:06:48.982+0000] {logging_mixin.py:190} INFO - [2026-07-18T00:06:48.981+0000] {dagbag.py:587} INFO - Filling up the DagBag from /opt/airflow/dags/flex_eau_pipeline.py
[2026-07-18T00:06:49.010+0000] {logging_mixin.py:190} INFO - [2026-07-18T00:06:49.009+0000] {dagbag.py:386} ERROR - Failed to import: /opt/airflow/dags/flex_eau_pipeline.py
Traceback (most recent call last):
  File "/home/airflow/.local/lib/python3.12/site-packages/airflow/models/dagbag.py", line 382, in parse
    loader.exec_module(new_module)
  File "<frozen importlib._bootstrap_external>", line 991, in exec_module
  File "<frozen importlib._bootstrap_external>", line 1129, in get_code
  File "<frozen importlib._bootstrap_external>", line 1059, in source_to_code
  File "<frozen importlib._bootstrap>", line 488, in _call_with_frames_removed
  File "/opt/airflow/dags/flex_eau_pipeline.py", line 26
    ingestion = BashOperator(
    ^^^^^^^^^
IndentationError: expected an indented block after 'with' statement on line 11
[2026-07-18T00:06:49.011+0000] {processor.py:927} WARNING - No viable dags retrieved from /opt/airflow/dags/flex_eau_pipeline.py
[2026-07-18T00:06:49.042+0000] {processor.py:208} INFO - Processing /opt/airflow/dags/flex_eau_pipeline.py took 0.071 seconds
[2026-07-18T00:07:20.805+0000] {processor.py:186} INFO - Started process (PID=90381) to work on /opt/airflow/dags/flex_eau_pipeline.py
[2026-07-18T00:07:20.807+0000] {processor.py:914} INFO - Processing file /opt/airflow/dags/flex_eau_pipeline.py for tasks to queue
[2026-07-18T00:07:20.811+0000] {logging_mixin.py:190} INFO - [2026-07-18T00:07:20.810+0000] {dagbag.py:587} INFO - Filling up the DagBag from /opt/airflow/dags/flex_eau_pipeline.py
[2026-07-18T00:07:20.841+0000] {logging_mixin.py:190} INFO - [2026-07-18T00:07:20.840+0000] {dagbag.py:386} ERROR - Failed to import: /opt/airflow/dags/flex_eau_pipeline.py
Traceback (most recent call last):
  File "/home/airflow/.local/lib/python3.12/site-packages/airflow/models/dagbag.py", line 382, in parse
    loader.exec_module(new_module)
  File "<frozen importlib._bootstrap_external>", line 991, in exec_module
  File "<frozen importlib._bootstrap_external>", line 1129, in get_code
  File "<frozen importlib._bootstrap_external>", line 1059, in source_to_code
  File "<frozen importlib._bootstrap>", line 488, in _call_with_frames_removed
  File "/opt/airflow/dags/flex_eau_pipeline.py", line 26
    ingestion = BashOperator(
    ^^^^^^^^^
IndentationError: expected an indented block after 'with' statement on line 11
[2026-07-18T00:07:20.841+0000] {processor.py:927} WARNING - No viable dags retrieved from /opt/airflow/dags/flex_eau_pipeline.py
[2026-07-18T00:07:20.871+0000] {processor.py:208} INFO - Processing /opt/airflow/dags/flex_eau_pipeline.py took 0.074 seconds
[2026-07-18T00:07:51.636+0000] {processor.py:186} INFO - Started process (PID=90386) to work on /opt/airflow/dags/flex_eau_pipeline.py
[2026-07-18T00:07:51.637+0000] {processor.py:914} INFO - Processing file /opt/airflow/dags/flex_eau_pipeline.py for tasks to queue
[2026-07-18T00:07:51.639+0000] {logging_mixin.py:190} INFO - [2026-07-18T00:07:51.639+0000] {dagbag.py:587} INFO - Filling up the DagBag from /opt/airflow/dags/flex_eau_pipeline.py
[2026-07-18T00:07:51.665+0000] {logging_mixin.py:190} INFO - [2026-07-18T00:07:51.664+0000] {dagbag.py:386} ERROR - Failed to import: /opt/airflow/dags/flex_eau_pipeline.py
Traceback (most recent call last):
  File "/home/airflow/.local/lib/python3.12/site-packages/airflow/models/dagbag.py", line 382, in parse
    loader.exec_module(new_module)
  File "<frozen importlib._bootstrap_external>", line 991, in exec_module
  File "<frozen importlib._bootstrap_external>", line 1129, in get_code
  File "<frozen importlib._bootstrap_external>", line 1059, in source_to_code
  File "<frozen importlib._bootstrap>", line 488, in _call_with_frames_removed
  File "/opt/airflow/dags/flex_eau_pipeline.py", line 26
    ingestion = BashOperator(
    ^^^^^^^^^
IndentationError: expected an indented block after 'with' statement on line 11
[2026-07-18T00:07:51.666+0000] {processor.py:927} WARNING - No viable dags retrieved from /opt/airflow/dags/flex_eau_pipeline.py
[2026-07-18T00:07:51.694+0000] {processor.py:208} INFO - Processing /opt/airflow/dags/flex_eau_pipeline.py took 0.066 seconds
[2026-07-18T00:08:23.419+0000] {processor.py:186} INFO - Started process (PID=90391) to work on /opt/airflow/dags/flex_eau_pipeline.py
[2026-07-18T00:08:23.420+0000] {processor.py:914} INFO - Processing file /opt/airflow/dags/flex_eau_pipeline.py for tasks to queue
[2026-07-18T00:08:23.422+0000] {logging_mixin.py:190} INFO - [2026-07-18T00:08:23.422+0000] {dagbag.py:587} INFO - Filling up the DagBag from /opt/airflow/dags/flex_eau_pipeline.py
[2026-07-18T00:08:23.448+0000] {logging_mixin.py:190} INFO - [2026-07-18T00:08:23.447+0000] {dagbag.py:386} ERROR - Failed to import: /opt/airflow/dags/flex_eau_pipeline.py
Traceback (most recent call last):
  File "/home/airflow/.local/lib/python3.12/site-packages/airflow/models/dagbag.py", line 382, in parse
    loader.exec_module(new_module)
  File "<frozen importlib._bootstrap_external>", line 991, in exec_module
  File "<frozen importlib._bootstrap_external>", line 1129, in get_code
  File "<frozen importlib._bootstrap_external>", line 1059, in source_to_code
  File "<frozen importlib._bootstrap>", line 488, in _call_with_frames_removed
  File "/opt/airflow/dags/flex_eau_pipeline.py", line 26
    ingestion = BashOperator(
    ^^^^^^^^^
IndentationError: expected an indented block after 'with' statement on line 11
[2026-07-18T00:08:23.449+0000] {processor.py:927} WARNING - No viable dags retrieved from /opt/airflow/dags/flex_eau_pipeline.py
[2026-07-18T00:08:23.475+0000] {processor.py:208} INFO - Processing /opt/airflow/dags/flex_eau_pipeline.py took 0.063 seconds
[2026-07-18T00:08:55.297+0000] {processor.py:186} INFO - Started process (PID=90396) to work on /opt/airflow/dags/flex_eau_pipeline.py
[2026-07-18T00:08:55.299+0000] {processor.py:914} INFO - Processing file /opt/airflow/dags/flex_eau_pipeline.py for tasks to queue
[2026-07-18T00:08:55.301+0000] {logging_mixin.py:190} INFO - [2026-07-18T00:08:55.301+0000] {dagbag.py:587} INFO - Filling up the DagBag from /opt/airflow/dags/flex_eau_pipeline.py
[2026-07-18T00:08:55.324+0000] {logging_mixin.py:190} INFO - [2026-07-18T00:08:55.323+0000] {dagbag.py:386} ERROR - Failed to import: /opt/airflow/dags/flex_eau_pipeline.py
Traceback (most recent call last):
  File "/home/airflow/.local/lib/python3.12/site-packages/airflow/models/dagbag.py", line 382, in parse
    loader.exec_module(new_module)
  File "<frozen importlib._bootstrap_external>", line 991, in exec_module
  File "<frozen importlib._bootstrap_external>", line 1129, in get_code
  File "<frozen importlib._bootstrap_external>", line 1059, in source_to_code
  File "<frozen importlib._bootstrap>", line 488, in _call_with_frames_removed
  File "/opt/airflow/dags/flex_eau_pipeline.py", line 26
    ingestion = BashOperator(
    ^^^^^^^^^
IndentationError: expected an indented block after 'with' statement on line 11
[2026-07-18T00:08:55.325+0000] {processor.py:927} WARNING - No viable dags retrieved from /opt/airflow/dags/flex_eau_pipeline.py
[2026-07-18T00:08:55.370+0000] {processor.py:208} INFO - Processing /opt/airflow/dags/flex_eau_pipeline.py took 0.079 seconds
[2026-07-18T00:09:26.075+0000] {processor.py:186} INFO - Started process (PID=90401) to work on /opt/airflow/dags/flex_eau_pipeline.py
[2026-07-18T00:09:26.077+0000] {processor.py:914} INFO - Processing file /opt/airflow/dags/flex_eau_pipeline.py for tasks to queue
[2026-07-18T00:09:26.080+0000] {logging_mixin.py:190} INFO - [2026-07-18T00:09:26.079+0000] {dagbag.py:587} INFO - Filling up the DagBag from /opt/airflow/dags/flex_eau_pipeline.py
[2026-07-18T00:09:26.105+0000] {logging_mixin.py:190} INFO - [2026-07-18T00:09:26.104+0000] {dagbag.py:386} ERROR - Failed to import: /opt/airflow/dags/flex_eau_pipeline.py
Traceback (most recent call last):
  File "/home/airflow/.local/lib/python3.12/site-packages/airflow/models/dagbag.py", line 382, in parse
    loader.exec_module(new_module)
  File "<frozen importlib._bootstrap_external>", line 991, in exec_module
  File "<frozen importlib._bootstrap_external>", line 1129, in get_code
  File "<frozen importlib._bootstrap_external>", line 1059, in source_to_code
  File "<frozen importlib._bootstrap>", line 488, in _call_with_frames_removed
  File "/opt/airflow/dags/flex_eau_pipeline.py", line 26
    ingestion = BashOperator(
    ^^^^^^^^^
IndentationError: expected an indented block after 'with' statement on line 11
[2026-07-18T00:09:26.106+0000] {processor.py:927} WARNING - No viable dags retrieved from /opt/airflow/dags/flex_eau_pipeline.py
[2026-07-18T00:09:26.133+0000] {processor.py:208} INFO - Processing /opt/airflow/dags/flex_eau_pipeline.py took 0.065 seconds
[2026-07-18T00:09:57.855+0000] {processor.py:186} INFO - Started process (PID=90406) to work on /opt/airflow/dags/flex_eau_pipeline.py
[2026-07-18T00:09:57.857+0000] {processor.py:914} INFO - Processing file /opt/airflow/dags/flex_eau_pipeline.py for tasks to queue
[2026-07-18T00:09:57.860+0000] {logging_mixin.py:190} INFO - [2026-07-18T00:09:57.859+0000] {dagbag.py:587} INFO - Filling up the DagBag from /opt/airflow/dags/flex_eau_pipeline.py
[2026-07-18T00:09:57.886+0000] {logging_mixin.py:190} INFO - [2026-07-18T00:09:57.885+0000] {dagbag.py:386} ERROR - Failed to import: /opt/airflow/dags/flex_eau_pipeline.py
Traceback (most recent call last):
  File "/home/airflow/.local/lib/python3.12/site-packages/airflow/models/dagbag.py", line 382, in parse
    loader.exec_module(new_module)
  File "<frozen importlib._bootstrap_external>", line 991, in exec_module
  File "<frozen importlib._bootstrap_external>", line 1129, in get_code
  File "<frozen importlib._bootstrap_external>", line 1059, in source_to_code
  File "<frozen importlib._bootstrap>", line 488, in _call_with_frames_removed
  File "/opt/airflow/dags/flex_eau_pipeline.py", line 26
    ingestion = BashOperator(
    ^^^^^^^^^
IndentationError: expected an indented block after 'with' statement on line 11
[2026-07-18T00:09:57.887+0000] {processor.py:927} WARNING - No viable dags retrieved from /opt/airflow/dags/flex_eau_pipeline.py
[2026-07-18T00:09:57.915+0000] {processor.py:208} INFO - Processing /opt/airflow/dags/flex_eau_pipeline.py took 0.068 seconds
[2026-07-18T00:10:29.749+0000] {processor.py:186} INFO - Started process (PID=90411) to work on /opt/airflow/dags/flex_eau_pipeline.py
[2026-07-18T00:10:29.750+0000] {processor.py:914} INFO - Processing file /opt/airflow/dags/flex_eau_pipeline.py for tasks to queue
[2026-07-18T00:10:29.754+0000] {logging_mixin.py:190} INFO - [2026-07-18T00:10:29.754+0000] {dagbag.py:587} INFO - Filling up the DagBag from /opt/airflow/dags/flex_eau_pipeline.py
[2026-07-18T00:10:29.800+0000] {logging_mixin.py:190} INFO - [2026-07-18T00:10:29.799+0000] {dagbag.py:386} ERROR - Failed to import: /opt/airflow/dags/flex_eau_pipeline.py
Traceback (most recent call last):
  File "/home/airflow/.local/lib/python3.12/site-packages/airflow/models/dagbag.py", line 382, in parse
    loader.exec_module(new_module)
  File "<frozen importlib._bootstrap_external>", line 991, in exec_module
  File "<frozen importlib._bootstrap_external>", line 1129, in get_code
  File "<frozen importlib._bootstrap_external>", line 1059, in source_to_code
  File "<frozen importlib._bootstrap>", line 488, in _call_with_frames_removed
  File "/opt/airflow/dags/flex_eau_pipeline.py", line 26
    ingestion = BashOperator(
    ^^^^^^^^^
IndentationError: expected an indented block after 'with' statement on line 11
[2026-07-18T00:10:29.801+0000] {processor.py:927} WARNING - No viable dags retrieved from /opt/airflow/dags/flex_eau_pipeline.py
[2026-07-18T00:10:29.831+0000] {processor.py:208} INFO - Processing /opt/airflow/dags/flex_eau_pipeline.py took 0.093 seconds
[2026-07-18T00:11:00.640+0000] {processor.py:186} INFO - Started process (PID=90416) to work on /opt/airflow/dags/flex_eau_pipeline.py
[2026-07-18T00:11:00.641+0000] {processor.py:914} INFO - Processing file /opt/airflow/dags/flex_eau_pipeline.py for tasks to queue
[2026-07-18T00:11:00.643+0000] {logging_mixin.py:190} INFO - [2026-07-18T00:11:00.643+0000] {dagbag.py:587} INFO - Filling up the DagBag from /opt/airflow/dags/flex_eau_pipeline.py
[2026-07-18T00:11:00.666+0000] {logging_mixin.py:190} INFO - [2026-07-18T00:11:00.665+0000] {dagbag.py:386} ERROR - Failed to import: /opt/airflow/dags/flex_eau_pipeline.py
Traceback (most recent call last):
  File "/home/airflow/.local/lib/python3.12/site-packages/airflow/models/dagbag.py", line 382, in parse
    loader.exec_module(new_module)
  File "<frozen importlib._bootstrap_external>", line 991, in exec_module
  File "<frozen importlib._bootstrap_external>", line 1129, in get_code
  File "<frozen importlib._bootstrap_external>", line 1059, in source_to_code
  File "<frozen importlib._bootstrap>", line 488, in _call_with_frames_removed
  File "/opt/airflow/dags/flex_eau_pipeline.py", line 26
    ingestion = BashOperator(
    ^^^^^^^^^
IndentationError: expected an indented block after 'with' statement on line 11
[2026-07-18T00:11:00.667+0000] {processor.py:927} WARNING - No viable dags retrieved from /opt/airflow/dags/flex_eau_pipeline.py
[2026-07-18T00:11:00.694+0000] {processor.py:208} INFO - Processing /opt/airflow/dags/flex_eau_pipeline.py took 0.062 seconds
[2026-07-18T00:11:32.441+0000] {processor.py:186} INFO - Started process (PID=90421) to work on /opt/airflow/dags/flex_eau_pipeline.py
[2026-07-18T00:11:32.443+0000] {processor.py:914} INFO - Processing file /opt/airflow/dags/flex_eau_pipeline.py for tasks to queue
[2026-07-18T00:11:32.445+0000] {logging_mixin.py:190} INFO - [2026-07-18T00:11:32.445+0000] {dagbag.py:587} INFO - Filling up the DagBag from /opt/airflow/dags/flex_eau_pipeline.py
[2026-07-18T00:11:32.467+0000] {logging_mixin.py:190} INFO - [2026-07-18T00:11:32.466+0000] {dagbag.py:386} ERROR - Failed to import: /opt/airflow/dags/flex_eau_pipeline.py
Traceback (most recent call last):
  File "/home/airflow/.local/lib/python3.12/site-packages/airflow/models/dagbag.py", line 382, in parse
    loader.exec_module(new_module)
  File "<frozen importlib._bootstrap_external>", line 991, in exec_module
  File "<frozen importlib._bootstrap_external>", line 1129, in get_code
  File "<frozen importlib._bootstrap_external>", line 1059, in source_to_code
  File "<frozen importlib._bootstrap>", line 488, in _call_with_frames_removed
  File "/opt/airflow/dags/flex_eau_pipeline.py", line 26
    ingestion = BashOperator(
    ^^^^^^^^^
IndentationError: expected an indented block after 'with' statement on line 11
[2026-07-18T00:11:32.468+0000] {processor.py:927} WARNING - No viable dags retrieved from /opt/airflow/dags/flex_eau_pipeline.py
[2026-07-18T00:11:32.493+0000] {processor.py:208} INFO - Processing /opt/airflow/dags/flex_eau_pipeline.py took 0.057 seconds
[2026-07-18T00:12:04.337+0000] {processor.py:186} INFO - Started process (PID=90426) to work on /opt/airflow/dags/flex_eau_pipeline.py
[2026-07-18T00:12:04.338+0000] {processor.py:914} INFO - Processing file /opt/airflow/dags/flex_eau_pipeline.py for tasks to queue
[2026-07-18T00:12:04.341+0000] {logging_mixin.py:190} INFO - [2026-07-18T00:12:04.340+0000] {dagbag.py:587} INFO - Filling up the DagBag from /opt/airflow/dags/flex_eau_pipeline.py
[2026-07-18T00:12:04.365+0000] {logging_mixin.py:190} INFO - [2026-07-18T00:12:04.364+0000] {dagbag.py:386} ERROR - Failed to import: /opt/airflow/dags/flex_eau_pipeline.py
Traceback (most recent call last):
  File "/home/airflow/.local/lib/python3.12/site-packages/airflow/models/dagbag.py", line 382, in parse
    loader.exec_module(new_module)
  File "<frozen importlib._bootstrap_external>", line 991, in exec_module
  File "<frozen importlib._bootstrap_external>", line 1129, in get_code
  File "<frozen importlib._bootstrap_external>", line 1059, in source_to_code
  File "<frozen importlib._bootstrap>", line 488, in _call_with_frames_removed
  File "/opt/airflow/dags/flex_eau_pipeline.py", line 26
    ingestion = BashOperator(
    ^^^^^^^^^
IndentationError: expected an indented block after 'with' statement on line 11
[2026-07-18T00:12:04.366+0000] {processor.py:927} WARNING - No viable dags retrieved from /opt/airflow/dags/flex_eau_pipeline.py
[2026-07-18T00:12:04.391+0000] {processor.py:208} INFO - Processing /opt/airflow/dags/flex_eau_pipeline.py took 0.060 seconds
[2026-07-18T00:12:35.175+0000] {processor.py:186} INFO - Started process (PID=90431) to work on /opt/airflow/dags/flex_eau_pipeline.py
[2026-07-18T00:12:35.177+0000] {processor.py:914} INFO - Processing file /opt/airflow/dags/flex_eau_pipeline.py for tasks to queue
[2026-07-18T00:12:35.179+0000] {logging_mixin.py:190} INFO - [2026-07-18T00:12:35.179+0000] {dagbag.py:587} INFO - Filling up the DagBag from /opt/airflow/dags/flex_eau_pipeline.py
[2026-07-18T00:12:35.202+0000] {logging_mixin.py:190} INFO - [2026-07-18T00:12:35.201+0000] {dagbag.py:386} ERROR - Failed to import: /opt/airflow/dags/flex_eau_pipeline.py
Traceback (most recent call last):
  File "/home/airflow/.local/lib/python3.12/site-packages/airflow/models/dagbag.py", line 382, in parse
    loader.exec_module(new_module)
  File "<frozen importlib._bootstrap_external>", line 991, in exec_module
  File "<frozen importlib._bootstrap_external>", line 1129, in get_code
  File "<frozen importlib._bootstrap_external>", line 1059, in source_to_code
  File "<frozen importlib._bootstrap>", line 488, in _call_with_frames_removed
  File "/opt/airflow/dags/flex_eau_pipeline.py", line 26
    ingestion = BashOperator(
    ^^^^^^^^^
IndentationError: expected an indented block after 'with' statement on line 11
[2026-07-18T00:12:35.203+0000] {processor.py:927} WARNING - No viable dags retrieved from /opt/airflow/dags/flex_eau_pipeline.py
[2026-07-18T00:12:35.229+0000] {processor.py:208} INFO - Processing /opt/airflow/dags/flex_eau_pipeline.py took 0.060 seconds
[2026-07-18T00:13:07.045+0000] {processor.py:186} INFO - Started process (PID=90436) to work on /opt/airflow/dags/flex_eau_pipeline.py
[2026-07-18T00:13:07.047+0000] {processor.py:914} INFO - Processing file /opt/airflow/dags/flex_eau_pipeline.py for tasks to queue
[2026-07-18T00:13:07.049+0000] {logging_mixin.py:190} INFO - [2026-07-18T00:13:07.049+0000] {dagbag.py:587} INFO - Filling up the DagBag from /opt/airflow/dags/flex_eau_pipeline.py
[2026-07-18T00:13:07.073+0000] {logging_mixin.py:190} INFO - [2026-07-18T00:13:07.072+0000] {dagbag.py:386} ERROR - Failed to import: /opt/airflow/dags/flex_eau_pipeline.py
Traceback (most recent call last):
  File "/home/airflow/.local/lib/python3.12/site-packages/airflow/models/dagbag.py", line 382, in parse
    loader.exec_module(new_module)
  File "<frozen importlib._bootstrap_external>", line 991, in exec_module
  File "<frozen importlib._bootstrap_external>", line 1129, in get_code
  File "<frozen importlib._bootstrap_external>", line 1059, in source_to_code
  File "<frozen importlib._bootstrap>", line 488, in _call_with_frames_removed
  File "/opt/airflow/dags/flex_eau_pipeline.py", line 26
    ingestion = BashOperator(
    ^^^^^^^^^
IndentationError: expected an indented block after 'with' statement on line 11
[2026-07-18T00:13:07.074+0000] {processor.py:927} WARNING - No viable dags retrieved from /opt/airflow/dags/flex_eau_pipeline.py
[2026-07-18T00:13:07.103+0000] {processor.py:208} INFO - Processing /opt/airflow/dags/flex_eau_pipeline.py took 0.063 seconds
[2026-07-18T00:13:38.949+0000] {processor.py:186} INFO - Started process (PID=90441) to work on /opt/airflow/dags/flex_eau_pipeline.py
[2026-07-18T00:13:38.950+0000] {processor.py:914} INFO - Processing file /opt/airflow/dags/flex_eau_pipeline.py for tasks to queue
[2026-07-18T00:13:38.954+0000] {logging_mixin.py:190} INFO - [2026-07-18T00:13:38.953+0000] {dagbag.py:587} INFO - Filling up the DagBag from /opt/airflow/dags/flex_eau_pipeline.py
[2026-07-18T00:13:38.976+0000] {logging_mixin.py:190} INFO - [2026-07-18T00:13:38.975+0000] {dagbag.py:386} ERROR - Failed to import: /opt/airflow/dags/flex_eau_pipeline.py
Traceback (most recent call last):
  File "/home/airflow/.local/lib/python3.12/site-packages/airflow/models/dagbag.py", line 382, in parse
    loader.exec_module(new_module)
  File "<frozen importlib._bootstrap_external>", line 991, in exec_module
  File "<frozen importlib._bootstrap_external>", line 1129, in get_code
  File "<frozen importlib._bootstrap_external>", line 1059, in source_to_code
  File "<frozen importlib._bootstrap>", line 488, in _call_with_frames_removed
  File "/opt/airflow/dags/flex_eau_pipeline.py", line 26
    ingestion = BashOperator(
    ^^^^^^^^^
IndentationError: expected an indented block after 'with' statement on line 11
[2026-07-18T00:13:38.977+0000] {processor.py:927} WARNING - No viable dags retrieved from /opt/airflow/dags/flex_eau_pipeline.py
[2026-07-18T00:13:39.007+0000] {processor.py:208} INFO - Processing /opt/airflow/dags/flex_eau_pipeline.py took 0.067 seconds
[2026-07-18T00:14:09.840+0000] {processor.py:186} INFO - Started process (PID=90446) to work on /opt/airflow/dags/flex_eau_pipeline.py
[2026-07-18T00:14:09.841+0000] {processor.py:914} INFO - Processing file /opt/airflow/dags/flex_eau_pipeline.py for tasks to queue
[2026-07-18T00:14:09.844+0000] {logging_mixin.py:190} INFO - [2026-07-18T00:14:09.843+0000] {dagbag.py:587} INFO - Filling up the DagBag from /opt/airflow/dags/flex_eau_pipeline.py
[2026-07-18T00:14:09.865+0000] {logging_mixin.py:190} INFO - [2026-07-18T00:14:09.864+0000] {dagbag.py:386} ERROR - Failed to import: /opt/airflow/dags/flex_eau_pipeline.py
Traceback (most recent call last):
  File "/home/airflow/.local/lib/python3.12/site-packages/airflow/models/dagbag.py", line 382, in parse
    loader.exec_module(new_module)
  File "<frozen importlib._bootstrap_external>", line 991, in exec_module
  File "<frozen importlib._bootstrap_external>", line 1129, in get_code
  File "<frozen importlib._bootstrap_external>", line 1059, in source_to_code
  File "<frozen importlib._bootstrap>", line 488, in _call_with_frames_removed
  File "/opt/airflow/dags/flex_eau_pipeline.py", line 26
    ingestion = BashOperator(
    ^^^^^^^^^
IndentationError: expected an indented block after 'with' statement on line 11
[2026-07-18T00:14:09.866+0000] {processor.py:927} WARNING - No viable dags retrieved from /opt/airflow/dags/flex_eau_pipeline.py
[2026-07-18T00:14:09.894+0000] {processor.py:208} INFO - Processing /opt/airflow/dags/flex_eau_pipeline.py took 0.061 seconds
[2026-07-18T00:14:41.872+0000] {processor.py:186} INFO - Started process (PID=90451) to work on /opt/airflow/dags/flex_eau_pipeline.py
[2026-07-18T00:14:41.873+0000] {processor.py:914} INFO - Processing file /opt/airflow/dags/flex_eau_pipeline.py for tasks to queue
[2026-07-18T00:14:41.875+0000] {logging_mixin.py:190} INFO - [2026-07-18T00:14:41.875+0000] {dagbag.py:587} INFO - Filling up the DagBag from /opt/airflow/dags/flex_eau_pipeline.py
[2026-07-18T00:14:41.900+0000] {logging_mixin.py:190} INFO - [2026-07-18T00:14:41.898+0000] {dagbag.py:386} ERROR - Failed to import: /opt/airflow/dags/flex_eau_pipeline.py
Traceback (most recent call last):
  File "/home/airflow/.local/lib/python3.12/site-packages/airflow/models/dagbag.py", line 382, in parse
    loader.exec_module(new_module)
  File "<frozen importlib._bootstrap_external>", line 991, in exec_module
  File "<frozen importlib._bootstrap_external>", line 1129, in get_code
  File "<frozen importlib._bootstrap_external>", line 1059, in source_to_code
  File "<frozen importlib._bootstrap>", line 488, in _call_with_frames_removed
  File "/opt/airflow/dags/flex_eau_pipeline.py", line 26
    ingestion = BashOperator(
    ^^^^^^^^^
IndentationError: expected an indented block after 'with' statement on line 11
[2026-07-18T00:14:41.900+0000] {processor.py:927} WARNING - No viable dags retrieved from /opt/airflow/dags/flex_eau_pipeline.py
[2026-07-18T00:14:41.927+0000] {processor.py:208} INFO - Processing /opt/airflow/dags/flex_eau_pipeline.py took 0.061 seconds
[2026-07-18T00:15:13.754+0000] {processor.py:186} INFO - Started process (PID=90456) to work on /opt/airflow/dags/flex_eau_pipeline.py
[2026-07-18T00:15:13.755+0000] {processor.py:914} INFO - Processing file /opt/airflow/dags/flex_eau_pipeline.py for tasks to queue
[2026-07-18T00:15:13.760+0000] {logging_mixin.py:190} INFO - [2026-07-18T00:15:13.760+0000] {dagbag.py:587} INFO - Filling up the DagBag from /opt/airflow/dags/flex_eau_pipeline.py
[2026-07-18T00:15:13.784+0000] {logging_mixin.py:190} INFO - [2026-07-18T00:15:13.783+0000] {dagbag.py:386} ERROR - Failed to import: /opt/airflow/dags/flex_eau_pipeline.py
Traceback (most recent call last):
  File "/home/airflow/.local/lib/python3.12/site-packages/airflow/models/dagbag.py", line 382, in parse
    loader.exec_module(new_module)
  File "<frozen importlib._bootstrap_external>", line 991, in exec_module
  File "<frozen importlib._bootstrap_external>", line 1129, in get_code
  File "<frozen importlib._bootstrap_external>", line 1059, in source_to_code
  File "<frozen importlib._bootstrap>", line 488, in _call_with_frames_removed
  File "/opt/airflow/dags/flex_eau_pipeline.py", line 26
    ingestion = BashOperator(
    ^^^^^^^^^
IndentationError: expected an indented block after 'with' statement on line 11
[2026-07-18T00:15:13.785+0000] {processor.py:927} WARNING - No viable dags retrieved from /opt/airflow/dags/flex_eau_pipeline.py
[2026-07-18T00:15:13.811+0000] {processor.py:208} INFO - Processing /opt/airflow/dags/flex_eau_pipeline.py took 0.064 seconds
[2026-07-18T00:15:44.712+0000] {processor.py:186} INFO - Started process (PID=90461) to work on /opt/airflow/dags/flex_eau_pipeline.py
[2026-07-18T00:15:44.713+0000] {processor.py:914} INFO - Processing file /opt/airflow/dags/flex_eau_pipeline.py for tasks to queue
[2026-07-18T00:15:44.716+0000] {logging_mixin.py:190} INFO - [2026-07-18T00:15:44.716+0000] {dagbag.py:587} INFO - Filling up the DagBag from /opt/airflow/dags/flex_eau_pipeline.py
[2026-07-18T00:15:44.739+0000] {logging_mixin.py:190} INFO - [2026-07-18T00:15:44.739+0000] {dagbag.py:386} ERROR - Failed to import: /opt/airflow/dags/flex_eau_pipeline.py
Traceback (most recent call last):
  File "/home/airflow/.local/lib/python3.12/site-packages/airflow/models/dagbag.py", line 382, in parse
    loader.exec_module(new_module)
  File "<frozen importlib._bootstrap_external>", line 991, in exec_module
  File "<frozen importlib._bootstrap_external>", line 1129, in get_code
  File "<frozen importlib._bootstrap_external>", line 1059, in source_to_code
  File "<frozen importlib._bootstrap>", line 488, in _call_with_frames_removed
  File "/opt/airflow/dags/flex_eau_pipeline.py", line 26
    ingestion = BashOperator(
    ^^^^^^^^^
IndentationError: expected an indented block after 'with' statement on line 11
[2026-07-18T00:15:44.740+0000] {processor.py:927} WARNING - No viable dags retrieved from /opt/airflow/dags/flex_eau_pipeline.py
[2026-07-18T00:15:44.770+0000] {processor.py:208} INFO - Processing /opt/airflow/dags/flex_eau_pipeline.py took 0.064 seconds
[2026-07-18T00:16:16.638+0000] {processor.py:186} INFO - Started process (PID=90466) to work on /opt/airflow/dags/flex_eau_pipeline.py
[2026-07-18T00:16:16.639+0000] {processor.py:914} INFO - Processing file /opt/airflow/dags/flex_eau_pipeline.py for tasks to queue
[2026-07-18T00:16:16.642+0000] {logging_mixin.py:190} INFO - [2026-07-18T00:16:16.642+0000] {dagbag.py:587} INFO - Filling up the DagBag from /opt/airflow/dags/flex_eau_pipeline.py
[2026-07-18T00:16:16.663+0000] {logging_mixin.py:190} INFO - [2026-07-18T00:16:16.662+0000] {dagbag.py:386} ERROR - Failed to import: /opt/airflow/dags/flex_eau_pipeline.py
Traceback (most recent call last):
  File "/home/airflow/.local/lib/python3.12/site-packages/airflow/models/dagbag.py", line 382, in parse
    loader.exec_module(new_module)
  File "<frozen importlib._bootstrap_external>", line 991, in exec_module
  File "<frozen importlib._bootstrap_external>", line 1129, in get_code
  File "<frozen importlib._bootstrap_external>", line 1059, in source_to_code
  File "<frozen importlib._bootstrap>", line 488, in _call_with_frames_removed
  File "/opt/airflow/dags/flex_eau_pipeline.py", line 26
    ingestion = BashOperator(
    ^^^^^^^^^
IndentationError: expected an indented block after 'with' statement on line 11
[2026-07-18T00:16:16.664+0000] {processor.py:927} WARNING - No viable dags retrieved from /opt/airflow/dags/flex_eau_pipeline.py
[2026-07-18T00:16:16.691+0000] {processor.py:208} INFO - Processing /opt/airflow/dags/flex_eau_pipeline.py took 0.061 seconds
[2026-07-18T00:16:47.475+0000] {processor.py:186} INFO - Started process (PID=90471) to work on /opt/airflow/dags/flex_eau_pipeline.py
[2026-07-18T00:16:47.476+0000] {processor.py:914} INFO - Processing file /opt/airflow/dags/flex_eau_pipeline.py for tasks to queue
[2026-07-18T00:16:47.479+0000] {logging_mixin.py:190} INFO - [2026-07-18T00:16:47.478+0000] {dagbag.py:587} INFO - Filling up the DagBag from /opt/airflow/dags/flex_eau_pipeline.py
[2026-07-18T00:16:47.499+0000] {logging_mixin.py:190} INFO - [2026-07-18T00:16:47.498+0000] {dagbag.py:386} ERROR - Failed to import: /opt/airflow/dags/flex_eau_pipeline.py
Traceback (most recent call last):
  File "/home/airflow/.local/lib/python3.12/site-packages/airflow/models/dagbag.py", line 382, in parse
    loader.exec_module(new_module)
  File "<frozen importlib._bootstrap_external>", line 991, in exec_module
  File "<frozen importlib._bootstrap_external>", line 1129, in get_code
  File "<frozen importlib._bootstrap_external>", line 1059, in source_to_code
  File "<frozen importlib._bootstrap>", line 488, in _call_with_frames_removed
  File "/opt/airflow/dags/flex_eau_pipeline.py", line 26
    ingestion = BashOperator(
    ^^^^^^^^^
IndentationError: expected an indented block after 'with' statement on line 11
[2026-07-18T00:16:47.499+0000] {processor.py:927} WARNING - No viable dags retrieved from /opt/airflow/dags/flex_eau_pipeline.py
[2026-07-18T00:16:47.523+0000] {processor.py:208} INFO - Processing /opt/airflow/dags/flex_eau_pipeline.py took 0.054 seconds
[2026-07-18T00:17:19.317+0000] {processor.py:186} INFO - Started process (PID=90476) to work on /opt/airflow/dags/flex_eau_pipeline.py
[2026-07-18T00:17:19.318+0000] {processor.py:914} INFO - Processing file /opt/airflow/dags/flex_eau_pipeline.py for tasks to queue
[2026-07-18T00:17:19.321+0000] {logging_mixin.py:190} INFO - [2026-07-18T00:17:19.321+0000] {dagbag.py:587} INFO - Filling up the DagBag from /opt/airflow/dags/flex_eau_pipeline.py
[2026-07-18T00:17:19.345+0000] {logging_mixin.py:190} INFO - [2026-07-18T00:17:19.344+0000] {dagbag.py:386} ERROR - Failed to import: /opt/airflow/dags/flex_eau_pipeline.py
Traceback (most recent call last):
  File "/home/airflow/.local/lib/python3.12/site-packages/airflow/models/dagbag.py", line 382, in parse
    loader.exec_module(new_module)
  File "<frozen importlib._bootstrap_external>", line 991, in exec_module
  File "<frozen importlib._bootstrap_external>", line 1129, in get_code
  File "<frozen importlib._bootstrap_external>", line 1059, in source_to_code
  File "<frozen importlib._bootstrap>", line 488, in _call_with_frames_removed
  File "/opt/airflow/dags/flex_eau_pipeline.py", line 26
    ingestion = BashOperator(
    ^^^^^^^^^
IndentationError: expected an indented block after 'with' statement on line 11
[2026-07-18T00:17:19.345+0000] {processor.py:927} WARNING - No viable dags retrieved from /opt/airflow/dags/flex_eau_pipeline.py
[2026-07-18T00:17:19.372+0000] {processor.py:208} INFO - Processing /opt/airflow/dags/flex_eau_pipeline.py took 0.062 seconds
[2026-07-18T00:17:51.264+0000] {processor.py:186} INFO - Started process (PID=90481) to work on /opt/airflow/dags/flex_eau_pipeline.py
[2026-07-18T00:17:51.265+0000] {processor.py:914} INFO - Processing file /opt/airflow/dags/flex_eau_pipeline.py for tasks to queue
[2026-07-18T00:17:51.268+0000] {logging_mixin.py:190} INFO - [2026-07-18T00:17:51.268+0000] {dagbag.py:587} INFO - Filling up the DagBag from /opt/airflow/dags/flex_eau_pipeline.py
[2026-07-18T00:17:51.293+0000] {logging_mixin.py:190} INFO - [2026-07-18T00:17:51.292+0000] {dagbag.py:386} ERROR - Failed to import: /opt/airflow/dags/flex_eau_pipeline.py
Traceback (most recent call last):
  File "/home/airflow/.local/lib/python3.12/site-packages/airflow/models/dagbag.py", line 382, in parse
    loader.exec_module(new_module)
  File "<frozen importlib._bootstrap_external>", line 991, in exec_module
  File "<frozen importlib._bootstrap_external>", line 1129, in get_code
  File "<frozen importlib._bootstrap_external>", line 1059, in source_to_code
  File "<frozen importlib._bootstrap>", line 488, in _call_with_frames_removed
  File "/opt/airflow/dags/flex_eau_pipeline.py", line 26
    ingestion = BashOperator(
    ^^^^^^^^^
IndentationError: expected an indented block after 'with' statement on line 11
[2026-07-18T00:17:51.294+0000] {processor.py:927} WARNING - No viable dags retrieved from /opt/airflow/dags/flex_eau_pipeline.py
[2026-07-18T00:17:51.326+0000] {processor.py:208} INFO - Processing /opt/airflow/dags/flex_eau_pipeline.py took 0.069 seconds
[2026-07-18T00:18:22.374+0000] {processor.py:186} INFO - Started process (PID=90486) to work on /opt/airflow/dags/flex_eau_pipeline.py
[2026-07-18T00:18:22.375+0000] {processor.py:914} INFO - Processing file /opt/airflow/dags/flex_eau_pipeline.py for tasks to queue
[2026-07-18T00:18:22.377+0000] {logging_mixin.py:190} INFO - [2026-07-18T00:18:22.377+0000] {dagbag.py:587} INFO - Filling up the DagBag from /opt/airflow/dags/flex_eau_pipeline.py
[2026-07-18T00:18:22.396+0000] {logging_mixin.py:190} INFO - [2026-07-18T00:18:22.395+0000] {dagbag.py:386} ERROR - Failed to import: /opt/airflow/dags/flex_eau_pipeline.py
Traceback (most recent call last):
  File "/home/airflow/.local/lib/python3.12/site-packages/airflow/models/dagbag.py", line 382, in parse
    loader.exec_module(new_module)
  File "<frozen importlib._bootstrap_external>", line 991, in exec_module
  File "<frozen importlib._bootstrap_external>", line 1129, in get_code
  File "<frozen importlib._bootstrap_external>", line 1059, in source_to_code
  File "<frozen importlib._bootstrap>", line 488, in _call_with_frames_removed
  File "/opt/airflow/dags/flex_eau_pipeline.py", line 26
    ingestion = BashOperator(
    ^^^^^^^^^
IndentationError: expected an indented block after 'with' statement on line 11
[2026-07-18T00:18:22.397+0000] {processor.py:927} WARNING - No viable dags retrieved from /opt/airflow/dags/flex_eau_pipeline.py
[2026-07-18T00:18:22.426+0000] {processor.py:208} INFO - Processing /opt/airflow/dags/flex_eau_pipeline.py took 0.058 seconds
[2026-07-18T00:18:54.341+0000] {processor.py:186} INFO - Started process (PID=90491) to work on /opt/airflow/dags/flex_eau_pipeline.py
[2026-07-18T00:18:54.343+0000] {processor.py:914} INFO - Processing file /opt/airflow/dags/flex_eau_pipeline.py for tasks to queue
[2026-07-18T00:18:54.352+0000] {logging_mixin.py:190} INFO - [2026-07-18T00:18:54.352+0000] {dagbag.py:587} INFO - Filling up the DagBag from /opt/airflow/dags/flex_eau_pipeline.py
[2026-07-18T00:18:54.393+0000] {logging_mixin.py:190} INFO - [2026-07-18T00:18:54.390+0000] {dagbag.py:386} ERROR - Failed to import: /opt/airflow/dags/flex_eau_pipeline.py
Traceback (most recent call last):
  File "/home/airflow/.local/lib/python3.12/site-packages/airflow/models/dagbag.py", line 382, in parse
    loader.exec_module(new_module)
  File "<frozen importlib._bootstrap_external>", line 991, in exec_module
  File "<frozen importlib._bootstrap_external>", line 1129, in get_code
  File "<frozen importlib._bootstrap_external>", line 1059, in source_to_code
  File "<frozen importlib._bootstrap>", line 488, in _call_with_frames_removed
  File "/opt/airflow/dags/flex_eau_pipeline.py", line 26
    ingestion = BashOperator(
    ^^^^^^^^^
IndentationError: expected an indented block after 'with' statement on line 11
[2026-07-18T00:18:54.395+0000] {processor.py:927} WARNING - No viable dags retrieved from /opt/airflow/dags/flex_eau_pipeline.py
[2026-07-18T00:18:54.458+0000] {processor.py:208} INFO - Processing /opt/airflow/dags/flex_eau_pipeline.py took 0.128 seconds
[2026-07-18T00:19:25.322+0000] {processor.py:186} INFO - Started process (PID=90496) to work on /opt/airflow/dags/flex_eau_pipeline.py
[2026-07-18T00:19:25.324+0000] {processor.py:914} INFO - Processing file /opt/airflow/dags/flex_eau_pipeline.py for tasks to queue
[2026-07-18T00:19:25.327+0000] {logging_mixin.py:190} INFO - [2026-07-18T00:19:25.327+0000] {dagbag.py:587} INFO - Filling up the DagBag from /opt/airflow/dags/flex_eau_pipeline.py
[2026-07-18T00:19:25.369+0000] {logging_mixin.py:190} INFO - [2026-07-18T00:19:25.366+0000] {dagbag.py:386} ERROR - Failed to import: /opt/airflow/dags/flex_eau_pipeline.py
Traceback (most recent call last):
  File "/home/airflow/.local/lib/python3.12/site-packages/airflow/models/dagbag.py", line 382, in parse
    loader.exec_module(new_module)
  File "<frozen importlib._bootstrap_external>", line 991, in exec_module
  File "<frozen importlib._bootstrap_external>", line 1129, in get_code
  File "<frozen importlib._bootstrap_external>", line 1059, in source_to_code
  File "<frozen importlib._bootstrap>", line 488, in _call_with_frames_removed
  File "/opt/airflow/dags/flex_eau_pipeline.py", line 26
    ingestion = BashOperator(
    ^^^^^^^^^
IndentationError: expected an indented block after 'with' statement on line 11
[2026-07-18T00:19:25.371+0000] {processor.py:927} WARNING - No viable dags retrieved from /opt/airflow/dags/flex_eau_pipeline.py
[2026-07-18T00:19:25.439+0000] {processor.py:208} INFO - Processing /opt/airflow/dags/flex_eau_pipeline.py took 0.126 seconds
[2026-07-18T00:19:57.399+0000] {processor.py:186} INFO - Started process (PID=90501) to work on /opt/airflow/dags/flex_eau_pipeline.py
[2026-07-18T00:19:57.402+0000] {processor.py:914} INFO - Processing file /opt/airflow/dags/flex_eau_pipeline.py for tasks to queue
[2026-07-18T00:19:57.409+0000] {logging_mixin.py:190} INFO - [2026-07-18T00:19:57.408+0000] {dagbag.py:587} INFO - Filling up the DagBag from /opt/airflow/dags/flex_eau_pipeline.py
[2026-07-18T00:19:57.458+0000] {logging_mixin.py:190} INFO - [2026-07-18T00:19:57.455+0000] {dagbag.py:386} ERROR - Failed to import: /opt/airflow/dags/flex_eau_pipeline.py
Traceback (most recent call last):
  File "/home/airflow/.local/lib/python3.12/site-packages/airflow/models/dagbag.py", line 382, in parse
    loader.exec_module(new_module)
  File "<frozen importlib._bootstrap_external>", line 991, in exec_module
  File "<frozen importlib._bootstrap_external>", line 1129, in get_code
  File "<frozen importlib._bootstrap_external>", line 1059, in source_to_code
  File "<frozen importlib._bootstrap>", line 488, in _call_with_frames_removed
  File "/opt/airflow/dags/flex_eau_pipeline.py", line 26
    ingestion = BashOperator(
    ^^^^^^^^^
IndentationError: expected an indented block after 'with' statement on line 11
[2026-07-18T00:19:57.460+0000] {processor.py:927} WARNING - No viable dags retrieved from /opt/airflow/dags/flex_eau_pipeline.py
[2026-07-18T00:19:57.512+0000] {processor.py:208} INFO - Processing /opt/airflow/dags/flex_eau_pipeline.py took 0.130 seconds
[2026-07-18T00:20:28.494+0000] {processor.py:186} INFO - Started process (PID=90506) to work on /opt/airflow/dags/flex_eau_pipeline.py
[2026-07-18T00:20:28.495+0000] {processor.py:914} INFO - Processing file /opt/airflow/dags/flex_eau_pipeline.py for tasks to queue
[2026-07-18T00:20:28.499+0000] {logging_mixin.py:190} INFO - [2026-07-18T00:20:28.498+0000] {dagbag.py:587} INFO - Filling up the DagBag from /opt/airflow/dags/flex_eau_pipeline.py
[2026-07-18T00:20:28.539+0000] {logging_mixin.py:190} INFO - [2026-07-18T00:20:28.537+0000] {dagbag.py:386} ERROR - Failed to import: /opt/airflow/dags/flex_eau_pipeline.py
Traceback (most recent call last):
  File "/home/airflow/.local/lib/python3.12/site-packages/airflow/models/dagbag.py", line 382, in parse
    loader.exec_module(new_module)
  File "<frozen importlib._bootstrap_external>", line 991, in exec_module
  File "<frozen importlib._bootstrap_external>", line 1129, in get_code
  File "<frozen importlib._bootstrap_external>", line 1059, in source_to_code
  File "<frozen importlib._bootstrap>", line 488, in _call_with_frames_removed
  File "/opt/airflow/dags/flex_eau_pipeline.py", line 26
    ingestion = BashOperator(
    ^^^^^^^^^
IndentationError: expected an indented block after 'with' statement on line 11
[2026-07-18T00:20:28.541+0000] {processor.py:927} WARNING - No viable dags retrieved from /opt/airflow/dags/flex_eau_pipeline.py
[2026-07-18T00:20:28.583+0000] {processor.py:208} INFO - Processing /opt/airflow/dags/flex_eau_pipeline.py took 0.098 seconds
[2026-07-18T00:21:00.385+0000] {processor.py:186} INFO - Started process (PID=90511) to work on /opt/airflow/dags/flex_eau_pipeline.py
[2026-07-18T00:21:00.387+0000] {processor.py:914} INFO - Processing file /opt/airflow/dags/flex_eau_pipeline.py for tasks to queue
[2026-07-18T00:21:00.391+0000] {logging_mixin.py:190} INFO - [2026-07-18T00:21:00.391+0000] {dagbag.py:587} INFO - Filling up the DagBag from /opt/airflow/dags/flex_eau_pipeline.py
[2026-07-18T00:21:00.421+0000] {logging_mixin.py:190} INFO - [2026-07-18T00:21:00.420+0000] {dagbag.py:386} ERROR - Failed to import: /opt/airflow/dags/flex_eau_pipeline.py
Traceback (most recent call last):
  File "/home/airflow/.local/lib/python3.12/site-packages/airflow/models/dagbag.py", line 382, in parse
    loader.exec_module(new_module)
  File "<frozen importlib._bootstrap_external>", line 991, in exec_module
  File "<frozen importlib._bootstrap_external>", line 1129, in get_code
  File "<frozen importlib._bootstrap_external>", line 1059, in source_to_code
  File "<frozen importlib._bootstrap>", line 488, in _call_with_frames_removed
  File "/opt/airflow/dags/flex_eau_pipeline.py", line 26
    ingestion = BashOperator(
    ^^^^^^^^^
IndentationError: expected an indented block after 'with' statement on line 11
[2026-07-18T00:21:00.422+0000] {processor.py:927} WARNING - No viable dags retrieved from /opt/airflow/dags/flex_eau_pipeline.py
[2026-07-18T00:21:00.454+0000] {processor.py:208} INFO - Processing /opt/airflow/dags/flex_eau_pipeline.py took 0.078 seconds
[2026-07-18T00:21:31.626+0000] {processor.py:186} INFO - Started process (PID=90516) to work on /opt/airflow/dags/flex_eau_pipeline.py
[2026-07-18T00:21:31.628+0000] {processor.py:914} INFO - Processing file /opt/airflow/dags/flex_eau_pipeline.py for tasks to queue
[2026-07-18T00:21:31.631+0000] {logging_mixin.py:190} INFO - [2026-07-18T00:21:31.631+0000] {dagbag.py:587} INFO - Filling up the DagBag from /opt/airflow/dags/flex_eau_pipeline.py
[2026-07-18T00:21:31.658+0000] {logging_mixin.py:190} INFO - [2026-07-18T00:21:31.656+0000] {dagbag.py:386} ERROR - Failed to import: /opt/airflow/dags/flex_eau_pipeline.py
Traceback (most recent call last):
  File "/home/airflow/.local/lib/python3.12/site-packages/airflow/models/dagbag.py", line 382, in parse
    loader.exec_module(new_module)
  File "<frozen importlib._bootstrap_external>", line 991, in exec_module
  File "<frozen importlib._bootstrap_external>", line 1129, in get_code
  File "<frozen importlib._bootstrap_external>", line 1059, in source_to_code
  File "<frozen importlib._bootstrap>", line 488, in _call_with_frames_removed
  File "/opt/airflow/dags/flex_eau_pipeline.py", line 26
    ingestion = BashOperator(
    ^^^^^^^^^
IndentationError: expected an indented block after 'with' statement on line 11
[2026-07-18T00:21:31.659+0000] {processor.py:927} WARNING - No viable dags retrieved from /opt/airflow/dags/flex_eau_pipeline.py
[2026-07-18T00:21:31.691+0000] {processor.py:208} INFO - Processing /opt/airflow/dags/flex_eau_pipeline.py took 0.075 seconds
[2026-07-18T03:21:56.858+0000] {processor.py:186} INFO - Started process (PID=90521) to work on /opt/airflow/dags/flex_eau_pipeline.py
[2026-07-18T03:21:56.922+0000] {processor.py:914} INFO - Processing file /opt/airflow/dags/flex_eau_pipeline.py for tasks to queue
[2026-07-18T03:21:57.021+0000] {logging_mixin.py:190} INFO - [2026-07-18T03:21:57.014+0000] {dagbag.py:587} INFO - Filling up the DagBag from /opt/airflow/dags/flex_eau_pipeline.py
[2026-07-18T03:21:59.009+0000] {logging_mixin.py:190} INFO - [2026-07-18T03:21:58.990+0000] {dagbag.py:386} ERROR - Failed to import: /opt/airflow/dags/flex_eau_pipeline.py
Traceback (most recent call last):
  File "/home/airflow/.local/lib/python3.12/site-packages/airflow/models/dagbag.py", line 382, in parse
    loader.exec_module(new_module)
  File "<frozen importlib._bootstrap_external>", line 991, in exec_module
  File "<frozen importlib._bootstrap_external>", line 1129, in get_code
  File "<frozen importlib._bootstrap_external>", line 1059, in source_to_code
  File "<frozen importlib._bootstrap>", line 488, in _call_with_frames_removed
  File "/opt/airflow/dags/flex_eau_pipeline.py", line 26
    ingestion = BashOperator(
    ^^^^^^^^^
IndentationError: expected an indented block after 'with' statement on line 11
[2026-07-18T03:21:59.127+0000] {processor.py:927} WARNING - No viable dags retrieved from /opt/airflow/dags/flex_eau_pipeline.py
[2026-07-18T03:21:59.745+0000] {processor.py:208} INFO - Processing /opt/airflow/dags/flex_eau_pipeline.py took 3.067 seconds
[2026-07-18T10:18:31.380+0000] {processor.py:186} INFO - Started process (PID=90526) to work on /opt/airflow/dags/flex_eau_pipeline.py
[2026-07-18T10:18:31.425+0000] {processor.py:914} INFO - Processing file /opt/airflow/dags/flex_eau_pipeline.py for tasks to queue
[2026-07-18T10:18:31.526+0000] {logging_mixin.py:190} INFO - [2026-07-18T10:18:31.515+0000] {dagbag.py:587} INFO - Filling up the DagBag from /opt/airflow/dags/flex_eau_pipeline.py
[2026-07-18T10:18:34.253+0000] {logging_mixin.py:190} INFO - [2026-07-18T10:18:34.192+0000] {dagbag.py:386} ERROR - Failed to import: /opt/airflow/dags/flex_eau_pipeline.py
Traceback (most recent call last):
  File "/home/airflow/.local/lib/python3.12/site-packages/airflow/models/dagbag.py", line 382, in parse
    loader.exec_module(new_module)
  File "<frozen importlib._bootstrap_external>", line 991, in exec_module
  File "<frozen importlib._bootstrap_external>", line 1129, in get_code
  File "<frozen importlib._bootstrap_external>", line 1059, in source_to_code
  File "<frozen importlib._bootstrap>", line 488, in _call_with_frames_removed
  File "/opt/airflow/dags/flex_eau_pipeline.py", line 26
    ingestion = BashOperator(
    ^^^^^^^^^
IndentationError: expected an indented block after 'with' statement on line 11
[2026-07-18T10:18:34.286+0000] {processor.py:927} WARNING - No viable dags retrieved from /opt/airflow/dags/flex_eau_pipeline.py
[2026-07-18T10:18:35.349+0000] {processor.py:208} INFO - Processing /opt/airflow/dags/flex_eau_pipeline.py took 4.149 seconds
[2026-07-18T10:19:13.644+0000] {processor.py:186} INFO - Started process (PID=90531) to work on /opt/airflow/dags/flex_eau_pipeline.py
[2026-07-18T10:19:13.706+0000] {processor.py:914} INFO - Processing file /opt/airflow/dags/flex_eau_pipeline.py for tasks to queue
[2026-07-18T10:19:13.767+0000] {logging_mixin.py:190} INFO - [2026-07-18T10:19:13.766+0000] {dagbag.py:587} INFO - Filling up the DagBag from /opt/airflow/dags/flex_eau_pipeline.py
[2026-07-18T10:19:14.070+0000] {logging_mixin.py:190} INFO - [2026-07-18T10:19:14.059+0000] {dagbag.py:386} ERROR - Failed to import: /opt/airflow/dags/flex_eau_pipeline.py
Traceback (most recent call last):
  File "/home/airflow/.local/lib/python3.12/site-packages/airflow/models/dagbag.py", line 382, in parse
    loader.exec_module(new_module)
  File "<frozen importlib._bootstrap_external>", line 991, in exec_module
  File "<frozen importlib._bootstrap_external>", line 1129, in get_code
  File "<frozen importlib._bootstrap_external>", line 1059, in source_to_code
  File "<frozen importlib._bootstrap>", line 488, in _call_with_frames_removed
  File "/opt/airflow/dags/flex_eau_pipeline.py", line 26
    ingestion = BashOperator(
    ^^^^^^^^^
IndentationError: expected an indented block after 'with' statement on line 11
[2026-07-18T10:19:14.086+0000] {processor.py:927} WARNING - No viable dags retrieved from /opt/airflow/dags/flex_eau_pipeline.py
[2026-07-18T10:19:15.017+0000] {processor.py:208} INFO - Processing /opt/airflow/dags/flex_eau_pipeline.py took 1.500 seconds
[2026-07-18T10:19:46.835+0000] {processor.py:186} INFO - Started process (PID=90536) to work on /opt/airflow/dags/flex_eau_pipeline.py
[2026-07-18T10:19:46.866+0000] {processor.py:914} INFO - Processing file /opt/airflow/dags/flex_eau_pipeline.py for tasks to queue
[2026-07-18T10:19:46.925+0000] {logging_mixin.py:190} INFO - [2026-07-18T10:19:46.921+0000] {dagbag.py:587} INFO - Filling up the DagBag from /opt/airflow/dags/flex_eau_pipeline.py
[2026-07-18T10:19:47.089+0000] {logging_mixin.py:190} INFO - [2026-07-18T10:19:47.067+0000] {dagbag.py:386} ERROR - Failed to import: /opt/airflow/dags/flex_eau_pipeline.py
Traceback (most recent call last):
  File "/home/airflow/.local/lib/python3.12/site-packages/airflow/models/dagbag.py", line 382, in parse
    loader.exec_module(new_module)
  File "<frozen importlib._bootstrap_external>", line 991, in exec_module
  File "<frozen importlib._bootstrap_external>", line 1129, in get_code
  File "<frozen importlib._bootstrap_external>", line 1059, in source_to_code
  File "<frozen importlib._bootstrap>", line 488, in _call_with_frames_removed
  File "/opt/airflow/dags/flex_eau_pipeline.py", line 26
    ingestion = BashOperator(
    ^^^^^^^^^
IndentationError: expected an indented block after 'with' statement on line 11
[2026-07-18T10:19:47.563+0000] {processor.py:927} WARNING - No viable dags retrieved from /opt/airflow/dags/flex_eau_pipeline.py
[2026-07-18T10:19:49.350+0000] {processor.py:208} INFO - Processing /opt/airflow/dags/flex_eau_pipeline.py took 2.688 seconds
[2026-07-18T10:20:20.576+0000] {processor.py:186} INFO - Started process (PID=90541) to work on /opt/airflow/dags/flex_eau_pipeline.py
[2026-07-18T10:20:20.578+0000] {processor.py:914} INFO - Processing file /opt/airflow/dags/flex_eau_pipeline.py for tasks to queue
[2026-07-18T10:20:20.582+0000] {logging_mixin.py:190} INFO - [2026-07-18T10:20:20.582+0000] {dagbag.py:587} INFO - Filling up the DagBag from /opt/airflow/dags/flex_eau_pipeline.py
[2026-07-18T10:20:20.610+0000] {logging_mixin.py:190} INFO - [2026-07-18T10:20:20.608+0000] {dagbag.py:386} ERROR - Failed to import: /opt/airflow/dags/flex_eau_pipeline.py
Traceback (most recent call last):
  File "/home/airflow/.local/lib/python3.12/site-packages/airflow/models/dagbag.py", line 382, in parse
    loader.exec_module(new_module)
  File "<frozen importlib._bootstrap_external>", line 991, in exec_module
  File "<frozen importlib._bootstrap_external>", line 1129, in get_code
  File "<frozen importlib._bootstrap_external>", line 1059, in source_to_code
  File "<frozen importlib._bootstrap>", line 488, in _call_with_frames_removed
  File "/opt/airflow/dags/flex_eau_pipeline.py", line 26
    ingestion = BashOperator(
    ^^^^^^^^^
IndentationError: expected an indented block after 'with' statement on line 11
[2026-07-18T10:20:20.611+0000] {processor.py:927} WARNING - No viable dags retrieved from /opt/airflow/dags/flex_eau_pipeline.py
[2026-07-18T10:20:20.648+0000] {processor.py:208} INFO - Processing /opt/airflow/dags/flex_eau_pipeline.py took 0.084 seconds
[2026-07-18T10:20:51.465+0000] {processor.py:186} INFO - Started process (PID=90546) to work on /opt/airflow/dags/flex_eau_pipeline.py
[2026-07-18T10:20:51.669+0000] {processor.py:914} INFO - Processing file /opt/airflow/dags/flex_eau_pipeline.py for tasks to queue
[2026-07-18T10:20:51.681+0000] {logging_mixin.py:190} INFO - [2026-07-18T10:20:51.679+0000] {dagbag.py:587} INFO - Filling up the DagBag from /opt/airflow/dags/flex_eau_pipeline.py
[2026-07-18T10:20:51.741+0000] {logging_mixin.py:190} INFO - [2026-07-18T10:20:51.737+0000] {dagbag.py:386} ERROR - Failed to import: /opt/airflow/dags/flex_eau_pipeline.py
Traceback (most recent call last):
  File "/home/airflow/.local/lib/python3.12/site-packages/airflow/models/dagbag.py", line 382, in parse
    loader.exec_module(new_module)
  File "<frozen importlib._bootstrap_external>", line 991, in exec_module
  File "<frozen importlib._bootstrap_external>", line 1129, in get_code
  File "<frozen importlib._bootstrap_external>", line 1059, in source_to_code
  File "<frozen importlib._bootstrap>", line 488, in _call_with_frames_removed
  File "/opt/airflow/dags/flex_eau_pipeline.py", line 26
    ingestion = BashOperator(
    ^^^^^^^^^
IndentationError: expected an indented block after 'with' statement on line 11
[2026-07-18T10:20:51.744+0000] {processor.py:927} WARNING - No viable dags retrieved from /opt/airflow/dags/flex_eau_pipeline.py
[2026-07-18T10:20:51.792+0000] {processor.py:208} INFO - Processing /opt/airflow/dags/flex_eau_pipeline.py took 0.338 seconds
[2026-07-18T10:21:22.323+0000] {processor.py:186} INFO - Started process (PID=90551) to work on /opt/airflow/dags/flex_eau_pipeline.py
[2026-07-18T10:21:22.325+0000] {processor.py:914} INFO - Processing file /opt/airflow/dags/flex_eau_pipeline.py for tasks to queue
[2026-07-18T10:21:22.333+0000] {logging_mixin.py:190} INFO - [2026-07-18T10:21:22.332+0000] {dagbag.py:587} INFO - Filling up the DagBag from /opt/airflow/dags/flex_eau_pipeline.py
[2026-07-18T10:21:22.358+0000] {logging_mixin.py:190} INFO - [2026-07-18T10:21:22.357+0000] {dagbag.py:386} ERROR - Failed to import: /opt/airflow/dags/flex_eau_pipeline.py
Traceback (most recent call last):
  File "/home/airflow/.local/lib/python3.12/site-packages/airflow/models/dagbag.py", line 382, in parse
    loader.exec_module(new_module)
  File "<frozen importlib._bootstrap_external>", line 991, in exec_module
  File "<frozen importlib._bootstrap_external>", line 1129, in get_code
  File "<frozen importlib._bootstrap_external>", line 1059, in source_to_code
  File "<frozen importlib._bootstrap>", line 488, in _call_with_frames_removed
  File "/opt/airflow/dags/flex_eau_pipeline.py", line 26
    ingestion = BashOperator(
    ^^^^^^^^^
IndentationError: expected an indented block after 'with' statement on line 11
[2026-07-18T10:21:22.360+0000] {processor.py:927} WARNING - No viable dags retrieved from /opt/airflow/dags/flex_eau_pipeline.py
[2026-07-18T10:21:22.391+0000] {processor.py:208} INFO - Processing /opt/airflow/dags/flex_eau_pipeline.py took 0.093 seconds
[2026-07-18T10:21:53.408+0000] {processor.py:186} INFO - Started process (PID=90556) to work on /opt/airflow/dags/flex_eau_pipeline.py
[2026-07-18T10:21:53.410+0000] {processor.py:914} INFO - Processing file /opt/airflow/dags/flex_eau_pipeline.py for tasks to queue
[2026-07-18T10:21:53.415+0000] {logging_mixin.py:190} INFO - [2026-07-18T10:21:53.414+0000] {dagbag.py:587} INFO - Filling up the DagBag from /opt/airflow/dags/flex_eau_pipeline.py
[2026-07-18T10:21:53.457+0000] {logging_mixin.py:190} INFO - [2026-07-18T10:21:53.456+0000] {dagbag.py:386} ERROR - Failed to import: /opt/airflow/dags/flex_eau_pipeline.py
Traceback (most recent call last):
  File "/home/airflow/.local/lib/python3.12/site-packages/airflow/models/dagbag.py", line 382, in parse
    loader.exec_module(new_module)
  File "<frozen importlib._bootstrap_external>", line 991, in exec_module
  File "<frozen importlib._bootstrap_external>", line 1129, in get_code
  File "<frozen importlib._bootstrap_external>", line 1059, in source_to_code
  File "<frozen importlib._bootstrap>", line 488, in _call_with_frames_removed
  File "/opt/airflow/dags/flex_eau_pipeline.py", line 26
    ingestion = BashOperator(
    ^^^^^^^^^
IndentationError: expected an indented block after 'with' statement on line 11
[2026-07-18T10:21:53.458+0000] {processor.py:927} WARNING - No viable dags retrieved from /opt/airflow/dags/flex_eau_pipeline.py
[2026-07-18T10:21:53.490+0000] {processor.py:208} INFO - Processing /opt/airflow/dags/flex_eau_pipeline.py took 0.090 seconds
[2026-07-18T10:22:24.298+0000] {processor.py:186} INFO - Started process (PID=90561) to work on /opt/airflow/dags/flex_eau_pipeline.py
[2026-07-18T10:22:24.299+0000] {processor.py:914} INFO - Processing file /opt/airflow/dags/flex_eau_pipeline.py for tasks to queue
[2026-07-18T10:22:24.303+0000] {logging_mixin.py:190} INFO - [2026-07-18T10:22:24.303+0000] {dagbag.py:587} INFO - Filling up the DagBag from /opt/airflow/dags/flex_eau_pipeline.py
[2026-07-18T10:22:24.357+0000] {logging_mixin.py:190} INFO - [2026-07-18T10:22:24.354+0000] {dagbag.py:386} ERROR - Failed to import: /opt/airflow/dags/flex_eau_pipeline.py
Traceback (most recent call last):
  File "/home/airflow/.local/lib/python3.12/site-packages/airflow/models/dagbag.py", line 382, in parse
    loader.exec_module(new_module)
  File "<frozen importlib._bootstrap_external>", line 991, in exec_module
  File "<frozen importlib._bootstrap_external>", line 1129, in get_code
  File "<frozen importlib._bootstrap_external>", line 1059, in source_to_code
  File "<frozen importlib._bootstrap>", line 488, in _call_with_frames_removed
  File "/opt/airflow/dags/flex_eau_pipeline.py", line 26
    ingestion = BashOperator(
    ^^^^^^^^^
IndentationError: expected an indented block after 'with' statement on line 11
[2026-07-18T10:22:24.360+0000] {processor.py:927} WARNING - No viable dags retrieved from /opt/airflow/dags/flex_eau_pipeline.py
[2026-07-18T10:22:24.419+0000] {processor.py:208} INFO - Processing /opt/airflow/dags/flex_eau_pipeline.py took 0.130 seconds
[2026-07-18T10:22:55.313+0000] {processor.py:186} INFO - Started process (PID=90566) to work on /opt/airflow/dags/flex_eau_pipeline.py
[2026-07-18T10:22:55.315+0000] {processor.py:914} INFO - Processing file /opt/airflow/dags/flex_eau_pipeline.py for tasks to queue
[2026-07-18T10:22:55.323+0000] {logging_mixin.py:190} INFO - [2026-07-18T10:22:55.322+0000] {dagbag.py:587} INFO - Filling up the DagBag from /opt/airflow/dags/flex_eau_pipeline.py
[2026-07-18T10:22:55.386+0000] {logging_mixin.py:190} INFO - [2026-07-18T10:22:55.383+0000] {dagbag.py:386} ERROR - Failed to import: /opt/airflow/dags/flex_eau_pipeline.py
Traceback (most recent call last):
  File "/home/airflow/.local/lib/python3.12/site-packages/airflow/models/dagbag.py", line 382, in parse
    loader.exec_module(new_module)
  File "<frozen importlib._bootstrap_external>", line 991, in exec_module
  File "<frozen importlib._bootstrap_external>", line 1129, in get_code
  File "<frozen importlib._bootstrap_external>", line 1059, in source_to_code
  File "<frozen importlib._bootstrap>", line 488, in _call_with_frames_removed
  File "/opt/airflow/dags/flex_eau_pipeline.py", line 26
    ingestion = BashOperator(
    ^^^^^^^^^
IndentationError: expected an indented block after 'with' statement on line 11
[2026-07-18T10:22:55.388+0000] {processor.py:927} WARNING - No viable dags retrieved from /opt/airflow/dags/flex_eau_pipeline.py
[2026-07-18T10:22:55.464+0000] {processor.py:208} INFO - Processing /opt/airflow/dags/flex_eau_pipeline.py took 0.166 seconds
[2026-07-18T10:23:26.418+0000] {processor.py:186} INFO - Started process (PID=90571) to work on /opt/airflow/dags/flex_eau_pipeline.py
[2026-07-18T10:23:26.420+0000] {processor.py:914} INFO - Processing file /opt/airflow/dags/flex_eau_pipeline.py for tasks to queue
[2026-07-18T10:23:26.428+0000] {logging_mixin.py:190} INFO - [2026-07-18T10:23:26.427+0000] {dagbag.py:587} INFO - Filling up the DagBag from /opt/airflow/dags/flex_eau_pipeline.py
[2026-07-18T10:23:26.491+0000] {logging_mixin.py:190} INFO - [2026-07-18T10:23:26.488+0000] {dagbag.py:386} ERROR - Failed to import: /opt/airflow/dags/flex_eau_pipeline.py
Traceback (most recent call last):
  File "/home/airflow/.local/lib/python3.12/site-packages/airflow/models/dagbag.py", line 382, in parse
    loader.exec_module(new_module)
  File "<frozen importlib._bootstrap_external>", line 991, in exec_module
  File "<frozen importlib._bootstrap_external>", line 1129, in get_code
  File "<frozen importlib._bootstrap_external>", line 1059, in source_to_code
  File "<frozen importlib._bootstrap>", line 488, in _call_with_frames_removed
  File "/opt/airflow/dags/flex_eau_pipeline.py", line 26
    ingestion = BashOperator(
    ^^^^^^^^^
IndentationError: expected an indented block after 'with' statement on line 11
[2026-07-18T10:23:26.493+0000] {processor.py:927} WARNING - No viable dags retrieved from /opt/airflow/dags/flex_eau_pipeline.py
[2026-07-18T10:23:26.565+0000] {processor.py:208} INFO - Processing /opt/airflow/dags/flex_eau_pipeline.py took 0.158 seconds
[2026-07-18T10:23:57.550+0000] {processor.py:186} INFO - Started process (PID=90576) to work on /opt/airflow/dags/flex_eau_pipeline.py
[2026-07-18T10:23:57.552+0000] {processor.py:914} INFO - Processing file /opt/airflow/dags/flex_eau_pipeline.py for tasks to queue
[2026-07-18T10:23:57.556+0000] {logging_mixin.py:190} INFO - [2026-07-18T10:23:57.556+0000] {dagbag.py:587} INFO - Filling up the DagBag from /opt/airflow/dags/flex_eau_pipeline.py
[2026-07-18T10:23:57.594+0000] {logging_mixin.py:190} INFO - [2026-07-18T10:23:57.592+0000] {dagbag.py:386} ERROR - Failed to import: /opt/airflow/dags/flex_eau_pipeline.py
Traceback (most recent call last):
  File "/home/airflow/.local/lib/python3.12/site-packages/airflow/models/dagbag.py", line 382, in parse
    loader.exec_module(new_module)
  File "<frozen importlib._bootstrap_external>", line 991, in exec_module
  File "<frozen importlib._bootstrap_external>", line 1129, in get_code
  File "<frozen importlib._bootstrap_external>", line 1059, in source_to_code
  File "<frozen importlib._bootstrap>", line 488, in _call_with_frames_removed
  File "/opt/airflow/dags/flex_eau_pipeline.py", line 26
    ingestion = BashOperator(
    ^^^^^^^^^
IndentationError: expected an indented block after 'with' statement on line 11
[2026-07-18T10:23:57.596+0000] {processor.py:927} WARNING - No viable dags retrieved from /opt/airflow/dags/flex_eau_pipeline.py
[2026-07-18T10:23:57.637+0000] {processor.py:208} INFO - Processing /opt/airflow/dags/flex_eau_pipeline.py took 0.099 seconds
[2026-07-18T10:24:28.789+0000] {processor.py:186} INFO - Started process (PID=90581) to work on /opt/airflow/dags/flex_eau_pipeline.py
[2026-07-18T10:24:28.796+0000] {processor.py:914} INFO - Processing file /opt/airflow/dags/flex_eau_pipeline.py for tasks to queue
[2026-07-18T10:24:28.810+0000] {logging_mixin.py:190} INFO - [2026-07-18T10:24:28.807+0000] {dagbag.py:587} INFO - Filling up the DagBag from /opt/airflow/dags/flex_eau_pipeline.py
[2026-07-18T10:24:28.880+0000] {logging_mixin.py:190} INFO - [2026-07-18T10:24:28.878+0000] {dagbag.py:386} ERROR - Failed to import: /opt/airflow/dags/flex_eau_pipeline.py
Traceback (most recent call last):
  File "/home/airflow/.local/lib/python3.12/site-packages/airflow/models/dagbag.py", line 382, in parse
    loader.exec_module(new_module)
  File "<frozen importlib._bootstrap_external>", line 991, in exec_module
  File "<frozen importlib._bootstrap_external>", line 1129, in get_code
  File "<frozen importlib._bootstrap_external>", line 1059, in source_to_code
  File "<frozen importlib._bootstrap>", line 488, in _call_with_frames_removed
  File "/opt/airflow/dags/flex_eau_pipeline.py", line 26
    ingestion = BashOperator(
    ^^^^^^^^^
IndentationError: expected an indented block after 'with' statement on line 11
[2026-07-18T10:24:28.881+0000] {processor.py:927} WARNING - No viable dags retrieved from /opt/airflow/dags/flex_eau_pipeline.py
[2026-07-18T10:24:28.951+0000] {processor.py:208} INFO - Processing /opt/airflow/dags/flex_eau_pipeline.py took 0.194 seconds
[2026-07-18T10:24:59.720+0000] {processor.py:186} INFO - Started process (PID=90586) to work on /opt/airflow/dags/flex_eau_pipeline.py
[2026-07-18T10:24:59.722+0000] {processor.py:914} INFO - Processing file /opt/airflow/dags/flex_eau_pipeline.py for tasks to queue
[2026-07-18T10:24:59.728+0000] {logging_mixin.py:190} INFO - [2026-07-18T10:24:59.728+0000] {dagbag.py:587} INFO - Filling up the DagBag from /opt/airflow/dags/flex_eau_pipeline.py
[2026-07-18T10:24:59.779+0000] {logging_mixin.py:190} INFO - [2026-07-18T10:24:59.776+0000] {dagbag.py:386} ERROR - Failed to import: /opt/airflow/dags/flex_eau_pipeline.py
Traceback (most recent call last):
  File "/home/airflow/.local/lib/python3.12/site-packages/airflow/models/dagbag.py", line 382, in parse
    loader.exec_module(new_module)
  File "<frozen importlib._bootstrap_external>", line 991, in exec_module
  File "<frozen importlib._bootstrap_external>", line 1129, in get_code
  File "<frozen importlib._bootstrap_external>", line 1059, in source_to_code
  File "<frozen importlib._bootstrap>", line 488, in _call_with_frames_removed
  File "/opt/airflow/dags/flex_eau_pipeline.py", line 26
    ingestion = BashOperator(
    ^^^^^^^^^
IndentationError: expected an indented block after 'with' statement on line 11
[2026-07-18T10:24:59.781+0000] {processor.py:927} WARNING - No viable dags retrieved from /opt/airflow/dags/flex_eau_pipeline.py
[2026-07-18T10:24:59.859+0000] {processor.py:208} INFO - Processing /opt/airflow/dags/flex_eau_pipeline.py took 0.153 seconds
[2026-07-18T10:25:30.702+0000] {processor.py:186} INFO - Started process (PID=90591) to work on /opt/airflow/dags/flex_eau_pipeline.py
[2026-07-18T10:25:30.703+0000] {processor.py:914} INFO - Processing file /opt/airflow/dags/flex_eau_pipeline.py for tasks to queue
[2026-07-18T10:25:30.707+0000] {logging_mixin.py:190} INFO - [2026-07-18T10:25:30.707+0000] {dagbag.py:587} INFO - Filling up the DagBag from /opt/airflow/dags/flex_eau_pipeline.py
[2026-07-18T10:25:30.756+0000] {logging_mixin.py:190} INFO - [2026-07-18T10:25:30.754+0000] {dagbag.py:386} ERROR - Failed to import: /opt/airflow/dags/flex_eau_pipeline.py
Traceback (most recent call last):
  File "/home/airflow/.local/lib/python3.12/site-packages/airflow/models/dagbag.py", line 382, in parse
    loader.exec_module(new_module)
  File "<frozen importlib._bootstrap_external>", line 991, in exec_module
  File "<frozen importlib._bootstrap_external>", line 1129, in get_code
  File "<frozen importlib._bootstrap_external>", line 1059, in source_to_code
  File "<frozen importlib._bootstrap>", line 488, in _call_with_frames_removed
  File "/opt/airflow/dags/flex_eau_pipeline.py", line 26
    ingestion = BashOperator(
    ^^^^^^^^^
IndentationError: expected an indented block after 'with' statement on line 11
[2026-07-18T10:25:30.757+0000] {processor.py:927} WARNING - No viable dags retrieved from /opt/airflow/dags/flex_eau_pipeline.py
[2026-07-18T10:25:30.794+0000] {processor.py:208} INFO - Processing /opt/airflow/dags/flex_eau_pipeline.py took 0.100 seconds
[2026-07-18T10:26:01.678+0000] {processor.py:186} INFO - Started process (PID=90596) to work on /opt/airflow/dags/flex_eau_pipeline.py
[2026-07-18T10:26:01.684+0000] {processor.py:914} INFO - Processing file /opt/airflow/dags/flex_eau_pipeline.py for tasks to queue
[2026-07-18T10:26:01.698+0000] {logging_mixin.py:190} INFO - [2026-07-18T10:26:01.697+0000] {dagbag.py:587} INFO - Filling up the DagBag from /opt/airflow/dags/flex_eau_pipeline.py
[2026-07-18T10:26:01.794+0000] {logging_mixin.py:190} INFO - [2026-07-18T10:26:01.792+0000] {dagbag.py:386} ERROR - Failed to import: /opt/airflow/dags/flex_eau_pipeline.py
Traceback (most recent call last):
  File "/home/airflow/.local/lib/python3.12/site-packages/airflow/models/dagbag.py", line 382, in parse
    loader.exec_module(new_module)
  File "<frozen importlib._bootstrap_external>", line 991, in exec_module
  File "<frozen importlib._bootstrap_external>", line 1129, in get_code
  File "<frozen importlib._bootstrap_external>", line 1059, in source_to_code
  File "<frozen importlib._bootstrap>", line 488, in _call_with_frames_removed
  File "/opt/airflow/dags/flex_eau_pipeline.py", line 26
    ingestion = BashOperator(
    ^^^^^^^^^
IndentationError: expected an indented block after 'with' statement on line 11
[2026-07-18T10:26:01.797+0000] {processor.py:927} WARNING - No viable dags retrieved from /opt/airflow/dags/flex_eau_pipeline.py
[2026-07-18T10:26:01.881+0000] {processor.py:208} INFO - Processing /opt/airflow/dags/flex_eau_pipeline.py took 0.234 seconds
[2026-07-18T10:26:32.285+0000] {processor.py:186} INFO - Started process (PID=90601) to work on /opt/airflow/dags/flex_eau_pipeline.py
[2026-07-18T10:26:32.286+0000] {processor.py:914} INFO - Processing file /opt/airflow/dags/flex_eau_pipeline.py for tasks to queue
[2026-07-18T10:26:32.290+0000] {logging_mixin.py:190} INFO - [2026-07-18T10:26:32.290+0000] {dagbag.py:587} INFO - Filling up the DagBag from /opt/airflow/dags/flex_eau_pipeline.py
[2026-07-18T10:26:32.329+0000] {logging_mixin.py:190} INFO - [2026-07-18T10:26:32.328+0000] {dagbag.py:386} ERROR - Failed to import: /opt/airflow/dags/flex_eau_pipeline.py
Traceback (most recent call last):
  File "/home/airflow/.local/lib/python3.12/site-packages/airflow/models/dagbag.py", line 382, in parse
    loader.exec_module(new_module)
  File "<frozen importlib._bootstrap_external>", line 991, in exec_module
  File "<frozen importlib._bootstrap_external>", line 1129, in get_code
  File "<frozen importlib._bootstrap_external>", line 1059, in source_to_code
  File "<frozen importlib._bootstrap>", line 488, in _call_with_frames_removed
  File "/opt/airflow/dags/flex_eau_pipeline.py", line 26
    ingestion = BashOperator(
    ^^^^^^^^^
IndentationError: expected an indented block after 'with' statement on line 11
[2026-07-18T10:26:32.330+0000] {processor.py:927} WARNING - No viable dags retrieved from /opt/airflow/dags/flex_eau_pipeline.py
[2026-07-18T10:26:32.363+0000] {processor.py:208} INFO - Processing /opt/airflow/dags/flex_eau_pipeline.py took 0.089 seconds
[2026-07-18T10:27:03.380+0000] {processor.py:186} INFO - Started process (PID=90606) to work on /opt/airflow/dags/flex_eau_pipeline.py
[2026-07-18T10:27:03.382+0000] {processor.py:914} INFO - Processing file /opt/airflow/dags/flex_eau_pipeline.py for tasks to queue
[2026-07-18T10:27:03.386+0000] {logging_mixin.py:190} INFO - [2026-07-18T10:27:03.385+0000] {dagbag.py:587} INFO - Filling up the DagBag from /opt/airflow/dags/flex_eau_pipeline.py
[2026-07-18T10:27:03.433+0000] {logging_mixin.py:190} INFO - [2026-07-18T10:27:03.431+0000] {dagbag.py:386} ERROR - Failed to import: /opt/airflow/dags/flex_eau_pipeline.py
Traceback (most recent call last):
  File "/home/airflow/.local/lib/python3.12/site-packages/airflow/models/dagbag.py", line 382, in parse
    loader.exec_module(new_module)
  File "<frozen importlib._bootstrap_external>", line 991, in exec_module
  File "<frozen importlib._bootstrap_external>", line 1129, in get_code
  File "<frozen importlib._bootstrap_external>", line 1059, in source_to_code
  File "<frozen importlib._bootstrap>", line 488, in _call_with_frames_removed
  File "/opt/airflow/dags/flex_eau_pipeline.py", line 26
    ingestion = BashOperator(
    ^^^^^^^^^
IndentationError: expected an indented block after 'with' statement on line 11
[2026-07-18T10:27:03.434+0000] {processor.py:927} WARNING - No viable dags retrieved from /opt/airflow/dags/flex_eau_pipeline.py
[2026-07-18T10:27:03.477+0000] {processor.py:208} INFO - Processing /opt/airflow/dags/flex_eau_pipeline.py took 0.107 seconds
[2026-07-18T10:27:34.433+0000] {processor.py:186} INFO - Started process (PID=90611) to work on /opt/airflow/dags/flex_eau_pipeline.py
[2026-07-18T10:27:34.435+0000] {processor.py:914} INFO - Processing file /opt/airflow/dags/flex_eau_pipeline.py for tasks to queue
[2026-07-18T10:27:34.439+0000] {logging_mixin.py:190} INFO - [2026-07-18T10:27:34.439+0000] {dagbag.py:587} INFO - Filling up the DagBag from /opt/airflow/dags/flex_eau_pipeline.py
[2026-07-18T10:27:34.469+0000] {logging_mixin.py:190} INFO - [2026-07-18T10:27:34.468+0000] {dagbag.py:386} ERROR - Failed to import: /opt/airflow/dags/flex_eau_pipeline.py
Traceback (most recent call last):
  File "/home/airflow/.local/lib/python3.12/site-packages/airflow/models/dagbag.py", line 382, in parse
    loader.exec_module(new_module)
  File "<frozen importlib._bootstrap_external>", line 991, in exec_module
  File "<frozen importlib._bootstrap_external>", line 1129, in get_code
  File "<frozen importlib._bootstrap_external>", line 1059, in source_to_code
  File "<frozen importlib._bootstrap>", line 488, in _call_with_frames_removed
  File "/opt/airflow/dags/flex_eau_pipeline.py", line 26
    ingestion = BashOperator(
    ^^^^^^^^^
IndentationError: expected an indented block after 'with' statement on line 11
[2026-07-18T10:27:34.470+0000] {processor.py:927} WARNING - No viable dags retrieved from /opt/airflow/dags/flex_eau_pipeline.py
[2026-07-18T10:27:34.506+0000] {processor.py:208} INFO - Processing /opt/airflow/dags/flex_eau_pipeline.py took 0.088 seconds
[2026-07-18T10:28:05.464+0000] {processor.py:186} INFO - Started process (PID=90616) to work on /opt/airflow/dags/flex_eau_pipeline.py
[2026-07-18T10:28:05.466+0000] {processor.py:914} INFO - Processing file /opt/airflow/dags/flex_eau_pipeline.py for tasks to queue
[2026-07-18T10:28:05.471+0000] {logging_mixin.py:190} INFO - [2026-07-18T10:28:05.471+0000] {dagbag.py:587} INFO - Filling up the DagBag from /opt/airflow/dags/flex_eau_pipeline.py
[2026-07-18T10:28:05.518+0000] {logging_mixin.py:190} INFO - [2026-07-18T10:28:05.516+0000] {dagbag.py:386} ERROR - Failed to import: /opt/airflow/dags/flex_eau_pipeline.py
Traceback (most recent call last):
  File "/home/airflow/.local/lib/python3.12/site-packages/airflow/models/dagbag.py", line 382, in parse
    loader.exec_module(new_module)
  File "<frozen importlib._bootstrap_external>", line 991, in exec_module
  File "<frozen importlib._bootstrap_external>", line 1129, in get_code
  File "<frozen importlib._bootstrap_external>", line 1059, in source_to_code
  File "<frozen importlib._bootstrap>", line 488, in _call_with_frames_removed
  File "/opt/airflow/dags/flex_eau_pipeline.py", line 26
    ingestion = BashOperator(
    ^^^^^^^^^
IndentationError: expected an indented block after 'with' statement on line 11
[2026-07-18T10:28:05.520+0000] {processor.py:927} WARNING - No viable dags retrieved from /opt/airflow/dags/flex_eau_pipeline.py
[2026-07-18T10:28:05.565+0000] {processor.py:208} INFO - Processing /opt/airflow/dags/flex_eau_pipeline.py took 0.114 seconds
[2026-07-18T10:28:35.795+0000] {processor.py:186} INFO - Started process (PID=90621) to work on /opt/airflow/dags/flex_eau_pipeline.py
[2026-07-18T10:28:35.800+0000] {processor.py:914} INFO - Processing file /opt/airflow/dags/flex_eau_pipeline.py for tasks to queue
[2026-07-18T10:28:35.814+0000] {logging_mixin.py:190} INFO - [2026-07-18T10:28:35.813+0000] {dagbag.py:587} INFO - Filling up the DagBag from /opt/airflow/dags/flex_eau_pipeline.py
[2026-07-18T10:28:35.919+0000] {logging_mixin.py:190} INFO - [2026-07-18T10:28:35.913+0000] {dagbag.py:386} ERROR - Failed to import: /opt/airflow/dags/flex_eau_pipeline.py
Traceback (most recent call last):
  File "/home/airflow/.local/lib/python3.12/site-packages/airflow/models/dagbag.py", line 382, in parse
    loader.exec_module(new_module)
  File "<frozen importlib._bootstrap_external>", line 991, in exec_module
  File "<frozen importlib._bootstrap_external>", line 1129, in get_code
  File "<frozen importlib._bootstrap_external>", line 1059, in source_to_code
  File "<frozen importlib._bootstrap>", line 488, in _call_with_frames_removed
  File "/opt/airflow/dags/flex_eau_pipeline.py", line 26
    ingestion = BashOperator(
    ^^^^^^^^^
IndentationError: expected an indented block after 'with' statement on line 11
[2026-07-18T10:28:35.923+0000] {processor.py:927} WARNING - No viable dags retrieved from /opt/airflow/dags/flex_eau_pipeline.py
[2026-07-18T10:28:36.032+0000] {processor.py:208} INFO - Processing /opt/airflow/dags/flex_eau_pipeline.py took 0.267 seconds
[2026-07-18T10:29:06.786+0000] {processor.py:186} INFO - Started process (PID=90626) to work on /opt/airflow/dags/flex_eau_pipeline.py
[2026-07-18T10:29:06.794+0000] {processor.py:914} INFO - Processing file /opt/airflow/dags/flex_eau_pipeline.py for tasks to queue
[2026-07-18T10:29:06.808+0000] {logging_mixin.py:190} INFO - [2026-07-18T10:29:06.806+0000] {dagbag.py:587} INFO - Filling up the DagBag from /opt/airflow/dags/flex_eau_pipeline.py
[2026-07-18T10:29:06.942+0000] {logging_mixin.py:190} INFO - [2026-07-18T10:29:06.940+0000] {dagbag.py:386} ERROR - Failed to import: /opt/airflow/dags/flex_eau_pipeline.py
Traceback (most recent call last):
  File "/home/airflow/.local/lib/python3.12/site-packages/airflow/models/dagbag.py", line 382, in parse
    loader.exec_module(new_module)
  File "<frozen importlib._bootstrap_external>", line 991, in exec_module
  File "<frozen importlib._bootstrap_external>", line 1129, in get_code
  File "<frozen importlib._bootstrap_external>", line 1059, in source_to_code
  File "<frozen importlib._bootstrap>", line 488, in _call_with_frames_removed
  File "/opt/airflow/dags/flex_eau_pipeline.py", line 26
    ingestion = BashOperator(
    ^^^^^^^^^
IndentationError: expected an indented block after 'with' statement on line 11
[2026-07-18T10:29:06.943+0000] {processor.py:927} WARNING - No viable dags retrieved from /opt/airflow/dags/flex_eau_pipeline.py
[2026-07-18T10:29:06.984+0000] {processor.py:208} INFO - Processing /opt/airflow/dags/flex_eau_pipeline.py took 0.229 seconds
[2026-07-18T10:29:37.871+0000] {processor.py:186} INFO - Started process (PID=90631) to work on /opt/airflow/dags/flex_eau_pipeline.py
[2026-07-18T10:29:37.874+0000] {processor.py:914} INFO - Processing file /opt/airflow/dags/flex_eau_pipeline.py for tasks to queue
[2026-07-18T10:29:37.881+0000] {logging_mixin.py:190} INFO - [2026-07-18T10:29:37.880+0000] {dagbag.py:587} INFO - Filling up the DagBag from /opt/airflow/dags/flex_eau_pipeline.py
[2026-07-18T10:29:37.943+0000] {logging_mixin.py:190} INFO - [2026-07-18T10:29:37.941+0000] {dagbag.py:386} ERROR - Failed to import: /opt/airflow/dags/flex_eau_pipeline.py
Traceback (most recent call last):
  File "/home/airflow/.local/lib/python3.12/site-packages/airflow/models/dagbag.py", line 382, in parse
    loader.exec_module(new_module)
  File "<frozen importlib._bootstrap_external>", line 991, in exec_module
  File "<frozen importlib._bootstrap_external>", line 1129, in get_code
  File "<frozen importlib._bootstrap_external>", line 1059, in source_to_code
  File "<frozen importlib._bootstrap>", line 488, in _call_with_frames_removed
  File "/opt/airflow/dags/flex_eau_pipeline.py", line 26
    ingestion = BashOperator(
    ^^^^^^^^^
IndentationError: expected an indented block after 'with' statement on line 11
[2026-07-18T10:29:37.945+0000] {processor.py:927} WARNING - No viable dags retrieved from /opt/airflow/dags/flex_eau_pipeline.py
[2026-07-18T10:29:38.003+0000] {processor.py:208} INFO - Processing /opt/airflow/dags/flex_eau_pipeline.py took 0.147 seconds
[2026-07-18T10:30:08.806+0000] {processor.py:186} INFO - Started process (PID=90636) to work on /opt/airflow/dags/flex_eau_pipeline.py
[2026-07-18T10:30:08.808+0000] {processor.py:914} INFO - Processing file /opt/airflow/dags/flex_eau_pipeline.py for tasks to queue
[2026-07-18T10:30:08.815+0000] {logging_mixin.py:190} INFO - [2026-07-18T10:30:08.814+0000] {dagbag.py:587} INFO - Filling up the DagBag from /opt/airflow/dags/flex_eau_pipeline.py
[2026-07-18T10:30:08.860+0000] {logging_mixin.py:190} INFO - [2026-07-18T10:30:08.857+0000] {dagbag.py:386} ERROR - Failed to import: /opt/airflow/dags/flex_eau_pipeline.py
Traceback (most recent call last):
  File "/home/airflow/.local/lib/python3.12/site-packages/airflow/models/dagbag.py", line 382, in parse
    loader.exec_module(new_module)
  File "<frozen importlib._bootstrap_external>", line 991, in exec_module
  File "<frozen importlib._bootstrap_external>", line 1129, in get_code
  File "<frozen importlib._bootstrap_external>", line 1059, in source_to_code
  File "<frozen importlib._bootstrap>", line 488, in _call_with_frames_removed
  File "/opt/airflow/dags/flex_eau_pipeline.py", line 26
    ingestion = BashOperator(
    ^^^^^^^^^
IndentationError: expected an indented block after 'with' statement on line 11
[2026-07-18T10:30:08.862+0000] {processor.py:927} WARNING - No viable dags retrieved from /opt/airflow/dags/flex_eau_pipeline.py
[2026-07-18T10:30:08.933+0000] {processor.py:208} INFO - Processing /opt/airflow/dags/flex_eau_pipeline.py took 0.141 seconds
[2026-07-18T10:30:39.328+0000] {processor.py:186} INFO - Started process (PID=90641) to work on /opt/airflow/dags/flex_eau_pipeline.py
[2026-07-18T10:30:39.331+0000] {processor.py:914} INFO - Processing file /opt/airflow/dags/flex_eau_pipeline.py for tasks to queue
[2026-07-18T10:30:39.338+0000] {logging_mixin.py:190} INFO - [2026-07-18T10:30:39.337+0000] {dagbag.py:587} INFO - Filling up the DagBag from /opt/airflow/dags/flex_eau_pipeline.py
[2026-07-18T10:30:39.401+0000] {logging_mixin.py:190} INFO - [2026-07-18T10:30:39.399+0000] {dagbag.py:386} ERROR - Failed to import: /opt/airflow/dags/flex_eau_pipeline.py
Traceback (most recent call last):
  File "/home/airflow/.local/lib/python3.12/site-packages/airflow/models/dagbag.py", line 382, in parse
    loader.exec_module(new_module)
  File "<frozen importlib._bootstrap_external>", line 991, in exec_module
  File "<frozen importlib._bootstrap_external>", line 1129, in get_code
  File "<frozen importlib._bootstrap_external>", line 1059, in source_to_code
  File "<frozen importlib._bootstrap>", line 488, in _call_with_frames_removed
  File "/opt/airflow/dags/flex_eau_pipeline.py", line 26
    ingestion = BashOperator(
    ^^^^^^^^^
IndentationError: expected an indented block after 'with' statement on line 11
[2026-07-18T10:30:39.403+0000] {processor.py:927} WARNING - No viable dags retrieved from /opt/airflow/dags/flex_eau_pipeline.py
[2026-07-18T10:30:39.469+0000] {processor.py:208} INFO - Processing /opt/airflow/dags/flex_eau_pipeline.py took 0.163 seconds
[2026-07-18T10:31:10.285+0000] {processor.py:186} INFO - Started process (PID=90646) to work on /opt/airflow/dags/flex_eau_pipeline.py
[2026-07-18T10:31:10.288+0000] {processor.py:914} INFO - Processing file /opt/airflow/dags/flex_eau_pipeline.py for tasks to queue
[2026-07-18T10:31:10.292+0000] {logging_mixin.py:190} INFO - [2026-07-18T10:31:10.292+0000] {dagbag.py:587} INFO - Filling up the DagBag from /opt/airflow/dags/flex_eau_pipeline.py
[2026-07-18T10:31:10.337+0000] {logging_mixin.py:190} INFO - [2026-07-18T10:31:10.333+0000] {dagbag.py:386} ERROR - Failed to import: /opt/airflow/dags/flex_eau_pipeline.py
Traceback (most recent call last):
  File "/home/airflow/.local/lib/python3.12/site-packages/airflow/models/dagbag.py", line 382, in parse
    loader.exec_module(new_module)
  File "<frozen importlib._bootstrap_external>", line 991, in exec_module
  File "<frozen importlib._bootstrap_external>", line 1129, in get_code
  File "<frozen importlib._bootstrap_external>", line 1059, in source_to_code
  File "<frozen importlib._bootstrap>", line 488, in _call_with_frames_removed
  File "/opt/airflow/dags/flex_eau_pipeline.py", line 26
    ingestion = BashOperator(
    ^^^^^^^^^
IndentationError: expected an indented block after 'with' statement on line 11
[2026-07-18T10:31:10.340+0000] {processor.py:927} WARNING - No viable dags retrieved from /opt/airflow/dags/flex_eau_pipeline.py
[2026-07-18T10:31:10.404+0000] {processor.py:208} INFO - Processing /opt/airflow/dags/flex_eau_pipeline.py took 0.128 seconds
[2026-07-18T10:31:41.210+0000] {processor.py:186} INFO - Started process (PID=90651) to work on /opt/airflow/dags/flex_eau_pipeline.py
[2026-07-18T10:31:41.212+0000] {processor.py:914} INFO - Processing file /opt/airflow/dags/flex_eau_pipeline.py for tasks to queue
[2026-07-18T10:31:41.218+0000] {logging_mixin.py:190} INFO - [2026-07-18T10:31:41.217+0000] {dagbag.py:587} INFO - Filling up the DagBag from /opt/airflow/dags/flex_eau_pipeline.py
[2026-07-18T10:31:41.257+0000] {logging_mixin.py:190} INFO - [2026-07-18T10:31:41.255+0000] {dagbag.py:386} ERROR - Failed to import: /opt/airflow/dags/flex_eau_pipeline.py
Traceback (most recent call last):
  File "/home/airflow/.local/lib/python3.12/site-packages/airflow/models/dagbag.py", line 382, in parse
    loader.exec_module(new_module)
  File "<frozen importlib._bootstrap_external>", line 991, in exec_module
  File "<frozen importlib._bootstrap_external>", line 1129, in get_code
  File "<frozen importlib._bootstrap_external>", line 1059, in source_to_code
  File "<frozen importlib._bootstrap>", line 488, in _call_with_frames_removed
  File "/opt/airflow/dags/flex_eau_pipeline.py", line 26
    ingestion = BashOperator(
    ^^^^^^^^^
IndentationError: expected an indented block after 'with' statement on line 11
[2026-07-18T10:31:41.258+0000] {processor.py:927} WARNING - No viable dags retrieved from /opt/airflow/dags/flex_eau_pipeline.py
[2026-07-18T10:31:41.305+0000] {processor.py:208} INFO - Processing /opt/airflow/dags/flex_eau_pipeline.py took 0.109 seconds
[2026-07-18T10:32:11.925+0000] {processor.py:186} INFO - Started process (PID=90656) to work on /opt/airflow/dags/flex_eau_pipeline.py
[2026-07-18T10:32:11.927+0000] {processor.py:914} INFO - Processing file /opt/airflow/dags/flex_eau_pipeline.py for tasks to queue
[2026-07-18T10:32:11.931+0000] {logging_mixin.py:190} INFO - [2026-07-18T10:32:11.930+0000] {dagbag.py:587} INFO - Filling up the DagBag from /opt/airflow/dags/flex_eau_pipeline.py
[2026-07-18T10:32:11.961+0000] {logging_mixin.py:190} INFO - [2026-07-18T10:32:11.960+0000] {dagbag.py:386} ERROR - Failed to import: /opt/airflow/dags/flex_eau_pipeline.py
Traceback (most recent call last):
  File "/home/airflow/.local/lib/python3.12/site-packages/airflow/models/dagbag.py", line 382, in parse
    loader.exec_module(new_module)
  File "<frozen importlib._bootstrap_external>", line 991, in exec_module
  File "<frozen importlib._bootstrap_external>", line 1129, in get_code
  File "<frozen importlib._bootstrap_external>", line 1059, in source_to_code
  File "<frozen importlib._bootstrap>", line 488, in _call_with_frames_removed
  File "/opt/airflow/dags/flex_eau_pipeline.py", line 26
    ingestion = BashOperator(
    ^^^^^^^^^
IndentationError: expected an indented block after 'with' statement on line 11
[2026-07-18T10:32:11.962+0000] {processor.py:927} WARNING - No viable dags retrieved from /opt/airflow/dags/flex_eau_pipeline.py
[2026-07-18T10:32:11.992+0000] {processor.py:208} INFO - Processing /opt/airflow/dags/flex_eau_pipeline.py took 0.077 seconds
[2026-07-18T10:32:42.758+0000] {processor.py:186} INFO - Started process (PID=90661) to work on /opt/airflow/dags/flex_eau_pipeline.py
[2026-07-18T10:32:42.759+0000] {processor.py:914} INFO - Processing file /opt/airflow/dags/flex_eau_pipeline.py for tasks to queue
[2026-07-18T10:32:42.764+0000] {logging_mixin.py:190} INFO - [2026-07-18T10:32:42.763+0000] {dagbag.py:587} INFO - Filling up the DagBag from /opt/airflow/dags/flex_eau_pipeline.py
[2026-07-18T10:32:42.810+0000] {logging_mixin.py:190} INFO - [2026-07-18T10:32:42.808+0000] {dagbag.py:386} ERROR - Failed to import: /opt/airflow/dags/flex_eau_pipeline.py
Traceback (most recent call last):
  File "/home/airflow/.local/lib/python3.12/site-packages/airflow/models/dagbag.py", line 382, in parse
    loader.exec_module(new_module)
  File "<frozen importlib._bootstrap_external>", line 991, in exec_module
  File "<frozen importlib._bootstrap_external>", line 1129, in get_code
  File "<frozen importlib._bootstrap_external>", line 1059, in source_to_code
  File "<frozen importlib._bootstrap>", line 488, in _call_with_frames_removed
  File "/opt/airflow/dags/flex_eau_pipeline.py", line 26
    ingestion = BashOperator(
    ^^^^^^^^^
IndentationError: expected an indented block after 'with' statement on line 11
[2026-07-18T10:32:42.811+0000] {processor.py:927} WARNING - No viable dags retrieved from /opt/airflow/dags/flex_eau_pipeline.py
[2026-07-18T10:32:42.851+0000] {processor.py:208} INFO - Processing /opt/airflow/dags/flex_eau_pipeline.py took 0.101 seconds
[2026-07-18T10:33:13.552+0000] {processor.py:186} INFO - Started process (PID=90666) to work on /opt/airflow/dags/flex_eau_pipeline.py
[2026-07-18T10:33:13.554+0000] {processor.py:914} INFO - Processing file /opt/airflow/dags/flex_eau_pipeline.py for tasks to queue
[2026-07-18T10:33:13.558+0000] {logging_mixin.py:190} INFO - [2026-07-18T10:33:13.558+0000] {dagbag.py:587} INFO - Filling up the DagBag from /opt/airflow/dags/flex_eau_pipeline.py
[2026-07-18T10:33:13.606+0000] {logging_mixin.py:190} INFO - [2026-07-18T10:33:13.603+0000] {dagbag.py:386} ERROR - Failed to import: /opt/airflow/dags/flex_eau_pipeline.py
Traceback (most recent call last):
  File "/home/airflow/.local/lib/python3.12/site-packages/airflow/models/dagbag.py", line 382, in parse
    loader.exec_module(new_module)
  File "<frozen importlib._bootstrap_external>", line 991, in exec_module
  File "<frozen importlib._bootstrap_external>", line 1129, in get_code
  File "<frozen importlib._bootstrap_external>", line 1059, in source_to_code
  File "<frozen importlib._bootstrap>", line 488, in _call_with_frames_removed
  File "/opt/airflow/dags/flex_eau_pipeline.py", line 26
    ingestion = BashOperator(
    ^^^^^^^^^
IndentationError: expected an indented block after 'with' statement on line 11
[2026-07-18T10:33:13.608+0000] {processor.py:927} WARNING - No viable dags retrieved from /opt/airflow/dags/flex_eau_pipeline.py
[2026-07-18T10:33:13.664+0000] {processor.py:208} INFO - Processing /opt/airflow/dags/flex_eau_pipeline.py took 0.122 seconds
[2026-07-18T10:33:44.772+0000] {processor.py:186} INFO - Started process (PID=90671) to work on /opt/airflow/dags/flex_eau_pipeline.py
[2026-07-18T10:33:44.775+0000] {processor.py:914} INFO - Processing file /opt/airflow/dags/flex_eau_pipeline.py for tasks to queue
[2026-07-18T10:33:44.781+0000] {logging_mixin.py:190} INFO - [2026-07-18T10:33:44.780+0000] {dagbag.py:587} INFO - Filling up the DagBag from /opt/airflow/dags/flex_eau_pipeline.py
[2026-07-18T10:33:44.838+0000] {logging_mixin.py:190} INFO - [2026-07-18T10:33:44.834+0000] {dagbag.py:386} ERROR - Failed to import: /opt/airflow/dags/flex_eau_pipeline.py
Traceback (most recent call last):
  File "/home/airflow/.local/lib/python3.12/site-packages/airflow/models/dagbag.py", line 382, in parse
    loader.exec_module(new_module)
  File "<frozen importlib._bootstrap_external>", line 991, in exec_module
  File "<frozen importlib._bootstrap_external>", line 1129, in get_code
  File "<frozen importlib._bootstrap_external>", line 1059, in source_to_code
  File "<frozen importlib._bootstrap>", line 488, in _call_with_frames_removed
  File "/opt/airflow/dags/flex_eau_pipeline.py", line 26
    ingestion = BashOperator(
    ^^^^^^^^^
IndentationError: expected an indented block after 'with' statement on line 11
[2026-07-18T10:33:44.841+0000] {processor.py:927} WARNING - No viable dags retrieved from /opt/airflow/dags/flex_eau_pipeline.py
[2026-07-18T10:33:44.925+0000] {processor.py:208} INFO - Processing /opt/airflow/dags/flex_eau_pipeline.py took 0.163 seconds
[2026-07-18T10:34:15.713+0000] {processor.py:186} INFO - Started process (PID=90676) to work on /opt/airflow/dags/flex_eau_pipeline.py
[2026-07-18T10:34:15.715+0000] {processor.py:914} INFO - Processing file /opt/airflow/dags/flex_eau_pipeline.py for tasks to queue
[2026-07-18T10:34:15.718+0000] {logging_mixin.py:190} INFO - [2026-07-18T10:34:15.717+0000] {dagbag.py:587} INFO - Filling up the DagBag from /opt/airflow/dags/flex_eau_pipeline.py
[2026-07-18T10:34:15.749+0000] {logging_mixin.py:190} INFO - [2026-07-18T10:34:15.748+0000] {dagbag.py:386} ERROR - Failed to import: /opt/airflow/dags/flex_eau_pipeline.py
Traceback (most recent call last):
  File "/home/airflow/.local/lib/python3.12/site-packages/airflow/models/dagbag.py", line 382, in parse
    loader.exec_module(new_module)
  File "<frozen importlib._bootstrap_external>", line 991, in exec_module
  File "<frozen importlib._bootstrap_external>", line 1129, in get_code
  File "<frozen importlib._bootstrap_external>", line 1059, in source_to_code
  File "<frozen importlib._bootstrap>", line 488, in _call_with_frames_removed
  File "/opt/airflow/dags/flex_eau_pipeline.py", line 26
    ingestion = BashOperator(
    ^^^^^^^^^
IndentationError: expected an indented block after 'with' statement on line 11
[2026-07-18T10:34:15.750+0000] {processor.py:927} WARNING - No viable dags retrieved from /opt/airflow/dags/flex_eau_pipeline.py
[2026-07-18T10:34:15.787+0000] {processor.py:208} INFO - Processing /opt/airflow/dags/flex_eau_pipeline.py took 0.085 seconds
[2026-07-18T10:34:46.748+0000] {processor.py:186} INFO - Started process (PID=90681) to work on /opt/airflow/dags/flex_eau_pipeline.py
[2026-07-18T10:34:46.752+0000] {processor.py:914} INFO - Processing file /opt/airflow/dags/flex_eau_pipeline.py for tasks to queue
[2026-07-18T10:34:46.758+0000] {logging_mixin.py:190} INFO - [2026-07-18T10:34:46.757+0000] {dagbag.py:587} INFO - Filling up the DagBag from /opt/airflow/dags/flex_eau_pipeline.py
[2026-07-18T10:34:46.825+0000] {logging_mixin.py:190} INFO - [2026-07-18T10:34:46.821+0000] {dagbag.py:386} ERROR - Failed to import: /opt/airflow/dags/flex_eau_pipeline.py
Traceback (most recent call last):
  File "/home/airflow/.local/lib/python3.12/site-packages/airflow/models/dagbag.py", line 382, in parse
    loader.exec_module(new_module)
  File "<frozen importlib._bootstrap_external>", line 991, in exec_module
  File "<frozen importlib._bootstrap_external>", line 1129, in get_code
  File "<frozen importlib._bootstrap_external>", line 1059, in source_to_code
  File "<frozen importlib._bootstrap>", line 488, in _call_with_frames_removed
  File "/opt/airflow/dags/flex_eau_pipeline.py", line 26
    ingestion = BashOperator(
    ^^^^^^^^^
IndentationError: expected an indented block after 'with' statement on line 11
[2026-07-18T10:34:46.827+0000] {processor.py:927} WARNING - No viable dags retrieved from /opt/airflow/dags/flex_eau_pipeline.py
[2026-07-18T10:34:46.893+0000] {processor.py:208} INFO - Processing /opt/airflow/dags/flex_eau_pipeline.py took 0.163 seconds
[2026-07-18T10:35:17.614+0000] {processor.py:186} INFO - Started process (PID=90686) to work on /opt/airflow/dags/flex_eau_pipeline.py
[2026-07-18T10:35:17.616+0000] {processor.py:914} INFO - Processing file /opt/airflow/dags/flex_eau_pipeline.py for tasks to queue
[2026-07-18T10:35:17.619+0000] {logging_mixin.py:190} INFO - [2026-07-18T10:35:17.619+0000] {dagbag.py:587} INFO - Filling up the DagBag from /opt/airflow/dags/flex_eau_pipeline.py
[2026-07-18T10:35:17.656+0000] {logging_mixin.py:190} INFO - [2026-07-18T10:35:17.652+0000] {dagbag.py:386} ERROR - Failed to import: /opt/airflow/dags/flex_eau_pipeline.py
Traceback (most recent call last):
  File "/home/airflow/.local/lib/python3.12/site-packages/airflow/models/dagbag.py", line 382, in parse
    loader.exec_module(new_module)
  File "<frozen importlib._bootstrap_external>", line 991, in exec_module
  File "<frozen importlib._bootstrap_external>", line 1129, in get_code
  File "<frozen importlib._bootstrap_external>", line 1059, in source_to_code
  File "<frozen importlib._bootstrap>", line 488, in _call_with_frames_removed
  File "/opt/airflow/dags/flex_eau_pipeline.py", line 26
    ingestion = BashOperator(
    ^^^^^^^^^
IndentationError: expected an indented block after 'with' statement on line 11
[2026-07-18T10:35:17.658+0000] {processor.py:927} WARNING - No viable dags retrieved from /opt/airflow/dags/flex_eau_pipeline.py
[2026-07-18T10:35:17.735+0000] {processor.py:208} INFO - Processing /opt/airflow/dags/flex_eau_pipeline.py took 0.128 seconds
[2026-07-18T10:35:48.469+0000] {processor.py:186} INFO - Started process (PID=90691) to work on /opt/airflow/dags/flex_eau_pipeline.py
[2026-07-18T10:35:48.471+0000] {processor.py:914} INFO - Processing file /opt/airflow/dags/flex_eau_pipeline.py for tasks to queue
[2026-07-18T10:35:48.474+0000] {logging_mixin.py:190} INFO - [2026-07-18T10:35:48.474+0000] {dagbag.py:587} INFO - Filling up the DagBag from /opt/airflow/dags/flex_eau_pipeline.py
[2026-07-18T10:35:48.503+0000] {logging_mixin.py:190} INFO - [2026-07-18T10:35:48.502+0000] {dagbag.py:386} ERROR - Failed to import: /opt/airflow/dags/flex_eau_pipeline.py
Traceback (most recent call last):
  File "/home/airflow/.local/lib/python3.12/site-packages/airflow/models/dagbag.py", line 382, in parse
    loader.exec_module(new_module)
  File "<frozen importlib._bootstrap_external>", line 991, in exec_module
  File "<frozen importlib._bootstrap_external>", line 1129, in get_code
  File "<frozen importlib._bootstrap_external>", line 1059, in source_to_code
  File "<frozen importlib._bootstrap>", line 488, in _call_with_frames_removed
  File "/opt/airflow/dags/flex_eau_pipeline.py", line 26
    ingestion = BashOperator(
    ^^^^^^^^^
IndentationError: expected an indented block after 'with' statement on line 11
[2026-07-18T10:35:48.504+0000] {processor.py:927} WARNING - No viable dags retrieved from /opt/airflow/dags/flex_eau_pipeline.py
[2026-07-18T10:35:48.537+0000] {processor.py:208} INFO - Processing /opt/airflow/dags/flex_eau_pipeline.py took 0.075 seconds
[2026-07-18T10:36:19.304+0000] {processor.py:186} INFO - Started process (PID=90696) to work on /opt/airflow/dags/flex_eau_pipeline.py
[2026-07-18T10:36:19.306+0000] {processor.py:914} INFO - Processing file /opt/airflow/dags/flex_eau_pipeline.py for tasks to queue
[2026-07-18T10:36:19.310+0000] {logging_mixin.py:190} INFO - [2026-07-18T10:36:19.310+0000] {dagbag.py:587} INFO - Filling up the DagBag from /opt/airflow/dags/flex_eau_pipeline.py
[2026-07-18T10:36:19.348+0000] {logging_mixin.py:190} INFO - [2026-07-18T10:36:19.347+0000] {dagbag.py:386} ERROR - Failed to import: /opt/airflow/dags/flex_eau_pipeline.py
Traceback (most recent call last):
  File "/home/airflow/.local/lib/python3.12/site-packages/airflow/models/dagbag.py", line 382, in parse
    loader.exec_module(new_module)
  File "<frozen importlib._bootstrap_external>", line 991, in exec_module
  File "<frozen importlib._bootstrap_external>", line 1129, in get_code
  File "<frozen importlib._bootstrap_external>", line 1059, in source_to_code
  File "<frozen importlib._bootstrap>", line 488, in _call_with_frames_removed
  File "/opt/airflow/dags/flex_eau_pipeline.py", line 26
    ingestion = BashOperator(
    ^^^^^^^^^
IndentationError: expected an indented block after 'with' statement on line 11
[2026-07-18T10:36:19.350+0000] {processor.py:927} WARNING - No viable dags retrieved from /opt/airflow/dags/flex_eau_pipeline.py
[2026-07-18T10:36:19.392+0000] {processor.py:208} INFO - Processing /opt/airflow/dags/flex_eau_pipeline.py took 0.098 seconds
[2026-07-18T10:36:49.651+0000] {processor.py:186} INFO - Started process (PID=90701) to work on /opt/airflow/dags/flex_eau_pipeline.py
[2026-07-18T10:36:49.653+0000] {processor.py:914} INFO - Processing file /opt/airflow/dags/flex_eau_pipeline.py for tasks to queue
[2026-07-18T10:36:49.656+0000] {logging_mixin.py:190} INFO - [2026-07-18T10:36:49.656+0000] {dagbag.py:587} INFO - Filling up the DagBag from /opt/airflow/dags/flex_eau_pipeline.py
[2026-07-18T10:36:49.687+0000] {logging_mixin.py:190} INFO - [2026-07-18T10:36:49.685+0000] {dagbag.py:386} ERROR - Failed to import: /opt/airflow/dags/flex_eau_pipeline.py
Traceback (most recent call last):
  File "/home/airflow/.local/lib/python3.12/site-packages/airflow/models/dagbag.py", line 382, in parse
    loader.exec_module(new_module)
  File "<frozen importlib._bootstrap_external>", line 991, in exec_module
  File "<frozen importlib._bootstrap_external>", line 1129, in get_code
  File "<frozen importlib._bootstrap_external>", line 1059, in source_to_code
  File "<frozen importlib._bootstrap>", line 488, in _call_with_frames_removed
  File "/opt/airflow/dags/flex_eau_pipeline.py", line 26
    ingestion = BashOperator(
    ^^^^^^^^^
IndentationError: expected an indented block after 'with' statement on line 11
[2026-07-18T10:36:49.687+0000] {processor.py:927} WARNING - No viable dags retrieved from /opt/airflow/dags/flex_eau_pipeline.py
[2026-07-18T10:36:49.714+0000] {processor.py:208} INFO - Processing /opt/airflow/dags/flex_eau_pipeline.py took 0.069 seconds
[2026-07-18T10:37:20.001+0000] {processor.py:186} INFO - Started process (PID=90706) to work on /opt/airflow/dags/flex_eau_pipeline.py
[2026-07-18T10:37:20.003+0000] {processor.py:914} INFO - Processing file /opt/airflow/dags/flex_eau_pipeline.py for tasks to queue
[2026-07-18T10:37:20.008+0000] {logging_mixin.py:190} INFO - [2026-07-18T10:37:20.007+0000] {dagbag.py:587} INFO - Filling up the DagBag from /opt/airflow/dags/flex_eau_pipeline.py
[2026-07-18T10:37:20.060+0000] {logging_mixin.py:190} INFO - [2026-07-18T10:37:20.057+0000] {dagbag.py:386} ERROR - Failed to import: /opt/airflow/dags/flex_eau_pipeline.py
Traceback (most recent call last):
  File "/home/airflow/.local/lib/python3.12/site-packages/airflow/models/dagbag.py", line 382, in parse
    loader.exec_module(new_module)
  File "<frozen importlib._bootstrap_external>", line 991, in exec_module
  File "<frozen importlib._bootstrap_external>", line 1129, in get_code
  File "<frozen importlib._bootstrap_external>", line 1059, in source_to_code
  File "<frozen importlib._bootstrap>", line 488, in _call_with_frames_removed
  File "/opt/airflow/dags/flex_eau_pipeline.py", line 26
    ingestion = BashOperator(
    ^^^^^^^^^
IndentationError: expected an indented block after 'with' statement on line 11
[2026-07-18T10:37:20.061+0000] {processor.py:927} WARNING - No viable dags retrieved from /opt/airflow/dags/flex_eau_pipeline.py
[2026-07-18T10:37:20.105+0000] {processor.py:208} INFO - Processing /opt/airflow/dags/flex_eau_pipeline.py took 0.116 seconds
[2026-07-18T10:37:50.292+0000] {processor.py:186} INFO - Started process (PID=90711) to work on /opt/airflow/dags/flex_eau_pipeline.py
[2026-07-18T10:37:50.294+0000] {processor.py:914} INFO - Processing file /opt/airflow/dags/flex_eau_pipeline.py for tasks to queue
[2026-07-18T10:37:50.297+0000] {logging_mixin.py:190} INFO - [2026-07-18T10:37:50.297+0000] {dagbag.py:587} INFO - Filling up the DagBag from /opt/airflow/dags/flex_eau_pipeline.py
[2026-07-18T10:37:50.331+0000] {logging_mixin.py:190} INFO - [2026-07-18T10:37:50.330+0000] {dagbag.py:386} ERROR - Failed to import: /opt/airflow/dags/flex_eau_pipeline.py
Traceback (most recent call last):
  File "/home/airflow/.local/lib/python3.12/site-packages/airflow/models/dagbag.py", line 382, in parse
    loader.exec_module(new_module)
  File "<frozen importlib._bootstrap_external>", line 991, in exec_module
  File "<frozen importlib._bootstrap_external>", line 1129, in get_code
  File "<frozen importlib._bootstrap_external>", line 1059, in source_to_code
  File "<frozen importlib._bootstrap>", line 488, in _call_with_frames_removed
  File "/opt/airflow/dags/flex_eau_pipeline.py", line 26
    ingestion = BashOperator(
    ^^^^^^^^^
IndentationError: expected an indented block after 'with' statement on line 11
[2026-07-18T10:37:50.332+0000] {processor.py:927} WARNING - No viable dags retrieved from /opt/airflow/dags/flex_eau_pipeline.py
[2026-07-18T10:37:50.367+0000] {processor.py:208} INFO - Processing /opt/airflow/dags/flex_eau_pipeline.py took 0.083 seconds
[2026-07-18T10:38:20.694+0000] {processor.py:186} INFO - Started process (PID=90716) to work on /opt/airflow/dags/flex_eau_pipeline.py
[2026-07-18T10:38:20.699+0000] {processor.py:914} INFO - Processing file /opt/airflow/dags/flex_eau_pipeline.py for tasks to queue
[2026-07-18T10:38:20.703+0000] {logging_mixin.py:190} INFO - [2026-07-18T10:38:20.703+0000] {dagbag.py:587} INFO - Filling up the DagBag from /opt/airflow/dags/flex_eau_pipeline.py
[2026-07-18T10:38:20.742+0000] {logging_mixin.py:190} INFO - [2026-07-18T10:38:20.741+0000] {dagbag.py:386} ERROR - Failed to import: /opt/airflow/dags/flex_eau_pipeline.py
Traceback (most recent call last):
  File "/home/airflow/.local/lib/python3.12/site-packages/airflow/models/dagbag.py", line 382, in parse
    loader.exec_module(new_module)
  File "<frozen importlib._bootstrap_external>", line 991, in exec_module
  File "<frozen importlib._bootstrap_external>", line 1129, in get_code
  File "<frozen importlib._bootstrap_external>", line 1059, in source_to_code
  File "<frozen importlib._bootstrap>", line 488, in _call_with_frames_removed
  File "/opt/airflow/dags/flex_eau_pipeline.py", line 26
    ingestion = BashOperator(
    ^^^^^^^^^
IndentationError: expected an indented block after 'with' statement on line 11
[2026-07-18T10:38:20.744+0000] {processor.py:927} WARNING - No viable dags retrieved from /opt/airflow/dags/flex_eau_pipeline.py
[2026-07-18T10:38:20.781+0000] {processor.py:208} INFO - Processing /opt/airflow/dags/flex_eau_pipeline.py took 0.099 seconds
[2026-07-18T10:38:51.415+0000] {processor.py:186} INFO - Started process (PID=90721) to work on /opt/airflow/dags/flex_eau_pipeline.py
[2026-07-18T10:38:51.416+0000] {processor.py:914} INFO - Processing file /opt/airflow/dags/flex_eau_pipeline.py for tasks to queue
[2026-07-18T10:38:51.420+0000] {logging_mixin.py:190} INFO - [2026-07-18T10:38:51.419+0000] {dagbag.py:587} INFO - Filling up the DagBag from /opt/airflow/dags/flex_eau_pipeline.py
[2026-07-18T10:38:51.451+0000] {logging_mixin.py:190} INFO - [2026-07-18T10:38:51.450+0000] {dagbag.py:386} ERROR - Failed to import: /opt/airflow/dags/flex_eau_pipeline.py
Traceback (most recent call last):
  File "/home/airflow/.local/lib/python3.12/site-packages/airflow/models/dagbag.py", line 382, in parse
    loader.exec_module(new_module)
  File "<frozen importlib._bootstrap_external>", line 991, in exec_module
  File "<frozen importlib._bootstrap_external>", line 1129, in get_code
  File "<frozen importlib._bootstrap_external>", line 1059, in source_to_code
  File "<frozen importlib._bootstrap>", line 488, in _call_with_frames_removed
  File "/opt/airflow/dags/flex_eau_pipeline.py", line 26
    ingestion = BashOperator(
    ^^^^^^^^^
IndentationError: expected an indented block after 'with' statement on line 11
[2026-07-18T10:38:51.453+0000] {processor.py:927} WARNING - No viable dags retrieved from /opt/airflow/dags/flex_eau_pipeline.py
[2026-07-18T10:38:51.489+0000] {processor.py:208} INFO - Processing /opt/airflow/dags/flex_eau_pipeline.py took 0.083 seconds
[2026-07-18T10:39:22.247+0000] {processor.py:186} INFO - Started process (PID=90726) to work on /opt/airflow/dags/flex_eau_pipeline.py
[2026-07-18T10:39:22.250+0000] {processor.py:914} INFO - Processing file /opt/airflow/dags/flex_eau_pipeline.py for tasks to queue
[2026-07-18T10:39:22.257+0000] {logging_mixin.py:190} INFO - [2026-07-18T10:39:22.256+0000] {dagbag.py:587} INFO - Filling up the DagBag from /opt/airflow/dags/flex_eau_pipeline.py
[2026-07-18T10:39:22.290+0000] {logging_mixin.py:190} INFO - [2026-07-18T10:39:22.289+0000] {dagbag.py:386} ERROR - Failed to import: /opt/airflow/dags/flex_eau_pipeline.py
Traceback (most recent call last):
  File "/home/airflow/.local/lib/python3.12/site-packages/airflow/models/dagbag.py", line 382, in parse
    loader.exec_module(new_module)
  File "<frozen importlib._bootstrap_external>", line 991, in exec_module
  File "<frozen importlib._bootstrap_external>", line 1129, in get_code
  File "<frozen importlib._bootstrap_external>", line 1059, in source_to_code
  File "<frozen importlib._bootstrap>", line 488, in _call_with_frames_removed
  File "/opt/airflow/dags/flex_eau_pipeline.py", line 26
    ingestion = BashOperator(
    ^^^^^^^^^
IndentationError: expected an indented block after 'with' statement on line 11
[2026-07-18T10:39:22.291+0000] {processor.py:927} WARNING - No viable dags retrieved from /opt/airflow/dags/flex_eau_pipeline.py
[2026-07-18T10:39:22.346+0000] {processor.py:208} INFO - Processing /opt/airflow/dags/flex_eau_pipeline.py took 0.114 seconds
[2026-07-18T10:39:53.115+0000] {processor.py:186} INFO - Started process (PID=90731) to work on /opt/airflow/dags/flex_eau_pipeline.py
[2026-07-18T10:39:53.119+0000] {processor.py:914} INFO - Processing file /opt/airflow/dags/flex_eau_pipeline.py for tasks to queue
[2026-07-18T10:39:53.128+0000] {logging_mixin.py:190} INFO - [2026-07-18T10:39:53.127+0000] {dagbag.py:587} INFO - Filling up the DagBag from /opt/airflow/dags/flex_eau_pipeline.py
[2026-07-18T10:39:53.189+0000] {logging_mixin.py:190} INFO - [2026-07-18T10:39:53.185+0000] {dagbag.py:386} ERROR - Failed to import: /opt/airflow/dags/flex_eau_pipeline.py
Traceback (most recent call last):
  File "/home/airflow/.local/lib/python3.12/site-packages/airflow/models/dagbag.py", line 382, in parse
    loader.exec_module(new_module)
  File "<frozen importlib._bootstrap_external>", line 991, in exec_module
  File "<frozen importlib._bootstrap_external>", line 1129, in get_code
  File "<frozen importlib._bootstrap_external>", line 1059, in source_to_code
  File "<frozen importlib._bootstrap>", line 488, in _call_with_frames_removed
  File "/opt/airflow/dags/flex_eau_pipeline.py", line 26
    ingestion = BashOperator(
    ^^^^^^^^^
IndentationError: expected an indented block after 'with' statement on line 11
[2026-07-18T10:39:53.191+0000] {processor.py:927} WARNING - No viable dags retrieved from /opt/airflow/dags/flex_eau_pipeline.py
[2026-07-18T10:39:53.262+0000] {processor.py:208} INFO - Processing /opt/airflow/dags/flex_eau_pipeline.py took 0.167 seconds
[2026-07-18T10:40:23.903+0000] {processor.py:186} INFO - Started process (PID=90736) to work on /opt/airflow/dags/flex_eau_pipeline.py
[2026-07-18T10:40:23.905+0000] {processor.py:914} INFO - Processing file /opt/airflow/dags/flex_eau_pipeline.py for tasks to queue
[2026-07-18T10:40:23.910+0000] {logging_mixin.py:190} INFO - [2026-07-18T10:40:23.910+0000] {dagbag.py:587} INFO - Filling up the DagBag from /opt/airflow/dags/flex_eau_pipeline.py
[2026-07-18T10:40:23.950+0000] {logging_mixin.py:190} INFO - [2026-07-18T10:40:23.949+0000] {dagbag.py:386} ERROR - Failed to import: /opt/airflow/dags/flex_eau_pipeline.py
Traceback (most recent call last):
  File "/home/airflow/.local/lib/python3.12/site-packages/airflow/models/dagbag.py", line 382, in parse
    loader.exec_module(new_module)
  File "<frozen importlib._bootstrap_external>", line 991, in exec_module
  File "<frozen importlib._bootstrap_external>", line 1129, in get_code
  File "<frozen importlib._bootstrap_external>", line 1059, in source_to_code
  File "<frozen importlib._bootstrap>", line 488, in _call_with_frames_removed
  File "/opt/airflow/dags/flex_eau_pipeline.py", line 26
    ingestion = BashOperator(
    ^^^^^^^^^
IndentationError: expected an indented block after 'with' statement on line 11
[2026-07-18T10:40:23.951+0000] {processor.py:927} WARNING - No viable dags retrieved from /opt/airflow/dags/flex_eau_pipeline.py
[2026-07-18T10:40:23.988+0000] {processor.py:208} INFO - Processing /opt/airflow/dags/flex_eau_pipeline.py took 0.097 seconds
[2026-07-18T10:40:54.175+0000] {processor.py:186} INFO - Started process (PID=90741) to work on /opt/airflow/dags/flex_eau_pipeline.py
[2026-07-18T10:40:54.178+0000] {processor.py:914} INFO - Processing file /opt/airflow/dags/flex_eau_pipeline.py for tasks to queue
[2026-07-18T10:40:54.183+0000] {logging_mixin.py:190} INFO - [2026-07-18T10:40:54.183+0000] {dagbag.py:587} INFO - Filling up the DagBag from /opt/airflow/dags/flex_eau_pipeline.py
[2026-07-18T10:40:54.227+0000] {logging_mixin.py:190} INFO - [2026-07-18T10:40:54.225+0000] {dagbag.py:386} ERROR - Failed to import: /opt/airflow/dags/flex_eau_pipeline.py
Traceback (most recent call last):
  File "/home/airflow/.local/lib/python3.12/site-packages/airflow/models/dagbag.py", line 382, in parse
    loader.exec_module(new_module)
  File "<frozen importlib._bootstrap_external>", line 991, in exec_module
  File "<frozen importlib._bootstrap_external>", line 1129, in get_code
  File "<frozen importlib._bootstrap_external>", line 1059, in source_to_code
  File "<frozen importlib._bootstrap>", line 488, in _call_with_frames_removed
  File "/opt/airflow/dags/flex_eau_pipeline.py", line 26
    ingestion = BashOperator(
    ^^^^^^^^^
IndentationError: expected an indented block after 'with' statement on line 11
[2026-07-18T10:40:54.229+0000] {processor.py:927} WARNING - No viable dags retrieved from /opt/airflow/dags/flex_eau_pipeline.py
[2026-07-18T10:40:54.276+0000] {processor.py:208} INFO - Processing /opt/airflow/dags/flex_eau_pipeline.py took 0.118 seconds
[2026-07-18T10:41:24.578+0000] {processor.py:186} INFO - Started process (PID=90746) to work on /opt/airflow/dags/flex_eau_pipeline.py
[2026-07-18T10:41:24.584+0000] {processor.py:914} INFO - Processing file /opt/airflow/dags/flex_eau_pipeline.py for tasks to queue
[2026-07-18T10:41:24.595+0000] {logging_mixin.py:190} INFO - [2026-07-18T10:41:24.593+0000] {dagbag.py:587} INFO - Filling up the DagBag from /opt/airflow/dags/flex_eau_pipeline.py
[2026-07-18T10:41:24.654+0000] {logging_mixin.py:190} INFO - [2026-07-18T10:41:24.650+0000] {dagbag.py:386} ERROR - Failed to import: /opt/airflow/dags/flex_eau_pipeline.py
Traceback (most recent call last):
  File "/home/airflow/.local/lib/python3.12/site-packages/airflow/models/dagbag.py", line 382, in parse
    loader.exec_module(new_module)
  File "<frozen importlib._bootstrap_external>", line 991, in exec_module
  File "<frozen importlib._bootstrap_external>", line 1129, in get_code
  File "<frozen importlib._bootstrap_external>", line 1059, in source_to_code
  File "<frozen importlib._bootstrap>", line 488, in _call_with_frames_removed
  File "/opt/airflow/dags/flex_eau_pipeline.py", line 26
    ingestion = BashOperator(
    ^^^^^^^^^
IndentationError: expected an indented block after 'with' statement on line 11
[2026-07-18T10:41:24.656+0000] {processor.py:927} WARNING - No viable dags retrieved from /opt/airflow/dags/flex_eau_pipeline.py
[2026-07-18T10:41:24.719+0000] {processor.py:208} INFO - Processing /opt/airflow/dags/flex_eau_pipeline.py took 0.176 seconds
[2026-07-18T10:41:55.413+0000] {processor.py:186} INFO - Started process (PID=90751) to work on /opt/airflow/dags/flex_eau_pipeline.py
[2026-07-18T10:41:55.420+0000] {processor.py:914} INFO - Processing file /opt/airflow/dags/flex_eau_pipeline.py for tasks to queue
[2026-07-18T10:41:55.434+0000] {logging_mixin.py:190} INFO - [2026-07-18T10:41:55.432+0000] {dagbag.py:587} INFO - Filling up the DagBag from /opt/airflow/dags/flex_eau_pipeline.py
[2026-07-18T10:41:55.508+0000] {logging_mixin.py:190} INFO - [2026-07-18T10:41:55.505+0000] {dagbag.py:386} ERROR - Failed to import: /opt/airflow/dags/flex_eau_pipeline.py
Traceback (most recent call last):
  File "/home/airflow/.local/lib/python3.12/site-packages/airflow/models/dagbag.py", line 382, in parse
    loader.exec_module(new_module)
  File "<frozen importlib._bootstrap_external>", line 991, in exec_module
  File "<frozen importlib._bootstrap_external>", line 1129, in get_code
  File "<frozen importlib._bootstrap_external>", line 1059, in source_to_code
  File "<frozen importlib._bootstrap>", line 488, in _call_with_frames_removed
  File "/opt/airflow/dags/flex_eau_pipeline.py", line 26
    ingestion = BashOperator(
    ^^^^^^^^^
IndentationError: expected an indented block after 'with' statement on line 11
[2026-07-18T10:41:55.510+0000] {processor.py:927} WARNING - No viable dags retrieved from /opt/airflow/dags/flex_eau_pipeline.py
[2026-07-18T10:41:55.576+0000] {processor.py:208} INFO - Processing /opt/airflow/dags/flex_eau_pipeline.py took 0.195 seconds
[2026-07-18T10:42:26.188+0000] {processor.py:186} INFO - Started process (PID=90756) to work on /opt/airflow/dags/flex_eau_pipeline.py
[2026-07-18T10:42:26.190+0000] {processor.py:914} INFO - Processing file /opt/airflow/dags/flex_eau_pipeline.py for tasks to queue
[2026-07-18T10:42:26.198+0000] {logging_mixin.py:190} INFO - [2026-07-18T10:42:26.197+0000] {dagbag.py:587} INFO - Filling up the DagBag from /opt/airflow/dags/flex_eau_pipeline.py
[2026-07-18T10:42:26.245+0000] {logging_mixin.py:190} INFO - [2026-07-18T10:42:26.243+0000] {dagbag.py:386} ERROR - Failed to import: /opt/airflow/dags/flex_eau_pipeline.py
Traceback (most recent call last):
  File "/home/airflow/.local/lib/python3.12/site-packages/airflow/models/dagbag.py", line 382, in parse
    loader.exec_module(new_module)
  File "<frozen importlib._bootstrap_external>", line 991, in exec_module
  File "<frozen importlib._bootstrap_external>", line 1129, in get_code
  File "<frozen importlib._bootstrap_external>", line 1059, in source_to_code
  File "<frozen importlib._bootstrap>", line 488, in _call_with_frames_removed
  File "/opt/airflow/dags/flex_eau_pipeline.py", line 26
    ingestion = BashOperator(
    ^^^^^^^^^
IndentationError: expected an indented block after 'with' statement on line 11
[2026-07-18T10:42:26.247+0000] {processor.py:927} WARNING - No viable dags retrieved from /opt/airflow/dags/flex_eau_pipeline.py
[2026-07-18T10:42:26.310+0000] {processor.py:208} INFO - Processing /opt/airflow/dags/flex_eau_pipeline.py took 0.135 seconds
[2026-07-18T10:42:56.869+0000] {processor.py:186} INFO - Started process (PID=90761) to work on /opt/airflow/dags/flex_eau_pipeline.py
[2026-07-18T10:42:56.871+0000] {processor.py:914} INFO - Processing file /opt/airflow/dags/flex_eau_pipeline.py for tasks to queue
[2026-07-18T10:42:56.876+0000] {logging_mixin.py:190} INFO - [2026-07-18T10:42:56.876+0000] {dagbag.py:587} INFO - Filling up the DagBag from /opt/airflow/dags/flex_eau_pipeline.py
[2026-07-18T10:42:56.919+0000] {logging_mixin.py:190} INFO - [2026-07-18T10:42:56.915+0000] {dagbag.py:386} ERROR - Failed to import: /opt/airflow/dags/flex_eau_pipeline.py
Traceback (most recent call last):
  File "/home/airflow/.local/lib/python3.12/site-packages/airflow/models/dagbag.py", line 382, in parse
    loader.exec_module(new_module)
  File "<frozen importlib._bootstrap_external>", line 991, in exec_module
  File "<frozen importlib._bootstrap_external>", line 1129, in get_code
  File "<frozen importlib._bootstrap_external>", line 1059, in source_to_code
  File "<frozen importlib._bootstrap>", line 488, in _call_with_frames_removed
  File "/opt/airflow/dags/flex_eau_pipeline.py", line 26
    ingestion = BashOperator(
    ^^^^^^^^^
IndentationError: expected an indented block after 'with' statement on line 11
[2026-07-18T10:42:56.921+0000] {processor.py:927} WARNING - No viable dags retrieved from /opt/airflow/dags/flex_eau_pipeline.py
[2026-07-18T10:42:56.969+0000] {processor.py:208} INFO - Processing /opt/airflow/dags/flex_eau_pipeline.py took 0.110 seconds
[2026-07-18T10:43:27.613+0000] {processor.py:186} INFO - Started process (PID=90766) to work on /opt/airflow/dags/flex_eau_pipeline.py
[2026-07-18T10:43:27.615+0000] {processor.py:914} INFO - Processing file /opt/airflow/dags/flex_eau_pipeline.py for tasks to queue
[2026-07-18T10:43:27.620+0000] {logging_mixin.py:190} INFO - [2026-07-18T10:43:27.619+0000] {dagbag.py:587} INFO - Filling up the DagBag from /opt/airflow/dags/flex_eau_pipeline.py
[2026-07-18T10:43:27.680+0000] {logging_mixin.py:190} INFO - [2026-07-18T10:43:27.677+0000] {dagbag.py:386} ERROR - Failed to import: /opt/airflow/dags/flex_eau_pipeline.py
Traceback (most recent call last):
  File "/home/airflow/.local/lib/python3.12/site-packages/airflow/models/dagbag.py", line 382, in parse
    loader.exec_module(new_module)
  File "<frozen importlib._bootstrap_external>", line 991, in exec_module
  File "<frozen importlib._bootstrap_external>", line 1129, in get_code
  File "<frozen importlib._bootstrap_external>", line 1059, in source_to_code
  File "<frozen importlib._bootstrap>", line 488, in _call_with_frames_removed
  File "/opt/airflow/dags/flex_eau_pipeline.py", line 26
    ingestion = BashOperator(
    ^^^^^^^^^
IndentationError: expected an indented block after 'with' statement on line 11
[2026-07-18T10:43:27.682+0000] {processor.py:927} WARNING - No viable dags retrieved from /opt/airflow/dags/flex_eau_pipeline.py
[2026-07-18T10:43:27.727+0000] {processor.py:208} INFO - Processing /opt/airflow/dags/flex_eau_pipeline.py took 0.121 seconds
[2026-07-18T10:43:58.342+0000] {processor.py:186} INFO - Started process (PID=90771) to work on /opt/airflow/dags/flex_eau_pipeline.py
[2026-07-18T10:43:58.345+0000] {processor.py:914} INFO - Processing file /opt/airflow/dags/flex_eau_pipeline.py for tasks to queue
[2026-07-18T10:43:58.352+0000] {logging_mixin.py:190} INFO - [2026-07-18T10:43:58.351+0000] {dagbag.py:587} INFO - Filling up the DagBag from /opt/airflow/dags/flex_eau_pipeline.py
[2026-07-18T10:43:58.413+0000] {logging_mixin.py:190} INFO - [2026-07-18T10:43:58.410+0000] {dagbag.py:386} ERROR - Failed to import: /opt/airflow/dags/flex_eau_pipeline.py
Traceback (most recent call last):
  File "/home/airflow/.local/lib/python3.12/site-packages/airflow/models/dagbag.py", line 382, in parse
    loader.exec_module(new_module)
  File "<frozen importlib._bootstrap_external>", line 991, in exec_module
  File "<frozen importlib._bootstrap_external>", line 1129, in get_code
  File "<frozen importlib._bootstrap_external>", line 1059, in source_to_code
  File "<frozen importlib._bootstrap>", line 488, in _call_with_frames_removed
  File "/opt/airflow/dags/flex_eau_pipeline.py", line 26
    ingestion = BashOperator(
    ^^^^^^^^^
IndentationError: expected an indented block after 'with' statement on line 11
[2026-07-18T10:43:58.415+0000] {processor.py:927} WARNING - No viable dags retrieved from /opt/airflow/dags/flex_eau_pipeline.py
[2026-07-18T10:43:58.483+0000] {processor.py:208} INFO - Processing /opt/airflow/dags/flex_eau_pipeline.py took 0.157 seconds
[2026-07-18T10:44:29.247+0000] {processor.py:186} INFO - Started process (PID=90776) to work on /opt/airflow/dags/flex_eau_pipeline.py
[2026-07-18T10:44:29.249+0000] {processor.py:914} INFO - Processing file /opt/airflow/dags/flex_eau_pipeline.py for tasks to queue
[2026-07-18T10:44:29.254+0000] {logging_mixin.py:190} INFO - [2026-07-18T10:44:29.254+0000] {dagbag.py:587} INFO - Filling up the DagBag from /opt/airflow/dags/flex_eau_pipeline.py
[2026-07-18T10:44:29.289+0000] {logging_mixin.py:190} INFO - [2026-07-18T10:44:29.288+0000] {dagbag.py:386} ERROR - Failed to import: /opt/airflow/dags/flex_eau_pipeline.py
Traceback (most recent call last):
  File "/home/airflow/.local/lib/python3.12/site-packages/airflow/models/dagbag.py", line 382, in parse
    loader.exec_module(new_module)
  File "<frozen importlib._bootstrap_external>", line 991, in exec_module
  File "<frozen importlib._bootstrap_external>", line 1129, in get_code
  File "<frozen importlib._bootstrap_external>", line 1059, in source_to_code
  File "<frozen importlib._bootstrap>", line 488, in _call_with_frames_removed
  File "/opt/airflow/dags/flex_eau_pipeline.py", line 26
    ingestion = BashOperator(
    ^^^^^^^^^
IndentationError: expected an indented block after 'with' statement on line 11
[2026-07-18T10:44:29.290+0000] {processor.py:927} WARNING - No viable dags retrieved from /opt/airflow/dags/flex_eau_pipeline.py
[2026-07-18T10:44:29.324+0000] {processor.py:208} INFO - Processing /opt/airflow/dags/flex_eau_pipeline.py took 0.093 seconds
[2026-07-18T10:45:00.996+0000] {processor.py:186} INFO - Started process (PID=90781) to work on /opt/airflow/dags/flex_eau_pipeline.py
[2026-07-18T10:45:00.998+0000] {processor.py:914} INFO - Processing file /opt/airflow/dags/flex_eau_pipeline.py for tasks to queue
[2026-07-18T10:45:01.002+0000] {logging_mixin.py:190} INFO - [2026-07-18T10:45:01.002+0000] {dagbag.py:587} INFO - Filling up the DagBag from /opt/airflow/dags/flex_eau_pipeline.py
[2026-07-18T10:45:01.042+0000] {logging_mixin.py:190} INFO - [2026-07-18T10:45:01.040+0000] {dagbag.py:386} ERROR - Failed to import: /opt/airflow/dags/flex_eau_pipeline.py
Traceback (most recent call last):
  File "/home/airflow/.local/lib/python3.12/site-packages/airflow/models/dagbag.py", line 382, in parse
    loader.exec_module(new_module)
  File "<frozen importlib._bootstrap_external>", line 991, in exec_module
  File "<frozen importlib._bootstrap_external>", line 1129, in get_code
  File "<frozen importlib._bootstrap_external>", line 1059, in source_to_code
  File "<frozen importlib._bootstrap>", line 488, in _call_with_frames_removed
  File "/opt/airflow/dags/flex_eau_pipeline.py", line 26
    ingestion = BashOperator(
    ^^^^^^^^^
IndentationError: expected an indented block after 'with' statement on line 11
[2026-07-18T10:45:01.043+0000] {processor.py:927} WARNING - No viable dags retrieved from /opt/airflow/dags/flex_eau_pipeline.py
[2026-07-18T10:45:01.085+0000] {processor.py:208} INFO - Processing /opt/airflow/dags/flex_eau_pipeline.py took 0.099 seconds
[2026-07-18T10:45:31.842+0000] {processor.py:186} INFO - Started process (PID=90786) to work on /opt/airflow/dags/flex_eau_pipeline.py
[2026-07-18T10:45:31.844+0000] {processor.py:914} INFO - Processing file /opt/airflow/dags/flex_eau_pipeline.py for tasks to queue
[2026-07-18T10:45:31.847+0000] {logging_mixin.py:190} INFO - [2026-07-18T10:45:31.847+0000] {dagbag.py:587} INFO - Filling up the DagBag from /opt/airflow/dags/flex_eau_pipeline.py
[2026-07-18T10:45:31.884+0000] {logging_mixin.py:190} INFO - [2026-07-18T10:45:31.883+0000] {dagbag.py:386} ERROR - Failed to import: /opt/airflow/dags/flex_eau_pipeline.py
Traceback (most recent call last):
  File "/home/airflow/.local/lib/python3.12/site-packages/airflow/models/dagbag.py", line 382, in parse
    loader.exec_module(new_module)
  File "<frozen importlib._bootstrap_external>", line 991, in exec_module
  File "<frozen importlib._bootstrap_external>", line 1129, in get_code
  File "<frozen importlib._bootstrap_external>", line 1059, in source_to_code
  File "<frozen importlib._bootstrap>", line 488, in _call_with_frames_removed
  File "/opt/airflow/dags/flex_eau_pipeline.py", line 26
    ingestion = BashOperator(
    ^^^^^^^^^
IndentationError: expected an indented block after 'with' statement on line 11
[2026-07-18T10:45:31.886+0000] {processor.py:927} WARNING - No viable dags retrieved from /opt/airflow/dags/flex_eau_pipeline.py
[2026-07-18T10:45:31.922+0000] {processor.py:208} INFO - Processing /opt/airflow/dags/flex_eau_pipeline.py took 0.088 seconds
[2026-07-18T10:46:03.589+0000] {processor.py:186} INFO - Started process (PID=90791) to work on /opt/airflow/dags/flex_eau_pipeline.py
[2026-07-18T10:46:03.592+0000] {processor.py:914} INFO - Processing file /opt/airflow/dags/flex_eau_pipeline.py for tasks to queue
[2026-07-18T10:46:03.597+0000] {logging_mixin.py:190} INFO - [2026-07-18T10:46:03.597+0000] {dagbag.py:587} INFO - Filling up the DagBag from /opt/airflow/dags/flex_eau_pipeline.py
[2026-07-18T10:46:03.649+0000] {logging_mixin.py:190} INFO - [2026-07-18T10:46:03.646+0000] {dagbag.py:386} ERROR - Failed to import: /opt/airflow/dags/flex_eau_pipeline.py
Traceback (most recent call last):
  File "/home/airflow/.local/lib/python3.12/site-packages/airflow/models/dagbag.py", line 382, in parse
    loader.exec_module(new_module)
  File "<frozen importlib._bootstrap_external>", line 991, in exec_module
  File "<frozen importlib._bootstrap_external>", line 1129, in get_code
  File "<frozen importlib._bootstrap_external>", line 1059, in source_to_code
  File "<frozen importlib._bootstrap>", line 488, in _call_with_frames_removed
  File "/opt/airflow/dags/flex_eau_pipeline.py", line 26
    ingestion = BashOperator(
    ^^^^^^^^^
IndentationError: expected an indented block after 'with' statement on line 11
[2026-07-18T10:46:03.651+0000] {processor.py:927} WARNING - No viable dags retrieved from /opt/airflow/dags/flex_eau_pipeline.py
[2026-07-18T10:46:03.714+0000] {processor.py:208} INFO - Processing /opt/airflow/dags/flex_eau_pipeline.py took 0.138 seconds
[2026-07-18T10:46:34.398+0000] {processor.py:186} INFO - Started process (PID=90796) to work on /opt/airflow/dags/flex_eau_pipeline.py
[2026-07-18T10:46:34.400+0000] {processor.py:914} INFO - Processing file /opt/airflow/dags/flex_eau_pipeline.py for tasks to queue
[2026-07-18T10:46:34.404+0000] {logging_mixin.py:190} INFO - [2026-07-18T10:46:34.404+0000] {dagbag.py:587} INFO - Filling up the DagBag from /opt/airflow/dags/flex_eau_pipeline.py
[2026-07-18T10:46:34.440+0000] {logging_mixin.py:190} INFO - [2026-07-18T10:46:34.439+0000] {dagbag.py:386} ERROR - Failed to import: /opt/airflow/dags/flex_eau_pipeline.py
Traceback (most recent call last):
  File "/home/airflow/.local/lib/python3.12/site-packages/airflow/models/dagbag.py", line 382, in parse
    loader.exec_module(new_module)
  File "<frozen importlib._bootstrap_external>", line 991, in exec_module
  File "<frozen importlib._bootstrap_external>", line 1129, in get_code
  File "<frozen importlib._bootstrap_external>", line 1059, in source_to_code
  File "<frozen importlib._bootstrap>", line 488, in _call_with_frames_removed
  File "/opt/airflow/dags/flex_eau_pipeline.py", line 26
    ingestion = BashOperator(
    ^^^^^^^^^
IndentationError: expected an indented block after 'with' statement on line 11
[2026-07-18T10:46:34.441+0000] {processor.py:927} WARNING - No viable dags retrieved from /opt/airflow/dags/flex_eau_pipeline.py
[2026-07-18T10:46:34.502+0000] {processor.py:208} INFO - Processing /opt/airflow/dags/flex_eau_pipeline.py took 0.121 seconds
[2026-07-18T10:47:04.787+0000] {processor.py:186} INFO - Started process (PID=90801) to work on /opt/airflow/dags/flex_eau_pipeline.py
[2026-07-18T10:47:04.790+0000] {processor.py:914} INFO - Processing file /opt/airflow/dags/flex_eau_pipeline.py for tasks to queue
[2026-07-18T10:47:04.796+0000] {logging_mixin.py:190} INFO - [2026-07-18T10:47:04.795+0000] {dagbag.py:587} INFO - Filling up the DagBag from /opt/airflow/dags/flex_eau_pipeline.py
[2026-07-18T10:47:04.858+0000] {logging_mixin.py:190} INFO - [2026-07-18T10:47:04.855+0000] {dagbag.py:386} ERROR - Failed to import: /opt/airflow/dags/flex_eau_pipeline.py
Traceback (most recent call last):
  File "/home/airflow/.local/lib/python3.12/site-packages/airflow/models/dagbag.py", line 382, in parse
    loader.exec_module(new_module)
  File "<frozen importlib._bootstrap_external>", line 991, in exec_module
  File "<frozen importlib._bootstrap_external>", line 1129, in get_code
  File "<frozen importlib._bootstrap_external>", line 1059, in source_to_code
  File "<frozen importlib._bootstrap>", line 488, in _call_with_frames_removed
  File "/opt/airflow/dags/flex_eau_pipeline.py", line 26
    ingestion = BashOperator(
    ^^^^^^^^^
IndentationError: expected an indented block after 'with' statement on line 11
[2026-07-18T10:47:04.860+0000] {processor.py:927} WARNING - No viable dags retrieved from /opt/airflow/dags/flex_eau_pipeline.py
[2026-07-18T10:47:04.916+0000] {processor.py:208} INFO - Processing /opt/airflow/dags/flex_eau_pipeline.py took 0.144 seconds
[2026-07-18T10:47:36.712+0000] {processor.py:186} INFO - Started process (PID=90806) to work on /opt/airflow/dags/flex_eau_pipeline.py
[2026-07-18T10:47:36.714+0000] {processor.py:914} INFO - Processing file /opt/airflow/dags/flex_eau_pipeline.py for tasks to queue
[2026-07-18T10:47:36.719+0000] {logging_mixin.py:190} INFO - [2026-07-18T10:47:36.718+0000] {dagbag.py:587} INFO - Filling up the DagBag from /opt/airflow/dags/flex_eau_pipeline.py
[2026-07-18T10:47:36.761+0000] {logging_mixin.py:190} INFO - [2026-07-18T10:47:36.759+0000] {dagbag.py:386} ERROR - Failed to import: /opt/airflow/dags/flex_eau_pipeline.py
Traceback (most recent call last):
  File "/home/airflow/.local/lib/python3.12/site-packages/airflow/models/dagbag.py", line 382, in parse
    loader.exec_module(new_module)
  File "<frozen importlib._bootstrap_external>", line 991, in exec_module
  File "<frozen importlib._bootstrap_external>", line 1129, in get_code
  File "<frozen importlib._bootstrap_external>", line 1059, in source_to_code
  File "<frozen importlib._bootstrap>", line 488, in _call_with_frames_removed
  File "/opt/airflow/dags/flex_eau_pipeline.py", line 26
    ingestion = BashOperator(
    ^^^^^^^^^
IndentationError: expected an indented block after 'with' statement on line 11
[2026-07-18T10:47:36.762+0000] {processor.py:927} WARNING - No viable dags retrieved from /opt/airflow/dags/flex_eau_pipeline.py
[2026-07-18T10:47:36.805+0000] {processor.py:208} INFO - Processing /opt/airflow/dags/flex_eau_pipeline.py took 0.104 seconds
[2026-07-18T10:48:07.001+0000] {processor.py:186} INFO - Started process (PID=90811) to work on /opt/airflow/dags/flex_eau_pipeline.py
[2026-07-18T10:48:07.003+0000] {processor.py:914} INFO - Processing file /opt/airflow/dags/flex_eau_pipeline.py for tasks to queue
[2026-07-18T10:48:07.008+0000] {logging_mixin.py:190} INFO - [2026-07-18T10:48:07.007+0000] {dagbag.py:587} INFO - Filling up the DagBag from /opt/airflow/dags/flex_eau_pipeline.py
[2026-07-18T10:48:07.043+0000] {logging_mixin.py:190} INFO - [2026-07-18T10:48:07.042+0000] {dagbag.py:386} ERROR - Failed to import: /opt/airflow/dags/flex_eau_pipeline.py
Traceback (most recent call last):
  File "/home/airflow/.local/lib/python3.12/site-packages/airflow/models/dagbag.py", line 382, in parse
    loader.exec_module(new_module)
  File "<frozen importlib._bootstrap_external>", line 991, in exec_module
  File "<frozen importlib._bootstrap_external>", line 1129, in get_code
  File "<frozen importlib._bootstrap_external>", line 1059, in source_to_code
  File "<frozen importlib._bootstrap>", line 488, in _call_with_frames_removed
  File "/opt/airflow/dags/flex_eau_pipeline.py", line 26
    ingestion = BashOperator(
    ^^^^^^^^^
IndentationError: expected an indented block after 'with' statement on line 11
[2026-07-18T10:48:07.044+0000] {processor.py:927} WARNING - No viable dags retrieved from /opt/airflow/dags/flex_eau_pipeline.py
[2026-07-18T10:48:07.078+0000] {processor.py:208} INFO - Processing /opt/airflow/dags/flex_eau_pipeline.py took 0.085 seconds
[2026-07-18T10:48:38.004+0000] {processor.py:186} INFO - Started process (PID=90816) to work on /opt/airflow/dags/flex_eau_pipeline.py
[2026-07-18T10:48:38.006+0000] {processor.py:914} INFO - Processing file /opt/airflow/dags/flex_eau_pipeline.py for tasks to queue
[2026-07-18T10:48:38.011+0000] {logging_mixin.py:190} INFO - [2026-07-18T10:48:38.011+0000] {dagbag.py:587} INFO - Filling up the DagBag from /opt/airflow/dags/flex_eau_pipeline.py
[2026-07-18T10:48:38.069+0000] {logging_mixin.py:190} INFO - [2026-07-18T10:48:38.067+0000] {dagbag.py:386} ERROR - Failed to import: /opt/airflow/dags/flex_eau_pipeline.py
Traceback (most recent call last):
  File "/home/airflow/.local/lib/python3.12/site-packages/airflow/models/dagbag.py", line 382, in parse
    loader.exec_module(new_module)
  File "<frozen importlib._bootstrap_external>", line 991, in exec_module
  File "<frozen importlib._bootstrap_external>", line 1129, in get_code
  File "<frozen importlib._bootstrap_external>", line 1059, in source_to_code
  File "<frozen importlib._bootstrap>", line 488, in _call_with_frames_removed
  File "/opt/airflow/dags/flex_eau_pipeline.py", line 26
    ingestion = BashOperator(
    ^^^^^^^^^
IndentationError: expected an indented block after 'with' statement on line 11
[2026-07-18T10:48:38.071+0000] {processor.py:927} WARNING - No viable dags retrieved from /opt/airflow/dags/flex_eau_pipeline.py
[2026-07-18T10:48:38.134+0000] {processor.py:208} INFO - Processing /opt/airflow/dags/flex_eau_pipeline.py took 0.143 seconds
[2026-07-18T10:49:09.828+0000] {processor.py:186} INFO - Started process (PID=90821) to work on /opt/airflow/dags/flex_eau_pipeline.py
[2026-07-18T10:49:09.830+0000] {processor.py:914} INFO - Processing file /opt/airflow/dags/flex_eau_pipeline.py for tasks to queue
[2026-07-18T10:49:09.834+0000] {logging_mixin.py:190} INFO - [2026-07-18T10:49:09.833+0000] {dagbag.py:587} INFO - Filling up the DagBag from /opt/airflow/dags/flex_eau_pipeline.py
[2026-07-18T10:49:09.871+0000] {logging_mixin.py:190} INFO - [2026-07-18T10:49:09.869+0000] {dagbag.py:386} ERROR - Failed to import: /opt/airflow/dags/flex_eau_pipeline.py
Traceback (most recent call last):
  File "/home/airflow/.local/lib/python3.12/site-packages/airflow/models/dagbag.py", line 382, in parse
    loader.exec_module(new_module)
  File "<frozen importlib._bootstrap_external>", line 991, in exec_module
  File "<frozen importlib._bootstrap_external>", line 1129, in get_code
  File "<frozen importlib._bootstrap_external>", line 1059, in source_to_code
  File "<frozen importlib._bootstrap>", line 488, in _call_with_frames_removed
  File "/opt/airflow/dags/flex_eau_pipeline.py", line 26
    ingestion = BashOperator(
    ^^^^^^^^^
IndentationError: expected an indented block after 'with' statement on line 11
[2026-07-18T10:49:09.872+0000] {processor.py:927} WARNING - No viable dags retrieved from /opt/airflow/dags/flex_eau_pipeline.py
[2026-07-18T10:49:09.897+0000] {processor.py:208} INFO - Processing /opt/airflow/dags/flex_eau_pipeline.py took 0.081 seconds
[2026-07-18T11:00:19.709+0000] {processor.py:186} INFO - Started process (PID=90826) to work on /opt/airflow/dags/flex_eau_pipeline.py
[2026-07-18T11:00:19.745+0000] {processor.py:914} INFO - Processing file /opt/airflow/dags/flex_eau_pipeline.py for tasks to queue
[2026-07-18T11:00:19.794+0000] {logging_mixin.py:190} INFO - [2026-07-18T11:00:19.790+0000] {dagbag.py:587} INFO - Filling up the DagBag from /opt/airflow/dags/flex_eau_pipeline.py
[2026-07-18T11:00:24.951+0000] {logging_mixin.py:190} INFO - [2026-07-18T11:00:24.921+0000] {dagbag.py:386} ERROR - Failed to import: /opt/airflow/dags/flex_eau_pipeline.py
Traceback (most recent call last):
  File "/home/airflow/.local/lib/python3.12/site-packages/airflow/models/dagbag.py", line 382, in parse
    loader.exec_module(new_module)
  File "<frozen importlib._bootstrap_external>", line 991, in exec_module
  File "<frozen importlib._bootstrap_external>", line 1129, in get_code
  File "<frozen importlib._bootstrap_external>", line 1059, in source_to_code
  File "<frozen importlib._bootstrap>", line 488, in _call_with_frames_removed
  File "/opt/airflow/dags/flex_eau_pipeline.py", line 26
    ingestion = BashOperator(
    ^^^^^^^^^
IndentationError: expected an indented block after 'with' statement on line 11
[2026-07-18T11:00:25.044+0000] {processor.py:927} WARNING - No viable dags retrieved from /opt/airflow/dags/flex_eau_pipeline.py
[2026-07-18T11:00:31.012+0000] {processor.py:208} INFO - Processing /opt/airflow/dags/flex_eau_pipeline.py took 10.372 seconds
[2026-07-18T11:01:02.517+0000] {processor.py:186} INFO - Started process (PID=90831) to work on /opt/airflow/dags/flex_eau_pipeline.py
[2026-07-18T11:01:02.549+0000] {processor.py:914} INFO - Processing file /opt/airflow/dags/flex_eau_pipeline.py for tasks to queue
[2026-07-18T11:01:02.612+0000] {logging_mixin.py:190} INFO - [2026-07-18T11:01:02.598+0000] {dagbag.py:587} INFO - Filling up the DagBag from /opt/airflow/dags/flex_eau_pipeline.py
[2026-07-18T11:01:02.825+0000] {logging_mixin.py:190} INFO - [2026-07-18T11:01:02.801+0000] {dagbag.py:386} ERROR - Failed to import: /opt/airflow/dags/flex_eau_pipeline.py
Traceback (most recent call last):
  File "/home/airflow/.local/lib/python3.12/site-packages/airflow/models/dagbag.py", line 382, in parse
    loader.exec_module(new_module)
  File "<frozen importlib._bootstrap_external>", line 991, in exec_module
  File "<frozen importlib._bootstrap_external>", line 1129, in get_code
  File "<frozen importlib._bootstrap_external>", line 1059, in source_to_code
  File "<frozen importlib._bootstrap>", line 488, in _call_with_frames_removed
  File "/opt/airflow/dags/flex_eau_pipeline.py", line 26
    ingestion = BashOperator(
    ^^^^^^^^^
IndentationError: expected an indented block after 'with' statement on line 11
[2026-07-18T11:01:02.837+0000] {processor.py:927} WARNING - No viable dags retrieved from /opt/airflow/dags/flex_eau_pipeline.py
[2026-07-18T11:01:03.352+0000] {processor.py:208} INFO - Processing /opt/airflow/dags/flex_eau_pipeline.py took 0.982 seconds
[2026-07-18T11:01:34.524+0000] {processor.py:186} INFO - Started process (PID=90836) to work on /opt/airflow/dags/flex_eau_pipeline.py
[2026-07-18T11:01:34.529+0000] {processor.py:914} INFO - Processing file /opt/airflow/dags/flex_eau_pipeline.py for tasks to queue
[2026-07-18T11:01:34.542+0000] {logging_mixin.py:190} INFO - [2026-07-18T11:01:34.541+0000] {dagbag.py:587} INFO - Filling up the DagBag from /opt/airflow/dags/flex_eau_pipeline.py
[2026-07-18T11:01:34.651+0000] {logging_mixin.py:190} INFO - [2026-07-18T11:01:34.647+0000] {dagbag.py:386} ERROR - Failed to import: /opt/airflow/dags/flex_eau_pipeline.py
Traceback (most recent call last):
  File "/home/airflow/.local/lib/python3.12/site-packages/airflow/models/dagbag.py", line 382, in parse
    loader.exec_module(new_module)
  File "<frozen importlib._bootstrap_external>", line 991, in exec_module
  File "<frozen importlib._bootstrap_external>", line 1129, in get_code
  File "<frozen importlib._bootstrap_external>", line 1059, in source_to_code
  File "<frozen importlib._bootstrap>", line 488, in _call_with_frames_removed
  File "/opt/airflow/dags/flex_eau_pipeline.py", line 26
    ingestion = BashOperator(
    ^^^^^^^^^
IndentationError: expected an indented block after 'with' statement on line 11
[2026-07-18T11:01:34.655+0000] {processor.py:927} WARNING - No viable dags retrieved from /opt/airflow/dags/flex_eau_pipeline.py
[2026-07-18T11:01:34.772+0000] {processor.py:208} INFO - Processing /opt/airflow/dags/flex_eau_pipeline.py took 0.283 seconds
[2026-07-18T11:02:05.545+0000] {processor.py:186} INFO - Started process (PID=90841) to work on /opt/airflow/dags/flex_eau_pipeline.py
[2026-07-18T11:02:05.548+0000] {processor.py:914} INFO - Processing file /opt/airflow/dags/flex_eau_pipeline.py for tasks to queue
[2026-07-18T11:02:05.552+0000] {logging_mixin.py:190} INFO - [2026-07-18T11:02:05.551+0000] {dagbag.py:587} INFO - Filling up the DagBag from /opt/airflow/dags/flex_eau_pipeline.py
[2026-07-18T11:02:05.601+0000] {logging_mixin.py:190} INFO - [2026-07-18T11:02:05.598+0000] {dagbag.py:386} ERROR - Failed to import: /opt/airflow/dags/flex_eau_pipeline.py
Traceback (most recent call last):
  File "/home/airflow/.local/lib/python3.12/site-packages/airflow/models/dagbag.py", line 382, in parse
    loader.exec_module(new_module)
  File "<frozen importlib._bootstrap_external>", line 991, in exec_module
  File "<frozen importlib._bootstrap_external>", line 1129, in get_code
  File "<frozen importlib._bootstrap_external>", line 1059, in source_to_code
  File "<frozen importlib._bootstrap>", line 488, in _call_with_frames_removed
  File "/opt/airflow/dags/flex_eau_pipeline.py", line 26
    ingestion = BashOperator(
    ^^^^^^^^^
IndentationError: expected an indented block after 'with' statement on line 11
[2026-07-18T11:02:05.603+0000] {processor.py:927} WARNING - No viable dags retrieved from /opt/airflow/dags/flex_eau_pipeline.py
[2026-07-18T11:02:05.640+0000] {processor.py:208} INFO - Processing /opt/airflow/dags/flex_eau_pipeline.py took 0.108 seconds
[2026-07-18T11:02:36.236+0000] {processor.py:186} INFO - Started process (PID=90846) to work on /opt/airflow/dags/flex_eau_pipeline.py
[2026-07-18T11:02:36.241+0000] {processor.py:914} INFO - Processing file /opt/airflow/dags/flex_eau_pipeline.py for tasks to queue
[2026-07-18T11:02:36.252+0000] {logging_mixin.py:190} INFO - [2026-07-18T11:02:36.250+0000] {dagbag.py:587} INFO - Filling up the DagBag from /opt/airflow/dags/flex_eau_pipeline.py
[2026-07-18T11:02:36.363+0000] {logging_mixin.py:190} INFO - [2026-07-18T11:02:36.357+0000] {dagbag.py:386} ERROR - Failed to import: /opt/airflow/dags/flex_eau_pipeline.py
Traceback (most recent call last):
  File "/home/airflow/.local/lib/python3.12/site-packages/airflow/models/dagbag.py", line 382, in parse
    loader.exec_module(new_module)
  File "<frozen importlib._bootstrap_external>", line 991, in exec_module
  File "<frozen importlib._bootstrap_external>", line 1129, in get_code
  File "<frozen importlib._bootstrap_external>", line 1059, in source_to_code
  File "<frozen importlib._bootstrap>", line 488, in _call_with_frames_removed
  File "/opt/airflow/dags/flex_eau_pipeline.py", line 26
    ingestion = BashOperator(
    ^^^^^^^^^
IndentationError: expected an indented block after 'with' statement on line 11
[2026-07-18T11:02:36.372+0000] {processor.py:927} WARNING - No viable dags retrieved from /opt/airflow/dags/flex_eau_pipeline.py
[2026-07-18T11:02:36.435+0000] {processor.py:208} INFO - Processing /opt/airflow/dags/flex_eau_pipeline.py took 0.228 seconds
[2026-07-18T11:03:06.889+0000] {processor.py:186} INFO - Started process (PID=90851) to work on /opt/airflow/dags/flex_eau_pipeline.py
[2026-07-18T11:03:06.893+0000] {processor.py:914} INFO - Processing file /opt/airflow/dags/flex_eau_pipeline.py for tasks to queue
[2026-07-18T11:03:06.905+0000] {logging_mixin.py:190} INFO - [2026-07-18T11:03:06.903+0000] {dagbag.py:587} INFO - Filling up the DagBag from /opt/airflow/dags/flex_eau_pipeline.py
[2026-07-18T11:03:06.948+0000] {logging_mixin.py:190} INFO - [2026-07-18T11:03:06.946+0000] {dagbag.py:386} ERROR - Failed to import: /opt/airflow/dags/flex_eau_pipeline.py
Traceback (most recent call last):
  File "/home/airflow/.local/lib/python3.12/site-packages/airflow/models/dagbag.py", line 382, in parse
    loader.exec_module(new_module)
  File "<frozen importlib._bootstrap_external>", line 991, in exec_module
  File "<frozen importlib._bootstrap_external>", line 1129, in get_code
  File "<frozen importlib._bootstrap_external>", line 1059, in source_to_code
  File "<frozen importlib._bootstrap>", line 488, in _call_with_frames_removed
  File "/opt/airflow/dags/flex_eau_pipeline.py", line 26
    ingestion = BashOperator(
    ^^^^^^^^^
IndentationError: expected an indented block after 'with' statement on line 11
[2026-07-18T11:03:06.950+0000] {processor.py:927} WARNING - No viable dags retrieved from /opt/airflow/dags/flex_eau_pipeline.py
[2026-07-18T11:03:06.989+0000] {processor.py:208} INFO - Processing /opt/airflow/dags/flex_eau_pipeline.py took 0.155 seconds
[2026-07-18T11:03:37.705+0000] {processor.py:186} INFO - Started process (PID=90856) to work on /opt/airflow/dags/flex_eau_pipeline.py
[2026-07-18T11:03:37.708+0000] {processor.py:914} INFO - Processing file /opt/airflow/dags/flex_eau_pipeline.py for tasks to queue
[2026-07-18T11:03:37.715+0000] {logging_mixin.py:190} INFO - [2026-07-18T11:03:37.714+0000] {dagbag.py:587} INFO - Filling up the DagBag from /opt/airflow/dags/flex_eau_pipeline.py
[2026-07-18T11:03:37.787+0000] {logging_mixin.py:190} INFO - [2026-07-18T11:03:37.784+0000] {dagbag.py:386} ERROR - Failed to import: /opt/airflow/dags/flex_eau_pipeline.py
Traceback (most recent call last):
  File "/home/airflow/.local/lib/python3.12/site-packages/airflow/models/dagbag.py", line 382, in parse
    loader.exec_module(new_module)
  File "<frozen importlib._bootstrap_external>", line 991, in exec_module
  File "<frozen importlib._bootstrap_external>", line 1129, in get_code
  File "<frozen importlib._bootstrap_external>", line 1059, in source_to_code
  File "<frozen importlib._bootstrap>", line 488, in _call_with_frames_removed
  File "/opt/airflow/dags/flex_eau_pipeline.py", line 26
    ingestion = BashOperator(
    ^^^^^^^^^
IndentationError: expected an indented block after 'with' statement on line 11
[2026-07-18T11:03:37.789+0000] {processor.py:927} WARNING - No viable dags retrieved from /opt/airflow/dags/flex_eau_pipeline.py
[2026-07-18T11:03:37.846+0000] {processor.py:208} INFO - Processing /opt/airflow/dags/flex_eau_pipeline.py took 0.154 seconds
[2026-07-18T11:04:08.805+0000] {processor.py:186} INFO - Started process (PID=90861) to work on /opt/airflow/dags/flex_eau_pipeline.py
[2026-07-18T11:04:08.807+0000] {processor.py:914} INFO - Processing file /opt/airflow/dags/flex_eau_pipeline.py for tasks to queue
[2026-07-18T11:04:08.811+0000] {logging_mixin.py:190} INFO - [2026-07-18T11:04:08.811+0000] {dagbag.py:587} INFO - Filling up the DagBag from /opt/airflow/dags/flex_eau_pipeline.py
[2026-07-18T11:04:08.862+0000] {logging_mixin.py:190} INFO - [2026-07-18T11:04:08.859+0000] {dagbag.py:386} ERROR - Failed to import: /opt/airflow/dags/flex_eau_pipeline.py
Traceback (most recent call last):
  File "/home/airflow/.local/lib/python3.12/site-packages/airflow/models/dagbag.py", line 382, in parse
    loader.exec_module(new_module)
  File "<frozen importlib._bootstrap_external>", line 991, in exec_module
  File "<frozen importlib._bootstrap_external>", line 1129, in get_code
  File "<frozen importlib._bootstrap_external>", line 1059, in source_to_code
  File "<frozen importlib._bootstrap>", line 488, in _call_with_frames_removed
  File "/opt/airflow/dags/flex_eau_pipeline.py", line 26
    ingestion = BashOperator(
    ^^^^^^^^^
IndentationError: expected an indented block after 'with' statement on line 11
[2026-07-18T11:04:08.864+0000] {processor.py:927} WARNING - No viable dags retrieved from /opt/airflow/dags/flex_eau_pipeline.py
[2026-07-18T11:04:08.939+0000] {processor.py:208} INFO - Processing /opt/airflow/dags/flex_eau_pipeline.py took 0.142 seconds
[2026-07-18T11:04:39.738+0000] {processor.py:186} INFO - Started process (PID=90866) to work on /opt/airflow/dags/flex_eau_pipeline.py
[2026-07-18T11:04:39.741+0000] {processor.py:914} INFO - Processing file /opt/airflow/dags/flex_eau_pipeline.py for tasks to queue
[2026-07-18T11:04:39.746+0000] {logging_mixin.py:190} INFO - [2026-07-18T11:04:39.746+0000] {dagbag.py:587} INFO - Filling up the DagBag from /opt/airflow/dags/flex_eau_pipeline.py
[2026-07-18T11:04:39.809+0000] {logging_mixin.py:190} INFO - [2026-07-18T11:04:39.806+0000] {dagbag.py:386} ERROR - Failed to import: /opt/airflow/dags/flex_eau_pipeline.py
Traceback (most recent call last):
  File "/home/airflow/.local/lib/python3.12/site-packages/airflow/models/dagbag.py", line 382, in parse
    loader.exec_module(new_module)
  File "<frozen importlib._bootstrap_external>", line 991, in exec_module
  File "<frozen importlib._bootstrap_external>", line 1129, in get_code
  File "<frozen importlib._bootstrap_external>", line 1059, in source_to_code
  File "<frozen importlib._bootstrap>", line 488, in _call_with_frames_removed
  File "/opt/airflow/dags/flex_eau_pipeline.py", line 26
    ingestion = BashOperator(
    ^^^^^^^^^
IndentationError: expected an indented block after 'with' statement on line 11
[2026-07-18T11:04:39.811+0000] {processor.py:927} WARNING - No viable dags retrieved from /opt/airflow/dags/flex_eau_pipeline.py
[2026-07-18T11:04:39.849+0000] {processor.py:208} INFO - Processing /opt/airflow/dags/flex_eau_pipeline.py took 0.125 seconds
[2026-07-18T12:04:38.594+0000] {processor.py:186} INFO - Started process (PID=90871) to work on /opt/airflow/dags/flex_eau_pipeline.py
[2026-07-18T12:04:38.701+0000] {processor.py:914} INFO - Processing file /opt/airflow/dags/flex_eau_pipeline.py for tasks to queue
[2026-07-18T12:04:38.837+0000] {logging_mixin.py:190} INFO - [2026-07-18T12:04:38.826+0000] {dagbag.py:587} INFO - Filling up the DagBag from /opt/airflow/dags/flex_eau_pipeline.py
[2026-07-18T12:04:46.334+0000] {logging_mixin.py:190} INFO - [2026-07-18T12:04:46.323+0000] {dagbag.py:386} ERROR - Failed to import: /opt/airflow/dags/flex_eau_pipeline.py
Traceback (most recent call last):
  File "/home/airflow/.local/lib/python3.12/site-packages/airflow/models/dagbag.py", line 382, in parse
    loader.exec_module(new_module)
  File "<frozen importlib._bootstrap_external>", line 991, in exec_module
  File "<frozen importlib._bootstrap_external>", line 1129, in get_code
  File "<frozen importlib._bootstrap_external>", line 1059, in source_to_code
  File "<frozen importlib._bootstrap>", line 488, in _call_with_frames_removed
  File "/opt/airflow/dags/flex_eau_pipeline.py", line 26
    ingestion = BashOperator(
    ^^^^^^^^^
IndentationError: expected an indented block after 'with' statement on line 11
[2026-07-18T12:04:46.402+0000] {processor.py:927} WARNING - No viable dags retrieved from /opt/airflow/dags/flex_eau_pipeline.py
[2026-07-18T12:04:50.519+0000] {processor.py:208} INFO - Processing /opt/airflow/dags/flex_eau_pipeline.py took 11.549 seconds
[2026-07-18T12:05:23.754+0000] {processor.py:186} INFO - Started process (PID=90876) to work on /opt/airflow/dags/flex_eau_pipeline.py
[2026-07-18T12:05:23.776+0000] {processor.py:914} INFO - Processing file /opt/airflow/dags/flex_eau_pipeline.py for tasks to queue
[2026-07-18T12:05:23.814+0000] {logging_mixin.py:190} INFO - [2026-07-18T12:05:23.811+0000] {dagbag.py:587} INFO - Filling up the DagBag from /opt/airflow/dags/flex_eau_pipeline.py
[2026-07-18T12:05:24.094+0000] {logging_mixin.py:190} INFO - [2026-07-18T12:05:24.072+0000] {dagbag.py:386} ERROR - Failed to import: /opt/airflow/dags/flex_eau_pipeline.py
Traceback (most recent call last):
  File "/home/airflow/.local/lib/python3.12/site-packages/airflow/models/dagbag.py", line 382, in parse
    loader.exec_module(new_module)
  File "<frozen importlib._bootstrap_external>", line 991, in exec_module
  File "<frozen importlib._bootstrap_external>", line 1129, in get_code
  File "<frozen importlib._bootstrap_external>", line 1059, in source_to_code
  File "<frozen importlib._bootstrap>", line 488, in _call_with_frames_removed
  File "/opt/airflow/dags/flex_eau_pipeline.py", line 26
    ingestion = BashOperator(
    ^^^^^^^^^
IndentationError: expected an indented block after 'with' statement on line 11
[2026-07-18T12:05:24.115+0000] {processor.py:927} WARNING - No viable dags retrieved from /opt/airflow/dags/flex_eau_pipeline.py
[2026-07-18T12:05:28.566+0000] {processor.py:208} INFO - Processing /opt/airflow/dags/flex_eau_pipeline.py took 4.177 seconds
[2026-07-18T12:06:00.504+0000] {processor.py:186} INFO - Started process (PID=90881) to work on /opt/airflow/dags/flex_eau_pipeline.py
[2026-07-18T12:06:00.511+0000] {processor.py:914} INFO - Processing file /opt/airflow/dags/flex_eau_pipeline.py for tasks to queue
[2026-07-18T12:06:00.522+0000] {logging_mixin.py:190} INFO - [2026-07-18T12:06:00.521+0000] {dagbag.py:587} INFO - Filling up the DagBag from /opt/airflow/dags/flex_eau_pipeline.py
[2026-07-18T12:06:00.605+0000] {logging_mixin.py:190} INFO - [2026-07-18T12:06:00.603+0000] {dagbag.py:386} ERROR - Failed to import: /opt/airflow/dags/flex_eau_pipeline.py
Traceback (most recent call last):
  File "/home/airflow/.local/lib/python3.12/site-packages/airflow/models/dagbag.py", line 382, in parse
    loader.exec_module(new_module)
  File "<frozen importlib._bootstrap_external>", line 991, in exec_module
  File "<frozen importlib._bootstrap_external>", line 1129, in get_code
  File "<frozen importlib._bootstrap_external>", line 1059, in source_to_code
  File "<frozen importlib._bootstrap>", line 488, in _call_with_frames_removed
  File "/opt/airflow/dags/flex_eau_pipeline.py", line 26
    ingestion = BashOperator(
    ^^^^^^^^^
IndentationError: expected an indented block after 'with' statement on line 11
[2026-07-18T12:06:00.609+0000] {processor.py:927} WARNING - No viable dags retrieved from /opt/airflow/dags/flex_eau_pipeline.py
[2026-07-18T12:06:00.701+0000] {processor.py:208} INFO - Processing /opt/airflow/dags/flex_eau_pipeline.py took 0.220 seconds
[2026-07-18T12:06:31.054+0000] {processor.py:186} INFO - Started process (PID=90886) to work on /opt/airflow/dags/flex_eau_pipeline.py
[2026-07-18T12:06:31.057+0000] {processor.py:914} INFO - Processing file /opt/airflow/dags/flex_eau_pipeline.py for tasks to queue
[2026-07-18T12:06:31.063+0000] {logging_mixin.py:190} INFO - [2026-07-18T12:06:31.062+0000] {dagbag.py:587} INFO - Filling up the DagBag from /opt/airflow/dags/flex_eau_pipeline.py
[2026-07-18T12:06:31.125+0000] {logging_mixin.py:190} INFO - [2026-07-18T12:06:31.122+0000] {dagbag.py:386} ERROR - Failed to import: /opt/airflow/dags/flex_eau_pipeline.py
Traceback (most recent call last):
  File "/home/airflow/.local/lib/python3.12/site-packages/airflow/models/dagbag.py", line 382, in parse
    loader.exec_module(new_module)
  File "<frozen importlib._bootstrap_external>", line 991, in exec_module
  File "<frozen importlib._bootstrap_external>", line 1129, in get_code
  File "<frozen importlib._bootstrap_external>", line 1059, in source_to_code
  File "<frozen importlib._bootstrap>", line 488, in _call_with_frames_removed
  File "/opt/airflow/dags/flex_eau_pipeline.py", line 26
    ingestion = BashOperator(
    ^^^^^^^^^
IndentationError: expected an indented block after 'with' statement on line 11
[2026-07-18T12:06:31.128+0000] {processor.py:927} WARNING - No viable dags retrieved from /opt/airflow/dags/flex_eau_pipeline.py
[2026-07-18T12:06:31.210+0000] {processor.py:208} INFO - Processing /opt/airflow/dags/flex_eau_pipeline.py took 0.182 seconds
[2026-07-18T12:07:01.418+0000] {processor.py:186} INFO - Started process (PID=90891) to work on /opt/airflow/dags/flex_eau_pipeline.py
[2026-07-18T12:07:01.421+0000] {processor.py:914} INFO - Processing file /opt/airflow/dags/flex_eau_pipeline.py for tasks to queue
[2026-07-18T12:07:01.426+0000] {logging_mixin.py:190} INFO - [2026-07-18T12:07:01.425+0000] {dagbag.py:587} INFO - Filling up the DagBag from /opt/airflow/dags/flex_eau_pipeline.py
[2026-07-18T12:07:01.485+0000] {logging_mixin.py:190} INFO - [2026-07-18T12:07:01.481+0000] {dagbag.py:386} ERROR - Failed to import: /opt/airflow/dags/flex_eau_pipeline.py
Traceback (most recent call last):
  File "/home/airflow/.local/lib/python3.12/site-packages/airflow/models/dagbag.py", line 382, in parse
    loader.exec_module(new_module)
  File "<frozen importlib._bootstrap_external>", line 991, in exec_module
  File "<frozen importlib._bootstrap_external>", line 1129, in get_code
  File "<frozen importlib._bootstrap_external>", line 1059, in source_to_code
  File "<frozen importlib._bootstrap>", line 488, in _call_with_frames_removed
  File "/opt/airflow/dags/flex_eau_pipeline.py", line 26
    ingestion = BashOperator(
    ^^^^^^^^^
IndentationError: expected an indented block after 'with' statement on line 11
[2026-07-18T12:07:01.487+0000] {processor.py:927} WARNING - No viable dags retrieved from /opt/airflow/dags/flex_eau_pipeline.py
[2026-07-18T12:07:01.550+0000] {processor.py:208} INFO - Processing /opt/airflow/dags/flex_eau_pipeline.py took 0.148 seconds
[2026-07-18T12:07:31.720+0000] {processor.py:186} INFO - Started process (PID=90896) to work on /opt/airflow/dags/flex_eau_pipeline.py
[2026-07-18T12:07:31.723+0000] {processor.py:914} INFO - Processing file /opt/airflow/dags/flex_eau_pipeline.py for tasks to queue
[2026-07-18T12:07:31.731+0000] {logging_mixin.py:190} INFO - [2026-07-18T12:07:31.730+0000] {dagbag.py:587} INFO - Filling up the DagBag from /opt/airflow/dags/flex_eau_pipeline.py
[2026-07-18T12:07:31.795+0000] {logging_mixin.py:190} INFO - [2026-07-18T12:07:31.792+0000] {dagbag.py:386} ERROR - Failed to import: /opt/airflow/dags/flex_eau_pipeline.py
Traceback (most recent call last):
  File "/home/airflow/.local/lib/python3.12/site-packages/airflow/models/dagbag.py", line 382, in parse
    loader.exec_module(new_module)
  File "<frozen importlib._bootstrap_external>", line 991, in exec_module
  File "<frozen importlib._bootstrap_external>", line 1129, in get_code
  File "<frozen importlib._bootstrap_external>", line 1059, in source_to_code
  File "<frozen importlib._bootstrap>", line 488, in _call_with_frames_removed
  File "/opt/airflow/dags/flex_eau_pipeline.py", line 26
    ingestion = BashOperator(
    ^^^^^^^^^
IndentationError: expected an indented block after 'with' statement on line 11
[2026-07-18T12:07:31.798+0000] {processor.py:927} WARNING - No viable dags retrieved from /opt/airflow/dags/flex_eau_pipeline.py
[2026-07-18T12:07:31.870+0000] {processor.py:208} INFO - Processing /opt/airflow/dags/flex_eau_pipeline.py took 0.168 seconds
[2026-07-18T12:08:02.090+0000] {processor.py:186} INFO - Started process (PID=90901) to work on /opt/airflow/dags/flex_eau_pipeline.py
[2026-07-18T12:08:02.093+0000] {processor.py:914} INFO - Processing file /opt/airflow/dags/flex_eau_pipeline.py for tasks to queue
[2026-07-18T12:08:02.104+0000] {logging_mixin.py:190} INFO - [2026-07-18T12:08:02.103+0000] {dagbag.py:587} INFO - Filling up the DagBag from /opt/airflow/dags/flex_eau_pipeline.py
[2026-07-18T12:08:02.206+0000] {logging_mixin.py:190} INFO - [2026-07-18T12:08:02.201+0000] {dagbag.py:386} ERROR - Failed to import: /opt/airflow/dags/flex_eau_pipeline.py
Traceback (most recent call last):
  File "/home/airflow/.local/lib/python3.12/site-packages/airflow/models/dagbag.py", line 382, in parse
    loader.exec_module(new_module)
  File "<frozen importlib._bootstrap_external>", line 991, in exec_module
  File "<frozen importlib._bootstrap_external>", line 1129, in get_code
  File "<frozen importlib._bootstrap_external>", line 1059, in source_to_code
  File "<frozen importlib._bootstrap>", line 488, in _call_with_frames_removed
  File "/opt/airflow/dags/flex_eau_pipeline.py", line 26
    ingestion = BashOperator(
    ^^^^^^^^^
IndentationError: expected an indented block after 'with' statement on line 11
[2026-07-18T12:08:02.209+0000] {processor.py:927} WARNING - No viable dags retrieved from /opt/airflow/dags/flex_eau_pipeline.py
[2026-07-18T12:08:02.319+0000] {processor.py:208} INFO - Processing /opt/airflow/dags/flex_eau_pipeline.py took 0.259 seconds
[2026-07-18T12:08:32.653+0000] {processor.py:186} INFO - Started process (PID=90906) to work on /opt/airflow/dags/flex_eau_pipeline.py
[2026-07-18T12:08:32.658+0000] {processor.py:914} INFO - Processing file /opt/airflow/dags/flex_eau_pipeline.py for tasks to queue
[2026-07-18T12:08:32.674+0000] {logging_mixin.py:190} INFO - [2026-07-18T12:08:32.672+0000] {dagbag.py:587} INFO - Filling up the DagBag from /opt/airflow/dags/flex_eau_pipeline.py
[2026-07-18T12:08:32.845+0000] {logging_mixin.py:190} INFO - [2026-07-18T12:08:32.843+0000] {dagbag.py:386} ERROR - Failed to import: /opt/airflow/dags/flex_eau_pipeline.py
Traceback (most recent call last):
  File "/home/airflow/.local/lib/python3.12/site-packages/airflow/models/dagbag.py", line 382, in parse
    loader.exec_module(new_module)
  File "<frozen importlib._bootstrap_external>", line 991, in exec_module
  File "<frozen importlib._bootstrap_external>", line 1129, in get_code
  File "<frozen importlib._bootstrap_external>", line 1059, in source_to_code
  File "<frozen importlib._bootstrap>", line 488, in _call_with_frames_removed
  File "/opt/airflow/dags/flex_eau_pipeline.py", line 26
    ingestion = BashOperator(
    ^^^^^^^^^
IndentationError: expected an indented block after 'with' statement on line 11
[2026-07-18T12:08:32.847+0000] {processor.py:927} WARNING - No viable dags retrieved from /opt/airflow/dags/flex_eau_pipeline.py
[2026-07-18T12:08:32.893+0000] {processor.py:208} INFO - Processing /opt/airflow/dags/flex_eau_pipeline.py took 0.279 seconds
[2026-07-18T12:09:03.045+0000] {processor.py:186} INFO - Started process (PID=90911) to work on /opt/airflow/dags/flex_eau_pipeline.py
[2026-07-18T12:09:03.048+0000] {processor.py:914} INFO - Processing file /opt/airflow/dags/flex_eau_pipeline.py for tasks to queue
[2026-07-18T12:09:03.055+0000] {logging_mixin.py:190} INFO - [2026-07-18T12:09:03.054+0000] {dagbag.py:587} INFO - Filling up the DagBag from /opt/airflow/dags/flex_eau_pipeline.py
[2026-07-18T12:09:03.109+0000] {logging_mixin.py:190} INFO - [2026-07-18T12:09:03.106+0000] {dagbag.py:386} ERROR - Failed to import: /opt/airflow/dags/flex_eau_pipeline.py
Traceback (most recent call last):
  File "/home/airflow/.local/lib/python3.12/site-packages/airflow/models/dagbag.py", line 382, in parse
    loader.exec_module(new_module)
  File "<frozen importlib._bootstrap_external>", line 991, in exec_module
  File "<frozen importlib._bootstrap_external>", line 1129, in get_code
  File "<frozen importlib._bootstrap_external>", line 1059, in source_to_code
  File "<frozen importlib._bootstrap>", line 488, in _call_with_frames_removed
  File "/opt/airflow/dags/flex_eau_pipeline.py", line 26
    ingestion = BashOperator(
    ^^^^^^^^^
IndentationError: expected an indented block after 'with' statement on line 11
[2026-07-18T12:09:03.111+0000] {processor.py:927} WARNING - No viable dags retrieved from /opt/airflow/dags/flex_eau_pipeline.py
[2026-07-18T12:09:03.175+0000] {processor.py:208} INFO - Processing /opt/airflow/dags/flex_eau_pipeline.py took 0.152 seconds
[2026-07-18T12:09:33.983+0000] {processor.py:186} INFO - Started process (PID=90916) to work on /opt/airflow/dags/flex_eau_pipeline.py
[2026-07-18T12:09:33.985+0000] {processor.py:914} INFO - Processing file /opt/airflow/dags/flex_eau_pipeline.py for tasks to queue
[2026-07-18T12:09:33.988+0000] {logging_mixin.py:190} INFO - [2026-07-18T12:09:33.987+0000] {dagbag.py:587} INFO - Filling up the DagBag from /opt/airflow/dags/flex_eau_pipeline.py
[2026-07-18T12:09:34.019+0000] {logging_mixin.py:190} INFO - [2026-07-18T12:09:34.018+0000] {dagbag.py:386} ERROR - Failed to import: /opt/airflow/dags/flex_eau_pipeline.py
Traceback (most recent call last):
  File "/home/airflow/.local/lib/python3.12/site-packages/airflow/models/dagbag.py", line 382, in parse
    loader.exec_module(new_module)
  File "<frozen importlib._bootstrap_external>", line 991, in exec_module
  File "<frozen importlib._bootstrap_external>", line 1129, in get_code
  File "<frozen importlib._bootstrap_external>", line 1059, in source_to_code
  File "<frozen importlib._bootstrap>", line 488, in _call_with_frames_removed
  File "/opt/airflow/dags/flex_eau_pipeline.py", line 26
    ingestion = BashOperator(
    ^^^^^^^^^
IndentationError: expected an indented block after 'with' statement on line 11
[2026-07-18T12:09:34.020+0000] {processor.py:927} WARNING - No viable dags retrieved from /opt/airflow/dags/flex_eau_pipeline.py
[2026-07-18T12:09:34.052+0000] {processor.py:208} INFO - Processing /opt/airflow/dags/flex_eau_pipeline.py took 0.077 seconds
[2026-07-18T12:10:04.870+0000] {processor.py:186} INFO - Started process (PID=90921) to work on /opt/airflow/dags/flex_eau_pipeline.py
[2026-07-18T12:10:04.872+0000] {processor.py:914} INFO - Processing file /opt/airflow/dags/flex_eau_pipeline.py for tasks to queue
[2026-07-18T12:10:04.875+0000] {logging_mixin.py:190} INFO - [2026-07-18T12:10:04.875+0000] {dagbag.py:587} INFO - Filling up the DagBag from /opt/airflow/dags/flex_eau_pipeline.py
[2026-07-18T12:10:04.904+0000] {logging_mixin.py:190} INFO - [2026-07-18T12:10:04.903+0000] {dagbag.py:386} ERROR - Failed to import: /opt/airflow/dags/flex_eau_pipeline.py
Traceback (most recent call last):
  File "/home/airflow/.local/lib/python3.12/site-packages/airflow/models/dagbag.py", line 382, in parse
    loader.exec_module(new_module)
  File "<frozen importlib._bootstrap_external>", line 991, in exec_module
  File "<frozen importlib._bootstrap_external>", line 1129, in get_code
  File "<frozen importlib._bootstrap_external>", line 1059, in source_to_code
  File "<frozen importlib._bootstrap>", line 488, in _call_with_frames_removed
  File "/opt/airflow/dags/flex_eau_pipeline.py", line 26
    ingestion = BashOperator(
    ^^^^^^^^^
IndentationError: expected an indented block after 'with' statement on line 11
[2026-07-18T12:10:04.905+0000] {processor.py:927} WARNING - No viable dags retrieved from /opt/airflow/dags/flex_eau_pipeline.py
[2026-07-18T12:10:04.944+0000] {processor.py:208} INFO - Processing /opt/airflow/dags/flex_eau_pipeline.py took 0.081 seconds
[2026-07-18T12:10:35.877+0000] {processor.py:186} INFO - Started process (PID=90926) to work on /opt/airflow/dags/flex_eau_pipeline.py
[2026-07-18T12:10:35.879+0000] {processor.py:914} INFO - Processing file /opt/airflow/dags/flex_eau_pipeline.py for tasks to queue
[2026-07-18T12:10:35.882+0000] {logging_mixin.py:190} INFO - [2026-07-18T12:10:35.882+0000] {dagbag.py:587} INFO - Filling up the DagBag from /opt/airflow/dags/flex_eau_pipeline.py
[2026-07-18T12:10:35.915+0000] {logging_mixin.py:190} INFO - [2026-07-18T12:10:35.913+0000] {dagbag.py:386} ERROR - Failed to import: /opt/airflow/dags/flex_eau_pipeline.py
Traceback (most recent call last):
  File "/home/airflow/.local/lib/python3.12/site-packages/airflow/models/dagbag.py", line 382, in parse
    loader.exec_module(new_module)
  File "<frozen importlib._bootstrap_external>", line 991, in exec_module
  File "<frozen importlib._bootstrap_external>", line 1129, in get_code
  File "<frozen importlib._bootstrap_external>", line 1059, in source_to_code
  File "<frozen importlib._bootstrap>", line 488, in _call_with_frames_removed
  File "/opt/airflow/dags/flex_eau_pipeline.py", line 26
    ingestion = BashOperator(
    ^^^^^^^^^
IndentationError: expected an indented block after 'with' statement on line 11
[2026-07-18T12:10:35.917+0000] {processor.py:927} WARNING - No viable dags retrieved from /opt/airflow/dags/flex_eau_pipeline.py
[2026-07-18T12:10:35.949+0000] {processor.py:208} INFO - Processing /opt/airflow/dags/flex_eau_pipeline.py took 0.084 seconds
[2026-07-18T12:11:06.096+0000] {processor.py:186} INFO - Started process (PID=90931) to work on /opt/airflow/dags/flex_eau_pipeline.py
[2026-07-18T12:11:06.099+0000] {processor.py:914} INFO - Processing file /opt/airflow/dags/flex_eau_pipeline.py for tasks to queue
[2026-07-18T12:11:06.108+0000] {logging_mixin.py:190} INFO - [2026-07-18T12:11:06.106+0000] {dagbag.py:587} INFO - Filling up the DagBag from /opt/airflow/dags/flex_eau_pipeline.py
[2026-07-18T12:11:06.182+0000] {logging_mixin.py:190} INFO - [2026-07-18T12:11:06.179+0000] {dagbag.py:386} ERROR - Failed to import: /opt/airflow/dags/flex_eau_pipeline.py
Traceback (most recent call last):
  File "/home/airflow/.local/lib/python3.12/site-packages/airflow/models/dagbag.py", line 382, in parse
    loader.exec_module(new_module)
  File "<frozen importlib._bootstrap_external>", line 991, in exec_module
  File "<frozen importlib._bootstrap_external>", line 1129, in get_code
  File "<frozen importlib._bootstrap_external>", line 1059, in source_to_code
  File "<frozen importlib._bootstrap>", line 488, in _call_with_frames_removed
  File "/opt/airflow/dags/flex_eau_pipeline.py", line 26
    ingestion = BashOperator(
    ^^^^^^^^^
IndentationError: expected an indented block after 'with' statement on line 11
[2026-07-18T12:11:06.184+0000] {processor.py:927} WARNING - No viable dags retrieved from /opt/airflow/dags/flex_eau_pipeline.py
[2026-07-18T12:11:06.257+0000] {processor.py:208} INFO - Processing /opt/airflow/dags/flex_eau_pipeline.py took 0.182 seconds
[2026-07-18T12:11:37.171+0000] {processor.py:186} INFO - Started process (PID=90936) to work on /opt/airflow/dags/flex_eau_pipeline.py
[2026-07-18T12:11:37.173+0000] {processor.py:914} INFO - Processing file /opt/airflow/dags/flex_eau_pipeline.py for tasks to queue
[2026-07-18T12:11:37.176+0000] {logging_mixin.py:190} INFO - [2026-07-18T12:11:37.175+0000] {dagbag.py:587} INFO - Filling up the DagBag from /opt/airflow/dags/flex_eau_pipeline.py
[2026-07-18T12:11:37.208+0000] {logging_mixin.py:190} INFO - [2026-07-18T12:11:37.207+0000] {dagbag.py:386} ERROR - Failed to import: /opt/airflow/dags/flex_eau_pipeline.py
Traceback (most recent call last):
  File "/home/airflow/.local/lib/python3.12/site-packages/airflow/models/dagbag.py", line 382, in parse
    loader.exec_module(new_module)
  File "<frozen importlib._bootstrap_external>", line 991, in exec_module
  File "<frozen importlib._bootstrap_external>", line 1129, in get_code
  File "<frozen importlib._bootstrap_external>", line 1059, in source_to_code
  File "<frozen importlib._bootstrap>", line 488, in _call_with_frames_removed
  File "/opt/airflow/dags/flex_eau_pipeline.py", line 26
    ingestion = BashOperator(
    ^^^^^^^^^
IndentationError: expected an indented block after 'with' statement on line 11
[2026-07-18T12:11:37.210+0000] {processor.py:927} WARNING - No viable dags retrieved from /opt/airflow/dags/flex_eau_pipeline.py
[2026-07-18T12:11:37.262+0000] {processor.py:208} INFO - Processing /opt/airflow/dags/flex_eau_pipeline.py took 0.099 seconds
[2026-07-18T12:12:08.183+0000] {processor.py:186} INFO - Started process (PID=90941) to work on /opt/airflow/dags/flex_eau_pipeline.py
[2026-07-18T12:12:08.184+0000] {processor.py:914} INFO - Processing file /opt/airflow/dags/flex_eau_pipeline.py for tasks to queue
[2026-07-18T12:12:08.187+0000] {logging_mixin.py:190} INFO - [2026-07-18T12:12:08.187+0000] {dagbag.py:587} INFO - Filling up the DagBag from /opt/airflow/dags/flex_eau_pipeline.py
[2026-07-18T12:12:08.215+0000] {logging_mixin.py:190} INFO - [2026-07-18T12:12:08.214+0000] {dagbag.py:386} ERROR - Failed to import: /opt/airflow/dags/flex_eau_pipeline.py
Traceback (most recent call last):
  File "/home/airflow/.local/lib/python3.12/site-packages/airflow/models/dagbag.py", line 382, in parse
    loader.exec_module(new_module)
  File "<frozen importlib._bootstrap_external>", line 991, in exec_module
  File "<frozen importlib._bootstrap_external>", line 1129, in get_code
  File "<frozen importlib._bootstrap_external>", line 1059, in source_to_code
  File "<frozen importlib._bootstrap>", line 488, in _call_with_frames_removed
  File "/opt/airflow/dags/flex_eau_pipeline.py", line 26
    ingestion = BashOperator(
    ^^^^^^^^^
IndentationError: expected an indented block after 'with' statement on line 11
[2026-07-18T12:12:08.216+0000] {processor.py:927} WARNING - No viable dags retrieved from /opt/airflow/dags/flex_eau_pipeline.py
[2026-07-18T12:12:08.248+0000] {processor.py:208} INFO - Processing /opt/airflow/dags/flex_eau_pipeline.py took 0.072 seconds
[2026-07-18T12:12:39.206+0000] {processor.py:186} INFO - Started process (PID=90946) to work on /opt/airflow/dags/flex_eau_pipeline.py
[2026-07-18T12:12:39.207+0000] {processor.py:914} INFO - Processing file /opt/airflow/dags/flex_eau_pipeline.py for tasks to queue
[2026-07-18T12:12:39.210+0000] {logging_mixin.py:190} INFO - [2026-07-18T12:12:39.210+0000] {dagbag.py:587} INFO - Filling up the DagBag from /opt/airflow/dags/flex_eau_pipeline.py
[2026-07-18T12:12:39.242+0000] {logging_mixin.py:190} INFO - [2026-07-18T12:12:39.241+0000] {dagbag.py:386} ERROR - Failed to import: /opt/airflow/dags/flex_eau_pipeline.py
Traceback (most recent call last):
  File "/home/airflow/.local/lib/python3.12/site-packages/airflow/models/dagbag.py", line 382, in parse
    loader.exec_module(new_module)
  File "<frozen importlib._bootstrap_external>", line 991, in exec_module
  File "<frozen importlib._bootstrap_external>", line 1129, in get_code
  File "<frozen importlib._bootstrap_external>", line 1059, in source_to_code
  File "<frozen importlib._bootstrap>", line 488, in _call_with_frames_removed
  File "/opt/airflow/dags/flex_eau_pipeline.py", line 26
    ingestion = BashOperator(
    ^^^^^^^^^
IndentationError: expected an indented block after 'with' statement on line 11
[2026-07-18T12:12:39.243+0000] {processor.py:927} WARNING - No viable dags retrieved from /opt/airflow/dags/flex_eau_pipeline.py
[2026-07-18T12:12:39.277+0000] {processor.py:208} INFO - Processing /opt/airflow/dags/flex_eau_pipeline.py took 0.078 seconds
[2026-07-18T12:13:10.070+0000] {processor.py:186} INFO - Started process (PID=90951) to work on /opt/airflow/dags/flex_eau_pipeline.py
[2026-07-18T12:13:10.073+0000] {processor.py:914} INFO - Processing file /opt/airflow/dags/flex_eau_pipeline.py for tasks to queue
[2026-07-18T12:13:10.079+0000] {logging_mixin.py:190} INFO - [2026-07-18T12:13:10.078+0000] {dagbag.py:587} INFO - Filling up the DagBag from /opt/airflow/dags/flex_eau_pipeline.py
[2026-07-18T12:13:10.135+0000] {logging_mixin.py:190} INFO - [2026-07-18T12:13:10.133+0000] {dagbag.py:386} ERROR - Failed to import: /opt/airflow/dags/flex_eau_pipeline.py
Traceback (most recent call last):
  File "/home/airflow/.local/lib/python3.12/site-packages/airflow/models/dagbag.py", line 382, in parse
    loader.exec_module(new_module)
  File "<frozen importlib._bootstrap_external>", line 991, in exec_module
  File "<frozen importlib._bootstrap_external>", line 1129, in get_code
  File "<frozen importlib._bootstrap_external>", line 1059, in source_to_code
  File "<frozen importlib._bootstrap>", line 488, in _call_with_frames_removed
  File "/opt/airflow/dags/flex_eau_pipeline.py", line 26
    ingestion = BashOperator(
    ^^^^^^^^^
IndentationError: expected an indented block after 'with' statement on line 11
[2026-07-18T12:13:10.136+0000] {processor.py:927} WARNING - No viable dags retrieved from /opt/airflow/dags/flex_eau_pipeline.py
[2026-07-18T12:13:10.173+0000] {processor.py:208} INFO - Processing /opt/airflow/dags/flex_eau_pipeline.py took 0.119 seconds
[2026-07-18T12:13:40.886+0000] {processor.py:186} INFO - Started process (PID=90956) to work on /opt/airflow/dags/flex_eau_pipeline.py
[2026-07-18T12:13:40.887+0000] {processor.py:914} INFO - Processing file /opt/airflow/dags/flex_eau_pipeline.py for tasks to queue
[2026-07-18T12:13:40.891+0000] {logging_mixin.py:190} INFO - [2026-07-18T12:13:40.890+0000] {dagbag.py:587} INFO - Filling up the DagBag from /opt/airflow/dags/flex_eau_pipeline.py
[2026-07-18T12:13:40.925+0000] {logging_mixin.py:190} INFO - [2026-07-18T12:13:40.924+0000] {dagbag.py:386} ERROR - Failed to import: /opt/airflow/dags/flex_eau_pipeline.py
Traceback (most recent call last):
  File "/home/airflow/.local/lib/python3.12/site-packages/airflow/models/dagbag.py", line 382, in parse
    loader.exec_module(new_module)
  File "<frozen importlib._bootstrap_external>", line 991, in exec_module
  File "<frozen importlib._bootstrap_external>", line 1129, in get_code
  File "<frozen importlib._bootstrap_external>", line 1059, in source_to_code
  File "<frozen importlib._bootstrap>", line 488, in _call_with_frames_removed
  File "/opt/airflow/dags/flex_eau_pipeline.py", line 26
    ingestion = BashOperator(
    ^^^^^^^^^
IndentationError: expected an indented block after 'with' statement on line 11
[2026-07-18T12:13:40.927+0000] {processor.py:927} WARNING - No viable dags retrieved from /opt/airflow/dags/flex_eau_pipeline.py
[2026-07-18T12:13:40.958+0000] {processor.py:208} INFO - Processing /opt/airflow/dags/flex_eau_pipeline.py took 0.080 seconds
[2026-07-18T12:14:11.871+0000] {processor.py:186} INFO - Started process (PID=90961) to work on /opt/airflow/dags/flex_eau_pipeline.py
[2026-07-18T12:14:11.873+0000] {processor.py:914} INFO - Processing file /opt/airflow/dags/flex_eau_pipeline.py for tasks to queue
[2026-07-18T12:14:11.880+0000] {logging_mixin.py:190} INFO - [2026-07-18T12:14:11.879+0000] {dagbag.py:587} INFO - Filling up the DagBag from /opt/airflow/dags/flex_eau_pipeline.py
[2026-07-18T12:14:11.940+0000] {logging_mixin.py:190} INFO - [2026-07-18T12:14:11.934+0000] {dagbag.py:386} ERROR - Failed to import: /opt/airflow/dags/flex_eau_pipeline.py
Traceback (most recent call last):
  File "/home/airflow/.local/lib/python3.12/site-packages/airflow/models/dagbag.py", line 382, in parse
    loader.exec_module(new_module)
  File "<frozen importlib._bootstrap_external>", line 991, in exec_module
  File "<frozen importlib._bootstrap_external>", line 1129, in get_code
  File "<frozen importlib._bootstrap_external>", line 1059, in source_to_code
  File "<frozen importlib._bootstrap>", line 488, in _call_with_frames_removed
  File "/opt/airflow/dags/flex_eau_pipeline.py", line 26
    ingestion = BashOperator(
    ^^^^^^^^^
IndentationError: expected an indented block after 'with' statement on line 11
[2026-07-18T12:14:11.942+0000] {processor.py:927} WARNING - No viable dags retrieved from /opt/airflow/dags/flex_eau_pipeline.py
[2026-07-18T12:14:12.006+0000] {processor.py:208} INFO - Processing /opt/airflow/dags/flex_eau_pipeline.py took 0.153 seconds
[2026-07-18T12:14:42.804+0000] {processor.py:186} INFO - Started process (PID=90966) to work on /opt/airflow/dags/flex_eau_pipeline.py
[2026-07-18T12:14:42.808+0000] {processor.py:914} INFO - Processing file /opt/airflow/dags/flex_eau_pipeline.py for tasks to queue
[2026-07-18T12:14:42.824+0000] {logging_mixin.py:190} INFO - [2026-07-18T12:14:42.822+0000] {dagbag.py:587} INFO - Filling up the DagBag from /opt/airflow/dags/flex_eau_pipeline.py
[2026-07-18T12:14:42.933+0000] {logging_mixin.py:190} INFO - [2026-07-18T12:14:42.928+0000] {dagbag.py:386} ERROR - Failed to import: /opt/airflow/dags/flex_eau_pipeline.py
Traceback (most recent call last):
  File "/home/airflow/.local/lib/python3.12/site-packages/airflow/models/dagbag.py", line 382, in parse
    loader.exec_module(new_module)
  File "<frozen importlib._bootstrap_external>", line 991, in exec_module
  File "<frozen importlib._bootstrap_external>", line 1129, in get_code
  File "<frozen importlib._bootstrap_external>", line 1059, in source_to_code
  File "<frozen importlib._bootstrap>", line 488, in _call_with_frames_removed
  File "/opt/airflow/dags/flex_eau_pipeline.py", line 26
    ingestion = BashOperator(
    ^^^^^^^^^
IndentationError: expected an indented block after 'with' statement on line 11
[2026-07-18T12:14:42.936+0000] {processor.py:927} WARNING - No viable dags retrieved from /opt/airflow/dags/flex_eau_pipeline.py
[2026-07-18T12:14:43.015+0000] {processor.py:208} INFO - Processing /opt/airflow/dags/flex_eau_pipeline.py took 0.238 seconds
[2026-07-18T12:15:13.492+0000] {processor.py:186} INFO - Started process (PID=90971) to work on /opt/airflow/dags/flex_eau_pipeline.py
[2026-07-18T12:15:13.494+0000] {processor.py:914} INFO - Processing file /opt/airflow/dags/flex_eau_pipeline.py for tasks to queue
[2026-07-18T12:15:13.501+0000] {logging_mixin.py:190} INFO - [2026-07-18T12:15:13.500+0000] {dagbag.py:587} INFO - Filling up the DagBag from /opt/airflow/dags/flex_eau_pipeline.py
[2026-07-18T12:15:13.534+0000] {logging_mixin.py:190} INFO - [2026-07-18T12:15:13.533+0000] {dagbag.py:386} ERROR - Failed to import: /opt/airflow/dags/flex_eau_pipeline.py
Traceback (most recent call last):
  File "/home/airflow/.local/lib/python3.12/site-packages/airflow/models/dagbag.py", line 382, in parse
    loader.exec_module(new_module)
  File "<frozen importlib._bootstrap_external>", line 991, in exec_module
  File "<frozen importlib._bootstrap_external>", line 1129, in get_code
  File "<frozen importlib._bootstrap_external>", line 1059, in source_to_code
  File "<frozen importlib._bootstrap>", line 488, in _call_with_frames_removed
  File "/opt/airflow/dags/flex_eau_pipeline.py", line 26
    ingestion = BashOperator(
    ^^^^^^^^^
IndentationError: expected an indented block after 'with' statement on line 11
[2026-07-18T12:15:13.535+0000] {processor.py:927} WARNING - No viable dags retrieved from /opt/airflow/dags/flex_eau_pipeline.py
[2026-07-18T12:15:13.566+0000] {processor.py:208} INFO - Processing /opt/airflow/dags/flex_eau_pipeline.py took 0.087 seconds
[2026-07-18T12:15:44.157+0000] {processor.py:186} INFO - Started process (PID=90976) to work on /opt/airflow/dags/flex_eau_pipeline.py
[2026-07-18T12:15:44.159+0000] {processor.py:914} INFO - Processing file /opt/airflow/dags/flex_eau_pipeline.py for tasks to queue
[2026-07-18T12:15:44.164+0000] {logging_mixin.py:190} INFO - [2026-07-18T12:15:44.163+0000] {dagbag.py:587} INFO - Filling up the DagBag from /opt/airflow/dags/flex_eau_pipeline.py
[2026-07-18T12:15:44.215+0000] {logging_mixin.py:190} INFO - [2026-07-18T12:15:44.212+0000] {dagbag.py:386} ERROR - Failed to import: /opt/airflow/dags/flex_eau_pipeline.py
Traceback (most recent call last):
  File "/home/airflow/.local/lib/python3.12/site-packages/airflow/models/dagbag.py", line 382, in parse
    loader.exec_module(new_module)
  File "<frozen importlib._bootstrap_external>", line 991, in exec_module
  File "<frozen importlib._bootstrap_external>", line 1129, in get_code
  File "<frozen importlib._bootstrap_external>", line 1059, in source_to_code
  File "<frozen importlib._bootstrap>", line 488, in _call_with_frames_removed
  File "/opt/airflow/dags/flex_eau_pipeline.py", line 26
    ingestion = BashOperator(
    ^^^^^^^^^
IndentationError: expected an indented block after 'with' statement on line 11
[2026-07-18T12:15:44.217+0000] {processor.py:927} WARNING - No viable dags retrieved from /opt/airflow/dags/flex_eau_pipeline.py
[2026-07-18T12:15:44.274+0000] {processor.py:208} INFO - Processing /opt/airflow/dags/flex_eau_pipeline.py took 0.131 seconds
[2026-07-18T12:16:14.900+0000] {processor.py:186} INFO - Started process (PID=90981) to work on /opt/airflow/dags/flex_eau_pipeline.py
[2026-07-18T12:16:14.902+0000] {processor.py:914} INFO - Processing file /opt/airflow/dags/flex_eau_pipeline.py for tasks to queue
[2026-07-18T12:16:14.905+0000] {logging_mixin.py:190} INFO - [2026-07-18T12:16:14.905+0000] {dagbag.py:587} INFO - Filling up the DagBag from /opt/airflow/dags/flex_eau_pipeline.py
[2026-07-18T12:16:14.938+0000] {logging_mixin.py:190} INFO - [2026-07-18T12:16:14.937+0000] {dagbag.py:386} ERROR - Failed to import: /opt/airflow/dags/flex_eau_pipeline.py
Traceback (most recent call last):
  File "/home/airflow/.local/lib/python3.12/site-packages/airflow/models/dagbag.py", line 382, in parse
    loader.exec_module(new_module)
  File "<frozen importlib._bootstrap_external>", line 991, in exec_module
  File "<frozen importlib._bootstrap_external>", line 1129, in get_code
  File "<frozen importlib._bootstrap_external>", line 1059, in source_to_code
  File "<frozen importlib._bootstrap>", line 488, in _call_with_frames_removed
  File "/opt/airflow/dags/flex_eau_pipeline.py", line 26
    ingestion = BashOperator(
    ^^^^^^^^^
IndentationError: expected an indented block after 'with' statement on line 11
[2026-07-18T12:16:14.939+0000] {processor.py:927} WARNING - No viable dags retrieved from /opt/airflow/dags/flex_eau_pipeline.py
[2026-07-18T12:16:14.970+0000] {processor.py:208} INFO - Processing /opt/airflow/dags/flex_eau_pipeline.py took 0.078 seconds
[2026-07-18T12:16:45.608+0000] {processor.py:186} INFO - Started process (PID=90986) to work on /opt/airflow/dags/flex_eau_pipeline.py
[2026-07-18T12:16:45.609+0000] {processor.py:914} INFO - Processing file /opt/airflow/dags/flex_eau_pipeline.py for tasks to queue
[2026-07-18T12:16:45.612+0000] {logging_mixin.py:190} INFO - [2026-07-18T12:16:45.612+0000] {dagbag.py:587} INFO - Filling up the DagBag from /opt/airflow/dags/flex_eau_pipeline.py
[2026-07-18T12:16:45.642+0000] {logging_mixin.py:190} INFO - [2026-07-18T12:16:45.640+0000] {dagbag.py:386} ERROR - Failed to import: /opt/airflow/dags/flex_eau_pipeline.py
Traceback (most recent call last):
  File "/home/airflow/.local/lib/python3.12/site-packages/airflow/models/dagbag.py", line 382, in parse
    loader.exec_module(new_module)
  File "<frozen importlib._bootstrap_external>", line 991, in exec_module
  File "<frozen importlib._bootstrap_external>", line 1129, in get_code
  File "<frozen importlib._bootstrap_external>", line 1059, in source_to_code
  File "<frozen importlib._bootstrap>", line 488, in _call_with_frames_removed
  File "/opt/airflow/dags/flex_eau_pipeline.py", line 26
    ingestion = BashOperator(
    ^^^^^^^^^
IndentationError: expected an indented block after 'with' statement on line 11
[2026-07-18T12:16:45.642+0000] {processor.py:927} WARNING - No viable dags retrieved from /opt/airflow/dags/flex_eau_pipeline.py
[2026-07-18T12:16:45.673+0000] {processor.py:208} INFO - Processing /opt/airflow/dags/flex_eau_pipeline.py took 0.073 seconds
[2026-07-18T12:17:16.088+0000] {processor.py:186} INFO - Started process (PID=90991) to work on /opt/airflow/dags/flex_eau_pipeline.py
[2026-07-18T12:17:16.091+0000] {processor.py:914} INFO - Processing file /opt/airflow/dags/flex_eau_pipeline.py for tasks to queue
[2026-07-18T12:17:16.098+0000] {logging_mixin.py:190} INFO - [2026-07-18T12:17:16.097+0000] {dagbag.py:587} INFO - Filling up the DagBag from /opt/airflow/dags/flex_eau_pipeline.py
[2026-07-18T12:17:16.156+0000] {logging_mixin.py:190} INFO - [2026-07-18T12:17:16.151+0000] {dagbag.py:386} ERROR - Failed to import: /opt/airflow/dags/flex_eau_pipeline.py
Traceback (most recent call last):
  File "/home/airflow/.local/lib/python3.12/site-packages/airflow/models/dagbag.py", line 382, in parse
    loader.exec_module(new_module)
  File "<frozen importlib._bootstrap_external>", line 991, in exec_module
  File "<frozen importlib._bootstrap_external>", line 1129, in get_code
  File "<frozen importlib._bootstrap_external>", line 1059, in source_to_code
  File "<frozen importlib._bootstrap>", line 488, in _call_with_frames_removed
  File "/opt/airflow/dags/flex_eau_pipeline.py", line 26
    ingestion = BashOperator(
    ^^^^^^^^^
IndentationError: expected an indented block after 'with' statement on line 11
[2026-07-18T12:17:16.158+0000] {processor.py:927} WARNING - No viable dags retrieved from /opt/airflow/dags/flex_eau_pipeline.py
[2026-07-18T12:17:16.233+0000] {processor.py:208} INFO - Processing /opt/airflow/dags/flex_eau_pipeline.py took 0.165 seconds
[2026-07-18T12:17:46.691+0000] {processor.py:186} INFO - Started process (PID=90996) to work on /opt/airflow/dags/flex_eau_pipeline.py
[2026-07-18T12:17:46.692+0000] {processor.py:914} INFO - Processing file /opt/airflow/dags/flex_eau_pipeline.py for tasks to queue
[2026-07-18T12:17:46.696+0000] {logging_mixin.py:190} INFO - [2026-07-18T12:17:46.695+0000] {dagbag.py:587} INFO - Filling up the DagBag from /opt/airflow/dags/flex_eau_pipeline.py
[2026-07-18T12:17:46.724+0000] {logging_mixin.py:190} INFO - [2026-07-18T12:17:46.722+0000] {dagbag.py:386} ERROR - Failed to import: /opt/airflow/dags/flex_eau_pipeline.py
Traceback (most recent call last):
  File "/home/airflow/.local/lib/python3.12/site-packages/airflow/models/dagbag.py", line 382, in parse
    loader.exec_module(new_module)
  File "<frozen importlib._bootstrap_external>", line 991, in exec_module
  File "<frozen importlib._bootstrap_external>", line 1129, in get_code
  File "<frozen importlib._bootstrap_external>", line 1059, in source_to_code
  File "<frozen importlib._bootstrap>", line 488, in _call_with_frames_removed
  File "/opt/airflow/dags/flex_eau_pipeline.py", line 26
    ingestion = BashOperator(
    ^^^^^^^^^
IndentationError: expected an indented block after 'with' statement on line 11
[2026-07-18T12:17:46.726+0000] {processor.py:927} WARNING - No viable dags retrieved from /opt/airflow/dags/flex_eau_pipeline.py
[2026-07-18T12:17:46.765+0000] {processor.py:208} INFO - Processing /opt/airflow/dags/flex_eau_pipeline.py took 0.084 seconds
[2026-07-18T12:18:17.341+0000] {processor.py:186} INFO - Started process (PID=91001) to work on /opt/airflow/dags/flex_eau_pipeline.py
[2026-07-18T12:18:17.346+0000] {processor.py:914} INFO - Processing file /opt/airflow/dags/flex_eau_pipeline.py for tasks to queue
[2026-07-18T12:18:17.359+0000] {logging_mixin.py:190} INFO - [2026-07-18T12:18:17.356+0000] {dagbag.py:587} INFO - Filling up the DagBag from /opt/airflow/dags/flex_eau_pipeline.py
[2026-07-18T12:18:17.467+0000] {logging_mixin.py:190} INFO - [2026-07-18T12:18:17.462+0000] {dagbag.py:386} ERROR - Failed to import: /opt/airflow/dags/flex_eau_pipeline.py
Traceback (most recent call last):
  File "/home/airflow/.local/lib/python3.12/site-packages/airflow/models/dagbag.py", line 382, in parse
    loader.exec_module(new_module)
  File "<frozen importlib._bootstrap_external>", line 991, in exec_module
  File "<frozen importlib._bootstrap_external>", line 1129, in get_code
  File "<frozen importlib._bootstrap_external>", line 1059, in source_to_code
  File "<frozen importlib._bootstrap>", line 488, in _call_with_frames_removed
  File "/opt/airflow/dags/flex_eau_pipeline.py", line 26
    ingestion = BashOperator(
    ^^^^^^^^^
IndentationError: expected an indented block after 'with' statement on line 11
[2026-07-18T12:18:17.470+0000] {processor.py:927} WARNING - No viable dags retrieved from /opt/airflow/dags/flex_eau_pipeline.py
[2026-07-18T12:18:17.585+0000] {processor.py:208} INFO - Processing /opt/airflow/dags/flex_eau_pipeline.py took 0.275 seconds
[2026-07-18T12:18:47.955+0000] {processor.py:186} INFO - Started process (PID=91006) to work on /opt/airflow/dags/flex_eau_pipeline.py
[2026-07-18T12:18:47.957+0000] {processor.py:914} INFO - Processing file /opt/airflow/dags/flex_eau_pipeline.py for tasks to queue
[2026-07-18T12:18:47.961+0000] {logging_mixin.py:190} INFO - [2026-07-18T12:18:47.961+0000] {dagbag.py:587} INFO - Filling up the DagBag from /opt/airflow/dags/flex_eau_pipeline.py
[2026-07-18T12:18:48.002+0000] {logging_mixin.py:190} INFO - [2026-07-18T12:18:48.000+0000] {dagbag.py:386} ERROR - Failed to import: /opt/airflow/dags/flex_eau_pipeline.py
Traceback (most recent call last):
  File "/home/airflow/.local/lib/python3.12/site-packages/airflow/models/dagbag.py", line 382, in parse
    loader.exec_module(new_module)
  File "<frozen importlib._bootstrap_external>", line 991, in exec_module
  File "<frozen importlib._bootstrap_external>", line 1129, in get_code
  File "<frozen importlib._bootstrap_external>", line 1059, in source_to_code
  File "<frozen importlib._bootstrap>", line 488, in _call_with_frames_removed
  File "/opt/airflow/dags/flex_eau_pipeline.py", line 26
    ingestion = BashOperator(
    ^^^^^^^^^
IndentationError: expected an indented block after 'with' statement on line 11
[2026-07-18T12:18:48.003+0000] {processor.py:927} WARNING - No viable dags retrieved from /opt/airflow/dags/flex_eau_pipeline.py
[2026-07-18T12:18:48.052+0000] {processor.py:208} INFO - Processing /opt/airflow/dags/flex_eau_pipeline.py took 0.108 seconds
[2026-07-18T12:19:18.536+0000] {processor.py:186} INFO - Started process (PID=91011) to work on /opt/airflow/dags/flex_eau_pipeline.py
[2026-07-18T12:19:18.539+0000] {processor.py:914} INFO - Processing file /opt/airflow/dags/flex_eau_pipeline.py for tasks to queue
[2026-07-18T12:19:18.547+0000] {logging_mixin.py:190} INFO - [2026-07-18T12:19:18.546+0000] {dagbag.py:587} INFO - Filling up the DagBag from /opt/airflow/dags/flex_eau_pipeline.py
[2026-07-18T12:19:18.613+0000] {logging_mixin.py:190} INFO - [2026-07-18T12:19:18.610+0000] {dagbag.py:386} ERROR - Failed to import: /opt/airflow/dags/flex_eau_pipeline.py
Traceback (most recent call last):
  File "/home/airflow/.local/lib/python3.12/site-packages/airflow/models/dagbag.py", line 382, in parse
    loader.exec_module(new_module)
  File "<frozen importlib._bootstrap_external>", line 991, in exec_module
  File "<frozen importlib._bootstrap_external>", line 1129, in get_code
  File "<frozen importlib._bootstrap_external>", line 1059, in source_to_code
  File "<frozen importlib._bootstrap>", line 488, in _call_with_frames_removed
  File "/opt/airflow/dags/flex_eau_pipeline.py", line 26
    ingestion = BashOperator(
    ^^^^^^^^^
IndentationError: expected an indented block after 'with' statement on line 11
[2026-07-18T12:19:18.615+0000] {processor.py:927} WARNING - No viable dags retrieved from /opt/airflow/dags/flex_eau_pipeline.py
[2026-07-18T12:19:18.690+0000] {processor.py:208} INFO - Processing /opt/airflow/dags/flex_eau_pipeline.py took 0.172 seconds
[2026-07-18T12:19:49.359+0000] {processor.py:186} INFO - Started process (PID=91016) to work on /opt/airflow/dags/flex_eau_pipeline.py
[2026-07-18T12:19:49.360+0000] {processor.py:914} INFO - Processing file /opt/airflow/dags/flex_eau_pipeline.py for tasks to queue
[2026-07-18T12:19:49.365+0000] {logging_mixin.py:190} INFO - [2026-07-18T12:19:49.364+0000] {dagbag.py:587} INFO - Filling up the DagBag from /opt/airflow/dags/flex_eau_pipeline.py
[2026-07-18T12:19:49.405+0000] {logging_mixin.py:190} INFO - [2026-07-18T12:19:49.403+0000] {dagbag.py:386} ERROR - Failed to import: /opt/airflow/dags/flex_eau_pipeline.py
Traceback (most recent call last):
  File "/home/airflow/.local/lib/python3.12/site-packages/airflow/models/dagbag.py", line 382, in parse
    loader.exec_module(new_module)
  File "<frozen importlib._bootstrap_external>", line 991, in exec_module
  File "<frozen importlib._bootstrap_external>", line 1129, in get_code
  File "<frozen importlib._bootstrap_external>", line 1059, in source_to_code
  File "<frozen importlib._bootstrap>", line 488, in _call_with_frames_removed
  File "/opt/airflow/dags/flex_eau_pipeline.py", line 26
    ingestion = BashOperator(
    ^^^^^^^^^
IndentationError: expected an indented block after 'with' statement on line 11
[2026-07-18T12:19:49.407+0000] {processor.py:927} WARNING - No viable dags retrieved from /opt/airflow/dags/flex_eau_pipeline.py
[2026-07-18T12:19:49.451+0000] {processor.py:208} INFO - Processing /opt/airflow/dags/flex_eau_pipeline.py took 0.105 seconds
[2026-07-18T12:20:19.829+0000] {processor.py:186} INFO - Started process (PID=91021) to work on /opt/airflow/dags/flex_eau_pipeline.py
[2026-07-18T12:20:19.831+0000] {processor.py:914} INFO - Processing file /opt/airflow/dags/flex_eau_pipeline.py for tasks to queue
[2026-07-18T12:20:19.836+0000] {logging_mixin.py:190} INFO - [2026-07-18T12:20:19.835+0000] {dagbag.py:587} INFO - Filling up the DagBag from /opt/airflow/dags/flex_eau_pipeline.py
[2026-07-18T12:20:19.884+0000] {logging_mixin.py:190} INFO - [2026-07-18T12:20:19.883+0000] {dagbag.py:386} ERROR - Failed to import: /opt/airflow/dags/flex_eau_pipeline.py
Traceback (most recent call last):
  File "/home/airflow/.local/lib/python3.12/site-packages/airflow/models/dagbag.py", line 382, in parse
    loader.exec_module(new_module)
  File "<frozen importlib._bootstrap_external>", line 991, in exec_module
  File "<frozen importlib._bootstrap_external>", line 1129, in get_code
  File "<frozen importlib._bootstrap_external>", line 1059, in source_to_code
  File "<frozen importlib._bootstrap>", line 488, in _call_with_frames_removed
  File "/opt/airflow/dags/flex_eau_pipeline.py", line 26
    ingestion = BashOperator(
    ^^^^^^^^^
IndentationError: expected an indented block after 'with' statement on line 11
[2026-07-18T12:20:19.886+0000] {processor.py:927} WARNING - No viable dags retrieved from /opt/airflow/dags/flex_eau_pipeline.py
[2026-07-18T12:20:19.932+0000] {processor.py:208} INFO - Processing /opt/airflow/dags/flex_eau_pipeline.py took 0.116 seconds
[2026-07-18T12:20:50.547+0000] {processor.py:186} INFO - Started process (PID=91026) to work on /opt/airflow/dags/flex_eau_pipeline.py
[2026-07-18T12:20:50.554+0000] {processor.py:914} INFO - Processing file /opt/airflow/dags/flex_eau_pipeline.py for tasks to queue
[2026-07-18T12:20:50.575+0000] {logging_mixin.py:190} INFO - [2026-07-18T12:20:50.570+0000] {dagbag.py:587} INFO - Filling up the DagBag from /opt/airflow/dags/flex_eau_pipeline.py
[2026-07-18T12:20:50.702+0000] {logging_mixin.py:190} INFO - [2026-07-18T12:20:50.697+0000] {dagbag.py:386} ERROR - Failed to import: /opt/airflow/dags/flex_eau_pipeline.py
Traceback (most recent call last):
  File "/home/airflow/.local/lib/python3.12/site-packages/airflow/models/dagbag.py", line 382, in parse
    loader.exec_module(new_module)
  File "<frozen importlib._bootstrap_external>", line 991, in exec_module
  File "<frozen importlib._bootstrap_external>", line 1129, in get_code
  File "<frozen importlib._bootstrap_external>", line 1059, in source_to_code
  File "<frozen importlib._bootstrap>", line 488, in _call_with_frames_removed
  File "/opt/airflow/dags/flex_eau_pipeline.py", line 26
    ingestion = BashOperator(
    ^^^^^^^^^
IndentationError: expected an indented block after 'with' statement on line 11
[2026-07-18T12:20:50.707+0000] {processor.py:927} WARNING - No viable dags retrieved from /opt/airflow/dags/flex_eau_pipeline.py
[2026-07-18T12:20:50.830+0000] {processor.py:208} INFO - Processing /opt/airflow/dags/flex_eau_pipeline.py took 0.319 seconds
[2026-07-18T12:21:21.019+0000] {processor.py:186} INFO - Started process (PID=91031) to work on /opt/airflow/dags/flex_eau_pipeline.py
[2026-07-18T12:21:21.021+0000] {processor.py:914} INFO - Processing file /opt/airflow/dags/flex_eau_pipeline.py for tasks to queue
[2026-07-18T12:21:21.029+0000] {logging_mixin.py:190} INFO - [2026-07-18T12:21:21.028+0000] {dagbag.py:587} INFO - Filling up the DagBag from /opt/airflow/dags/flex_eau_pipeline.py
[2026-07-18T12:21:21.097+0000] {logging_mixin.py:190} INFO - [2026-07-18T12:21:21.094+0000] {dagbag.py:386} ERROR - Failed to import: /opt/airflow/dags/flex_eau_pipeline.py
Traceback (most recent call last):
  File "/home/airflow/.local/lib/python3.12/site-packages/airflow/models/dagbag.py", line 382, in parse
    loader.exec_module(new_module)
  File "<frozen importlib._bootstrap_external>", line 991, in exec_module
  File "<frozen importlib._bootstrap_external>", line 1129, in get_code
  File "<frozen importlib._bootstrap_external>", line 1059, in source_to_code
  File "<frozen importlib._bootstrap>", line 488, in _call_with_frames_removed
  File "/opt/airflow/dags/flex_eau_pipeline.py", line 26
    ingestion = BashOperator(
    ^^^^^^^^^
IndentationError: expected an indented block after 'with' statement on line 11
[2026-07-18T12:21:21.099+0000] {processor.py:927} WARNING - No viable dags retrieved from /opt/airflow/dags/flex_eau_pipeline.py
[2026-07-18T12:21:21.167+0000] {processor.py:208} INFO - Processing /opt/airflow/dags/flex_eau_pipeline.py took 0.168 seconds
[2026-07-18T12:21:51.765+0000] {processor.py:186} INFO - Started process (PID=91036) to work on /opt/airflow/dags/flex_eau_pipeline.py
[2026-07-18T12:21:51.767+0000] {processor.py:914} INFO - Processing file /opt/airflow/dags/flex_eau_pipeline.py for tasks to queue
[2026-07-18T12:21:51.770+0000] {logging_mixin.py:190} INFO - [2026-07-18T12:21:51.770+0000] {dagbag.py:587} INFO - Filling up the DagBag from /opt/airflow/dags/flex_eau_pipeline.py
[2026-07-18T12:21:51.806+0000] {logging_mixin.py:190} INFO - [2026-07-18T12:21:51.803+0000] {dagbag.py:386} ERROR - Failed to import: /opt/airflow/dags/flex_eau_pipeline.py
Traceback (most recent call last):
  File "/home/airflow/.local/lib/python3.12/site-packages/airflow/models/dagbag.py", line 382, in parse
    loader.exec_module(new_module)
  File "<frozen importlib._bootstrap_external>", line 991, in exec_module
  File "<frozen importlib._bootstrap_external>", line 1129, in get_code
  File "<frozen importlib._bootstrap_external>", line 1059, in source_to_code
  File "<frozen importlib._bootstrap>", line 488, in _call_with_frames_removed
  File "/opt/airflow/dags/flex_eau_pipeline.py", line 26
    ingestion = BashOperator(
    ^^^^^^^^^
IndentationError: expected an indented block after 'with' statement on line 11
[2026-07-18T12:21:51.807+0000] {processor.py:927} WARNING - No viable dags retrieved from /opt/airflow/dags/flex_eau_pipeline.py
[2026-07-18T12:21:51.846+0000] {processor.py:208} INFO - Processing /opt/airflow/dags/flex_eau_pipeline.py took 0.090 seconds
[2026-07-18T12:22:22.360+0000] {processor.py:186} INFO - Started process (PID=91041) to work on /opt/airflow/dags/flex_eau_pipeline.py
[2026-07-18T12:22:22.362+0000] {processor.py:914} INFO - Processing file /opt/airflow/dags/flex_eau_pipeline.py for tasks to queue
[2026-07-18T12:22:22.365+0000] {logging_mixin.py:190} INFO - [2026-07-18T12:22:22.365+0000] {dagbag.py:587} INFO - Filling up the DagBag from /opt/airflow/dags/flex_eau_pipeline.py
[2026-07-18T12:22:22.400+0000] {logging_mixin.py:190} INFO - [2026-07-18T12:22:22.399+0000] {dagbag.py:386} ERROR - Failed to import: /opt/airflow/dags/flex_eau_pipeline.py
Traceback (most recent call last):
  File "/home/airflow/.local/lib/python3.12/site-packages/airflow/models/dagbag.py", line 382, in parse
    loader.exec_module(new_module)
  File "<frozen importlib._bootstrap_external>", line 991, in exec_module
  File "<frozen importlib._bootstrap_external>", line 1129, in get_code
  File "<frozen importlib._bootstrap_external>", line 1059, in source_to_code
  File "<frozen importlib._bootstrap>", line 488, in _call_with_frames_removed
  File "/opt/airflow/dags/flex_eau_pipeline.py", line 26
    ingestion = BashOperator(
    ^^^^^^^^^
IndentationError: expected an indented block after 'with' statement on line 11
[2026-07-18T12:22:22.402+0000] {processor.py:927} WARNING - No viable dags retrieved from /opt/airflow/dags/flex_eau_pipeline.py
[2026-07-18T12:22:22.436+0000] {processor.py:208} INFO - Processing /opt/airflow/dags/flex_eau_pipeline.py took 0.086 seconds
[2026-07-18T12:22:53.241+0000] {processor.py:186} INFO - Started process (PID=91046) to work on /opt/airflow/dags/flex_eau_pipeline.py
[2026-07-18T12:22:53.245+0000] {processor.py:914} INFO - Processing file /opt/airflow/dags/flex_eau_pipeline.py for tasks to queue
[2026-07-18T12:22:53.258+0000] {logging_mixin.py:190} INFO - [2026-07-18T12:22:53.256+0000] {dagbag.py:587} INFO - Filling up the DagBag from /opt/airflow/dags/flex_eau_pipeline.py
[2026-07-18T12:22:53.366+0000] {logging_mixin.py:190} INFO - [2026-07-18T12:22:53.361+0000] {dagbag.py:386} ERROR - Failed to import: /opt/airflow/dags/flex_eau_pipeline.py
Traceback (most recent call last):
  File "/home/airflow/.local/lib/python3.12/site-packages/airflow/models/dagbag.py", line 382, in parse
    loader.exec_module(new_module)
  File "<frozen importlib._bootstrap_external>", line 991, in exec_module
  File "<frozen importlib._bootstrap_external>", line 1129, in get_code
  File "<frozen importlib._bootstrap_external>", line 1059, in source_to_code
  File "<frozen importlib._bootstrap>", line 488, in _call_with_frames_removed
  File "/opt/airflow/dags/flex_eau_pipeline.py", line 26
    ingestion = BashOperator(
    ^^^^^^^^^
IndentationError: expected an indented block after 'with' statement on line 11
[2026-07-18T12:22:53.370+0000] {processor.py:927} WARNING - No viable dags retrieved from /opt/airflow/dags/flex_eau_pipeline.py
[2026-07-18T12:22:53.475+0000] {processor.py:208} INFO - Processing /opt/airflow/dags/flex_eau_pipeline.py took 0.263 seconds
[2026-07-18T12:23:23.943+0000] {processor.py:186} INFO - Started process (PID=91051) to work on /opt/airflow/dags/flex_eau_pipeline.py
[2026-07-18T12:23:23.948+0000] {processor.py:914} INFO - Processing file /opt/airflow/dags/flex_eau_pipeline.py for tasks to queue
[2026-07-18T12:23:23.963+0000] {logging_mixin.py:190} INFO - [2026-07-18T12:23:23.961+0000] {dagbag.py:587} INFO - Filling up the DagBag from /opt/airflow/dags/flex_eau_pipeline.py
[2026-07-18T12:23:24.128+0000] {logging_mixin.py:190} INFO - [2026-07-18T12:23:24.123+0000] {dagbag.py:386} ERROR - Failed to import: /opt/airflow/dags/flex_eau_pipeline.py
Traceback (most recent call last):
  File "/home/airflow/.local/lib/python3.12/site-packages/airflow/models/dagbag.py", line 382, in parse
    loader.exec_module(new_module)
  File "<frozen importlib._bootstrap_external>", line 991, in exec_module
  File "<frozen importlib._bootstrap_external>", line 1129, in get_code
  File "<frozen importlib._bootstrap_external>", line 1059, in source_to_code
  File "<frozen importlib._bootstrap>", line 488, in _call_with_frames_removed
  File "/opt/airflow/dags/flex_eau_pipeline.py", line 26
    ingestion = BashOperator(
    ^^^^^^^^^
IndentationError: expected an indented block after 'with' statement on line 11
[2026-07-18T12:23:24.130+0000] {processor.py:927} WARNING - No viable dags retrieved from /opt/airflow/dags/flex_eau_pipeline.py
[2026-07-18T12:23:24.171+0000] {processor.py:208} INFO - Processing /opt/airflow/dags/flex_eau_pipeline.py took 0.264 seconds
[2026-07-18T12:23:54.639+0000] {processor.py:186} INFO - Started process (PID=91056) to work on /opt/airflow/dags/flex_eau_pipeline.py
[2026-07-18T12:23:54.640+0000] {processor.py:914} INFO - Processing file /opt/airflow/dags/flex_eau_pipeline.py for tasks to queue
[2026-07-18T12:23:54.646+0000] {logging_mixin.py:190} INFO - [2026-07-18T12:23:54.645+0000] {dagbag.py:587} INFO - Filling up the DagBag from /opt/airflow/dags/flex_eau_pipeline.py
[2026-07-18T12:23:54.685+0000] {logging_mixin.py:190} INFO - [2026-07-18T12:23:54.684+0000] {dagbag.py:386} ERROR - Failed to import: /opt/airflow/dags/flex_eau_pipeline.py
Traceback (most recent call last):
  File "/home/airflow/.local/lib/python3.12/site-packages/airflow/models/dagbag.py", line 382, in parse
    loader.exec_module(new_module)
  File "<frozen importlib._bootstrap_external>", line 991, in exec_module
  File "<frozen importlib._bootstrap_external>", line 1129, in get_code
  File "<frozen importlib._bootstrap_external>", line 1059, in source_to_code
  File "<frozen importlib._bootstrap>", line 488, in _call_with_frames_removed
  File "/opt/airflow/dags/flex_eau_pipeline.py", line 26
    ingestion = BashOperator(
    ^^^^^^^^^
IndentationError: expected an indented block after 'with' statement on line 11
[2026-07-18T12:23:54.687+0000] {processor.py:927} WARNING - No viable dags retrieved from /opt/airflow/dags/flex_eau_pipeline.py
[2026-07-18T12:23:54.719+0000] {processor.py:208} INFO - Processing /opt/airflow/dags/flex_eau_pipeline.py took 0.088 seconds
[2026-07-18T12:24:25.337+0000] {processor.py:186} INFO - Started process (PID=91061) to work on /opt/airflow/dags/flex_eau_pipeline.py
[2026-07-18T12:24:25.339+0000] {processor.py:914} INFO - Processing file /opt/airflow/dags/flex_eau_pipeline.py for tasks to queue
[2026-07-18T12:24:25.344+0000] {logging_mixin.py:190} INFO - [2026-07-18T12:24:25.344+0000] {dagbag.py:587} INFO - Filling up the DagBag from /opt/airflow/dags/flex_eau_pipeline.py
[2026-07-18T12:24:25.391+0000] {logging_mixin.py:190} INFO - [2026-07-18T12:24:25.389+0000] {dagbag.py:386} ERROR - Failed to import: /opt/airflow/dags/flex_eau_pipeline.py
Traceback (most recent call last):
  File "/home/airflow/.local/lib/python3.12/site-packages/airflow/models/dagbag.py", line 382, in parse
    loader.exec_module(new_module)
  File "<frozen importlib._bootstrap_external>", line 991, in exec_module
  File "<frozen importlib._bootstrap_external>", line 1129, in get_code
  File "<frozen importlib._bootstrap_external>", line 1059, in source_to_code
  File "<frozen importlib._bootstrap>", line 488, in _call_with_frames_removed
  File "/opt/airflow/dags/flex_eau_pipeline.py", line 26
    ingestion = BashOperator(
    ^^^^^^^^^
IndentationError: expected an indented block after 'with' statement on line 11
[2026-07-18T12:24:25.393+0000] {processor.py:927} WARNING - No viable dags retrieved from /opt/airflow/dags/flex_eau_pipeline.py
[2026-07-18T12:24:25.438+0000] {processor.py:208} INFO - Processing /opt/airflow/dags/flex_eau_pipeline.py took 0.111 seconds
[2026-07-18T12:24:56.117+0000] {processor.py:186} INFO - Started process (PID=91066) to work on /opt/airflow/dags/flex_eau_pipeline.py
[2026-07-18T12:24:56.121+0000] {processor.py:914} INFO - Processing file /opt/airflow/dags/flex_eau_pipeline.py for tasks to queue
[2026-07-18T12:24:56.128+0000] {logging_mixin.py:190} INFO - [2026-07-18T12:24:56.127+0000] {dagbag.py:587} INFO - Filling up the DagBag from /opt/airflow/dags/flex_eau_pipeline.py
[2026-07-18T12:24:56.195+0000] {logging_mixin.py:190} INFO - [2026-07-18T12:24:56.192+0000] {dagbag.py:386} ERROR - Failed to import: /opt/airflow/dags/flex_eau_pipeline.py
Traceback (most recent call last):
  File "/home/airflow/.local/lib/python3.12/site-packages/airflow/models/dagbag.py", line 382, in parse
    loader.exec_module(new_module)
  File "<frozen importlib._bootstrap_external>", line 991, in exec_module
  File "<frozen importlib._bootstrap_external>", line 1129, in get_code
  File "<frozen importlib._bootstrap_external>", line 1059, in source_to_code
  File "<frozen importlib._bootstrap>", line 488, in _call_with_frames_removed
  File "/opt/airflow/dags/flex_eau_pipeline.py", line 26
    ingestion = BashOperator(
    ^^^^^^^^^
IndentationError: expected an indented block after 'with' statement on line 11
[2026-07-18T12:24:56.197+0000] {processor.py:927} WARNING - No viable dags retrieved from /opt/airflow/dags/flex_eau_pipeline.py
[2026-07-18T12:24:56.260+0000] {processor.py:208} INFO - Processing /opt/airflow/dags/flex_eau_pipeline.py took 0.182 seconds
[2026-07-18T12:25:26.655+0000] {processor.py:186} INFO - Started process (PID=91071) to work on /opt/airflow/dags/flex_eau_pipeline.py
[2026-07-18T12:25:26.658+0000] {processor.py:914} INFO - Processing file /opt/airflow/dags/flex_eau_pipeline.py for tasks to queue
[2026-07-18T12:25:26.664+0000] {logging_mixin.py:190} INFO - [2026-07-18T12:25:26.663+0000] {dagbag.py:587} INFO - Filling up the DagBag from /opt/airflow/dags/flex_eau_pipeline.py
[2026-07-18T12:25:26.717+0000] {logging_mixin.py:190} INFO - [2026-07-18T12:25:26.714+0000] {dagbag.py:386} ERROR - Failed to import: /opt/airflow/dags/flex_eau_pipeline.py
Traceback (most recent call last):
  File "/home/airflow/.local/lib/python3.12/site-packages/airflow/models/dagbag.py", line 382, in parse
    loader.exec_module(new_module)
  File "<frozen importlib._bootstrap_external>", line 991, in exec_module
  File "<frozen importlib._bootstrap_external>", line 1129, in get_code
  File "<frozen importlib._bootstrap_external>", line 1059, in source_to_code
  File "<frozen importlib._bootstrap>", line 488, in _call_with_frames_removed
  File "/opt/airflow/dags/flex_eau_pipeline.py", line 26
    ingestion = BashOperator(
    ^^^^^^^^^
IndentationError: expected an indented block after 'with' statement on line 11
[2026-07-18T12:25:26.720+0000] {processor.py:927} WARNING - No viable dags retrieved from /opt/airflow/dags/flex_eau_pipeline.py
[2026-07-18T12:25:26.773+0000] {processor.py:208} INFO - Processing /opt/airflow/dags/flex_eau_pipeline.py took 0.137 seconds
[2026-07-18T12:25:57.228+0000] {processor.py:186} INFO - Started process (PID=91076) to work on /opt/airflow/dags/flex_eau_pipeline.py
[2026-07-18T12:25:57.231+0000] {processor.py:914} INFO - Processing file /opt/airflow/dags/flex_eau_pipeline.py for tasks to queue
[2026-07-18T12:25:57.239+0000] {logging_mixin.py:190} INFO - [2026-07-18T12:25:57.238+0000] {dagbag.py:587} INFO - Filling up the DagBag from /opt/airflow/dags/flex_eau_pipeline.py
[2026-07-18T12:25:57.306+0000] {logging_mixin.py:190} INFO - [2026-07-18T12:25:57.303+0000] {dagbag.py:386} ERROR - Failed to import: /opt/airflow/dags/flex_eau_pipeline.py
Traceback (most recent call last):
  File "/home/airflow/.local/lib/python3.12/site-packages/airflow/models/dagbag.py", line 382, in parse
    loader.exec_module(new_module)
  File "<frozen importlib._bootstrap_external>", line 991, in exec_module
  File "<frozen importlib._bootstrap_external>", line 1129, in get_code
  File "<frozen importlib._bootstrap_external>", line 1059, in source_to_code
  File "<frozen importlib._bootstrap>", line 488, in _call_with_frames_removed
  File "/opt/airflow/dags/flex_eau_pipeline.py", line 26
    ingestion = BashOperator(
    ^^^^^^^^^
IndentationError: expected an indented block after 'with' statement on line 11
[2026-07-18T12:25:57.312+0000] {processor.py:927} WARNING - No viable dags retrieved from /opt/airflow/dags/flex_eau_pipeline.py
[2026-07-18T12:25:57.373+0000] {processor.py:208} INFO - Processing /opt/airflow/dags/flex_eau_pipeline.py took 0.165 seconds
[2026-07-18T12:26:28.064+0000] {processor.py:186} INFO - Started process (PID=91081) to work on /opt/airflow/dags/flex_eau_pipeline.py
[2026-07-18T12:26:28.069+0000] {processor.py:914} INFO - Processing file /opt/airflow/dags/flex_eau_pipeline.py for tasks to queue
[2026-07-18T12:26:28.080+0000] {logging_mixin.py:190} INFO - [2026-07-18T12:26:28.079+0000] {dagbag.py:587} INFO - Filling up the DagBag from /opt/airflow/dags/flex_eau_pipeline.py
[2026-07-18T12:26:28.130+0000] {logging_mixin.py:190} INFO - [2026-07-18T12:26:28.128+0000] {dagbag.py:386} ERROR - Failed to import: /opt/airflow/dags/flex_eau_pipeline.py
Traceback (most recent call last):
  File "/home/airflow/.local/lib/python3.12/site-packages/airflow/models/dagbag.py", line 382, in parse
    loader.exec_module(new_module)
  File "<frozen importlib._bootstrap_external>", line 991, in exec_module
  File "<frozen importlib._bootstrap_external>", line 1129, in get_code
  File "<frozen importlib._bootstrap_external>", line 1059, in source_to_code
  File "<frozen importlib._bootstrap>", line 488, in _call_with_frames_removed
  File "/opt/airflow/dags/flex_eau_pipeline.py", line 26
    ingestion = BashOperator(
    ^^^^^^^^^
IndentationError: expected an indented block after 'with' statement on line 11
[2026-07-18T12:26:28.131+0000] {processor.py:927} WARNING - No viable dags retrieved from /opt/airflow/dags/flex_eau_pipeline.py
[2026-07-18T12:26:28.182+0000] {processor.py:208} INFO - Processing /opt/airflow/dags/flex_eau_pipeline.py took 0.146 seconds
[2026-07-18T12:26:58.701+0000] {processor.py:186} INFO - Started process (PID=91086) to work on /opt/airflow/dags/flex_eau_pipeline.py
[2026-07-18T12:26:58.704+0000] {processor.py:914} INFO - Processing file /opt/airflow/dags/flex_eau_pipeline.py for tasks to queue
[2026-07-18T12:26:58.712+0000] {logging_mixin.py:190} INFO - [2026-07-18T12:26:58.711+0000] {dagbag.py:587} INFO - Filling up the DagBag from /opt/airflow/dags/flex_eau_pipeline.py
[2026-07-18T12:26:58.771+0000] {logging_mixin.py:190} INFO - [2026-07-18T12:26:58.769+0000] {dagbag.py:386} ERROR - Failed to import: /opt/airflow/dags/flex_eau_pipeline.py
Traceback (most recent call last):
  File "/home/airflow/.local/lib/python3.12/site-packages/airflow/models/dagbag.py", line 382, in parse
    loader.exec_module(new_module)
  File "<frozen importlib._bootstrap_external>", line 991, in exec_module
  File "<frozen importlib._bootstrap_external>", line 1129, in get_code
  File "<frozen importlib._bootstrap_external>", line 1059, in source_to_code
  File "<frozen importlib._bootstrap>", line 488, in _call_with_frames_removed
  File "/opt/airflow/dags/flex_eau_pipeline.py", line 26
    ingestion = BashOperator(
    ^^^^^^^^^
IndentationError: expected an indented block after 'with' statement on line 11
[2026-07-18T12:26:58.773+0000] {processor.py:927} WARNING - No viable dags retrieved from /opt/airflow/dags/flex_eau_pipeline.py
[2026-07-18T12:26:58.839+0000] {processor.py:208} INFO - Processing /opt/airflow/dags/flex_eau_pipeline.py took 0.168 seconds
[2026-07-18T12:27:29.454+0000] {processor.py:186} INFO - Started process (PID=91091) to work on /opt/airflow/dags/flex_eau_pipeline.py
[2026-07-18T12:27:29.457+0000] {processor.py:914} INFO - Processing file /opt/airflow/dags/flex_eau_pipeline.py for tasks to queue
[2026-07-18T12:27:29.467+0000] {logging_mixin.py:190} INFO - [2026-07-18T12:27:29.466+0000] {dagbag.py:587} INFO - Filling up the DagBag from /opt/airflow/dags/flex_eau_pipeline.py
[2026-07-18T12:27:29.530+0000] {logging_mixin.py:190} INFO - [2026-07-18T12:27:29.527+0000] {dagbag.py:386} ERROR - Failed to import: /opt/airflow/dags/flex_eau_pipeline.py
Traceback (most recent call last):
  File "/home/airflow/.local/lib/python3.12/site-packages/airflow/models/dagbag.py", line 382, in parse
    loader.exec_module(new_module)
  File "<frozen importlib._bootstrap_external>", line 991, in exec_module
  File "<frozen importlib._bootstrap_external>", line 1129, in get_code
  File "<frozen importlib._bootstrap_external>", line 1059, in source_to_code
  File "<frozen importlib._bootstrap>", line 488, in _call_with_frames_removed
  File "/opt/airflow/dags/flex_eau_pipeline.py", line 26
    ingestion = BashOperator(
    ^^^^^^^^^
IndentationError: expected an indented block after 'with' statement on line 11
[2026-07-18T12:27:29.533+0000] {processor.py:927} WARNING - No viable dags retrieved from /opt/airflow/dags/flex_eau_pipeline.py
[2026-07-18T12:27:29.597+0000] {processor.py:208} INFO - Processing /opt/airflow/dags/flex_eau_pipeline.py took 0.161 seconds
[2026-07-18T12:28:00.105+0000] {processor.py:186} INFO - Started process (PID=91096) to work on /opt/airflow/dags/flex_eau_pipeline.py
[2026-07-18T12:28:00.106+0000] {processor.py:914} INFO - Processing file /opt/airflow/dags/flex_eau_pipeline.py for tasks to queue
[2026-07-18T12:28:00.110+0000] {logging_mixin.py:190} INFO - [2026-07-18T12:28:00.110+0000] {dagbag.py:587} INFO - Filling up the DagBag from /opt/airflow/dags/flex_eau_pipeline.py
[2026-07-18T12:28:00.135+0000] {logging_mixin.py:190} INFO - [2026-07-18T12:28:00.134+0000] {dagbag.py:386} ERROR - Failed to import: /opt/airflow/dags/flex_eau_pipeline.py
Traceback (most recent call last):
  File "/home/airflow/.local/lib/python3.12/site-packages/airflow/models/dagbag.py", line 382, in parse
    loader.exec_module(new_module)
  File "<frozen importlib._bootstrap_external>", line 991, in exec_module
  File "<frozen importlib._bootstrap_external>", line 1129, in get_code
  File "<frozen importlib._bootstrap_external>", line 1059, in source_to_code
  File "<frozen importlib._bootstrap>", line 488, in _call_with_frames_removed
  File "/opt/airflow/dags/flex_eau_pipeline.py", line 26
    ingestion = BashOperator(
    ^^^^^^^^^
IndentationError: expected an indented block after 'with' statement on line 11
[2026-07-18T12:28:00.137+0000] {processor.py:927} WARNING - No viable dags retrieved from /opt/airflow/dags/flex_eau_pipeline.py
[2026-07-18T12:28:00.169+0000] {processor.py:208} INFO - Processing /opt/airflow/dags/flex_eau_pipeline.py took 0.072 seconds
[2026-07-18T12:28:30.857+0000] {processor.py:186} INFO - Started process (PID=91101) to work on /opt/airflow/dags/flex_eau_pipeline.py
[2026-07-18T12:28:30.859+0000] {processor.py:914} INFO - Processing file /opt/airflow/dags/flex_eau_pipeline.py for tasks to queue
[2026-07-18T12:28:30.865+0000] {logging_mixin.py:190} INFO - [2026-07-18T12:28:30.865+0000] {dagbag.py:587} INFO - Filling up the DagBag from /opt/airflow/dags/flex_eau_pipeline.py
[2026-07-18T12:28:30.903+0000] {logging_mixin.py:190} INFO - [2026-07-18T12:28:30.901+0000] {dagbag.py:386} ERROR - Failed to import: /opt/airflow/dags/flex_eau_pipeline.py
Traceback (most recent call last):
  File "/home/airflow/.local/lib/python3.12/site-packages/airflow/models/dagbag.py", line 382, in parse
    loader.exec_module(new_module)
  File "<frozen importlib._bootstrap_external>", line 991, in exec_module
  File "<frozen importlib._bootstrap_external>", line 1129, in get_code
  File "<frozen importlib._bootstrap_external>", line 1059, in source_to_code
  File "<frozen importlib._bootstrap>", line 488, in _call_with_frames_removed
  File "/opt/airflow/dags/flex_eau_pipeline.py", line 26
    ingestion = BashOperator(
    ^^^^^^^^^
IndentationError: expected an indented block after 'with' statement on line 11
[2026-07-18T12:28:30.904+0000] {processor.py:927} WARNING - No viable dags retrieved from /opt/airflow/dags/flex_eau_pipeline.py
[2026-07-18T12:28:30.958+0000] {processor.py:208} INFO - Processing /opt/airflow/dags/flex_eau_pipeline.py took 0.119 seconds
[2026-07-18T12:29:01.380+0000] {processor.py:186} INFO - Started process (PID=91106) to work on /opt/airflow/dags/flex_eau_pipeline.py
[2026-07-18T12:29:01.382+0000] {processor.py:914} INFO - Processing file /opt/airflow/dags/flex_eau_pipeline.py for tasks to queue
[2026-07-18T12:29:01.388+0000] {logging_mixin.py:190} INFO - [2026-07-18T12:29:01.387+0000] {dagbag.py:587} INFO - Filling up the DagBag from /opt/airflow/dags/flex_eau_pipeline.py
[2026-07-18T12:29:01.431+0000] {logging_mixin.py:190} INFO - [2026-07-18T12:29:01.429+0000] {dagbag.py:386} ERROR - Failed to import: /opt/airflow/dags/flex_eau_pipeline.py
Traceback (most recent call last):
  File "/home/airflow/.local/lib/python3.12/site-packages/airflow/models/dagbag.py", line 382, in parse
    loader.exec_module(new_module)
  File "<frozen importlib._bootstrap_external>", line 991, in exec_module
  File "<frozen importlib._bootstrap_external>", line 1129, in get_code
  File "<frozen importlib._bootstrap_external>", line 1059, in source_to_code
  File "<frozen importlib._bootstrap>", line 488, in _call_with_frames_removed
  File "/opt/airflow/dags/flex_eau_pipeline.py", line 26
    ingestion = BashOperator(
    ^^^^^^^^^
IndentationError: expected an indented block after 'with' statement on line 11
[2026-07-18T12:29:01.432+0000] {processor.py:927} WARNING - No viable dags retrieved from /opt/airflow/dags/flex_eau_pipeline.py
[2026-07-18T12:29:01.470+0000] {processor.py:208} INFO - Processing /opt/airflow/dags/flex_eau_pipeline.py took 0.104 seconds
[2026-07-18T12:29:32.055+0000] {processor.py:186} INFO - Started process (PID=91111) to work on /opt/airflow/dags/flex_eau_pipeline.py
[2026-07-18T12:29:32.057+0000] {processor.py:914} INFO - Processing file /opt/airflow/dags/flex_eau_pipeline.py for tasks to queue
[2026-07-18T12:29:32.061+0000] {logging_mixin.py:190} INFO - [2026-07-18T12:29:32.060+0000] {dagbag.py:587} INFO - Filling up the DagBag from /opt/airflow/dags/flex_eau_pipeline.py
[2026-07-18T12:29:32.097+0000] {logging_mixin.py:190} INFO - [2026-07-18T12:29:32.096+0000] {dagbag.py:386} ERROR - Failed to import: /opt/airflow/dags/flex_eau_pipeline.py
Traceback (most recent call last):
  File "/home/airflow/.local/lib/python3.12/site-packages/airflow/models/dagbag.py", line 382, in parse
    loader.exec_module(new_module)
  File "<frozen importlib._bootstrap_external>", line 991, in exec_module
  File "<frozen importlib._bootstrap_external>", line 1129, in get_code
  File "<frozen importlib._bootstrap_external>", line 1059, in source_to_code
  File "<frozen importlib._bootstrap>", line 488, in _call_with_frames_removed
  File "/opt/airflow/dags/flex_eau_pipeline.py", line 26
    ingestion = BashOperator(
    ^^^^^^^^^
IndentationError: expected an indented block after 'with' statement on line 11
[2026-07-18T12:29:32.099+0000] {processor.py:927} WARNING - No viable dags retrieved from /opt/airflow/dags/flex_eau_pipeline.py
[2026-07-18T12:29:32.134+0000] {processor.py:208} INFO - Processing /opt/airflow/dags/flex_eau_pipeline.py took 0.087 seconds
[2026-07-18T12:30:02.918+0000] {processor.py:186} INFO - Started process (PID=91116) to work on /opt/airflow/dags/flex_eau_pipeline.py
[2026-07-18T12:30:02.923+0000] {processor.py:914} INFO - Processing file /opt/airflow/dags/flex_eau_pipeline.py for tasks to queue
[2026-07-18T12:30:02.933+0000] {logging_mixin.py:190} INFO - [2026-07-18T12:30:02.932+0000] {dagbag.py:587} INFO - Filling up the DagBag from /opt/airflow/dags/flex_eau_pipeline.py
[2026-07-18T12:30:03.039+0000] {logging_mixin.py:190} INFO - [2026-07-18T12:30:03.032+0000] {dagbag.py:386} ERROR - Failed to import: /opt/airflow/dags/flex_eau_pipeline.py
Traceback (most recent call last):
  File "/home/airflow/.local/lib/python3.12/site-packages/airflow/models/dagbag.py", line 382, in parse
    loader.exec_module(new_module)
  File "<frozen importlib._bootstrap_external>", line 991, in exec_module
  File "<frozen importlib._bootstrap_external>", line 1129, in get_code
  File "<frozen importlib._bootstrap_external>", line 1059, in source_to_code
  File "<frozen importlib._bootstrap>", line 488, in _call_with_frames_removed
  File "/opt/airflow/dags/flex_eau_pipeline.py", line 26
    ingestion = BashOperator(
    ^^^^^^^^^
IndentationError: expected an indented block after 'with' statement on line 11
[2026-07-18T12:30:03.042+0000] {processor.py:927} WARNING - No viable dags retrieved from /opt/airflow/dags/flex_eau_pipeline.py
[2026-07-18T12:30:03.155+0000] {processor.py:208} INFO - Processing /opt/airflow/dags/flex_eau_pipeline.py took 0.266 seconds
[2026-07-18T12:30:33.479+0000] {processor.py:186} INFO - Started process (PID=91121) to work on /opt/airflow/dags/flex_eau_pipeline.py
[2026-07-18T12:30:33.481+0000] {processor.py:914} INFO - Processing file /opt/airflow/dags/flex_eau_pipeline.py for tasks to queue
[2026-07-18T12:30:33.490+0000] {logging_mixin.py:190} INFO - [2026-07-18T12:30:33.489+0000] {dagbag.py:587} INFO - Filling up the DagBag from /opt/airflow/dags/flex_eau_pipeline.py
[2026-07-18T12:30:33.553+0000] {logging_mixin.py:190} INFO - [2026-07-18T12:30:33.551+0000] {dagbag.py:386} ERROR - Failed to import: /opt/airflow/dags/flex_eau_pipeline.py
Traceback (most recent call last):
  File "/home/airflow/.local/lib/python3.12/site-packages/airflow/models/dagbag.py", line 382, in parse
    loader.exec_module(new_module)
  File "<frozen importlib._bootstrap_external>", line 991, in exec_module
  File "<frozen importlib._bootstrap_external>", line 1129, in get_code
  File "<frozen importlib._bootstrap_external>", line 1059, in source_to_code
  File "<frozen importlib._bootstrap>", line 488, in _call_with_frames_removed
  File "/opt/airflow/dags/flex_eau_pipeline.py", line 26
    ingestion = BashOperator(
    ^^^^^^^^^
IndentationError: expected an indented block after 'with' statement on line 11
[2026-07-18T12:30:33.555+0000] {processor.py:927} WARNING - No viable dags retrieved from /opt/airflow/dags/flex_eau_pipeline.py
[2026-07-18T12:30:33.619+0000] {processor.py:208} INFO - Processing /opt/airflow/dags/flex_eau_pipeline.py took 0.157 seconds
[2026-07-18T12:31:04.080+0000] {processor.py:186} INFO - Started process (PID=91126) to work on /opt/airflow/dags/flex_eau_pipeline.py
[2026-07-18T12:31:04.082+0000] {processor.py:914} INFO - Processing file /opt/airflow/dags/flex_eau_pipeline.py for tasks to queue
[2026-07-18T12:31:04.086+0000] {logging_mixin.py:190} INFO - [2026-07-18T12:31:04.085+0000] {dagbag.py:587} INFO - Filling up the DagBag from /opt/airflow/dags/flex_eau_pipeline.py
[2026-07-18T12:31:04.137+0000] {logging_mixin.py:190} INFO - [2026-07-18T12:31:04.134+0000] {dagbag.py:386} ERROR - Failed to import: /opt/airflow/dags/flex_eau_pipeline.py
Traceback (most recent call last):
  File "/home/airflow/.local/lib/python3.12/site-packages/airflow/models/dagbag.py", line 382, in parse
    loader.exec_module(new_module)
  File "<frozen importlib._bootstrap_external>", line 991, in exec_module
  File "<frozen importlib._bootstrap_external>", line 1129, in get_code
  File "<frozen importlib._bootstrap_external>", line 1059, in source_to_code
  File "<frozen importlib._bootstrap>", line 488, in _call_with_frames_removed
  File "/opt/airflow/dags/flex_eau_pipeline.py", line 26
    ingestion = BashOperator(
    ^^^^^^^^^
IndentationError: expected an indented block after 'with' statement on line 11
[2026-07-18T12:31:04.139+0000] {processor.py:927} WARNING - No viable dags retrieved from /opt/airflow/dags/flex_eau_pipeline.py
[2026-07-18T12:31:04.201+0000] {processor.py:208} INFO - Processing /opt/airflow/dags/flex_eau_pipeline.py took 0.133 seconds
[2026-07-18T12:31:34.678+0000] {processor.py:186} INFO - Started process (PID=91131) to work on /opt/airflow/dags/flex_eau_pipeline.py
[2026-07-18T12:31:34.679+0000] {processor.py:914} INFO - Processing file /opt/airflow/dags/flex_eau_pipeline.py for tasks to queue
[2026-07-18T12:31:34.683+0000] {logging_mixin.py:190} INFO - [2026-07-18T12:31:34.683+0000] {dagbag.py:587} INFO - Filling up the DagBag from /opt/airflow/dags/flex_eau_pipeline.py
[2026-07-18T12:31:34.723+0000] {logging_mixin.py:190} INFO - [2026-07-18T12:31:34.722+0000] {dagbag.py:386} ERROR - Failed to import: /opt/airflow/dags/flex_eau_pipeline.py
Traceback (most recent call last):
  File "/home/airflow/.local/lib/python3.12/site-packages/airflow/models/dagbag.py", line 382, in parse
    loader.exec_module(new_module)
  File "<frozen importlib._bootstrap_external>", line 991, in exec_module
  File "<frozen importlib._bootstrap_external>", line 1129, in get_code
  File "<frozen importlib._bootstrap_external>", line 1059, in source_to_code
  File "<frozen importlib._bootstrap>", line 488, in _call_with_frames_removed
  File "/opt/airflow/dags/flex_eau_pipeline.py", line 26
    ingestion = BashOperator(
    ^^^^^^^^^
IndentationError: expected an indented block after 'with' statement on line 11
[2026-07-18T12:31:34.725+0000] {processor.py:927} WARNING - No viable dags retrieved from /opt/airflow/dags/flex_eau_pipeline.py
[2026-07-18T12:31:34.766+0000] {processor.py:208} INFO - Processing /opt/airflow/dags/flex_eau_pipeline.py took 0.098 seconds
[2026-07-18T12:32:05.085+0000] {processor.py:186} INFO - Started process (PID=91136) to work on /opt/airflow/dags/flex_eau_pipeline.py
[2026-07-18T12:32:05.087+0000] {processor.py:914} INFO - Processing file /opt/airflow/dags/flex_eau_pipeline.py for tasks to queue
[2026-07-18T12:32:05.093+0000] {logging_mixin.py:190} INFO - [2026-07-18T12:32:05.093+0000] {dagbag.py:587} INFO - Filling up the DagBag from /opt/airflow/dags/flex_eau_pipeline.py
[2026-07-18T12:32:05.128+0000] {logging_mixin.py:190} INFO - [2026-07-18T12:32:05.125+0000] {dagbag.py:386} ERROR - Failed to import: /opt/airflow/dags/flex_eau_pipeline.py
Traceback (most recent call last):
  File "/home/airflow/.local/lib/python3.12/site-packages/airflow/models/dagbag.py", line 382, in parse
    loader.exec_module(new_module)
  File "<frozen importlib._bootstrap_external>", line 991, in exec_module
  File "<frozen importlib._bootstrap_external>", line 1129, in get_code
  File "<frozen importlib._bootstrap_external>", line 1059, in source_to_code
  File "<frozen importlib._bootstrap>", line 488, in _call_with_frames_removed
  File "/opt/airflow/dags/flex_eau_pipeline.py", line 26
    ingestion = BashOperator(
    ^^^^^^^^^
IndentationError: expected an indented block after 'with' statement on line 11
[2026-07-18T12:32:05.129+0000] {processor.py:927} WARNING - No viable dags retrieved from /opt/airflow/dags/flex_eau_pipeline.py
[2026-07-18T12:32:05.174+0000] {processor.py:208} INFO - Processing /opt/airflow/dags/flex_eau_pipeline.py took 0.102 seconds
[2026-07-18T12:32:35.604+0000] {processor.py:186} INFO - Started process (PID=91141) to work on /opt/airflow/dags/flex_eau_pipeline.py
[2026-07-18T12:32:35.605+0000] {processor.py:914} INFO - Processing file /opt/airflow/dags/flex_eau_pipeline.py for tasks to queue
[2026-07-18T12:32:35.608+0000] {logging_mixin.py:190} INFO - [2026-07-18T12:32:35.608+0000] {dagbag.py:587} INFO - Filling up the DagBag from /opt/airflow/dags/flex_eau_pipeline.py
[2026-07-18T12:32:35.648+0000] {logging_mixin.py:190} INFO - [2026-07-18T12:32:35.646+0000] {dagbag.py:386} ERROR - Failed to import: /opt/airflow/dags/flex_eau_pipeline.py
Traceback (most recent call last):
  File "/home/airflow/.local/lib/python3.12/site-packages/airflow/models/dagbag.py", line 382, in parse
    loader.exec_module(new_module)
  File "<frozen importlib._bootstrap_external>", line 991, in exec_module
  File "<frozen importlib._bootstrap_external>", line 1129, in get_code
  File "<frozen importlib._bootstrap_external>", line 1059, in source_to_code
  File "<frozen importlib._bootstrap>", line 488, in _call_with_frames_removed
  File "/opt/airflow/dags/flex_eau_pipeline.py", line 26
    ingestion = BashOperator(
    ^^^^^^^^^
IndentationError: expected an indented block after 'with' statement on line 11
[2026-07-18T12:32:35.649+0000] {processor.py:927} WARNING - No viable dags retrieved from /opt/airflow/dags/flex_eau_pipeline.py
[2026-07-18T12:32:35.682+0000] {processor.py:208} INFO - Processing /opt/airflow/dags/flex_eau_pipeline.py took 0.086 seconds
[2026-07-18T12:33:06.182+0000] {processor.py:186} INFO - Started process (PID=91146) to work on /opt/airflow/dags/flex_eau_pipeline.py
[2026-07-18T12:33:06.183+0000] {processor.py:914} INFO - Processing file /opt/airflow/dags/flex_eau_pipeline.py for tasks to queue
[2026-07-18T12:33:06.187+0000] {logging_mixin.py:190} INFO - [2026-07-18T12:33:06.187+0000] {dagbag.py:587} INFO - Filling up the DagBag from /opt/airflow/dags/flex_eau_pipeline.py
[2026-07-18T12:33:06.231+0000] {logging_mixin.py:190} INFO - [2026-07-18T12:33:06.229+0000] {dagbag.py:386} ERROR - Failed to import: /opt/airflow/dags/flex_eau_pipeline.py
Traceback (most recent call last):
  File "/home/airflow/.local/lib/python3.12/site-packages/airflow/models/dagbag.py", line 382, in parse
    loader.exec_module(new_module)
  File "<frozen importlib._bootstrap_external>", line 991, in exec_module
  File "<frozen importlib._bootstrap_external>", line 1129, in get_code
  File "<frozen importlib._bootstrap_external>", line 1059, in source_to_code
  File "<frozen importlib._bootstrap>", line 488, in _call_with_frames_removed
  File "/opt/airflow/dags/flex_eau_pipeline.py", line 26
    ingestion = BashOperator(
    ^^^^^^^^^
IndentationError: expected an indented block after 'with' statement on line 11
[2026-07-18T12:33:06.232+0000] {processor.py:927} WARNING - No viable dags retrieved from /opt/airflow/dags/flex_eau_pipeline.py
[2026-07-18T12:33:06.287+0000] {processor.py:208} INFO - Processing /opt/airflow/dags/flex_eau_pipeline.py took 0.117 seconds
[2026-07-18T12:33:36.826+0000] {processor.py:186} INFO - Started process (PID=91151) to work on /opt/airflow/dags/flex_eau_pipeline.py
[2026-07-18T12:33:36.828+0000] {processor.py:914} INFO - Processing file /opt/airflow/dags/flex_eau_pipeline.py for tasks to queue
[2026-07-18T12:33:36.831+0000] {logging_mixin.py:190} INFO - [2026-07-18T12:33:36.831+0000] {dagbag.py:587} INFO - Filling up the DagBag from /opt/airflow/dags/flex_eau_pipeline.py
[2026-07-18T12:33:36.865+0000] {logging_mixin.py:190} INFO - [2026-07-18T12:33:36.864+0000] {dagbag.py:386} ERROR - Failed to import: /opt/airflow/dags/flex_eau_pipeline.py
Traceback (most recent call last):
  File "/home/airflow/.local/lib/python3.12/site-packages/airflow/models/dagbag.py", line 382, in parse
    loader.exec_module(new_module)
  File "<frozen importlib._bootstrap_external>", line 991, in exec_module
  File "<frozen importlib._bootstrap_external>", line 1129, in get_code
  File "<frozen importlib._bootstrap_external>", line 1059, in source_to_code
  File "<frozen importlib._bootstrap>", line 488, in _call_with_frames_removed
  File "/opt/airflow/dags/flex_eau_pipeline.py", line 26
    ingestion = BashOperator(
    ^^^^^^^^^
IndentationError: expected an indented block after 'with' statement on line 11
[2026-07-18T12:33:36.866+0000] {processor.py:927} WARNING - No viable dags retrieved from /opt/airflow/dags/flex_eau_pipeline.py
[2026-07-18T12:33:36.903+0000] {processor.py:208} INFO - Processing /opt/airflow/dags/flex_eau_pipeline.py took 0.084 seconds
[2026-07-18T12:34:07.376+0000] {processor.py:186} INFO - Started process (PID=91156) to work on /opt/airflow/dags/flex_eau_pipeline.py
[2026-07-18T12:34:07.378+0000] {processor.py:914} INFO - Processing file /opt/airflow/dags/flex_eau_pipeline.py for tasks to queue
[2026-07-18T12:34:07.382+0000] {logging_mixin.py:190} INFO - [2026-07-18T12:34:07.382+0000] {dagbag.py:587} INFO - Filling up the DagBag from /opt/airflow/dags/flex_eau_pipeline.py
[2026-07-18T12:34:07.417+0000] {logging_mixin.py:190} INFO - [2026-07-18T12:34:07.415+0000] {dagbag.py:386} ERROR - Failed to import: /opt/airflow/dags/flex_eau_pipeline.py
Traceback (most recent call last):
  File "/home/airflow/.local/lib/python3.12/site-packages/airflow/models/dagbag.py", line 382, in parse
    loader.exec_module(new_module)
  File "<frozen importlib._bootstrap_external>", line 991, in exec_module
  File "<frozen importlib._bootstrap_external>", line 1129, in get_code
  File "<frozen importlib._bootstrap_external>", line 1059, in source_to_code
  File "<frozen importlib._bootstrap>", line 488, in _call_with_frames_removed
  File "/opt/airflow/dags/flex_eau_pipeline.py", line 26
    ingestion = BashOperator(
    ^^^^^^^^^
IndentationError: expected an indented block after 'with' statement on line 11
[2026-07-18T12:34:07.418+0000] {processor.py:927} WARNING - No viable dags retrieved from /opt/airflow/dags/flex_eau_pipeline.py
[2026-07-18T12:34:07.451+0000] {processor.py:208} INFO - Processing /opt/airflow/dags/flex_eau_pipeline.py took 0.083 seconds
[2026-07-18T12:34:38.128+0000] {processor.py:186} INFO - Started process (PID=91161) to work on /opt/airflow/dags/flex_eau_pipeline.py
[2026-07-18T12:34:38.129+0000] {processor.py:914} INFO - Processing file /opt/airflow/dags/flex_eau_pipeline.py for tasks to queue
[2026-07-18T12:34:38.136+0000] {logging_mixin.py:190} INFO - [2026-07-18T12:34:38.135+0000] {dagbag.py:587} INFO - Filling up the DagBag from /opt/airflow/dags/flex_eau_pipeline.py
[2026-07-18T12:34:38.177+0000] {logging_mixin.py:190} INFO - [2026-07-18T12:34:38.175+0000] {dagbag.py:386} ERROR - Failed to import: /opt/airflow/dags/flex_eau_pipeline.py
Traceback (most recent call last):
  File "/home/airflow/.local/lib/python3.12/site-packages/airflow/models/dagbag.py", line 382, in parse
    loader.exec_module(new_module)
  File "<frozen importlib._bootstrap_external>", line 991, in exec_module
  File "<frozen importlib._bootstrap_external>", line 1129, in get_code
  File "<frozen importlib._bootstrap_external>", line 1059, in source_to_code
  File "<frozen importlib._bootstrap>", line 488, in _call_with_frames_removed
  File "/opt/airflow/dags/flex_eau_pipeline.py", line 26
    ingestion = BashOperator(
    ^^^^^^^^^
IndentationError: expected an indented block after 'with' statement on line 11
[2026-07-18T12:34:38.178+0000] {processor.py:927} WARNING - No viable dags retrieved from /opt/airflow/dags/flex_eau_pipeline.py
[2026-07-18T12:34:38.247+0000] {processor.py:208} INFO - Processing /opt/airflow/dags/flex_eau_pipeline.py took 0.131 seconds
[2026-07-18T12:35:08.796+0000] {processor.py:186} INFO - Started process (PID=91166) to work on /opt/airflow/dags/flex_eau_pipeline.py
[2026-07-18T12:35:08.799+0000] {processor.py:914} INFO - Processing file /opt/airflow/dags/flex_eau_pipeline.py for tasks to queue
[2026-07-18T12:35:08.811+0000] {logging_mixin.py:190} INFO - [2026-07-18T12:35:08.810+0000] {dagbag.py:587} INFO - Filling up the DagBag from /opt/airflow/dags/flex_eau_pipeline.py
[2026-07-18T12:35:08.893+0000] {logging_mixin.py:190} INFO - [2026-07-18T12:35:08.890+0000] {dagbag.py:386} ERROR - Failed to import: /opt/airflow/dags/flex_eau_pipeline.py
Traceback (most recent call last):
  File "/home/airflow/.local/lib/python3.12/site-packages/airflow/models/dagbag.py", line 382, in parse
    loader.exec_module(new_module)
  File "<frozen importlib._bootstrap_external>", line 991, in exec_module
  File "<frozen importlib._bootstrap_external>", line 1129, in get_code
  File "<frozen importlib._bootstrap_external>", line 1059, in source_to_code
  File "<frozen importlib._bootstrap>", line 488, in _call_with_frames_removed
  File "/opt/airflow/dags/flex_eau_pipeline.py", line 26
    ingestion = BashOperator(
    ^^^^^^^^^
IndentationError: expected an indented block after 'with' statement on line 11
[2026-07-18T12:35:08.895+0000] {processor.py:927} WARNING - No viable dags retrieved from /opt/airflow/dags/flex_eau_pipeline.py
[2026-07-18T12:35:08.967+0000] {processor.py:208} INFO - Processing /opt/airflow/dags/flex_eau_pipeline.py took 0.189 seconds
[2026-07-18T12:35:39.353+0000] {processor.py:186} INFO - Started process (PID=91171) to work on /opt/airflow/dags/flex_eau_pipeline.py
[2026-07-18T12:35:39.355+0000] {processor.py:914} INFO - Processing file /opt/airflow/dags/flex_eau_pipeline.py for tasks to queue
[2026-07-18T12:35:39.360+0000] {logging_mixin.py:190} INFO - [2026-07-18T12:35:39.360+0000] {dagbag.py:587} INFO - Filling up the DagBag from /opt/airflow/dags/flex_eau_pipeline.py
[2026-07-18T12:35:39.398+0000] {logging_mixin.py:190} INFO - [2026-07-18T12:35:39.397+0000] {dagbag.py:386} ERROR - Failed to import: /opt/airflow/dags/flex_eau_pipeline.py
Traceback (most recent call last):
  File "/home/airflow/.local/lib/python3.12/site-packages/airflow/models/dagbag.py", line 382, in parse
    loader.exec_module(new_module)
  File "<frozen importlib._bootstrap_external>", line 991, in exec_module
  File "<frozen importlib._bootstrap_external>", line 1129, in get_code
  File "<frozen importlib._bootstrap_external>", line 1059, in source_to_code
  File "<frozen importlib._bootstrap>", line 488, in _call_with_frames_removed
  File "/opt/airflow/dags/flex_eau_pipeline.py", line 26
    ingestion = BashOperator(
    ^^^^^^^^^
IndentationError: expected an indented block after 'with' statement on line 11
[2026-07-18T12:35:39.400+0000] {processor.py:927} WARNING - No viable dags retrieved from /opt/airflow/dags/flex_eau_pipeline.py
[2026-07-18T12:35:39.451+0000] {processor.py:208} INFO - Processing /opt/airflow/dags/flex_eau_pipeline.py took 0.110 seconds
[2026-07-18T12:36:10.094+0000] {processor.py:186} INFO - Started process (PID=91176) to work on /opt/airflow/dags/flex_eau_pipeline.py
[2026-07-18T12:36:10.095+0000] {processor.py:914} INFO - Processing file /opt/airflow/dags/flex_eau_pipeline.py for tasks to queue
[2026-07-18T12:36:10.100+0000] {logging_mixin.py:190} INFO - [2026-07-18T12:36:10.100+0000] {dagbag.py:587} INFO - Filling up the DagBag from /opt/airflow/dags/flex_eau_pipeline.py
[2026-07-18T12:36:10.166+0000] {logging_mixin.py:190} INFO - [2026-07-18T12:36:10.163+0000] {dagbag.py:386} ERROR - Failed to import: /opt/airflow/dags/flex_eau_pipeline.py
Traceback (most recent call last):
  File "/home/airflow/.local/lib/python3.12/site-packages/airflow/models/dagbag.py", line 382, in parse
    loader.exec_module(new_module)
  File "<frozen importlib._bootstrap_external>", line 991, in exec_module
  File "<frozen importlib._bootstrap_external>", line 1129, in get_code
  File "<frozen importlib._bootstrap_external>", line 1059, in source_to_code
  File "<frozen importlib._bootstrap>", line 488, in _call_with_frames_removed
  File "/opt/airflow/dags/flex_eau_pipeline.py", line 26
    ingestion = BashOperator(
    ^^^^^^^^^
IndentationError: expected an indented block after 'with' statement on line 11
[2026-07-18T12:36:10.168+0000] {processor.py:927} WARNING - No viable dags retrieved from /opt/airflow/dags/flex_eau_pipeline.py
[2026-07-18T12:36:10.239+0000] {processor.py:208} INFO - Processing /opt/airflow/dags/flex_eau_pipeline.py took 0.153 seconds
[2026-07-18T12:36:40.651+0000] {processor.py:186} INFO - Started process (PID=91181) to work on /opt/airflow/dags/flex_eau_pipeline.py
[2026-07-18T12:36:40.653+0000] {processor.py:914} INFO - Processing file /opt/airflow/dags/flex_eau_pipeline.py for tasks to queue
[2026-07-18T12:36:40.656+0000] {logging_mixin.py:190} INFO - [2026-07-18T12:36:40.656+0000] {dagbag.py:587} INFO - Filling up the DagBag from /opt/airflow/dags/flex_eau_pipeline.py
[2026-07-18T12:36:40.687+0000] {logging_mixin.py:190} INFO - [2026-07-18T12:36:40.685+0000] {dagbag.py:386} ERROR - Failed to import: /opt/airflow/dags/flex_eau_pipeline.py
Traceback (most recent call last):
  File "/home/airflow/.local/lib/python3.12/site-packages/airflow/models/dagbag.py", line 382, in parse
    loader.exec_module(new_module)
  File "<frozen importlib._bootstrap_external>", line 991, in exec_module
  File "<frozen importlib._bootstrap_external>", line 1129, in get_code
  File "<frozen importlib._bootstrap_external>", line 1059, in source_to_code
  File "<frozen importlib._bootstrap>", line 488, in _call_with_frames_removed
  File "/opt/airflow/dags/flex_eau_pipeline.py", line 26
    ingestion = BashOperator(
    ^^^^^^^^^
IndentationError: expected an indented block after 'with' statement on line 11
[2026-07-18T12:36:40.689+0000] {processor.py:927} WARNING - No viable dags retrieved from /opt/airflow/dags/flex_eau_pipeline.py
[2026-07-18T12:36:40.732+0000] {processor.py:208} INFO - Processing /opt/airflow/dags/flex_eau_pipeline.py took 0.088 seconds
[2026-07-18T12:37:11.274+0000] {processor.py:186} INFO - Started process (PID=91186) to work on /opt/airflow/dags/flex_eau_pipeline.py
[2026-07-18T12:37:11.276+0000] {processor.py:914} INFO - Processing file /opt/airflow/dags/flex_eau_pipeline.py for tasks to queue
[2026-07-18T12:37:11.279+0000] {logging_mixin.py:190} INFO - [2026-07-18T12:37:11.279+0000] {dagbag.py:587} INFO - Filling up the DagBag from /opt/airflow/dags/flex_eau_pipeline.py
[2026-07-18T12:37:11.311+0000] {logging_mixin.py:190} INFO - [2026-07-18T12:37:11.309+0000] {dagbag.py:386} ERROR - Failed to import: /opt/airflow/dags/flex_eau_pipeline.py
Traceback (most recent call last):
  File "/home/airflow/.local/lib/python3.12/site-packages/airflow/models/dagbag.py", line 382, in parse
    loader.exec_module(new_module)
  File "<frozen importlib._bootstrap_external>", line 991, in exec_module
  File "<frozen importlib._bootstrap_external>", line 1129, in get_code
  File "<frozen importlib._bootstrap_external>", line 1059, in source_to_code
  File "<frozen importlib._bootstrap>", line 488, in _call_with_frames_removed
  File "/opt/airflow/dags/flex_eau_pipeline.py", line 26
    ingestion = BashOperator(
    ^^^^^^^^^
IndentationError: expected an indented block after 'with' statement on line 11
[2026-07-18T12:37:11.312+0000] {processor.py:927} WARNING - No viable dags retrieved from /opt/airflow/dags/flex_eau_pipeline.py
[2026-07-18T12:37:11.344+0000] {processor.py:208} INFO - Processing /opt/airflow/dags/flex_eau_pipeline.py took 0.077 seconds
[2026-07-18T12:37:41.948+0000] {processor.py:186} INFO - Started process (PID=91191) to work on /opt/airflow/dags/flex_eau_pipeline.py
[2026-07-18T12:37:41.950+0000] {processor.py:914} INFO - Processing file /opt/airflow/dags/flex_eau_pipeline.py for tasks to queue
[2026-07-18T12:37:41.955+0000] {logging_mixin.py:190} INFO - [2026-07-18T12:37:41.954+0000] {dagbag.py:587} INFO - Filling up the DagBag from /opt/airflow/dags/flex_eau_pipeline.py
[2026-07-18T12:37:42.027+0000] {logging_mixin.py:190} INFO - [2026-07-18T12:37:42.025+0000] {dagbag.py:386} ERROR - Failed to import: /opt/airflow/dags/flex_eau_pipeline.py
Traceback (most recent call last):
  File "/home/airflow/.local/lib/python3.12/site-packages/airflow/models/dagbag.py", line 382, in parse
    loader.exec_module(new_module)
  File "<frozen importlib._bootstrap_external>", line 991, in exec_module
  File "<frozen importlib._bootstrap_external>", line 1129, in get_code
  File "<frozen importlib._bootstrap_external>", line 1059, in source_to_code
  File "<frozen importlib._bootstrap>", line 488, in _call_with_frames_removed
  File "/opt/airflow/dags/flex_eau_pipeline.py", line 26
    ingestion = BashOperator(
    ^^^^^^^^^
IndentationError: expected an indented block after 'with' statement on line 11
[2026-07-18T12:37:42.030+0000] {processor.py:927} WARNING - No viable dags retrieved from /opt/airflow/dags/flex_eau_pipeline.py
[2026-07-18T12:37:42.100+0000] {processor.py:208} INFO - Processing /opt/airflow/dags/flex_eau_pipeline.py took 0.252 seconds
[2026-07-18T12:38:12.541+0000] {processor.py:186} INFO - Started process (PID=91196) to work on /opt/airflow/dags/flex_eau_pipeline.py
[2026-07-18T12:38:12.544+0000] {processor.py:914} INFO - Processing file /opt/airflow/dags/flex_eau_pipeline.py for tasks to queue
[2026-07-18T12:38:12.555+0000] {logging_mixin.py:190} INFO - [2026-07-18T12:38:12.555+0000] {dagbag.py:587} INFO - Filling up the DagBag from /opt/airflow/dags/flex_eau_pipeline.py
[2026-07-18T12:38:12.600+0000] {logging_mixin.py:190} INFO - [2026-07-18T12:38:12.598+0000] {dagbag.py:386} ERROR - Failed to import: /opt/airflow/dags/flex_eau_pipeline.py
Traceback (most recent call last):
  File "/home/airflow/.local/lib/python3.12/site-packages/airflow/models/dagbag.py", line 382, in parse
    loader.exec_module(new_module)
  File "<frozen importlib._bootstrap_external>", line 991, in exec_module
  File "<frozen importlib._bootstrap_external>", line 1129, in get_code
  File "<frozen importlib._bootstrap_external>", line 1059, in source_to_code
  File "<frozen importlib._bootstrap>", line 488, in _call_with_frames_removed
  File "/opt/airflow/dags/flex_eau_pipeline.py", line 26
    ingestion = BashOperator(
    ^^^^^^^^^
IndentationError: expected an indented block after 'with' statement on line 11
[2026-07-18T12:38:12.601+0000] {processor.py:927} WARNING - No viable dags retrieved from /opt/airflow/dags/flex_eau_pipeline.py
[2026-07-18T12:38:12.634+0000] {processor.py:208} INFO - Processing /opt/airflow/dags/flex_eau_pipeline.py took 0.114 seconds
[2026-07-18T12:38:43.218+0000] {processor.py:186} INFO - Started process (PID=91201) to work on /opt/airflow/dags/flex_eau_pipeline.py
[2026-07-18T12:38:43.219+0000] {processor.py:914} INFO - Processing file /opt/airflow/dags/flex_eau_pipeline.py for tasks to queue
[2026-07-18T12:38:43.223+0000] {logging_mixin.py:190} INFO - [2026-07-18T12:38:43.223+0000] {dagbag.py:587} INFO - Filling up the DagBag from /opt/airflow/dags/flex_eau_pipeline.py
[2026-07-18T12:38:43.252+0000] {logging_mixin.py:190} INFO - [2026-07-18T12:38:43.251+0000] {dagbag.py:386} ERROR - Failed to import: /opt/airflow/dags/flex_eau_pipeline.py
Traceback (most recent call last):
  File "/home/airflow/.local/lib/python3.12/site-packages/airflow/models/dagbag.py", line 382, in parse
    loader.exec_module(new_module)
  File "<frozen importlib._bootstrap_external>", line 991, in exec_module
  File "<frozen importlib._bootstrap_external>", line 1129, in get_code
  File "<frozen importlib._bootstrap_external>", line 1059, in source_to_code
  File "<frozen importlib._bootstrap>", line 488, in _call_with_frames_removed
  File "/opt/airflow/dags/flex_eau_pipeline.py", line 26
    ingestion = BashOperator(
    ^^^^^^^^^
IndentationError: expected an indented block after 'with' statement on line 11
[2026-07-18T12:38:43.253+0000] {processor.py:927} WARNING - No viable dags retrieved from /opt/airflow/dags/flex_eau_pipeline.py
[2026-07-18T12:38:43.307+0000] {processor.py:208} INFO - Processing /opt/airflow/dags/flex_eau_pipeline.py took 0.100 seconds
[2026-07-18T12:39:13.754+0000] {processor.py:186} INFO - Started process (PID=91206) to work on /opt/airflow/dags/flex_eau_pipeline.py
[2026-07-18T12:39:13.756+0000] {processor.py:914} INFO - Processing file /opt/airflow/dags/flex_eau_pipeline.py for tasks to queue
[2026-07-18T12:39:13.762+0000] {logging_mixin.py:190} INFO - [2026-07-18T12:39:13.760+0000] {dagbag.py:587} INFO - Filling up the DagBag from /opt/airflow/dags/flex_eau_pipeline.py
[2026-07-18T12:39:13.807+0000] {logging_mixin.py:190} INFO - [2026-07-18T12:39:13.805+0000] {dagbag.py:386} ERROR - Failed to import: /opt/airflow/dags/flex_eau_pipeline.py
Traceback (most recent call last):
  File "/home/airflow/.local/lib/python3.12/site-packages/airflow/models/dagbag.py", line 382, in parse
    loader.exec_module(new_module)
  File "<frozen importlib._bootstrap_external>", line 991, in exec_module
  File "<frozen importlib._bootstrap_external>", line 1129, in get_code
  File "<frozen importlib._bootstrap_external>", line 1059, in source_to_code
  File "<frozen importlib._bootstrap>", line 488, in _call_with_frames_removed
  File "/opt/airflow/dags/flex_eau_pipeline.py", line 26
    ingestion = BashOperator(
    ^^^^^^^^^
IndentationError: expected an indented block after 'with' statement on line 11
[2026-07-18T12:39:13.809+0000] {processor.py:927} WARNING - No viable dags retrieved from /opt/airflow/dags/flex_eau_pipeline.py
[2026-07-18T12:39:13.848+0000] {processor.py:208} INFO - Processing /opt/airflow/dags/flex_eau_pipeline.py took 0.112 seconds
[2026-07-18T12:39:44.523+0000] {processor.py:186} INFO - Started process (PID=91211) to work on /opt/airflow/dags/flex_eau_pipeline.py
[2026-07-18T12:39:44.524+0000] {processor.py:914} INFO - Processing file /opt/airflow/dags/flex_eau_pipeline.py for tasks to queue
[2026-07-18T12:39:44.528+0000] {logging_mixin.py:190} INFO - [2026-07-18T12:39:44.527+0000] {dagbag.py:587} INFO - Filling up the DagBag from /opt/airflow/dags/flex_eau_pipeline.py
[2026-07-18T12:39:44.584+0000] {logging_mixin.py:190} INFO - [2026-07-18T12:39:44.582+0000] {dagbag.py:386} ERROR - Failed to import: /opt/airflow/dags/flex_eau_pipeline.py
Traceback (most recent call last):
  File "/home/airflow/.local/lib/python3.12/site-packages/airflow/models/dagbag.py", line 382, in parse
    loader.exec_module(new_module)
  File "<frozen importlib._bootstrap_external>", line 991, in exec_module
  File "<frozen importlib._bootstrap_external>", line 1129, in get_code
  File "<frozen importlib._bootstrap_external>", line 1059, in source_to_code
  File "<frozen importlib._bootstrap>", line 488, in _call_with_frames_removed
  File "/opt/airflow/dags/flex_eau_pipeline.py", line 26
    ingestion = BashOperator(
    ^^^^^^^^^
IndentationError: expected an indented block after 'with' statement on line 11
[2026-07-18T12:39:44.586+0000] {processor.py:927} WARNING - No viable dags retrieved from /opt/airflow/dags/flex_eau_pipeline.py
[2026-07-18T12:39:44.645+0000] {processor.py:208} INFO - Processing /opt/airflow/dags/flex_eau_pipeline.py took 0.130 seconds
[2026-07-18T12:40:15.056+0000] {processor.py:186} INFO - Started process (PID=91216) to work on /opt/airflow/dags/flex_eau_pipeline.py
[2026-07-18T12:40:15.058+0000] {processor.py:914} INFO - Processing file /opt/airflow/dags/flex_eau_pipeline.py for tasks to queue
[2026-07-18T12:40:15.064+0000] {logging_mixin.py:190} INFO - [2026-07-18T12:40:15.063+0000] {dagbag.py:587} INFO - Filling up the DagBag from /opt/airflow/dags/flex_eau_pipeline.py
[2026-07-18T12:40:15.099+0000] {logging_mixin.py:190} INFO - [2026-07-18T12:40:15.097+0000] {dagbag.py:386} ERROR - Failed to import: /opt/airflow/dags/flex_eau_pipeline.py
Traceback (most recent call last):
  File "/home/airflow/.local/lib/python3.12/site-packages/airflow/models/dagbag.py", line 382, in parse
    loader.exec_module(new_module)
  File "<frozen importlib._bootstrap_external>", line 991, in exec_module
  File "<frozen importlib._bootstrap_external>", line 1129, in get_code
  File "<frozen importlib._bootstrap_external>", line 1059, in source_to_code
  File "<frozen importlib._bootstrap>", line 488, in _call_with_frames_removed
  File "/opt/airflow/dags/flex_eau_pipeline.py", line 26
    ingestion = BashOperator(
    ^^^^^^^^^
IndentationError: expected an indented block after 'with' statement on line 11
[2026-07-18T12:40:15.100+0000] {processor.py:927} WARNING - No viable dags retrieved from /opt/airflow/dags/flex_eau_pipeline.py
[2026-07-18T12:40:15.138+0000] {processor.py:208} INFO - Processing /opt/airflow/dags/flex_eau_pipeline.py took 0.091 seconds
[2026-07-18T12:40:45.742+0000] {processor.py:186} INFO - Started process (PID=91221) to work on /opt/airflow/dags/flex_eau_pipeline.py
[2026-07-18T12:40:45.744+0000] {processor.py:914} INFO - Processing file /opt/airflow/dags/flex_eau_pipeline.py for tasks to queue
[2026-07-18T12:40:45.750+0000] {logging_mixin.py:190} INFO - [2026-07-18T12:40:45.749+0000] {dagbag.py:587} INFO - Filling up the DagBag from /opt/airflow/dags/flex_eau_pipeline.py
[2026-07-18T12:40:45.815+0000] {logging_mixin.py:190} INFO - [2026-07-18T12:40:45.812+0000] {dagbag.py:386} ERROR - Failed to import: /opt/airflow/dags/flex_eau_pipeline.py
Traceback (most recent call last):
  File "/home/airflow/.local/lib/python3.12/site-packages/airflow/models/dagbag.py", line 382, in parse
    loader.exec_module(new_module)
  File "<frozen importlib._bootstrap_external>", line 991, in exec_module
  File "<frozen importlib._bootstrap_external>", line 1129, in get_code
  File "<frozen importlib._bootstrap_external>", line 1059, in source_to_code
  File "<frozen importlib._bootstrap>", line 488, in _call_with_frames_removed
  File "/opt/airflow/dags/flex_eau_pipeline.py", line 26
    ingestion = BashOperator(
    ^^^^^^^^^
IndentationError: expected an indented block after 'with' statement on line 11
[2026-07-18T12:40:45.817+0000] {processor.py:927} WARNING - No viable dags retrieved from /opt/airflow/dags/flex_eau_pipeline.py
[2026-07-18T12:40:45.872+0000] {processor.py:208} INFO - Processing /opt/airflow/dags/flex_eau_pipeline.py took 0.145 seconds
[2026-07-18T12:41:16.287+0000] {processor.py:186} INFO - Started process (PID=91226) to work on /opt/airflow/dags/flex_eau_pipeline.py
[2026-07-18T12:41:16.288+0000] {processor.py:914} INFO - Processing file /opt/airflow/dags/flex_eau_pipeline.py for tasks to queue
[2026-07-18T12:41:16.291+0000] {logging_mixin.py:190} INFO - [2026-07-18T12:41:16.291+0000] {dagbag.py:587} INFO - Filling up the DagBag from /opt/airflow/dags/flex_eau_pipeline.py
[2026-07-18T12:41:16.327+0000] {logging_mixin.py:190} INFO - [2026-07-18T12:41:16.326+0000] {dagbag.py:386} ERROR - Failed to import: /opt/airflow/dags/flex_eau_pipeline.py
Traceback (most recent call last):
  File "/home/airflow/.local/lib/python3.12/site-packages/airflow/models/dagbag.py", line 382, in parse
    loader.exec_module(new_module)
  File "<frozen importlib._bootstrap_external>", line 991, in exec_module
  File "<frozen importlib._bootstrap_external>", line 1129, in get_code
  File "<frozen importlib._bootstrap_external>", line 1059, in source_to_code
  File "<frozen importlib._bootstrap>", line 488, in _call_with_frames_removed
  File "/opt/airflow/dags/flex_eau_pipeline.py", line 26
    ingestion = BashOperator(
    ^^^^^^^^^
IndentationError: expected an indented block after 'with' statement on line 11
[2026-07-18T12:41:16.328+0000] {processor.py:927} WARNING - No viable dags retrieved from /opt/airflow/dags/flex_eau_pipeline.py
[2026-07-18T12:41:16.364+0000] {processor.py:208} INFO - Processing /opt/airflow/dags/flex_eau_pipeline.py took 0.085 seconds
[2026-07-18T12:41:47.006+0000] {processor.py:186} INFO - Started process (PID=91231) to work on /opt/airflow/dags/flex_eau_pipeline.py
[2026-07-18T12:41:47.007+0000] {processor.py:914} INFO - Processing file /opt/airflow/dags/flex_eau_pipeline.py for tasks to queue
[2026-07-18T12:41:47.010+0000] {logging_mixin.py:190} INFO - [2026-07-18T12:41:47.009+0000] {dagbag.py:587} INFO - Filling up the DagBag from /opt/airflow/dags/flex_eau_pipeline.py
[2026-07-18T12:41:47.042+0000] {logging_mixin.py:190} INFO - [2026-07-18T12:41:47.041+0000] {dagbag.py:386} ERROR - Failed to import: /opt/airflow/dags/flex_eau_pipeline.py
Traceback (most recent call last):
  File "/home/airflow/.local/lib/python3.12/site-packages/airflow/models/dagbag.py", line 382, in parse
    loader.exec_module(new_module)
  File "<frozen importlib._bootstrap_external>", line 991, in exec_module
  File "<frozen importlib._bootstrap_external>", line 1129, in get_code
  File "<frozen importlib._bootstrap_external>", line 1059, in source_to_code
  File "<frozen importlib._bootstrap>", line 488, in _call_with_frames_removed
  File "/opt/airflow/dags/flex_eau_pipeline.py", line 26
    ingestion = BashOperator(
    ^^^^^^^^^
IndentationError: expected an indented block after 'with' statement on line 11
[2026-07-18T12:41:47.043+0000] {processor.py:927} WARNING - No viable dags retrieved from /opt/airflow/dags/flex_eau_pipeline.py
[2026-07-18T12:41:47.118+0000] {processor.py:208} INFO - Processing /opt/airflow/dags/flex_eau_pipeline.py took 0.120 seconds
[2026-07-18T12:42:17.638+0000] {processor.py:186} INFO - Started process (PID=91236) to work on /opt/airflow/dags/flex_eau_pipeline.py
[2026-07-18T12:42:17.641+0000] {processor.py:914} INFO - Processing file /opt/airflow/dags/flex_eau_pipeline.py for tasks to queue
[2026-07-18T12:42:17.647+0000] {logging_mixin.py:190} INFO - [2026-07-18T12:42:17.647+0000] {dagbag.py:587} INFO - Filling up the DagBag from /opt/airflow/dags/flex_eau_pipeline.py
[2026-07-18T12:42:17.697+0000] {logging_mixin.py:190} INFO - [2026-07-18T12:42:17.696+0000] {dagbag.py:386} ERROR - Failed to import: /opt/airflow/dags/flex_eau_pipeline.py
Traceback (most recent call last):
  File "/home/airflow/.local/lib/python3.12/site-packages/airflow/models/dagbag.py", line 382, in parse
    loader.exec_module(new_module)
  File "<frozen importlib._bootstrap_external>", line 991, in exec_module
  File "<frozen importlib._bootstrap_external>", line 1129, in get_code
  File "<frozen importlib._bootstrap_external>", line 1059, in source_to_code
  File "<frozen importlib._bootstrap>", line 488, in _call_with_frames_removed
  File "/opt/airflow/dags/flex_eau_pipeline.py", line 26
    ingestion = BashOperator(
    ^^^^^^^^^
IndentationError: expected an indented block after 'with' statement on line 11
[2026-07-18T12:42:17.698+0000] {processor.py:927} WARNING - No viable dags retrieved from /opt/airflow/dags/flex_eau_pipeline.py
[2026-07-18T12:42:17.731+0000] {processor.py:208} INFO - Processing /opt/airflow/dags/flex_eau_pipeline.py took 0.109 seconds
[2026-07-18T12:42:48.454+0000] {processor.py:186} INFO - Started process (PID=91241) to work on /opt/airflow/dags/flex_eau_pipeline.py
[2026-07-18T12:42:48.457+0000] {processor.py:914} INFO - Processing file /opt/airflow/dags/flex_eau_pipeline.py for tasks to queue
[2026-07-18T12:42:48.463+0000] {logging_mixin.py:190} INFO - [2026-07-18T12:42:48.462+0000] {dagbag.py:587} INFO - Filling up the DagBag from /opt/airflow/dags/flex_eau_pipeline.py
[2026-07-18T12:42:48.534+0000] {logging_mixin.py:190} INFO - [2026-07-18T12:42:48.531+0000] {dagbag.py:386} ERROR - Failed to import: /opt/airflow/dags/flex_eau_pipeline.py
Traceback (most recent call last):
  File "/home/airflow/.local/lib/python3.12/site-packages/airflow/models/dagbag.py", line 382, in parse
    loader.exec_module(new_module)
  File "<frozen importlib._bootstrap_external>", line 991, in exec_module
  File "<frozen importlib._bootstrap_external>", line 1129, in get_code
  File "<frozen importlib._bootstrap_external>", line 1059, in source_to_code
  File "<frozen importlib._bootstrap>", line 488, in _call_with_frames_removed
  File "/opt/airflow/dags/flex_eau_pipeline.py", line 26
    ingestion = BashOperator(
    ^^^^^^^^^
IndentationError: expected an indented block after 'with' statement on line 11
[2026-07-18T12:42:48.536+0000] {processor.py:927} WARNING - No viable dags retrieved from /opt/airflow/dags/flex_eau_pipeline.py
[2026-07-18T12:42:48.599+0000] {processor.py:208} INFO - Processing /opt/airflow/dags/flex_eau_pipeline.py took 0.159 seconds
[2026-07-18T12:43:18.961+0000] {processor.py:186} INFO - Started process (PID=91246) to work on /opt/airflow/dags/flex_eau_pipeline.py
[2026-07-18T12:43:18.962+0000] {processor.py:914} INFO - Processing file /opt/airflow/dags/flex_eau_pipeline.py for tasks to queue
[2026-07-18T12:43:18.966+0000] {logging_mixin.py:190} INFO - [2026-07-18T12:43:18.966+0000] {dagbag.py:587} INFO - Filling up the DagBag from /opt/airflow/dags/flex_eau_pipeline.py
[2026-07-18T12:43:18.998+0000] {logging_mixin.py:190} INFO - [2026-07-18T12:43:18.997+0000] {dagbag.py:386} ERROR - Failed to import: /opt/airflow/dags/flex_eau_pipeline.py
Traceback (most recent call last):
  File "/home/airflow/.local/lib/python3.12/site-packages/airflow/models/dagbag.py", line 382, in parse
    loader.exec_module(new_module)
  File "<frozen importlib._bootstrap_external>", line 991, in exec_module
  File "<frozen importlib._bootstrap_external>", line 1129, in get_code
  File "<frozen importlib._bootstrap_external>", line 1059, in source_to_code
  File "<frozen importlib._bootstrap>", line 488, in _call_with_frames_removed
  File "/opt/airflow/dags/flex_eau_pipeline.py", line 26
    ingestion = BashOperator(
    ^^^^^^^^^
IndentationError: expected an indented block after 'with' statement on line 11
[2026-07-18T12:43:18.999+0000] {processor.py:927} WARNING - No viable dags retrieved from /opt/airflow/dags/flex_eau_pipeline.py
[2026-07-18T12:43:19.030+0000] {processor.py:208} INFO - Processing /opt/airflow/dags/flex_eau_pipeline.py took 0.078 seconds
[2026-07-18T12:43:49.558+0000] {processor.py:186} INFO - Started process (PID=91251) to work on /opt/airflow/dags/flex_eau_pipeline.py
[2026-07-18T12:43:49.560+0000] {processor.py:914} INFO - Processing file /opt/airflow/dags/flex_eau_pipeline.py for tasks to queue
[2026-07-18T12:43:49.565+0000] {logging_mixin.py:190} INFO - [2026-07-18T12:43:49.565+0000] {dagbag.py:587} INFO - Filling up the DagBag from /opt/airflow/dags/flex_eau_pipeline.py
[2026-07-18T12:43:49.606+0000] {logging_mixin.py:190} INFO - [2026-07-18T12:43:49.605+0000] {dagbag.py:386} ERROR - Failed to import: /opt/airflow/dags/flex_eau_pipeline.py
Traceback (most recent call last):
  File "/home/airflow/.local/lib/python3.12/site-packages/airflow/models/dagbag.py", line 382, in parse
    loader.exec_module(new_module)
  File "<frozen importlib._bootstrap_external>", line 991, in exec_module
  File "<frozen importlib._bootstrap_external>", line 1129, in get_code
  File "<frozen importlib._bootstrap_external>", line 1059, in source_to_code
  File "<frozen importlib._bootstrap>", line 488, in _call_with_frames_removed
  File "/opt/airflow/dags/flex_eau_pipeline.py", line 26
    ingestion = BashOperator(
    ^^^^^^^^^
IndentationError: expected an indented block after 'with' statement on line 11
[2026-07-18T12:43:49.607+0000] {processor.py:927} WARNING - No viable dags retrieved from /opt/airflow/dags/flex_eau_pipeline.py
[2026-07-18T12:43:49.662+0000] {processor.py:208} INFO - Processing /opt/airflow/dags/flex_eau_pipeline.py took 0.118 seconds
[2026-07-18T15:44:29.044+0000] {processor.py:186} INFO - Started process (PID=91256) to work on /opt/airflow/dags/flex_eau_pipeline.py
[2026-07-18T15:44:29.068+0000] {processor.py:914} INFO - Processing file /opt/airflow/dags/flex_eau_pipeline.py for tasks to queue
[2026-07-18T15:44:29.162+0000] {logging_mixin.py:190} INFO - [2026-07-18T15:44:29.151+0000] {dagbag.py:587} INFO - Filling up the DagBag from /opt/airflow/dags/flex_eau_pipeline.py
[2026-07-18T17:14:52.090+0000] {logging_mixin.py:190} INFO - [2026-07-18T17:14:52.033+0000] {dagbag.py:386} ERROR - Failed to import: /opt/airflow/dags/flex_eau_pipeline.py
Traceback (most recent call last):
  File "/home/airflow/.local/lib/python3.12/site-packages/airflow/models/dagbag.py", line 382, in parse
    loader.exec_module(new_module)
  File "<frozen importlib._bootstrap_external>", line 991, in exec_module
  File "<frozen importlib._bootstrap_external>", line 1129, in get_code
  File "<frozen importlib._bootstrap_external>", line 1059, in source_to_code
  File "<frozen importlib._bootstrap>", line 488, in _call_with_frames_removed
  File "/opt/airflow/dags/flex_eau_pipeline.py", line 26
    ingestion = BashOperator(
    ^^^^^^^^^
IndentationError: expected an indented block after 'with' statement on line 11
[2026-07-18T17:14:52.103+0000] {processor.py:927} WARNING - No viable dags retrieved from /opt/airflow/dags/flex_eau_pipeline.py
[2026-07-18T17:15:16.805+0000] {processor.py:186} INFO - Started process (PID=91264) to work on /opt/airflow/dags/flex_eau_pipeline.py
[2026-07-18T17:15:16.838+0000] {processor.py:914} INFO - Processing file /opt/airflow/dags/flex_eau_pipeline.py for tasks to queue
[2026-07-18T17:15:16.933+0000] {logging_mixin.py:190} INFO - [2026-07-18T17:15:16.911+0000] {dagbag.py:587} INFO - Filling up the DagBag from /opt/airflow/dags/flex_eau_pipeline.py
[2026-07-18T17:15:17.095+0000] {logging_mixin.py:190} INFO - [2026-07-18T17:15:17.040+0000] {dagbag.py:386} ERROR - Failed to import: /opt/airflow/dags/flex_eau_pipeline.py
Traceback (most recent call last):
  File "/home/airflow/.local/lib/python3.12/site-packages/airflow/models/dagbag.py", line 382, in parse
    loader.exec_module(new_module)
  File "<frozen importlib._bootstrap_external>", line 991, in exec_module
  File "<frozen importlib._bootstrap_external>", line 1129, in get_code
  File "<frozen importlib._bootstrap_external>", line 1059, in source_to_code
  File "<frozen importlib._bootstrap>", line 488, in _call_with_frames_removed
  File "/opt/airflow/dags/flex_eau_pipeline.py", line 26
    ingestion = BashOperator(
    ^^^^^^^^^
IndentationError: expected an indented block after 'with' statement on line 11
[2026-07-18T17:15:17.103+0000] {processor.py:927} WARNING - No viable dags retrieved from /opt/airflow/dags/flex_eau_pipeline.py
[2026-07-18T17:15:17.246+0000] {processor.py:208} INFO - Processing /opt/airflow/dags/flex_eau_pipeline.py took 0.519 seconds
[2026-07-18T17:15:48.110+0000] {processor.py:186} INFO - Started process (PID=91269) to work on /opt/airflow/dags/flex_eau_pipeline.py
[2026-07-18T17:15:48.117+0000] {processor.py:914} INFO - Processing file /opt/airflow/dags/flex_eau_pipeline.py for tasks to queue
[2026-07-18T17:15:48.149+0000] {logging_mixin.py:190} INFO - [2026-07-18T17:15:48.147+0000] {dagbag.py:587} INFO - Filling up the DagBag from /opt/airflow/dags/flex_eau_pipeline.py
[2026-07-18T17:15:48.254+0000] {logging_mixin.py:190} INFO - [2026-07-18T17:15:48.251+0000] {dagbag.py:386} ERROR - Failed to import: /opt/airflow/dags/flex_eau_pipeline.py
Traceback (most recent call last):
  File "/home/airflow/.local/lib/python3.12/site-packages/airflow/models/dagbag.py", line 382, in parse
    loader.exec_module(new_module)
  File "<frozen importlib._bootstrap_external>", line 991, in exec_module
  File "<frozen importlib._bootstrap_external>", line 1129, in get_code
  File "<frozen importlib._bootstrap_external>", line 1059, in source_to_code
  File "<frozen importlib._bootstrap>", line 488, in _call_with_frames_removed
  File "/opt/airflow/dags/flex_eau_pipeline.py", line 26
    ingestion = BashOperator(
    ^^^^^^^^^
IndentationError: expected an indented block after 'with' statement on line 11
[2026-07-18T17:15:48.255+0000] {processor.py:927} WARNING - No viable dags retrieved from /opt/airflow/dags/flex_eau_pipeline.py
[2026-07-18T17:15:48.498+0000] {processor.py:208} INFO - Processing /opt/airflow/dags/flex_eau_pipeline.py took 0.436 seconds
[2026-07-18T17:16:19.116+0000] {processor.py:186} INFO - Started process (PID=91274) to work on /opt/airflow/dags/flex_eau_pipeline.py
[2026-07-18T17:16:19.124+0000] {processor.py:914} INFO - Processing file /opt/airflow/dags/flex_eau_pipeline.py for tasks to queue
[2026-07-18T17:16:19.154+0000] {logging_mixin.py:190} INFO - [2026-07-18T17:16:19.141+0000] {dagbag.py:587} INFO - Filling up the DagBag from /opt/airflow/dags/flex_eau_pipeline.py
[2026-07-18T17:16:19.231+0000] {logging_mixin.py:190} INFO - [2026-07-18T17:16:19.220+0000] {dagbag.py:386} ERROR - Failed to import: /opt/airflow/dags/flex_eau_pipeline.py
Traceback (most recent call last):
  File "/home/airflow/.local/lib/python3.12/site-packages/airflow/models/dagbag.py", line 382, in parse
    loader.exec_module(new_module)
  File "<frozen importlib._bootstrap_external>", line 991, in exec_module
  File "<frozen importlib._bootstrap_external>", line 1129, in get_code
  File "<frozen importlib._bootstrap_external>", line 1059, in source_to_code
  File "<frozen importlib._bootstrap>", line 488, in _call_with_frames_removed
  File "/opt/airflow/dags/flex_eau_pipeline.py", line 26
    ingestion = BashOperator(
    ^^^^^^^^^
IndentationError: expected an indented block after 'with' statement on line 11
[2026-07-18T17:16:19.233+0000] {processor.py:927} WARNING - No viable dags retrieved from /opt/airflow/dags/flex_eau_pipeline.py
[2026-07-18T17:16:19.354+0000] {processor.py:208} INFO - Processing /opt/airflow/dags/flex_eau_pipeline.py took 0.345 seconds
[2026-07-18T17:16:49.485+0000] {processor.py:186} INFO - Started process (PID=91279) to work on /opt/airflow/dags/flex_eau_pipeline.py
[2026-07-18T17:16:49.489+0000] {processor.py:914} INFO - Processing file /opt/airflow/dags/flex_eau_pipeline.py for tasks to queue
[2026-07-18T17:16:49.520+0000] {logging_mixin.py:190} INFO - [2026-07-18T17:16:49.510+0000] {dagbag.py:587} INFO - Filling up the DagBag from /opt/airflow/dags/flex_eau_pipeline.py
[2026-07-18T17:16:49.587+0000] {logging_mixin.py:190} INFO - [2026-07-18T17:16:49.579+0000] {dagbag.py:386} ERROR - Failed to import: /opt/airflow/dags/flex_eau_pipeline.py
Traceback (most recent call last):
  File "/home/airflow/.local/lib/python3.12/site-packages/airflow/models/dagbag.py", line 382, in parse
    loader.exec_module(new_module)
  File "<frozen importlib._bootstrap_external>", line 991, in exec_module
  File "<frozen importlib._bootstrap_external>", line 1129, in get_code
  File "<frozen importlib._bootstrap_external>", line 1059, in source_to_code
  File "<frozen importlib._bootstrap>", line 488, in _call_with_frames_removed
  File "/opt/airflow/dags/flex_eau_pipeline.py", line 26
    ingestion = BashOperator(
    ^^^^^^^^^
IndentationError: expected an indented block after 'with' statement on line 11
[2026-07-18T17:16:49.589+0000] {processor.py:927} WARNING - No viable dags retrieved from /opt/airflow/dags/flex_eau_pipeline.py
[2026-07-18T17:16:49.692+0000] {processor.py:208} INFO - Processing /opt/airflow/dags/flex_eau_pipeline.py took 0.235 seconds
[2026-07-18T17:17:19.930+0000] {processor.py:186} INFO - Started process (PID=91284) to work on /opt/airflow/dags/flex_eau_pipeline.py
[2026-07-18T17:17:19.933+0000] {processor.py:914} INFO - Processing file /opt/airflow/dags/flex_eau_pipeline.py for tasks to queue
[2026-07-18T17:17:19.938+0000] {logging_mixin.py:190} INFO - [2026-07-18T17:17:19.938+0000] {dagbag.py:587} INFO - Filling up the DagBag from /opt/airflow/dags/flex_eau_pipeline.py
[2026-07-18T17:17:19.977+0000] {logging_mixin.py:190} INFO - [2026-07-18T17:17:19.974+0000] {dagbag.py:386} ERROR - Failed to import: /opt/airflow/dags/flex_eau_pipeline.py
Traceback (most recent call last):
  File "/home/airflow/.local/lib/python3.12/site-packages/airflow/models/dagbag.py", line 382, in parse
    loader.exec_module(new_module)
  File "<frozen importlib._bootstrap_external>", line 991, in exec_module
  File "<frozen importlib._bootstrap_external>", line 1129, in get_code
  File "<frozen importlib._bootstrap_external>", line 1059, in source_to_code
  File "<frozen importlib._bootstrap>", line 488, in _call_with_frames_removed
  File "/opt/airflow/dags/flex_eau_pipeline.py", line 26
    ingestion = BashOperator(
    ^^^^^^^^^
IndentationError: expected an indented block after 'with' statement on line 11
[2026-07-18T17:17:19.978+0000] {processor.py:927} WARNING - No viable dags retrieved from /opt/airflow/dags/flex_eau_pipeline.py
[2026-07-18T17:17:20.045+0000] {processor.py:208} INFO - Processing /opt/airflow/dags/flex_eau_pipeline.py took 0.124 seconds
[2026-07-18T17:17:50.596+0000] {processor.py:186} INFO - Started process (PID=91289) to work on /opt/airflow/dags/flex_eau_pipeline.py
[2026-07-18T17:17:50.604+0000] {processor.py:914} INFO - Processing file /opt/airflow/dags/flex_eau_pipeline.py for tasks to queue
[2026-07-18T17:17:50.620+0000] {logging_mixin.py:190} INFO - [2026-07-18T17:17:50.618+0000] {dagbag.py:587} INFO - Filling up the DagBag from /opt/airflow/dags/flex_eau_pipeline.py
[2026-07-18T17:17:50.687+0000] {logging_mixin.py:190} INFO - [2026-07-18T17:17:50.685+0000] {dagbag.py:386} ERROR - Failed to import: /opt/airflow/dags/flex_eau_pipeline.py
Traceback (most recent call last):
  File "/home/airflow/.local/lib/python3.12/site-packages/airflow/models/dagbag.py", line 382, in parse
    loader.exec_module(new_module)
  File "<frozen importlib._bootstrap_external>", line 991, in exec_module
  File "<frozen importlib._bootstrap_external>", line 1129, in get_code
  File "<frozen importlib._bootstrap_external>", line 1059, in source_to_code
  File "<frozen importlib._bootstrap>", line 488, in _call_with_frames_removed
  File "/opt/airflow/dags/flex_eau_pipeline.py", line 26
    ingestion = BashOperator(
    ^^^^^^^^^
IndentationError: expected an indented block after 'with' statement on line 11
[2026-07-18T17:17:50.689+0000] {processor.py:927} WARNING - No viable dags retrieved from /opt/airflow/dags/flex_eau_pipeline.py
[2026-07-18T17:17:50.757+0000] {processor.py:208} INFO - Processing /opt/airflow/dags/flex_eau_pipeline.py took 0.200 seconds
[2026-07-18T17:18:21.422+0000] {processor.py:186} INFO - Started process (PID=91294) to work on /opt/airflow/dags/flex_eau_pipeline.py
[2026-07-18T17:18:21.424+0000] {processor.py:914} INFO - Processing file /opt/airflow/dags/flex_eau_pipeline.py for tasks to queue
[2026-07-18T17:18:21.429+0000] {logging_mixin.py:190} INFO - [2026-07-18T17:18:21.428+0000] {dagbag.py:587} INFO - Filling up the DagBag from /opt/airflow/dags/flex_eau_pipeline.py
[2026-07-18T17:18:21.470+0000] {logging_mixin.py:190} INFO - [2026-07-18T17:18:21.463+0000] {dagbag.py:386} ERROR - Failed to import: /opt/airflow/dags/flex_eau_pipeline.py
Traceback (most recent call last):
  File "/home/airflow/.local/lib/python3.12/site-packages/airflow/models/dagbag.py", line 382, in parse
    loader.exec_module(new_module)
  File "<frozen importlib._bootstrap_external>", line 991, in exec_module
  File "<frozen importlib._bootstrap_external>", line 1129, in get_code
  File "<frozen importlib._bootstrap_external>", line 1059, in source_to_code
  File "<frozen importlib._bootstrap>", line 488, in _call_with_frames_removed
  File "/opt/airflow/dags/flex_eau_pipeline.py", line 26
    ingestion = BashOperator(
    ^^^^^^^^^
IndentationError: expected an indented block after 'with' statement on line 11
[2026-07-18T17:18:21.472+0000] {processor.py:927} WARNING - No viable dags retrieved from /opt/airflow/dags/flex_eau_pipeline.py
[2026-07-18T17:18:21.520+0000] {processor.py:208} INFO - Processing /opt/airflow/dags/flex_eau_pipeline.py took 0.106 seconds
[2026-07-18T17:18:51.995+0000] {processor.py:186} INFO - Started process (PID=91299) to work on /opt/airflow/dags/flex_eau_pipeline.py
[2026-07-18T17:18:51.998+0000] {processor.py:914} INFO - Processing file /opt/airflow/dags/flex_eau_pipeline.py for tasks to queue
[2026-07-18T17:18:52.007+0000] {logging_mixin.py:190} INFO - [2026-07-18T17:18:52.006+0000] {dagbag.py:587} INFO - Filling up the DagBag from /opt/airflow/dags/flex_eau_pipeline.py
[2026-07-18T17:18:52.072+0000] {logging_mixin.py:190} INFO - [2026-07-18T17:18:52.069+0000] {dagbag.py:386} ERROR - Failed to import: /opt/airflow/dags/flex_eau_pipeline.py
Traceback (most recent call last):
  File "/home/airflow/.local/lib/python3.12/site-packages/airflow/models/dagbag.py", line 382, in parse
    loader.exec_module(new_module)
  File "<frozen importlib._bootstrap_external>", line 991, in exec_module
  File "<frozen importlib._bootstrap_external>", line 1129, in get_code
  File "<frozen importlib._bootstrap_external>", line 1059, in source_to_code
  File "<frozen importlib._bootstrap>", line 488, in _call_with_frames_removed
  File "/opt/airflow/dags/flex_eau_pipeline.py", line 26
    ingestion = BashOperator(
    ^^^^^^^^^
IndentationError: expected an indented block after 'with' statement on line 11
[2026-07-18T17:18:52.074+0000] {processor.py:927} WARNING - No viable dags retrieved from /opt/airflow/dags/flex_eau_pipeline.py
[2026-07-18T17:18:52.148+0000] {processor.py:208} INFO - Processing /opt/airflow/dags/flex_eau_pipeline.py took 0.169 seconds
[2026-07-18T17:19:22.479+0000] {processor.py:186} INFO - Started process (PID=91304) to work on /opt/airflow/dags/flex_eau_pipeline.py
[2026-07-18T17:19:22.483+0000] {processor.py:914} INFO - Processing file /opt/airflow/dags/flex_eau_pipeline.py for tasks to queue
[2026-07-18T17:19:22.492+0000] {logging_mixin.py:190} INFO - [2026-07-18T17:19:22.491+0000] {dagbag.py:587} INFO - Filling up the DagBag from /opt/airflow/dags/flex_eau_pipeline.py
[2026-07-18T17:19:22.547+0000] {logging_mixin.py:190} INFO - [2026-07-18T17:19:22.544+0000] {dagbag.py:386} ERROR - Failed to import: /opt/airflow/dags/flex_eau_pipeline.py
Traceback (most recent call last):
  File "/home/airflow/.local/lib/python3.12/site-packages/airflow/models/dagbag.py", line 382, in parse
    loader.exec_module(new_module)
  File "<frozen importlib._bootstrap_external>", line 991, in exec_module
  File "<frozen importlib._bootstrap_external>", line 1129, in get_code
  File "<frozen importlib._bootstrap_external>", line 1059, in source_to_code
  File "<frozen importlib._bootstrap>", line 488, in _call_with_frames_removed
  File "/opt/airflow/dags/flex_eau_pipeline.py", line 26
    ingestion = BashOperator(
    ^^^^^^^^^
IndentationError: expected an indented block after 'with' statement on line 11
[2026-07-18T17:19:22.549+0000] {processor.py:927} WARNING - No viable dags retrieved from /opt/airflow/dags/flex_eau_pipeline.py
[2026-07-18T17:19:22.580+0000] {processor.py:208} INFO - Processing /opt/airflow/dags/flex_eau_pipeline.py took 0.124 seconds
[2026-07-18T17:19:53.131+0000] {processor.py:186} INFO - Started process (PID=91309) to work on /opt/airflow/dags/flex_eau_pipeline.py
[2026-07-18T17:19:53.138+0000] {processor.py:914} INFO - Processing file /opt/airflow/dags/flex_eau_pipeline.py for tasks to queue
[2026-07-18T17:19:53.147+0000] {logging_mixin.py:190} INFO - [2026-07-18T17:19:53.146+0000] {dagbag.py:587} INFO - Filling up the DagBag from /opt/airflow/dags/flex_eau_pipeline.py
[2026-07-18T17:19:53.191+0000] {logging_mixin.py:190} INFO - [2026-07-18T17:19:53.189+0000] {dagbag.py:386} ERROR - Failed to import: /opt/airflow/dags/flex_eau_pipeline.py
Traceback (most recent call last):
  File "/home/airflow/.local/lib/python3.12/site-packages/airflow/models/dagbag.py", line 382, in parse
    loader.exec_module(new_module)
  File "<frozen importlib._bootstrap_external>", line 991, in exec_module
  File "<frozen importlib._bootstrap_external>", line 1129, in get_code
  File "<frozen importlib._bootstrap_external>", line 1059, in source_to_code
  File "<frozen importlib._bootstrap>", line 488, in _call_with_frames_removed
  File "/opt/airflow/dags/flex_eau_pipeline.py", line 26
    ingestion = BashOperator(
    ^^^^^^^^^
IndentationError: expected an indented block after 'with' statement on line 11
[2026-07-18T17:19:53.192+0000] {processor.py:927} WARNING - No viable dags retrieved from /opt/airflow/dags/flex_eau_pipeline.py
[2026-07-18T17:19:53.239+0000] {processor.py:208} INFO - Processing /opt/airflow/dags/flex_eau_pipeline.py took 0.148 seconds
[2026-07-18T17:20:23.934+0000] {processor.py:186} INFO - Started process (PID=91314) to work on /opt/airflow/dags/flex_eau_pipeline.py
[2026-07-18T17:20:23.937+0000] {processor.py:914} INFO - Processing file /opt/airflow/dags/flex_eau_pipeline.py for tasks to queue
[2026-07-18T17:20:23.944+0000] {logging_mixin.py:190} INFO - [2026-07-18T17:20:23.943+0000] {dagbag.py:587} INFO - Filling up the DagBag from /opt/airflow/dags/flex_eau_pipeline.py
[2026-07-18T17:20:23.981+0000] {logging_mixin.py:190} INFO - [2026-07-18T17:20:23.978+0000] {dagbag.py:386} ERROR - Failed to import: /opt/airflow/dags/flex_eau_pipeline.py
Traceback (most recent call last):
  File "/home/airflow/.local/lib/python3.12/site-packages/airflow/models/dagbag.py", line 382, in parse
    loader.exec_module(new_module)
  File "<frozen importlib._bootstrap_external>", line 991, in exec_module
  File "<frozen importlib._bootstrap_external>", line 1129, in get_code
  File "<frozen importlib._bootstrap_external>", line 1059, in source_to_code
  File "<frozen importlib._bootstrap>", line 488, in _call_with_frames_removed
  File "/opt/airflow/dags/flex_eau_pipeline.py", line 26
    ingestion = BashOperator(
    ^^^^^^^^^
IndentationError: expected an indented block after 'with' statement on line 11
[2026-07-18T17:20:23.982+0000] {processor.py:927} WARNING - No viable dags retrieved from /opt/airflow/dags/flex_eau_pipeline.py
[2026-07-18T17:20:24.022+0000] {processor.py:208} INFO - Processing /opt/airflow/dags/flex_eau_pipeline.py took 0.113 seconds
[2026-07-18T17:20:54.717+0000] {processor.py:186} INFO - Started process (PID=91319) to work on /opt/airflow/dags/flex_eau_pipeline.py
[2026-07-18T17:20:54.720+0000] {processor.py:914} INFO - Processing file /opt/airflow/dags/flex_eau_pipeline.py for tasks to queue
[2026-07-18T17:20:54.725+0000] {logging_mixin.py:190} INFO - [2026-07-18T17:20:54.725+0000] {dagbag.py:587} INFO - Filling up the DagBag from /opt/airflow/dags/flex_eau_pipeline.py
[2026-07-18T17:20:54.773+0000] {logging_mixin.py:190} INFO - [2026-07-18T17:20:54.770+0000] {dagbag.py:386} ERROR - Failed to import: /opt/airflow/dags/flex_eau_pipeline.py
Traceback (most recent call last):
  File "/home/airflow/.local/lib/python3.12/site-packages/airflow/models/dagbag.py", line 382, in parse
    loader.exec_module(new_module)
  File "<frozen importlib._bootstrap_external>", line 991, in exec_module
  File "<frozen importlib._bootstrap_external>", line 1129, in get_code
  File "<frozen importlib._bootstrap_external>", line 1059, in source_to_code
  File "<frozen importlib._bootstrap>", line 488, in _call_with_frames_removed
  File "/opt/airflow/dags/flex_eau_pipeline.py", line 26
    ingestion = BashOperator(
    ^^^^^^^^^
IndentationError: expected an indented block after 'with' statement on line 11
[2026-07-18T17:20:54.777+0000] {processor.py:927} WARNING - No viable dags retrieved from /opt/airflow/dags/flex_eau_pipeline.py
[2026-07-18T17:20:54.853+0000] {processor.py:208} INFO - Processing /opt/airflow/dags/flex_eau_pipeline.py took 0.151 seconds
[2026-07-18T17:21:25.325+0000] {processor.py:186} INFO - Started process (PID=91324) to work on /opt/airflow/dags/flex_eau_pipeline.py
[2026-07-18T17:21:25.327+0000] {processor.py:914} INFO - Processing file /opt/airflow/dags/flex_eau_pipeline.py for tasks to queue
[2026-07-18T17:21:25.334+0000] {logging_mixin.py:190} INFO - [2026-07-18T17:21:25.333+0000] {dagbag.py:587} INFO - Filling up the DagBag from /opt/airflow/dags/flex_eau_pipeline.py
[2026-07-18T17:21:25.399+0000] {logging_mixin.py:190} INFO - [2026-07-18T17:21:25.396+0000] {dagbag.py:386} ERROR - Failed to import: /opt/airflow/dags/flex_eau_pipeline.py
Traceback (most recent call last):
  File "/home/airflow/.local/lib/python3.12/site-packages/airflow/models/dagbag.py", line 382, in parse
    loader.exec_module(new_module)
  File "<frozen importlib._bootstrap_external>", line 991, in exec_module
  File "<frozen importlib._bootstrap_external>", line 1129, in get_code
  File "<frozen importlib._bootstrap_external>", line 1059, in source_to_code
  File "<frozen importlib._bootstrap>", line 488, in _call_with_frames_removed
  File "/opt/airflow/dags/flex_eau_pipeline.py", line 26
    ingestion = BashOperator(
    ^^^^^^^^^
IndentationError: expected an indented block after 'with' statement on line 11
[2026-07-18T17:21:25.401+0000] {processor.py:927} WARNING - No viable dags retrieved from /opt/airflow/dags/flex_eau_pipeline.py
[2026-07-18T17:21:25.471+0000] {processor.py:208} INFO - Processing /opt/airflow/dags/flex_eau_pipeline.py took 0.160 seconds
[2026-07-18T17:21:56.242+0000] {processor.py:186} INFO - Started process (PID=91329) to work on /opt/airflow/dags/flex_eau_pipeline.py
[2026-07-18T17:21:56.245+0000] {processor.py:914} INFO - Processing file /opt/airflow/dags/flex_eau_pipeline.py for tasks to queue
[2026-07-18T17:21:56.256+0000] {logging_mixin.py:190} INFO - [2026-07-18T17:21:56.255+0000] {dagbag.py:587} INFO - Filling up the DagBag from /opt/airflow/dags/flex_eau_pipeline.py
[2026-07-18T17:21:56.311+0000] {logging_mixin.py:190} INFO - [2026-07-18T17:21:56.309+0000] {dagbag.py:386} ERROR - Failed to import: /opt/airflow/dags/flex_eau_pipeline.py
Traceback (most recent call last):
  File "/home/airflow/.local/lib/python3.12/site-packages/airflow/models/dagbag.py", line 382, in parse
    loader.exec_module(new_module)
  File "<frozen importlib._bootstrap_external>", line 991, in exec_module
  File "<frozen importlib._bootstrap_external>", line 1129, in get_code
  File "<frozen importlib._bootstrap_external>", line 1059, in source_to_code
  File "<frozen importlib._bootstrap>", line 488, in _call_with_frames_removed
  File "/opt/airflow/dags/flex_eau_pipeline.py", line 26
    ingestion = BashOperator(
    ^^^^^^^^^
IndentationError: expected an indented block after 'with' statement on line 11
[2026-07-18T17:21:56.313+0000] {processor.py:927} WARNING - No viable dags retrieved from /opt/airflow/dags/flex_eau_pipeline.py
[2026-07-18T17:21:56.361+0000] {processor.py:208} INFO - Processing /opt/airflow/dags/flex_eau_pipeline.py took 0.135 seconds
[2026-07-18T17:22:27.032+0000] {processor.py:186} INFO - Started process (PID=91334) to work on /opt/airflow/dags/flex_eau_pipeline.py
[2026-07-18T17:22:27.035+0000] {processor.py:914} INFO - Processing file /opt/airflow/dags/flex_eau_pipeline.py for tasks to queue
[2026-07-18T17:22:27.043+0000] {logging_mixin.py:190} INFO - [2026-07-18T17:22:27.042+0000] {dagbag.py:587} INFO - Filling up the DagBag from /opt/airflow/dags/flex_eau_pipeline.py
[2026-07-18T17:22:27.112+0000] {logging_mixin.py:190} INFO - [2026-07-18T17:22:27.109+0000] {dagbag.py:386} ERROR - Failed to import: /opt/airflow/dags/flex_eau_pipeline.py
Traceback (most recent call last):
  File "/home/airflow/.local/lib/python3.12/site-packages/airflow/models/dagbag.py", line 382, in parse
    loader.exec_module(new_module)
  File "<frozen importlib._bootstrap_external>", line 991, in exec_module
  File "<frozen importlib._bootstrap_external>", line 1129, in get_code
  File "<frozen importlib._bootstrap_external>", line 1059, in source_to_code
  File "<frozen importlib._bootstrap>", line 488, in _call_with_frames_removed
  File "/opt/airflow/dags/flex_eau_pipeline.py", line 26
    ingestion = BashOperator(
    ^^^^^^^^^
IndentationError: expected an indented block after 'with' statement on line 11
[2026-07-18T17:22:27.114+0000] {processor.py:927} WARNING - No viable dags retrieved from /opt/airflow/dags/flex_eau_pipeline.py
[2026-07-18T17:22:27.190+0000] {processor.py:208} INFO - Processing /opt/airflow/dags/flex_eau_pipeline.py took 0.175 seconds
[2026-07-18T17:22:57.808+0000] {processor.py:186} INFO - Started process (PID=91339) to work on /opt/airflow/dags/flex_eau_pipeline.py
[2026-07-18T17:22:57.812+0000] {processor.py:914} INFO - Processing file /opt/airflow/dags/flex_eau_pipeline.py for tasks to queue
[2026-07-18T17:22:57.823+0000] {logging_mixin.py:190} INFO - [2026-07-18T17:22:57.821+0000] {dagbag.py:587} INFO - Filling up the DagBag from /opt/airflow/dags/flex_eau_pipeline.py
[2026-07-18T17:22:57.888+0000] {logging_mixin.py:190} INFO - [2026-07-18T17:22:57.885+0000] {dagbag.py:386} ERROR - Failed to import: /opt/airflow/dags/flex_eau_pipeline.py
Traceback (most recent call last):
  File "/home/airflow/.local/lib/python3.12/site-packages/airflow/models/dagbag.py", line 382, in parse
    loader.exec_module(new_module)
  File "<frozen importlib._bootstrap_external>", line 991, in exec_module
  File "<frozen importlib._bootstrap_external>", line 1129, in get_code
  File "<frozen importlib._bootstrap_external>", line 1059, in source_to_code
  File "<frozen importlib._bootstrap>", line 488, in _call_with_frames_removed
  File "/opt/airflow/dags/flex_eau_pipeline.py", line 26
    ingestion = BashOperator(
    ^^^^^^^^^
IndentationError: expected an indented block after 'with' statement on line 11
[2026-07-18T17:22:57.890+0000] {processor.py:927} WARNING - No viable dags retrieved from /opt/airflow/dags/flex_eau_pipeline.py
[2026-07-18T17:22:57.961+0000] {processor.py:208} INFO - Processing /opt/airflow/dags/flex_eau_pipeline.py took 0.172 seconds
[2026-07-18T17:23:28.628+0000] {processor.py:186} INFO - Started process (PID=91344) to work on /opt/airflow/dags/flex_eau_pipeline.py
[2026-07-18T17:23:28.633+0000] {processor.py:914} INFO - Processing file /opt/airflow/dags/flex_eau_pipeline.py for tasks to queue
[2026-07-18T17:23:28.646+0000] {logging_mixin.py:190} INFO - [2026-07-18T17:23:28.645+0000] {dagbag.py:587} INFO - Filling up the DagBag from /opt/airflow/dags/flex_eau_pipeline.py
[2026-07-18T17:23:28.755+0000] {logging_mixin.py:190} INFO - [2026-07-18T17:23:28.750+0000] {dagbag.py:386} ERROR - Failed to import: /opt/airflow/dags/flex_eau_pipeline.py
Traceback (most recent call last):
  File "/home/airflow/.local/lib/python3.12/site-packages/airflow/models/dagbag.py", line 382, in parse
    loader.exec_module(new_module)
  File "<frozen importlib._bootstrap_external>", line 991, in exec_module
  File "<frozen importlib._bootstrap_external>", line 1129, in get_code
  File "<frozen importlib._bootstrap_external>", line 1059, in source_to_code
  File "<frozen importlib._bootstrap>", line 488, in _call_with_frames_removed
  File "/opt/airflow/dags/flex_eau_pipeline.py", line 26
    ingestion = BashOperator(
    ^^^^^^^^^
IndentationError: expected an indented block after 'with' statement on line 11
[2026-07-18T17:23:28.759+0000] {processor.py:927} WARNING - No viable dags retrieved from /opt/airflow/dags/flex_eau_pipeline.py
[2026-07-18T17:23:28.872+0000] {processor.py:208} INFO - Processing /opt/airflow/dags/flex_eau_pipeline.py took 0.288 seconds
[2026-07-18T17:23:59.726+0000] {processor.py:186} INFO - Started process (PID=91349) to work on /opt/airflow/dags/flex_eau_pipeline.py
[2026-07-18T17:23:59.732+0000] {processor.py:914} INFO - Processing file /opt/airflow/dags/flex_eau_pipeline.py for tasks to queue
[2026-07-18T17:23:59.745+0000] {logging_mixin.py:190} INFO - [2026-07-18T17:23:59.744+0000] {dagbag.py:587} INFO - Filling up the DagBag from /opt/airflow/dags/flex_eau_pipeline.py
[2026-07-18T17:23:59.874+0000] {logging_mixin.py:190} INFO - [2026-07-18T17:23:59.866+0000] {dagbag.py:386} ERROR - Failed to import: /opt/airflow/dags/flex_eau_pipeline.py
Traceback (most recent call last):
  File "/home/airflow/.local/lib/python3.12/site-packages/airflow/models/dagbag.py", line 382, in parse
    loader.exec_module(new_module)
  File "<frozen importlib._bootstrap_external>", line 991, in exec_module
  File "<frozen importlib._bootstrap_external>", line 1129, in get_code
  File "<frozen importlib._bootstrap_external>", line 1059, in source_to_code
  File "<frozen importlib._bootstrap>", line 488, in _call_with_frames_removed
  File "/opt/airflow/dags/flex_eau_pipeline.py", line 26
    ingestion = BashOperator(
    ^^^^^^^^^
IndentationError: expected an indented block after 'with' statement on line 11
[2026-07-18T17:23:59.878+0000] {processor.py:927} WARNING - No viable dags retrieved from /opt/airflow/dags/flex_eau_pipeline.py
[2026-07-18T17:24:00.028+0000] {processor.py:208} INFO - Processing /opt/airflow/dags/flex_eau_pipeline.py took 0.340 seconds
[2026-07-18T17:24:30.358+0000] {processor.py:186} INFO - Started process (PID=91354) to work on /opt/airflow/dags/flex_eau_pipeline.py
[2026-07-18T17:24:30.366+0000] {processor.py:914} INFO - Processing file /opt/airflow/dags/flex_eau_pipeline.py for tasks to queue
[2026-07-18T17:24:30.378+0000] {logging_mixin.py:190} INFO - [2026-07-18T17:24:30.376+0000] {dagbag.py:587} INFO - Filling up the DagBag from /opt/airflow/dags/flex_eau_pipeline.py
[2026-07-18T17:24:30.489+0000] {logging_mixin.py:190} INFO - [2026-07-18T17:24:30.484+0000] {dagbag.py:386} ERROR - Failed to import: /opt/airflow/dags/flex_eau_pipeline.py
Traceback (most recent call last):
  File "/home/airflow/.local/lib/python3.12/site-packages/airflow/models/dagbag.py", line 382, in parse
    loader.exec_module(new_module)
  File "<frozen importlib._bootstrap_external>", line 991, in exec_module
  File "<frozen importlib._bootstrap_external>", line 1129, in get_code
  File "<frozen importlib._bootstrap_external>", line 1059, in source_to_code
  File "<frozen importlib._bootstrap>", line 488, in _call_with_frames_removed
  File "/opt/airflow/dags/flex_eau_pipeline.py", line 26
    ingestion = BashOperator(
    ^^^^^^^^^
IndentationError: expected an indented block after 'with' statement on line 11
[2026-07-18T17:24:30.493+0000] {processor.py:927} WARNING - No viable dags retrieved from /opt/airflow/dags/flex_eau_pipeline.py
[2026-07-18T17:24:30.620+0000] {processor.py:208} INFO - Processing /opt/airflow/dags/flex_eau_pipeline.py took 0.294 seconds
[2026-07-18T17:25:01.002+0000] {processor.py:186} INFO - Started process (PID=91359) to work on /opt/airflow/dags/flex_eau_pipeline.py
[2026-07-18T17:25:01.008+0000] {processor.py:914} INFO - Processing file /opt/airflow/dags/flex_eau_pipeline.py for tasks to queue
[2026-07-18T17:25:01.025+0000] {logging_mixin.py:190} INFO - [2026-07-18T17:25:01.022+0000] {dagbag.py:587} INFO - Filling up the DagBag from /opt/airflow/dags/flex_eau_pipeline.py
[2026-07-18T17:25:01.135+0000] {logging_mixin.py:190} INFO - [2026-07-18T17:25:01.130+0000] {dagbag.py:386} ERROR - Failed to import: /opt/airflow/dags/flex_eau_pipeline.py
Traceback (most recent call last):
  File "/home/airflow/.local/lib/python3.12/site-packages/airflow/models/dagbag.py", line 382, in parse
    loader.exec_module(new_module)
  File "<frozen importlib._bootstrap_external>", line 991, in exec_module
  File "<frozen importlib._bootstrap_external>", line 1129, in get_code
  File "<frozen importlib._bootstrap_external>", line 1059, in source_to_code
  File "<frozen importlib._bootstrap>", line 488, in _call_with_frames_removed
  File "/opt/airflow/dags/flex_eau_pipeline.py", line 26
    ingestion = BashOperator(
    ^^^^^^^^^
IndentationError: expected an indented block after 'with' statement on line 11
[2026-07-18T17:25:01.138+0000] {processor.py:927} WARNING - No viable dags retrieved from /opt/airflow/dags/flex_eau_pipeline.py
[2026-07-18T17:25:01.264+0000] {processor.py:208} INFO - Processing /opt/airflow/dags/flex_eau_pipeline.py took 0.301 seconds
[2026-07-18T17:25:32.239+0000] {processor.py:186} INFO - Started process (PID=91364) to work on /opt/airflow/dags/flex_eau_pipeline.py
[2026-07-18T17:25:32.246+0000] {processor.py:914} INFO - Processing file /opt/airflow/dags/flex_eau_pipeline.py for tasks to queue
[2026-07-18T17:25:32.260+0000] {logging_mixin.py:190} INFO - [2026-07-18T17:25:32.258+0000] {dagbag.py:587} INFO - Filling up the DagBag from /opt/airflow/dags/flex_eau_pipeline.py
[2026-07-18T17:25:32.369+0000] {logging_mixin.py:190} INFO - [2026-07-18T17:25:32.363+0000] {dagbag.py:386} ERROR - Failed to import: /opt/airflow/dags/flex_eau_pipeline.py
Traceback (most recent call last):
  File "/home/airflow/.local/lib/python3.12/site-packages/airflow/models/dagbag.py", line 382, in parse
    loader.exec_module(new_module)
  File "<frozen importlib._bootstrap_external>", line 991, in exec_module
  File "<frozen importlib._bootstrap_external>", line 1129, in get_code
  File "<frozen importlib._bootstrap_external>", line 1059, in source_to_code
  File "<frozen importlib._bootstrap>", line 488, in _call_with_frames_removed
  File "/opt/airflow/dags/flex_eau_pipeline.py", line 26
    ingestion = BashOperator(
    ^^^^^^^^^
IndentationError: expected an indented block after 'with' statement on line 11
[2026-07-18T17:25:32.376+0000] {processor.py:927} WARNING - No viable dags retrieved from /opt/airflow/dags/flex_eau_pipeline.py
[2026-07-18T17:25:32.500+0000] {processor.py:208} INFO - Processing /opt/airflow/dags/flex_eau_pipeline.py took 0.300 seconds
[2026-07-18T17:26:02.975+0000] {processor.py:186} INFO - Started process (PID=91369) to work on /opt/airflow/dags/flex_eau_pipeline.py
[2026-07-18T17:26:02.977+0000] {processor.py:914} INFO - Processing file /opt/airflow/dags/flex_eau_pipeline.py for tasks to queue
[2026-07-18T17:26:02.984+0000] {logging_mixin.py:190} INFO - [2026-07-18T17:26:02.983+0000] {dagbag.py:587} INFO - Filling up the DagBag from /opt/airflow/dags/flex_eau_pipeline.py
[2026-07-18T17:26:03.073+0000] {logging_mixin.py:190} INFO - [2026-07-18T17:26:03.067+0000] {dagbag.py:386} ERROR - Failed to import: /opt/airflow/dags/flex_eau_pipeline.py
Traceback (most recent call last):
  File "/home/airflow/.local/lib/python3.12/site-packages/airflow/models/dagbag.py", line 382, in parse
    loader.exec_module(new_module)
  File "<frozen importlib._bootstrap_external>", line 991, in exec_module
  File "<frozen importlib._bootstrap_external>", line 1129, in get_code
  File "<frozen importlib._bootstrap_external>", line 1059, in source_to_code
  File "<frozen importlib._bootstrap>", line 488, in _call_with_frames_removed
  File "/opt/airflow/dags/flex_eau_pipeline.py", line 26
    ingestion = BashOperator(
    ^^^^^^^^^
IndentationError: expected an indented block after 'with' statement on line 11
[2026-07-18T17:26:03.078+0000] {processor.py:927} WARNING - No viable dags retrieved from /opt/airflow/dags/flex_eau_pipeline.py
[2026-07-18T17:26:03.234+0000] {processor.py:208} INFO - Processing /opt/airflow/dags/flex_eau_pipeline.py took 0.274 seconds
[2026-07-18T17:26:34.026+0000] {processor.py:186} INFO - Started process (PID=91374) to work on /opt/airflow/dags/flex_eau_pipeline.py
[2026-07-18T17:26:34.028+0000] {processor.py:914} INFO - Processing file /opt/airflow/dags/flex_eau_pipeline.py for tasks to queue
[2026-07-18T17:26:34.034+0000] {logging_mixin.py:190} INFO - [2026-07-18T17:26:34.034+0000] {dagbag.py:587} INFO - Filling up the DagBag from /opt/airflow/dags/flex_eau_pipeline.py
[2026-07-18T17:26:34.095+0000] {logging_mixin.py:190} INFO - [2026-07-18T17:26:34.092+0000] {dagbag.py:386} ERROR - Failed to import: /opt/airflow/dags/flex_eau_pipeline.py
Traceback (most recent call last):
  File "/home/airflow/.local/lib/python3.12/site-packages/airflow/models/dagbag.py", line 382, in parse
    loader.exec_module(new_module)
  File "<frozen importlib._bootstrap_external>", line 991, in exec_module
  File "<frozen importlib._bootstrap_external>", line 1129, in get_code
  File "<frozen importlib._bootstrap_external>", line 1059, in source_to_code
  File "<frozen importlib._bootstrap>", line 488, in _call_with_frames_removed
  File "/opt/airflow/dags/flex_eau_pipeline.py", line 26
    ingestion = BashOperator(
    ^^^^^^^^^
IndentationError: expected an indented block after 'with' statement on line 11
[2026-07-18T17:26:34.097+0000] {processor.py:927} WARNING - No viable dags retrieved from /opt/airflow/dags/flex_eau_pipeline.py
[2026-07-18T17:26:34.162+0000] {processor.py:208} INFO - Processing /opt/airflow/dags/flex_eau_pipeline.py took 0.151 seconds
[2026-07-18T17:27:04.635+0000] {processor.py:186} INFO - Started process (PID=91379) to work on /opt/airflow/dags/flex_eau_pipeline.py
[2026-07-18T17:27:04.638+0000] {processor.py:914} INFO - Processing file /opt/airflow/dags/flex_eau_pipeline.py for tasks to queue
[2026-07-18T17:27:04.649+0000] {logging_mixin.py:190} INFO - [2026-07-18T17:27:04.648+0000] {dagbag.py:587} INFO - Filling up the DagBag from /opt/airflow/dags/flex_eau_pipeline.py
[2026-07-18T17:27:04.720+0000] {logging_mixin.py:190} INFO - [2026-07-18T17:27:04.716+0000] {dagbag.py:386} ERROR - Failed to import: /opt/airflow/dags/flex_eau_pipeline.py
Traceback (most recent call last):
  File "/home/airflow/.local/lib/python3.12/site-packages/airflow/models/dagbag.py", line 382, in parse
    loader.exec_module(new_module)
  File "<frozen importlib._bootstrap_external>", line 991, in exec_module
  File "<frozen importlib._bootstrap_external>", line 1129, in get_code
  File "<frozen importlib._bootstrap_external>", line 1059, in source_to_code
  File "<frozen importlib._bootstrap>", line 488, in _call_with_frames_removed
  File "/opt/airflow/dags/flex_eau_pipeline.py", line 26
    ingestion = BashOperator(
    ^^^^^^^^^
IndentationError: expected an indented block after 'with' statement on line 11
[2026-07-18T17:27:04.724+0000] {processor.py:927} WARNING - No viable dags retrieved from /opt/airflow/dags/flex_eau_pipeline.py
[2026-07-18T17:27:04.818+0000] {processor.py:208} INFO - Processing /opt/airflow/dags/flex_eau_pipeline.py took 0.196 seconds
[2026-07-18T17:27:35.755+0000] {processor.py:186} INFO - Started process (PID=91384) to work on /opt/airflow/dags/flex_eau_pipeline.py
[2026-07-18T17:27:35.759+0000] {processor.py:914} INFO - Processing file /opt/airflow/dags/flex_eau_pipeline.py for tasks to queue
[2026-07-18T17:27:35.771+0000] {logging_mixin.py:190} INFO - [2026-07-18T17:27:35.770+0000] {dagbag.py:587} INFO - Filling up the DagBag from /opt/airflow/dags/flex_eau_pipeline.py
[2026-07-18T17:27:35.822+0000] {logging_mixin.py:190} INFO - [2026-07-18T17:27:35.820+0000] {dagbag.py:386} ERROR - Failed to import: /opt/airflow/dags/flex_eau_pipeline.py
Traceback (most recent call last):
  File "/home/airflow/.local/lib/python3.12/site-packages/airflow/models/dagbag.py", line 382, in parse
    loader.exec_module(new_module)
  File "<frozen importlib._bootstrap_external>", line 991, in exec_module
  File "<frozen importlib._bootstrap_external>", line 1129, in get_code
  File "<frozen importlib._bootstrap_external>", line 1059, in source_to_code
  File "<frozen importlib._bootstrap>", line 488, in _call_with_frames_removed
  File "/opt/airflow/dags/flex_eau_pipeline.py", line 26
    ingestion = BashOperator(
    ^^^^^^^^^
IndentationError: expected an indented block after 'with' statement on line 11
[2026-07-18T17:27:35.823+0000] {processor.py:927} WARNING - No viable dags retrieved from /opt/airflow/dags/flex_eau_pipeline.py
[2026-07-18T17:27:35.869+0000] {processor.py:208} INFO - Processing /opt/airflow/dags/flex_eau_pipeline.py took 0.186 seconds
[2026-07-18T17:28:06.445+0000] {processor.py:186} INFO - Started process (PID=91389) to work on /opt/airflow/dags/flex_eau_pipeline.py
[2026-07-18T17:28:06.448+0000] {processor.py:914} INFO - Processing file /opt/airflow/dags/flex_eau_pipeline.py for tasks to queue
[2026-07-18T17:28:06.455+0000] {logging_mixin.py:190} INFO - [2026-07-18T17:28:06.454+0000] {dagbag.py:587} INFO - Filling up the DagBag from /opt/airflow/dags/flex_eau_pipeline.py
[2026-07-18T17:28:06.520+0000] {logging_mixin.py:190} INFO - [2026-07-18T17:28:06.517+0000] {dagbag.py:386} ERROR - Failed to import: /opt/airflow/dags/flex_eau_pipeline.py
Traceback (most recent call last):
  File "/home/airflow/.local/lib/python3.12/site-packages/airflow/models/dagbag.py", line 382, in parse
    loader.exec_module(new_module)
  File "<frozen importlib._bootstrap_external>", line 991, in exec_module
  File "<frozen importlib._bootstrap_external>", line 1129, in get_code
  File "<frozen importlib._bootstrap_external>", line 1059, in source_to_code
  File "<frozen importlib._bootstrap>", line 488, in _call_with_frames_removed
  File "/opt/airflow/dags/flex_eau_pipeline.py", line 26
    ingestion = BashOperator(
    ^^^^^^^^^
IndentationError: expected an indented block after 'with' statement on line 11
[2026-07-18T17:28:06.522+0000] {processor.py:927} WARNING - No viable dags retrieved from /opt/airflow/dags/flex_eau_pipeline.py
[2026-07-18T17:28:06.577+0000] {processor.py:208} INFO - Processing /opt/airflow/dags/flex_eau_pipeline.py took 0.149 seconds
[2026-07-18T17:28:37.109+0000] {processor.py:186} INFO - Started process (PID=91394) to work on /opt/airflow/dags/flex_eau_pipeline.py
[2026-07-18T17:28:37.111+0000] {processor.py:914} INFO - Processing file /opt/airflow/dags/flex_eau_pipeline.py for tasks to queue
[2026-07-18T17:28:37.117+0000] {logging_mixin.py:190} INFO - [2026-07-18T17:28:37.116+0000] {dagbag.py:587} INFO - Filling up the DagBag from /opt/airflow/dags/flex_eau_pipeline.py
[2026-07-18T17:28:37.160+0000] {logging_mixin.py:190} INFO - [2026-07-18T17:28:37.158+0000] {dagbag.py:386} ERROR - Failed to import: /opt/airflow/dags/flex_eau_pipeline.py
Traceback (most recent call last):
  File "/home/airflow/.local/lib/python3.12/site-packages/airflow/models/dagbag.py", line 382, in parse
    loader.exec_module(new_module)
  File "<frozen importlib._bootstrap_external>", line 991, in exec_module
  File "<frozen importlib._bootstrap_external>", line 1129, in get_code
  File "<frozen importlib._bootstrap_external>", line 1059, in source_to_code
  File "<frozen importlib._bootstrap>", line 488, in _call_with_frames_removed
  File "/opt/airflow/dags/flex_eau_pipeline.py", line 26
    ingestion = BashOperator(
    ^^^^^^^^^
IndentationError: expected an indented block after 'with' statement on line 11
[2026-07-18T17:28:37.162+0000] {processor.py:927} WARNING - No viable dags retrieved from /opt/airflow/dags/flex_eau_pipeline.py
[2026-07-18T17:28:37.223+0000] {processor.py:208} INFO - Processing /opt/airflow/dags/flex_eau_pipeline.py took 0.130 seconds
[2026-07-18T17:29:08.102+0000] {processor.py:186} INFO - Started process (PID=91399) to work on /opt/airflow/dags/flex_eau_pipeline.py
[2026-07-18T17:29:08.108+0000] {processor.py:914} INFO - Processing file /opt/airflow/dags/flex_eau_pipeline.py for tasks to queue
[2026-07-18T17:29:08.125+0000] {logging_mixin.py:190} INFO - [2026-07-18T17:29:08.123+0000] {dagbag.py:587} INFO - Filling up the DagBag from /opt/airflow/dags/flex_eau_pipeline.py
[2026-07-18T17:29:08.263+0000] {logging_mixin.py:190} INFO - [2026-07-18T17:29:08.256+0000] {dagbag.py:386} ERROR - Failed to import: /opt/airflow/dags/flex_eau_pipeline.py
Traceback (most recent call last):
  File "/home/airflow/.local/lib/python3.12/site-packages/airflow/models/dagbag.py", line 382, in parse
    loader.exec_module(new_module)
  File "<frozen importlib._bootstrap_external>", line 991, in exec_module
  File "<frozen importlib._bootstrap_external>", line 1129, in get_code
  File "<frozen importlib._bootstrap_external>", line 1059, in source_to_code
  File "<frozen importlib._bootstrap>", line 488, in _call_with_frames_removed
  File "/opt/airflow/dags/flex_eau_pipeline.py", line 26
    ingestion = BashOperator(
    ^^^^^^^^^
IndentationError: expected an indented block after 'with' statement on line 11
[2026-07-18T17:29:08.267+0000] {processor.py:927} WARNING - No viable dags retrieved from /opt/airflow/dags/flex_eau_pipeline.py
[2026-07-18T17:29:08.410+0000] {processor.py:208} INFO - Processing /opt/airflow/dags/flex_eau_pipeline.py took 0.345 seconds
[2026-07-18T17:29:38.833+0000] {processor.py:186} INFO - Started process (PID=91404) to work on /opt/airflow/dags/flex_eau_pipeline.py
[2026-07-18T17:29:38.836+0000] {processor.py:914} INFO - Processing file /opt/airflow/dags/flex_eau_pipeline.py for tasks to queue
[2026-07-18T17:29:38.843+0000] {logging_mixin.py:190} INFO - [2026-07-18T17:29:38.842+0000] {dagbag.py:587} INFO - Filling up the DagBag from /opt/airflow/dags/flex_eau_pipeline.py
[2026-07-18T17:29:38.901+0000] {logging_mixin.py:190} INFO - [2026-07-18T17:29:38.898+0000] {dagbag.py:386} ERROR - Failed to import: /opt/airflow/dags/flex_eau_pipeline.py
Traceback (most recent call last):
  File "/home/airflow/.local/lib/python3.12/site-packages/airflow/models/dagbag.py", line 382, in parse
    loader.exec_module(new_module)
  File "<frozen importlib._bootstrap_external>", line 991, in exec_module
  File "<frozen importlib._bootstrap_external>", line 1129, in get_code
  File "<frozen importlib._bootstrap_external>", line 1059, in source_to_code
  File "<frozen importlib._bootstrap>", line 488, in _call_with_frames_removed
  File "/opt/airflow/dags/flex_eau_pipeline.py", line 26
    ingestion = BashOperator(
    ^^^^^^^^^
IndentationError: expected an indented block after 'with' statement on line 11
[2026-07-18T17:29:38.903+0000] {processor.py:927} WARNING - No viable dags retrieved from /opt/airflow/dags/flex_eau_pipeline.py
[2026-07-18T17:29:38.976+0000] {processor.py:208} INFO - Processing /opt/airflow/dags/flex_eau_pipeline.py took 0.157 seconds
[2026-07-18T17:30:09.589+0000] {processor.py:186} INFO - Started process (PID=91409) to work on /opt/airflow/dags/flex_eau_pipeline.py
[2026-07-18T17:30:09.594+0000] {processor.py:914} INFO - Processing file /opt/airflow/dags/flex_eau_pipeline.py for tasks to queue
[2026-07-18T17:30:09.604+0000] {logging_mixin.py:190} INFO - [2026-07-18T17:30:09.603+0000] {dagbag.py:587} INFO - Filling up the DagBag from /opt/airflow/dags/flex_eau_pipeline.py
[2026-07-18T17:30:09.673+0000] {logging_mixin.py:190} INFO - [2026-07-18T17:30:09.669+0000] {dagbag.py:386} ERROR - Failed to import: /opt/airflow/dags/flex_eau_pipeline.py
Traceback (most recent call last):
  File "/home/airflow/.local/lib/python3.12/site-packages/airflow/models/dagbag.py", line 382, in parse
    loader.exec_module(new_module)
  File "<frozen importlib._bootstrap_external>", line 991, in exec_module
  File "<frozen importlib._bootstrap_external>", line 1129, in get_code
  File "<frozen importlib._bootstrap_external>", line 1059, in source_to_code
  File "<frozen importlib._bootstrap>", line 488, in _call_with_frames_removed
  File "/opt/airflow/dags/flex_eau_pipeline.py", line 26
    ingestion = BashOperator(
    ^^^^^^^^^
IndentationError: expected an indented block after 'with' statement on line 11
[2026-07-18T17:30:09.676+0000] {processor.py:927} WARNING - No viable dags retrieved from /opt/airflow/dags/flex_eau_pipeline.py
[2026-07-18T17:30:09.756+0000] {processor.py:208} INFO - Processing /opt/airflow/dags/flex_eau_pipeline.py took 0.196 seconds
[2026-07-18T17:30:40.805+0000] {processor.py:186} INFO - Started process (PID=91414) to work on /opt/airflow/dags/flex_eau_pipeline.py
[2026-07-18T17:30:40.808+0000] {processor.py:914} INFO - Processing file /opt/airflow/dags/flex_eau_pipeline.py for tasks to queue
[2026-07-18T17:30:40.818+0000] {logging_mixin.py:190} INFO - [2026-07-18T17:30:40.817+0000] {dagbag.py:587} INFO - Filling up the DagBag from /opt/airflow/dags/flex_eau_pipeline.py
[2026-07-18T17:30:40.877+0000] {logging_mixin.py:190} INFO - [2026-07-18T17:30:40.875+0000] {dagbag.py:386} ERROR - Failed to import: /opt/airflow/dags/flex_eau_pipeline.py
Traceback (most recent call last):
  File "/home/airflow/.local/lib/python3.12/site-packages/airflow/models/dagbag.py", line 382, in parse
    loader.exec_module(new_module)
  File "<frozen importlib._bootstrap_external>", line 991, in exec_module
  File "<frozen importlib._bootstrap_external>", line 1129, in get_code
  File "<frozen importlib._bootstrap_external>", line 1059, in source_to_code
  File "<frozen importlib._bootstrap>", line 488, in _call_with_frames_removed
  File "/opt/airflow/dags/flex_eau_pipeline.py", line 26
    ingestion = BashOperator(
    ^^^^^^^^^
IndentationError: expected an indented block after 'with' statement on line 11
[2026-07-18T17:30:40.879+0000] {processor.py:927} WARNING - No viable dags retrieved from /opt/airflow/dags/flex_eau_pipeline.py
[2026-07-18T17:30:40.945+0000] {processor.py:208} INFO - Processing /opt/airflow/dags/flex_eau_pipeline.py took 0.158 seconds
[2026-07-18T17:31:11.537+0000] {processor.py:186} INFO - Started process (PID=91419) to work on /opt/airflow/dags/flex_eau_pipeline.py
[2026-07-18T17:31:11.540+0000] {processor.py:914} INFO - Processing file /opt/airflow/dags/flex_eau_pipeline.py for tasks to queue
[2026-07-18T17:31:11.548+0000] {logging_mixin.py:190} INFO - [2026-07-18T17:31:11.547+0000] {dagbag.py:587} INFO - Filling up the DagBag from /opt/airflow/dags/flex_eau_pipeline.py
[2026-07-18T17:31:11.613+0000] {logging_mixin.py:190} INFO - [2026-07-18T17:31:11.610+0000] {dagbag.py:386} ERROR - Failed to import: /opt/airflow/dags/flex_eau_pipeline.py
Traceback (most recent call last):
  File "/home/airflow/.local/lib/python3.12/site-packages/airflow/models/dagbag.py", line 382, in parse
    loader.exec_module(new_module)
  File "<frozen importlib._bootstrap_external>", line 991, in exec_module
  File "<frozen importlib._bootstrap_external>", line 1129, in get_code
  File "<frozen importlib._bootstrap_external>", line 1059, in source_to_code
  File "<frozen importlib._bootstrap>", line 488, in _call_with_frames_removed
  File "/opt/airflow/dags/flex_eau_pipeline.py", line 26
    ingestion = BashOperator(
    ^^^^^^^^^
IndentationError: expected an indented block after 'with' statement on line 11
[2026-07-18T17:31:11.615+0000] {processor.py:927} WARNING - No viable dags retrieved from /opt/airflow/dags/flex_eau_pipeline.py
[2026-07-18T17:31:11.691+0000] {processor.py:208} INFO - Processing /opt/airflow/dags/flex_eau_pipeline.py took 0.175 seconds
[2026-07-18T17:31:42.628+0000] {processor.py:186} INFO - Started process (PID=91424) to work on /opt/airflow/dags/flex_eau_pipeline.py
[2026-07-18T17:31:42.637+0000] {processor.py:914} INFO - Processing file /opt/airflow/dags/flex_eau_pipeline.py for tasks to queue
[2026-07-18T17:31:42.655+0000] {logging_mixin.py:190} INFO - [2026-07-18T17:31:42.653+0000] {dagbag.py:587} INFO - Filling up the DagBag from /opt/airflow/dags/flex_eau_pipeline.py
[2026-07-18T17:31:42.792+0000] {logging_mixin.py:190} INFO - [2026-07-18T17:31:42.788+0000] {dagbag.py:386} ERROR - Failed to import: /opt/airflow/dags/flex_eau_pipeline.py
Traceback (most recent call last):
  File "/home/airflow/.local/lib/python3.12/site-packages/airflow/models/dagbag.py", line 382, in parse
    loader.exec_module(new_module)
  File "<frozen importlib._bootstrap_external>", line 991, in exec_module
  File "<frozen importlib._bootstrap_external>", line 1129, in get_code
  File "<frozen importlib._bootstrap_external>", line 1059, in source_to_code
  File "<frozen importlib._bootstrap>", line 488, in _call_with_frames_removed
  File "/opt/airflow/dags/flex_eau_pipeline.py", line 26
    ingestion = BashOperator(
    ^^^^^^^^^
IndentationError: expected an indented block after 'with' statement on line 11
[2026-07-18T17:31:42.794+0000] {processor.py:927} WARNING - No viable dags retrieved from /opt/airflow/dags/flex_eau_pipeline.py
[2026-07-18T17:31:42.854+0000] {processor.py:208} INFO - Processing /opt/airflow/dags/flex_eau_pipeline.py took 0.279 seconds
[2026-07-18T17:32:13.320+0000] {processor.py:186} INFO - Started process (PID=91429) to work on /opt/airflow/dags/flex_eau_pipeline.py
[2026-07-18T17:32:13.325+0000] {processor.py:914} INFO - Processing file /opt/airflow/dags/flex_eau_pipeline.py for tasks to queue
[2026-07-18T17:32:13.338+0000] {logging_mixin.py:190} INFO - [2026-07-18T17:32:13.336+0000] {dagbag.py:587} INFO - Filling up the DagBag from /opt/airflow/dags/flex_eau_pipeline.py
[2026-07-18T17:32:13.450+0000] {logging_mixin.py:190} INFO - [2026-07-18T17:32:13.445+0000] {dagbag.py:386} ERROR - Failed to import: /opt/airflow/dags/flex_eau_pipeline.py
Traceback (most recent call last):
  File "/home/airflow/.local/lib/python3.12/site-packages/airflow/models/dagbag.py", line 382, in parse
    loader.exec_module(new_module)
  File "<frozen importlib._bootstrap_external>", line 991, in exec_module
  File "<frozen importlib._bootstrap_external>", line 1129, in get_code
  File "<frozen importlib._bootstrap_external>", line 1059, in source_to_code
  File "<frozen importlib._bootstrap>", line 488, in _call_with_frames_removed
  File "/opt/airflow/dags/flex_eau_pipeline.py", line 26
    ingestion = BashOperator(
    ^^^^^^^^^
IndentationError: expected an indented block after 'with' statement on line 11
[2026-07-18T17:32:13.455+0000] {processor.py:927} WARNING - No viable dags retrieved from /opt/airflow/dags/flex_eau_pipeline.py
[2026-07-18T17:32:13.584+0000] {processor.py:208} INFO - Processing /opt/airflow/dags/flex_eau_pipeline.py took 0.294 seconds
[2026-07-18T17:32:44.248+0000] {processor.py:186} INFO - Started process (PID=91434) to work on /opt/airflow/dags/flex_eau_pipeline.py
[2026-07-18T17:32:44.250+0000] {processor.py:914} INFO - Processing file /opt/airflow/dags/flex_eau_pipeline.py for tasks to queue
[2026-07-18T17:32:44.256+0000] {logging_mixin.py:190} INFO - [2026-07-18T17:32:44.255+0000] {dagbag.py:587} INFO - Filling up the DagBag from /opt/airflow/dags/flex_eau_pipeline.py
[2026-07-18T17:32:44.310+0000] {logging_mixin.py:190} INFO - [2026-07-18T17:32:44.306+0000] {dagbag.py:386} ERROR - Failed to import: /opt/airflow/dags/flex_eau_pipeline.py
Traceback (most recent call last):
  File "/home/airflow/.local/lib/python3.12/site-packages/airflow/models/dagbag.py", line 382, in parse
    loader.exec_module(new_module)
  File "<frozen importlib._bootstrap_external>", line 991, in exec_module
  File "<frozen importlib._bootstrap_external>", line 1129, in get_code
  File "<frozen importlib._bootstrap_external>", line 1059, in source_to_code
  File "<frozen importlib._bootstrap>", line 488, in _call_with_frames_removed
  File "/opt/airflow/dags/flex_eau_pipeline.py", line 26
    ingestion = BashOperator(
    ^^^^^^^^^
IndentationError: expected an indented block after 'with' statement on line 11
[2026-07-18T17:32:44.312+0000] {processor.py:927} WARNING - No viable dags retrieved from /opt/airflow/dags/flex_eau_pipeline.py
[2026-07-18T17:32:44.384+0000] {processor.py:208} INFO - Processing /opt/airflow/dags/flex_eau_pipeline.py took 0.152 seconds
[2026-07-18T17:33:15.101+0000] {processor.py:186} INFO - Started process (PID=91439) to work on /opt/airflow/dags/flex_eau_pipeline.py
[2026-07-18T17:33:15.104+0000] {processor.py:914} INFO - Processing file /opt/airflow/dags/flex_eau_pipeline.py for tasks to queue
[2026-07-18T17:33:15.109+0000] {logging_mixin.py:190} INFO - [2026-07-18T17:33:15.108+0000] {dagbag.py:587} INFO - Filling up the DagBag from /opt/airflow/dags/flex_eau_pipeline.py
[2026-07-18T17:33:15.144+0000] {logging_mixin.py:190} INFO - [2026-07-18T17:33:15.142+0000] {dagbag.py:386} ERROR - Failed to import: /opt/airflow/dags/flex_eau_pipeline.py
Traceback (most recent call last):
  File "/home/airflow/.local/lib/python3.12/site-packages/airflow/models/dagbag.py", line 382, in parse
    loader.exec_module(new_module)
  File "<frozen importlib._bootstrap_external>", line 991, in exec_module
  File "<frozen importlib._bootstrap_external>", line 1129, in get_code
  File "<frozen importlib._bootstrap_external>", line 1059, in source_to_code
  File "<frozen importlib._bootstrap>", line 488, in _call_with_frames_removed
  File "/opt/airflow/dags/flex_eau_pipeline.py", line 26
    ingestion = BashOperator(
    ^^^^^^^^^
IndentationError: expected an indented block after 'with' statement on line 11
[2026-07-18T17:33:15.146+0000] {processor.py:927} WARNING - No viable dags retrieved from /opt/airflow/dags/flex_eau_pipeline.py
[2026-07-18T17:33:15.197+0000] {processor.py:208} INFO - Processing /opt/airflow/dags/flex_eau_pipeline.py took 0.115 seconds
[2026-07-18T17:33:45.993+0000] {processor.py:186} INFO - Started process (PID=91444) to work on /opt/airflow/dags/flex_eau_pipeline.py
[2026-07-18T17:33:45.999+0000] {processor.py:914} INFO - Processing file /opt/airflow/dags/flex_eau_pipeline.py for tasks to queue
[2026-07-18T17:33:46.010+0000] {logging_mixin.py:190} INFO - [2026-07-18T17:33:46.008+0000] {dagbag.py:587} INFO - Filling up the DagBag from /opt/airflow/dags/flex_eau_pipeline.py
[2026-07-18T17:33:46.188+0000] {logging_mixin.py:190} INFO - [2026-07-18T17:33:46.172+0000] {dagbag.py:386} ERROR - Failed to import: /opt/airflow/dags/flex_eau_pipeline.py
Traceback (most recent call last):
  File "/home/airflow/.local/lib/python3.12/site-packages/airflow/models/dagbag.py", line 382, in parse
    loader.exec_module(new_module)
  File "<frozen importlib._bootstrap_external>", line 991, in exec_module
  File "<frozen importlib._bootstrap_external>", line 1129, in get_code
  File "<frozen importlib._bootstrap_external>", line 1059, in source_to_code
  File "<frozen importlib._bootstrap>", line 488, in _call_with_frames_removed
  File "/opt/airflow/dags/flex_eau_pipeline.py", line 26
    ingestion = BashOperator(
    ^^^^^^^^^
IndentationError: expected an indented block after 'with' statement on line 11
[2026-07-18T17:33:46.192+0000] {processor.py:927} WARNING - No viable dags retrieved from /opt/airflow/dags/flex_eau_pipeline.py
[2026-07-18T17:33:46.246+0000] {processor.py:208} INFO - Processing /opt/airflow/dags/flex_eau_pipeline.py took 0.282 seconds
[2026-07-18T17:34:16.799+0000] {processor.py:186} INFO - Started process (PID=91449) to work on /opt/airflow/dags/flex_eau_pipeline.py
[2026-07-18T17:34:16.804+0000] {processor.py:914} INFO - Processing file /opt/airflow/dags/flex_eau_pipeline.py for tasks to queue
[2026-07-18T17:34:16.818+0000] {logging_mixin.py:190} INFO - [2026-07-18T17:34:16.816+0000] {dagbag.py:587} INFO - Filling up the DagBag from /opt/airflow/dags/flex_eau_pipeline.py
[2026-07-18T17:34:16.932+0000] {logging_mixin.py:190} INFO - [2026-07-18T17:34:16.925+0000] {dagbag.py:386} ERROR - Failed to import: /opt/airflow/dags/flex_eau_pipeline.py
Traceback (most recent call last):
  File "/home/airflow/.local/lib/python3.12/site-packages/airflow/models/dagbag.py", line 382, in parse
    loader.exec_module(new_module)
  File "<frozen importlib._bootstrap_external>", line 991, in exec_module
  File "<frozen importlib._bootstrap_external>", line 1129, in get_code
  File "<frozen importlib._bootstrap_external>", line 1059, in source_to_code
  File "<frozen importlib._bootstrap>", line 488, in _call_with_frames_removed
  File "/opt/airflow/dags/flex_eau_pipeline.py", line 26
    ingestion = BashOperator(
    ^^^^^^^^^
IndentationError: expected an indented block after 'with' statement on line 11
[2026-07-18T17:34:16.935+0000] {processor.py:927} WARNING - No viable dags retrieved from /opt/airflow/dags/flex_eau_pipeline.py
[2026-07-18T17:34:17.061+0000] {processor.py:208} INFO - Processing /opt/airflow/dags/flex_eau_pipeline.py took 0.294 seconds
[2026-07-18T17:34:47.776+0000] {processor.py:186} INFO - Started process (PID=91454) to work on /opt/airflow/dags/flex_eau_pipeline.py
[2026-07-18T17:34:47.781+0000] {processor.py:914} INFO - Processing file /opt/airflow/dags/flex_eau_pipeline.py for tasks to queue
[2026-07-18T17:34:47.794+0000] {logging_mixin.py:190} INFO - [2026-07-18T17:34:47.793+0000] {dagbag.py:587} INFO - Filling up the DagBag from /opt/airflow/dags/flex_eau_pipeline.py
[2026-07-18T17:34:47.894+0000] {logging_mixin.py:190} INFO - [2026-07-18T17:34:47.889+0000] {dagbag.py:386} ERROR - Failed to import: /opt/airflow/dags/flex_eau_pipeline.py
Traceback (most recent call last):
  File "/home/airflow/.local/lib/python3.12/site-packages/airflow/models/dagbag.py", line 382, in parse
    loader.exec_module(new_module)
  File "<frozen importlib._bootstrap_external>", line 991, in exec_module
  File "<frozen importlib._bootstrap_external>", line 1129, in get_code
  File "<frozen importlib._bootstrap_external>", line 1059, in source_to_code
  File "<frozen importlib._bootstrap>", line 488, in _call_with_frames_removed
  File "/opt/airflow/dags/flex_eau_pipeline.py", line 26
    ingestion = BashOperator(
    ^^^^^^^^^
IndentationError: expected an indented block after 'with' statement on line 11
[2026-07-18T17:34:47.897+0000] {processor.py:927} WARNING - No viable dags retrieved from /opt/airflow/dags/flex_eau_pipeline.py
[2026-07-18T17:34:47.995+0000] {processor.py:208} INFO - Processing /opt/airflow/dags/flex_eau_pipeline.py took 0.253 seconds
[2026-07-18T17:35:18.751+0000] {processor.py:186} INFO - Started process (PID=91459) to work on /opt/airflow/dags/flex_eau_pipeline.py
[2026-07-18T17:35:18.758+0000] {processor.py:914} INFO - Processing file /opt/airflow/dags/flex_eau_pipeline.py for tasks to queue
[2026-07-18T17:35:18.785+0000] {logging_mixin.py:190} INFO - [2026-07-18T17:35:18.779+0000] {dagbag.py:587} INFO - Filling up the DagBag from /opt/airflow/dags/flex_eau_pipeline.py
[2026-07-18T17:35:18.896+0000] {logging_mixin.py:190} INFO - [2026-07-18T17:35:18.891+0000] {dagbag.py:386} ERROR - Failed to import: /opt/airflow/dags/flex_eau_pipeline.py
Traceback (most recent call last):
  File "/home/airflow/.local/lib/python3.12/site-packages/airflow/models/dagbag.py", line 382, in parse
    loader.exec_module(new_module)
  File "<frozen importlib._bootstrap_external>", line 991, in exec_module
  File "<frozen importlib._bootstrap_external>", line 1129, in get_code
  File "<frozen importlib._bootstrap_external>", line 1059, in source_to_code
  File "<frozen importlib._bootstrap>", line 488, in _call_with_frames_removed
  File "/opt/airflow/dags/flex_eau_pipeline.py", line 26
    ingestion = BashOperator(
    ^^^^^^^^^
IndentationError: expected an indented block after 'with' statement on line 11
[2026-07-18T17:35:18.900+0000] {processor.py:927} WARNING - No viable dags retrieved from /opt/airflow/dags/flex_eau_pipeline.py
[2026-07-18T17:35:19.023+0000] {processor.py:208} INFO - Processing /opt/airflow/dags/flex_eau_pipeline.py took 0.311 seconds
[2026-07-18T17:35:49.654+0000] {processor.py:186} INFO - Started process (PID=91464) to work on /opt/airflow/dags/flex_eau_pipeline.py
[2026-07-18T17:35:49.657+0000] {processor.py:914} INFO - Processing file /opt/airflow/dags/flex_eau_pipeline.py for tasks to queue
[2026-07-18T17:35:49.665+0000] {logging_mixin.py:190} INFO - [2026-07-18T17:35:49.664+0000] {dagbag.py:587} INFO - Filling up the DagBag from /opt/airflow/dags/flex_eau_pipeline.py
[2026-07-18T17:35:49.729+0000] {logging_mixin.py:190} INFO - [2026-07-18T17:35:49.726+0000] {dagbag.py:386} ERROR - Failed to import: /opt/airflow/dags/flex_eau_pipeline.py
Traceback (most recent call last):
  File "/home/airflow/.local/lib/python3.12/site-packages/airflow/models/dagbag.py", line 382, in parse
    loader.exec_module(new_module)
  File "<frozen importlib._bootstrap_external>", line 991, in exec_module
  File "<frozen importlib._bootstrap_external>", line 1129, in get_code
  File "<frozen importlib._bootstrap_external>", line 1059, in source_to_code
  File "<frozen importlib._bootstrap>", line 488, in _call_with_frames_removed
  File "/opt/airflow/dags/flex_eau_pipeline.py", line 26
    ingestion = BashOperator(
    ^^^^^^^^^
IndentationError: expected an indented block after 'with' statement on line 11
[2026-07-18T17:35:49.733+0000] {processor.py:927} WARNING - No viable dags retrieved from /opt/airflow/dags/flex_eau_pipeline.py
[2026-07-18T17:35:49.817+0000] {processor.py:208} INFO - Processing /opt/airflow/dags/flex_eau_pipeline.py took 0.183 seconds
[2026-07-18T17:36:20.428+0000] {processor.py:186} INFO - Started process (PID=91469) to work on /opt/airflow/dags/flex_eau_pipeline.py
[2026-07-18T17:36:20.434+0000] {processor.py:914} INFO - Processing file /opt/airflow/dags/flex_eau_pipeline.py for tasks to queue
[2026-07-18T17:36:20.446+0000] {logging_mixin.py:190} INFO - [2026-07-18T17:36:20.444+0000] {dagbag.py:587} INFO - Filling up the DagBag from /opt/airflow/dags/flex_eau_pipeline.py
[2026-07-18T17:36:20.556+0000] {logging_mixin.py:190} INFO - [2026-07-18T17:36:20.552+0000] {dagbag.py:386} ERROR - Failed to import: /opt/airflow/dags/flex_eau_pipeline.py
Traceback (most recent call last):
  File "/home/airflow/.local/lib/python3.12/site-packages/airflow/models/dagbag.py", line 382, in parse
    loader.exec_module(new_module)
  File "<frozen importlib._bootstrap_external>", line 991, in exec_module
  File "<frozen importlib._bootstrap_external>", line 1129, in get_code
  File "<frozen importlib._bootstrap_external>", line 1059, in source_to_code
  File "<frozen importlib._bootstrap>", line 488, in _call_with_frames_removed
  File "/opt/airflow/dags/flex_eau_pipeline.py", line 26
    ingestion = BashOperator(
    ^^^^^^^^^
IndentationError: expected an indented block after 'with' statement on line 11
[2026-07-18T17:36:20.560+0000] {processor.py:927} WARNING - No viable dags retrieved from /opt/airflow/dags/flex_eau_pipeline.py
[2026-07-18T17:36:20.681+0000] {processor.py:208} INFO - Processing /opt/airflow/dags/flex_eau_pipeline.py took 0.285 seconds
[2026-07-18T17:36:51.395+0000] {processor.py:186} INFO - Started process (PID=91474) to work on /opt/airflow/dags/flex_eau_pipeline.py
[2026-07-18T17:36:51.397+0000] {processor.py:914} INFO - Processing file /opt/airflow/dags/flex_eau_pipeline.py for tasks to queue
[2026-07-18T17:36:51.403+0000] {logging_mixin.py:190} INFO - [2026-07-18T17:36:51.402+0000] {dagbag.py:587} INFO - Filling up the DagBag from /opt/airflow/dags/flex_eau_pipeline.py
[2026-07-18T17:36:51.447+0000] {logging_mixin.py:190} INFO - [2026-07-18T17:36:51.444+0000] {dagbag.py:386} ERROR - Failed to import: /opt/airflow/dags/flex_eau_pipeline.py
Traceback (most recent call last):
  File "/home/airflow/.local/lib/python3.12/site-packages/airflow/models/dagbag.py", line 382, in parse
    loader.exec_module(new_module)
  File "<frozen importlib._bootstrap_external>", line 991, in exec_module
  File "<frozen importlib._bootstrap_external>", line 1129, in get_code
  File "<frozen importlib._bootstrap_external>", line 1059, in source_to_code
  File "<frozen importlib._bootstrap>", line 488, in _call_with_frames_removed
  File "/opt/airflow/dags/flex_eau_pipeline.py", line 26
    ingestion = BashOperator(
    ^^^^^^^^^
IndentationError: expected an indented block after 'with' statement on line 11
[2026-07-18T17:36:51.448+0000] {processor.py:927} WARNING - No viable dags retrieved from /opt/airflow/dags/flex_eau_pipeline.py
[2026-07-18T17:36:51.503+0000] {processor.py:208} INFO - Processing /opt/airflow/dags/flex_eau_pipeline.py took 0.124 seconds
[2026-07-18T17:37:22.345+0000] {processor.py:186} INFO - Started process (PID=91479) to work on /opt/airflow/dags/flex_eau_pipeline.py
[2026-07-18T17:37:22.350+0000] {processor.py:914} INFO - Processing file /opt/airflow/dags/flex_eau_pipeline.py for tasks to queue
[2026-07-18T17:37:22.361+0000] {logging_mixin.py:190} INFO - [2026-07-18T17:37:22.360+0000] {dagbag.py:587} INFO - Filling up the DagBag from /opt/airflow/dags/flex_eau_pipeline.py
[2026-07-18T17:37:22.469+0000] {logging_mixin.py:190} INFO - [2026-07-18T17:37:22.464+0000] {dagbag.py:386} ERROR - Failed to import: /opt/airflow/dags/flex_eau_pipeline.py
Traceback (most recent call last):
  File "/home/airflow/.local/lib/python3.12/site-packages/airflow/models/dagbag.py", line 382, in parse
    loader.exec_module(new_module)
  File "<frozen importlib._bootstrap_external>", line 991, in exec_module
  File "<frozen importlib._bootstrap_external>", line 1129, in get_code
  File "<frozen importlib._bootstrap_external>", line 1059, in source_to_code
  File "<frozen importlib._bootstrap>", line 488, in _call_with_frames_removed
  File "/opt/airflow/dags/flex_eau_pipeline.py", line 26
    ingestion = BashOperator(
    ^^^^^^^^^
IndentationError: expected an indented block after 'with' statement on line 11
[2026-07-18T17:37:22.473+0000] {processor.py:927} WARNING - No viable dags retrieved from /opt/airflow/dags/flex_eau_pipeline.py
[2026-07-18T17:37:22.608+0000] {processor.py:208} INFO - Processing /opt/airflow/dags/flex_eau_pipeline.py took 0.299 seconds
[2026-07-18T17:37:53.041+0000] {processor.py:186} INFO - Started process (PID=91484) to work on /opt/airflow/dags/flex_eau_pipeline.py
[2026-07-18T17:37:53.044+0000] {processor.py:914} INFO - Processing file /opt/airflow/dags/flex_eau_pipeline.py for tasks to queue
[2026-07-18T17:37:53.052+0000] {logging_mixin.py:190} INFO - [2026-07-18T17:37:53.051+0000] {dagbag.py:587} INFO - Filling up the DagBag from /opt/airflow/dags/flex_eau_pipeline.py
[2026-07-18T17:37:53.116+0000] {logging_mixin.py:190} INFO - [2026-07-18T17:37:53.112+0000] {dagbag.py:386} ERROR - Failed to import: /opt/airflow/dags/flex_eau_pipeline.py
Traceback (most recent call last):
  File "/home/airflow/.local/lib/python3.12/site-packages/airflow/models/dagbag.py", line 382, in parse
    loader.exec_module(new_module)
  File "<frozen importlib._bootstrap_external>", line 991, in exec_module
  File "<frozen importlib._bootstrap_external>", line 1129, in get_code
  File "<frozen importlib._bootstrap_external>", line 1059, in source_to_code
  File "<frozen importlib._bootstrap>", line 488, in _call_with_frames_removed
  File "/opt/airflow/dags/flex_eau_pipeline.py", line 26
    ingestion = BashOperator(
    ^^^^^^^^^
IndentationError: expected an indented block after 'with' statement on line 11
[2026-07-18T17:37:53.119+0000] {processor.py:927} WARNING - No viable dags retrieved from /opt/airflow/dags/flex_eau_pipeline.py
[2026-07-18T17:37:53.191+0000] {processor.py:208} INFO - Processing /opt/airflow/dags/flex_eau_pipeline.py took 0.167 seconds
[2026-07-18T17:38:23.791+0000] {processor.py:186} INFO - Started process (PID=91489) to work on /opt/airflow/dags/flex_eau_pipeline.py
[2026-07-18T17:38:23.798+0000] {processor.py:914} INFO - Processing file /opt/airflow/dags/flex_eau_pipeline.py for tasks to queue
[2026-07-18T17:38:23.811+0000] {logging_mixin.py:190} INFO - [2026-07-18T17:38:23.808+0000] {dagbag.py:587} INFO - Filling up the DagBag from /opt/airflow/dags/flex_eau_pipeline.py
[2026-07-18T17:38:23.920+0000] {logging_mixin.py:190} INFO - [2026-07-18T17:38:23.915+0000] {dagbag.py:386} ERROR - Failed to import: /opt/airflow/dags/flex_eau_pipeline.py
Traceback (most recent call last):
  File "/home/airflow/.local/lib/python3.12/site-packages/airflow/models/dagbag.py", line 382, in parse
    loader.exec_module(new_module)
  File "<frozen importlib._bootstrap_external>", line 991, in exec_module
  File "<frozen importlib._bootstrap_external>", line 1129, in get_code
  File "<frozen importlib._bootstrap_external>", line 1059, in source_to_code
  File "<frozen importlib._bootstrap>", line 488, in _call_with_frames_removed
  File "/opt/airflow/dags/flex_eau_pipeline.py", line 26
    ingestion = BashOperator(
    ^^^^^^^^^
IndentationError: expected an indented block after 'with' statement on line 11
[2026-07-18T17:38:23.923+0000] {processor.py:927} WARNING - No viable dags retrieved from /opt/airflow/dags/flex_eau_pipeline.py
[2026-07-18T17:38:24.043+0000] {processor.py:208} INFO - Processing /opt/airflow/dags/flex_eau_pipeline.py took 0.282 seconds
[2026-07-18T17:38:54.739+0000] {processor.py:186} INFO - Started process (PID=91494) to work on /opt/airflow/dags/flex_eau_pipeline.py
[2026-07-18T17:38:54.745+0000] {processor.py:914} INFO - Processing file /opt/airflow/dags/flex_eau_pipeline.py for tasks to queue
[2026-07-18T17:38:54.759+0000] {logging_mixin.py:190} INFO - [2026-07-18T17:38:54.755+0000] {dagbag.py:587} INFO - Filling up the DagBag from /opt/airflow/dags/flex_eau_pipeline.py
[2026-07-18T17:38:54.868+0000] {logging_mixin.py:190} INFO - [2026-07-18T17:38:54.859+0000] {dagbag.py:386} ERROR - Failed to import: /opt/airflow/dags/flex_eau_pipeline.py
Traceback (most recent call last):
  File "/home/airflow/.local/lib/python3.12/site-packages/airflow/models/dagbag.py", line 382, in parse
    loader.exec_module(new_module)
  File "<frozen importlib._bootstrap_external>", line 991, in exec_module
  File "<frozen importlib._bootstrap_external>", line 1129, in get_code
  File "<frozen importlib._bootstrap_external>", line 1059, in source_to_code
  File "<frozen importlib._bootstrap>", line 488, in _call_with_frames_removed
  File "/opt/airflow/dags/flex_eau_pipeline.py", line 26
    ingestion = BashOperator(
    ^^^^^^^^^
IndentationError: expected an indented block after 'with' statement on line 11
[2026-07-18T17:38:54.872+0000] {processor.py:927} WARNING - No viable dags retrieved from /opt/airflow/dags/flex_eau_pipeline.py
[2026-07-18T17:38:54.980+0000] {processor.py:208} INFO - Processing /opt/airflow/dags/flex_eau_pipeline.py took 0.271 seconds
[2026-07-18T17:39:25.649+0000] {processor.py:186} INFO - Started process (PID=91499) to work on /opt/airflow/dags/flex_eau_pipeline.py
[2026-07-18T17:39:25.655+0000] {processor.py:914} INFO - Processing file /opt/airflow/dags/flex_eau_pipeline.py for tasks to queue
[2026-07-18T17:39:25.668+0000] {logging_mixin.py:190} INFO - [2026-07-18T17:39:25.667+0000] {dagbag.py:587} INFO - Filling up the DagBag from /opt/airflow/dags/flex_eau_pipeline.py
[2026-07-18T17:39:25.776+0000] {logging_mixin.py:190} INFO - [2026-07-18T17:39:25.771+0000] {dagbag.py:386} ERROR - Failed to import: /opt/airflow/dags/flex_eau_pipeline.py
Traceback (most recent call last):
  File "/home/airflow/.local/lib/python3.12/site-packages/airflow/models/dagbag.py", line 382, in parse
    loader.exec_module(new_module)
  File "<frozen importlib._bootstrap_external>", line 991, in exec_module
  File "<frozen importlib._bootstrap_external>", line 1129, in get_code
  File "<frozen importlib._bootstrap_external>", line 1059, in source_to_code
  File "<frozen importlib._bootstrap>", line 488, in _call_with_frames_removed
  File "/opt/airflow/dags/flex_eau_pipeline.py", line 26
    ingestion = BashOperator(
    ^^^^^^^^^
IndentationError: expected an indented block after 'with' statement on line 11
[2026-07-18T17:39:25.779+0000] {processor.py:927} WARNING - No viable dags retrieved from /opt/airflow/dags/flex_eau_pipeline.py
[2026-07-18T17:39:25.890+0000] {processor.py:208} INFO - Processing /opt/airflow/dags/flex_eau_pipeline.py took 0.271 seconds
[2026-07-18T17:39:56.563+0000] {processor.py:186} INFO - Started process (PID=91504) to work on /opt/airflow/dags/flex_eau_pipeline.py
[2026-07-18T17:39:56.566+0000] {processor.py:914} INFO - Processing file /opt/airflow/dags/flex_eau_pipeline.py for tasks to queue
[2026-07-18T17:39:56.571+0000] {logging_mixin.py:190} INFO - [2026-07-18T17:39:56.570+0000] {dagbag.py:587} INFO - Filling up the DagBag from /opt/airflow/dags/flex_eau_pipeline.py
[2026-07-18T17:39:56.602+0000] {logging_mixin.py:190} INFO - [2026-07-18T17:39:56.601+0000] {dagbag.py:386} ERROR - Failed to import: /opt/airflow/dags/flex_eau_pipeline.py
Traceback (most recent call last):
  File "/home/airflow/.local/lib/python3.12/site-packages/airflow/models/dagbag.py", line 382, in parse
    loader.exec_module(new_module)
  File "<frozen importlib._bootstrap_external>", line 991, in exec_module
  File "<frozen importlib._bootstrap_external>", line 1129, in get_code
  File "<frozen importlib._bootstrap_external>", line 1059, in source_to_code
  File "<frozen importlib._bootstrap>", line 488, in _call_with_frames_removed
  File "/opt/airflow/dags/flex_eau_pipeline.py", line 26
    ingestion = BashOperator(
    ^^^^^^^^^
IndentationError: expected an indented block after 'with' statement on line 11
[2026-07-18T17:39:56.604+0000] {processor.py:927} WARNING - No viable dags retrieved from /opt/airflow/dags/flex_eau_pipeline.py
[2026-07-18T17:39:56.650+0000] {processor.py:208} INFO - Processing /opt/airflow/dags/flex_eau_pipeline.py took 0.105 seconds
[2026-07-18T17:40:27.539+0000] {processor.py:186} INFO - Started process (PID=91509) to work on /opt/airflow/dags/flex_eau_pipeline.py
[2026-07-18T17:40:27.543+0000] {processor.py:914} INFO - Processing file /opt/airflow/dags/flex_eau_pipeline.py for tasks to queue
[2026-07-18T17:40:27.552+0000] {logging_mixin.py:190} INFO - [2026-07-18T17:40:27.551+0000] {dagbag.py:587} INFO - Filling up the DagBag from /opt/airflow/dags/flex_eau_pipeline.py
[2026-07-18T17:40:27.609+0000] {logging_mixin.py:190} INFO - [2026-07-18T17:40:27.605+0000] {dagbag.py:386} ERROR - Failed to import: /opt/airflow/dags/flex_eau_pipeline.py
Traceback (most recent call last):
  File "/home/airflow/.local/lib/python3.12/site-packages/airflow/models/dagbag.py", line 382, in parse
    loader.exec_module(new_module)
  File "<frozen importlib._bootstrap_external>", line 991, in exec_module
  File "<frozen importlib._bootstrap_external>", line 1129, in get_code
  File "<frozen importlib._bootstrap_external>", line 1059, in source_to_code
  File "<frozen importlib._bootstrap>", line 488, in _call_with_frames_removed
  File "/opt/airflow/dags/flex_eau_pipeline.py", line 26
    ingestion = BashOperator(
    ^^^^^^^^^
IndentationError: expected an indented block after 'with' statement on line 11
[2026-07-18T17:40:27.611+0000] {processor.py:927} WARNING - No viable dags retrieved from /opt/airflow/dags/flex_eau_pipeline.py
[2026-07-18T17:40:27.678+0000] {processor.py:208} INFO - Processing /opt/airflow/dags/flex_eau_pipeline.py took 0.159 seconds
[2026-07-18T17:40:58.300+0000] {processor.py:186} INFO - Started process (PID=91514) to work on /opt/airflow/dags/flex_eau_pipeline.py
[2026-07-18T17:40:58.306+0000] {processor.py:914} INFO - Processing file /opt/airflow/dags/flex_eau_pipeline.py for tasks to queue
[2026-07-18T17:40:58.318+0000] {logging_mixin.py:190} INFO - [2026-07-18T17:40:58.316+0000] {dagbag.py:587} INFO - Filling up the DagBag from /opt/airflow/dags/flex_eau_pipeline.py
[2026-07-18T17:40:58.432+0000] {logging_mixin.py:190} INFO - [2026-07-18T17:40:58.426+0000] {dagbag.py:386} ERROR - Failed to import: /opt/airflow/dags/flex_eau_pipeline.py
Traceback (most recent call last):
  File "/home/airflow/.local/lib/python3.12/site-packages/airflow/models/dagbag.py", line 382, in parse
    loader.exec_module(new_module)
  File "<frozen importlib._bootstrap_external>", line 991, in exec_module
  File "<frozen importlib._bootstrap_external>", line 1129, in get_code
  File "<frozen importlib._bootstrap_external>", line 1059, in source_to_code
  File "<frozen importlib._bootstrap>", line 488, in _call_with_frames_removed
  File "/opt/airflow/dags/flex_eau_pipeline.py", line 26
    ingestion = BashOperator(
    ^^^^^^^^^
IndentationError: expected an indented block after 'with' statement on line 11
[2026-07-18T17:40:58.436+0000] {processor.py:927} WARNING - No viable dags retrieved from /opt/airflow/dags/flex_eau_pipeline.py
[2026-07-18T17:40:58.575+0000] {processor.py:208} INFO - Processing /opt/airflow/dags/flex_eau_pipeline.py took 0.311 seconds
[2026-07-18T17:41:29.162+0000] {processor.py:186} INFO - Started process (PID=91519) to work on /opt/airflow/dags/flex_eau_pipeline.py
[2026-07-18T17:41:29.165+0000] {processor.py:914} INFO - Processing file /opt/airflow/dags/flex_eau_pipeline.py for tasks to queue
[2026-07-18T17:41:29.171+0000] {logging_mixin.py:190} INFO - [2026-07-18T17:41:29.170+0000] {dagbag.py:587} INFO - Filling up the DagBag from /opt/airflow/dags/flex_eau_pipeline.py
[2026-07-18T17:41:29.225+0000] {logging_mixin.py:190} INFO - [2026-07-18T17:41:29.223+0000] {dagbag.py:386} ERROR - Failed to import: /opt/airflow/dags/flex_eau_pipeline.py
Traceback (most recent call last):
  File "/home/airflow/.local/lib/python3.12/site-packages/airflow/models/dagbag.py", line 382, in parse
    loader.exec_module(new_module)
  File "<frozen importlib._bootstrap_external>", line 991, in exec_module
  File "<frozen importlib._bootstrap_external>", line 1129, in get_code
  File "<frozen importlib._bootstrap_external>", line 1059, in source_to_code
  File "<frozen importlib._bootstrap>", line 488, in _call_with_frames_removed
  File "/opt/airflow/dags/flex_eau_pipeline.py", line 26
    ingestion = BashOperator(
    ^^^^^^^^^
IndentationError: expected an indented block after 'with' statement on line 11
[2026-07-18T17:41:29.228+0000] {processor.py:927} WARNING - No viable dags retrieved from /opt/airflow/dags/flex_eau_pipeline.py
[2026-07-18T17:41:29.336+0000] {processor.py:208} INFO - Processing /opt/airflow/dags/flex_eau_pipeline.py took 0.189 seconds
[2026-07-18T17:42:00.039+0000] {processor.py:186} INFO - Started process (PID=91524) to work on /opt/airflow/dags/flex_eau_pipeline.py
[2026-07-18T17:42:00.044+0000] {processor.py:914} INFO - Processing file /opt/airflow/dags/flex_eau_pipeline.py for tasks to queue
[2026-07-18T17:42:00.057+0000] {logging_mixin.py:190} INFO - [2026-07-18T17:42:00.055+0000] {dagbag.py:587} INFO - Filling up the DagBag from /opt/airflow/dags/flex_eau_pipeline.py
[2026-07-18T17:42:00.163+0000] {logging_mixin.py:190} INFO - [2026-07-18T17:42:00.158+0000] {dagbag.py:386} ERROR - Failed to import: /opt/airflow/dags/flex_eau_pipeline.py
Traceback (most recent call last):
  File "/home/airflow/.local/lib/python3.12/site-packages/airflow/models/dagbag.py", line 382, in parse
    loader.exec_module(new_module)
  File "<frozen importlib._bootstrap_external>", line 991, in exec_module
  File "<frozen importlib._bootstrap_external>", line 1129, in get_code
  File "<frozen importlib._bootstrap_external>", line 1059, in source_to_code
  File "<frozen importlib._bootstrap>", line 488, in _call_with_frames_removed
  File "/opt/airflow/dags/flex_eau_pipeline.py", line 26
    ingestion = BashOperator(
    ^^^^^^^^^
IndentationError: expected an indented block after 'with' statement on line 11
[2026-07-18T17:42:00.167+0000] {processor.py:927} WARNING - No viable dags retrieved from /opt/airflow/dags/flex_eau_pipeline.py
[2026-07-18T17:42:00.279+0000] {processor.py:208} INFO - Processing /opt/airflow/dags/flex_eau_pipeline.py took 0.273 seconds
[2026-07-18T17:42:30.854+0000] {processor.py:186} INFO - Started process (PID=91529) to work on /opt/airflow/dags/flex_eau_pipeline.py
[2026-07-18T17:42:30.859+0000] {processor.py:914} INFO - Processing file /opt/airflow/dags/flex_eau_pipeline.py for tasks to queue
[2026-07-18T17:42:30.870+0000] {logging_mixin.py:190} INFO - [2026-07-18T17:42:30.868+0000] {dagbag.py:587} INFO - Filling up the DagBag from /opt/airflow/dags/flex_eau_pipeline.py
[2026-07-18T17:42:30.983+0000] {logging_mixin.py:190} INFO - [2026-07-18T17:42:30.978+0000] {dagbag.py:386} ERROR - Failed to import: /opt/airflow/dags/flex_eau_pipeline.py
Traceback (most recent call last):
  File "/home/airflow/.local/lib/python3.12/site-packages/airflow/models/dagbag.py", line 382, in parse
    loader.exec_module(new_module)
  File "<frozen importlib._bootstrap_external>", line 991, in exec_module
  File "<frozen importlib._bootstrap_external>", line 1129, in get_code
  File "<frozen importlib._bootstrap_external>", line 1059, in source_to_code
  File "<frozen importlib._bootstrap>", line 488, in _call_with_frames_removed
  File "/opt/airflow/dags/flex_eau_pipeline.py", line 26
    ingestion = BashOperator(
    ^^^^^^^^^
IndentationError: expected an indented block after 'with' statement on line 11
[2026-07-18T17:42:30.987+0000] {processor.py:927} WARNING - No viable dags retrieved from /opt/airflow/dags/flex_eau_pipeline.py
[2026-07-18T17:42:31.098+0000] {processor.py:208} INFO - Processing /opt/airflow/dags/flex_eau_pipeline.py took 0.274 seconds
[2026-07-18T17:43:01.817+0000] {processor.py:186} INFO - Started process (PID=91534) to work on /opt/airflow/dags/flex_eau_pipeline.py
[2026-07-18T17:43:01.822+0000] {processor.py:914} INFO - Processing file /opt/airflow/dags/flex_eau_pipeline.py for tasks to queue
[2026-07-18T17:43:01.836+0000] {logging_mixin.py:190} INFO - [2026-07-18T17:43:01.835+0000] {dagbag.py:587} INFO - Filling up the DagBag from /opt/airflow/dags/flex_eau_pipeline.py
[2026-07-18T17:43:01.941+0000] {logging_mixin.py:190} INFO - [2026-07-18T17:43:01.936+0000] {dagbag.py:386} ERROR - Failed to import: /opt/airflow/dags/flex_eau_pipeline.py
Traceback (most recent call last):
  File "/home/airflow/.local/lib/python3.12/site-packages/airflow/models/dagbag.py", line 382, in parse
    loader.exec_module(new_module)
  File "<frozen importlib._bootstrap_external>", line 991, in exec_module
  File "<frozen importlib._bootstrap_external>", line 1129, in get_code
  File "<frozen importlib._bootstrap_external>", line 1059, in source_to_code
  File "<frozen importlib._bootstrap>", line 488, in _call_with_frames_removed
  File "/opt/airflow/dags/flex_eau_pipeline.py", line 26
    ingestion = BashOperator(
    ^^^^^^^^^
IndentationError: expected an indented block after 'with' statement on line 11
[2026-07-18T17:43:01.945+0000] {processor.py:927} WARNING - No viable dags retrieved from /opt/airflow/dags/flex_eau_pipeline.py
[2026-07-18T17:43:02.058+0000] {processor.py:208} INFO - Processing /opt/airflow/dags/flex_eau_pipeline.py took 0.273 seconds
[2026-07-18T17:43:32.535+0000] {processor.py:186} INFO - Started process (PID=91539) to work on /opt/airflow/dags/flex_eau_pipeline.py
[2026-07-18T17:43:32.537+0000] {processor.py:914} INFO - Processing file /opt/airflow/dags/flex_eau_pipeline.py for tasks to queue
[2026-07-18T17:43:32.542+0000] {logging_mixin.py:190} INFO - [2026-07-18T17:43:32.541+0000] {dagbag.py:587} INFO - Filling up the DagBag from /opt/airflow/dags/flex_eau_pipeline.py
[2026-07-18T17:43:32.576+0000] {logging_mixin.py:190} INFO - [2026-07-18T17:43:32.574+0000] {dagbag.py:386} ERROR - Failed to import: /opt/airflow/dags/flex_eau_pipeline.py
Traceback (most recent call last):
  File "/home/airflow/.local/lib/python3.12/site-packages/airflow/models/dagbag.py", line 382, in parse
    loader.exec_module(new_module)
  File "<frozen importlib._bootstrap_external>", line 991, in exec_module
  File "<frozen importlib._bootstrap_external>", line 1129, in get_code
  File "<frozen importlib._bootstrap_external>", line 1059, in source_to_code
  File "<frozen importlib._bootstrap>", line 488, in _call_with_frames_removed
  File "/opt/airflow/dags/flex_eau_pipeline.py", line 26
    ingestion = BashOperator(
    ^^^^^^^^^
IndentationError: expected an indented block after 'with' statement on line 11
[2026-07-18T17:43:32.577+0000] {processor.py:927} WARNING - No viable dags retrieved from /opt/airflow/dags/flex_eau_pipeline.py
[2026-07-18T17:43:32.654+0000] {processor.py:208} INFO - Processing /opt/airflow/dags/flex_eau_pipeline.py took 0.130 seconds
[2026-07-18T17:44:03.321+0000] {processor.py:186} INFO - Started process (PID=91544) to work on /opt/airflow/dags/flex_eau_pipeline.py
[2026-07-18T17:44:03.326+0000] {processor.py:914} INFO - Processing file /opt/airflow/dags/flex_eau_pipeline.py for tasks to queue
[2026-07-18T17:44:03.347+0000] {logging_mixin.py:190} INFO - [2026-07-18T17:44:03.344+0000] {dagbag.py:587} INFO - Filling up the DagBag from /opt/airflow/dags/flex_eau_pipeline.py
[2026-07-18T17:44:03.466+0000] {logging_mixin.py:190} INFO - [2026-07-18T17:44:03.460+0000] {dagbag.py:386} ERROR - Failed to import: /opt/airflow/dags/flex_eau_pipeline.py
Traceback (most recent call last):
  File "/home/airflow/.local/lib/python3.12/site-packages/airflow/models/dagbag.py", line 382, in parse
    loader.exec_module(new_module)
  File "<frozen importlib._bootstrap_external>", line 991, in exec_module
  File "<frozen importlib._bootstrap_external>", line 1129, in get_code
  File "<frozen importlib._bootstrap_external>", line 1059, in source_to_code
  File "<frozen importlib._bootstrap>", line 488, in _call_with_frames_removed
  File "/opt/airflow/dags/flex_eau_pipeline.py", line 26
    ingestion = BashOperator(
    ^^^^^^^^^
IndentationError: expected an indented block after 'with' statement on line 11
[2026-07-18T17:44:03.470+0000] {processor.py:927} WARNING - No viable dags retrieved from /opt/airflow/dags/flex_eau_pipeline.py
[2026-07-18T17:44:03.572+0000] {processor.py:208} INFO - Processing /opt/airflow/dags/flex_eau_pipeline.py took 0.288 seconds
[2026-07-18T17:44:34.171+0000] {processor.py:186} INFO - Started process (PID=91549) to work on /opt/airflow/dags/flex_eau_pipeline.py
[2026-07-18T17:44:34.177+0000] {processor.py:914} INFO - Processing file /opt/airflow/dags/flex_eau_pipeline.py for tasks to queue
[2026-07-18T17:44:34.192+0000] {logging_mixin.py:190} INFO - [2026-07-18T17:44:34.190+0000] {dagbag.py:587} INFO - Filling up the DagBag from /opt/airflow/dags/flex_eau_pipeline.py
[2026-07-18T17:44:34.300+0000] {logging_mixin.py:190} INFO - [2026-07-18T17:44:34.296+0000] {dagbag.py:386} ERROR - Failed to import: /opt/airflow/dags/flex_eau_pipeline.py
Traceback (most recent call last):
  File "/home/airflow/.local/lib/python3.12/site-packages/airflow/models/dagbag.py", line 382, in parse
    loader.exec_module(new_module)
  File "<frozen importlib._bootstrap_external>", line 991, in exec_module
  File "<frozen importlib._bootstrap_external>", line 1129, in get_code
  File "<frozen importlib._bootstrap_external>", line 1059, in source_to_code
  File "<frozen importlib._bootstrap>", line 488, in _call_with_frames_removed
  File "/opt/airflow/dags/flex_eau_pipeline.py", line 26
    ingestion = BashOperator(
    ^^^^^^^^^
IndentationError: expected an indented block after 'with' statement on line 11
[2026-07-18T17:44:34.303+0000] {processor.py:927} WARNING - No viable dags retrieved from /opt/airflow/dags/flex_eau_pipeline.py
[2026-07-18T17:44:34.415+0000] {processor.py:208} INFO - Processing /opt/airflow/dags/flex_eau_pipeline.py took 0.272 seconds
[2026-07-18T17:45:04.964+0000] {processor.py:186} INFO - Started process (PID=91554) to work on /opt/airflow/dags/flex_eau_pipeline.py
[2026-07-18T17:45:04.968+0000] {processor.py:914} INFO - Processing file /opt/airflow/dags/flex_eau_pipeline.py for tasks to queue
[2026-07-18T17:45:04.975+0000] {logging_mixin.py:190} INFO - [2026-07-18T17:45:04.974+0000] {dagbag.py:587} INFO - Filling up the DagBag from /opt/airflow/dags/flex_eau_pipeline.py
[2026-07-18T17:45:05.041+0000] {logging_mixin.py:190} INFO - [2026-07-18T17:45:05.038+0000] {dagbag.py:386} ERROR - Failed to import: /opt/airflow/dags/flex_eau_pipeline.py
Traceback (most recent call last):
  File "/home/airflow/.local/lib/python3.12/site-packages/airflow/models/dagbag.py", line 382, in parse
    loader.exec_module(new_module)
  File "<frozen importlib._bootstrap_external>", line 991, in exec_module
  File "<frozen importlib._bootstrap_external>", line 1129, in get_code
  File "<frozen importlib._bootstrap_external>", line 1059, in source_to_code
  File "<frozen importlib._bootstrap>", line 488, in _call_with_frames_removed
  File "/opt/airflow/dags/flex_eau_pipeline.py", line 26
    ingestion = BashOperator(
    ^^^^^^^^^
IndentationError: expected an indented block after 'with' statement on line 11
[2026-07-18T17:45:05.043+0000] {processor.py:927} WARNING - No viable dags retrieved from /opt/airflow/dags/flex_eau_pipeline.py
[2026-07-18T17:45:05.115+0000] {processor.py:208} INFO - Processing /opt/airflow/dags/flex_eau_pipeline.py took 0.173 seconds
[2026-07-18T17:45:36.185+0000] {processor.py:186} INFO - Started process (PID=91559) to work on /opt/airflow/dags/flex_eau_pipeline.py
[2026-07-18T17:45:36.191+0000] {processor.py:914} INFO - Processing file /opt/airflow/dags/flex_eau_pipeline.py for tasks to queue
[2026-07-18T17:45:36.202+0000] {logging_mixin.py:190} INFO - [2026-07-18T17:45:36.201+0000] {dagbag.py:587} INFO - Filling up the DagBag from /opt/airflow/dags/flex_eau_pipeline.py
[2026-07-18T17:45:36.317+0000] {logging_mixin.py:190} INFO - [2026-07-18T17:45:36.312+0000] {dagbag.py:386} ERROR - Failed to import: /opt/airflow/dags/flex_eau_pipeline.py
Traceback (most recent call last):
  File "/home/airflow/.local/lib/python3.12/site-packages/airflow/models/dagbag.py", line 382, in parse
    loader.exec_module(new_module)
  File "<frozen importlib._bootstrap_external>", line 991, in exec_module
  File "<frozen importlib._bootstrap_external>", line 1129, in get_code
  File "<frozen importlib._bootstrap_external>", line 1059, in source_to_code
  File "<frozen importlib._bootstrap>", line 488, in _call_with_frames_removed
  File "/opt/airflow/dags/flex_eau_pipeline.py", line 26
    ingestion = BashOperator(
    ^^^^^^^^^
IndentationError: expected an indented block after 'with' statement on line 11
[2026-07-18T17:45:36.321+0000] {processor.py:927} WARNING - No viable dags retrieved from /opt/airflow/dags/flex_eau_pipeline.py
[2026-07-18T17:45:36.448+0000] {processor.py:208} INFO - Processing /opt/airflow/dags/flex_eau_pipeline.py took 0.291 seconds
[2026-07-18T17:46:06.542+0000] {processor.py:186} INFO - Started process (PID=91564) to work on /opt/airflow/dags/flex_eau_pipeline.py
[2026-07-18T17:46:06.543+0000] {processor.py:914} INFO - Processing file /opt/airflow/dags/flex_eau_pipeline.py for tasks to queue
[2026-07-18T17:46:06.545+0000] {logging_mixin.py:190} INFO - [2026-07-18T17:46:06.545+0000] {dagbag.py:587} INFO - Filling up the DagBag from /opt/airflow/dags/flex_eau_pipeline.py
[2026-07-18T17:46:06.569+0000] {logging_mixin.py:190} INFO - [2026-07-18T17:46:06.568+0000] {dagbag.py:386} ERROR - Failed to import: /opt/airflow/dags/flex_eau_pipeline.py
Traceback (most recent call last):
  File "/home/airflow/.local/lib/python3.12/site-packages/airflow/models/dagbag.py", line 382, in parse
    loader.exec_module(new_module)
  File "<frozen importlib._bootstrap_external>", line 991, in exec_module
  File "<frozen importlib._bootstrap_external>", line 1129, in get_code
  File "<frozen importlib._bootstrap_external>", line 1059, in source_to_code
  File "<frozen importlib._bootstrap>", line 488, in _call_with_frames_removed
  File "/opt/airflow/dags/flex_eau_pipeline.py", line 26
    ingestion = BashOperator(
    ^^^^^^^^^
IndentationError: expected an indented block after 'with' statement on line 11
[2026-07-18T17:46:06.570+0000] {processor.py:927} WARNING - No viable dags retrieved from /opt/airflow/dags/flex_eau_pipeline.py
[2026-07-18T17:46:06.597+0000] {processor.py:208} INFO - Processing /opt/airflow/dags/flex_eau_pipeline.py took 0.062 seconds
[2026-07-18T17:46:36.768+0000] {processor.py:186} INFO - Started process (PID=91569) to work on /opt/airflow/dags/flex_eau_pipeline.py
[2026-07-18T17:46:36.769+0000] {processor.py:914} INFO - Processing file /opt/airflow/dags/flex_eau_pipeline.py for tasks to queue
[2026-07-18T17:46:36.771+0000] {logging_mixin.py:190} INFO - [2026-07-18T17:46:36.771+0000] {dagbag.py:587} INFO - Filling up the DagBag from /opt/airflow/dags/flex_eau_pipeline.py
[2026-07-18T17:46:36.795+0000] {logging_mixin.py:190} INFO - [2026-07-18T17:46:36.794+0000] {dagbag.py:386} ERROR - Failed to import: /opt/airflow/dags/flex_eau_pipeline.py
Traceback (most recent call last):
  File "/home/airflow/.local/lib/python3.12/site-packages/airflow/models/dagbag.py", line 382, in parse
    loader.exec_module(new_module)
  File "<frozen importlib._bootstrap_external>", line 991, in exec_module
  File "<frozen importlib._bootstrap_external>", line 1129, in get_code
  File "<frozen importlib._bootstrap_external>", line 1059, in source_to_code
  File "<frozen importlib._bootstrap>", line 488, in _call_with_frames_removed
  File "/opt/airflow/dags/flex_eau_pipeline.py", line 26
    ingestion = BashOperator(
    ^^^^^^^^^
IndentationError: expected an indented block after 'with' statement on line 11
[2026-07-18T17:46:36.796+0000] {processor.py:927} WARNING - No viable dags retrieved from /opt/airflow/dags/flex_eau_pipeline.py
[2026-07-18T17:46:36.827+0000] {processor.py:208} INFO - Processing /opt/airflow/dags/flex_eau_pipeline.py took 0.067 seconds
[2026-07-18T17:47:07.207+0000] {processor.py:186} INFO - Started process (PID=91574) to work on /opt/airflow/dags/flex_eau_pipeline.py
[2026-07-18T17:47:07.208+0000] {processor.py:914} INFO - Processing file /opt/airflow/dags/flex_eau_pipeline.py for tasks to queue
[2026-07-18T17:47:07.211+0000] {logging_mixin.py:190} INFO - [2026-07-18T17:47:07.210+0000] {dagbag.py:587} INFO - Filling up the DagBag from /opt/airflow/dags/flex_eau_pipeline.py
[2026-07-18T17:47:07.231+0000] {logging_mixin.py:190} INFO - [2026-07-18T17:47:07.230+0000] {dagbag.py:386} ERROR - Failed to import: /opt/airflow/dags/flex_eau_pipeline.py
Traceback (most recent call last):
  File "/home/airflow/.local/lib/python3.12/site-packages/airflow/models/dagbag.py", line 382, in parse
    loader.exec_module(new_module)
  File "<frozen importlib._bootstrap_external>", line 991, in exec_module
  File "<frozen importlib._bootstrap_external>", line 1129, in get_code
  File "<frozen importlib._bootstrap_external>", line 1059, in source_to_code
  File "<frozen importlib._bootstrap>", line 488, in _call_with_frames_removed
  File "/opt/airflow/dags/flex_eau_pipeline.py", line 26
    ingestion = BashOperator(
    ^^^^^^^^^
IndentationError: expected an indented block after 'with' statement on line 11
[2026-07-18T17:47:07.232+0000] {processor.py:927} WARNING - No viable dags retrieved from /opt/airflow/dags/flex_eau_pipeline.py
[2026-07-18T17:47:07.260+0000] {processor.py:208} INFO - Processing /opt/airflow/dags/flex_eau_pipeline.py took 0.059 seconds
[2026-07-18T17:47:37.681+0000] {processor.py:186} INFO - Started process (PID=91579) to work on /opt/airflow/dags/flex_eau_pipeline.py
[2026-07-18T17:47:37.683+0000] {processor.py:914} INFO - Processing file /opt/airflow/dags/flex_eau_pipeline.py for tasks to queue
[2026-07-18T17:47:37.686+0000] {logging_mixin.py:190} INFO - [2026-07-18T17:47:37.685+0000] {dagbag.py:587} INFO - Filling up the DagBag from /opt/airflow/dags/flex_eau_pipeline.py
[2026-07-18T17:47:37.709+0000] {logging_mixin.py:190} INFO - [2026-07-18T17:47:37.708+0000] {dagbag.py:386} ERROR - Failed to import: /opt/airflow/dags/flex_eau_pipeline.py
Traceback (most recent call last):
  File "/home/airflow/.local/lib/python3.12/site-packages/airflow/models/dagbag.py", line 382, in parse
    loader.exec_module(new_module)
  File "<frozen importlib._bootstrap_external>", line 991, in exec_module
  File "<frozen importlib._bootstrap_external>", line 1129, in get_code
  File "<frozen importlib._bootstrap_external>", line 1059, in source_to_code
  File "<frozen importlib._bootstrap>", line 488, in _call_with_frames_removed
  File "/opt/airflow/dags/flex_eau_pipeline.py", line 26
    ingestion = BashOperator(
    ^^^^^^^^^
IndentationError: expected an indented block after 'with' statement on line 11
[2026-07-18T17:47:37.710+0000] {processor.py:927} WARNING - No viable dags retrieved from /opt/airflow/dags/flex_eau_pipeline.py
[2026-07-18T17:47:37.737+0000] {processor.py:208} INFO - Processing /opt/airflow/dags/flex_eau_pipeline.py took 0.062 seconds
[2026-07-18T17:48:08.060+0000] {processor.py:186} INFO - Started process (PID=91584) to work on /opt/airflow/dags/flex_eau_pipeline.py
[2026-07-18T17:48:08.062+0000] {processor.py:914} INFO - Processing file /opt/airflow/dags/flex_eau_pipeline.py for tasks to queue
[2026-07-18T17:48:08.064+0000] {logging_mixin.py:190} INFO - [2026-07-18T17:48:08.064+0000] {dagbag.py:587} INFO - Filling up the DagBag from /opt/airflow/dags/flex_eau_pipeline.py
[2026-07-18T17:48:08.091+0000] {logging_mixin.py:190} INFO - [2026-07-18T17:48:08.090+0000] {dagbag.py:386} ERROR - Failed to import: /opt/airflow/dags/flex_eau_pipeline.py
Traceback (most recent call last):
  File "/home/airflow/.local/lib/python3.12/site-packages/airflow/models/dagbag.py", line 382, in parse
    loader.exec_module(new_module)
  File "<frozen importlib._bootstrap_external>", line 991, in exec_module
  File "<frozen importlib._bootstrap_external>", line 1129, in get_code
  File "<frozen importlib._bootstrap_external>", line 1059, in source_to_code
  File "<frozen importlib._bootstrap>", line 488, in _call_with_frames_removed
  File "/opt/airflow/dags/flex_eau_pipeline.py", line 26
    ingestion = BashOperator(
    ^^^^^^^^^
IndentationError: expected an indented block after 'with' statement on line 11
[2026-07-18T17:48:08.092+0000] {processor.py:927} WARNING - No viable dags retrieved from /opt/airflow/dags/flex_eau_pipeline.py
[2026-07-18T17:48:08.118+0000] {processor.py:208} INFO - Processing /opt/airflow/dags/flex_eau_pipeline.py took 0.064 seconds
[2026-07-18T17:48:38.613+0000] {processor.py:186} INFO - Started process (PID=91589) to work on /opt/airflow/dags/flex_eau_pipeline.py
[2026-07-18T17:48:38.615+0000] {processor.py:914} INFO - Processing file /opt/airflow/dags/flex_eau_pipeline.py for tasks to queue
[2026-07-18T17:48:38.618+0000] {logging_mixin.py:190} INFO - [2026-07-18T17:48:38.618+0000] {dagbag.py:587} INFO - Filling up the DagBag from /opt/airflow/dags/flex_eau_pipeline.py
[2026-07-18T17:48:38.644+0000] {logging_mixin.py:190} INFO - [2026-07-18T17:48:38.642+0000] {dagbag.py:386} ERROR - Failed to import: /opt/airflow/dags/flex_eau_pipeline.py
Traceback (most recent call last):
  File "/home/airflow/.local/lib/python3.12/site-packages/airflow/models/dagbag.py", line 382, in parse
    loader.exec_module(new_module)
  File "<frozen importlib._bootstrap_external>", line 991, in exec_module
  File "<frozen importlib._bootstrap_external>", line 1129, in get_code
  File "<frozen importlib._bootstrap_external>", line 1059, in source_to_code
  File "<frozen importlib._bootstrap>", line 488, in _call_with_frames_removed
  File "/opt/airflow/dags/flex_eau_pipeline.py", line 26
    ingestion = BashOperator(
    ^^^^^^^^^
IndentationError: expected an indented block after 'with' statement on line 11
[2026-07-18T17:48:38.644+0000] {processor.py:927} WARNING - No viable dags retrieved from /opt/airflow/dags/flex_eau_pipeline.py
[2026-07-18T17:48:38.673+0000] {processor.py:208} INFO - Processing /opt/airflow/dags/flex_eau_pipeline.py took 0.067 seconds
[2026-07-18T17:49:09.072+0000] {processor.py:186} INFO - Started process (PID=91594) to work on /opt/airflow/dags/flex_eau_pipeline.py
[2026-07-18T17:49:09.073+0000] {processor.py:914} INFO - Processing file /opt/airflow/dags/flex_eau_pipeline.py for tasks to queue
[2026-07-18T17:49:09.075+0000] {logging_mixin.py:190} INFO - [2026-07-18T17:49:09.075+0000] {dagbag.py:587} INFO - Filling up the DagBag from /opt/airflow/dags/flex_eau_pipeline.py
[2026-07-18T17:49:09.098+0000] {logging_mixin.py:190} INFO - [2026-07-18T17:49:09.097+0000] {dagbag.py:386} ERROR - Failed to import: /opt/airflow/dags/flex_eau_pipeline.py
Traceback (most recent call last):
  File "/home/airflow/.local/lib/python3.12/site-packages/airflow/models/dagbag.py", line 382, in parse
    loader.exec_module(new_module)
  File "<frozen importlib._bootstrap_external>", line 991, in exec_module
  File "<frozen importlib._bootstrap_external>", line 1129, in get_code
  File "<frozen importlib._bootstrap_external>", line 1059, in source_to_code
  File "<frozen importlib._bootstrap>", line 488, in _call_with_frames_removed
  File "/opt/airflow/dags/flex_eau_pipeline.py", line 26
    ingestion = BashOperator(
    ^^^^^^^^^
IndentationError: expected an indented block after 'with' statement on line 11
[2026-07-18T17:49:09.099+0000] {processor.py:927} WARNING - No viable dags retrieved from /opt/airflow/dags/flex_eau_pipeline.py
[2026-07-18T17:49:09.126+0000] {processor.py:208} INFO - Processing /opt/airflow/dags/flex_eau_pipeline.py took 0.060 seconds
[2026-07-18T17:49:39.316+0000] {processor.py:186} INFO - Started process (PID=91599) to work on /opt/airflow/dags/flex_eau_pipeline.py
[2026-07-18T17:49:39.317+0000] {processor.py:914} INFO - Processing file /opt/airflow/dags/flex_eau_pipeline.py for tasks to queue
[2026-07-18T17:49:39.319+0000] {logging_mixin.py:190} INFO - [2026-07-18T17:49:39.319+0000] {dagbag.py:587} INFO - Filling up the DagBag from /opt/airflow/dags/flex_eau_pipeline.py
[2026-07-18T17:49:39.341+0000] {logging_mixin.py:190} INFO - [2026-07-18T17:49:39.340+0000] {dagbag.py:386} ERROR - Failed to import: /opt/airflow/dags/flex_eau_pipeline.py
Traceback (most recent call last):
  File "/home/airflow/.local/lib/python3.12/site-packages/airflow/models/dagbag.py", line 382, in parse
    loader.exec_module(new_module)
  File "<frozen importlib._bootstrap_external>", line 991, in exec_module
  File "<frozen importlib._bootstrap_external>", line 1129, in get_code
  File "<frozen importlib._bootstrap_external>", line 1059, in source_to_code
  File "<frozen importlib._bootstrap>", line 488, in _call_with_frames_removed
  File "/opt/airflow/dags/flex_eau_pipeline.py", line 26
    ingestion = BashOperator(
    ^^^^^^^^^
IndentationError: expected an indented block after 'with' statement on line 11
[2026-07-18T17:49:39.342+0000] {processor.py:927} WARNING - No viable dags retrieved from /opt/airflow/dags/flex_eau_pipeline.py
[2026-07-18T17:49:39.368+0000] {processor.py:208} INFO - Processing /opt/airflow/dags/flex_eau_pipeline.py took 0.058 seconds
[2026-07-18T17:50:09.580+0000] {processor.py:186} INFO - Started process (PID=91604) to work on /opt/airflow/dags/flex_eau_pipeline.py
[2026-07-18T17:50:09.581+0000] {processor.py:914} INFO - Processing file /opt/airflow/dags/flex_eau_pipeline.py for tasks to queue
[2026-07-18T17:50:09.584+0000] {logging_mixin.py:190} INFO - [2026-07-18T17:50:09.583+0000] {dagbag.py:587} INFO - Filling up the DagBag from /opt/airflow/dags/flex_eau_pipeline.py
[2026-07-18T17:50:09.606+0000] {logging_mixin.py:190} INFO - [2026-07-18T17:50:09.605+0000] {dagbag.py:386} ERROR - Failed to import: /opt/airflow/dags/flex_eau_pipeline.py
Traceback (most recent call last):
  File "/home/airflow/.local/lib/python3.12/site-packages/airflow/models/dagbag.py", line 382, in parse
    loader.exec_module(new_module)
  File "<frozen importlib._bootstrap_external>", line 991, in exec_module
  File "<frozen importlib._bootstrap_external>", line 1129, in get_code
  File "<frozen importlib._bootstrap_external>", line 1059, in source_to_code
  File "<frozen importlib._bootstrap>", line 488, in _call_with_frames_removed
  File "/opt/airflow/dags/flex_eau_pipeline.py", line 26
    ingestion = BashOperator(
    ^^^^^^^^^
IndentationError: expected an indented block after 'with' statement on line 11
[2026-07-18T17:50:09.607+0000] {processor.py:927} WARNING - No viable dags retrieved from /opt/airflow/dags/flex_eau_pipeline.py
[2026-07-18T17:50:09.639+0000] {processor.py:208} INFO - Processing /opt/airflow/dags/flex_eau_pipeline.py took 0.066 seconds
[2026-07-18T17:50:39.862+0000] {processor.py:186} INFO - Started process (PID=91609) to work on /opt/airflow/dags/flex_eau_pipeline.py
[2026-07-18T17:50:39.864+0000] {processor.py:914} INFO - Processing file /opt/airflow/dags/flex_eau_pipeline.py for tasks to queue
[2026-07-18T17:50:39.866+0000] {logging_mixin.py:190} INFO - [2026-07-18T17:50:39.866+0000] {dagbag.py:587} INFO - Filling up the DagBag from /opt/airflow/dags/flex_eau_pipeline.py
[2026-07-18T17:50:39.894+0000] {logging_mixin.py:190} INFO - [2026-07-18T17:50:39.893+0000] {dagbag.py:386} ERROR - Failed to import: /opt/airflow/dags/flex_eau_pipeline.py
Traceback (most recent call last):
  File "/home/airflow/.local/lib/python3.12/site-packages/airflow/models/dagbag.py", line 382, in parse
    loader.exec_module(new_module)
  File "<frozen importlib._bootstrap_external>", line 991, in exec_module
  File "<frozen importlib._bootstrap_external>", line 1129, in get_code
  File "<frozen importlib._bootstrap_external>", line 1059, in source_to_code
  File "<frozen importlib._bootstrap>", line 488, in _call_with_frames_removed
  File "/opt/airflow/dags/flex_eau_pipeline.py", line 26
    ingestion = BashOperator(
    ^^^^^^^^^
IndentationError: expected an indented block after 'with' statement on line 11
[2026-07-18T17:50:39.895+0000] {processor.py:927} WARNING - No viable dags retrieved from /opt/airflow/dags/flex_eau_pipeline.py
[2026-07-18T17:50:39.925+0000] {processor.py:208} INFO - Processing /opt/airflow/dags/flex_eau_pipeline.py took 0.069 seconds
[2026-07-18T17:51:10.094+0000] {processor.py:186} INFO - Started process (PID=91614) to work on /opt/airflow/dags/flex_eau_pipeline.py
[2026-07-18T17:51:10.095+0000] {processor.py:914} INFO - Processing file /opt/airflow/dags/flex_eau_pipeline.py for tasks to queue
[2026-07-18T17:51:10.098+0000] {logging_mixin.py:190} INFO - [2026-07-18T17:51:10.098+0000] {dagbag.py:587} INFO - Filling up the DagBag from /opt/airflow/dags/flex_eau_pipeline.py
[2026-07-18T17:51:10.123+0000] {logging_mixin.py:190} INFO - [2026-07-18T17:51:10.122+0000] {dagbag.py:386} ERROR - Failed to import: /opt/airflow/dags/flex_eau_pipeline.py
Traceback (most recent call last):
  File "/home/airflow/.local/lib/python3.12/site-packages/airflow/models/dagbag.py", line 382, in parse
    loader.exec_module(new_module)
  File "<frozen importlib._bootstrap_external>", line 991, in exec_module
  File "<frozen importlib._bootstrap_external>", line 1129, in get_code
  File "<frozen importlib._bootstrap_external>", line 1059, in source_to_code
  File "<frozen importlib._bootstrap>", line 488, in _call_with_frames_removed
  File "/opt/airflow/dags/flex_eau_pipeline.py", line 26
    ingestion = BashOperator(
    ^^^^^^^^^
IndentationError: expected an indented block after 'with' statement on line 11
[2026-07-18T17:51:10.124+0000] {processor.py:927} WARNING - No viable dags retrieved from /opt/airflow/dags/flex_eau_pipeline.py
[2026-07-18T17:51:10.155+0000] {processor.py:208} INFO - Processing /opt/airflow/dags/flex_eau_pipeline.py took 0.068 seconds
[2026-07-18T17:51:40.597+0000] {processor.py:186} INFO - Started process (PID=91619) to work on /opt/airflow/dags/flex_eau_pipeline.py
[2026-07-18T17:51:40.598+0000] {processor.py:914} INFO - Processing file /opt/airflow/dags/flex_eau_pipeline.py for tasks to queue
[2026-07-18T17:51:40.601+0000] {logging_mixin.py:190} INFO - [2026-07-18T17:51:40.601+0000] {dagbag.py:587} INFO - Filling up the DagBag from /opt/airflow/dags/flex_eau_pipeline.py
[2026-07-18T17:51:40.627+0000] {logging_mixin.py:190} INFO - [2026-07-18T17:51:40.625+0000] {dagbag.py:386} ERROR - Failed to import: /opt/airflow/dags/flex_eau_pipeline.py
Traceback (most recent call last):
  File "/home/airflow/.local/lib/python3.12/site-packages/airflow/models/dagbag.py", line 382, in parse
    loader.exec_module(new_module)
  File "<frozen importlib._bootstrap_external>", line 991, in exec_module
  File "<frozen importlib._bootstrap_external>", line 1129, in get_code
  File "<frozen importlib._bootstrap_external>", line 1059, in source_to_code
  File "<frozen importlib._bootstrap>", line 488, in _call_with_frames_removed
  File "/opt/airflow/dags/flex_eau_pipeline.py", line 26
    ingestion = BashOperator(
    ^^^^^^^^^
IndentationError: expected an indented block after 'with' statement on line 11
[2026-07-18T17:51:40.627+0000] {processor.py:927} WARNING - No viable dags retrieved from /opt/airflow/dags/flex_eau_pipeline.py
[2026-07-18T17:51:40.654+0000] {processor.py:208} INFO - Processing /opt/airflow/dags/flex_eau_pipeline.py took 0.063 seconds
[2026-07-18T17:52:11.034+0000] {processor.py:186} INFO - Started process (PID=91624) to work on /opt/airflow/dags/flex_eau_pipeline.py
[2026-07-18T17:52:11.035+0000] {processor.py:914} INFO - Processing file /opt/airflow/dags/flex_eau_pipeline.py for tasks to queue
[2026-07-18T17:52:11.039+0000] {logging_mixin.py:190} INFO - [2026-07-18T17:52:11.039+0000] {dagbag.py:587} INFO - Filling up the DagBag from /opt/airflow/dags/flex_eau_pipeline.py
[2026-07-18T17:52:11.061+0000] {logging_mixin.py:190} INFO - [2026-07-18T17:52:11.059+0000] {dagbag.py:386} ERROR - Failed to import: /opt/airflow/dags/flex_eau_pipeline.py
Traceback (most recent call last):
  File "/home/airflow/.local/lib/python3.12/site-packages/airflow/models/dagbag.py", line 382, in parse
    loader.exec_module(new_module)
  File "<frozen importlib._bootstrap_external>", line 991, in exec_module
  File "<frozen importlib._bootstrap_external>", line 1129, in get_code
  File "<frozen importlib._bootstrap_external>", line 1059, in source_to_code
  File "<frozen importlib._bootstrap>", line 488, in _call_with_frames_removed
  File "/opt/airflow/dags/flex_eau_pipeline.py", line 26
    ingestion = BashOperator(
    ^^^^^^^^^
IndentationError: expected an indented block after 'with' statement on line 11
[2026-07-18T17:52:11.062+0000] {processor.py:927} WARNING - No viable dags retrieved from /opt/airflow/dags/flex_eau_pipeline.py
[2026-07-18T17:52:11.089+0000] {processor.py:208} INFO - Processing /opt/airflow/dags/flex_eau_pipeline.py took 0.062 seconds
[2026-07-18T17:52:41.538+0000] {processor.py:186} INFO - Started process (PID=91629) to work on /opt/airflow/dags/flex_eau_pipeline.py
[2026-07-18T17:52:41.540+0000] {processor.py:914} INFO - Processing file /opt/airflow/dags/flex_eau_pipeline.py for tasks to queue
[2026-07-18T17:52:41.546+0000] {logging_mixin.py:190} INFO - [2026-07-18T17:52:41.546+0000] {dagbag.py:587} INFO - Filling up the DagBag from /opt/airflow/dags/flex_eau_pipeline.py
[2026-07-18T17:52:41.572+0000] {logging_mixin.py:190} INFO - [2026-07-18T17:52:41.571+0000] {dagbag.py:386} ERROR - Failed to import: /opt/airflow/dags/flex_eau_pipeline.py
Traceback (most recent call last):
  File "/home/airflow/.local/lib/python3.12/site-packages/airflow/models/dagbag.py", line 382, in parse
    loader.exec_module(new_module)
  File "<frozen importlib._bootstrap_external>", line 991, in exec_module
  File "<frozen importlib._bootstrap_external>", line 1129, in get_code
  File "<frozen importlib._bootstrap_external>", line 1059, in source_to_code
  File "<frozen importlib._bootstrap>", line 488, in _call_with_frames_removed
  File "/opt/airflow/dags/flex_eau_pipeline.py", line 26
    ingestion = BashOperator(
    ^^^^^^^^^
IndentationError: expected an indented block after 'with' statement on line 11
[2026-07-18T17:52:41.573+0000] {processor.py:927} WARNING - No viable dags retrieved from /opt/airflow/dags/flex_eau_pipeline.py
[2026-07-18T17:52:41.602+0000] {processor.py:208} INFO - Processing /opt/airflow/dags/flex_eau_pipeline.py took 0.082 seconds
[2026-07-18T17:53:11.983+0000] {processor.py:186} INFO - Started process (PID=91634) to work on /opt/airflow/dags/flex_eau_pipeline.py
[2026-07-18T17:53:11.985+0000] {processor.py:914} INFO - Processing file /opt/airflow/dags/flex_eau_pipeline.py for tasks to queue
[2026-07-18T17:53:11.987+0000] {logging_mixin.py:190} INFO - [2026-07-18T17:53:11.987+0000] {dagbag.py:587} INFO - Filling up the DagBag from /opt/airflow/dags/flex_eau_pipeline.py
[2026-07-18T17:53:12.013+0000] {logging_mixin.py:190} INFO - [2026-07-18T17:53:12.012+0000] {dagbag.py:386} ERROR - Failed to import: /opt/airflow/dags/flex_eau_pipeline.py
Traceback (most recent call last):
  File "/home/airflow/.local/lib/python3.12/site-packages/airflow/models/dagbag.py", line 382, in parse
    loader.exec_module(new_module)
  File "<frozen importlib._bootstrap_external>", line 991, in exec_module
  File "<frozen importlib._bootstrap_external>", line 1129, in get_code
  File "<frozen importlib._bootstrap_external>", line 1059, in source_to_code
  File "<frozen importlib._bootstrap>", line 488, in _call_with_frames_removed
  File "/opt/airflow/dags/flex_eau_pipeline.py", line 26
    ingestion = BashOperator(
    ^^^^^^^^^
IndentationError: expected an indented block after 'with' statement on line 11
[2026-07-18T17:53:12.013+0000] {processor.py:927} WARNING - No viable dags retrieved from /opt/airflow/dags/flex_eau_pipeline.py
[2026-07-18T17:53:12.042+0000] {processor.py:208} INFO - Processing /opt/airflow/dags/flex_eau_pipeline.py took 0.065 seconds
[2026-07-18T17:53:42.382+0000] {processor.py:186} INFO - Started process (PID=91639) to work on /opt/airflow/dags/flex_eau_pipeline.py
[2026-07-18T17:53:42.383+0000] {processor.py:914} INFO - Processing file /opt/airflow/dags/flex_eau_pipeline.py for tasks to queue
[2026-07-18T17:53:42.386+0000] {logging_mixin.py:190} INFO - [2026-07-18T17:53:42.386+0000] {dagbag.py:587} INFO - Filling up the DagBag from /opt/airflow/dags/flex_eau_pipeline.py
[2026-07-18T17:53:42.408+0000] {logging_mixin.py:190} INFO - [2026-07-18T17:53:42.407+0000] {dagbag.py:386} ERROR - Failed to import: /opt/airflow/dags/flex_eau_pipeline.py
Traceback (most recent call last):
  File "/home/airflow/.local/lib/python3.12/site-packages/airflow/models/dagbag.py", line 382, in parse
    loader.exec_module(new_module)
  File "<frozen importlib._bootstrap_external>", line 991, in exec_module
  File "<frozen importlib._bootstrap_external>", line 1129, in get_code
  File "<frozen importlib._bootstrap_external>", line 1059, in source_to_code
  File "<frozen importlib._bootstrap>", line 488, in _call_with_frames_removed
  File "/opt/airflow/dags/flex_eau_pipeline.py", line 26
    ingestion = BashOperator(
    ^^^^^^^^^
IndentationError: expected an indented block after 'with' statement on line 11
[2026-07-18T17:53:42.409+0000] {processor.py:927} WARNING - No viable dags retrieved from /opt/airflow/dags/flex_eau_pipeline.py
[2026-07-18T17:53:42.439+0000] {processor.py:208} INFO - Processing /opt/airflow/dags/flex_eau_pipeline.py took 0.063 seconds
[2026-07-18T17:54:12.723+0000] {processor.py:186} INFO - Started process (PID=91644) to work on /opt/airflow/dags/flex_eau_pipeline.py
[2026-07-18T17:54:12.725+0000] {processor.py:914} INFO - Processing file /opt/airflow/dags/flex_eau_pipeline.py for tasks to queue
[2026-07-18T17:54:12.728+0000] {logging_mixin.py:190} INFO - [2026-07-18T17:54:12.727+0000] {dagbag.py:587} INFO - Filling up the DagBag from /opt/airflow/dags/flex_eau_pipeline.py
[2026-07-18T17:54:12.753+0000] {logging_mixin.py:190} INFO - [2026-07-18T17:54:12.751+0000] {dagbag.py:386} ERROR - Failed to import: /opt/airflow/dags/flex_eau_pipeline.py
Traceback (most recent call last):
  File "/home/airflow/.local/lib/python3.12/site-packages/airflow/models/dagbag.py", line 382, in parse
    loader.exec_module(new_module)
  File "<frozen importlib._bootstrap_external>", line 991, in exec_module
  File "<frozen importlib._bootstrap_external>", line 1129, in get_code
  File "<frozen importlib._bootstrap_external>", line 1059, in source_to_code
  File "<frozen importlib._bootstrap>", line 488, in _call_with_frames_removed
  File "/opt/airflow/dags/flex_eau_pipeline.py", line 26
    ingestion = BashOperator(
    ^^^^^^^^^
IndentationError: expected an indented block after 'with' statement on line 11
[2026-07-18T17:54:12.753+0000] {processor.py:927} WARNING - No viable dags retrieved from /opt/airflow/dags/flex_eau_pipeline.py
[2026-07-18T17:54:12.794+0000] {processor.py:208} INFO - Processing /opt/airflow/dags/flex_eau_pipeline.py took 0.078 seconds
[2026-07-18T17:54:42.977+0000] {processor.py:186} INFO - Started process (PID=91649) to work on /opt/airflow/dags/flex_eau_pipeline.py
[2026-07-18T17:54:42.978+0000] {processor.py:914} INFO - Processing file /opt/airflow/dags/flex_eau_pipeline.py for tasks to queue
[2026-07-18T17:54:42.981+0000] {logging_mixin.py:190} INFO - [2026-07-18T17:54:42.981+0000] {dagbag.py:587} INFO - Filling up the DagBag from /opt/airflow/dags/flex_eau_pipeline.py
[2026-07-18T17:54:43.004+0000] {logging_mixin.py:190} INFO - [2026-07-18T17:54:43.002+0000] {dagbag.py:386} ERROR - Failed to import: /opt/airflow/dags/flex_eau_pipeline.py
Traceback (most recent call last):
  File "/home/airflow/.local/lib/python3.12/site-packages/airflow/models/dagbag.py", line 382, in parse
    loader.exec_module(new_module)
  File "<frozen importlib._bootstrap_external>", line 991, in exec_module
  File "<frozen importlib._bootstrap_external>", line 1129, in get_code
  File "<frozen importlib._bootstrap_external>", line 1059, in source_to_code
  File "<frozen importlib._bootstrap>", line 488, in _call_with_frames_removed
  File "/opt/airflow/dags/flex_eau_pipeline.py", line 26
    ingestion = BashOperator(
    ^^^^^^^^^
IndentationError: expected an indented block after 'with' statement on line 11
[2026-07-18T17:54:43.005+0000] {processor.py:927} WARNING - No viable dags retrieved from /opt/airflow/dags/flex_eau_pipeline.py
[2026-07-18T17:54:43.038+0000] {processor.py:208} INFO - Processing /opt/airflow/dags/flex_eau_pipeline.py took 0.069 seconds
[2026-07-18T17:55:13.390+0000] {processor.py:186} INFO - Started process (PID=91654) to work on /opt/airflow/dags/flex_eau_pipeline.py
[2026-07-18T17:55:13.392+0000] {processor.py:914} INFO - Processing file /opt/airflow/dags/flex_eau_pipeline.py for tasks to queue
[2026-07-18T17:55:13.395+0000] {logging_mixin.py:190} INFO - [2026-07-18T17:55:13.394+0000] {dagbag.py:587} INFO - Filling up the DagBag from /opt/airflow/dags/flex_eau_pipeline.py
[2026-07-18T17:55:13.419+0000] {logging_mixin.py:190} INFO - [2026-07-18T17:55:13.418+0000] {dagbag.py:386} ERROR - Failed to import: /opt/airflow/dags/flex_eau_pipeline.py
Traceback (most recent call last):
  File "/home/airflow/.local/lib/python3.12/site-packages/airflow/models/dagbag.py", line 382, in parse
    loader.exec_module(new_module)
  File "<frozen importlib._bootstrap_external>", line 991, in exec_module
  File "<frozen importlib._bootstrap_external>", line 1129, in get_code
  File "<frozen importlib._bootstrap_external>", line 1059, in source_to_code
  File "<frozen importlib._bootstrap>", line 488, in _call_with_frames_removed
  File "/opt/airflow/dags/flex_eau_pipeline.py", line 26
    ingestion = BashOperator(
    ^^^^^^^^^
IndentationError: expected an indented block after 'with' statement on line 11
[2026-07-18T17:55:13.419+0000] {processor.py:927} WARNING - No viable dags retrieved from /opt/airflow/dags/flex_eau_pipeline.py
[2026-07-18T17:55:13.451+0000] {processor.py:208} INFO - Processing /opt/airflow/dags/flex_eau_pipeline.py took 0.067 seconds
[2026-07-18T17:55:43.953+0000] {processor.py:186} INFO - Started process (PID=91659) to work on /opt/airflow/dags/flex_eau_pipeline.py
[2026-07-18T17:55:43.954+0000] {processor.py:914} INFO - Processing file /opt/airflow/dags/flex_eau_pipeline.py for tasks to queue
[2026-07-18T17:55:43.958+0000] {logging_mixin.py:190} INFO - [2026-07-18T17:55:43.957+0000] {dagbag.py:587} INFO - Filling up the DagBag from /opt/airflow/dags/flex_eau_pipeline.py
[2026-07-18T17:55:43.982+0000] {logging_mixin.py:190} INFO - [2026-07-18T17:55:43.981+0000] {dagbag.py:386} ERROR - Failed to import: /opt/airflow/dags/flex_eau_pipeline.py
Traceback (most recent call last):
  File "/home/airflow/.local/lib/python3.12/site-packages/airflow/models/dagbag.py", line 382, in parse
    loader.exec_module(new_module)
  File "<frozen importlib._bootstrap_external>", line 991, in exec_module
  File "<frozen importlib._bootstrap_external>", line 1129, in get_code
  File "<frozen importlib._bootstrap_external>", line 1059, in source_to_code
  File "<frozen importlib._bootstrap>", line 488, in _call_with_frames_removed
  File "/opt/airflow/dags/flex_eau_pipeline.py", line 26
    ingestion = BashOperator(
    ^^^^^^^^^
IndentationError: expected an indented block after 'with' statement on line 11
[2026-07-18T17:55:43.983+0000] {processor.py:927} WARNING - No viable dags retrieved from /opt/airflow/dags/flex_eau_pipeline.py
[2026-07-18T17:55:44.010+0000] {processor.py:208} INFO - Processing /opt/airflow/dags/flex_eau_pipeline.py took 0.064 seconds
[2026-07-18T17:56:14.453+0000] {processor.py:186} INFO - Started process (PID=91664) to work on /opt/airflow/dags/flex_eau_pipeline.py
[2026-07-18T17:56:14.455+0000] {processor.py:914} INFO - Processing file /opt/airflow/dags/flex_eau_pipeline.py for tasks to queue
[2026-07-18T17:56:14.458+0000] {logging_mixin.py:190} INFO - [2026-07-18T17:56:14.457+0000] {dagbag.py:587} INFO - Filling up the DagBag from /opt/airflow/dags/flex_eau_pipeline.py
[2026-07-18T17:56:14.480+0000] {logging_mixin.py:190} INFO - [2026-07-18T17:56:14.479+0000] {dagbag.py:386} ERROR - Failed to import: /opt/airflow/dags/flex_eau_pipeline.py
Traceback (most recent call last):
  File "/home/airflow/.local/lib/python3.12/site-packages/airflow/models/dagbag.py", line 382, in parse
    loader.exec_module(new_module)
  File "<frozen importlib._bootstrap_external>", line 991, in exec_module
  File "<frozen importlib._bootstrap_external>", line 1129, in get_code
  File "<frozen importlib._bootstrap_external>", line 1059, in source_to_code
  File "<frozen importlib._bootstrap>", line 488, in _call_with_frames_removed
  File "/opt/airflow/dags/flex_eau_pipeline.py", line 26
    ingestion = BashOperator(
    ^^^^^^^^^
IndentationError: expected an indented block after 'with' statement on line 11
[2026-07-18T17:56:14.480+0000] {processor.py:927} WARNING - No viable dags retrieved from /opt/airflow/dags/flex_eau_pipeline.py
[2026-07-18T17:56:14.507+0000] {processor.py:208} INFO - Processing /opt/airflow/dags/flex_eau_pipeline.py took 0.060 seconds
[2026-07-18T17:56:44.930+0000] {processor.py:186} INFO - Started process (PID=91669) to work on /opt/airflow/dags/flex_eau_pipeline.py
[2026-07-18T17:56:44.931+0000] {processor.py:914} INFO - Processing file /opt/airflow/dags/flex_eau_pipeline.py for tasks to queue
[2026-07-18T17:56:44.935+0000] {logging_mixin.py:190} INFO - [2026-07-18T17:56:44.934+0000] {dagbag.py:587} INFO - Filling up the DagBag from /opt/airflow/dags/flex_eau_pipeline.py
[2026-07-18T17:56:44.960+0000] {logging_mixin.py:190} INFO - [2026-07-18T17:56:44.959+0000] {dagbag.py:386} ERROR - Failed to import: /opt/airflow/dags/flex_eau_pipeline.py
Traceback (most recent call last):
  File "/home/airflow/.local/lib/python3.12/site-packages/airflow/models/dagbag.py", line 382, in parse
    loader.exec_module(new_module)
  File "<frozen importlib._bootstrap_external>", line 991, in exec_module
  File "<frozen importlib._bootstrap_external>", line 1129, in get_code
  File "<frozen importlib._bootstrap_external>", line 1059, in source_to_code
  File "<frozen importlib._bootstrap>", line 488, in _call_with_frames_removed
  File "/opt/airflow/dags/flex_eau_pipeline.py", line 26
    ingestion = BashOperator(
    ^^^^^^^^^
IndentationError: expected an indented block after 'with' statement on line 11
[2026-07-18T17:56:44.961+0000] {processor.py:927} WARNING - No viable dags retrieved from /opt/airflow/dags/flex_eau_pipeline.py
[2026-07-18T17:56:44.992+0000] {processor.py:208} INFO - Processing /opt/airflow/dags/flex_eau_pipeline.py took 0.069 seconds
[2026-07-18T17:57:15.374+0000] {processor.py:186} INFO - Started process (PID=91674) to work on /opt/airflow/dags/flex_eau_pipeline.py
[2026-07-18T17:57:15.375+0000] {processor.py:914} INFO - Processing file /opt/airflow/dags/flex_eau_pipeline.py for tasks to queue
[2026-07-18T17:57:15.378+0000] {logging_mixin.py:190} INFO - [2026-07-18T17:57:15.378+0000] {dagbag.py:587} INFO - Filling up the DagBag from /opt/airflow/dags/flex_eau_pipeline.py
[2026-07-18T17:57:15.411+0000] {logging_mixin.py:190} INFO - [2026-07-18T17:57:15.410+0000] {dagbag.py:386} ERROR - Failed to import: /opt/airflow/dags/flex_eau_pipeline.py
Traceback (most recent call last):
  File "/home/airflow/.local/lib/python3.12/site-packages/airflow/models/dagbag.py", line 382, in parse
    loader.exec_module(new_module)
  File "<frozen importlib._bootstrap_external>", line 991, in exec_module
  File "<frozen importlib._bootstrap_external>", line 1129, in get_code
  File "<frozen importlib._bootstrap_external>", line 1059, in source_to_code
  File "<frozen importlib._bootstrap>", line 488, in _call_with_frames_removed
  File "/opt/airflow/dags/flex_eau_pipeline.py", line 26
    ingestion = BashOperator(
    ^^^^^^^^^
IndentationError: expected an indented block after 'with' statement on line 11
[2026-07-18T17:57:15.412+0000] {processor.py:927} WARNING - No viable dags retrieved from /opt/airflow/dags/flex_eau_pipeline.py
[2026-07-18T17:57:15.440+0000] {processor.py:208} INFO - Processing /opt/airflow/dags/flex_eau_pipeline.py took 0.072 seconds
[2026-07-18T17:57:45.888+0000] {processor.py:186} INFO - Started process (PID=91679) to work on /opt/airflow/dags/flex_eau_pipeline.py
[2026-07-18T17:57:45.889+0000] {processor.py:914} INFO - Processing file /opt/airflow/dags/flex_eau_pipeline.py for tasks to queue
[2026-07-18T17:57:45.892+0000] {logging_mixin.py:190} INFO - [2026-07-18T17:57:45.891+0000] {dagbag.py:587} INFO - Filling up the DagBag from /opt/airflow/dags/flex_eau_pipeline.py
[2026-07-18T17:57:45.917+0000] {logging_mixin.py:190} INFO - [2026-07-18T17:57:45.916+0000] {dagbag.py:386} ERROR - Failed to import: /opt/airflow/dags/flex_eau_pipeline.py
Traceback (most recent call last):
  File "/home/airflow/.local/lib/python3.12/site-packages/airflow/models/dagbag.py", line 382, in parse
    loader.exec_module(new_module)
  File "<frozen importlib._bootstrap_external>", line 991, in exec_module
  File "<frozen importlib._bootstrap_external>", line 1129, in get_code
  File "<frozen importlib._bootstrap_external>", line 1059, in source_to_code
  File "<frozen importlib._bootstrap>", line 488, in _call_with_frames_removed
  File "/opt/airflow/dags/flex_eau_pipeline.py", line 26
    ingestion = BashOperator(
    ^^^^^^^^^
IndentationError: expected an indented block after 'with' statement on line 11
[2026-07-18T17:57:45.918+0000] {processor.py:927} WARNING - No viable dags retrieved from /opt/airflow/dags/flex_eau_pipeline.py
[2026-07-18T17:57:45.944+0000] {processor.py:208} INFO - Processing /opt/airflow/dags/flex_eau_pipeline.py took 0.062 seconds
[2026-07-18T17:58:16.256+0000] {processor.py:186} INFO - Started process (PID=91684) to work on /opt/airflow/dags/flex_eau_pipeline.py
[2026-07-18T17:58:16.257+0000] {processor.py:914} INFO - Processing file /opt/airflow/dags/flex_eau_pipeline.py for tasks to queue
[2026-07-18T17:58:16.260+0000] {logging_mixin.py:190} INFO - [2026-07-18T17:58:16.260+0000] {dagbag.py:587} INFO - Filling up the DagBag from /opt/airflow/dags/flex_eau_pipeline.py
[2026-07-18T17:58:16.284+0000] {logging_mixin.py:190} INFO - [2026-07-18T17:58:16.283+0000] {dagbag.py:386} ERROR - Failed to import: /opt/airflow/dags/flex_eau_pipeline.py
Traceback (most recent call last):
  File "/home/airflow/.local/lib/python3.12/site-packages/airflow/models/dagbag.py", line 382, in parse
    loader.exec_module(new_module)
  File "<frozen importlib._bootstrap_external>", line 991, in exec_module
  File "<frozen importlib._bootstrap_external>", line 1129, in get_code
  File "<frozen importlib._bootstrap_external>", line 1059, in source_to_code
  File "<frozen importlib._bootstrap>", line 488, in _call_with_frames_removed
  File "/opt/airflow/dags/flex_eau_pipeline.py", line 26
    ingestion = BashOperator(
    ^^^^^^^^^
IndentationError: expected an indented block after 'with' statement on line 11
[2026-07-18T17:58:16.285+0000] {processor.py:927} WARNING - No viable dags retrieved from /opt/airflow/dags/flex_eau_pipeline.py
[2026-07-18T17:58:16.313+0000] {processor.py:208} INFO - Processing /opt/airflow/dags/flex_eau_pipeline.py took 0.064 seconds
[2026-07-18T17:58:46.723+0000] {processor.py:186} INFO - Started process (PID=91689) to work on /opt/airflow/dags/flex_eau_pipeline.py
[2026-07-18T17:58:46.724+0000] {processor.py:914} INFO - Processing file /opt/airflow/dags/flex_eau_pipeline.py for tasks to queue
[2026-07-18T17:58:46.727+0000] {logging_mixin.py:190} INFO - [2026-07-18T17:58:46.726+0000] {dagbag.py:587} INFO - Filling up the DagBag from /opt/airflow/dags/flex_eau_pipeline.py
[2026-07-18T17:58:46.753+0000] {logging_mixin.py:190} INFO - [2026-07-18T17:58:46.751+0000] {dagbag.py:386} ERROR - Failed to import: /opt/airflow/dags/flex_eau_pipeline.py
Traceback (most recent call last):
  File "/home/airflow/.local/lib/python3.12/site-packages/airflow/models/dagbag.py", line 382, in parse
    loader.exec_module(new_module)
  File "<frozen importlib._bootstrap_external>", line 991, in exec_module
  File "<frozen importlib._bootstrap_external>", line 1129, in get_code
  File "<frozen importlib._bootstrap_external>", line 1059, in source_to_code
  File "<frozen importlib._bootstrap>", line 488, in _call_with_frames_removed
  File "/opt/airflow/dags/flex_eau_pipeline.py", line 26
    ingestion = BashOperator(
    ^^^^^^^^^
IndentationError: expected an indented block after 'with' statement on line 11
[2026-07-18T17:58:46.754+0000] {processor.py:927} WARNING - No viable dags retrieved from /opt/airflow/dags/flex_eau_pipeline.py
[2026-07-18T17:58:46.783+0000] {processor.py:208} INFO - Processing /opt/airflow/dags/flex_eau_pipeline.py took 0.066 seconds
[2026-07-18T17:59:17.216+0000] {processor.py:186} INFO - Started process (PID=91694) to work on /opt/airflow/dags/flex_eau_pipeline.py
[2026-07-18T17:59:17.217+0000] {processor.py:914} INFO - Processing file /opt/airflow/dags/flex_eau_pipeline.py for tasks to queue
[2026-07-18T17:59:17.220+0000] {logging_mixin.py:190} INFO - [2026-07-18T17:59:17.219+0000] {dagbag.py:587} INFO - Filling up the DagBag from /opt/airflow/dags/flex_eau_pipeline.py
[2026-07-18T17:59:17.245+0000] {logging_mixin.py:190} INFO - [2026-07-18T17:59:17.244+0000] {dagbag.py:386} ERROR - Failed to import: /opt/airflow/dags/flex_eau_pipeline.py
Traceback (most recent call last):
  File "/home/airflow/.local/lib/python3.12/site-packages/airflow/models/dagbag.py", line 382, in parse
    loader.exec_module(new_module)
  File "<frozen importlib._bootstrap_external>", line 991, in exec_module
  File "<frozen importlib._bootstrap_external>", line 1129, in get_code
  File "<frozen importlib._bootstrap_external>", line 1059, in source_to_code
  File "<frozen importlib._bootstrap>", line 488, in _call_with_frames_removed
  File "/opt/airflow/dags/flex_eau_pipeline.py", line 26
    ingestion = BashOperator(
    ^^^^^^^^^
IndentationError: expected an indented block after 'with' statement on line 11
[2026-07-18T17:59:17.246+0000] {processor.py:927} WARNING - No viable dags retrieved from /opt/airflow/dags/flex_eau_pipeline.py
[2026-07-18T17:59:17.273+0000] {processor.py:208} INFO - Processing /opt/airflow/dags/flex_eau_pipeline.py took 0.063 seconds
[2026-07-18T17:59:47.758+0000] {processor.py:186} INFO - Started process (PID=91699) to work on /opt/airflow/dags/flex_eau_pipeline.py
[2026-07-18T17:59:47.759+0000] {processor.py:914} INFO - Processing file /opt/airflow/dags/flex_eau_pipeline.py for tasks to queue
[2026-07-18T17:59:47.762+0000] {logging_mixin.py:190} INFO - [2026-07-18T17:59:47.761+0000] {dagbag.py:587} INFO - Filling up the DagBag from /opt/airflow/dags/flex_eau_pipeline.py
[2026-07-18T17:59:47.785+0000] {logging_mixin.py:190} INFO - [2026-07-18T17:59:47.784+0000] {dagbag.py:386} ERROR - Failed to import: /opt/airflow/dags/flex_eau_pipeline.py
Traceback (most recent call last):
  File "/home/airflow/.local/lib/python3.12/site-packages/airflow/models/dagbag.py", line 382, in parse
    loader.exec_module(new_module)
  File "<frozen importlib._bootstrap_external>", line 991, in exec_module
  File "<frozen importlib._bootstrap_external>", line 1129, in get_code
  File "<frozen importlib._bootstrap_external>", line 1059, in source_to_code
  File "<frozen importlib._bootstrap>", line 488, in _call_with_frames_removed
  File "/opt/airflow/dags/flex_eau_pipeline.py", line 26
    ingestion = BashOperator(
    ^^^^^^^^^
IndentationError: expected an indented block after 'with' statement on line 11
[2026-07-18T17:59:47.785+0000] {processor.py:927} WARNING - No viable dags retrieved from /opt/airflow/dags/flex_eau_pipeline.py
[2026-07-18T17:59:47.814+0000] {processor.py:208} INFO - Processing /opt/airflow/dags/flex_eau_pipeline.py took 0.062 seconds
[2026-07-18T18:00:18.178+0000] {processor.py:186} INFO - Started process (PID=91704) to work on /opt/airflow/dags/flex_eau_pipeline.py
[2026-07-18T18:00:18.179+0000] {processor.py:914} INFO - Processing file /opt/airflow/dags/flex_eau_pipeline.py for tasks to queue
[2026-07-18T18:00:18.182+0000] {logging_mixin.py:190} INFO - [2026-07-18T18:00:18.182+0000] {dagbag.py:587} INFO - Filling up the DagBag from /opt/airflow/dags/flex_eau_pipeline.py
[2026-07-18T18:00:18.204+0000] {logging_mixin.py:190} INFO - [2026-07-18T18:00:18.203+0000] {dagbag.py:386} ERROR - Failed to import: /opt/airflow/dags/flex_eau_pipeline.py
Traceback (most recent call last):
  File "/home/airflow/.local/lib/python3.12/site-packages/airflow/models/dagbag.py", line 382, in parse
    loader.exec_module(new_module)
  File "<frozen importlib._bootstrap_external>", line 991, in exec_module
  File "<frozen importlib._bootstrap_external>", line 1129, in get_code
  File "<frozen importlib._bootstrap_external>", line 1059, in source_to_code
  File "<frozen importlib._bootstrap>", line 488, in _call_with_frames_removed
  File "/opt/airflow/dags/flex_eau_pipeline.py", line 26
    ingestion = BashOperator(
    ^^^^^^^^^
IndentationError: expected an indented block after 'with' statement on line 11
[2026-07-18T18:00:18.205+0000] {processor.py:927} WARNING - No viable dags retrieved from /opt/airflow/dags/flex_eau_pipeline.py
[2026-07-18T18:00:18.237+0000] {processor.py:208} INFO - Processing /opt/airflow/dags/flex_eau_pipeline.py took 0.064 seconds
[2026-07-18T18:00:48.657+0000] {processor.py:186} INFO - Started process (PID=91709) to work on /opt/airflow/dags/flex_eau_pipeline.py
[2026-07-18T18:00:48.658+0000] {processor.py:914} INFO - Processing file /opt/airflow/dags/flex_eau_pipeline.py for tasks to queue
[2026-07-18T18:00:48.660+0000] {logging_mixin.py:190} INFO - [2026-07-18T18:00:48.660+0000] {dagbag.py:587} INFO - Filling up the DagBag from /opt/airflow/dags/flex_eau_pipeline.py
[2026-07-18T18:00:48.683+0000] {logging_mixin.py:190} INFO - [2026-07-18T18:00:48.682+0000] {dagbag.py:386} ERROR - Failed to import: /opt/airflow/dags/flex_eau_pipeline.py
Traceback (most recent call last):
  File "/home/airflow/.local/lib/python3.12/site-packages/airflow/models/dagbag.py", line 382, in parse
    loader.exec_module(new_module)
  File "<frozen importlib._bootstrap_external>", line 991, in exec_module
  File "<frozen importlib._bootstrap_external>", line 1129, in get_code
  File "<frozen importlib._bootstrap_external>", line 1059, in source_to_code
  File "<frozen importlib._bootstrap>", line 488, in _call_with_frames_removed
  File "/opt/airflow/dags/flex_eau_pipeline.py", line 26
    ingestion = BashOperator(
    ^^^^^^^^^
IndentationError: expected an indented block after 'with' statement on line 11
[2026-07-18T18:00:48.684+0000] {processor.py:927} WARNING - No viable dags retrieved from /opt/airflow/dags/flex_eau_pipeline.py
[2026-07-18T18:00:48.719+0000] {processor.py:208} INFO - Processing /opt/airflow/dags/flex_eau_pipeline.py took 0.068 seconds
[2026-07-18T18:01:19.082+0000] {processor.py:186} INFO - Started process (PID=91714) to work on /opt/airflow/dags/flex_eau_pipeline.py
[2026-07-18T18:01:19.083+0000] {processor.py:914} INFO - Processing file /opt/airflow/dags/flex_eau_pipeline.py for tasks to queue
[2026-07-18T18:01:19.086+0000] {logging_mixin.py:190} INFO - [2026-07-18T18:01:19.085+0000] {dagbag.py:587} INFO - Filling up the DagBag from /opt/airflow/dags/flex_eau_pipeline.py
[2026-07-18T18:01:19.110+0000] {logging_mixin.py:190} INFO - [2026-07-18T18:01:19.109+0000] {dagbag.py:386} ERROR - Failed to import: /opt/airflow/dags/flex_eau_pipeline.py
Traceback (most recent call last):
  File "/home/airflow/.local/lib/python3.12/site-packages/airflow/models/dagbag.py", line 382, in parse
    loader.exec_module(new_module)
  File "<frozen importlib._bootstrap_external>", line 991, in exec_module
  File "<frozen importlib._bootstrap_external>", line 1129, in get_code
  File "<frozen importlib._bootstrap_external>", line 1059, in source_to_code
  File "<frozen importlib._bootstrap>", line 488, in _call_with_frames_removed
  File "/opt/airflow/dags/flex_eau_pipeline.py", line 26
    ingestion = BashOperator(
    ^^^^^^^^^
IndentationError: expected an indented block after 'with' statement on line 11
[2026-07-18T18:01:19.111+0000] {processor.py:927} WARNING - No viable dags retrieved from /opt/airflow/dags/flex_eau_pipeline.py
[2026-07-18T18:01:19.140+0000] {processor.py:208} INFO - Processing /opt/airflow/dags/flex_eau_pipeline.py took 0.063 seconds
[2026-07-18T18:01:49.461+0000] {processor.py:186} INFO - Started process (PID=91719) to work on /opt/airflow/dags/flex_eau_pipeline.py
[2026-07-18T18:01:49.462+0000] {processor.py:914} INFO - Processing file /opt/airflow/dags/flex_eau_pipeline.py for tasks to queue
[2026-07-18T18:01:49.464+0000] {logging_mixin.py:190} INFO - [2026-07-18T18:01:49.464+0000] {dagbag.py:587} INFO - Filling up the DagBag from /opt/airflow/dags/flex_eau_pipeline.py
[2026-07-18T18:01:49.488+0000] {logging_mixin.py:190} INFO - [2026-07-18T18:01:49.484+0000] {dagbag.py:386} ERROR - Failed to import: /opt/airflow/dags/flex_eau_pipeline.py
Traceback (most recent call last):
  File "/home/airflow/.local/lib/python3.12/site-packages/airflow/models/dagbag.py", line 382, in parse
    loader.exec_module(new_module)
  File "<frozen importlib._bootstrap_external>", line 991, in exec_module
  File "<frozen importlib._bootstrap_external>", line 1129, in get_code
  File "<frozen importlib._bootstrap_external>", line 1059, in source_to_code
  File "<frozen importlib._bootstrap>", line 488, in _call_with_frames_removed
  File "/opt/airflow/dags/flex_eau_pipeline.py", line 26
    ingestion = BashOperator(
    ^^^^^^^^^
IndentationError: expected an indented block after 'with' statement on line 11
[2026-07-18T18:01:49.489+0000] {processor.py:927} WARNING - No viable dags retrieved from /opt/airflow/dags/flex_eau_pipeline.py
[2026-07-18T18:01:49.518+0000] {processor.py:208} INFO - Processing /opt/airflow/dags/flex_eau_pipeline.py took 0.063 seconds
[2026-07-18T18:02:19.924+0000] {processor.py:186} INFO - Started process (PID=91724) to work on /opt/airflow/dags/flex_eau_pipeline.py
[2026-07-18T18:02:19.925+0000] {processor.py:914} INFO - Processing file /opt/airflow/dags/flex_eau_pipeline.py for tasks to queue
[2026-07-18T18:02:19.928+0000] {logging_mixin.py:190} INFO - [2026-07-18T18:02:19.928+0000] {dagbag.py:587} INFO - Filling up the DagBag from /opt/airflow/dags/flex_eau_pipeline.py
[2026-07-18T18:02:19.950+0000] {logging_mixin.py:190} INFO - [2026-07-18T18:02:19.949+0000] {dagbag.py:386} ERROR - Failed to import: /opt/airflow/dags/flex_eau_pipeline.py
Traceback (most recent call last):
  File "/home/airflow/.local/lib/python3.12/site-packages/airflow/models/dagbag.py", line 382, in parse
    loader.exec_module(new_module)
  File "<frozen importlib._bootstrap_external>", line 991, in exec_module
  File "<frozen importlib._bootstrap_external>", line 1129, in get_code
  File "<frozen importlib._bootstrap_external>", line 1059, in source_to_code
  File "<frozen importlib._bootstrap>", line 488, in _call_with_frames_removed
  File "/opt/airflow/dags/flex_eau_pipeline.py", line 26
    ingestion = BashOperator(
    ^^^^^^^^^
IndentationError: expected an indented block after 'with' statement on line 11
[2026-07-18T18:02:19.951+0000] {processor.py:927} WARNING - No viable dags retrieved from /opt/airflow/dags/flex_eau_pipeline.py
[2026-07-18T18:02:19.981+0000] {processor.py:208} INFO - Processing /opt/airflow/dags/flex_eau_pipeline.py took 0.062 seconds
[2026-07-18T18:02:50.366+0000] {processor.py:186} INFO - Started process (PID=91729) to work on /opt/airflow/dags/flex_eau_pipeline.py
[2026-07-18T18:02:50.367+0000] {processor.py:914} INFO - Processing file /opt/airflow/dags/flex_eau_pipeline.py for tasks to queue
[2026-07-18T18:02:50.370+0000] {logging_mixin.py:190} INFO - [2026-07-18T18:02:50.370+0000] {dagbag.py:587} INFO - Filling up the DagBag from /opt/airflow/dags/flex_eau_pipeline.py
[2026-07-18T18:02:50.391+0000] {logging_mixin.py:190} INFO - [2026-07-18T18:02:50.390+0000] {dagbag.py:386} ERROR - Failed to import: /opt/airflow/dags/flex_eau_pipeline.py
Traceback (most recent call last):
  File "/home/airflow/.local/lib/python3.12/site-packages/airflow/models/dagbag.py", line 382, in parse
    loader.exec_module(new_module)
  File "<frozen importlib._bootstrap_external>", line 991, in exec_module
  File "<frozen importlib._bootstrap_external>", line 1129, in get_code
  File "<frozen importlib._bootstrap_external>", line 1059, in source_to_code
  File "<frozen importlib._bootstrap>", line 488, in _call_with_frames_removed
  File "/opt/airflow/dags/flex_eau_pipeline.py", line 26
    ingestion = BashOperator(
    ^^^^^^^^^
IndentationError: expected an indented block after 'with' statement on line 11
[2026-07-18T18:02:50.392+0000] {processor.py:927} WARNING - No viable dags retrieved from /opt/airflow/dags/flex_eau_pipeline.py
[2026-07-18T18:02:50.427+0000] {processor.py:208} INFO - Processing /opt/airflow/dags/flex_eau_pipeline.py took 0.067 seconds
[2026-07-18T18:03:20.813+0000] {processor.py:186} INFO - Started process (PID=91734) to work on /opt/airflow/dags/flex_eau_pipeline.py
[2026-07-18T18:03:20.814+0000] {processor.py:914} INFO - Processing file /opt/airflow/dags/flex_eau_pipeline.py for tasks to queue
[2026-07-18T18:03:20.819+0000] {logging_mixin.py:190} INFO - [2026-07-18T18:03:20.818+0000] {dagbag.py:587} INFO - Filling up the DagBag from /opt/airflow/dags/flex_eau_pipeline.py
[2026-07-18T18:03:20.844+0000] {logging_mixin.py:190} INFO - [2026-07-18T18:03:20.843+0000] {dagbag.py:386} ERROR - Failed to import: /opt/airflow/dags/flex_eau_pipeline.py
Traceback (most recent call last):
  File "/home/airflow/.local/lib/python3.12/site-packages/airflow/models/dagbag.py", line 382, in parse
    loader.exec_module(new_module)
  File "<frozen importlib._bootstrap_external>", line 991, in exec_module
  File "<frozen importlib._bootstrap_external>", line 1129, in get_code
  File "<frozen importlib._bootstrap_external>", line 1059, in source_to_code
  File "<frozen importlib._bootstrap>", line 488, in _call_with_frames_removed
  File "/opt/airflow/dags/flex_eau_pipeline.py", line 26
    ingestion = BashOperator(
    ^^^^^^^^^
IndentationError: expected an indented block after 'with' statement on line 11
[2026-07-18T18:03:20.845+0000] {processor.py:927} WARNING - No viable dags retrieved from /opt/airflow/dags/flex_eau_pipeline.py
[2026-07-18T18:03:20.871+0000] {processor.py:208} INFO - Processing /opt/airflow/dags/flex_eau_pipeline.py took 0.066 seconds
[2026-07-18T18:03:51.259+0000] {processor.py:186} INFO - Started process (PID=91739) to work on /opt/airflow/dags/flex_eau_pipeline.py
[2026-07-18T18:03:51.261+0000] {processor.py:914} INFO - Processing file /opt/airflow/dags/flex_eau_pipeline.py for tasks to queue
[2026-07-18T18:03:51.265+0000] {logging_mixin.py:190} INFO - [2026-07-18T18:03:51.264+0000] {dagbag.py:587} INFO - Filling up the DagBag from /opt/airflow/dags/flex_eau_pipeline.py
[2026-07-18T18:03:51.288+0000] {logging_mixin.py:190} INFO - [2026-07-18T18:03:51.287+0000] {dagbag.py:386} ERROR - Failed to import: /opt/airflow/dags/flex_eau_pipeline.py
Traceback (most recent call last):
  File "/home/airflow/.local/lib/python3.12/site-packages/airflow/models/dagbag.py", line 382, in parse
    loader.exec_module(new_module)
  File "<frozen importlib._bootstrap_external>", line 991, in exec_module
  File "<frozen importlib._bootstrap_external>", line 1129, in get_code
  File "<frozen importlib._bootstrap_external>", line 1059, in source_to_code
  File "<frozen importlib._bootstrap>", line 488, in _call_with_frames_removed
  File "/opt/airflow/dags/flex_eau_pipeline.py", line 26
    ingestion = BashOperator(
    ^^^^^^^^^
IndentationError: expected an indented block after 'with' statement on line 11
[2026-07-18T18:03:51.289+0000] {processor.py:927} WARNING - No viable dags retrieved from /opt/airflow/dags/flex_eau_pipeline.py
[2026-07-18T18:03:51.318+0000] {processor.py:208} INFO - Processing /opt/airflow/dags/flex_eau_pipeline.py took 0.068 seconds
[2026-07-18T18:04:21.790+0000] {processor.py:186} INFO - Started process (PID=91744) to work on /opt/airflow/dags/flex_eau_pipeline.py
[2026-07-18T18:04:21.792+0000] {processor.py:914} INFO - Processing file /opt/airflow/dags/flex_eau_pipeline.py for tasks to queue
[2026-07-18T18:04:21.795+0000] {logging_mixin.py:190} INFO - [2026-07-18T18:04:21.795+0000] {dagbag.py:587} INFO - Filling up the DagBag from /opt/airflow/dags/flex_eau_pipeline.py
[2026-07-18T18:04:21.820+0000] {logging_mixin.py:190} INFO - [2026-07-18T18:04:21.819+0000] {dagbag.py:386} ERROR - Failed to import: /opt/airflow/dags/flex_eau_pipeline.py
Traceback (most recent call last):
  File "/home/airflow/.local/lib/python3.12/site-packages/airflow/models/dagbag.py", line 382, in parse
    loader.exec_module(new_module)
  File "<frozen importlib._bootstrap_external>", line 991, in exec_module
  File "<frozen importlib._bootstrap_external>", line 1129, in get_code
  File "<frozen importlib._bootstrap_external>", line 1059, in source_to_code
  File "<frozen importlib._bootstrap>", line 488, in _call_with_frames_removed
  File "/opt/airflow/dags/flex_eau_pipeline.py", line 26
    ingestion = BashOperator(
    ^^^^^^^^^
IndentationError: expected an indented block after 'with' statement on line 11
[2026-07-18T18:04:21.821+0000] {processor.py:927} WARNING - No viable dags retrieved from /opt/airflow/dags/flex_eau_pipeline.py
[2026-07-18T18:04:21.850+0000] {processor.py:208} INFO - Processing /opt/airflow/dags/flex_eau_pipeline.py took 0.067 seconds
[2026-07-18T18:04:52.311+0000] {processor.py:186} INFO - Started process (PID=91749) to work on /opt/airflow/dags/flex_eau_pipeline.py
[2026-07-18T18:04:52.314+0000] {processor.py:914} INFO - Processing file /opt/airflow/dags/flex_eau_pipeline.py for tasks to queue
[2026-07-18T18:04:52.317+0000] {logging_mixin.py:190} INFO - [2026-07-18T18:04:52.317+0000] {dagbag.py:587} INFO - Filling up the DagBag from /opt/airflow/dags/flex_eau_pipeline.py
[2026-07-18T18:04:52.340+0000] {logging_mixin.py:190} INFO - [2026-07-18T18:04:52.339+0000] {dagbag.py:386} ERROR - Failed to import: /opt/airflow/dags/flex_eau_pipeline.py
Traceback (most recent call last):
  File "/home/airflow/.local/lib/python3.12/site-packages/airflow/models/dagbag.py", line 382, in parse
    loader.exec_module(new_module)
  File "<frozen importlib._bootstrap_external>", line 991, in exec_module
  File "<frozen importlib._bootstrap_external>", line 1129, in get_code
  File "<frozen importlib._bootstrap_external>", line 1059, in source_to_code
  File "<frozen importlib._bootstrap>", line 488, in _call_with_frames_removed
  File "/opt/airflow/dags/flex_eau_pipeline.py", line 26
    ingestion = BashOperator(
    ^^^^^^^^^
IndentationError: expected an indented block after 'with' statement on line 11
[2026-07-18T18:04:52.341+0000] {processor.py:927} WARNING - No viable dags retrieved from /opt/airflow/dags/flex_eau_pipeline.py
[2026-07-18T18:04:52.372+0000] {processor.py:208} INFO - Processing /opt/airflow/dags/flex_eau_pipeline.py took 0.067 seconds
[2026-07-18T18:05:22.733+0000] {processor.py:186} INFO - Started process (PID=91754) to work on /opt/airflow/dags/flex_eau_pipeline.py
[2026-07-18T18:05:22.735+0000] {processor.py:914} INFO - Processing file /opt/airflow/dags/flex_eau_pipeline.py for tasks to queue
[2026-07-18T18:05:22.738+0000] {logging_mixin.py:190} INFO - [2026-07-18T18:05:22.737+0000] {dagbag.py:587} INFO - Filling up the DagBag from /opt/airflow/dags/flex_eau_pipeline.py
[2026-07-18T18:05:22.760+0000] {logging_mixin.py:190} INFO - [2026-07-18T18:05:22.759+0000] {dagbag.py:386} ERROR - Failed to import: /opt/airflow/dags/flex_eau_pipeline.py
Traceback (most recent call last):
  File "/home/airflow/.local/lib/python3.12/site-packages/airflow/models/dagbag.py", line 382, in parse
    loader.exec_module(new_module)
  File "<frozen importlib._bootstrap_external>", line 991, in exec_module
  File "<frozen importlib._bootstrap_external>", line 1129, in get_code
  File "<frozen importlib._bootstrap_external>", line 1059, in source_to_code
  File "<frozen importlib._bootstrap>", line 488, in _call_with_frames_removed
  File "/opt/airflow/dags/flex_eau_pipeline.py", line 26
    ingestion = BashOperator(
    ^^^^^^^^^
IndentationError: expected an indented block after 'with' statement on line 11
[2026-07-18T18:05:22.761+0000] {processor.py:927} WARNING - No viable dags retrieved from /opt/airflow/dags/flex_eau_pipeline.py
[2026-07-18T18:05:22.789+0000] {processor.py:208} INFO - Processing /opt/airflow/dags/flex_eau_pipeline.py took 0.062 seconds
[2026-07-18T18:05:53.237+0000] {processor.py:186} INFO - Started process (PID=91759) to work on /opt/airflow/dags/flex_eau_pipeline.py
[2026-07-18T18:05:53.239+0000] {processor.py:914} INFO - Processing file /opt/airflow/dags/flex_eau_pipeline.py for tasks to queue
[2026-07-18T18:05:53.242+0000] {logging_mixin.py:190} INFO - [2026-07-18T18:05:53.241+0000] {dagbag.py:587} INFO - Filling up the DagBag from /opt/airflow/dags/flex_eau_pipeline.py
[2026-07-18T18:05:53.268+0000] {logging_mixin.py:190} INFO - [2026-07-18T18:05:53.267+0000] {dagbag.py:386} ERROR - Failed to import: /opt/airflow/dags/flex_eau_pipeline.py
Traceback (most recent call last):
  File "/home/airflow/.local/lib/python3.12/site-packages/airflow/models/dagbag.py", line 382, in parse
    loader.exec_module(new_module)
  File "<frozen importlib._bootstrap_external>", line 991, in exec_module
  File "<frozen importlib._bootstrap_external>", line 1129, in get_code
  File "<frozen importlib._bootstrap_external>", line 1059, in source_to_code
  File "<frozen importlib._bootstrap>", line 488, in _call_with_frames_removed
  File "/opt/airflow/dags/flex_eau_pipeline.py", line 26
    ingestion = BashOperator(
    ^^^^^^^^^
IndentationError: expected an indented block after 'with' statement on line 11
[2026-07-18T18:05:53.269+0000] {processor.py:927} WARNING - No viable dags retrieved from /opt/airflow/dags/flex_eau_pipeline.py
[2026-07-18T18:05:53.299+0000] {processor.py:208} INFO - Processing /opt/airflow/dags/flex_eau_pipeline.py took 0.070 seconds
[2026-07-18T18:06:23.624+0000] {processor.py:186} INFO - Started process (PID=91764) to work on /opt/airflow/dags/flex_eau_pipeline.py
[2026-07-18T18:06:23.626+0000] {processor.py:914} INFO - Processing file /opt/airflow/dags/flex_eau_pipeline.py for tasks to queue
[2026-07-18T18:06:23.629+0000] {logging_mixin.py:190} INFO - [2026-07-18T18:06:23.628+0000] {dagbag.py:587} INFO - Filling up the DagBag from /opt/airflow/dags/flex_eau_pipeline.py
[2026-07-18T18:06:23.651+0000] {logging_mixin.py:190} INFO - [2026-07-18T18:06:23.650+0000] {dagbag.py:386} ERROR - Failed to import: /opt/airflow/dags/flex_eau_pipeline.py
Traceback (most recent call last):
  File "/home/airflow/.local/lib/python3.12/site-packages/airflow/models/dagbag.py", line 382, in parse
    loader.exec_module(new_module)
  File "<frozen importlib._bootstrap_external>", line 991, in exec_module
  File "<frozen importlib._bootstrap_external>", line 1129, in get_code
  File "<frozen importlib._bootstrap_external>", line 1059, in source_to_code
  File "<frozen importlib._bootstrap>", line 488, in _call_with_frames_removed
  File "/opt/airflow/dags/flex_eau_pipeline.py", line 26
    ingestion = BashOperator(
    ^^^^^^^^^
IndentationError: expected an indented block after 'with' statement on line 11
[2026-07-18T18:06:23.652+0000] {processor.py:927} WARNING - No viable dags retrieved from /opt/airflow/dags/flex_eau_pipeline.py
[2026-07-18T18:06:23.680+0000] {processor.py:208} INFO - Processing /opt/airflow/dags/flex_eau_pipeline.py took 0.062 seconds
[2026-07-18T18:06:53.983+0000] {processor.py:186} INFO - Started process (PID=91769) to work on /opt/airflow/dags/flex_eau_pipeline.py
[2026-07-18T18:06:53.984+0000] {processor.py:914} INFO - Processing file /opt/airflow/dags/flex_eau_pipeline.py for tasks to queue
[2026-07-18T18:06:53.987+0000] {logging_mixin.py:190} INFO - [2026-07-18T18:06:53.987+0000] {dagbag.py:587} INFO - Filling up the DagBag from /opt/airflow/dags/flex_eau_pipeline.py
[2026-07-18T18:06:54.011+0000] {logging_mixin.py:190} INFO - [2026-07-18T18:06:54.010+0000] {dagbag.py:386} ERROR - Failed to import: /opt/airflow/dags/flex_eau_pipeline.py
Traceback (most recent call last):
  File "/home/airflow/.local/lib/python3.12/site-packages/airflow/models/dagbag.py", line 382, in parse
    loader.exec_module(new_module)
  File "<frozen importlib._bootstrap_external>", line 991, in exec_module
  File "<frozen importlib._bootstrap_external>", line 1129, in get_code
  File "<frozen importlib._bootstrap_external>", line 1059, in source_to_code
  File "<frozen importlib._bootstrap>", line 488, in _call_with_frames_removed
  File "/opt/airflow/dags/flex_eau_pipeline.py", line 26
    ingestion = BashOperator(
    ^^^^^^^^^
IndentationError: expected an indented block after 'with' statement on line 11
[2026-07-18T18:06:54.012+0000] {processor.py:927} WARNING - No viable dags retrieved from /opt/airflow/dags/flex_eau_pipeline.py
[2026-07-18T18:06:54.040+0000] {processor.py:208} INFO - Processing /opt/airflow/dags/flex_eau_pipeline.py took 0.065 seconds
[2026-07-18T18:07:24.462+0000] {processor.py:186} INFO - Started process (PID=91774) to work on /opt/airflow/dags/flex_eau_pipeline.py
[2026-07-18T18:07:24.463+0000] {processor.py:914} INFO - Processing file /opt/airflow/dags/flex_eau_pipeline.py for tasks to queue
[2026-07-18T18:07:24.467+0000] {logging_mixin.py:190} INFO - [2026-07-18T18:07:24.467+0000] {dagbag.py:587} INFO - Filling up the DagBag from /opt/airflow/dags/flex_eau_pipeline.py
[2026-07-18T18:07:24.487+0000] {logging_mixin.py:190} INFO - [2026-07-18T18:07:24.486+0000] {dagbag.py:386} ERROR - Failed to import: /opt/airflow/dags/flex_eau_pipeline.py
Traceback (most recent call last):
  File "/home/airflow/.local/lib/python3.12/site-packages/airflow/models/dagbag.py", line 382, in parse
    loader.exec_module(new_module)
  File "<frozen importlib._bootstrap_external>", line 991, in exec_module
  File "<frozen importlib._bootstrap_external>", line 1129, in get_code
  File "<frozen importlib._bootstrap_external>", line 1059, in source_to_code
  File "<frozen importlib._bootstrap>", line 488, in _call_with_frames_removed
  File "/opt/airflow/dags/flex_eau_pipeline.py", line 26
    ingestion = BashOperator(
    ^^^^^^^^^
IndentationError: expected an indented block after 'with' statement on line 11
[2026-07-18T18:07:24.488+0000] {processor.py:927} WARNING - No viable dags retrieved from /opt/airflow/dags/flex_eau_pipeline.py
[2026-07-18T18:07:24.519+0000] {processor.py:208} INFO - Processing /opt/airflow/dags/flex_eau_pipeline.py took 0.065 seconds
[2026-07-18T18:07:54.829+0000] {processor.py:186} INFO - Started process (PID=91779) to work on /opt/airflow/dags/flex_eau_pipeline.py
[2026-07-18T18:07:54.830+0000] {processor.py:914} INFO - Processing file /opt/airflow/dags/flex_eau_pipeline.py for tasks to queue
[2026-07-18T18:07:54.833+0000] {logging_mixin.py:190} INFO - [2026-07-18T18:07:54.833+0000] {dagbag.py:587} INFO - Filling up the DagBag from /opt/airflow/dags/flex_eau_pipeline.py
[2026-07-18T18:07:54.856+0000] {logging_mixin.py:190} INFO - [2026-07-18T18:07:54.855+0000] {dagbag.py:386} ERROR - Failed to import: /opt/airflow/dags/flex_eau_pipeline.py
Traceback (most recent call last):
  File "/home/airflow/.local/lib/python3.12/site-packages/airflow/models/dagbag.py", line 382, in parse
    loader.exec_module(new_module)
  File "<frozen importlib._bootstrap_external>", line 991, in exec_module
  File "<frozen importlib._bootstrap_external>", line 1129, in get_code
  File "<frozen importlib._bootstrap_external>", line 1059, in source_to_code
  File "<frozen importlib._bootstrap>", line 488, in _call_with_frames_removed
  File "/opt/airflow/dags/flex_eau_pipeline.py", line 26
    ingestion = BashOperator(
    ^^^^^^^^^
IndentationError: expected an indented block after 'with' statement on line 11
[2026-07-18T18:07:54.857+0000] {processor.py:927} WARNING - No viable dags retrieved from /opt/airflow/dags/flex_eau_pipeline.py
[2026-07-18T18:07:54.888+0000] {processor.py:208} INFO - Processing /opt/airflow/dags/flex_eau_pipeline.py took 0.065 seconds
[2026-07-18T18:08:25.291+0000] {processor.py:186} INFO - Started process (PID=91784) to work on /opt/airflow/dags/flex_eau_pipeline.py
[2026-07-18T18:08:25.293+0000] {processor.py:914} INFO - Processing file /opt/airflow/dags/flex_eau_pipeline.py for tasks to queue
[2026-07-18T18:08:25.296+0000] {logging_mixin.py:190} INFO - [2026-07-18T18:08:25.295+0000] {dagbag.py:587} INFO - Filling up the DagBag from /opt/airflow/dags/flex_eau_pipeline.py
[2026-07-18T18:08:25.321+0000] {logging_mixin.py:190} INFO - [2026-07-18T18:08:25.319+0000] {dagbag.py:386} ERROR - Failed to import: /opt/airflow/dags/flex_eau_pipeline.py
Traceback (most recent call last):
  File "/home/airflow/.local/lib/python3.12/site-packages/airflow/models/dagbag.py", line 382, in parse
    loader.exec_module(new_module)
  File "<frozen importlib._bootstrap_external>", line 991, in exec_module
  File "<frozen importlib._bootstrap_external>", line 1129, in get_code
  File "<frozen importlib._bootstrap_external>", line 1059, in source_to_code
  File "<frozen importlib._bootstrap>", line 488, in _call_with_frames_removed
  File "/opt/airflow/dags/flex_eau_pipeline.py", line 26
    ingestion = BashOperator(
    ^^^^^^^^^
IndentationError: expected an indented block after 'with' statement on line 11
[2026-07-18T18:08:25.321+0000] {processor.py:927} WARNING - No viable dags retrieved from /opt/airflow/dags/flex_eau_pipeline.py
[2026-07-18T18:08:25.349+0000] {processor.py:208} INFO - Processing /opt/airflow/dags/flex_eau_pipeline.py took 0.064 seconds
[2026-07-18T18:08:55.750+0000] {processor.py:186} INFO - Started process (PID=91789) to work on /opt/airflow/dags/flex_eau_pipeline.py
[2026-07-18T18:08:55.752+0000] {processor.py:914} INFO - Processing file /opt/airflow/dags/flex_eau_pipeline.py for tasks to queue
[2026-07-18T18:08:55.755+0000] {logging_mixin.py:190} INFO - [2026-07-18T18:08:55.754+0000] {dagbag.py:587} INFO - Filling up the DagBag from /opt/airflow/dags/flex_eau_pipeline.py
[2026-07-18T18:08:55.776+0000] {logging_mixin.py:190} INFO - [2026-07-18T18:08:55.774+0000] {dagbag.py:386} ERROR - Failed to import: /opt/airflow/dags/flex_eau_pipeline.py
Traceback (most recent call last):
  File "/home/airflow/.local/lib/python3.12/site-packages/airflow/models/dagbag.py", line 382, in parse
    loader.exec_module(new_module)
  File "<frozen importlib._bootstrap_external>", line 991, in exec_module
  File "<frozen importlib._bootstrap_external>", line 1129, in get_code
  File "<frozen importlib._bootstrap_external>", line 1059, in source_to_code
  File "<frozen importlib._bootstrap>", line 488, in _call_with_frames_removed
  File "/opt/airflow/dags/flex_eau_pipeline.py", line 26
    ingestion = BashOperator(
    ^^^^^^^^^
IndentationError: expected an indented block after 'with' statement on line 11
[2026-07-18T18:08:55.776+0000] {processor.py:927} WARNING - No viable dags retrieved from /opt/airflow/dags/flex_eau_pipeline.py
[2026-07-18T18:08:55.805+0000] {processor.py:208} INFO - Processing /opt/airflow/dags/flex_eau_pipeline.py took 0.060 seconds
[2026-07-18T18:09:26.119+0000] {processor.py:186} INFO - Started process (PID=91794) to work on /opt/airflow/dags/flex_eau_pipeline.py
[2026-07-18T18:09:26.120+0000] {processor.py:914} INFO - Processing file /opt/airflow/dags/flex_eau_pipeline.py for tasks to queue
[2026-07-18T18:09:26.123+0000] {logging_mixin.py:190} INFO - [2026-07-18T18:09:26.123+0000] {dagbag.py:587} INFO - Filling up the DagBag from /opt/airflow/dags/flex_eau_pipeline.py
[2026-07-18T18:09:26.148+0000] {logging_mixin.py:190} INFO - [2026-07-18T18:09:26.147+0000] {dagbag.py:386} ERROR - Failed to import: /opt/airflow/dags/flex_eau_pipeline.py
Traceback (most recent call last):
  File "/home/airflow/.local/lib/python3.12/site-packages/airflow/models/dagbag.py", line 382, in parse
    loader.exec_module(new_module)
  File "<frozen importlib._bootstrap_external>", line 991, in exec_module
  File "<frozen importlib._bootstrap_external>", line 1129, in get_code
  File "<frozen importlib._bootstrap_external>", line 1059, in source_to_code
  File "<frozen importlib._bootstrap>", line 488, in _call_with_frames_removed
  File "/opt/airflow/dags/flex_eau_pipeline.py", line 26
    ingestion = BashOperator(
    ^^^^^^^^^
IndentationError: expected an indented block after 'with' statement on line 11
[2026-07-18T18:09:26.149+0000] {processor.py:927} WARNING - No viable dags retrieved from /opt/airflow/dags/flex_eau_pipeline.py
[2026-07-18T18:09:26.175+0000] {processor.py:208} INFO - Processing /opt/airflow/dags/flex_eau_pipeline.py took 0.063 seconds
[2026-07-18T18:09:56.484+0000] {processor.py:186} INFO - Started process (PID=91799) to work on /opt/airflow/dags/flex_eau_pipeline.py
[2026-07-18T18:09:56.486+0000] {processor.py:914} INFO - Processing file /opt/airflow/dags/flex_eau_pipeline.py for tasks to queue
[2026-07-18T18:09:56.488+0000] {logging_mixin.py:190} INFO - [2026-07-18T18:09:56.488+0000] {dagbag.py:587} INFO - Filling up the DagBag from /opt/airflow/dags/flex_eau_pipeline.py
[2026-07-18T18:09:56.506+0000] {logging_mixin.py:190} INFO - [2026-07-18T18:09:56.505+0000] {dagbag.py:386} ERROR - Failed to import: /opt/airflow/dags/flex_eau_pipeline.py
Traceback (most recent call last):
  File "/home/airflow/.local/lib/python3.12/site-packages/airflow/models/dagbag.py", line 382, in parse
    loader.exec_module(new_module)
  File "<frozen importlib._bootstrap_external>", line 991, in exec_module
  File "<frozen importlib._bootstrap_external>", line 1129, in get_code
  File "<frozen importlib._bootstrap_external>", line 1059, in source_to_code
  File "<frozen importlib._bootstrap>", line 488, in _call_with_frames_removed
  File "/opt/airflow/dags/flex_eau_pipeline.py", line 26
    ingestion = BashOperator(
    ^^^^^^^^^
IndentationError: expected an indented block after 'with' statement on line 11
[2026-07-18T18:09:56.507+0000] {processor.py:927} WARNING - No viable dags retrieved from /opt/airflow/dags/flex_eau_pipeline.py
[2026-07-18T18:09:56.536+0000] {processor.py:208} INFO - Processing /opt/airflow/dags/flex_eau_pipeline.py took 0.058 seconds
[2026-07-18T18:10:26.776+0000] {processor.py:186} INFO - Started process (PID=91804) to work on /opt/airflow/dags/flex_eau_pipeline.py
[2026-07-18T18:10:26.778+0000] {processor.py:914} INFO - Processing file /opt/airflow/dags/flex_eau_pipeline.py for tasks to queue
[2026-07-18T18:10:26.782+0000] {logging_mixin.py:190} INFO - [2026-07-18T18:10:26.781+0000] {dagbag.py:587} INFO - Filling up the DagBag from /opt/airflow/dags/flex_eau_pipeline.py
[2026-07-18T18:10:26.804+0000] {logging_mixin.py:190} INFO - [2026-07-18T18:10:26.803+0000] {dagbag.py:386} ERROR - Failed to import: /opt/airflow/dags/flex_eau_pipeline.py
Traceback (most recent call last):
  File "/home/airflow/.local/lib/python3.12/site-packages/airflow/models/dagbag.py", line 382, in parse
    loader.exec_module(new_module)
  File "<frozen importlib._bootstrap_external>", line 991, in exec_module
  File "<frozen importlib._bootstrap_external>", line 1129, in get_code
  File "<frozen importlib._bootstrap_external>", line 1059, in source_to_code
  File "<frozen importlib._bootstrap>", line 488, in _call_with_frames_removed
  File "/opt/airflow/dags/flex_eau_pipeline.py", line 26
    ingestion = BashOperator(
    ^^^^^^^^^
IndentationError: expected an indented block after 'with' statement on line 11
[2026-07-18T18:10:26.805+0000] {processor.py:927} WARNING - No viable dags retrieved from /opt/airflow/dags/flex_eau_pipeline.py
[2026-07-18T18:10:26.832+0000] {processor.py:208} INFO - Processing /opt/airflow/dags/flex_eau_pipeline.py took 0.065 seconds
[2026-07-18T18:10:57.271+0000] {processor.py:186} INFO - Started process (PID=91809) to work on /opt/airflow/dags/flex_eau_pipeline.py
[2026-07-18T18:10:57.272+0000] {processor.py:914} INFO - Processing file /opt/airflow/dags/flex_eau_pipeline.py for tasks to queue
[2026-07-18T18:10:57.275+0000] {logging_mixin.py:190} INFO - [2026-07-18T18:10:57.275+0000] {dagbag.py:587} INFO - Filling up the DagBag from /opt/airflow/dags/flex_eau_pipeline.py
[2026-07-18T18:10:57.297+0000] {logging_mixin.py:190} INFO - [2026-07-18T18:10:57.295+0000] {dagbag.py:386} ERROR - Failed to import: /opt/airflow/dags/flex_eau_pipeline.py
Traceback (most recent call last):
  File "/home/airflow/.local/lib/python3.12/site-packages/airflow/models/dagbag.py", line 382, in parse
    loader.exec_module(new_module)
  File "<frozen importlib._bootstrap_external>", line 991, in exec_module
  File "<frozen importlib._bootstrap_external>", line 1129, in get_code
  File "<frozen importlib._bootstrap_external>", line 1059, in source_to_code
  File "<frozen importlib._bootstrap>", line 488, in _call_with_frames_removed
  File "/opt/airflow/dags/flex_eau_pipeline.py", line 26
    ingestion = BashOperator(
    ^^^^^^^^^
IndentationError: expected an indented block after 'with' statement on line 11
[2026-07-18T18:10:57.297+0000] {processor.py:927} WARNING - No viable dags retrieved from /opt/airflow/dags/flex_eau_pipeline.py
[2026-07-18T18:10:57.324+0000] {processor.py:208} INFO - Processing /opt/airflow/dags/flex_eau_pipeline.py took 0.059 seconds
[2026-07-18T18:11:27.704+0000] {processor.py:186} INFO - Started process (PID=91814) to work on /opt/airflow/dags/flex_eau_pipeline.py
[2026-07-18T18:11:27.706+0000] {processor.py:914} INFO - Processing file /opt/airflow/dags/flex_eau_pipeline.py for tasks to queue
[2026-07-18T18:11:27.709+0000] {logging_mixin.py:190} INFO - [2026-07-18T18:11:27.708+0000] {dagbag.py:587} INFO - Filling up the DagBag from /opt/airflow/dags/flex_eau_pipeline.py
[2026-07-18T18:11:27.731+0000] {logging_mixin.py:190} INFO - [2026-07-18T18:11:27.729+0000] {dagbag.py:386} ERROR - Failed to import: /opt/airflow/dags/flex_eau_pipeline.py
Traceback (most recent call last):
  File "/home/airflow/.local/lib/python3.12/site-packages/airflow/models/dagbag.py", line 382, in parse
    loader.exec_module(new_module)
  File "<frozen importlib._bootstrap_external>", line 991, in exec_module
  File "<frozen importlib._bootstrap_external>", line 1129, in get_code
  File "<frozen importlib._bootstrap_external>", line 1059, in source_to_code
  File "<frozen importlib._bootstrap>", line 488, in _call_with_frames_removed
  File "/opt/airflow/dags/flex_eau_pipeline.py", line 26
    ingestion = BashOperator(
    ^^^^^^^^^
IndentationError: expected an indented block after 'with' statement on line 11
[2026-07-18T18:11:27.731+0000] {processor.py:927} WARNING - No viable dags retrieved from /opt/airflow/dags/flex_eau_pipeline.py
[2026-07-18T18:11:27.766+0000] {processor.py:208} INFO - Processing /opt/airflow/dags/flex_eau_pipeline.py took 0.067 seconds
[2026-07-18T18:11:58.211+0000] {processor.py:186} INFO - Started process (PID=91819) to work on /opt/airflow/dags/flex_eau_pipeline.py
[2026-07-18T18:11:58.213+0000] {processor.py:914} INFO - Processing file /opt/airflow/dags/flex_eau_pipeline.py for tasks to queue
[2026-07-18T18:11:58.215+0000] {logging_mixin.py:190} INFO - [2026-07-18T18:11:58.215+0000] {dagbag.py:587} INFO - Filling up the DagBag from /opt/airflow/dags/flex_eau_pipeline.py
[2026-07-18T18:11:58.238+0000] {logging_mixin.py:190} INFO - [2026-07-18T18:11:58.237+0000] {dagbag.py:386} ERROR - Failed to import: /opt/airflow/dags/flex_eau_pipeline.py
Traceback (most recent call last):
  File "/home/airflow/.local/lib/python3.12/site-packages/airflow/models/dagbag.py", line 382, in parse
    loader.exec_module(new_module)
  File "<frozen importlib._bootstrap_external>", line 991, in exec_module
  File "<frozen importlib._bootstrap_external>", line 1129, in get_code
  File "<frozen importlib._bootstrap_external>", line 1059, in source_to_code
  File "<frozen importlib._bootstrap>", line 488, in _call_with_frames_removed
  File "/opt/airflow/dags/flex_eau_pipeline.py", line 26
    ingestion = BashOperator(
    ^^^^^^^^^
IndentationError: expected an indented block after 'with' statement on line 11
[2026-07-18T18:11:58.239+0000] {processor.py:927} WARNING - No viable dags retrieved from /opt/airflow/dags/flex_eau_pipeline.py
[2026-07-18T18:11:58.265+0000] {processor.py:208} INFO - Processing /opt/airflow/dags/flex_eau_pipeline.py took 0.060 seconds
[2026-07-18T18:12:28.614+0000] {processor.py:186} INFO - Started process (PID=91824) to work on /opt/airflow/dags/flex_eau_pipeline.py
[2026-07-18T18:12:28.615+0000] {processor.py:914} INFO - Processing file /opt/airflow/dags/flex_eau_pipeline.py for tasks to queue
[2026-07-18T18:12:28.618+0000] {logging_mixin.py:190} INFO - [2026-07-18T18:12:28.618+0000] {dagbag.py:587} INFO - Filling up the DagBag from /opt/airflow/dags/flex_eau_pipeline.py
[2026-07-18T18:12:28.645+0000] {logging_mixin.py:190} INFO - [2026-07-18T18:12:28.644+0000] {dagbag.py:386} ERROR - Failed to import: /opt/airflow/dags/flex_eau_pipeline.py
Traceback (most recent call last):
  File "/home/airflow/.local/lib/python3.12/site-packages/airflow/models/dagbag.py", line 382, in parse
    loader.exec_module(new_module)
  File "<frozen importlib._bootstrap_external>", line 991, in exec_module
  File "<frozen importlib._bootstrap_external>", line 1129, in get_code
  File "<frozen importlib._bootstrap_external>", line 1059, in source_to_code
  File "<frozen importlib._bootstrap>", line 488, in _call_with_frames_removed
  File "/opt/airflow/dags/flex_eau_pipeline.py", line 26
    ingestion = BashOperator(
    ^^^^^^^^^
IndentationError: expected an indented block after 'with' statement on line 11
[2026-07-18T18:12:28.646+0000] {processor.py:927} WARNING - No viable dags retrieved from /opt/airflow/dags/flex_eau_pipeline.py
[2026-07-18T18:12:28.671+0000] {processor.py:208} INFO - Processing /opt/airflow/dags/flex_eau_pipeline.py took 0.063 seconds
[2026-07-18T18:12:59.066+0000] {processor.py:186} INFO - Started process (PID=91829) to work on /opt/airflow/dags/flex_eau_pipeline.py
[2026-07-18T18:12:59.068+0000] {processor.py:914} INFO - Processing file /opt/airflow/dags/flex_eau_pipeline.py for tasks to queue
[2026-07-18T18:12:59.071+0000] {logging_mixin.py:190} INFO - [2026-07-18T18:12:59.070+0000] {dagbag.py:587} INFO - Filling up the DagBag from /opt/airflow/dags/flex_eau_pipeline.py
[2026-07-18T18:12:59.099+0000] {logging_mixin.py:190} INFO - [2026-07-18T18:12:59.098+0000] {dagbag.py:386} ERROR - Failed to import: /opt/airflow/dags/flex_eau_pipeline.py
Traceback (most recent call last):
  File "/home/airflow/.local/lib/python3.12/site-packages/airflow/models/dagbag.py", line 382, in parse
    loader.exec_module(new_module)
  File "<frozen importlib._bootstrap_external>", line 991, in exec_module
  File "<frozen importlib._bootstrap_external>", line 1129, in get_code
  File "<frozen importlib._bootstrap_external>", line 1059, in source_to_code
  File "<frozen importlib._bootstrap>", line 488, in _call_with_frames_removed
  File "/opt/airflow/dags/flex_eau_pipeline.py", line 26
    ingestion = BashOperator(
    ^^^^^^^^^
IndentationError: expected an indented block after 'with' statement on line 11
[2026-07-18T18:12:59.100+0000] {processor.py:927} WARNING - No viable dags retrieved from /opt/airflow/dags/flex_eau_pipeline.py
[2026-07-18T18:12:59.128+0000] {processor.py:208} INFO - Processing /opt/airflow/dags/flex_eau_pipeline.py took 0.068 seconds
[2026-07-18T18:13:29.536+0000] {processor.py:186} INFO - Started process (PID=91834) to work on /opt/airflow/dags/flex_eau_pipeline.py
[2026-07-18T18:13:29.538+0000] {processor.py:914} INFO - Processing file /opt/airflow/dags/flex_eau_pipeline.py for tasks to queue
[2026-07-18T18:13:29.541+0000] {logging_mixin.py:190} INFO - [2026-07-18T18:13:29.541+0000] {dagbag.py:587} INFO - Filling up the DagBag from /opt/airflow/dags/flex_eau_pipeline.py
[2026-07-18T18:13:29.566+0000] {logging_mixin.py:190} INFO - [2026-07-18T18:13:29.565+0000] {dagbag.py:386} ERROR - Failed to import: /opt/airflow/dags/flex_eau_pipeline.py
Traceback (most recent call last):
  File "/home/airflow/.local/lib/python3.12/site-packages/airflow/models/dagbag.py", line 382, in parse
    loader.exec_module(new_module)
  File "<frozen importlib._bootstrap_external>", line 991, in exec_module
  File "<frozen importlib._bootstrap_external>", line 1129, in get_code
  File "<frozen importlib._bootstrap_external>", line 1059, in source_to_code
  File "<frozen importlib._bootstrap>", line 488, in _call_with_frames_removed
  File "/opt/airflow/dags/flex_eau_pipeline.py", line 26
    ingestion = BashOperator(
    ^^^^^^^^^
IndentationError: expected an indented block after 'with' statement on line 11
[2026-07-18T18:13:29.567+0000] {processor.py:927} WARNING - No viable dags retrieved from /opt/airflow/dags/flex_eau_pipeline.py
[2026-07-18T18:13:29.597+0000] {processor.py:208} INFO - Processing /opt/airflow/dags/flex_eau_pipeline.py took 0.070 seconds
[2026-07-18T18:14:00.061+0000] {processor.py:186} INFO - Started process (PID=91839) to work on /opt/airflow/dags/flex_eau_pipeline.py
[2026-07-18T18:14:00.063+0000] {processor.py:914} INFO - Processing file /opt/airflow/dags/flex_eau_pipeline.py for tasks to queue
[2026-07-18T18:14:00.067+0000] {logging_mixin.py:190} INFO - [2026-07-18T18:14:00.066+0000] {dagbag.py:587} INFO - Filling up the DagBag from /opt/airflow/dags/flex_eau_pipeline.py
[2026-07-18T18:14:00.091+0000] {logging_mixin.py:190} INFO - [2026-07-18T18:14:00.090+0000] {dagbag.py:386} ERROR - Failed to import: /opt/airflow/dags/flex_eau_pipeline.py
Traceback (most recent call last):
  File "/home/airflow/.local/lib/python3.12/site-packages/airflow/models/dagbag.py", line 382, in parse
    loader.exec_module(new_module)
  File "<frozen importlib._bootstrap_external>", line 991, in exec_module
  File "<frozen importlib._bootstrap_external>", line 1129, in get_code
  File "<frozen importlib._bootstrap_external>", line 1059, in source_to_code
  File "<frozen importlib._bootstrap>", line 488, in _call_with_frames_removed
  File "/opt/airflow/dags/flex_eau_pipeline.py", line 26
    ingestion = BashOperator(
    ^^^^^^^^^
IndentationError: expected an indented block after 'with' statement on line 11
[2026-07-18T18:14:00.092+0000] {processor.py:927} WARNING - No viable dags retrieved from /opt/airflow/dags/flex_eau_pipeline.py
[2026-07-18T18:14:00.121+0000] {processor.py:208} INFO - Processing /opt/airflow/dags/flex_eau_pipeline.py took 0.067 seconds
[2026-07-18T18:14:30.341+0000] {processor.py:186} INFO - Started process (PID=91844) to work on /opt/airflow/dags/flex_eau_pipeline.py
[2026-07-18T18:14:30.343+0000] {processor.py:914} INFO - Processing file /opt/airflow/dags/flex_eau_pipeline.py for tasks to queue
[2026-07-18T18:14:30.345+0000] {logging_mixin.py:190} INFO - [2026-07-18T18:14:30.345+0000] {dagbag.py:587} INFO - Filling up the DagBag from /opt/airflow/dags/flex_eau_pipeline.py
[2026-07-18T18:14:30.365+0000] {logging_mixin.py:190} INFO - [2026-07-18T18:14:30.364+0000] {dagbag.py:386} ERROR - Failed to import: /opt/airflow/dags/flex_eau_pipeline.py
Traceback (most recent call last):
  File "/home/airflow/.local/lib/python3.12/site-packages/airflow/models/dagbag.py", line 382, in parse
    loader.exec_module(new_module)
  File "<frozen importlib._bootstrap_external>", line 991, in exec_module
  File "<frozen importlib._bootstrap_external>", line 1129, in get_code
  File "<frozen importlib._bootstrap_external>", line 1059, in source_to_code
  File "<frozen importlib._bootstrap>", line 488, in _call_with_frames_removed
  File "/opt/airflow/dags/flex_eau_pipeline.py", line 26
    ingestion = BashOperator(
    ^^^^^^^^^
IndentationError: expected an indented block after 'with' statement on line 11
[2026-07-18T18:14:30.365+0000] {processor.py:927} WARNING - No viable dags retrieved from /opt/airflow/dags/flex_eau_pipeline.py
[2026-07-18T18:14:30.390+0000] {processor.py:208} INFO - Processing /opt/airflow/dags/flex_eau_pipeline.py took 0.055 seconds
[2026-07-18T18:15:00.757+0000] {processor.py:186} INFO - Started process (PID=91849) to work on /opt/airflow/dags/flex_eau_pipeline.py
[2026-07-18T18:15:00.758+0000] {processor.py:914} INFO - Processing file /opt/airflow/dags/flex_eau_pipeline.py for tasks to queue
[2026-07-18T18:15:00.760+0000] {logging_mixin.py:190} INFO - [2026-07-18T18:15:00.760+0000] {dagbag.py:587} INFO - Filling up the DagBag from /opt/airflow/dags/flex_eau_pipeline.py
[2026-07-18T18:15:00.783+0000] {logging_mixin.py:190} INFO - [2026-07-18T18:15:00.782+0000] {dagbag.py:386} ERROR - Failed to import: /opt/airflow/dags/flex_eau_pipeline.py
Traceback (most recent call last):
  File "/home/airflow/.local/lib/python3.12/site-packages/airflow/models/dagbag.py", line 382, in parse
    loader.exec_module(new_module)
  File "<frozen importlib._bootstrap_external>", line 991, in exec_module
  File "<frozen importlib._bootstrap_external>", line 1129, in get_code
  File "<frozen importlib._bootstrap_external>", line 1059, in source_to_code
  File "<frozen importlib._bootstrap>", line 488, in _call_with_frames_removed
  File "/opt/airflow/dags/flex_eau_pipeline.py", line 26
    ingestion = BashOperator(
    ^^^^^^^^^
IndentationError: expected an indented block after 'with' statement on line 11
[2026-07-18T18:15:00.784+0000] {processor.py:927} WARNING - No viable dags retrieved from /opt/airflow/dags/flex_eau_pipeline.py
[2026-07-18T18:15:00.811+0000] {processor.py:208} INFO - Processing /opt/airflow/dags/flex_eau_pipeline.py took 0.060 seconds
[2026-07-18T18:15:31.273+0000] {processor.py:186} INFO - Started process (PID=91854) to work on /opt/airflow/dags/flex_eau_pipeline.py
[2026-07-18T18:15:31.274+0000] {processor.py:914} INFO - Processing file /opt/airflow/dags/flex_eau_pipeline.py for tasks to queue
[2026-07-18T18:15:31.278+0000] {logging_mixin.py:190} INFO - [2026-07-18T18:15:31.277+0000] {dagbag.py:587} INFO - Filling up the DagBag from /opt/airflow/dags/flex_eau_pipeline.py
[2026-07-18T18:15:31.298+0000] {logging_mixin.py:190} INFO - [2026-07-18T18:15:31.297+0000] {dagbag.py:386} ERROR - Failed to import: /opt/airflow/dags/flex_eau_pipeline.py
Traceback (most recent call last):
  File "/home/airflow/.local/lib/python3.12/site-packages/airflow/models/dagbag.py", line 382, in parse
    loader.exec_module(new_module)
  File "<frozen importlib._bootstrap_external>", line 991, in exec_module
  File "<frozen importlib._bootstrap_external>", line 1129, in get_code
  File "<frozen importlib._bootstrap_external>", line 1059, in source_to_code
  File "<frozen importlib._bootstrap>", line 488, in _call_with_frames_removed
  File "/opt/airflow/dags/flex_eau_pipeline.py", line 26
    ingestion = BashOperator(
    ^^^^^^^^^
IndentationError: expected an indented block after 'with' statement on line 11
[2026-07-18T18:15:31.299+0000] {processor.py:927} WARNING - No viable dags retrieved from /opt/airflow/dags/flex_eau_pipeline.py
[2026-07-18T18:15:31.322+0000] {processor.py:208} INFO - Processing /opt/airflow/dags/flex_eau_pipeline.py took 0.054 seconds
[2026-07-18T18:16:01.622+0000] {processor.py:186} INFO - Started process (PID=91859) to work on /opt/airflow/dags/flex_eau_pipeline.py
[2026-07-18T18:16:01.623+0000] {processor.py:914} INFO - Processing file /opt/airflow/dags/flex_eau_pipeline.py for tasks to queue
[2026-07-18T18:16:01.627+0000] {logging_mixin.py:190} INFO - [2026-07-18T18:16:01.626+0000] {dagbag.py:587} INFO - Filling up the DagBag from /opt/airflow/dags/flex_eau_pipeline.py
[2026-07-18T18:16:01.647+0000] {logging_mixin.py:190} INFO - [2026-07-18T18:16:01.646+0000] {dagbag.py:386} ERROR - Failed to import: /opt/airflow/dags/flex_eau_pipeline.py
Traceback (most recent call last):
  File "/home/airflow/.local/lib/python3.12/site-packages/airflow/models/dagbag.py", line 382, in parse
    loader.exec_module(new_module)
  File "<frozen importlib._bootstrap_external>", line 991, in exec_module
  File "<frozen importlib._bootstrap_external>", line 1129, in get_code
  File "<frozen importlib._bootstrap_external>", line 1059, in source_to_code
  File "<frozen importlib._bootstrap>", line 488, in _call_with_frames_removed
  File "/opt/airflow/dags/flex_eau_pipeline.py", line 26
    ingestion = BashOperator(
    ^^^^^^^^^
IndentationError: expected an indented block after 'with' statement on line 11
[2026-07-18T18:16:01.648+0000] {processor.py:927} WARNING - No viable dags retrieved from /opt/airflow/dags/flex_eau_pipeline.py
[2026-07-18T18:16:01.674+0000] {processor.py:208} INFO - Processing /opt/airflow/dags/flex_eau_pipeline.py took 0.058 seconds
[2026-07-18T18:16:32.174+0000] {processor.py:186} INFO - Started process (PID=91864) to work on /opt/airflow/dags/flex_eau_pipeline.py
[2026-07-18T18:16:32.176+0000] {processor.py:914} INFO - Processing file /opt/airflow/dags/flex_eau_pipeline.py for tasks to queue
[2026-07-18T18:16:32.179+0000] {logging_mixin.py:190} INFO - [2026-07-18T18:16:32.179+0000] {dagbag.py:587} INFO - Filling up the DagBag from /opt/airflow/dags/flex_eau_pipeline.py
[2026-07-18T18:16:32.204+0000] {logging_mixin.py:190} INFO - [2026-07-18T18:16:32.203+0000] {dagbag.py:386} ERROR - Failed to import: /opt/airflow/dags/flex_eau_pipeline.py
Traceback (most recent call last):
  File "/home/airflow/.local/lib/python3.12/site-packages/airflow/models/dagbag.py", line 382, in parse
    loader.exec_module(new_module)
  File "<frozen importlib._bootstrap_external>", line 991, in exec_module
  File "<frozen importlib._bootstrap_external>", line 1129, in get_code
  File "<frozen importlib._bootstrap_external>", line 1059, in source_to_code
  File "<frozen importlib._bootstrap>", line 488, in _call_with_frames_removed
  File "/opt/airflow/dags/flex_eau_pipeline.py", line 26
    ingestion = BashOperator(
    ^^^^^^^^^
IndentationError: expected an indented block after 'with' statement on line 11
[2026-07-18T18:16:32.204+0000] {processor.py:927} WARNING - No viable dags retrieved from /opt/airflow/dags/flex_eau_pipeline.py
[2026-07-18T18:16:32.231+0000] {processor.py:208} INFO - Processing /opt/airflow/dags/flex_eau_pipeline.py took 0.064 seconds
[2026-07-18T21:17:02.606+0000] {processor.py:186} INFO - Started process (PID=91869) to work on /opt/airflow/dags/flex_eau_pipeline.py
[2026-07-18T21:17:02.628+0000] {processor.py:914} INFO - Processing file /opt/airflow/dags/flex_eau_pipeline.py for tasks to queue
[2026-07-18T21:17:02.676+0000] {logging_mixin.py:190} INFO - [2026-07-18T21:17:02.676+0000] {dagbag.py:587} INFO - Filling up the DagBag from /opt/airflow/dags/flex_eau_pipeline.py
[2026-07-18T21:17:03.110+0000] {logging_mixin.py:190} INFO - [2026-07-18T21:17:03.101+0000] {dagbag.py:386} ERROR - Failed to import: /opt/airflow/dags/flex_eau_pipeline.py
Traceback (most recent call last):
  File "/home/airflow/.local/lib/python3.12/site-packages/airflow/models/dagbag.py", line 382, in parse
    loader.exec_module(new_module)
  File "<frozen importlib._bootstrap_external>", line 991, in exec_module
  File "<frozen importlib._bootstrap_external>", line 1129, in get_code
  File "<frozen importlib._bootstrap_external>", line 1059, in source_to_code
  File "<frozen importlib._bootstrap>", line 488, in _call_with_frames_removed
  File "/opt/airflow/dags/flex_eau_pipeline.py", line 26
    ingestion = BashOperator(
    ^^^^^^^^^
IndentationError: expected an indented block after 'with' statement on line 11
[2026-07-18T21:17:03.137+0000] {processor.py:927} WARNING - No viable dags retrieved from /opt/airflow/dags/flex_eau_pipeline.py
[2026-07-18T21:17:03.718+0000] {processor.py:208} INFO - Processing /opt/airflow/dags/flex_eau_pipeline.py took 1.220 seconds
[2026-07-18T23:22:57.212+0000] {processor.py:186} INFO - Started process (PID=91874) to work on /opt/airflow/dags/flex_eau_pipeline.py
[2026-07-18T23:22:57.637+0000] {processor.py:914} INFO - Processing file /opt/airflow/dags/flex_eau_pipeline.py for tasks to queue
[2026-07-18T23:22:57.880+0000] {logging_mixin.py:190} INFO - [2026-07-18T23:22:57.866+0000] {dagbag.py:587} INFO - Filling up the DagBag from /opt/airflow/dags/flex_eau_pipeline.py
[2026-07-18T23:23:08.724+0000] {logging_mixin.py:190} INFO - [2026-07-18T23:23:08.715+0000] {dagbag.py:386} ERROR - Failed to import: /opt/airflow/dags/flex_eau_pipeline.py
Traceback (most recent call last):
  File "/home/airflow/.local/lib/python3.12/site-packages/airflow/models/dagbag.py", line 382, in parse
    loader.exec_module(new_module)
  File "<frozen importlib._bootstrap_external>", line 991, in exec_module
  File "<frozen importlib._bootstrap_external>", line 1129, in get_code
  File "<frozen importlib._bootstrap_external>", line 1059, in source_to_code
  File "<frozen importlib._bootstrap>", line 488, in _call_with_frames_removed
  File "/opt/airflow/dags/flex_eau_pipeline.py", line 26
    ingestion = BashOperator(
    ^^^^^^^^^
IndentationError: expected an indented block after 'with' statement on line 11
[2026-07-18T23:23:08.774+0000] {processor.py:927} WARNING - No viable dags retrieved from /opt/airflow/dags/flex_eau_pipeline.py
[2026-07-18T23:23:09.480+0000] {processor.py:208} INFO - Processing /opt/airflow/dags/flex_eau_pipeline.py took 12.412 seconds
[2026-07-18T23:23:47.742+0000] {processor.py:186} INFO - Started process (PID=91879) to work on /opt/airflow/dags/flex_eau_pipeline.py
[2026-07-18T23:23:47.760+0000] {processor.py:914} INFO - Processing file /opt/airflow/dags/flex_eau_pipeline.py for tasks to queue
[2026-07-18T23:23:47.834+0000] {logging_mixin.py:190} INFO - [2026-07-18T23:23:47.828+0000] {dagbag.py:587} INFO - Filling up the DagBag from /opt/airflow/dags/flex_eau_pipeline.py
[2026-07-18T23:23:48.290+0000] {logging_mixin.py:190} INFO - [2026-07-18T23:23:48.267+0000] {dagbag.py:386} ERROR - Failed to import: /opt/airflow/dags/flex_eau_pipeline.py
Traceback (most recent call last):
  File "/home/airflow/.local/lib/python3.12/site-packages/airflow/models/dagbag.py", line 382, in parse
    loader.exec_module(new_module)
  File "<frozen importlib._bootstrap_external>", line 991, in exec_module
  File "<frozen importlib._bootstrap_external>", line 1129, in get_code
  File "<frozen importlib._bootstrap_external>", line 1059, in source_to_code
  File "<frozen importlib._bootstrap>", line 488, in _call_with_frames_removed
  File "/opt/airflow/dags/flex_eau_pipeline.py", line 26
    ingestion = BashOperator(
    ^^^^^^^^^
IndentationError: expected an indented block after 'with' statement on line 11
[2026-07-18T23:23:48.301+0000] {processor.py:927} WARNING - No viable dags retrieved from /opt/airflow/dags/flex_eau_pipeline.py
[2026-07-18T23:23:48.795+0000] {processor.py:208} INFO - Processing /opt/airflow/dags/flex_eau_pipeline.py took 1.207 seconds
[2026-07-18T23:24:19.277+0000] {processor.py:186} INFO - Started process (PID=91884) to work on /opt/airflow/dags/flex_eau_pipeline.py
[2026-07-18T23:24:19.286+0000] {processor.py:914} INFO - Processing file /opt/airflow/dags/flex_eau_pipeline.py for tasks to queue
[2026-07-18T23:24:19.292+0000] {logging_mixin.py:190} INFO - [2026-07-18T23:24:19.291+0000] {dagbag.py:587} INFO - Filling up the DagBag from /opt/airflow/dags/flex_eau_pipeline.py
[2026-07-18T23:24:19.383+0000] {logging_mixin.py:190} INFO - [2026-07-18T23:24:19.377+0000] {dagbag.py:386} ERROR - Failed to import: /opt/airflow/dags/flex_eau_pipeline.py
Traceback (most recent call last):
  File "/home/airflow/.local/lib/python3.12/site-packages/airflow/models/dagbag.py", line 382, in parse
    loader.exec_module(new_module)
  File "<frozen importlib._bootstrap_external>", line 991, in exec_module
  File "<frozen importlib._bootstrap_external>", line 1129, in get_code
  File "<frozen importlib._bootstrap_external>", line 1059, in source_to_code
  File "<frozen importlib._bootstrap>", line 488, in _call_with_frames_removed
  File "/opt/airflow/dags/flex_eau_pipeline.py", line 26
    ingestion = BashOperator(
    ^^^^^^^^^
IndentationError: expected an indented block after 'with' statement on line 11
[2026-07-18T23:24:19.385+0000] {processor.py:927} WARNING - No viable dags retrieved from /opt/airflow/dags/flex_eau_pipeline.py
[2026-07-18T23:24:19.515+0000] {processor.py:208} INFO - Processing /opt/airflow/dags/flex_eau_pipeline.py took 0.268 seconds
[2026-07-18T23:24:49.789+0000] {processor.py:186} INFO - Started process (PID=91889) to work on /opt/airflow/dags/flex_eau_pipeline.py
[2026-07-18T23:24:49.791+0000] {processor.py:914} INFO - Processing file /opt/airflow/dags/flex_eau_pipeline.py for tasks to queue
[2026-07-18T23:24:49.797+0000] {logging_mixin.py:190} INFO - [2026-07-18T23:24:49.796+0000] {dagbag.py:587} INFO - Filling up the DagBag from /opt/airflow/dags/flex_eau_pipeline.py
[2026-07-18T23:24:49.831+0000] {logging_mixin.py:190} INFO - [2026-07-18T23:24:49.829+0000] {dagbag.py:386} ERROR - Failed to import: /opt/airflow/dags/flex_eau_pipeline.py
Traceback (most recent call last):
  File "/home/airflow/.local/lib/python3.12/site-packages/airflow/models/dagbag.py", line 382, in parse
    loader.exec_module(new_module)
  File "<frozen importlib._bootstrap_external>", line 991, in exec_module
  File "<frozen importlib._bootstrap_external>", line 1129, in get_code
  File "<frozen importlib._bootstrap_external>", line 1059, in source_to_code
  File "<frozen importlib._bootstrap>", line 488, in _call_with_frames_removed
  File "/opt/airflow/dags/flex_eau_pipeline.py", line 26
    ingestion = BashOperator(
    ^^^^^^^^^
IndentationError: expected an indented block after 'with' statement on line 11
[2026-07-18T23:24:49.833+0000] {processor.py:927} WARNING - No viable dags retrieved from /opt/airflow/dags/flex_eau_pipeline.py
[2026-07-18T23:24:49.931+0000] {processor.py:208} INFO - Processing /opt/airflow/dags/flex_eau_pipeline.py took 0.184 seconds
[2026-07-18T23:25:20.294+0000] {processor.py:186} INFO - Started process (PID=91894) to work on /opt/airflow/dags/flex_eau_pipeline.py
[2026-07-18T23:25:20.299+0000] {processor.py:914} INFO - Processing file /opt/airflow/dags/flex_eau_pipeline.py for tasks to queue
[2026-07-18T23:25:20.321+0000] {logging_mixin.py:190} INFO - [2026-07-18T23:25:20.319+0000] {dagbag.py:587} INFO - Filling up the DagBag from /opt/airflow/dags/flex_eau_pipeline.py
[2026-07-18T23:25:20.414+0000] {logging_mixin.py:190} INFO - [2026-07-18T23:25:20.411+0000] {dagbag.py:386} ERROR - Failed to import: /opt/airflow/dags/flex_eau_pipeline.py
Traceback (most recent call last):
  File "/home/airflow/.local/lib/python3.12/site-packages/airflow/models/dagbag.py", line 382, in parse
    loader.exec_module(new_module)
  File "<frozen importlib._bootstrap_external>", line 991, in exec_module
  File "<frozen importlib._bootstrap_external>", line 1129, in get_code
  File "<frozen importlib._bootstrap_external>", line 1059, in source_to_code
  File "<frozen importlib._bootstrap>", line 488, in _call_with_frames_removed
  File "/opt/airflow/dags/flex_eau_pipeline.py", line 26
    ingestion = BashOperator(
    ^^^^^^^^^
IndentationError: expected an indented block after 'with' statement on line 11
[2026-07-18T23:25:20.416+0000] {processor.py:927} WARNING - No viable dags retrieved from /opt/airflow/dags/flex_eau_pipeline.py
[2026-07-18T23:25:20.472+0000] {processor.py:208} INFO - Processing /opt/airflow/dags/flex_eau_pipeline.py took 0.211 seconds
[2026-07-18T23:25:50.666+0000] {processor.py:186} INFO - Started process (PID=91899) to work on /opt/airflow/dags/flex_eau_pipeline.py
[2026-07-18T23:25:50.669+0000] {processor.py:914} INFO - Processing file /opt/airflow/dags/flex_eau_pipeline.py for tasks to queue
[2026-07-18T23:25:50.675+0000] {logging_mixin.py:190} INFO - [2026-07-18T23:25:50.674+0000] {dagbag.py:587} INFO - Filling up the DagBag from /opt/airflow/dags/flex_eau_pipeline.py
[2026-07-18T23:25:50.711+0000] {logging_mixin.py:190} INFO - [2026-07-18T23:25:50.709+0000] {dagbag.py:386} ERROR - Failed to import: /opt/airflow/dags/flex_eau_pipeline.py
Traceback (most recent call last):
  File "/home/airflow/.local/lib/python3.12/site-packages/airflow/models/dagbag.py", line 382, in parse
    loader.exec_module(new_module)
  File "<frozen importlib._bootstrap_external>", line 991, in exec_module
  File "<frozen importlib._bootstrap_external>", line 1129, in get_code
  File "<frozen importlib._bootstrap_external>", line 1059, in source_to_code
  File "<frozen importlib._bootstrap>", line 488, in _call_with_frames_removed
  File "/opt/airflow/dags/flex_eau_pipeline.py", line 26
    ingestion = BashOperator(
    ^^^^^^^^^
IndentationError: expected an indented block after 'with' statement on line 11
[2026-07-18T23:25:50.712+0000] {processor.py:927} WARNING - No viable dags retrieved from /opt/airflow/dags/flex_eau_pipeline.py
[2026-07-18T23:25:50.753+0000] {processor.py:208} INFO - Processing /opt/airflow/dags/flex_eau_pipeline.py took 0.103 seconds
[2026-07-18T23:26:21.085+0000] {processor.py:186} INFO - Started process (PID=91904) to work on /opt/airflow/dags/flex_eau_pipeline.py
[2026-07-18T23:26:21.087+0000] {processor.py:914} INFO - Processing file /opt/airflow/dags/flex_eau_pipeline.py for tasks to queue
[2026-07-18T23:26:21.090+0000] {logging_mixin.py:190} INFO - [2026-07-18T23:26:21.089+0000] {dagbag.py:587} INFO - Filling up the DagBag from /opt/airflow/dags/flex_eau_pipeline.py
[2026-07-18T23:26:21.124+0000] {logging_mixin.py:190} INFO - [2026-07-18T23:26:21.123+0000] {dagbag.py:386} ERROR - Failed to import: /opt/airflow/dags/flex_eau_pipeline.py
Traceback (most recent call last):
  File "/home/airflow/.local/lib/python3.12/site-packages/airflow/models/dagbag.py", line 382, in parse
    loader.exec_module(new_module)
  File "<frozen importlib._bootstrap_external>", line 991, in exec_module
  File "<frozen importlib._bootstrap_external>", line 1129, in get_code
  File "<frozen importlib._bootstrap_external>", line 1059, in source_to_code
  File "<frozen importlib._bootstrap>", line 488, in _call_with_frames_removed
  File "/opt/airflow/dags/flex_eau_pipeline.py", line 26
    ingestion = BashOperator(
    ^^^^^^^^^
IndentationError: expected an indented block after 'with' statement on line 11
[2026-07-18T23:26:21.126+0000] {processor.py:927} WARNING - No viable dags retrieved from /opt/airflow/dags/flex_eau_pipeline.py
[2026-07-18T23:26:21.163+0000] {processor.py:208} INFO - Processing /opt/airflow/dags/flex_eau_pipeline.py took 0.089 seconds
[2026-07-18T23:26:51.695+0000] {processor.py:186} INFO - Started process (PID=91909) to work on /opt/airflow/dags/flex_eau_pipeline.py
[2026-07-18T23:26:51.697+0000] {processor.py:914} INFO - Processing file /opt/airflow/dags/flex_eau_pipeline.py for tasks to queue
[2026-07-18T23:26:51.703+0000] {logging_mixin.py:190} INFO - [2026-07-18T23:26:51.702+0000] {dagbag.py:587} INFO - Filling up the DagBag from /opt/airflow/dags/flex_eau_pipeline.py
[2026-07-18T23:26:51.737+0000] {logging_mixin.py:190} INFO - [2026-07-18T23:26:51.735+0000] {dagbag.py:386} ERROR - Failed to import: /opt/airflow/dags/flex_eau_pipeline.py
Traceback (most recent call last):
  File "/home/airflow/.local/lib/python3.12/site-packages/airflow/models/dagbag.py", line 382, in parse
    loader.exec_module(new_module)
  File "<frozen importlib._bootstrap_external>", line 991, in exec_module
  File "<frozen importlib._bootstrap_external>", line 1129, in get_code
  File "<frozen importlib._bootstrap_external>", line 1059, in source_to_code
  File "<frozen importlib._bootstrap>", line 488, in _call_with_frames_removed
  File "/opt/airflow/dags/flex_eau_pipeline.py", line 26
    ingestion = BashOperator(
    ^^^^^^^^^
IndentationError: expected an indented block after 'with' statement on line 11
[2026-07-18T23:26:51.738+0000] {processor.py:927} WARNING - No viable dags retrieved from /opt/airflow/dags/flex_eau_pipeline.py
[2026-07-18T23:26:51.776+0000] {processor.py:208} INFO - Processing /opt/airflow/dags/flex_eau_pipeline.py took 0.090 seconds
[2026-07-18T23:27:22.458+0000] {processor.py:186} INFO - Started process (PID=91914) to work on /opt/airflow/dags/flex_eau_pipeline.py
[2026-07-18T23:27:22.461+0000] {processor.py:914} INFO - Processing file /opt/airflow/dags/flex_eau_pipeline.py for tasks to queue
[2026-07-18T23:27:22.468+0000] {logging_mixin.py:190} INFO - [2026-07-18T23:27:22.467+0000] {dagbag.py:587} INFO - Filling up the DagBag from /opt/airflow/dags/flex_eau_pipeline.py
[2026-07-18T23:27:22.521+0000] {logging_mixin.py:190} INFO - [2026-07-18T23:27:22.519+0000] {dagbag.py:386} ERROR - Failed to import: /opt/airflow/dags/flex_eau_pipeline.py
Traceback (most recent call last):
  File "/home/airflow/.local/lib/python3.12/site-packages/airflow/models/dagbag.py", line 382, in parse
    loader.exec_module(new_module)
  File "<frozen importlib._bootstrap_external>", line 991, in exec_module
  File "<frozen importlib._bootstrap_external>", line 1129, in get_code
  File "<frozen importlib._bootstrap_external>", line 1059, in source_to_code
  File "<frozen importlib._bootstrap>", line 488, in _call_with_frames_removed
  File "/opt/airflow/dags/flex_eau_pipeline.py", line 26
    ingestion = BashOperator(
    ^^^^^^^^^
IndentationError: expected an indented block after 'with' statement on line 11
[2026-07-18T23:27:22.523+0000] {processor.py:927} WARNING - No viable dags retrieved from /opt/airflow/dags/flex_eau_pipeline.py
[2026-07-18T23:27:22.589+0000] {processor.py:208} INFO - Processing /opt/airflow/dags/flex_eau_pipeline.py took 0.148 seconds
[2026-07-18T23:27:53.344+0000] {processor.py:186} INFO - Started process (PID=91919) to work on /opt/airflow/dags/flex_eau_pipeline.py
[2026-07-18T23:27:53.346+0000] {processor.py:914} INFO - Processing file /opt/airflow/dags/flex_eau_pipeline.py for tasks to queue
[2026-07-18T23:27:53.350+0000] {logging_mixin.py:190} INFO - [2026-07-18T23:27:53.350+0000] {dagbag.py:587} INFO - Filling up the DagBag from /opt/airflow/dags/flex_eau_pipeline.py
[2026-07-18T23:27:53.380+0000] {logging_mixin.py:190} INFO - [2026-07-18T23:27:53.379+0000] {dagbag.py:386} ERROR - Failed to import: /opt/airflow/dags/flex_eau_pipeline.py
Traceback (most recent call last):
  File "/home/airflow/.local/lib/python3.12/site-packages/airflow/models/dagbag.py", line 382, in parse
    loader.exec_module(new_module)
  File "<frozen importlib._bootstrap_external>", line 991, in exec_module
  File "<frozen importlib._bootstrap_external>", line 1129, in get_code
  File "<frozen importlib._bootstrap_external>", line 1059, in source_to_code
  File "<frozen importlib._bootstrap>", line 488, in _call_with_frames_removed
  File "/opt/airflow/dags/flex_eau_pipeline.py", line 26
    ingestion = BashOperator(
    ^^^^^^^^^
IndentationError: expected an indented block after 'with' statement on line 11
[2026-07-18T23:27:53.381+0000] {processor.py:927} WARNING - No viable dags retrieved from /opt/airflow/dags/flex_eau_pipeline.py
[2026-07-18T23:27:53.411+0000] {processor.py:208} INFO - Processing /opt/airflow/dags/flex_eau_pipeline.py took 0.076 seconds
[2026-07-18T23:28:24.019+0000] {processor.py:186} INFO - Started process (PID=91924) to work on /opt/airflow/dags/flex_eau_pipeline.py
[2026-07-18T23:28:24.023+0000] {processor.py:914} INFO - Processing file /opt/airflow/dags/flex_eau_pipeline.py for tasks to queue
[2026-07-18T23:28:24.031+0000] {logging_mixin.py:190} INFO - [2026-07-18T23:28:24.030+0000] {dagbag.py:587} INFO - Filling up the DagBag from /opt/airflow/dags/flex_eau_pipeline.py
[2026-07-18T23:28:24.096+0000] {logging_mixin.py:190} INFO - [2026-07-18T23:28:24.093+0000] {dagbag.py:386} ERROR - Failed to import: /opt/airflow/dags/flex_eau_pipeline.py
Traceback (most recent call last):
  File "/home/airflow/.local/lib/python3.12/site-packages/airflow/models/dagbag.py", line 382, in parse
    loader.exec_module(new_module)
  File "<frozen importlib._bootstrap_external>", line 991, in exec_module
  File "<frozen importlib._bootstrap_external>", line 1129, in get_code
  File "<frozen importlib._bootstrap_external>", line 1059, in source_to_code
  File "<frozen importlib._bootstrap>", line 488, in _call_with_frames_removed
  File "/opt/airflow/dags/flex_eau_pipeline.py", line 26
    ingestion = BashOperator(
    ^^^^^^^^^
IndentationError: expected an indented block after 'with' statement on line 11
[2026-07-18T23:28:24.098+0000] {processor.py:927} WARNING - No viable dags retrieved from /opt/airflow/dags/flex_eau_pipeline.py
[2026-07-18T23:28:24.171+0000] {processor.py:208} INFO - Processing /opt/airflow/dags/flex_eau_pipeline.py took 0.173 seconds
[2026-07-18T23:28:54.705+0000] {processor.py:186} INFO - Started process (PID=91929) to work on /opt/airflow/dags/flex_eau_pipeline.py
[2026-07-18T23:28:54.708+0000] {processor.py:914} INFO - Processing file /opt/airflow/dags/flex_eau_pipeline.py for tasks to queue
[2026-07-18T23:28:54.714+0000] {logging_mixin.py:190} INFO - [2026-07-18T23:28:54.713+0000] {dagbag.py:587} INFO - Filling up the DagBag from /opt/airflow/dags/flex_eau_pipeline.py
[2026-07-18T23:28:54.768+0000] {logging_mixin.py:190} INFO - [2026-07-18T23:28:54.766+0000] {dagbag.py:386} ERROR - Failed to import: /opt/airflow/dags/flex_eau_pipeline.py
Traceback (most recent call last):
  File "/home/airflow/.local/lib/python3.12/site-packages/airflow/models/dagbag.py", line 382, in parse
    loader.exec_module(new_module)
  File "<frozen importlib._bootstrap_external>", line 991, in exec_module
  File "<frozen importlib._bootstrap_external>", line 1129, in get_code
  File "<frozen importlib._bootstrap_external>", line 1059, in source_to_code
  File "<frozen importlib._bootstrap>", line 488, in _call_with_frames_removed
  File "/opt/airflow/dags/flex_eau_pipeline.py", line 26
    ingestion = BashOperator(
    ^^^^^^^^^
IndentationError: expected an indented block after 'with' statement on line 11
[2026-07-18T23:28:54.770+0000] {processor.py:927} WARNING - No viable dags retrieved from /opt/airflow/dags/flex_eau_pipeline.py
[2026-07-18T23:28:54.858+0000] {processor.py:208} INFO - Processing /opt/airflow/dags/flex_eau_pipeline.py took 0.167 seconds
[2026-07-18T23:29:25.631+0000] {processor.py:186} INFO - Started process (PID=91934) to work on /opt/airflow/dags/flex_eau_pipeline.py
[2026-07-18T23:29:25.633+0000] {processor.py:914} INFO - Processing file /opt/airflow/dags/flex_eau_pipeline.py for tasks to queue
[2026-07-18T23:29:25.638+0000] {logging_mixin.py:190} INFO - [2026-07-18T23:29:25.637+0000] {dagbag.py:587} INFO - Filling up the DagBag from /opt/airflow/dags/flex_eau_pipeline.py
[2026-07-18T23:29:25.702+0000] {logging_mixin.py:190} INFO - [2026-07-18T23:29:25.699+0000] {dagbag.py:386} ERROR - Failed to import: /opt/airflow/dags/flex_eau_pipeline.py
Traceback (most recent call last):
  File "/home/airflow/.local/lib/python3.12/site-packages/airflow/models/dagbag.py", line 382, in parse
    loader.exec_module(new_module)
  File "<frozen importlib._bootstrap_external>", line 991, in exec_module
  File "<frozen importlib._bootstrap_external>", line 1129, in get_code
  File "<frozen importlib._bootstrap_external>", line 1059, in source_to_code
  File "<frozen importlib._bootstrap>", line 488, in _call_with_frames_removed
  File "/opt/airflow/dags/flex_eau_pipeline.py", line 26
    ingestion = BashOperator(
    ^^^^^^^^^
IndentationError: expected an indented block after 'with' statement on line 11
[2026-07-18T23:29:25.704+0000] {processor.py:927} WARNING - No viable dags retrieved from /opt/airflow/dags/flex_eau_pipeline.py
[2026-07-18T23:29:25.793+0000] {processor.py:208} INFO - Processing /opt/airflow/dags/flex_eau_pipeline.py took 0.171 seconds
[2026-07-18T23:29:56.431+0000] {processor.py:186} INFO - Started process (PID=91939) to work on /opt/airflow/dags/flex_eau_pipeline.py
[2026-07-18T23:29:56.438+0000] {processor.py:914} INFO - Processing file /opt/airflow/dags/flex_eau_pipeline.py for tasks to queue
[2026-07-18T23:29:56.452+0000] {logging_mixin.py:190} INFO - [2026-07-18T23:29:56.449+0000] {dagbag.py:587} INFO - Filling up the DagBag from /opt/airflow/dags/flex_eau_pipeline.py
[2026-07-18T23:29:56.583+0000] {logging_mixin.py:190} INFO - [2026-07-18T23:29:56.577+0000] {dagbag.py:386} ERROR - Failed to import: /opt/airflow/dags/flex_eau_pipeline.py
Traceback (most recent call last):
  File "/home/airflow/.local/lib/python3.12/site-packages/airflow/models/dagbag.py", line 382, in parse
    loader.exec_module(new_module)
  File "<frozen importlib._bootstrap_external>", line 991, in exec_module
  File "<frozen importlib._bootstrap_external>", line 1129, in get_code
  File "<frozen importlib._bootstrap_external>", line 1059, in source_to_code
  File "<frozen importlib._bootstrap>", line 488, in _call_with_frames_removed
  File "/opt/airflow/dags/flex_eau_pipeline.py", line 26
    ingestion = BashOperator(
    ^^^^^^^^^
IndentationError: expected an indented block after 'with' statement on line 11
[2026-07-18T23:29:56.587+0000] {processor.py:927} WARNING - No viable dags retrieved from /opt/airflow/dags/flex_eau_pipeline.py
[2026-07-18T23:29:56.710+0000] {processor.py:208} INFO - Processing /opt/airflow/dags/flex_eau_pipeline.py took 0.317 seconds
[2026-07-18T23:30:27.273+0000] {processor.py:186} INFO - Started process (PID=91944) to work on /opt/airflow/dags/flex_eau_pipeline.py
[2026-07-18T23:30:27.275+0000] {processor.py:914} INFO - Processing file /opt/airflow/dags/flex_eau_pipeline.py for tasks to queue
[2026-07-18T23:30:27.281+0000] {logging_mixin.py:190} INFO - [2026-07-18T23:30:27.280+0000] {dagbag.py:587} INFO - Filling up the DagBag from /opt/airflow/dags/flex_eau_pipeline.py
[2026-07-18T23:30:27.318+0000] {logging_mixin.py:190} INFO - [2026-07-18T23:30:27.316+0000] {dagbag.py:386} ERROR - Failed to import: /opt/airflow/dags/flex_eau_pipeline.py
Traceback (most recent call last):
  File "/home/airflow/.local/lib/python3.12/site-packages/airflow/models/dagbag.py", line 382, in parse
    loader.exec_module(new_module)
  File "<frozen importlib._bootstrap_external>", line 991, in exec_module
  File "<frozen importlib._bootstrap_external>", line 1129, in get_code
  File "<frozen importlib._bootstrap_external>", line 1059, in source_to_code
  File "<frozen importlib._bootstrap>", line 488, in _call_with_frames_removed
  File "/opt/airflow/dags/flex_eau_pipeline.py", line 26
    ingestion = BashOperator(
    ^^^^^^^^^
IndentationError: expected an indented block after 'with' statement on line 11
[2026-07-18T23:30:27.320+0000] {processor.py:927} WARNING - No viable dags retrieved from /opt/airflow/dags/flex_eau_pipeline.py
[2026-07-18T23:30:27.363+0000] {processor.py:208} INFO - Processing /opt/airflow/dags/flex_eau_pipeline.py took 0.100 seconds
[2026-07-18T23:30:58.050+0000] {processor.py:186} INFO - Started process (PID=91949) to work on /opt/airflow/dags/flex_eau_pipeline.py
[2026-07-18T23:30:58.056+0000] {processor.py:914} INFO - Processing file /opt/airflow/dags/flex_eau_pipeline.py for tasks to queue
[2026-07-18T23:30:58.073+0000] {logging_mixin.py:190} INFO - [2026-07-18T23:30:58.071+0000] {dagbag.py:587} INFO - Filling up the DagBag from /opt/airflow/dags/flex_eau_pipeline.py
[2026-07-18T23:30:58.207+0000] {logging_mixin.py:190} INFO - [2026-07-18T23:30:58.199+0000] {dagbag.py:386} ERROR - Failed to import: /opt/airflow/dags/flex_eau_pipeline.py
Traceback (most recent call last):
  File "/home/airflow/.local/lib/python3.12/site-packages/airflow/models/dagbag.py", line 382, in parse
    loader.exec_module(new_module)
  File "<frozen importlib._bootstrap_external>", line 991, in exec_module
  File "<frozen importlib._bootstrap_external>", line 1129, in get_code
  File "<frozen importlib._bootstrap_external>", line 1059, in source_to_code
  File "<frozen importlib._bootstrap>", line 488, in _call_with_frames_removed
  File "/opt/airflow/dags/flex_eau_pipeline.py", line 26
    ingestion = BashOperator(
    ^^^^^^^^^
IndentationError: expected an indented block after 'with' statement on line 11
[2026-07-18T23:30:58.211+0000] {processor.py:927} WARNING - No viable dags retrieved from /opt/airflow/dags/flex_eau_pipeline.py
[2026-07-18T23:30:58.350+0000] {processor.py:208} INFO - Processing /opt/airflow/dags/flex_eau_pipeline.py took 0.336 seconds
[2026-07-18T23:31:28.979+0000] {processor.py:186} INFO - Started process (PID=91954) to work on /opt/airflow/dags/flex_eau_pipeline.py
[2026-07-18T23:31:28.983+0000] {processor.py:914} INFO - Processing file /opt/airflow/dags/flex_eau_pipeline.py for tasks to queue
[2026-07-18T23:31:28.989+0000] {logging_mixin.py:190} INFO - [2026-07-18T23:31:28.989+0000] {dagbag.py:587} INFO - Filling up the DagBag from /opt/airflow/dags/flex_eau_pipeline.py
[2026-07-18T23:31:29.038+0000] {logging_mixin.py:190} INFO - [2026-07-18T23:31:29.036+0000] {dagbag.py:386} ERROR - Failed to import: /opt/airflow/dags/flex_eau_pipeline.py
Traceback (most recent call last):
  File "/home/airflow/.local/lib/python3.12/site-packages/airflow/models/dagbag.py", line 382, in parse
    loader.exec_module(new_module)
  File "<frozen importlib._bootstrap_external>", line 991, in exec_module
  File "<frozen importlib._bootstrap_external>", line 1129, in get_code
  File "<frozen importlib._bootstrap_external>", line 1059, in source_to_code
  File "<frozen importlib._bootstrap>", line 488, in _call_with_frames_removed
  File "/opt/airflow/dags/flex_eau_pipeline.py", line 26
    ingestion = BashOperator(
    ^^^^^^^^^
IndentationError: expected an indented block after 'with' statement on line 11
[2026-07-18T23:31:29.040+0000] {processor.py:927} WARNING - No viable dags retrieved from /opt/airflow/dags/flex_eau_pipeline.py
[2026-07-18T23:31:29.093+0000] {processor.py:208} INFO - Processing /opt/airflow/dags/flex_eau_pipeline.py took 0.133 seconds
[2026-07-18T23:31:59.804+0000] {processor.py:186} INFO - Started process (PID=91959) to work on /opt/airflow/dags/flex_eau_pipeline.py
[2026-07-18T23:31:59.808+0000] {processor.py:914} INFO - Processing file /opt/airflow/dags/flex_eau_pipeline.py for tasks to queue
[2026-07-18T23:31:59.819+0000] {logging_mixin.py:190} INFO - [2026-07-18T23:31:59.818+0000] {dagbag.py:587} INFO - Filling up the DagBag from /opt/airflow/dags/flex_eau_pipeline.py
[2026-07-18T23:31:59.902+0000] {logging_mixin.py:190} INFO - [2026-07-18T23:31:59.899+0000] {dagbag.py:386} ERROR - Failed to import: /opt/airflow/dags/flex_eau_pipeline.py
Traceback (most recent call last):
  File "/home/airflow/.local/lib/python3.12/site-packages/airflow/models/dagbag.py", line 382, in parse
    loader.exec_module(new_module)
  File "<frozen importlib._bootstrap_external>", line 991, in exec_module
  File "<frozen importlib._bootstrap_external>", line 1129, in get_code
  File "<frozen importlib._bootstrap_external>", line 1059, in source_to_code
  File "<frozen importlib._bootstrap>", line 488, in _call_with_frames_removed
  File "/opt/airflow/dags/flex_eau_pipeline.py", line 26
    ingestion = BashOperator(
    ^^^^^^^^^
IndentationError: expected an indented block after 'with' statement on line 11
[2026-07-18T23:31:59.905+0000] {processor.py:927} WARNING - No viable dags retrieved from /opt/airflow/dags/flex_eau_pipeline.py
[2026-07-18T23:31:59.994+0000] {processor.py:208} INFO - Processing /opt/airflow/dags/flex_eau_pipeline.py took 0.218 seconds
[2026-07-18T23:32:30.725+0000] {processor.py:186} INFO - Started process (PID=91964) to work on /opt/airflow/dags/flex_eau_pipeline.py
[2026-07-18T23:32:30.731+0000] {processor.py:914} INFO - Processing file /opt/airflow/dags/flex_eau_pipeline.py for tasks to queue
[2026-07-18T23:32:30.743+0000] {logging_mixin.py:190} INFO - [2026-07-18T23:32:30.740+0000] {dagbag.py:587} INFO - Filling up the DagBag from /opt/airflow/dags/flex_eau_pipeline.py
[2026-07-18T23:32:30.828+0000] {logging_mixin.py:190} INFO - [2026-07-18T23:32:30.825+0000] {dagbag.py:386} ERROR - Failed to import: /opt/airflow/dags/flex_eau_pipeline.py
Traceback (most recent call last):
  File "/home/airflow/.local/lib/python3.12/site-packages/airflow/models/dagbag.py", line 382, in parse
    loader.exec_module(new_module)
  File "<frozen importlib._bootstrap_external>", line 991, in exec_module
  File "<frozen importlib._bootstrap_external>", line 1129, in get_code
  File "<frozen importlib._bootstrap_external>", line 1059, in source_to_code
  File "<frozen importlib._bootstrap>", line 488, in _call_with_frames_removed
  File "/opt/airflow/dags/flex_eau_pipeline.py", line 26
    ingestion = BashOperator(
    ^^^^^^^^^
IndentationError: expected an indented block after 'with' statement on line 11
[2026-07-18T23:32:30.831+0000] {processor.py:927} WARNING - No viable dags retrieved from /opt/airflow/dags/flex_eau_pipeline.py
[2026-07-18T23:32:30.905+0000] {processor.py:208} INFO - Processing /opt/airflow/dags/flex_eau_pipeline.py took 0.218 seconds
[2026-07-18T23:33:01.814+0000] {processor.py:186} INFO - Started process (PID=91969) to work on /opt/airflow/dags/flex_eau_pipeline.py
[2026-07-18T23:33:01.820+0000] {processor.py:914} INFO - Processing file /opt/airflow/dags/flex_eau_pipeline.py for tasks to queue
[2026-07-18T23:33:01.837+0000] {logging_mixin.py:190} INFO - [2026-07-18T23:33:01.836+0000] {dagbag.py:587} INFO - Filling up the DagBag from /opt/airflow/dags/flex_eau_pipeline.py
[2026-07-18T23:33:01.971+0000] {logging_mixin.py:190} INFO - [2026-07-18T23:33:01.966+0000] {dagbag.py:386} ERROR - Failed to import: /opt/airflow/dags/flex_eau_pipeline.py
Traceback (most recent call last):
  File "/home/airflow/.local/lib/python3.12/site-packages/airflow/models/dagbag.py", line 382, in parse
    loader.exec_module(new_module)
  File "<frozen importlib._bootstrap_external>", line 991, in exec_module
  File "<frozen importlib._bootstrap_external>", line 1129, in get_code
  File "<frozen importlib._bootstrap_external>", line 1059, in source_to_code
  File "<frozen importlib._bootstrap>", line 488, in _call_with_frames_removed
  File "/opt/airflow/dags/flex_eau_pipeline.py", line 26
    ingestion = BashOperator(
    ^^^^^^^^^
IndentationError: expected an indented block after 'with' statement on line 11
[2026-07-18T23:33:01.977+0000] {processor.py:927} WARNING - No viable dags retrieved from /opt/airflow/dags/flex_eau_pipeline.py
[2026-07-18T23:33:02.125+0000] {processor.py:208} INFO - Processing /opt/airflow/dags/flex_eau_pipeline.py took 0.344 seconds
[2026-07-18T23:33:32.722+0000] {processor.py:186} INFO - Started process (PID=91974) to work on /opt/airflow/dags/flex_eau_pipeline.py
[2026-07-18T23:33:32.728+0000] {processor.py:914} INFO - Processing file /opt/airflow/dags/flex_eau_pipeline.py for tasks to queue
[2026-07-18T23:33:32.748+0000] {logging_mixin.py:190} INFO - [2026-07-18T23:33:32.746+0000] {dagbag.py:587} INFO - Filling up the DagBag from /opt/airflow/dags/flex_eau_pipeline.py
[2026-07-18T23:33:32.884+0000] {logging_mixin.py:190} INFO - [2026-07-18T23:33:32.878+0000] {dagbag.py:386} ERROR - Failed to import: /opt/airflow/dags/flex_eau_pipeline.py
Traceback (most recent call last):
  File "/home/airflow/.local/lib/python3.12/site-packages/airflow/models/dagbag.py", line 382, in parse
    loader.exec_module(new_module)
  File "<frozen importlib._bootstrap_external>", line 991, in exec_module
  File "<frozen importlib._bootstrap_external>", line 1129, in get_code
  File "<frozen importlib._bootstrap_external>", line 1059, in source_to_code
  File "<frozen importlib._bootstrap>", line 488, in _call_with_frames_removed
  File "/opt/airflow/dags/flex_eau_pipeline.py", line 26
    ingestion = BashOperator(
    ^^^^^^^^^
IndentationError: expected an indented block after 'with' statement on line 11
[2026-07-18T23:33:32.888+0000] {processor.py:927} WARNING - No viable dags retrieved from /opt/airflow/dags/flex_eau_pipeline.py
[2026-07-18T23:33:33.039+0000] {processor.py:208} INFO - Processing /opt/airflow/dags/flex_eau_pipeline.py took 0.356 seconds
[2026-07-18T23:34:03.915+0000] {processor.py:186} INFO - Started process (PID=91979) to work on /opt/airflow/dags/flex_eau_pipeline.py
[2026-07-18T23:34:03.919+0000] {processor.py:914} INFO - Processing file /opt/airflow/dags/flex_eau_pipeline.py for tasks to queue
[2026-07-18T23:34:03.926+0000] {logging_mixin.py:190} INFO - [2026-07-18T23:34:03.925+0000] {dagbag.py:587} INFO - Filling up the DagBag from /opt/airflow/dags/flex_eau_pipeline.py
[2026-07-18T23:34:03.998+0000] {logging_mixin.py:190} INFO - [2026-07-18T23:34:03.996+0000] {dagbag.py:386} ERROR - Failed to import: /opt/airflow/dags/flex_eau_pipeline.py
Traceback (most recent call last):
  File "/home/airflow/.local/lib/python3.12/site-packages/airflow/models/dagbag.py", line 382, in parse
    loader.exec_module(new_module)
  File "<frozen importlib._bootstrap_external>", line 991, in exec_module
  File "<frozen importlib._bootstrap_external>", line 1129, in get_code
  File "<frozen importlib._bootstrap_external>", line 1059, in source_to_code
  File "<frozen importlib._bootstrap>", line 488, in _call_with_frames_removed
  File "/opt/airflow/dags/flex_eau_pipeline.py", line 26
    ingestion = BashOperator(
    ^^^^^^^^^
IndentationError: expected an indented block after 'with' statement on line 11
[2026-07-18T23:34:04.000+0000] {processor.py:927} WARNING - No viable dags retrieved from /opt/airflow/dags/flex_eau_pipeline.py
[2026-07-18T23:34:04.068+0000] {processor.py:208} INFO - Processing /opt/airflow/dags/flex_eau_pipeline.py took 0.175 seconds
[2026-07-18T23:34:34.665+0000] {processor.py:186} INFO - Started process (PID=91984) to work on /opt/airflow/dags/flex_eau_pipeline.py
[2026-07-18T23:34:34.668+0000] {processor.py:914} INFO - Processing file /opt/airflow/dags/flex_eau_pipeline.py for tasks to queue
[2026-07-18T23:34:34.676+0000] {logging_mixin.py:190} INFO - [2026-07-18T23:34:34.676+0000] {dagbag.py:587} INFO - Filling up the DagBag from /opt/airflow/dags/flex_eau_pipeline.py
[2026-07-18T23:34:34.743+0000] {logging_mixin.py:190} INFO - [2026-07-18T23:34:34.741+0000] {dagbag.py:386} ERROR - Failed to import: /opt/airflow/dags/flex_eau_pipeline.py
Traceback (most recent call last):
  File "/home/airflow/.local/lib/python3.12/site-packages/airflow/models/dagbag.py", line 382, in parse
    loader.exec_module(new_module)
  File "<frozen importlib._bootstrap_external>", line 991, in exec_module
  File "<frozen importlib._bootstrap_external>", line 1129, in get_code
  File "<frozen importlib._bootstrap_external>", line 1059, in source_to_code
  File "<frozen importlib._bootstrap>", line 488, in _call_with_frames_removed
  File "/opt/airflow/dags/flex_eau_pipeline.py", line 26
    ingestion = BashOperator(
    ^^^^^^^^^
IndentationError: expected an indented block after 'with' statement on line 11
[2026-07-18T23:34:34.745+0000] {processor.py:927} WARNING - No viable dags retrieved from /opt/airflow/dags/flex_eau_pipeline.py
[2026-07-18T23:34:34.815+0000] {processor.py:208} INFO - Processing /opt/airflow/dags/flex_eau_pipeline.py took 0.158 seconds
[2026-07-18T23:35:05.721+0000] {processor.py:186} INFO - Started process (PID=91989) to work on /opt/airflow/dags/flex_eau_pipeline.py
[2026-07-18T23:35:05.723+0000] {processor.py:914} INFO - Processing file /opt/airflow/dags/flex_eau_pipeline.py for tasks to queue
[2026-07-18T23:35:05.727+0000] {logging_mixin.py:190} INFO - [2026-07-18T23:35:05.727+0000] {dagbag.py:587} INFO - Filling up the DagBag from /opt/airflow/dags/flex_eau_pipeline.py
[2026-07-18T23:35:05.759+0000] {logging_mixin.py:190} INFO - [2026-07-18T23:35:05.756+0000] {dagbag.py:386} ERROR - Failed to import: /opt/airflow/dags/flex_eau_pipeline.py
Traceback (most recent call last):
  File "/home/airflow/.local/lib/python3.12/site-packages/airflow/models/dagbag.py", line 382, in parse
    loader.exec_module(new_module)
  File "<frozen importlib._bootstrap_external>", line 991, in exec_module
  File "<frozen importlib._bootstrap_external>", line 1129, in get_code
  File "<frozen importlib._bootstrap_external>", line 1059, in source_to_code
  File "<frozen importlib._bootstrap>", line 488, in _call_with_frames_removed
  File "/opt/airflow/dags/flex_eau_pipeline.py", line 26
    ingestion = BashOperator(
    ^^^^^^^^^
IndentationError: expected an indented block after 'with' statement on line 11
[2026-07-18T23:35:05.761+0000] {processor.py:927} WARNING - No viable dags retrieved from /opt/airflow/dags/flex_eau_pipeline.py
[2026-07-18T23:35:05.812+0000] {processor.py:208} INFO - Processing /opt/airflow/dags/flex_eau_pipeline.py took 0.109 seconds
[2026-07-18T23:35:36.468+0000] {processor.py:186} INFO - Started process (PID=91994) to work on /opt/airflow/dags/flex_eau_pipeline.py
[2026-07-18T23:35:36.471+0000] {processor.py:914} INFO - Processing file /opt/airflow/dags/flex_eau_pipeline.py for tasks to queue
[2026-07-18T23:35:36.477+0000] {logging_mixin.py:190} INFO - [2026-07-18T23:35:36.476+0000] {dagbag.py:587} INFO - Filling up the DagBag from /opt/airflow/dags/flex_eau_pipeline.py
[2026-07-18T23:35:36.510+0000] {logging_mixin.py:190} INFO - [2026-07-18T23:35:36.509+0000] {dagbag.py:386} ERROR - Failed to import: /opt/airflow/dags/flex_eau_pipeline.py
Traceback (most recent call last):
  File "/home/airflow/.local/lib/python3.12/site-packages/airflow/models/dagbag.py", line 382, in parse
    loader.exec_module(new_module)
  File "<frozen importlib._bootstrap_external>", line 991, in exec_module
  File "<frozen importlib._bootstrap_external>", line 1129, in get_code
  File "<frozen importlib._bootstrap_external>", line 1059, in source_to_code
  File "<frozen importlib._bootstrap>", line 488, in _call_with_frames_removed
  File "/opt/airflow/dags/flex_eau_pipeline.py", line 26
    ingestion = BashOperator(
    ^^^^^^^^^
IndentationError: expected an indented block after 'with' statement on line 11
[2026-07-18T23:35:36.511+0000] {processor.py:927} WARNING - No viable dags retrieved from /opt/airflow/dags/flex_eau_pipeline.py
[2026-07-18T23:35:36.544+0000] {processor.py:208} INFO - Processing /opt/airflow/dags/flex_eau_pipeline.py took 0.090 seconds
[2026-07-18T23:36:06.875+0000] {processor.py:186} INFO - Started process (PID=91999) to work on /opt/airflow/dags/flex_eau_pipeline.py
[2026-07-18T23:36:06.877+0000] {processor.py:914} INFO - Processing file /opt/airflow/dags/flex_eau_pipeline.py for tasks to queue
[2026-07-18T23:36:06.881+0000] {logging_mixin.py:190} INFO - [2026-07-18T23:36:06.881+0000] {dagbag.py:587} INFO - Filling up the DagBag from /opt/airflow/dags/flex_eau_pipeline.py
[2026-07-18T23:36:06.919+0000] {logging_mixin.py:190} INFO - [2026-07-18T23:36:06.918+0000] {dagbag.py:386} ERROR - Failed to import: /opt/airflow/dags/flex_eau_pipeline.py
Traceback (most recent call last):
  File "/home/airflow/.local/lib/python3.12/site-packages/airflow/models/dagbag.py", line 382, in parse
    loader.exec_module(new_module)
  File "<frozen importlib._bootstrap_external>", line 991, in exec_module
  File "<frozen importlib._bootstrap_external>", line 1129, in get_code
  File "<frozen importlib._bootstrap_external>", line 1059, in source_to_code
  File "<frozen importlib._bootstrap>", line 488, in _call_with_frames_removed
  File "/opt/airflow/dags/flex_eau_pipeline.py", line 26
    ingestion = BashOperator(
    ^^^^^^^^^
IndentationError: expected an indented block after 'with' statement on line 11
[2026-07-18T23:36:06.921+0000] {processor.py:927} WARNING - No viable dags retrieved from /opt/airflow/dags/flex_eau_pipeline.py
[2026-07-18T23:36:06.960+0000] {processor.py:208} INFO - Processing /opt/airflow/dags/flex_eau_pipeline.py took 0.103 seconds
[2026-07-18T23:36:37.507+0000] {processor.py:186} INFO - Started process (PID=92004) to work on /opt/airflow/dags/flex_eau_pipeline.py
[2026-07-18T23:36:37.509+0000] {processor.py:914} INFO - Processing file /opt/airflow/dags/flex_eau_pipeline.py for tasks to queue
[2026-07-18T23:36:37.515+0000] {logging_mixin.py:190} INFO - [2026-07-18T23:36:37.514+0000] {dagbag.py:587} INFO - Filling up the DagBag from /opt/airflow/dags/flex_eau_pipeline.py
[2026-07-18T23:36:37.555+0000] {logging_mixin.py:190} INFO - [2026-07-18T23:36:37.554+0000] {dagbag.py:386} ERROR - Failed to import: /opt/airflow/dags/flex_eau_pipeline.py
Traceback (most recent call last):
  File "/home/airflow/.local/lib/python3.12/site-packages/airflow/models/dagbag.py", line 382, in parse
    loader.exec_module(new_module)
  File "<frozen importlib._bootstrap_external>", line 991, in exec_module
  File "<frozen importlib._bootstrap_external>", line 1129, in get_code
  File "<frozen importlib._bootstrap_external>", line 1059, in source_to_code
  File "<frozen importlib._bootstrap>", line 488, in _call_with_frames_removed
  File "/opt/airflow/dags/flex_eau_pipeline.py", line 26
    ingestion = BashOperator(
    ^^^^^^^^^
IndentationError: expected an indented block after 'with' statement on line 11
[2026-07-18T23:36:37.556+0000] {processor.py:927} WARNING - No viable dags retrieved from /opt/airflow/dags/flex_eau_pipeline.py
[2026-07-18T23:36:37.594+0000] {processor.py:208} INFO - Processing /opt/airflow/dags/flex_eau_pipeline.py took 0.105 seconds
[2026-07-18T23:37:08.243+0000] {processor.py:186} INFO - Started process (PID=92009) to work on /opt/airflow/dags/flex_eau_pipeline.py
[2026-07-18T23:37:08.246+0000] {processor.py:914} INFO - Processing file /opt/airflow/dags/flex_eau_pipeline.py for tasks to queue
[2026-07-18T23:37:08.251+0000] {logging_mixin.py:190} INFO - [2026-07-18T23:37:08.250+0000] {dagbag.py:587} INFO - Filling up the DagBag from /opt/airflow/dags/flex_eau_pipeline.py
[2026-07-18T23:37:08.293+0000] {logging_mixin.py:190} INFO - [2026-07-18T23:37:08.291+0000] {dagbag.py:386} ERROR - Failed to import: /opt/airflow/dags/flex_eau_pipeline.py
Traceback (most recent call last):
  File "/home/airflow/.local/lib/python3.12/site-packages/airflow/models/dagbag.py", line 382, in parse
    loader.exec_module(new_module)
  File "<frozen importlib._bootstrap_external>", line 991, in exec_module
  File "<frozen importlib._bootstrap_external>", line 1129, in get_code
  File "<frozen importlib._bootstrap_external>", line 1059, in source_to_code
  File "<frozen importlib._bootstrap>", line 488, in _call_with_frames_removed
  File "/opt/airflow/dags/flex_eau_pipeline.py", line 26
    ingestion = BashOperator(
    ^^^^^^^^^
IndentationError: expected an indented block after 'with' statement on line 11
[2026-07-18T23:37:08.295+0000] {processor.py:927} WARNING - No viable dags retrieved from /opt/airflow/dags/flex_eau_pipeline.py
[2026-07-18T23:37:08.337+0000] {processor.py:208} INFO - Processing /opt/airflow/dags/flex_eau_pipeline.py took 0.104 seconds
[2026-07-18T23:37:38.849+0000] {processor.py:186} INFO - Started process (PID=92014) to work on /opt/airflow/dags/flex_eau_pipeline.py
[2026-07-18T23:37:38.850+0000] {processor.py:914} INFO - Processing file /opt/airflow/dags/flex_eau_pipeline.py for tasks to queue
[2026-07-18T23:37:38.854+0000] {logging_mixin.py:190} INFO - [2026-07-18T23:37:38.853+0000] {dagbag.py:587} INFO - Filling up the DagBag from /opt/airflow/dags/flex_eau_pipeline.py
[2026-07-18T23:37:38.887+0000] {logging_mixin.py:190} INFO - [2026-07-18T23:37:38.884+0000] {dagbag.py:386} ERROR - Failed to import: /opt/airflow/dags/flex_eau_pipeline.py
Traceback (most recent call last):
  File "/home/airflow/.local/lib/python3.12/site-packages/airflow/models/dagbag.py", line 382, in parse
    loader.exec_module(new_module)
  File "<frozen importlib._bootstrap_external>", line 991, in exec_module
  File "<frozen importlib._bootstrap_external>", line 1129, in get_code
  File "<frozen importlib._bootstrap_external>", line 1059, in source_to_code
  File "<frozen importlib._bootstrap>", line 488, in _call_with_frames_removed
  File "/opt/airflow/dags/flex_eau_pipeline.py", line 26
    ingestion = BashOperator(
    ^^^^^^^^^
IndentationError: expected an indented block after 'with' statement on line 11
[2026-07-18T23:37:38.889+0000] {processor.py:927} WARNING - No viable dags retrieved from /opt/airflow/dags/flex_eau_pipeline.py
[2026-07-18T23:37:38.951+0000] {processor.py:208} INFO - Processing /opt/airflow/dags/flex_eau_pipeline.py took 0.111 seconds
[2026-07-18T23:38:09.471+0000] {processor.py:186} INFO - Started process (PID=92019) to work on /opt/airflow/dags/flex_eau_pipeline.py
[2026-07-18T23:38:09.473+0000] {processor.py:914} INFO - Processing file /opt/airflow/dags/flex_eau_pipeline.py for tasks to queue
[2026-07-18T23:38:09.479+0000] {logging_mixin.py:190} INFO - [2026-07-18T23:38:09.478+0000] {dagbag.py:587} INFO - Filling up the DagBag from /opt/airflow/dags/flex_eau_pipeline.py
[2026-07-18T23:38:09.522+0000] {logging_mixin.py:190} INFO - [2026-07-18T23:38:09.520+0000] {dagbag.py:386} ERROR - Failed to import: /opt/airflow/dags/flex_eau_pipeline.py
Traceback (most recent call last):
  File "/home/airflow/.local/lib/python3.12/site-packages/airflow/models/dagbag.py", line 382, in parse
    loader.exec_module(new_module)
  File "<frozen importlib._bootstrap_external>", line 991, in exec_module
  File "<frozen importlib._bootstrap_external>", line 1129, in get_code
  File "<frozen importlib._bootstrap_external>", line 1059, in source_to_code
  File "<frozen importlib._bootstrap>", line 488, in _call_with_frames_removed
  File "/opt/airflow/dags/flex_eau_pipeline.py", line 26
    ingestion = BashOperator(
    ^^^^^^^^^
IndentationError: expected an indented block after 'with' statement on line 11
[2026-07-18T23:38:09.523+0000] {processor.py:927} WARNING - No viable dags retrieved from /opt/airflow/dags/flex_eau_pipeline.py
[2026-07-18T23:38:09.568+0000] {processor.py:208} INFO - Processing /opt/airflow/dags/flex_eau_pipeline.py took 0.113 seconds
[2026-07-18T23:38:40.220+0000] {processor.py:186} INFO - Started process (PID=92024) to work on /opt/airflow/dags/flex_eau_pipeline.py
[2026-07-18T23:38:40.222+0000] {processor.py:914} INFO - Processing file /opt/airflow/dags/flex_eau_pipeline.py for tasks to queue
[2026-07-18T23:38:40.226+0000] {logging_mixin.py:190} INFO - [2026-07-18T23:38:40.226+0000] {dagbag.py:587} INFO - Filling up the DagBag from /opt/airflow/dags/flex_eau_pipeline.py
[2026-07-18T23:38:40.260+0000] {logging_mixin.py:190} INFO - [2026-07-18T23:38:40.258+0000] {dagbag.py:386} ERROR - Failed to import: /opt/airflow/dags/flex_eau_pipeline.py
Traceback (most recent call last):
  File "/home/airflow/.local/lib/python3.12/site-packages/airflow/models/dagbag.py", line 382, in parse
    loader.exec_module(new_module)
  File "<frozen importlib._bootstrap_external>", line 991, in exec_module
  File "<frozen importlib._bootstrap_external>", line 1129, in get_code
  File "<frozen importlib._bootstrap_external>", line 1059, in source_to_code
  File "<frozen importlib._bootstrap>", line 488, in _call_with_frames_removed
  File "/opt/airflow/dags/flex_eau_pipeline.py", line 26
    ingestion = BashOperator(
    ^^^^^^^^^
IndentationError: expected an indented block after 'with' statement on line 11
[2026-07-18T23:38:40.262+0000] {processor.py:927} WARNING - No viable dags retrieved from /opt/airflow/dags/flex_eau_pipeline.py
[2026-07-18T23:38:40.305+0000] {processor.py:208} INFO - Processing /opt/airflow/dags/flex_eau_pipeline.py took 0.095 seconds
[2026-07-18T23:39:11.075+0000] {processor.py:186} INFO - Started process (PID=92029) to work on /opt/airflow/dags/flex_eau_pipeline.py
[2026-07-18T23:39:11.081+0000] {processor.py:914} INFO - Processing file /opt/airflow/dags/flex_eau_pipeline.py for tasks to queue
[2026-07-18T23:39:11.091+0000] {logging_mixin.py:190} INFO - [2026-07-18T23:39:11.090+0000] {dagbag.py:587} INFO - Filling up the DagBag from /opt/airflow/dags/flex_eau_pipeline.py
[2026-07-18T23:39:11.172+0000] {logging_mixin.py:190} INFO - [2026-07-18T23:39:11.167+0000] {dagbag.py:386} ERROR - Failed to import: /opt/airflow/dags/flex_eau_pipeline.py
Traceback (most recent call last):
  File "/home/airflow/.local/lib/python3.12/site-packages/airflow/models/dagbag.py", line 382, in parse
    loader.exec_module(new_module)
  File "<frozen importlib._bootstrap_external>", line 991, in exec_module
  File "<frozen importlib._bootstrap_external>", line 1129, in get_code
  File "<frozen importlib._bootstrap_external>", line 1059, in source_to_code
  File "<frozen importlib._bootstrap>", line 488, in _call_with_frames_removed
  File "/opt/airflow/dags/flex_eau_pipeline.py", line 26
    ingestion = BashOperator(
    ^^^^^^^^^
IndentationError: expected an indented block after 'with' statement on line 11
[2026-07-18T23:39:11.175+0000] {processor.py:927} WARNING - No viable dags retrieved from /opt/airflow/dags/flex_eau_pipeline.py
[2026-07-18T23:39:11.262+0000] {processor.py:208} INFO - Processing /opt/airflow/dags/flex_eau_pipeline.py took 0.208 seconds
[2026-07-18T23:39:41.865+0000] {processor.py:186} INFO - Started process (PID=92034) to work on /opt/airflow/dags/flex_eau_pipeline.py
[2026-07-18T23:39:41.869+0000] {processor.py:914} INFO - Processing file /opt/airflow/dags/flex_eau_pipeline.py for tasks to queue
[2026-07-18T23:39:41.881+0000] {logging_mixin.py:190} INFO - [2026-07-18T23:39:41.880+0000] {dagbag.py:587} INFO - Filling up the DagBag from /opt/airflow/dags/flex_eau_pipeline.py
[2026-07-18T23:39:41.937+0000] {logging_mixin.py:190} INFO - [2026-07-18T23:39:41.936+0000] {dagbag.py:386} ERROR - Failed to import: /opt/airflow/dags/flex_eau_pipeline.py
Traceback (most recent call last):
  File "/home/airflow/.local/lib/python3.12/site-packages/airflow/models/dagbag.py", line 382, in parse
    loader.exec_module(new_module)
  File "<frozen importlib._bootstrap_external>", line 991, in exec_module
  File "<frozen importlib._bootstrap_external>", line 1129, in get_code
  File "<frozen importlib._bootstrap_external>", line 1059, in source_to_code
  File "<frozen importlib._bootstrap>", line 488, in _call_with_frames_removed
  File "/opt/airflow/dags/flex_eau_pipeline.py", line 26
    ingestion = BashOperator(
    ^^^^^^^^^
IndentationError: expected an indented block after 'with' statement on line 11
[2026-07-18T23:39:41.939+0000] {processor.py:927} WARNING - No viable dags retrieved from /opt/airflow/dags/flex_eau_pipeline.py
[2026-07-18T23:39:41.980+0000] {processor.py:208} INFO - Processing /opt/airflow/dags/flex_eau_pipeline.py took 0.136 seconds
[2026-07-18T23:40:12.752+0000] {processor.py:186} INFO - Started process (PID=92039) to work on /opt/airflow/dags/flex_eau_pipeline.py
[2026-07-18T23:40:12.760+0000] {processor.py:914} INFO - Processing file /opt/airflow/dags/flex_eau_pipeline.py for tasks to queue
[2026-07-18T23:40:12.773+0000] {logging_mixin.py:190} INFO - [2026-07-18T23:40:12.771+0000] {dagbag.py:587} INFO - Filling up the DagBag from /opt/airflow/dags/flex_eau_pipeline.py
[2026-07-18T23:40:12.878+0000] {logging_mixin.py:190} INFO - [2026-07-18T23:40:12.873+0000] {dagbag.py:386} ERROR - Failed to import: /opt/airflow/dags/flex_eau_pipeline.py
Traceback (most recent call last):
  File "/home/airflow/.local/lib/python3.12/site-packages/airflow/models/dagbag.py", line 382, in parse
    loader.exec_module(new_module)
  File "<frozen importlib._bootstrap_external>", line 991, in exec_module
  File "<frozen importlib._bootstrap_external>", line 1129, in get_code
  File "<frozen importlib._bootstrap_external>", line 1059, in source_to_code
  File "<frozen importlib._bootstrap>", line 488, in _call_with_frames_removed
  File "/opt/airflow/dags/flex_eau_pipeline.py", line 26
    ingestion = BashOperator(
    ^^^^^^^^^
IndentationError: expected an indented block after 'with' statement on line 11
[2026-07-18T23:40:12.882+0000] {processor.py:927} WARNING - No viable dags retrieved from /opt/airflow/dags/flex_eau_pipeline.py
[2026-07-18T23:40:12.937+0000] {processor.py:208} INFO - Processing /opt/airflow/dags/flex_eau_pipeline.py took 0.215 seconds
[2026-07-18T23:40:43.518+0000] {processor.py:186} INFO - Started process (PID=92044) to work on /opt/airflow/dags/flex_eau_pipeline.py
[2026-07-18T23:40:43.524+0000] {processor.py:914} INFO - Processing file /opt/airflow/dags/flex_eau_pipeline.py for tasks to queue
[2026-07-18T23:40:43.537+0000] {logging_mixin.py:190} INFO - [2026-07-18T23:40:43.535+0000] {dagbag.py:587} INFO - Filling up the DagBag from /opt/airflow/dags/flex_eau_pipeline.py
[2026-07-18T23:40:43.614+0000] {logging_mixin.py:190} INFO - [2026-07-18T23:40:43.612+0000] {dagbag.py:386} ERROR - Failed to import: /opt/airflow/dags/flex_eau_pipeline.py
Traceback (most recent call last):
  File "/home/airflow/.local/lib/python3.12/site-packages/airflow/models/dagbag.py", line 382, in parse
    loader.exec_module(new_module)
  File "<frozen importlib._bootstrap_external>", line 991, in exec_module
  File "<frozen importlib._bootstrap_external>", line 1129, in get_code
  File "<frozen importlib._bootstrap_external>", line 1059, in source_to_code
  File "<frozen importlib._bootstrap>", line 488, in _call_with_frames_removed
  File "/opt/airflow/dags/flex_eau_pipeline.py", line 26
    ingestion = BashOperator(
    ^^^^^^^^^
IndentationError: expected an indented block after 'with' statement on line 11
[2026-07-18T23:40:43.616+0000] {processor.py:927} WARNING - No viable dags retrieved from /opt/airflow/dags/flex_eau_pipeline.py
[2026-07-18T23:40:43.655+0000] {processor.py:208} INFO - Processing /opt/airflow/dags/flex_eau_pipeline.py took 0.184 seconds
[2026-07-18T23:41:14.535+0000] {processor.py:186} INFO - Started process (PID=92049) to work on /opt/airflow/dags/flex_eau_pipeline.py
[2026-07-18T23:41:14.541+0000] {processor.py:914} INFO - Processing file /opt/airflow/dags/flex_eau_pipeline.py for tasks to queue
[2026-07-18T23:41:14.553+0000] {logging_mixin.py:190} INFO - [2026-07-18T23:41:14.551+0000] {dagbag.py:587} INFO - Filling up the DagBag from /opt/airflow/dags/flex_eau_pipeline.py
[2026-07-18T23:41:14.658+0000] {logging_mixin.py:190} INFO - [2026-07-18T23:41:14.654+0000] {dagbag.py:386} ERROR - Failed to import: /opt/airflow/dags/flex_eau_pipeline.py
Traceback (most recent call last):
  File "/home/airflow/.local/lib/python3.12/site-packages/airflow/models/dagbag.py", line 382, in parse
    loader.exec_module(new_module)
  File "<frozen importlib._bootstrap_external>", line 991, in exec_module
  File "<frozen importlib._bootstrap_external>", line 1129, in get_code
  File "<frozen importlib._bootstrap_external>", line 1059, in source_to_code
  File "<frozen importlib._bootstrap>", line 488, in _call_with_frames_removed
  File "/opt/airflow/dags/flex_eau_pipeline.py", line 26
    ingestion = BashOperator(
    ^^^^^^^^^
IndentationError: expected an indented block after 'with' statement on line 11
[2026-07-18T23:41:14.661+0000] {processor.py:927} WARNING - No viable dags retrieved from /opt/airflow/dags/flex_eau_pipeline.py
[2026-07-18T23:41:14.796+0000] {processor.py:208} INFO - Processing /opt/airflow/dags/flex_eau_pipeline.py took 0.290 seconds
[2026-07-18T23:41:45.176+0000] {processor.py:186} INFO - Started process (PID=92054) to work on /opt/airflow/dags/flex_eau_pipeline.py
[2026-07-18T23:41:45.178+0000] {processor.py:914} INFO - Processing file /opt/airflow/dags/flex_eau_pipeline.py for tasks to queue
[2026-07-18T23:41:45.182+0000] {logging_mixin.py:190} INFO - [2026-07-18T23:41:45.182+0000] {dagbag.py:587} INFO - Filling up the DagBag from /opt/airflow/dags/flex_eau_pipeline.py
[2026-07-18T23:41:45.215+0000] {logging_mixin.py:190} INFO - [2026-07-18T23:41:45.214+0000] {dagbag.py:386} ERROR - Failed to import: /opt/airflow/dags/flex_eau_pipeline.py
Traceback (most recent call last):
  File "/home/airflow/.local/lib/python3.12/site-packages/airflow/models/dagbag.py", line 382, in parse
    loader.exec_module(new_module)
  File "<frozen importlib._bootstrap_external>", line 991, in exec_module
  File "<frozen importlib._bootstrap_external>", line 1129, in get_code
  File "<frozen importlib._bootstrap_external>", line 1059, in source_to_code
  File "<frozen importlib._bootstrap>", line 488, in _call_with_frames_removed
  File "/opt/airflow/dags/flex_eau_pipeline.py", line 26
    ingestion = BashOperator(
    ^^^^^^^^^
IndentationError: expected an indented block after 'with' statement on line 11
[2026-07-18T23:41:45.216+0000] {processor.py:927} WARNING - No viable dags retrieved from /opt/airflow/dags/flex_eau_pipeline.py
[2026-07-18T23:41:45.284+0000] {processor.py:208} INFO - Processing /opt/airflow/dags/flex_eau_pipeline.py took 0.126 seconds
[2026-07-18T23:42:15.873+0000] {processor.py:186} INFO - Started process (PID=92059) to work on /opt/airflow/dags/flex_eau_pipeline.py
[2026-07-18T23:42:15.875+0000] {processor.py:914} INFO - Processing file /opt/airflow/dags/flex_eau_pipeline.py for tasks to queue
[2026-07-18T23:42:15.881+0000] {logging_mixin.py:190} INFO - [2026-07-18T23:42:15.880+0000] {dagbag.py:587} INFO - Filling up the DagBag from /opt/airflow/dags/flex_eau_pipeline.py
[2026-07-18T23:42:15.917+0000] {logging_mixin.py:190} INFO - [2026-07-18T23:42:15.916+0000] {dagbag.py:386} ERROR - Failed to import: /opt/airflow/dags/flex_eau_pipeline.py
Traceback (most recent call last):
  File "/home/airflow/.local/lib/python3.12/site-packages/airflow/models/dagbag.py", line 382, in parse
    loader.exec_module(new_module)
  File "<frozen importlib._bootstrap_external>", line 991, in exec_module
  File "<frozen importlib._bootstrap_external>", line 1129, in get_code
  File "<frozen importlib._bootstrap_external>", line 1059, in source_to_code
  File "<frozen importlib._bootstrap>", line 488, in _call_with_frames_removed
  File "/opt/airflow/dags/flex_eau_pipeline.py", line 26
    ingestion = BashOperator(
    ^^^^^^^^^
IndentationError: expected an indented block after 'with' statement on line 11
[2026-07-18T23:42:15.918+0000] {processor.py:927} WARNING - No viable dags retrieved from /opt/airflow/dags/flex_eau_pipeline.py
[2026-07-18T23:42:15.955+0000] {processor.py:208} INFO - Processing /opt/airflow/dags/flex_eau_pipeline.py took 0.101 seconds
[2026-07-18T23:42:46.687+0000] {processor.py:186} INFO - Started process (PID=92064) to work on /opt/airflow/dags/flex_eau_pipeline.py
[2026-07-18T23:42:46.689+0000] {processor.py:914} INFO - Processing file /opt/airflow/dags/flex_eau_pipeline.py for tasks to queue
[2026-07-18T23:42:46.695+0000] {logging_mixin.py:190} INFO - [2026-07-18T23:42:46.694+0000] {dagbag.py:587} INFO - Filling up the DagBag from /opt/airflow/dags/flex_eau_pipeline.py
[2026-07-18T23:42:46.743+0000] {logging_mixin.py:190} INFO - [2026-07-18T23:42:46.740+0000] {dagbag.py:386} ERROR - Failed to import: /opt/airflow/dags/flex_eau_pipeline.py
Traceback (most recent call last):
  File "/home/airflow/.local/lib/python3.12/site-packages/airflow/models/dagbag.py", line 382, in parse
    loader.exec_module(new_module)
  File "<frozen importlib._bootstrap_external>", line 991, in exec_module
  File "<frozen importlib._bootstrap_external>", line 1129, in get_code
  File "<frozen importlib._bootstrap_external>", line 1059, in source_to_code
  File "<frozen importlib._bootstrap>", line 488, in _call_with_frames_removed
  File "/opt/airflow/dags/flex_eau_pipeline.py", line 26
    ingestion = BashOperator(
    ^^^^^^^^^
IndentationError: expected an indented block after 'with' statement on line 11
[2026-07-18T23:42:46.745+0000] {processor.py:927} WARNING - No viable dags retrieved from /opt/airflow/dags/flex_eau_pipeline.py
[2026-07-18T23:42:46.798+0000] {processor.py:208} INFO - Processing /opt/airflow/dags/flex_eau_pipeline.py took 0.123 seconds
[2026-07-18T23:43:17.349+0000] {processor.py:186} INFO - Started process (PID=92069) to work on /opt/airflow/dags/flex_eau_pipeline.py
[2026-07-18T23:43:17.350+0000] {processor.py:914} INFO - Processing file /opt/airflow/dags/flex_eau_pipeline.py for tasks to queue
[2026-07-18T23:43:17.354+0000] {logging_mixin.py:190} INFO - [2026-07-18T23:43:17.354+0000] {dagbag.py:587} INFO - Filling up the DagBag from /opt/airflow/dags/flex_eau_pipeline.py
[2026-07-18T23:43:17.385+0000] {logging_mixin.py:190} INFO - [2026-07-18T23:43:17.384+0000] {dagbag.py:386} ERROR - Failed to import: /opt/airflow/dags/flex_eau_pipeline.py
Traceback (most recent call last):
  File "/home/airflow/.local/lib/python3.12/site-packages/airflow/models/dagbag.py", line 382, in parse
    loader.exec_module(new_module)
  File "<frozen importlib._bootstrap_external>", line 991, in exec_module
  File "<frozen importlib._bootstrap_external>", line 1129, in get_code
  File "<frozen importlib._bootstrap_external>", line 1059, in source_to_code
  File "<frozen importlib._bootstrap>", line 488, in _call_with_frames_removed
  File "/opt/airflow/dags/flex_eau_pipeline.py", line 26
    ingestion = BashOperator(
    ^^^^^^^^^
IndentationError: expected an indented block after 'with' statement on line 11
[2026-07-18T23:43:17.386+0000] {processor.py:927} WARNING - No viable dags retrieved from /opt/airflow/dags/flex_eau_pipeline.py
[2026-07-18T23:43:17.416+0000] {processor.py:208} INFO - Processing /opt/airflow/dags/flex_eau_pipeline.py took 0.076 seconds
[2026-07-18T23:43:48.195+0000] {processor.py:186} INFO - Started process (PID=92074) to work on /opt/airflow/dags/flex_eau_pipeline.py
[2026-07-18T23:43:48.197+0000] {processor.py:914} INFO - Processing file /opt/airflow/dags/flex_eau_pipeline.py for tasks to queue
[2026-07-18T23:43:48.202+0000] {logging_mixin.py:190} INFO - [2026-07-18T23:43:48.202+0000] {dagbag.py:587} INFO - Filling up the DagBag from /opt/airflow/dags/flex_eau_pipeline.py
[2026-07-18T23:43:48.255+0000] {logging_mixin.py:190} INFO - [2026-07-18T23:43:48.253+0000] {dagbag.py:386} ERROR - Failed to import: /opt/airflow/dags/flex_eau_pipeline.py
Traceback (most recent call last):
  File "/home/airflow/.local/lib/python3.12/site-packages/airflow/models/dagbag.py", line 382, in parse
    loader.exec_module(new_module)
  File "<frozen importlib._bootstrap_external>", line 991, in exec_module
  File "<frozen importlib._bootstrap_external>", line 1129, in get_code
  File "<frozen importlib._bootstrap_external>", line 1059, in source_to_code
  File "<frozen importlib._bootstrap>", line 488, in _call_with_frames_removed
  File "/opt/airflow/dags/flex_eau_pipeline.py", line 26
    ingestion = BashOperator(
    ^^^^^^^^^
IndentationError: expected an indented block after 'with' statement on line 11
[2026-07-18T23:43:48.257+0000] {processor.py:927} WARNING - No viable dags retrieved from /opt/airflow/dags/flex_eau_pipeline.py
[2026-07-18T23:43:48.309+0000] {processor.py:208} INFO - Processing /opt/airflow/dags/flex_eau_pipeline.py took 0.128 seconds
[2026-07-18T23:44:19.019+0000] {processor.py:186} INFO - Started process (PID=92079) to work on /opt/airflow/dags/flex_eau_pipeline.py
[2026-07-18T23:44:19.026+0000] {processor.py:914} INFO - Processing file /opt/airflow/dags/flex_eau_pipeline.py for tasks to queue
[2026-07-18T23:44:19.042+0000] {logging_mixin.py:190} INFO - [2026-07-18T23:44:19.040+0000] {dagbag.py:587} INFO - Filling up the DagBag from /opt/airflow/dags/flex_eau_pipeline.py
[2026-07-18T23:44:19.147+0000] {logging_mixin.py:190} INFO - [2026-07-18T23:44:19.142+0000] {dagbag.py:386} ERROR - Failed to import: /opt/airflow/dags/flex_eau_pipeline.py
Traceback (most recent call last):
  File "/home/airflow/.local/lib/python3.12/site-packages/airflow/models/dagbag.py", line 382, in parse
    loader.exec_module(new_module)
  File "<frozen importlib._bootstrap_external>", line 991, in exec_module
  File "<frozen importlib._bootstrap_external>", line 1129, in get_code
  File "<frozen importlib._bootstrap_external>", line 1059, in source_to_code
  File "<frozen importlib._bootstrap>", line 488, in _call_with_frames_removed
  File "/opt/airflow/dags/flex_eau_pipeline.py", line 26
    ingestion = BashOperator(
    ^^^^^^^^^
IndentationError: expected an indented block after 'with' statement on line 11
[2026-07-18T23:44:19.150+0000] {processor.py:927} WARNING - No viable dags retrieved from /opt/airflow/dags/flex_eau_pipeline.py
[2026-07-18T23:44:19.252+0000] {processor.py:208} INFO - Processing /opt/airflow/dags/flex_eau_pipeline.py took 0.262 seconds
[2026-07-18T23:44:49.856+0000] {processor.py:186} INFO - Started process (PID=92084) to work on /opt/airflow/dags/flex_eau_pipeline.py
[2026-07-18T23:44:49.858+0000] {processor.py:914} INFO - Processing file /opt/airflow/dags/flex_eau_pipeline.py for tasks to queue
[2026-07-18T23:44:49.869+0000] {logging_mixin.py:190} INFO - [2026-07-18T23:44:49.868+0000] {dagbag.py:587} INFO - Filling up the DagBag from /opt/airflow/dags/flex_eau_pipeline.py
[2026-07-18T23:44:49.910+0000] {logging_mixin.py:190} INFO - [2026-07-18T23:44:49.908+0000] {dagbag.py:386} ERROR - Failed to import: /opt/airflow/dags/flex_eau_pipeline.py
Traceback (most recent call last):
  File "/home/airflow/.local/lib/python3.12/site-packages/airflow/models/dagbag.py", line 382, in parse
    loader.exec_module(new_module)
  File "<frozen importlib._bootstrap_external>", line 991, in exec_module
  File "<frozen importlib._bootstrap_external>", line 1129, in get_code
  File "<frozen importlib._bootstrap_external>", line 1059, in source_to_code
  File "<frozen importlib._bootstrap>", line 488, in _call_with_frames_removed
  File "/opt/airflow/dags/flex_eau_pipeline.py", line 26
    ingestion = BashOperator(
    ^^^^^^^^^
IndentationError: expected an indented block after 'with' statement on line 11
[2026-07-18T23:44:49.912+0000] {processor.py:927} WARNING - No viable dags retrieved from /opt/airflow/dags/flex_eau_pipeline.py
[2026-07-18T23:44:49.956+0000] {processor.py:208} INFO - Processing /opt/airflow/dags/flex_eau_pipeline.py took 0.114 seconds
[2026-07-18T23:45:20.574+0000] {processor.py:186} INFO - Started process (PID=92089) to work on /opt/airflow/dags/flex_eau_pipeline.py
[2026-07-18T23:45:20.575+0000] {processor.py:914} INFO - Processing file /opt/airflow/dags/flex_eau_pipeline.py for tasks to queue
[2026-07-18T23:45:20.579+0000] {logging_mixin.py:190} INFO - [2026-07-18T23:45:20.578+0000] {dagbag.py:587} INFO - Filling up the DagBag from /opt/airflow/dags/flex_eau_pipeline.py
[2026-07-18T23:45:20.608+0000] {logging_mixin.py:190} INFO - [2026-07-18T23:45:20.607+0000] {dagbag.py:386} ERROR - Failed to import: /opt/airflow/dags/flex_eau_pipeline.py
Traceback (most recent call last):
  File "/home/airflow/.local/lib/python3.12/site-packages/airflow/models/dagbag.py", line 382, in parse
    loader.exec_module(new_module)
  File "<frozen importlib._bootstrap_external>", line 991, in exec_module
  File "<frozen importlib._bootstrap_external>", line 1129, in get_code
  File "<frozen importlib._bootstrap_external>", line 1059, in source_to_code
  File "<frozen importlib._bootstrap>", line 488, in _call_with_frames_removed
  File "/opt/airflow/dags/flex_eau_pipeline.py", line 26
    ingestion = BashOperator(
    ^^^^^^^^^
IndentationError: expected an indented block after 'with' statement on line 11
[2026-07-18T23:45:20.609+0000] {processor.py:927} WARNING - No viable dags retrieved from /opt/airflow/dags/flex_eau_pipeline.py
[2026-07-18T23:45:20.676+0000] {processor.py:208} INFO - Processing /opt/airflow/dags/flex_eau_pipeline.py took 0.109 seconds
[2026-07-18T23:45:51.330+0000] {processor.py:186} INFO - Started process (PID=92094) to work on /opt/airflow/dags/flex_eau_pipeline.py
[2026-07-18T23:45:51.335+0000] {processor.py:914} INFO - Processing file /opt/airflow/dags/flex_eau_pipeline.py for tasks to queue
[2026-07-18T23:45:51.347+0000] {logging_mixin.py:190} INFO - [2026-07-18T23:45:51.345+0000] {dagbag.py:587} INFO - Filling up the DagBag from /opt/airflow/dags/flex_eau_pipeline.py
[2026-07-18T23:45:51.458+0000] {logging_mixin.py:190} INFO - [2026-07-18T23:45:51.452+0000] {dagbag.py:386} ERROR - Failed to import: /opt/airflow/dags/flex_eau_pipeline.py
Traceback (most recent call last):
  File "/home/airflow/.local/lib/python3.12/site-packages/airflow/models/dagbag.py", line 382, in parse
    loader.exec_module(new_module)
  File "<frozen importlib._bootstrap_external>", line 991, in exec_module
  File "<frozen importlib._bootstrap_external>", line 1129, in get_code
  File "<frozen importlib._bootstrap_external>", line 1059, in source_to_code
  File "<frozen importlib._bootstrap>", line 488, in _call_with_frames_removed
  File "/opt/airflow/dags/flex_eau_pipeline.py", line 26
    ingestion = BashOperator(
    ^^^^^^^^^
IndentationError: expected an indented block after 'with' statement on line 11
[2026-07-18T23:45:51.462+0000] {processor.py:927} WARNING - No viable dags retrieved from /opt/airflow/dags/flex_eau_pipeline.py
[2026-07-18T23:45:51.576+0000] {processor.py:208} INFO - Processing /opt/airflow/dags/flex_eau_pipeline.py took 0.276 seconds
[2026-07-18T23:46:21.994+0000] {processor.py:186} INFO - Started process (PID=92099) to work on /opt/airflow/dags/flex_eau_pipeline.py
[2026-07-18T23:46:21.995+0000] {processor.py:914} INFO - Processing file /opt/airflow/dags/flex_eau_pipeline.py for tasks to queue
[2026-07-18T23:46:22.000+0000] {logging_mixin.py:190} INFO - [2026-07-18T23:46:22.000+0000] {dagbag.py:587} INFO - Filling up the DagBag from /opt/airflow/dags/flex_eau_pipeline.py
[2026-07-18T23:46:22.047+0000] {logging_mixin.py:190} INFO - [2026-07-18T23:46:22.045+0000] {dagbag.py:386} ERROR - Failed to import: /opt/airflow/dags/flex_eau_pipeline.py
Traceback (most recent call last):
  File "/home/airflow/.local/lib/python3.12/site-packages/airflow/models/dagbag.py", line 382, in parse
    loader.exec_module(new_module)
  File "<frozen importlib._bootstrap_external>", line 991, in exec_module
  File "<frozen importlib._bootstrap_external>", line 1129, in get_code
  File "<frozen importlib._bootstrap_external>", line 1059, in source_to_code
  File "<frozen importlib._bootstrap>", line 488, in _call_with_frames_removed
  File "/opt/airflow/dags/flex_eau_pipeline.py", line 26
    ingestion = BashOperator(
    ^^^^^^^^^
IndentationError: expected an indented block after 'with' statement on line 11
[2026-07-18T23:46:22.048+0000] {processor.py:927} WARNING - No viable dags retrieved from /opt/airflow/dags/flex_eau_pipeline.py
[2026-07-18T23:46:22.089+0000] {processor.py:208} INFO - Processing /opt/airflow/dags/flex_eau_pipeline.py took 0.112 seconds
[2026-07-18T23:46:52.607+0000] {processor.py:186} INFO - Started process (PID=92104) to work on /opt/airflow/dags/flex_eau_pipeline.py
[2026-07-18T23:46:52.610+0000] {processor.py:914} INFO - Processing file /opt/airflow/dags/flex_eau_pipeline.py for tasks to queue
[2026-07-18T23:46:52.616+0000] {logging_mixin.py:190} INFO - [2026-07-18T23:46:52.615+0000] {dagbag.py:587} INFO - Filling up the DagBag from /opt/airflow/dags/flex_eau_pipeline.py
[2026-07-18T23:46:52.667+0000] {logging_mixin.py:190} INFO - [2026-07-18T23:46:52.665+0000] {dagbag.py:386} ERROR - Failed to import: /opt/airflow/dags/flex_eau_pipeline.py
Traceback (most recent call last):
  File "/home/airflow/.local/lib/python3.12/site-packages/airflow/models/dagbag.py", line 382, in parse
    loader.exec_module(new_module)
  File "<frozen importlib._bootstrap_external>", line 991, in exec_module
  File "<frozen importlib._bootstrap_external>", line 1129, in get_code
  File "<frozen importlib._bootstrap_external>", line 1059, in source_to_code
  File "<frozen importlib._bootstrap>", line 488, in _call_with_frames_removed
  File "/opt/airflow/dags/flex_eau_pipeline.py", line 26
    ingestion = BashOperator(
    ^^^^^^^^^
IndentationError: expected an indented block after 'with' statement on line 11
[2026-07-18T23:46:52.668+0000] {processor.py:927} WARNING - No viable dags retrieved from /opt/airflow/dags/flex_eau_pipeline.py
[2026-07-18T23:46:52.724+0000] {processor.py:208} INFO - Processing /opt/airflow/dags/flex_eau_pipeline.py took 0.130 seconds
[2026-07-18T23:47:23.477+0000] {processor.py:186} INFO - Started process (PID=92109) to work on /opt/airflow/dags/flex_eau_pipeline.py
[2026-07-18T23:47:23.480+0000] {processor.py:914} INFO - Processing file /opt/airflow/dags/flex_eau_pipeline.py for tasks to queue
[2026-07-18T23:47:23.484+0000] {logging_mixin.py:190} INFO - [2026-07-18T23:47:23.483+0000] {dagbag.py:587} INFO - Filling up the DagBag from /opt/airflow/dags/flex_eau_pipeline.py
[2026-07-18T23:47:23.528+0000] {logging_mixin.py:190} INFO - [2026-07-18T23:47:23.526+0000] {dagbag.py:386} ERROR - Failed to import: /opt/airflow/dags/flex_eau_pipeline.py
Traceback (most recent call last):
  File "/home/airflow/.local/lib/python3.12/site-packages/airflow/models/dagbag.py", line 382, in parse
    loader.exec_module(new_module)
  File "<frozen importlib._bootstrap_external>", line 991, in exec_module
  File "<frozen importlib._bootstrap_external>", line 1129, in get_code
  File "<frozen importlib._bootstrap_external>", line 1059, in source_to_code
  File "<frozen importlib._bootstrap>", line 488, in _call_with_frames_removed
  File "/opt/airflow/dags/flex_eau_pipeline.py", line 26
    ingestion = BashOperator(
    ^^^^^^^^^
IndentationError: expected an indented block after 'with' statement on line 11
[2026-07-18T23:47:23.529+0000] {processor.py:927} WARNING - No viable dags retrieved from /opt/airflow/dags/flex_eau_pipeline.py
[2026-07-18T23:47:23.577+0000] {processor.py:208} INFO - Processing /opt/airflow/dags/flex_eau_pipeline.py took 0.112 seconds
[2026-07-18T23:47:54.427+0000] {processor.py:186} INFO - Started process (PID=92114) to work on /opt/airflow/dags/flex_eau_pipeline.py
[2026-07-18T23:47:54.429+0000] {processor.py:914} INFO - Processing file /opt/airflow/dags/flex_eau_pipeline.py for tasks to queue
[2026-07-18T23:47:54.434+0000] {logging_mixin.py:190} INFO - [2026-07-18T23:47:54.434+0000] {dagbag.py:587} INFO - Filling up the DagBag from /opt/airflow/dags/flex_eau_pipeline.py
[2026-07-18T23:47:54.477+0000] {logging_mixin.py:190} INFO - [2026-07-18T23:47:54.475+0000] {dagbag.py:386} ERROR - Failed to import: /opt/airflow/dags/flex_eau_pipeline.py
Traceback (most recent call last):
  File "/home/airflow/.local/lib/python3.12/site-packages/airflow/models/dagbag.py", line 382, in parse
    loader.exec_module(new_module)
  File "<frozen importlib._bootstrap_external>", line 991, in exec_module
  File "<frozen importlib._bootstrap_external>", line 1129, in get_code
  File "<frozen importlib._bootstrap_external>", line 1059, in source_to_code
  File "<frozen importlib._bootstrap>", line 488, in _call_with_frames_removed
  File "/opt/airflow/dags/flex_eau_pipeline.py", line 26
    ingestion = BashOperator(
    ^^^^^^^^^
IndentationError: expected an indented block after 'with' statement on line 11
[2026-07-18T23:47:54.478+0000] {processor.py:927} WARNING - No viable dags retrieved from /opt/airflow/dags/flex_eau_pipeline.py
[2026-07-18T23:47:54.523+0000] {processor.py:208} INFO - Processing /opt/airflow/dags/flex_eau_pipeline.py took 0.106 seconds
[2026-07-18T23:48:25.131+0000] {processor.py:186} INFO - Started process (PID=92119) to work on /opt/airflow/dags/flex_eau_pipeline.py
[2026-07-18T23:48:25.133+0000] {processor.py:914} INFO - Processing file /opt/airflow/dags/flex_eau_pipeline.py for tasks to queue
[2026-07-18T23:48:25.136+0000] {logging_mixin.py:190} INFO - [2026-07-18T23:48:25.135+0000] {dagbag.py:587} INFO - Filling up the DagBag from /opt/airflow/dags/flex_eau_pipeline.py
[2026-07-18T23:48:25.168+0000] {logging_mixin.py:190} INFO - [2026-07-18T23:48:25.167+0000] {dagbag.py:386} ERROR - Failed to import: /opt/airflow/dags/flex_eau_pipeline.py
Traceback (most recent call last):
  File "/home/airflow/.local/lib/python3.12/site-packages/airflow/models/dagbag.py", line 382, in parse
    loader.exec_module(new_module)
  File "<frozen importlib._bootstrap_external>", line 991, in exec_module
  File "<frozen importlib._bootstrap_external>", line 1129, in get_code
  File "<frozen importlib._bootstrap_external>", line 1059, in source_to_code
  File "<frozen importlib._bootstrap>", line 488, in _call_with_frames_removed
  File "/opt/airflow/dags/flex_eau_pipeline.py", line 26
    ingestion = BashOperator(
    ^^^^^^^^^
IndentationError: expected an indented block after 'with' statement on line 11
[2026-07-18T23:48:25.169+0000] {processor.py:927} WARNING - No viable dags retrieved from /opt/airflow/dags/flex_eau_pipeline.py
[2026-07-18T23:48:25.201+0000] {processor.py:208} INFO - Processing /opt/airflow/dags/flex_eau_pipeline.py took 0.078 seconds
[2026-07-18T23:48:55.768+0000] {processor.py:186} INFO - Started process (PID=92124) to work on /opt/airflow/dags/flex_eau_pipeline.py
[2026-07-18T23:48:55.770+0000] {processor.py:914} INFO - Processing file /opt/airflow/dags/flex_eau_pipeline.py for tasks to queue
[2026-07-18T23:48:55.775+0000] {logging_mixin.py:190} INFO - [2026-07-18T23:48:55.774+0000] {dagbag.py:587} INFO - Filling up the DagBag from /opt/airflow/dags/flex_eau_pipeline.py
[2026-07-18T23:48:55.819+0000] {logging_mixin.py:190} INFO - [2026-07-18T23:48:55.817+0000] {dagbag.py:386} ERROR - Failed to import: /opt/airflow/dags/flex_eau_pipeline.py
Traceback (most recent call last):
  File "/home/airflow/.local/lib/python3.12/site-packages/airflow/models/dagbag.py", line 382, in parse
    loader.exec_module(new_module)
  File "<frozen importlib._bootstrap_external>", line 991, in exec_module
  File "<frozen importlib._bootstrap_external>", line 1129, in get_code
  File "<frozen importlib._bootstrap_external>", line 1059, in source_to_code
  File "<frozen importlib._bootstrap>", line 488, in _call_with_frames_removed
  File "/opt/airflow/dags/flex_eau_pipeline.py", line 26
    ingestion = BashOperator(
    ^^^^^^^^^
IndentationError: expected an indented block after 'with' statement on line 11
[2026-07-18T23:48:55.821+0000] {processor.py:927} WARNING - No viable dags retrieved from /opt/airflow/dags/flex_eau_pipeline.py
[2026-07-18T23:48:55.862+0000] {processor.py:208} INFO - Processing /opt/airflow/dags/flex_eau_pipeline.py took 0.107 seconds
[2026-07-18T23:49:26.518+0000] {processor.py:186} INFO - Started process (PID=92129) to work on /opt/airflow/dags/flex_eau_pipeline.py
[2026-07-18T23:49:26.520+0000] {processor.py:914} INFO - Processing file /opt/airflow/dags/flex_eau_pipeline.py for tasks to queue
[2026-07-18T23:49:26.525+0000] {logging_mixin.py:190} INFO - [2026-07-18T23:49:26.524+0000] {dagbag.py:587} INFO - Filling up the DagBag from /opt/airflow/dags/flex_eau_pipeline.py
[2026-07-18T23:49:26.564+0000] {logging_mixin.py:190} INFO - [2026-07-18T23:49:26.562+0000] {dagbag.py:386} ERROR - Failed to import: /opt/airflow/dags/flex_eau_pipeline.py
Traceback (most recent call last):
  File "/home/airflow/.local/lib/python3.12/site-packages/airflow/models/dagbag.py", line 382, in parse
    loader.exec_module(new_module)
  File "<frozen importlib._bootstrap_external>", line 991, in exec_module
  File "<frozen importlib._bootstrap_external>", line 1129, in get_code
  File "<frozen importlib._bootstrap_external>", line 1059, in source_to_code
  File "<frozen importlib._bootstrap>", line 488, in _call_with_frames_removed
  File "/opt/airflow/dags/flex_eau_pipeline.py", line 26
    ingestion = BashOperator(
    ^^^^^^^^^
IndentationError: expected an indented block after 'with' statement on line 11
[2026-07-18T23:49:26.565+0000] {processor.py:927} WARNING - No viable dags retrieved from /opt/airflow/dags/flex_eau_pipeline.py
[2026-07-18T23:49:26.607+0000] {processor.py:208} INFO - Processing /opt/airflow/dags/flex_eau_pipeline.py took 0.099 seconds
[2026-07-18T23:49:57.273+0000] {processor.py:186} INFO - Started process (PID=92134) to work on /opt/airflow/dags/flex_eau_pipeline.py
[2026-07-18T23:49:57.274+0000] {processor.py:914} INFO - Processing file /opt/airflow/dags/flex_eau_pipeline.py for tasks to queue
[2026-07-18T23:49:57.277+0000] {logging_mixin.py:190} INFO - [2026-07-18T23:49:57.277+0000] {dagbag.py:587} INFO - Filling up the DagBag from /opt/airflow/dags/flex_eau_pipeline.py
[2026-07-18T23:49:57.310+0000] {logging_mixin.py:190} INFO - [2026-07-18T23:49:57.309+0000] {dagbag.py:386} ERROR - Failed to import: /opt/airflow/dags/flex_eau_pipeline.py
Traceback (most recent call last):
  File "/home/airflow/.local/lib/python3.12/site-packages/airflow/models/dagbag.py", line 382, in parse
    loader.exec_module(new_module)
  File "<frozen importlib._bootstrap_external>", line 991, in exec_module
  File "<frozen importlib._bootstrap_external>", line 1129, in get_code
  File "<frozen importlib._bootstrap_external>", line 1059, in source_to_code
  File "<frozen importlib._bootstrap>", line 488, in _call_with_frames_removed
  File "/opt/airflow/dags/flex_eau_pipeline.py", line 26
    ingestion = BashOperator(
    ^^^^^^^^^
IndentationError: expected an indented block after 'with' statement on line 11
[2026-07-18T23:49:57.311+0000] {processor.py:927} WARNING - No viable dags retrieved from /opt/airflow/dags/flex_eau_pipeline.py
[2026-07-18T23:49:57.342+0000] {processor.py:208} INFO - Processing /opt/airflow/dags/flex_eau_pipeline.py took 0.076 seconds
[2026-07-18T23:50:27.896+0000] {processor.py:186} INFO - Started process (PID=92139) to work on /opt/airflow/dags/flex_eau_pipeline.py
[2026-07-18T23:50:27.899+0000] {processor.py:914} INFO - Processing file /opt/airflow/dags/flex_eau_pipeline.py for tasks to queue
[2026-07-18T23:50:27.905+0000] {logging_mixin.py:190} INFO - [2026-07-18T23:50:27.904+0000] {dagbag.py:587} INFO - Filling up the DagBag from /opt/airflow/dags/flex_eau_pipeline.py
[2026-07-18T23:50:27.940+0000] {logging_mixin.py:190} INFO - [2026-07-18T23:50:27.938+0000] {dagbag.py:386} ERROR - Failed to import: /opt/airflow/dags/flex_eau_pipeline.py
Traceback (most recent call last):
  File "/home/airflow/.local/lib/python3.12/site-packages/airflow/models/dagbag.py", line 382, in parse
    loader.exec_module(new_module)
  File "<frozen importlib._bootstrap_external>", line 991, in exec_module
  File "<frozen importlib._bootstrap_external>", line 1129, in get_code
  File "<frozen importlib._bootstrap_external>", line 1059, in source_to_code
  File "<frozen importlib._bootstrap>", line 488, in _call_with_frames_removed
  File "/opt/airflow/dags/flex_eau_pipeline.py", line 26
    ingestion = BashOperator(
    ^^^^^^^^^
IndentationError: expected an indented block after 'with' statement on line 11
[2026-07-18T23:50:27.943+0000] {processor.py:927} WARNING - No viable dags retrieved from /opt/airflow/dags/flex_eau_pipeline.py
[2026-07-18T23:50:28.014+0000] {processor.py:208} INFO - Processing /opt/airflow/dags/flex_eau_pipeline.py took 0.135 seconds
[2026-07-18T23:50:58.613+0000] {processor.py:186} INFO - Started process (PID=92144) to work on /opt/airflow/dags/flex_eau_pipeline.py
[2026-07-18T23:50:58.617+0000] {processor.py:914} INFO - Processing file /opt/airflow/dags/flex_eau_pipeline.py for tasks to queue
[2026-07-18T23:50:58.624+0000] {logging_mixin.py:190} INFO - [2026-07-18T23:50:58.623+0000] {dagbag.py:587} INFO - Filling up the DagBag from /opt/airflow/dags/flex_eau_pipeline.py
[2026-07-18T23:50:58.679+0000] {logging_mixin.py:190} INFO - [2026-07-18T23:50:58.677+0000] {dagbag.py:386} ERROR - Failed to import: /opt/airflow/dags/flex_eau_pipeline.py
Traceback (most recent call last):
  File "/home/airflow/.local/lib/python3.12/site-packages/airflow/models/dagbag.py", line 382, in parse
    loader.exec_module(new_module)
  File "<frozen importlib._bootstrap_external>", line 991, in exec_module
  File "<frozen importlib._bootstrap_external>", line 1129, in get_code
  File "<frozen importlib._bootstrap_external>", line 1059, in source_to_code
  File "<frozen importlib._bootstrap>", line 488, in _call_with_frames_removed
  File "/opt/airflow/dags/flex_eau_pipeline.py", line 26
    ingestion = BashOperator(
    ^^^^^^^^^
IndentationError: expected an indented block after 'with' statement on line 11
[2026-07-18T23:50:58.681+0000] {processor.py:927} WARNING - No viable dags retrieved from /opt/airflow/dags/flex_eau_pipeline.py
[2026-07-18T23:50:58.743+0000] {processor.py:208} INFO - Processing /opt/airflow/dags/flex_eau_pipeline.py took 0.149 seconds
[2026-07-18T23:51:29.207+0000] {processor.py:186} INFO - Started process (PID=92149) to work on /opt/airflow/dags/flex_eau_pipeline.py
[2026-07-18T23:51:29.209+0000] {processor.py:914} INFO - Processing file /opt/airflow/dags/flex_eau_pipeline.py for tasks to queue
[2026-07-18T23:51:29.213+0000] {logging_mixin.py:190} INFO - [2026-07-18T23:51:29.213+0000] {dagbag.py:587} INFO - Filling up the DagBag from /opt/airflow/dags/flex_eau_pipeline.py
[2026-07-18T23:51:29.259+0000] {logging_mixin.py:190} INFO - [2026-07-18T23:51:29.257+0000] {dagbag.py:386} ERROR - Failed to import: /opt/airflow/dags/flex_eau_pipeline.py
Traceback (most recent call last):
  File "/home/airflow/.local/lib/python3.12/site-packages/airflow/models/dagbag.py", line 382, in parse
    loader.exec_module(new_module)
  File "<frozen importlib._bootstrap_external>", line 991, in exec_module
  File "<frozen importlib._bootstrap_external>", line 1129, in get_code
  File "<frozen importlib._bootstrap_external>", line 1059, in source_to_code
  File "<frozen importlib._bootstrap>", line 488, in _call_with_frames_removed
  File "/opt/airflow/dags/flex_eau_pipeline.py", line 26
    ingestion = BashOperator(
    ^^^^^^^^^
IndentationError: expected an indented block after 'with' statement on line 11
[2026-07-18T23:51:29.261+0000] {processor.py:927} WARNING - No viable dags retrieved from /opt/airflow/dags/flex_eau_pipeline.py
[2026-07-18T23:51:29.307+0000] {processor.py:208} INFO - Processing /opt/airflow/dags/flex_eau_pipeline.py took 0.112 seconds
[2026-07-18T23:52:00.007+0000] {processor.py:186} INFO - Started process (PID=92154) to work on /opt/airflow/dags/flex_eau_pipeline.py
[2026-07-18T23:52:00.010+0000] {processor.py:914} INFO - Processing file /opt/airflow/dags/flex_eau_pipeline.py for tasks to queue
[2026-07-18T23:52:00.027+0000] {logging_mixin.py:190} INFO - [2026-07-18T23:52:00.024+0000] {dagbag.py:587} INFO - Filling up the DagBag from /opt/airflow/dags/flex_eau_pipeline.py
[2026-07-18T23:52:00.079+0000] {logging_mixin.py:190} INFO - [2026-07-18T23:52:00.077+0000] {dagbag.py:386} ERROR - Failed to import: /opt/airflow/dags/flex_eau_pipeline.py
Traceback (most recent call last):
  File "/home/airflow/.local/lib/python3.12/site-packages/airflow/models/dagbag.py", line 382, in parse
    loader.exec_module(new_module)
  File "<frozen importlib._bootstrap_external>", line 991, in exec_module
  File "<frozen importlib._bootstrap_external>", line 1129, in get_code
  File "<frozen importlib._bootstrap_external>", line 1059, in source_to_code
  File "<frozen importlib._bootstrap>", line 488, in _call_with_frames_removed
  File "/opt/airflow/dags/flex_eau_pipeline.py", line 26
    ingestion = BashOperator(
    ^^^^^^^^^
IndentationError: expected an indented block after 'with' statement on line 11
[2026-07-18T23:52:00.081+0000] {processor.py:927} WARNING - No viable dags retrieved from /opt/airflow/dags/flex_eau_pipeline.py
[2026-07-18T23:52:00.117+0000] {processor.py:208} INFO - Processing /opt/airflow/dags/flex_eau_pipeline.py took 0.269 seconds
[2026-07-18T23:52:30.781+0000] {processor.py:186} INFO - Started process (PID=92159) to work on /opt/airflow/dags/flex_eau_pipeline.py
[2026-07-18T23:52:30.785+0000] {processor.py:914} INFO - Processing file /opt/airflow/dags/flex_eau_pipeline.py for tasks to queue
[2026-07-18T23:52:30.793+0000] {logging_mixin.py:190} INFO - [2026-07-18T23:52:30.792+0000] {dagbag.py:587} INFO - Filling up the DagBag from /opt/airflow/dags/flex_eau_pipeline.py
[2026-07-18T23:52:30.848+0000] {logging_mixin.py:190} INFO - [2026-07-18T23:52:30.845+0000] {dagbag.py:386} ERROR - Failed to import: /opt/airflow/dags/flex_eau_pipeline.py
Traceback (most recent call last):
  File "/home/airflow/.local/lib/python3.12/site-packages/airflow/models/dagbag.py", line 382, in parse
    loader.exec_module(new_module)
  File "<frozen importlib._bootstrap_external>", line 991, in exec_module
  File "<frozen importlib._bootstrap_external>", line 1129, in get_code
  File "<frozen importlib._bootstrap_external>", line 1059, in source_to_code
  File "<frozen importlib._bootstrap>", line 488, in _call_with_frames_removed
  File "/opt/airflow/dags/flex_eau_pipeline.py", line 26
    ingestion = BashOperator(
    ^^^^^^^^^
IndentationError: expected an indented block after 'with' statement on line 11
[2026-07-18T23:52:30.849+0000] {processor.py:927} WARNING - No viable dags retrieved from /opt/airflow/dags/flex_eau_pipeline.py
[2026-07-18T23:52:30.918+0000] {processor.py:208} INFO - Processing /opt/airflow/dags/flex_eau_pipeline.py took 0.157 seconds
[2026-07-18T23:53:01.565+0000] {processor.py:186} INFO - Started process (PID=92164) to work on /opt/airflow/dags/flex_eau_pipeline.py
[2026-07-18T23:53:01.568+0000] {processor.py:914} INFO - Processing file /opt/airflow/dags/flex_eau_pipeline.py for tasks to queue
[2026-07-18T23:53:01.574+0000] {logging_mixin.py:190} INFO - [2026-07-18T23:53:01.573+0000] {dagbag.py:587} INFO - Filling up the DagBag from /opt/airflow/dags/flex_eau_pipeline.py
[2026-07-18T23:53:01.617+0000] {logging_mixin.py:190} INFO - [2026-07-18T23:53:01.615+0000] {dagbag.py:386} ERROR - Failed to import: /opt/airflow/dags/flex_eau_pipeline.py
Traceback (most recent call last):
  File "/home/airflow/.local/lib/python3.12/site-packages/airflow/models/dagbag.py", line 382, in parse
    loader.exec_module(new_module)
  File "<frozen importlib._bootstrap_external>", line 991, in exec_module
  File "<frozen importlib._bootstrap_external>", line 1129, in get_code
  File "<frozen importlib._bootstrap_external>", line 1059, in source_to_code
  File "<frozen importlib._bootstrap>", line 488, in _call_with_frames_removed
  File "/opt/airflow/dags/flex_eau_pipeline.py", line 26
    ingestion = BashOperator(
    ^^^^^^^^^
IndentationError: expected an indented block after 'with' statement on line 11
[2026-07-18T23:53:01.618+0000] {processor.py:927} WARNING - No viable dags retrieved from /opt/airflow/dags/flex_eau_pipeline.py
[2026-07-18T23:53:01.671+0000] {processor.py:208} INFO - Processing /opt/airflow/dags/flex_eau_pipeline.py took 0.119 seconds
[2026-07-18T23:53:32.124+0000] {processor.py:186} INFO - Started process (PID=92169) to work on /opt/airflow/dags/flex_eau_pipeline.py
[2026-07-18T23:53:32.126+0000] {processor.py:914} INFO - Processing file /opt/airflow/dags/flex_eau_pipeline.py for tasks to queue
[2026-07-18T23:53:32.133+0000] {logging_mixin.py:190} INFO - [2026-07-18T23:53:32.132+0000] {dagbag.py:587} INFO - Filling up the DagBag from /opt/airflow/dags/flex_eau_pipeline.py
[2026-07-18T23:53:32.180+0000] {logging_mixin.py:190} INFO - [2026-07-18T23:53:32.178+0000] {dagbag.py:386} ERROR - Failed to import: /opt/airflow/dags/flex_eau_pipeline.py
Traceback (most recent call last):
  File "/home/airflow/.local/lib/python3.12/site-packages/airflow/models/dagbag.py", line 382, in parse
    loader.exec_module(new_module)
  File "<frozen importlib._bootstrap_external>", line 991, in exec_module
  File "<frozen importlib._bootstrap_external>", line 1129, in get_code
  File "<frozen importlib._bootstrap_external>", line 1059, in source_to_code
  File "<frozen importlib._bootstrap>", line 488, in _call_with_frames_removed
  File "/opt/airflow/dags/flex_eau_pipeline.py", line 26
    ingestion = BashOperator(
    ^^^^^^^^^
IndentationError: expected an indented block after 'with' statement on line 11
[2026-07-18T23:53:32.182+0000] {processor.py:927} WARNING - No viable dags retrieved from /opt/airflow/dags/flex_eau_pipeline.py
[2026-07-18T23:53:32.240+0000] {processor.py:208} INFO - Processing /opt/airflow/dags/flex_eau_pipeline.py took 0.135 seconds
[2026-07-18T23:54:02.875+0000] {processor.py:186} INFO - Started process (PID=92174) to work on /opt/airflow/dags/flex_eau_pipeline.py
[2026-07-18T23:54:02.877+0000] {processor.py:914} INFO - Processing file /opt/airflow/dags/flex_eau_pipeline.py for tasks to queue
[2026-07-18T23:54:02.882+0000] {logging_mixin.py:190} INFO - [2026-07-18T23:54:02.881+0000] {dagbag.py:587} INFO - Filling up the DagBag from /opt/airflow/dags/flex_eau_pipeline.py
[2026-07-18T23:54:02.915+0000] {logging_mixin.py:190} INFO - [2026-07-18T23:54:02.913+0000] {dagbag.py:386} ERROR - Failed to import: /opt/airflow/dags/flex_eau_pipeline.py
Traceback (most recent call last):
  File "/home/airflow/.local/lib/python3.12/site-packages/airflow/models/dagbag.py", line 382, in parse
    loader.exec_module(new_module)
  File "<frozen importlib._bootstrap_external>", line 991, in exec_module
  File "<frozen importlib._bootstrap_external>", line 1129, in get_code
  File "<frozen importlib._bootstrap_external>", line 1059, in source_to_code
  File "<frozen importlib._bootstrap>", line 488, in _call_with_frames_removed
  File "/opt/airflow/dags/flex_eau_pipeline.py", line 26
    ingestion = BashOperator(
    ^^^^^^^^^
IndentationError: expected an indented block after 'with' statement on line 11
[2026-07-18T23:54:02.916+0000] {processor.py:927} WARNING - No viable dags retrieved from /opt/airflow/dags/flex_eau_pipeline.py
[2026-07-18T23:54:02.949+0000] {processor.py:208} INFO - Processing /opt/airflow/dags/flex_eau_pipeline.py took 0.084 seconds
[2026-07-18T23:54:33.523+0000] {processor.py:186} INFO - Started process (PID=92179) to work on /opt/airflow/dags/flex_eau_pipeline.py
[2026-07-18T23:54:33.525+0000] {processor.py:914} INFO - Processing file /opt/airflow/dags/flex_eau_pipeline.py for tasks to queue
[2026-07-18T23:54:33.529+0000] {logging_mixin.py:190} INFO - [2026-07-18T23:54:33.528+0000] {dagbag.py:587} INFO - Filling up the DagBag from /opt/airflow/dags/flex_eau_pipeline.py
[2026-07-18T23:54:33.564+0000] {logging_mixin.py:190} INFO - [2026-07-18T23:54:33.563+0000] {dagbag.py:386} ERROR - Failed to import: /opt/airflow/dags/flex_eau_pipeline.py
Traceback (most recent call last):
  File "/home/airflow/.local/lib/python3.12/site-packages/airflow/models/dagbag.py", line 382, in parse
    loader.exec_module(new_module)
  File "<frozen importlib._bootstrap_external>", line 991, in exec_module
  File "<frozen importlib._bootstrap_external>", line 1129, in get_code
  File "<frozen importlib._bootstrap_external>", line 1059, in source_to_code
  File "<frozen importlib._bootstrap>", line 488, in _call_with_frames_removed
  File "/opt/airflow/dags/flex_eau_pipeline.py", line 26
    ingestion = BashOperator(
    ^^^^^^^^^
IndentationError: expected an indented block after 'with' statement on line 11
[2026-07-18T23:54:33.565+0000] {processor.py:927} WARNING - No viable dags retrieved from /opt/airflow/dags/flex_eau_pipeline.py
[2026-07-18T23:54:33.633+0000] {processor.py:208} INFO - Processing /opt/airflow/dags/flex_eau_pipeline.py took 0.120 seconds
[2026-07-18T23:55:04.219+0000] {processor.py:186} INFO - Started process (PID=92184) to work on /opt/airflow/dags/flex_eau_pipeline.py
[2026-07-18T23:55:04.223+0000] {processor.py:914} INFO - Processing file /opt/airflow/dags/flex_eau_pipeline.py for tasks to queue
[2026-07-18T23:55:04.229+0000] {logging_mixin.py:190} INFO - [2026-07-18T23:55:04.229+0000] {dagbag.py:587} INFO - Filling up the DagBag from /opt/airflow/dags/flex_eau_pipeline.py
[2026-07-18T23:55:04.275+0000] {logging_mixin.py:190} INFO - [2026-07-18T23:55:04.271+0000] {dagbag.py:386} ERROR - Failed to import: /opt/airflow/dags/flex_eau_pipeline.py
Traceback (most recent call last):
  File "/home/airflow/.local/lib/python3.12/site-packages/airflow/models/dagbag.py", line 382, in parse
    loader.exec_module(new_module)
  File "<frozen importlib._bootstrap_external>", line 991, in exec_module
  File "<frozen importlib._bootstrap_external>", line 1129, in get_code
  File "<frozen importlib._bootstrap_external>", line 1059, in source_to_code
  File "<frozen importlib._bootstrap>", line 488, in _call_with_frames_removed
  File "/opt/airflow/dags/flex_eau_pipeline.py", line 26
    ingestion = BashOperator(
    ^^^^^^^^^
IndentationError: expected an indented block after 'with' statement on line 11
[2026-07-18T23:55:04.277+0000] {processor.py:927} WARNING - No viable dags retrieved from /opt/airflow/dags/flex_eau_pipeline.py
[2026-07-18T23:55:04.338+0000] {processor.py:208} INFO - Processing /opt/airflow/dags/flex_eau_pipeline.py took 0.138 seconds
[2026-07-18T23:55:35.089+0000] {processor.py:186} INFO - Started process (PID=92189) to work on /opt/airflow/dags/flex_eau_pipeline.py
[2026-07-18T23:55:35.095+0000] {processor.py:914} INFO - Processing file /opt/airflow/dags/flex_eau_pipeline.py for tasks to queue
[2026-07-18T23:55:35.107+0000] {logging_mixin.py:190} INFO - [2026-07-18T23:55:35.105+0000] {dagbag.py:587} INFO - Filling up the DagBag from /opt/airflow/dags/flex_eau_pipeline.py
[2026-07-18T23:55:35.221+0000] {logging_mixin.py:190} INFO - [2026-07-18T23:55:35.216+0000] {dagbag.py:386} ERROR - Failed to import: /opt/airflow/dags/flex_eau_pipeline.py
Traceback (most recent call last):
  File "/home/airflow/.local/lib/python3.12/site-packages/airflow/models/dagbag.py", line 382, in parse
    loader.exec_module(new_module)
  File "<frozen importlib._bootstrap_external>", line 991, in exec_module
  File "<frozen importlib._bootstrap_external>", line 1129, in get_code
  File "<frozen importlib._bootstrap_external>", line 1059, in source_to_code
  File "<frozen importlib._bootstrap>", line 488, in _call_with_frames_removed
  File "/opt/airflow/dags/flex_eau_pipeline.py", line 26
    ingestion = BashOperator(
    ^^^^^^^^^
IndentationError: expected an indented block after 'with' statement on line 11
[2026-07-18T23:55:35.225+0000] {processor.py:927} WARNING - No viable dags retrieved from /opt/airflow/dags/flex_eau_pipeline.py
[2026-07-18T23:55:35.291+0000] {processor.py:208} INFO - Processing /opt/airflow/dags/flex_eau_pipeline.py took 0.231 seconds
[2026-07-18T23:56:05.680+0000] {processor.py:186} INFO - Started process (PID=92194) to work on /opt/airflow/dags/flex_eau_pipeline.py
[2026-07-18T23:56:05.682+0000] {processor.py:914} INFO - Processing file /opt/airflow/dags/flex_eau_pipeline.py for tasks to queue
[2026-07-18T23:56:05.686+0000] {logging_mixin.py:190} INFO - [2026-07-18T23:56:05.685+0000] {dagbag.py:587} INFO - Filling up the DagBag from /opt/airflow/dags/flex_eau_pipeline.py
[2026-07-18T23:56:05.718+0000] {logging_mixin.py:190} INFO - [2026-07-18T23:56:05.717+0000] {dagbag.py:386} ERROR - Failed to import: /opt/airflow/dags/flex_eau_pipeline.py
Traceback (most recent call last):
  File "/home/airflow/.local/lib/python3.12/site-packages/airflow/models/dagbag.py", line 382, in parse
    loader.exec_module(new_module)
  File "<frozen importlib._bootstrap_external>", line 991, in exec_module
  File "<frozen importlib._bootstrap_external>", line 1129, in get_code
  File "<frozen importlib._bootstrap_external>", line 1059, in source_to_code
  File "<frozen importlib._bootstrap>", line 488, in _call_with_frames_removed
  File "/opt/airflow/dags/flex_eau_pipeline.py", line 26
    ingestion = BashOperator(
    ^^^^^^^^^
IndentationError: expected an indented block after 'with' statement on line 11
[2026-07-18T23:56:05.719+0000] {processor.py:927} WARNING - No viable dags retrieved from /opt/airflow/dags/flex_eau_pipeline.py
[2026-07-18T23:56:05.758+0000] {processor.py:208} INFO - Processing /opt/airflow/dags/flex_eau_pipeline.py took 0.087 seconds
[2026-07-18T23:56:36.488+0000] {processor.py:186} INFO - Started process (PID=92199) to work on /opt/airflow/dags/flex_eau_pipeline.py
[2026-07-18T23:56:36.491+0000] {processor.py:914} INFO - Processing file /opt/airflow/dags/flex_eau_pipeline.py for tasks to queue
[2026-07-18T23:56:36.499+0000] {logging_mixin.py:190} INFO - [2026-07-18T23:56:36.498+0000] {dagbag.py:587} INFO - Filling up the DagBag from /opt/airflow/dags/flex_eau_pipeline.py
[2026-07-18T23:56:36.561+0000] {logging_mixin.py:190} INFO - [2026-07-18T23:56:36.557+0000] {dagbag.py:386} ERROR - Failed to import: /opt/airflow/dags/flex_eau_pipeline.py
Traceback (most recent call last):
  File "/home/airflow/.local/lib/python3.12/site-packages/airflow/models/dagbag.py", line 382, in parse
    loader.exec_module(new_module)
  File "<frozen importlib._bootstrap_external>", line 991, in exec_module
  File "<frozen importlib._bootstrap_external>", line 1129, in get_code
  File "<frozen importlib._bootstrap_external>", line 1059, in source_to_code
  File "<frozen importlib._bootstrap>", line 488, in _call_with_frames_removed
  File "/opt/airflow/dags/flex_eau_pipeline.py", line 26
    ingestion = BashOperator(
    ^^^^^^^^^
IndentationError: expected an indented block after 'with' statement on line 11
[2026-07-18T23:56:36.564+0000] {processor.py:927} WARNING - No viable dags retrieved from /opt/airflow/dags/flex_eau_pipeline.py
[2026-07-18T23:56:36.659+0000] {processor.py:208} INFO - Processing /opt/airflow/dags/flex_eau_pipeline.py took 0.189 seconds
[2026-07-18T23:57:07.146+0000] {processor.py:186} INFO - Started process (PID=92204) to work on /opt/airflow/dags/flex_eau_pipeline.py
[2026-07-18T23:57:07.150+0000] {processor.py:914} INFO - Processing file /opt/airflow/dags/flex_eau_pipeline.py for tasks to queue
[2026-07-18T23:57:07.162+0000] {logging_mixin.py:190} INFO - [2026-07-18T23:57:07.161+0000] {dagbag.py:587} INFO - Filling up the DagBag from /opt/airflow/dags/flex_eau_pipeline.py
[2026-07-18T23:57:07.201+0000] {logging_mixin.py:190} INFO - [2026-07-18T23:57:07.199+0000] {dagbag.py:386} ERROR - Failed to import: /opt/airflow/dags/flex_eau_pipeline.py
Traceback (most recent call last):
  File "/home/airflow/.local/lib/python3.12/site-packages/airflow/models/dagbag.py", line 382, in parse
    loader.exec_module(new_module)
  File "<frozen importlib._bootstrap_external>", line 991, in exec_module
  File "<frozen importlib._bootstrap_external>", line 1129, in get_code
  File "<frozen importlib._bootstrap_external>", line 1059, in source_to_code
  File "<frozen importlib._bootstrap>", line 488, in _call_with_frames_removed
  File "/opt/airflow/dags/flex_eau_pipeline.py", line 26
    ingestion = BashOperator(
    ^^^^^^^^^
IndentationError: expected an indented block after 'with' statement on line 11
[2026-07-18T23:57:07.203+0000] {processor.py:927} WARNING - No viable dags retrieved from /opt/airflow/dags/flex_eau_pipeline.py
[2026-07-18T23:57:07.252+0000] {processor.py:208} INFO - Processing /opt/airflow/dags/flex_eau_pipeline.py took 0.133 seconds
[2026-07-18T23:57:38.010+0000] {processor.py:186} INFO - Started process (PID=92209) to work on /opt/airflow/dags/flex_eau_pipeline.py
[2026-07-18T23:57:38.012+0000] {processor.py:914} INFO - Processing file /opt/airflow/dags/flex_eau_pipeline.py for tasks to queue
[2026-07-18T23:57:38.015+0000] {logging_mixin.py:190} INFO - [2026-07-18T23:57:38.015+0000] {dagbag.py:587} INFO - Filling up the DagBag from /opt/airflow/dags/flex_eau_pipeline.py
[2026-07-18T23:57:38.058+0000] {logging_mixin.py:190} INFO - [2026-07-18T23:57:38.056+0000] {dagbag.py:386} ERROR - Failed to import: /opt/airflow/dags/flex_eau_pipeline.py
Traceback (most recent call last):
  File "/home/airflow/.local/lib/python3.12/site-packages/airflow/models/dagbag.py", line 382, in parse
    loader.exec_module(new_module)
  File "<frozen importlib._bootstrap_external>", line 991, in exec_module
  File "<frozen importlib._bootstrap_external>", line 1129, in get_code
  File "<frozen importlib._bootstrap_external>", line 1059, in source_to_code
  File "<frozen importlib._bootstrap>", line 488, in _call_with_frames_removed
  File "/opt/airflow/dags/flex_eau_pipeline.py", line 26
    ingestion = BashOperator(
    ^^^^^^^^^
IndentationError: expected an indented block after 'with' statement on line 11
[2026-07-18T23:57:38.059+0000] {processor.py:927} WARNING - No viable dags retrieved from /opt/airflow/dags/flex_eau_pipeline.py
[2026-07-18T23:57:38.102+0000] {processor.py:208} INFO - Processing /opt/airflow/dags/flex_eau_pipeline.py took 0.099 seconds
[2026-07-18T23:58:08.698+0000] {processor.py:186} INFO - Started process (PID=92214) to work on /opt/airflow/dags/flex_eau_pipeline.py
[2026-07-18T23:58:08.701+0000] {processor.py:914} INFO - Processing file /opt/airflow/dags/flex_eau_pipeline.py for tasks to queue
[2026-07-18T23:58:08.710+0000] {logging_mixin.py:190} INFO - [2026-07-18T23:58:08.709+0000] {dagbag.py:587} INFO - Filling up the DagBag from /opt/airflow/dags/flex_eau_pipeline.py
[2026-07-18T23:58:08.761+0000] {logging_mixin.py:190} INFO - [2026-07-18T23:58:08.758+0000] {dagbag.py:386} ERROR - Failed to import: /opt/airflow/dags/flex_eau_pipeline.py
Traceback (most recent call last):
  File "/home/airflow/.local/lib/python3.12/site-packages/airflow/models/dagbag.py", line 382, in parse
    loader.exec_module(new_module)
  File "<frozen importlib._bootstrap_external>", line 991, in exec_module
  File "<frozen importlib._bootstrap_external>", line 1129, in get_code
  File "<frozen importlib._bootstrap_external>", line 1059, in source_to_code
  File "<frozen importlib._bootstrap>", line 488, in _call_with_frames_removed
  File "/opt/airflow/dags/flex_eau_pipeline.py", line 26
    ingestion = BashOperator(
    ^^^^^^^^^
IndentationError: expected an indented block after 'with' statement on line 11
[2026-07-18T23:58:08.762+0000] {processor.py:927} WARNING - No viable dags retrieved from /opt/airflow/dags/flex_eau_pipeline.py
[2026-07-18T23:58:08.806+0000] {processor.py:208} INFO - Processing /opt/airflow/dags/flex_eau_pipeline.py took 0.128 seconds
[2026-07-18T23:58:39.299+0000] {processor.py:186} INFO - Started process (PID=92219) to work on /opt/airflow/dags/flex_eau_pipeline.py
[2026-07-18T23:58:39.300+0000] {processor.py:914} INFO - Processing file /opt/airflow/dags/flex_eau_pipeline.py for tasks to queue
[2026-07-18T23:58:39.303+0000] {logging_mixin.py:190} INFO - [2026-07-18T23:58:39.303+0000] {dagbag.py:587} INFO - Filling up the DagBag from /opt/airflow/dags/flex_eau_pipeline.py
[2026-07-18T23:58:39.355+0000] {logging_mixin.py:190} INFO - [2026-07-18T23:58:39.354+0000] {dagbag.py:386} ERROR - Failed to import: /opt/airflow/dags/flex_eau_pipeline.py
Traceback (most recent call last):
  File "/home/airflow/.local/lib/python3.12/site-packages/airflow/models/dagbag.py", line 382, in parse
    loader.exec_module(new_module)
  File "<frozen importlib._bootstrap_external>", line 991, in exec_module
  File "<frozen importlib._bootstrap_external>", line 1129, in get_code
  File "<frozen importlib._bootstrap_external>", line 1059, in source_to_code
  File "<frozen importlib._bootstrap>", line 488, in _call_with_frames_removed
  File "/opt/airflow/dags/flex_eau_pipeline.py", line 26
    ingestion = BashOperator(
    ^^^^^^^^^
IndentationError: expected an indented block after 'with' statement on line 11
[2026-07-18T23:58:39.357+0000] {processor.py:927} WARNING - No viable dags retrieved from /opt/airflow/dags/flex_eau_pipeline.py
[2026-07-18T23:58:39.393+0000] {processor.py:208} INFO - Processing /opt/airflow/dags/flex_eau_pipeline.py took 0.104 seconds
[2026-07-18T23:59:10.188+0000] {processor.py:186} INFO - Started process (PID=92224) to work on /opt/airflow/dags/flex_eau_pipeline.py
[2026-07-18T23:59:10.192+0000] {processor.py:914} INFO - Processing file /opt/airflow/dags/flex_eau_pipeline.py for tasks to queue
[2026-07-18T23:59:10.201+0000] {logging_mixin.py:190} INFO - [2026-07-18T23:59:10.200+0000] {dagbag.py:587} INFO - Filling up the DagBag from /opt/airflow/dags/flex_eau_pipeline.py
[2026-07-18T23:59:10.283+0000] {logging_mixin.py:190} INFO - [2026-07-18T23:59:10.280+0000] {dagbag.py:386} ERROR - Failed to import: /opt/airflow/dags/flex_eau_pipeline.py
Traceback (most recent call last):
  File "/home/airflow/.local/lib/python3.12/site-packages/airflow/models/dagbag.py", line 382, in parse
    loader.exec_module(new_module)
  File "<frozen importlib._bootstrap_external>", line 991, in exec_module
  File "<frozen importlib._bootstrap_external>", line 1129, in get_code
  File "<frozen importlib._bootstrap_external>", line 1059, in source_to_code
  File "<frozen importlib._bootstrap>", line 488, in _call_with_frames_removed
  File "/opt/airflow/dags/flex_eau_pipeline.py", line 26
    ingestion = BashOperator(
    ^^^^^^^^^
IndentationError: expected an indented block after 'with' statement on line 11
[2026-07-18T23:59:10.286+0000] {processor.py:927} WARNING - No viable dags retrieved from /opt/airflow/dags/flex_eau_pipeline.py
[2026-07-18T23:59:10.397+0000] {processor.py:208} INFO - Processing /opt/airflow/dags/flex_eau_pipeline.py took 0.228 seconds
[2026-07-18T23:59:40.913+0000] {processor.py:186} INFO - Started process (PID=92229) to work on /opt/airflow/dags/flex_eau_pipeline.py
[2026-07-18T23:59:40.916+0000] {processor.py:914} INFO - Processing file /opt/airflow/dags/flex_eau_pipeline.py for tasks to queue
[2026-07-18T23:59:40.925+0000] {logging_mixin.py:190} INFO - [2026-07-18T23:59:40.923+0000] {dagbag.py:587} INFO - Filling up the DagBag from /opt/airflow/dags/flex_eau_pipeline.py
[2026-07-18T23:59:40.984+0000] {logging_mixin.py:190} INFO - [2026-07-18T23:59:40.982+0000] {dagbag.py:386} ERROR - Failed to import: /opt/airflow/dags/flex_eau_pipeline.py
Traceback (most recent call last):
  File "/home/airflow/.local/lib/python3.12/site-packages/airflow/models/dagbag.py", line 382, in parse
    loader.exec_module(new_module)
  File "<frozen importlib._bootstrap_external>", line 991, in exec_module
  File "<frozen importlib._bootstrap_external>", line 1129, in get_code
  File "<frozen importlib._bootstrap_external>", line 1059, in source_to_code
  File "<frozen importlib._bootstrap>", line 488, in _call_with_frames_removed
  File "/opt/airflow/dags/flex_eau_pipeline.py", line 26
    ingestion = BashOperator(
    ^^^^^^^^^
IndentationError: expected an indented block after 'with' statement on line 11
[2026-07-18T23:59:40.986+0000] {processor.py:927} WARNING - No viable dags retrieved from /opt/airflow/dags/flex_eau_pipeline.py
[2026-07-18T23:59:41.055+0000] {processor.py:208} INFO - Processing /opt/airflow/dags/flex_eau_pipeline.py took 0.166 seconds
