[2026-06-21T11:31:22.501+0000] {processor.py:186} INFO - Started process (PID=5869) to work on /opt/airflow/dags/flex_eau_pipeline.py
[2026-06-21T11:31:22.610+0000] {processor.py:914} INFO - Processing file /opt/airflow/dags/flex_eau_pipeline.py for tasks to queue
[2026-06-21T11:31:22.861+0000] {logging_mixin.py:190} INFO - [2026-06-21T11:31:22.859+0000] {dagbag.py:587} INFO - Filling up the DagBag from /opt/airflow/dags/flex_eau_pipeline.py
[2026-06-21T11:31:28.229+0000] {logging_mixin.py:190} INFO - [2026-06-21T11:31:28.218+0000] {dagbag.py:386} ERROR - Failed to import: /opt/airflow/dags/flex_eau_pipeline.py
Traceback (most recent call last):
  File "/home/airflow/.local/lib/python3.12/site-packages/airflow/models/dagbag.py", line 382, in parse
    loader.exec_module(new_module)
  File "<frozen importlib._bootstrap_external>", line 991, in exec_module
  File "<frozen importlib._bootstrap_external>", line 1129, in get_code
  File "<frozen importlib._bootstrap_external>", line 1059, in source_to_code
  File "<frozen importlib._bootstrap>", line 488, in _call_with_frames_removed
  File "/opt/airflow/dags/flex_eau_pipeline.py", line 26
    ingestion = BashOperator(
    ^^^^^^^^^
IndentationError: expected an indented block after 'with' statement on line 11
[2026-06-21T11:31:28.244+0000] {processor.py:927} WARNING - No viable dags retrieved from /opt/airflow/dags/flex_eau_pipeline.py
[2026-06-21T11:31:29.092+0000] {processor.py:208} INFO - Processing /opt/airflow/dags/flex_eau_pipeline.py took 6.756 seconds
[2026-06-21T11:32:01.586+0000] {processor.py:186} INFO - Started process (PID=5874) to work on /opt/airflow/dags/flex_eau_pipeline.py
[2026-06-21T11:32:01.590+0000] {processor.py:914} INFO - Processing file /opt/airflow/dags/flex_eau_pipeline.py for tasks to queue
[2026-06-21T11:32:01.599+0000] {logging_mixin.py:190} INFO - [2026-06-21T11:32:01.598+0000] {dagbag.py:587} INFO - Filling up the DagBag from /opt/airflow/dags/flex_eau_pipeline.py
[2026-06-21T11:32:01.640+0000] {logging_mixin.py:190} INFO - [2026-06-21T11:32:01.637+0000] {dagbag.py:386} ERROR - Failed to import: /opt/airflow/dags/flex_eau_pipeline.py
Traceback (most recent call last):
  File "/home/airflow/.local/lib/python3.12/site-packages/airflow/models/dagbag.py", line 382, in parse
    loader.exec_module(new_module)
  File "<frozen importlib._bootstrap_external>", line 991, in exec_module
  File "<frozen importlib._bootstrap_external>", line 1129, in get_code
  File "<frozen importlib._bootstrap_external>", line 1059, in source_to_code
  File "<frozen importlib._bootstrap>", line 488, in _call_with_frames_removed
  File "/opt/airflow/dags/flex_eau_pipeline.py", line 26
    ingestion = BashOperator(
    ^^^^^^^^^
IndentationError: expected an indented block after 'with' statement on line 11
[2026-06-21T11:32:01.641+0000] {processor.py:927} WARNING - No viable dags retrieved from /opt/airflow/dags/flex_eau_pipeline.py
[2026-06-21T11:32:01.699+0000] {processor.py:208} INFO - Processing /opt/airflow/dags/flex_eau_pipeline.py took 0.134 seconds
[2026-06-21T11:32:32.339+0000] {processor.py:186} INFO - Started process (PID=5879) to work on /opt/airflow/dags/flex_eau_pipeline.py
[2026-06-21T11:32:32.343+0000] {processor.py:914} INFO - Processing file /opt/airflow/dags/flex_eau_pipeline.py for tasks to queue
[2026-06-21T11:32:32.352+0000] {logging_mixin.py:190} INFO - [2026-06-21T11:32:32.351+0000] {dagbag.py:587} INFO - Filling up the DagBag from /opt/airflow/dags/flex_eau_pipeline.py
[2026-06-21T11:32:32.416+0000] {logging_mixin.py:190} INFO - [2026-06-21T11:32:32.413+0000] {dagbag.py:386} ERROR - Failed to import: /opt/airflow/dags/flex_eau_pipeline.py
Traceback (most recent call last):
  File "/home/airflow/.local/lib/python3.12/site-packages/airflow/models/dagbag.py", line 382, in parse
    loader.exec_module(new_module)
  File "<frozen importlib._bootstrap_external>", line 991, in exec_module
  File "<frozen importlib._bootstrap_external>", line 1129, in get_code
  File "<frozen importlib._bootstrap_external>", line 1059, in source_to_code
  File "<frozen importlib._bootstrap>", line 488, in _call_with_frames_removed
  File "/opt/airflow/dags/flex_eau_pipeline.py", line 26
    ingestion = BashOperator(
    ^^^^^^^^^
IndentationError: expected an indented block after 'with' statement on line 11
[2026-06-21T11:32:32.419+0000] {processor.py:927} WARNING - No viable dags retrieved from /opt/airflow/dags/flex_eau_pipeline.py
[2026-06-21T11:32:32.492+0000] {processor.py:208} INFO - Processing /opt/airflow/dags/flex_eau_pipeline.py took 0.171 seconds
[2026-06-21T11:33:02.918+0000] {processor.py:186} INFO - Started process (PID=5884) to work on /opt/airflow/dags/flex_eau_pipeline.py
[2026-06-21T11:33:02.920+0000] {processor.py:914} INFO - Processing file /opt/airflow/dags/flex_eau_pipeline.py for tasks to queue
[2026-06-21T11:33:02.925+0000] {logging_mixin.py:190} INFO - [2026-06-21T11:33:02.924+0000] {dagbag.py:587} INFO - Filling up the DagBag from /opt/airflow/dags/flex_eau_pipeline.py
[2026-06-21T11:33:02.985+0000] {logging_mixin.py:190} INFO - [2026-06-21T11:33:02.981+0000] {dagbag.py:386} ERROR - Failed to import: /opt/airflow/dags/flex_eau_pipeline.py
Traceback (most recent call last):
  File "/home/airflow/.local/lib/python3.12/site-packages/airflow/models/dagbag.py", line 382, in parse
    loader.exec_module(new_module)
  File "<frozen importlib._bootstrap_external>", line 991, in exec_module
  File "<frozen importlib._bootstrap_external>", line 1129, in get_code
  File "<frozen importlib._bootstrap_external>", line 1059, in source_to_code
  File "<frozen importlib._bootstrap>", line 488, in _call_with_frames_removed
  File "/opt/airflow/dags/flex_eau_pipeline.py", line 26
    ingestion = BashOperator(
    ^^^^^^^^^
IndentationError: expected an indented block after 'with' statement on line 11
[2026-06-21T11:33:02.986+0000] {processor.py:927} WARNING - No viable dags retrieved from /opt/airflow/dags/flex_eau_pipeline.py
[2026-06-21T11:33:03.026+0000] {processor.py:208} INFO - Processing /opt/airflow/dags/flex_eau_pipeline.py took 0.120 seconds
[2026-06-21T11:33:33.558+0000] {processor.py:186} INFO - Started process (PID=5889) to work on /opt/airflow/dags/flex_eau_pipeline.py
[2026-06-21T11:33:33.560+0000] {processor.py:914} INFO - Processing file /opt/airflow/dags/flex_eau_pipeline.py for tasks to queue
[2026-06-21T11:33:33.563+0000] {logging_mixin.py:190} INFO - [2026-06-21T11:33:33.563+0000] {dagbag.py:587} INFO - Filling up the DagBag from /opt/airflow/dags/flex_eau_pipeline.py
[2026-06-21T11:33:33.597+0000] {logging_mixin.py:190} INFO - [2026-06-21T11:33:33.596+0000] {dagbag.py:386} ERROR - Failed to import: /opt/airflow/dags/flex_eau_pipeline.py
Traceback (most recent call last):
  File "/home/airflow/.local/lib/python3.12/site-packages/airflow/models/dagbag.py", line 382, in parse
    loader.exec_module(new_module)
  File "<frozen importlib._bootstrap_external>", line 991, in exec_module
  File "<frozen importlib._bootstrap_external>", line 1129, in get_code
  File "<frozen importlib._bootstrap_external>", line 1059, in source_to_code
  File "<frozen importlib._bootstrap>", line 488, in _call_with_frames_removed
  File "/opt/airflow/dags/flex_eau_pipeline.py", line 26
    ingestion = BashOperator(
    ^^^^^^^^^
IndentationError: expected an indented block after 'with' statement on line 11
[2026-06-21T11:33:33.598+0000] {processor.py:927} WARNING - No viable dags retrieved from /opt/airflow/dags/flex_eau_pipeline.py
[2026-06-21T11:33:33.630+0000] {processor.py:208} INFO - Processing /opt/airflow/dags/flex_eau_pipeline.py took 0.079 seconds
[2026-06-21T11:34:04.149+0000] {processor.py:186} INFO - Started process (PID=5894) to work on /opt/airflow/dags/flex_eau_pipeline.py
[2026-06-21T11:34:04.151+0000] {processor.py:914} INFO - Processing file /opt/airflow/dags/flex_eau_pipeline.py for tasks to queue
[2026-06-21T11:34:04.155+0000] {logging_mixin.py:190} INFO - [2026-06-21T11:34:04.155+0000] {dagbag.py:587} INFO - Filling up the DagBag from /opt/airflow/dags/flex_eau_pipeline.py
[2026-06-21T11:34:04.190+0000] {logging_mixin.py:190} INFO - [2026-06-21T11:34:04.188+0000] {dagbag.py:386} ERROR - Failed to import: /opt/airflow/dags/flex_eau_pipeline.py
Traceback (most recent call last):
  File "/home/airflow/.local/lib/python3.12/site-packages/airflow/models/dagbag.py", line 382, in parse
    loader.exec_module(new_module)
  File "<frozen importlib._bootstrap_external>", line 991, in exec_module
  File "<frozen importlib._bootstrap_external>", line 1129, in get_code
  File "<frozen importlib._bootstrap_external>", line 1059, in source_to_code
  File "<frozen importlib._bootstrap>", line 488, in _call_with_frames_removed
  File "/opt/airflow/dags/flex_eau_pipeline.py", line 26
    ingestion = BashOperator(
    ^^^^^^^^^
IndentationError: expected an indented block after 'with' statement on line 11
[2026-06-21T11:34:04.191+0000] {processor.py:927} WARNING - No viable dags retrieved from /opt/airflow/dags/flex_eau_pipeline.py
[2026-06-21T11:34:04.222+0000] {processor.py:208} INFO - Processing /opt/airflow/dags/flex_eau_pipeline.py took 0.080 seconds
[2026-06-21T11:34:34.746+0000] {processor.py:186} INFO - Started process (PID=5899) to work on /opt/airflow/dags/flex_eau_pipeline.py
[2026-06-21T11:34:34.748+0000] {processor.py:914} INFO - Processing file /opt/airflow/dags/flex_eau_pipeline.py for tasks to queue
[2026-06-21T11:34:34.752+0000] {logging_mixin.py:190} INFO - [2026-06-21T11:34:34.752+0000] {dagbag.py:587} INFO - Filling up the DagBag from /opt/airflow/dags/flex_eau_pipeline.py
[2026-06-21T11:34:34.786+0000] {logging_mixin.py:190} INFO - [2026-06-21T11:34:34.785+0000] {dagbag.py:386} ERROR - Failed to import: /opt/airflow/dags/flex_eau_pipeline.py
Traceback (most recent call last):
  File "/home/airflow/.local/lib/python3.12/site-packages/airflow/models/dagbag.py", line 382, in parse
    loader.exec_module(new_module)
  File "<frozen importlib._bootstrap_external>", line 991, in exec_module
  File "<frozen importlib._bootstrap_external>", line 1129, in get_code
  File "<frozen importlib._bootstrap_external>", line 1059, in source_to_code
  File "<frozen importlib._bootstrap>", line 488, in _call_with_frames_removed
  File "/opt/airflow/dags/flex_eau_pipeline.py", line 26
    ingestion = BashOperator(
    ^^^^^^^^^
IndentationError: expected an indented block after 'with' statement on line 11
[2026-06-21T11:34:34.787+0000] {processor.py:927} WARNING - No viable dags retrieved from /opt/airflow/dags/flex_eau_pipeline.py
[2026-06-21T11:34:34.823+0000] {processor.py:208} INFO - Processing /opt/airflow/dags/flex_eau_pipeline.py took 0.086 seconds
[2026-06-21T11:35:05.309+0000] {processor.py:186} INFO - Started process (PID=5904) to work on /opt/airflow/dags/flex_eau_pipeline.py
[2026-06-21T11:35:05.311+0000] {processor.py:914} INFO - Processing file /opt/airflow/dags/flex_eau_pipeline.py for tasks to queue
[2026-06-21T11:35:05.315+0000] {logging_mixin.py:190} INFO - [2026-06-21T11:35:05.314+0000] {dagbag.py:587} INFO - Filling up the DagBag from /opt/airflow/dags/flex_eau_pipeline.py
[2026-06-21T11:35:05.355+0000] {logging_mixin.py:190} INFO - [2026-06-21T11:35:05.353+0000] {dagbag.py:386} ERROR - Failed to import: /opt/airflow/dags/flex_eau_pipeline.py
Traceback (most recent call last):
  File "/home/airflow/.local/lib/python3.12/site-packages/airflow/models/dagbag.py", line 382, in parse
    loader.exec_module(new_module)
  File "<frozen importlib._bootstrap_external>", line 991, in exec_module
  File "<frozen importlib._bootstrap_external>", line 1129, in get_code
  File "<frozen importlib._bootstrap_external>", line 1059, in source_to_code
  File "<frozen importlib._bootstrap>", line 488, in _call_with_frames_removed
  File "/opt/airflow/dags/flex_eau_pipeline.py", line 26
    ingestion = BashOperator(
    ^^^^^^^^^
IndentationError: expected an indented block after 'with' statement on line 11
[2026-06-21T11:35:05.356+0000] {processor.py:927} WARNING - No viable dags retrieved from /opt/airflow/dags/flex_eau_pipeline.py
[2026-06-21T11:35:05.398+0000] {processor.py:208} INFO - Processing /opt/airflow/dags/flex_eau_pipeline.py took 0.098 seconds
[2026-06-21T11:35:35.955+0000] {processor.py:186} INFO - Started process (PID=5909) to work on /opt/airflow/dags/flex_eau_pipeline.py
[2026-06-21T11:35:35.957+0000] {processor.py:914} INFO - Processing file /opt/airflow/dags/flex_eau_pipeline.py for tasks to queue
[2026-06-21T11:35:35.961+0000] {logging_mixin.py:190} INFO - [2026-06-21T11:35:35.961+0000] {dagbag.py:587} INFO - Filling up the DagBag from /opt/airflow/dags/flex_eau_pipeline.py
[2026-06-21T11:35:36.010+0000] {logging_mixin.py:190} INFO - [2026-06-21T11:35:36.008+0000] {dagbag.py:386} ERROR - Failed to import: /opt/airflow/dags/flex_eau_pipeline.py
Traceback (most recent call last):
  File "/home/airflow/.local/lib/python3.12/site-packages/airflow/models/dagbag.py", line 382, in parse
    loader.exec_module(new_module)
  File "<frozen importlib._bootstrap_external>", line 991, in exec_module
  File "<frozen importlib._bootstrap_external>", line 1129, in get_code
  File "<frozen importlib._bootstrap_external>", line 1059, in source_to_code
  File "<frozen importlib._bootstrap>", line 488, in _call_with_frames_removed
  File "/opt/airflow/dags/flex_eau_pipeline.py", line 26
    ingestion = BashOperator(
    ^^^^^^^^^
IndentationError: expected an indented block after 'with' statement on line 11
[2026-06-21T11:35:36.011+0000] {processor.py:927} WARNING - No viable dags retrieved from /opt/airflow/dags/flex_eau_pipeline.py
[2026-06-21T11:35:36.095+0000] {processor.py:208} INFO - Processing /opt/airflow/dags/flex_eau_pipeline.py took 0.150 seconds
[2026-06-21T11:36:06.709+0000] {processor.py:186} INFO - Started process (PID=5914) to work on /opt/airflow/dags/flex_eau_pipeline.py
[2026-06-21T11:36:06.712+0000] {processor.py:914} INFO - Processing file /opt/airflow/dags/flex_eau_pipeline.py for tasks to queue
[2026-06-21T11:36:06.719+0000] {logging_mixin.py:190} INFO - [2026-06-21T11:36:06.718+0000] {dagbag.py:587} INFO - Filling up the DagBag from /opt/airflow/dags/flex_eau_pipeline.py
[2026-06-21T11:36:06.772+0000] {logging_mixin.py:190} INFO - [2026-06-21T11:36:06.769+0000] {dagbag.py:386} ERROR - Failed to import: /opt/airflow/dags/flex_eau_pipeline.py
Traceback (most recent call last):
  File "/home/airflow/.local/lib/python3.12/site-packages/airflow/models/dagbag.py", line 382, in parse
    loader.exec_module(new_module)
  File "<frozen importlib._bootstrap_external>", line 991, in exec_module
  File "<frozen importlib._bootstrap_external>", line 1129, in get_code
  File "<frozen importlib._bootstrap_external>", line 1059, in source_to_code
  File "<frozen importlib._bootstrap>", line 488, in _call_with_frames_removed
  File "/opt/airflow/dags/flex_eau_pipeline.py", line 26
    ingestion = BashOperator(
    ^^^^^^^^^
IndentationError: expected an indented block after 'with' statement on line 11
[2026-06-21T11:36:06.773+0000] {processor.py:927} WARNING - No viable dags retrieved from /opt/airflow/dags/flex_eau_pipeline.py
[2026-06-21T11:36:06.834+0000] {processor.py:208} INFO - Processing /opt/airflow/dags/flex_eau_pipeline.py took 0.143 seconds
[2026-06-21T11:36:37.255+0000] {processor.py:186} INFO - Started process (PID=5919) to work on /opt/airflow/dags/flex_eau_pipeline.py
[2026-06-21T11:36:37.256+0000] {processor.py:914} INFO - Processing file /opt/airflow/dags/flex_eau_pipeline.py for tasks to queue
[2026-06-21T11:36:37.260+0000] {logging_mixin.py:190} INFO - [2026-06-21T11:36:37.260+0000] {dagbag.py:587} INFO - Filling up the DagBag from /opt/airflow/dags/flex_eau_pipeline.py
[2026-06-21T11:36:37.304+0000] {logging_mixin.py:190} INFO - [2026-06-21T11:36:37.301+0000] {dagbag.py:386} ERROR - Failed to import: /opt/airflow/dags/flex_eau_pipeline.py
Traceback (most recent call last):
  File "/home/airflow/.local/lib/python3.12/site-packages/airflow/models/dagbag.py", line 382, in parse
    loader.exec_module(new_module)
  File "<frozen importlib._bootstrap_external>", line 991, in exec_module
  File "<frozen importlib._bootstrap_external>", line 1129, in get_code
  File "<frozen importlib._bootstrap_external>", line 1059, in source_to_code
  File "<frozen importlib._bootstrap>", line 488, in _call_with_frames_removed
  File "/opt/airflow/dags/flex_eau_pipeline.py", line 26
    ingestion = BashOperator(
    ^^^^^^^^^
IndentationError: expected an indented block after 'with' statement on line 11
[2026-06-21T11:36:37.307+0000] {processor.py:927} WARNING - No viable dags retrieved from /opt/airflow/dags/flex_eau_pipeline.py
[2026-06-21T11:36:37.352+0000] {processor.py:208} INFO - Processing /opt/airflow/dags/flex_eau_pipeline.py took 0.105 seconds
[2026-06-21T11:37:08.013+0000] {processor.py:186} INFO - Started process (PID=5924) to work on /opt/airflow/dags/flex_eau_pipeline.py
[2026-06-21T11:37:08.015+0000] {processor.py:914} INFO - Processing file /opt/airflow/dags/flex_eau_pipeline.py for tasks to queue
[2026-06-21T11:37:08.019+0000] {logging_mixin.py:190} INFO - [2026-06-21T11:37:08.018+0000] {dagbag.py:587} INFO - Filling up the DagBag from /opt/airflow/dags/flex_eau_pipeline.py
[2026-06-21T11:37:08.066+0000] {logging_mixin.py:190} INFO - [2026-06-21T11:37:08.061+0000] {dagbag.py:386} ERROR - Failed to import: /opt/airflow/dags/flex_eau_pipeline.py
Traceback (most recent call last):
  File "/home/airflow/.local/lib/python3.12/site-packages/airflow/models/dagbag.py", line 382, in parse
    loader.exec_module(new_module)
  File "<frozen importlib._bootstrap_external>", line 991, in exec_module
  File "<frozen importlib._bootstrap_external>", line 1129, in get_code
  File "<frozen importlib._bootstrap_external>", line 1059, in source_to_code
  File "<frozen importlib._bootstrap>", line 488, in _call_with_frames_removed
  File "/opt/airflow/dags/flex_eau_pipeline.py", line 26
    ingestion = BashOperator(
    ^^^^^^^^^
IndentationError: expected an indented block after 'with' statement on line 11
[2026-06-21T11:37:08.068+0000] {processor.py:927} WARNING - No viable dags retrieved from /opt/airflow/dags/flex_eau_pipeline.py
[2026-06-21T11:37:08.132+0000] {processor.py:208} INFO - Processing /opt/airflow/dags/flex_eau_pipeline.py took 0.128 seconds
[2026-06-21T11:37:38.640+0000] {processor.py:186} INFO - Started process (PID=5929) to work on /opt/airflow/dags/flex_eau_pipeline.py
[2026-06-21T11:37:38.643+0000] {processor.py:914} INFO - Processing file /opt/airflow/dags/flex_eau_pipeline.py for tasks to queue
[2026-06-21T11:37:38.650+0000] {logging_mixin.py:190} INFO - [2026-06-21T11:37:38.649+0000] {dagbag.py:587} INFO - Filling up the DagBag from /opt/airflow/dags/flex_eau_pipeline.py
[2026-06-21T11:37:38.702+0000] {logging_mixin.py:190} INFO - [2026-06-21T11:37:38.699+0000] {dagbag.py:386} ERROR - Failed to import: /opt/airflow/dags/flex_eau_pipeline.py
Traceback (most recent call last):
  File "/home/airflow/.local/lib/python3.12/site-packages/airflow/models/dagbag.py", line 382, in parse
    loader.exec_module(new_module)
  File "<frozen importlib._bootstrap_external>", line 991, in exec_module
  File "<frozen importlib._bootstrap_external>", line 1129, in get_code
  File "<frozen importlib._bootstrap_external>", line 1059, in source_to_code
  File "<frozen importlib._bootstrap>", line 488, in _call_with_frames_removed
  File "/opt/airflow/dags/flex_eau_pipeline.py", line 26
    ingestion = BashOperator(
    ^^^^^^^^^
IndentationError: expected an indented block after 'with' statement on line 11
[2026-06-21T11:37:38.703+0000] {processor.py:927} WARNING - No viable dags retrieved from /opt/airflow/dags/flex_eau_pipeline.py
[2026-06-21T11:37:38.754+0000] {processor.py:208} INFO - Processing /opt/airflow/dags/flex_eau_pipeline.py took 0.139 seconds
[2026-06-21T11:38:09.307+0000] {processor.py:186} INFO - Started process (PID=5934) to work on /opt/airflow/dags/flex_eau_pipeline.py
[2026-06-21T11:38:09.308+0000] {processor.py:914} INFO - Processing file /opt/airflow/dags/flex_eau_pipeline.py for tasks to queue
[2026-06-21T11:38:09.313+0000] {logging_mixin.py:190} INFO - [2026-06-21T11:38:09.312+0000] {dagbag.py:587} INFO - Filling up the DagBag from /opt/airflow/dags/flex_eau_pipeline.py
[2026-06-21T11:38:09.349+0000] {logging_mixin.py:190} INFO - [2026-06-21T11:38:09.347+0000] {dagbag.py:386} ERROR - Failed to import: /opt/airflow/dags/flex_eau_pipeline.py
Traceback (most recent call last):
  File "/home/airflow/.local/lib/python3.12/site-packages/airflow/models/dagbag.py", line 382, in parse
    loader.exec_module(new_module)
  File "<frozen importlib._bootstrap_external>", line 991, in exec_module
  File "<frozen importlib._bootstrap_external>", line 1129, in get_code
  File "<frozen importlib._bootstrap_external>", line 1059, in source_to_code
  File "<frozen importlib._bootstrap>", line 488, in _call_with_frames_removed
  File "/opt/airflow/dags/flex_eau_pipeline.py", line 26
    ingestion = BashOperator(
    ^^^^^^^^^
IndentationError: expected an indented block after 'with' statement on line 11
[2026-06-21T11:38:09.350+0000] {processor.py:927} WARNING - No viable dags retrieved from /opt/airflow/dags/flex_eau_pipeline.py
[2026-06-21T11:38:09.389+0000] {processor.py:208} INFO - Processing /opt/airflow/dags/flex_eau_pipeline.py took 0.092 seconds
[2026-06-21T11:38:40.016+0000] {processor.py:186} INFO - Started process (PID=5939) to work on /opt/airflow/dags/flex_eau_pipeline.py
[2026-06-21T11:38:40.018+0000] {processor.py:914} INFO - Processing file /opt/airflow/dags/flex_eau_pipeline.py for tasks to queue
[2026-06-21T11:38:40.024+0000] {logging_mixin.py:190} INFO - [2026-06-21T11:38:40.023+0000] {dagbag.py:587} INFO - Filling up the DagBag from /opt/airflow/dags/flex_eau_pipeline.py
[2026-06-21T11:38:40.065+0000] {logging_mixin.py:190} INFO - [2026-06-21T11:38:40.063+0000] {dagbag.py:386} ERROR - Failed to import: /opt/airflow/dags/flex_eau_pipeline.py
Traceback (most recent call last):
  File "/home/airflow/.local/lib/python3.12/site-packages/airflow/models/dagbag.py", line 382, in parse
    loader.exec_module(new_module)
  File "<frozen importlib._bootstrap_external>", line 991, in exec_module
  File "<frozen importlib._bootstrap_external>", line 1129, in get_code
  File "<frozen importlib._bootstrap_external>", line 1059, in source_to_code
  File "<frozen importlib._bootstrap>", line 488, in _call_with_frames_removed
  File "/opt/airflow/dags/flex_eau_pipeline.py", line 26
    ingestion = BashOperator(
    ^^^^^^^^^
IndentationError: expected an indented block after 'with' statement on line 11
[2026-06-21T11:38:40.066+0000] {processor.py:927} WARNING - No viable dags retrieved from /opt/airflow/dags/flex_eau_pipeline.py
[2026-06-21T11:38:40.110+0000] {processor.py:208} INFO - Processing /opt/airflow/dags/flex_eau_pipeline.py took 0.105 seconds
[2026-06-21T11:39:10.767+0000] {processor.py:186} INFO - Started process (PID=5944) to work on /opt/airflow/dags/flex_eau_pipeline.py
[2026-06-21T11:39:10.769+0000] {processor.py:914} INFO - Processing file /opt/airflow/dags/flex_eau_pipeline.py for tasks to queue
[2026-06-21T11:39:10.773+0000] {logging_mixin.py:190} INFO - [2026-06-21T11:39:10.773+0000] {dagbag.py:587} INFO - Filling up the DagBag from /opt/airflow/dags/flex_eau_pipeline.py
[2026-06-21T11:39:10.811+0000] {logging_mixin.py:190} INFO - [2026-06-21T11:39:10.809+0000] {dagbag.py:386} ERROR - Failed to import: /opt/airflow/dags/flex_eau_pipeline.py
Traceback (most recent call last):
  File "/home/airflow/.local/lib/python3.12/site-packages/airflow/models/dagbag.py", line 382, in parse
    loader.exec_module(new_module)
  File "<frozen importlib._bootstrap_external>", line 991, in exec_module
  File "<frozen importlib._bootstrap_external>", line 1129, in get_code
  File "<frozen importlib._bootstrap_external>", line 1059, in source_to_code
  File "<frozen importlib._bootstrap>", line 488, in _call_with_frames_removed
  File "/opt/airflow/dags/flex_eau_pipeline.py", line 26
    ingestion = BashOperator(
    ^^^^^^^^^
IndentationError: expected an indented block after 'with' statement on line 11
[2026-06-21T11:39:10.812+0000] {processor.py:927} WARNING - No viable dags retrieved from /opt/airflow/dags/flex_eau_pipeline.py
[2026-06-21T11:39:10.845+0000] {processor.py:208} INFO - Processing /opt/airflow/dags/flex_eau_pipeline.py took 0.095 seconds
[2026-06-21T11:39:41.508+0000] {processor.py:186} INFO - Started process (PID=5949) to work on /opt/airflow/dags/flex_eau_pipeline.py
[2026-06-21T11:39:41.511+0000] {processor.py:914} INFO - Processing file /opt/airflow/dags/flex_eau_pipeline.py for tasks to queue
[2026-06-21T11:39:41.514+0000] {logging_mixin.py:190} INFO - [2026-06-21T11:39:41.514+0000] {dagbag.py:587} INFO - Filling up the DagBag from /opt/airflow/dags/flex_eau_pipeline.py
[2026-06-21T11:39:41.553+0000] {logging_mixin.py:190} INFO - [2026-06-21T11:39:41.551+0000] {dagbag.py:386} ERROR - Failed to import: /opt/airflow/dags/flex_eau_pipeline.py
Traceback (most recent call last):
  File "/home/airflow/.local/lib/python3.12/site-packages/airflow/models/dagbag.py", line 382, in parse
    loader.exec_module(new_module)
  File "<frozen importlib._bootstrap_external>", line 991, in exec_module
  File "<frozen importlib._bootstrap_external>", line 1129, in get_code
  File "<frozen importlib._bootstrap_external>", line 1059, in source_to_code
  File "<frozen importlib._bootstrap>", line 488, in _call_with_frames_removed
  File "/opt/airflow/dags/flex_eau_pipeline.py", line 26
    ingestion = BashOperator(
    ^^^^^^^^^
IndentationError: expected an indented block after 'with' statement on line 11
[2026-06-21T11:39:41.555+0000] {processor.py:927} WARNING - No viable dags retrieved from /opt/airflow/dags/flex_eau_pipeline.py
[2026-06-21T11:39:41.594+0000] {processor.py:208} INFO - Processing /opt/airflow/dags/flex_eau_pipeline.py took 0.095 seconds
[2026-06-21T11:40:12.129+0000] {processor.py:186} INFO - Started process (PID=5954) to work on /opt/airflow/dags/flex_eau_pipeline.py
[2026-06-21T11:40:12.132+0000] {processor.py:914} INFO - Processing file /opt/airflow/dags/flex_eau_pipeline.py for tasks to queue
[2026-06-21T11:40:12.140+0000] {logging_mixin.py:190} INFO - [2026-06-21T11:40:12.139+0000] {dagbag.py:587} INFO - Filling up the DagBag from /opt/airflow/dags/flex_eau_pipeline.py
[2026-06-21T11:40:12.196+0000] {logging_mixin.py:190} INFO - [2026-06-21T11:40:12.194+0000] {dagbag.py:386} ERROR - Failed to import: /opt/airflow/dags/flex_eau_pipeline.py
Traceback (most recent call last):
  File "/home/airflow/.local/lib/python3.12/site-packages/airflow/models/dagbag.py", line 382, in parse
    loader.exec_module(new_module)
  File "<frozen importlib._bootstrap_external>", line 991, in exec_module
  File "<frozen importlib._bootstrap_external>", line 1129, in get_code
  File "<frozen importlib._bootstrap_external>", line 1059, in source_to_code
  File "<frozen importlib._bootstrap>", line 488, in _call_with_frames_removed
  File "/opt/airflow/dags/flex_eau_pipeline.py", line 26
    ingestion = BashOperator(
    ^^^^^^^^^
IndentationError: expected an indented block after 'with' statement on line 11
[2026-06-21T11:40:12.198+0000] {processor.py:927} WARNING - No viable dags retrieved from /opt/airflow/dags/flex_eau_pipeline.py
[2026-06-21T11:40:12.252+0000] {processor.py:208} INFO - Processing /opt/airflow/dags/flex_eau_pipeline.py took 0.143 seconds
[2026-06-21T11:40:42.913+0000] {processor.py:186} INFO - Started process (PID=5959) to work on /opt/airflow/dags/flex_eau_pipeline.py
[2026-06-21T11:40:42.915+0000] {processor.py:914} INFO - Processing file /opt/airflow/dags/flex_eau_pipeline.py for tasks to queue
[2026-06-21T11:40:42.920+0000] {logging_mixin.py:190} INFO - [2026-06-21T11:40:42.919+0000] {dagbag.py:587} INFO - Filling up the DagBag from /opt/airflow/dags/flex_eau_pipeline.py
[2026-06-21T11:40:42.957+0000] {logging_mixin.py:190} INFO - [2026-06-21T11:40:42.956+0000] {dagbag.py:386} ERROR - Failed to import: /opt/airflow/dags/flex_eau_pipeline.py
Traceback (most recent call last):
  File "/home/airflow/.local/lib/python3.12/site-packages/airflow/models/dagbag.py", line 382, in parse
    loader.exec_module(new_module)
  File "<frozen importlib._bootstrap_external>", line 991, in exec_module
  File "<frozen importlib._bootstrap_external>", line 1129, in get_code
  File "<frozen importlib._bootstrap_external>", line 1059, in source_to_code
  File "<frozen importlib._bootstrap>", line 488, in _call_with_frames_removed
  File "/opt/airflow/dags/flex_eau_pipeline.py", line 26
    ingestion = BashOperator(
    ^^^^^^^^^
IndentationError: expected an indented block after 'with' statement on line 11
[2026-06-21T11:40:42.959+0000] {processor.py:927} WARNING - No viable dags retrieved from /opt/airflow/dags/flex_eau_pipeline.py
[2026-06-21T11:40:42.992+0000] {processor.py:208} INFO - Processing /opt/airflow/dags/flex_eau_pipeline.py took 0.087 seconds
[2026-06-21T11:41:13.545+0000] {processor.py:186} INFO - Started process (PID=5964) to work on /opt/airflow/dags/flex_eau_pipeline.py
[2026-06-21T11:41:13.547+0000] {processor.py:914} INFO - Processing file /opt/airflow/dags/flex_eau_pipeline.py for tasks to queue
[2026-06-21T11:41:13.551+0000] {logging_mixin.py:190} INFO - [2026-06-21T11:41:13.551+0000] {dagbag.py:587} INFO - Filling up the DagBag from /opt/airflow/dags/flex_eau_pipeline.py
[2026-06-21T11:41:13.587+0000] {logging_mixin.py:190} INFO - [2026-06-21T11:41:13.585+0000] {dagbag.py:386} ERROR - Failed to import: /opt/airflow/dags/flex_eau_pipeline.py
Traceback (most recent call last):
  File "/home/airflow/.local/lib/python3.12/site-packages/airflow/models/dagbag.py", line 382, in parse
    loader.exec_module(new_module)
  File "<frozen importlib._bootstrap_external>", line 991, in exec_module
  File "<frozen importlib._bootstrap_external>", line 1129, in get_code
  File "<frozen importlib._bootstrap_external>", line 1059, in source_to_code
  File "<frozen importlib._bootstrap>", line 488, in _call_with_frames_removed
  File "/opt/airflow/dags/flex_eau_pipeline.py", line 26
    ingestion = BashOperator(
    ^^^^^^^^^
IndentationError: expected an indented block after 'with' statement on line 11
[2026-06-21T11:41:13.588+0000] {processor.py:927} WARNING - No viable dags retrieved from /opt/airflow/dags/flex_eau_pipeline.py
[2026-06-21T11:41:13.625+0000] {processor.py:208} INFO - Processing /opt/airflow/dags/flex_eau_pipeline.py took 0.089 seconds
[2026-06-21T11:41:44.163+0000] {processor.py:186} INFO - Started process (PID=5969) to work on /opt/airflow/dags/flex_eau_pipeline.py
[2026-06-21T11:41:44.165+0000] {processor.py:914} INFO - Processing file /opt/airflow/dags/flex_eau_pipeline.py for tasks to queue
[2026-06-21T11:41:44.172+0000] {logging_mixin.py:190} INFO - [2026-06-21T11:41:44.172+0000] {dagbag.py:587} INFO - Filling up the DagBag from /opt/airflow/dags/flex_eau_pipeline.py
[2026-06-21T11:41:44.229+0000] {logging_mixin.py:190} INFO - [2026-06-21T11:41:44.227+0000] {dagbag.py:386} ERROR - Failed to import: /opt/airflow/dags/flex_eau_pipeline.py
Traceback (most recent call last):
  File "/home/airflow/.local/lib/python3.12/site-packages/airflow/models/dagbag.py", line 382, in parse
    loader.exec_module(new_module)
  File "<frozen importlib._bootstrap_external>", line 991, in exec_module
  File "<frozen importlib._bootstrap_external>", line 1129, in get_code
  File "<frozen importlib._bootstrap_external>", line 1059, in source_to_code
  File "<frozen importlib._bootstrap>", line 488, in _call_with_frames_removed
  File "/opt/airflow/dags/flex_eau_pipeline.py", line 26
    ingestion = BashOperator(
    ^^^^^^^^^
IndentationError: expected an indented block after 'with' statement on line 11
[2026-06-21T11:41:44.230+0000] {processor.py:927} WARNING - No viable dags retrieved from /opt/airflow/dags/flex_eau_pipeline.py
[2026-06-21T11:41:44.269+0000] {processor.py:208} INFO - Processing /opt/airflow/dags/flex_eau_pipeline.py took 0.113 seconds
[2026-06-21T11:42:14.827+0000] {processor.py:186} INFO - Started process (PID=5974) to work on /opt/airflow/dags/flex_eau_pipeline.py
[2026-06-21T11:42:14.829+0000] {processor.py:914} INFO - Processing file /opt/airflow/dags/flex_eau_pipeline.py for tasks to queue
[2026-06-21T11:42:14.833+0000] {logging_mixin.py:190} INFO - [2026-06-21T11:42:14.833+0000] {dagbag.py:587} INFO - Filling up the DagBag from /opt/airflow/dags/flex_eau_pipeline.py
[2026-06-21T11:42:14.883+0000] {logging_mixin.py:190} INFO - [2026-06-21T11:42:14.880+0000] {dagbag.py:386} ERROR - Failed to import: /opt/airflow/dags/flex_eau_pipeline.py
Traceback (most recent call last):
  File "/home/airflow/.local/lib/python3.12/site-packages/airflow/models/dagbag.py", line 382, in parse
    loader.exec_module(new_module)
  File "<frozen importlib._bootstrap_external>", line 991, in exec_module
  File "<frozen importlib._bootstrap_external>", line 1129, in get_code
  File "<frozen importlib._bootstrap_external>", line 1059, in source_to_code
  File "<frozen importlib._bootstrap>", line 488, in _call_with_frames_removed
  File "/opt/airflow/dags/flex_eau_pipeline.py", line 26
    ingestion = BashOperator(
    ^^^^^^^^^
IndentationError: expected an indented block after 'with' statement on line 11
[2026-06-21T11:42:14.885+0000] {processor.py:927} WARNING - No viable dags retrieved from /opt/airflow/dags/flex_eau_pipeline.py
[2026-06-21T11:42:14.933+0000] {processor.py:208} INFO - Processing /opt/airflow/dags/flex_eau_pipeline.py took 0.116 seconds
[2026-06-21T11:42:45.517+0000] {processor.py:186} INFO - Started process (PID=5979) to work on /opt/airflow/dags/flex_eau_pipeline.py
[2026-06-21T11:42:45.519+0000] {processor.py:914} INFO - Processing file /opt/airflow/dags/flex_eau_pipeline.py for tasks to queue
[2026-06-21T11:42:45.523+0000] {logging_mixin.py:190} INFO - [2026-06-21T11:42:45.523+0000] {dagbag.py:587} INFO - Filling up the DagBag from /opt/airflow/dags/flex_eau_pipeline.py
[2026-06-21T11:42:45.556+0000] {logging_mixin.py:190} INFO - [2026-06-21T11:42:45.554+0000] {dagbag.py:386} ERROR - Failed to import: /opt/airflow/dags/flex_eau_pipeline.py
Traceback (most recent call last):
  File "/home/airflow/.local/lib/python3.12/site-packages/airflow/models/dagbag.py", line 382, in parse
    loader.exec_module(new_module)
  File "<frozen importlib._bootstrap_external>", line 991, in exec_module
  File "<frozen importlib._bootstrap_external>", line 1129, in get_code
  File "<frozen importlib._bootstrap_external>", line 1059, in source_to_code
  File "<frozen importlib._bootstrap>", line 488, in _call_with_frames_removed
  File "/opt/airflow/dags/flex_eau_pipeline.py", line 26
    ingestion = BashOperator(
    ^^^^^^^^^
IndentationError: expected an indented block after 'with' statement on line 11
[2026-06-21T11:42:45.557+0000] {processor.py:927} WARNING - No viable dags retrieved from /opt/airflow/dags/flex_eau_pipeline.py
[2026-06-21T11:42:45.600+0000] {processor.py:208} INFO - Processing /opt/airflow/dags/flex_eau_pipeline.py took 0.092 seconds
[2026-06-21T11:43:16.192+0000] {processor.py:186} INFO - Started process (PID=5984) to work on /opt/airflow/dags/flex_eau_pipeline.py
[2026-06-21T11:43:16.194+0000] {processor.py:914} INFO - Processing file /opt/airflow/dags/flex_eau_pipeline.py for tasks to queue
[2026-06-21T11:43:16.199+0000] {logging_mixin.py:190} INFO - [2026-06-21T11:43:16.198+0000] {dagbag.py:587} INFO - Filling up the DagBag from /opt/airflow/dags/flex_eau_pipeline.py
[2026-06-21T11:43:16.245+0000] {logging_mixin.py:190} INFO - [2026-06-21T11:43:16.244+0000] {dagbag.py:386} ERROR - Failed to import: /opt/airflow/dags/flex_eau_pipeline.py
Traceback (most recent call last):
  File "/home/airflow/.local/lib/python3.12/site-packages/airflow/models/dagbag.py", line 382, in parse
    loader.exec_module(new_module)
  File "<frozen importlib._bootstrap_external>", line 991, in exec_module
  File "<frozen importlib._bootstrap_external>", line 1129, in get_code
  File "<frozen importlib._bootstrap_external>", line 1059, in source_to_code
  File "<frozen importlib._bootstrap>", line 488, in _call_with_frames_removed
  File "/opt/airflow/dags/flex_eau_pipeline.py", line 26
    ingestion = BashOperator(
    ^^^^^^^^^
IndentationError: expected an indented block after 'with' statement on line 11
[2026-06-21T11:43:16.247+0000] {processor.py:927} WARNING - No viable dags retrieved from /opt/airflow/dags/flex_eau_pipeline.py
[2026-06-21T11:43:16.281+0000] {processor.py:208} INFO - Processing /opt/airflow/dags/flex_eau_pipeline.py took 0.101 seconds
[2026-06-21T11:43:46.780+0000] {processor.py:186} INFO - Started process (PID=5989) to work on /opt/airflow/dags/flex_eau_pipeline.py
[2026-06-21T11:43:46.781+0000] {processor.py:914} INFO - Processing file /opt/airflow/dags/flex_eau_pipeline.py for tasks to queue
[2026-06-21T11:43:46.785+0000] {logging_mixin.py:190} INFO - [2026-06-21T11:43:46.784+0000] {dagbag.py:587} INFO - Filling up the DagBag from /opt/airflow/dags/flex_eau_pipeline.py
[2026-06-21T11:43:46.815+0000] {logging_mixin.py:190} INFO - [2026-06-21T11:43:46.814+0000] {dagbag.py:386} ERROR - Failed to import: /opt/airflow/dags/flex_eau_pipeline.py
Traceback (most recent call last):
  File "/home/airflow/.local/lib/python3.12/site-packages/airflow/models/dagbag.py", line 382, in parse
    loader.exec_module(new_module)
  File "<frozen importlib._bootstrap_external>", line 991, in exec_module
  File "<frozen importlib._bootstrap_external>", line 1129, in get_code
  File "<frozen importlib._bootstrap_external>", line 1059, in source_to_code
  File "<frozen importlib._bootstrap>", line 488, in _call_with_frames_removed
  File "/opt/airflow/dags/flex_eau_pipeline.py", line 26
    ingestion = BashOperator(
    ^^^^^^^^^
IndentationError: expected an indented block after 'with' statement on line 11
[2026-06-21T11:43:46.816+0000] {processor.py:927} WARNING - No viable dags retrieved from /opt/airflow/dags/flex_eau_pipeline.py
[2026-06-21T11:43:46.851+0000] {processor.py:208} INFO - Processing /opt/airflow/dags/flex_eau_pipeline.py took 0.080 seconds
[2026-06-21T11:44:17.459+0000] {processor.py:186} INFO - Started process (PID=5994) to work on /opt/airflow/dags/flex_eau_pipeline.py
[2026-06-21T11:44:17.461+0000] {processor.py:914} INFO - Processing file /opt/airflow/dags/flex_eau_pipeline.py for tasks to queue
[2026-06-21T11:44:17.465+0000] {logging_mixin.py:190} INFO - [2026-06-21T11:44:17.464+0000] {dagbag.py:587} INFO - Filling up the DagBag from /opt/airflow/dags/flex_eau_pipeline.py
[2026-06-21T11:44:17.516+0000] {logging_mixin.py:190} INFO - [2026-06-21T11:44:17.514+0000] {dagbag.py:386} ERROR - Failed to import: /opt/airflow/dags/flex_eau_pipeline.py
Traceback (most recent call last):
  File "/home/airflow/.local/lib/python3.12/site-packages/airflow/models/dagbag.py", line 382, in parse
    loader.exec_module(new_module)
  File "<frozen importlib._bootstrap_external>", line 991, in exec_module
  File "<frozen importlib._bootstrap_external>", line 1129, in get_code
  File "<frozen importlib._bootstrap_external>", line 1059, in source_to_code
  File "<frozen importlib._bootstrap>", line 488, in _call_with_frames_removed
  File "/opt/airflow/dags/flex_eau_pipeline.py", line 26
    ingestion = BashOperator(
    ^^^^^^^^^
IndentationError: expected an indented block after 'with' statement on line 11
[2026-06-21T11:44:17.518+0000] {processor.py:927} WARNING - No viable dags retrieved from /opt/airflow/dags/flex_eau_pipeline.py
[2026-06-21T11:44:17.572+0000] {processor.py:208} INFO - Processing /opt/airflow/dags/flex_eau_pipeline.py took 0.121 seconds
[2026-06-21T11:44:48.042+0000] {processor.py:186} INFO - Started process (PID=5999) to work on /opt/airflow/dags/flex_eau_pipeline.py
[2026-06-21T11:44:48.044+0000] {processor.py:914} INFO - Processing file /opt/airflow/dags/flex_eau_pipeline.py for tasks to queue
[2026-06-21T11:44:48.049+0000] {logging_mixin.py:190} INFO - [2026-06-21T11:44:48.048+0000] {dagbag.py:587} INFO - Filling up the DagBag from /opt/airflow/dags/flex_eau_pipeline.py
[2026-06-21T11:44:48.080+0000] {logging_mixin.py:190} INFO - [2026-06-21T11:44:48.078+0000] {dagbag.py:386} ERROR - Failed to import: /opt/airflow/dags/flex_eau_pipeline.py
Traceback (most recent call last):
  File "/home/airflow/.local/lib/python3.12/site-packages/airflow/models/dagbag.py", line 382, in parse
    loader.exec_module(new_module)
  File "<frozen importlib._bootstrap_external>", line 991, in exec_module
  File "<frozen importlib._bootstrap_external>", line 1129, in get_code
  File "<frozen importlib._bootstrap_external>", line 1059, in source_to_code
  File "<frozen importlib._bootstrap>", line 488, in _call_with_frames_removed
  File "/opt/airflow/dags/flex_eau_pipeline.py", line 26
    ingestion = BashOperator(
    ^^^^^^^^^
IndentationError: expected an indented block after 'with' statement on line 11
[2026-06-21T11:44:48.081+0000] {processor.py:927} WARNING - No viable dags retrieved from /opt/airflow/dags/flex_eau_pipeline.py
[2026-06-21T11:44:48.117+0000] {processor.py:208} INFO - Processing /opt/airflow/dags/flex_eau_pipeline.py took 0.084 seconds
[2026-06-21T11:45:18.722+0000] {processor.py:186} INFO - Started process (PID=6004) to work on /opt/airflow/dags/flex_eau_pipeline.py
[2026-06-21T11:45:18.724+0000] {processor.py:914} INFO - Processing file /opt/airflow/dags/flex_eau_pipeline.py for tasks to queue
[2026-06-21T11:45:18.729+0000] {logging_mixin.py:190} INFO - [2026-06-21T11:45:18.728+0000] {dagbag.py:587} INFO - Filling up the DagBag from /opt/airflow/dags/flex_eau_pipeline.py
[2026-06-21T11:45:18.790+0000] {logging_mixin.py:190} INFO - [2026-06-21T11:45:18.787+0000] {dagbag.py:386} ERROR - Failed to import: /opt/airflow/dags/flex_eau_pipeline.py
Traceback (most recent call last):
  File "/home/airflow/.local/lib/python3.12/site-packages/airflow/models/dagbag.py", line 382, in parse
    loader.exec_module(new_module)
  File "<frozen importlib._bootstrap_external>", line 991, in exec_module
  File "<frozen importlib._bootstrap_external>", line 1129, in get_code
  File "<frozen importlib._bootstrap_external>", line 1059, in source_to_code
  File "<frozen importlib._bootstrap>", line 488, in _call_with_frames_removed
  File "/opt/airflow/dags/flex_eau_pipeline.py", line 26
    ingestion = BashOperator(
    ^^^^^^^^^
IndentationError: expected an indented block after 'with' statement on line 11
[2026-06-21T11:45:18.792+0000] {processor.py:927} WARNING - No viable dags retrieved from /opt/airflow/dags/flex_eau_pipeline.py
[2026-06-21T11:45:18.860+0000] {processor.py:208} INFO - Processing /opt/airflow/dags/flex_eau_pipeline.py took 0.147 seconds
[2026-06-21T11:45:49.368+0000] {processor.py:186} INFO - Started process (PID=6009) to work on /opt/airflow/dags/flex_eau_pipeline.py
[2026-06-21T11:45:49.371+0000] {processor.py:914} INFO - Processing file /opt/airflow/dags/flex_eau_pipeline.py for tasks to queue
[2026-06-21T11:45:49.378+0000] {logging_mixin.py:190} INFO - [2026-06-21T11:45:49.378+0000] {dagbag.py:587} INFO - Filling up the DagBag from /opt/airflow/dags/flex_eau_pipeline.py
[2026-06-21T11:45:49.442+0000] {logging_mixin.py:190} INFO - [2026-06-21T11:45:49.438+0000] {dagbag.py:386} ERROR - Failed to import: /opt/airflow/dags/flex_eau_pipeline.py
Traceback (most recent call last):
  File "/home/airflow/.local/lib/python3.12/site-packages/airflow/models/dagbag.py", line 382, in parse
    loader.exec_module(new_module)
  File "<frozen importlib._bootstrap_external>", line 991, in exec_module
  File "<frozen importlib._bootstrap_external>", line 1129, in get_code
  File "<frozen importlib._bootstrap_external>", line 1059, in source_to_code
  File "<frozen importlib._bootstrap>", line 488, in _call_with_frames_removed
  File "/opt/airflow/dags/flex_eau_pipeline.py", line 26
    ingestion = BashOperator(
    ^^^^^^^^^
IndentationError: expected an indented block after 'with' statement on line 11
[2026-06-21T11:45:49.444+0000] {processor.py:927} WARNING - No viable dags retrieved from /opt/airflow/dags/flex_eau_pipeline.py
[2026-06-21T11:45:49.536+0000] {processor.py:208} INFO - Processing /opt/airflow/dags/flex_eau_pipeline.py took 0.184 seconds
[2026-06-21T11:46:20.201+0000] {processor.py:186} INFO - Started process (PID=6014) to work on /opt/airflow/dags/flex_eau_pipeline.py
[2026-06-21T11:46:20.203+0000] {processor.py:914} INFO - Processing file /opt/airflow/dags/flex_eau_pipeline.py for tasks to queue
[2026-06-21T11:46:20.208+0000] {logging_mixin.py:190} INFO - [2026-06-21T11:46:20.208+0000] {dagbag.py:587} INFO - Filling up the DagBag from /opt/airflow/dags/flex_eau_pipeline.py
[2026-06-21T11:46:20.242+0000] {logging_mixin.py:190} INFO - [2026-06-21T11:46:20.240+0000] {dagbag.py:386} ERROR - Failed to import: /opt/airflow/dags/flex_eau_pipeline.py
Traceback (most recent call last):
  File "/home/airflow/.local/lib/python3.12/site-packages/airflow/models/dagbag.py", line 382, in parse
    loader.exec_module(new_module)
  File "<frozen importlib._bootstrap_external>", line 991, in exec_module
  File "<frozen importlib._bootstrap_external>", line 1129, in get_code
  File "<frozen importlib._bootstrap_external>", line 1059, in source_to_code
  File "<frozen importlib._bootstrap>", line 488, in _call_with_frames_removed
  File "/opt/airflow/dags/flex_eau_pipeline.py", line 26
    ingestion = BashOperator(
    ^^^^^^^^^
IndentationError: expected an indented block after 'with' statement on line 11
[2026-06-21T11:46:20.244+0000] {processor.py:927} WARNING - No viable dags retrieved from /opt/airflow/dags/flex_eau_pipeline.py
[2026-06-21T11:46:20.281+0000] {processor.py:208} INFO - Processing /opt/airflow/dags/flex_eau_pipeline.py took 0.091 seconds
[2026-06-21T11:46:51.169+0000] {processor.py:186} INFO - Started process (PID=6019) to work on /opt/airflow/dags/flex_eau_pipeline.py
[2026-06-21T11:46:51.171+0000] {processor.py:914} INFO - Processing file /opt/airflow/dags/flex_eau_pipeline.py for tasks to queue
[2026-06-21T11:46:51.177+0000] {logging_mixin.py:190} INFO - [2026-06-21T11:46:51.176+0000] {dagbag.py:587} INFO - Filling up the DagBag from /opt/airflow/dags/flex_eau_pipeline.py
[2026-06-21T11:46:51.201+0000] {logging_mixin.py:190} INFO - [2026-06-21T11:46:51.199+0000] {dagbag.py:386} ERROR - Failed to import: /opt/airflow/dags/flex_eau_pipeline.py
Traceback (most recent call last):
  File "/home/airflow/.local/lib/python3.12/site-packages/airflow/models/dagbag.py", line 382, in parse
    loader.exec_module(new_module)
  File "<frozen importlib._bootstrap_external>", line 991, in exec_module
  File "<frozen importlib._bootstrap_external>", line 1129, in get_code
  File "<frozen importlib._bootstrap_external>", line 1059, in source_to_code
  File "<frozen importlib._bootstrap>", line 488, in _call_with_frames_removed
  File "/opt/airflow/dags/flex_eau_pipeline.py", line 26
    ingestion = BashOperator(
    ^^^^^^^^^
IndentationError: expected an indented block after 'with' statement on line 11
[2026-06-21T11:46:51.202+0000] {processor.py:927} WARNING - No viable dags retrieved from /opt/airflow/dags/flex_eau_pipeline.py
[2026-06-21T11:46:51.242+0000] {processor.py:208} INFO - Processing /opt/airflow/dags/flex_eau_pipeline.py took 0.097 seconds
[2026-06-21T11:47:21.726+0000] {processor.py:186} INFO - Started process (PID=6024) to work on /opt/airflow/dags/flex_eau_pipeline.py
[2026-06-21T11:47:21.729+0000] {processor.py:914} INFO - Processing file /opt/airflow/dags/flex_eau_pipeline.py for tasks to queue
[2026-06-21T11:47:21.734+0000] {logging_mixin.py:190} INFO - [2026-06-21T11:47:21.733+0000] {dagbag.py:587} INFO - Filling up the DagBag from /opt/airflow/dags/flex_eau_pipeline.py
[2026-06-21T11:47:21.776+0000] {logging_mixin.py:190} INFO - [2026-06-21T11:47:21.773+0000] {dagbag.py:386} ERROR - Failed to import: /opt/airflow/dags/flex_eau_pipeline.py
Traceback (most recent call last):
  File "/home/airflow/.local/lib/python3.12/site-packages/airflow/models/dagbag.py", line 382, in parse
    loader.exec_module(new_module)
  File "<frozen importlib._bootstrap_external>", line 991, in exec_module
  File "<frozen importlib._bootstrap_external>", line 1129, in get_code
  File "<frozen importlib._bootstrap_external>", line 1059, in source_to_code
  File "<frozen importlib._bootstrap>", line 488, in _call_with_frames_removed
  File "/opt/airflow/dags/flex_eau_pipeline.py", line 26
    ingestion = BashOperator(
    ^^^^^^^^^
IndentationError: expected an indented block after 'with' statement on line 11
[2026-06-21T11:47:21.778+0000] {processor.py:927} WARNING - No viable dags retrieved from /opt/airflow/dags/flex_eau_pipeline.py
[2026-06-21T11:47:21.823+0000] {processor.py:208} INFO - Processing /opt/airflow/dags/flex_eau_pipeline.py took 0.115 seconds
[2026-06-21T11:47:52.388+0000] {processor.py:186} INFO - Started process (PID=6029) to work on /opt/airflow/dags/flex_eau_pipeline.py
[2026-06-21T11:47:52.390+0000] {processor.py:914} INFO - Processing file /opt/airflow/dags/flex_eau_pipeline.py for tasks to queue
[2026-06-21T11:47:52.395+0000] {logging_mixin.py:190} INFO - [2026-06-21T11:47:52.394+0000] {dagbag.py:587} INFO - Filling up the DagBag from /opt/airflow/dags/flex_eau_pipeline.py
[2026-06-21T11:47:52.432+0000] {logging_mixin.py:190} INFO - [2026-06-21T11:47:52.430+0000] {dagbag.py:386} ERROR - Failed to import: /opt/airflow/dags/flex_eau_pipeline.py
Traceback (most recent call last):
  File "/home/airflow/.local/lib/python3.12/site-packages/airflow/models/dagbag.py", line 382, in parse
    loader.exec_module(new_module)
  File "<frozen importlib._bootstrap_external>", line 991, in exec_module
  File "<frozen importlib._bootstrap_external>", line 1129, in get_code
  File "<frozen importlib._bootstrap_external>", line 1059, in source_to_code
  File "<frozen importlib._bootstrap>", line 488, in _call_with_frames_removed
  File "/opt/airflow/dags/flex_eau_pipeline.py", line 26
    ingestion = BashOperator(
    ^^^^^^^^^
IndentationError: expected an indented block after 'with' statement on line 11
[2026-06-21T11:47:52.433+0000] {processor.py:927} WARNING - No viable dags retrieved from /opt/airflow/dags/flex_eau_pipeline.py
[2026-06-21T11:47:52.473+0000] {processor.py:208} INFO - Processing /opt/airflow/dags/flex_eau_pipeline.py took 0.097 seconds
[2026-06-21T11:48:22.867+0000] {processor.py:186} INFO - Started process (PID=6034) to work on /opt/airflow/dags/flex_eau_pipeline.py
[2026-06-21T11:48:22.870+0000] {processor.py:914} INFO - Processing file /opt/airflow/dags/flex_eau_pipeline.py for tasks to queue
[2026-06-21T11:48:22.874+0000] {logging_mixin.py:190} INFO - [2026-06-21T11:48:22.873+0000] {dagbag.py:587} INFO - Filling up the DagBag from /opt/airflow/dags/flex_eau_pipeline.py
[2026-06-21T11:48:22.908+0000] {logging_mixin.py:190} INFO - [2026-06-21T11:48:22.906+0000] {dagbag.py:386} ERROR - Failed to import: /opt/airflow/dags/flex_eau_pipeline.py
Traceback (most recent call last):
  File "/home/airflow/.local/lib/python3.12/site-packages/airflow/models/dagbag.py", line 382, in parse
    loader.exec_module(new_module)
  File "<frozen importlib._bootstrap_external>", line 991, in exec_module
  File "<frozen importlib._bootstrap_external>", line 1129, in get_code
  File "<frozen importlib._bootstrap_external>", line 1059, in source_to_code
  File "<frozen importlib._bootstrap>", line 488, in _call_with_frames_removed
  File "/opt/airflow/dags/flex_eau_pipeline.py", line 26
    ingestion = BashOperator(
    ^^^^^^^^^
IndentationError: expected an indented block after 'with' statement on line 11
[2026-06-21T11:48:22.909+0000] {processor.py:927} WARNING - No viable dags retrieved from /opt/airflow/dags/flex_eau_pipeline.py
[2026-06-21T11:48:22.947+0000] {processor.py:208} INFO - Processing /opt/airflow/dags/flex_eau_pipeline.py took 0.088 seconds
[2026-06-21T11:48:53.561+0000] {processor.py:186} INFO - Started process (PID=6039) to work on /opt/airflow/dags/flex_eau_pipeline.py
[2026-06-21T11:48:53.563+0000] {processor.py:914} INFO - Processing file /opt/airflow/dags/flex_eau_pipeline.py for tasks to queue
[2026-06-21T11:48:53.568+0000] {logging_mixin.py:190} INFO - [2026-06-21T11:48:53.568+0000] {dagbag.py:587} INFO - Filling up the DagBag from /opt/airflow/dags/flex_eau_pipeline.py
[2026-06-21T11:48:53.620+0000] {logging_mixin.py:190} INFO - [2026-06-21T11:48:53.617+0000] {dagbag.py:386} ERROR - Failed to import: /opt/airflow/dags/flex_eau_pipeline.py
Traceback (most recent call last):
  File "/home/airflow/.local/lib/python3.12/site-packages/airflow/models/dagbag.py", line 382, in parse
    loader.exec_module(new_module)
  File "<frozen importlib._bootstrap_external>", line 991, in exec_module
  File "<frozen importlib._bootstrap_external>", line 1129, in get_code
  File "<frozen importlib._bootstrap_external>", line 1059, in source_to_code
  File "<frozen importlib._bootstrap>", line 488, in _call_with_frames_removed
  File "/opt/airflow/dags/flex_eau_pipeline.py", line 26
    ingestion = BashOperator(
    ^^^^^^^^^
IndentationError: expected an indented block after 'with' statement on line 11
[2026-06-21T11:48:53.622+0000] {processor.py:927} WARNING - No viable dags retrieved from /opt/airflow/dags/flex_eau_pipeline.py
[2026-06-21T11:48:53.676+0000] {processor.py:208} INFO - Processing /opt/airflow/dags/flex_eau_pipeline.py took 0.128 seconds
[2026-06-21T11:49:24.263+0000] {processor.py:186} INFO - Started process (PID=6044) to work on /opt/airflow/dags/flex_eau_pipeline.py
[2026-06-21T11:49:24.266+0000] {processor.py:914} INFO - Processing file /opt/airflow/dags/flex_eau_pipeline.py for tasks to queue
[2026-06-21T11:49:24.270+0000] {logging_mixin.py:190} INFO - [2026-06-21T11:49:24.270+0000] {dagbag.py:587} INFO - Filling up the DagBag from /opt/airflow/dags/flex_eau_pipeline.py
[2026-06-21T11:49:24.322+0000] {logging_mixin.py:190} INFO - [2026-06-21T11:49:24.321+0000] {dagbag.py:386} ERROR - Failed to import: /opt/airflow/dags/flex_eau_pipeline.py
Traceback (most recent call last):
  File "/home/airflow/.local/lib/python3.12/site-packages/airflow/models/dagbag.py", line 382, in parse
    loader.exec_module(new_module)
  File "<frozen importlib._bootstrap_external>", line 991, in exec_module
  File "<frozen importlib._bootstrap_external>", line 1129, in get_code
  File "<frozen importlib._bootstrap_external>", line 1059, in source_to_code
  File "<frozen importlib._bootstrap>", line 488, in _call_with_frames_removed
  File "/opt/airflow/dags/flex_eau_pipeline.py", line 26
    ingestion = BashOperator(
    ^^^^^^^^^
IndentationError: expected an indented block after 'with' statement on line 11
[2026-06-21T11:49:24.324+0000] {processor.py:927} WARNING - No viable dags retrieved from /opt/airflow/dags/flex_eau_pipeline.py
[2026-06-21T11:49:24.372+0000] {processor.py:208} INFO - Processing /opt/airflow/dags/flex_eau_pipeline.py took 0.121 seconds
[2026-06-21T11:49:55.010+0000] {processor.py:186} INFO - Started process (PID=6049) to work on /opt/airflow/dags/flex_eau_pipeline.py
[2026-06-21T11:49:55.011+0000] {processor.py:914} INFO - Processing file /opt/airflow/dags/flex_eau_pipeline.py for tasks to queue
[2026-06-21T11:49:55.015+0000] {logging_mixin.py:190} INFO - [2026-06-21T11:49:55.014+0000] {dagbag.py:587} INFO - Filling up the DagBag from /opt/airflow/dags/flex_eau_pipeline.py
[2026-06-21T11:49:55.056+0000] {logging_mixin.py:190} INFO - [2026-06-21T11:49:55.050+0000] {dagbag.py:386} ERROR - Failed to import: /opt/airflow/dags/flex_eau_pipeline.py
Traceback (most recent call last):
  File "/home/airflow/.local/lib/python3.12/site-packages/airflow/models/dagbag.py", line 382, in parse
    loader.exec_module(new_module)
  File "<frozen importlib._bootstrap_external>", line 991, in exec_module
  File "<frozen importlib._bootstrap_external>", line 1129, in get_code
  File "<frozen importlib._bootstrap_external>", line 1059, in source_to_code
  File "<frozen importlib._bootstrap>", line 488, in _call_with_frames_removed
  File "/opt/airflow/dags/flex_eau_pipeline.py", line 26
    ingestion = BashOperator(
    ^^^^^^^^^
IndentationError: expected an indented block after 'with' statement on line 11
[2026-06-21T11:49:55.061+0000] {processor.py:927} WARNING - No viable dags retrieved from /opt/airflow/dags/flex_eau_pipeline.py
[2026-06-21T11:49:55.114+0000] {processor.py:208} INFO - Processing /opt/airflow/dags/flex_eau_pipeline.py took 0.112 seconds
[2026-06-21T11:50:25.644+0000] {processor.py:186} INFO - Started process (PID=6054) to work on /opt/airflow/dags/flex_eau_pipeline.py
[2026-06-21T11:50:25.646+0000] {processor.py:914} INFO - Processing file /opt/airflow/dags/flex_eau_pipeline.py for tasks to queue
[2026-06-21T11:50:25.651+0000] {logging_mixin.py:190} INFO - [2026-06-21T11:50:25.650+0000] {dagbag.py:587} INFO - Filling up the DagBag from /opt/airflow/dags/flex_eau_pipeline.py
[2026-06-21T11:50:25.688+0000] {logging_mixin.py:190} INFO - [2026-06-21T11:50:25.686+0000] {dagbag.py:386} ERROR - Failed to import: /opt/airflow/dags/flex_eau_pipeline.py
Traceback (most recent call last):
  File "/home/airflow/.local/lib/python3.12/site-packages/airflow/models/dagbag.py", line 382, in parse
    loader.exec_module(new_module)
  File "<frozen importlib._bootstrap_external>", line 991, in exec_module
  File "<frozen importlib._bootstrap_external>", line 1129, in get_code
  File "<frozen importlib._bootstrap_external>", line 1059, in source_to_code
  File "<frozen importlib._bootstrap>", line 488, in _call_with_frames_removed
  File "/opt/airflow/dags/flex_eau_pipeline.py", line 26
    ingestion = BashOperator(
    ^^^^^^^^^
IndentationError: expected an indented block after 'with' statement on line 11
[2026-06-21T11:50:25.691+0000] {processor.py:927} WARNING - No viable dags retrieved from /opt/airflow/dags/flex_eau_pipeline.py
[2026-06-21T11:50:25.729+0000] {processor.py:208} INFO - Processing /opt/airflow/dags/flex_eau_pipeline.py took 0.096 seconds
[2026-06-21T11:50:56.556+0000] {processor.py:186} INFO - Started process (PID=6059) to work on /opt/airflow/dags/flex_eau_pipeline.py
[2026-06-21T11:50:56.562+0000] {processor.py:914} INFO - Processing file /opt/airflow/dags/flex_eau_pipeline.py for tasks to queue
[2026-06-21T11:50:56.570+0000] {logging_mixin.py:190} INFO - [2026-06-21T11:50:56.569+0000] {dagbag.py:587} INFO - Filling up the DagBag from /opt/airflow/dags/flex_eau_pipeline.py
[2026-06-21T11:50:56.627+0000] {logging_mixin.py:190} INFO - [2026-06-21T11:50:56.624+0000] {dagbag.py:386} ERROR - Failed to import: /opt/airflow/dags/flex_eau_pipeline.py
Traceback (most recent call last):
  File "/home/airflow/.local/lib/python3.12/site-packages/airflow/models/dagbag.py", line 382, in parse
    loader.exec_module(new_module)
  File "<frozen importlib._bootstrap_external>", line 991, in exec_module
  File "<frozen importlib._bootstrap_external>", line 1129, in get_code
  File "<frozen importlib._bootstrap_external>", line 1059, in source_to_code
  File "<frozen importlib._bootstrap>", line 488, in _call_with_frames_removed
  File "/opt/airflow/dags/flex_eau_pipeline.py", line 26
    ingestion = BashOperator(
    ^^^^^^^^^
IndentationError: expected an indented block after 'with' statement on line 11
[2026-06-21T11:50:56.629+0000] {processor.py:927} WARNING - No viable dags retrieved from /opt/airflow/dags/flex_eau_pipeline.py
[2026-06-21T11:50:56.698+0000] {processor.py:208} INFO - Processing /opt/airflow/dags/flex_eau_pipeline.py took 0.156 seconds
[2026-06-21T11:51:27.352+0000] {processor.py:186} INFO - Started process (PID=6064) to work on /opt/airflow/dags/flex_eau_pipeline.py
[2026-06-21T11:51:27.356+0000] {processor.py:914} INFO - Processing file /opt/airflow/dags/flex_eau_pipeline.py for tasks to queue
[2026-06-21T11:51:27.365+0000] {logging_mixin.py:190} INFO - [2026-06-21T11:51:27.364+0000] {dagbag.py:587} INFO - Filling up the DagBag from /opt/airflow/dags/flex_eau_pipeline.py
[2026-06-21T11:51:27.431+0000] {logging_mixin.py:190} INFO - [2026-06-21T11:51:27.428+0000] {dagbag.py:386} ERROR - Failed to import: /opt/airflow/dags/flex_eau_pipeline.py
Traceback (most recent call last):
  File "/home/airflow/.local/lib/python3.12/site-packages/airflow/models/dagbag.py", line 382, in parse
    loader.exec_module(new_module)
  File "<frozen importlib._bootstrap_external>", line 991, in exec_module
  File "<frozen importlib._bootstrap_external>", line 1129, in get_code
  File "<frozen importlib._bootstrap_external>", line 1059, in source_to_code
  File "<frozen importlib._bootstrap>", line 488, in _call_with_frames_removed
  File "/opt/airflow/dags/flex_eau_pipeline.py", line 26
    ingestion = BashOperator(
    ^^^^^^^^^
IndentationError: expected an indented block after 'with' statement on line 11
[2026-06-21T11:51:27.433+0000] {processor.py:927} WARNING - No viable dags retrieved from /opt/airflow/dags/flex_eau_pipeline.py
[2026-06-21T11:51:27.479+0000] {processor.py:208} INFO - Processing /opt/airflow/dags/flex_eau_pipeline.py took 0.147 seconds
[2026-06-21T11:51:58.433+0000] {processor.py:186} INFO - Started process (PID=6069) to work on /opt/airflow/dags/flex_eau_pipeline.py
[2026-06-21T11:51:58.438+0000] {processor.py:914} INFO - Processing file /opt/airflow/dags/flex_eau_pipeline.py for tasks to queue
[2026-06-21T11:51:58.447+0000] {logging_mixin.py:190} INFO - [2026-06-21T11:51:58.446+0000] {dagbag.py:587} INFO - Filling up the DagBag from /opt/airflow/dags/flex_eau_pipeline.py
[2026-06-21T11:51:58.531+0000] {logging_mixin.py:190} INFO - [2026-06-21T11:51:58.528+0000] {dagbag.py:386} ERROR - Failed to import: /opt/airflow/dags/flex_eau_pipeline.py
Traceback (most recent call last):
  File "/home/airflow/.local/lib/python3.12/site-packages/airflow/models/dagbag.py", line 382, in parse
    loader.exec_module(new_module)
  File "<frozen importlib._bootstrap_external>", line 991, in exec_module
  File "<frozen importlib._bootstrap_external>", line 1129, in get_code
  File "<frozen importlib._bootstrap_external>", line 1059, in source_to_code
  File "<frozen importlib._bootstrap>", line 488, in _call_with_frames_removed
  File "/opt/airflow/dags/flex_eau_pipeline.py", line 26
    ingestion = BashOperator(
    ^^^^^^^^^
IndentationError: expected an indented block after 'with' statement on line 11
[2026-06-21T11:51:58.534+0000] {processor.py:927} WARNING - No viable dags retrieved from /opt/airflow/dags/flex_eau_pipeline.py
[2026-06-21T11:51:58.637+0000] {processor.py:208} INFO - Processing /opt/airflow/dags/flex_eau_pipeline.py took 0.225 seconds
[2026-06-21T11:52:29.116+0000] {processor.py:186} INFO - Started process (PID=6074) to work on /opt/airflow/dags/flex_eau_pipeline.py
[2026-06-21T11:52:29.121+0000] {processor.py:914} INFO - Processing file /opt/airflow/dags/flex_eau_pipeline.py for tasks to queue
[2026-06-21T11:52:29.125+0000] {logging_mixin.py:190} INFO - [2026-06-21T11:52:29.125+0000] {dagbag.py:587} INFO - Filling up the DagBag from /opt/airflow/dags/flex_eau_pipeline.py
[2026-06-21T11:52:29.171+0000] {logging_mixin.py:190} INFO - [2026-06-21T11:52:29.168+0000] {dagbag.py:386} ERROR - Failed to import: /opt/airflow/dags/flex_eau_pipeline.py
Traceback (most recent call last):
  File "/home/airflow/.local/lib/python3.12/site-packages/airflow/models/dagbag.py", line 382, in parse
    loader.exec_module(new_module)
  File "<frozen importlib._bootstrap_external>", line 991, in exec_module
  File "<frozen importlib._bootstrap_external>", line 1129, in get_code
  File "<frozen importlib._bootstrap_external>", line 1059, in source_to_code
  File "<frozen importlib._bootstrap>", line 488, in _call_with_frames_removed
  File "/opt/airflow/dags/flex_eau_pipeline.py", line 26
    ingestion = BashOperator(
    ^^^^^^^^^
IndentationError: expected an indented block after 'with' statement on line 11
[2026-06-21T11:52:29.172+0000] {processor.py:927} WARNING - No viable dags retrieved from /opt/airflow/dags/flex_eau_pipeline.py
[2026-06-21T11:52:29.218+0000] {processor.py:208} INFO - Processing /opt/airflow/dags/flex_eau_pipeline.py took 0.119 seconds
[2026-06-21T11:52:59.785+0000] {processor.py:186} INFO - Started process (PID=6079) to work on /opt/airflow/dags/flex_eau_pipeline.py
[2026-06-21T11:52:59.788+0000] {processor.py:914} INFO - Processing file /opt/airflow/dags/flex_eau_pipeline.py for tasks to queue
[2026-06-21T11:52:59.792+0000] {logging_mixin.py:190} INFO - [2026-06-21T11:52:59.791+0000] {dagbag.py:587} INFO - Filling up the DagBag from /opt/airflow/dags/flex_eau_pipeline.py
[2026-06-21T11:52:59.828+0000] {logging_mixin.py:190} INFO - [2026-06-21T11:52:59.826+0000] {dagbag.py:386} ERROR - Failed to import: /opt/airflow/dags/flex_eau_pipeline.py
Traceback (most recent call last):
  File "/home/airflow/.local/lib/python3.12/site-packages/airflow/models/dagbag.py", line 382, in parse
    loader.exec_module(new_module)
  File "<frozen importlib._bootstrap_external>", line 991, in exec_module
  File "<frozen importlib._bootstrap_external>", line 1129, in get_code
  File "<frozen importlib._bootstrap_external>", line 1059, in source_to_code
  File "<frozen importlib._bootstrap>", line 488, in _call_with_frames_removed
  File "/opt/airflow/dags/flex_eau_pipeline.py", line 26
    ingestion = BashOperator(
    ^^^^^^^^^
IndentationError: expected an indented block after 'with' statement on line 11
[2026-06-21T11:52:59.829+0000] {processor.py:927} WARNING - No viable dags retrieved from /opt/airflow/dags/flex_eau_pipeline.py
[2026-06-21T11:52:59.880+0000] {processor.py:208} INFO - Processing /opt/airflow/dags/flex_eau_pipeline.py took 0.104 seconds
[2026-06-21T11:53:30.515+0000] {processor.py:186} INFO - Started process (PID=6084) to work on /opt/airflow/dags/flex_eau_pipeline.py
[2026-06-21T11:53:30.517+0000] {processor.py:914} INFO - Processing file /opt/airflow/dags/flex_eau_pipeline.py for tasks to queue
[2026-06-21T11:53:30.520+0000] {logging_mixin.py:190} INFO - [2026-06-21T11:53:30.520+0000] {dagbag.py:587} INFO - Filling up the DagBag from /opt/airflow/dags/flex_eau_pipeline.py
[2026-06-21T11:53:30.558+0000] {logging_mixin.py:190} INFO - [2026-06-21T11:53:30.557+0000] {dagbag.py:386} ERROR - Failed to import: /opt/airflow/dags/flex_eau_pipeline.py
Traceback (most recent call last):
  File "/home/airflow/.local/lib/python3.12/site-packages/airflow/models/dagbag.py", line 382, in parse
    loader.exec_module(new_module)
  File "<frozen importlib._bootstrap_external>", line 991, in exec_module
  File "<frozen importlib._bootstrap_external>", line 1129, in get_code
  File "<frozen importlib._bootstrap_external>", line 1059, in source_to_code
  File "<frozen importlib._bootstrap>", line 488, in _call_with_frames_removed
  File "/opt/airflow/dags/flex_eau_pipeline.py", line 26
    ingestion = BashOperator(
    ^^^^^^^^^
IndentationError: expected an indented block after 'with' statement on line 11
[2026-06-21T11:53:30.560+0000] {processor.py:927} WARNING - No viable dags retrieved from /opt/airflow/dags/flex_eau_pipeline.py
[2026-06-21T11:53:30.600+0000] {processor.py:208} INFO - Processing /opt/airflow/dags/flex_eau_pipeline.py took 0.095 seconds
[2026-06-21T11:54:01.211+0000] {processor.py:186} INFO - Started process (PID=6089) to work on /opt/airflow/dags/flex_eau_pipeline.py
[2026-06-21T11:54:01.215+0000] {processor.py:914} INFO - Processing file /opt/airflow/dags/flex_eau_pipeline.py for tasks to queue
[2026-06-21T11:54:01.224+0000] {logging_mixin.py:190} INFO - [2026-06-21T11:54:01.223+0000] {dagbag.py:587} INFO - Filling up the DagBag from /opt/airflow/dags/flex_eau_pipeline.py
[2026-06-21T11:54:01.292+0000] {logging_mixin.py:190} INFO - [2026-06-21T11:54:01.286+0000] {dagbag.py:386} ERROR - Failed to import: /opt/airflow/dags/flex_eau_pipeline.py
Traceback (most recent call last):
  File "/home/airflow/.local/lib/python3.12/site-packages/airflow/models/dagbag.py", line 382, in parse
    loader.exec_module(new_module)
  File "<frozen importlib._bootstrap_external>", line 991, in exec_module
  File "<frozen importlib._bootstrap_external>", line 1129, in get_code
  File "<frozen importlib._bootstrap_external>", line 1059, in source_to_code
  File "<frozen importlib._bootstrap>", line 488, in _call_with_frames_removed
  File "/opt/airflow/dags/flex_eau_pipeline.py", line 26
    ingestion = BashOperator(
    ^^^^^^^^^
IndentationError: expected an indented block after 'with' statement on line 11
[2026-06-21T11:54:01.294+0000] {processor.py:927} WARNING - No viable dags retrieved from /opt/airflow/dags/flex_eau_pipeline.py
[2026-06-21T11:54:01.366+0000] {processor.py:208} INFO - Processing /opt/airflow/dags/flex_eau_pipeline.py took 0.177 seconds
[2026-06-21T11:54:32.099+0000] {processor.py:186} INFO - Started process (PID=6094) to work on /opt/airflow/dags/flex_eau_pipeline.py
[2026-06-21T11:54:32.105+0000] {processor.py:914} INFO - Processing file /opt/airflow/dags/flex_eau_pipeline.py for tasks to queue
[2026-06-21T11:54:32.147+0000] {logging_mixin.py:190} INFO - [2026-06-21T11:54:32.145+0000] {dagbag.py:587} INFO - Filling up the DagBag from /opt/airflow/dags/flex_eau_pipeline.py
[2026-06-21T11:54:32.198+0000] {logging_mixin.py:190} INFO - [2026-06-21T11:54:32.197+0000] {dagbag.py:386} ERROR - Failed to import: /opt/airflow/dags/flex_eau_pipeline.py
Traceback (most recent call last):
  File "/home/airflow/.local/lib/python3.12/site-packages/airflow/models/dagbag.py", line 382, in parse
    loader.exec_module(new_module)
  File "<frozen importlib._bootstrap_external>", line 991, in exec_module
  File "<frozen importlib._bootstrap_external>", line 1129, in get_code
  File "<frozen importlib._bootstrap_external>", line 1059, in source_to_code
  File "<frozen importlib._bootstrap>", line 488, in _call_with_frames_removed
  File "/opt/airflow/dags/flex_eau_pipeline.py", line 26
    ingestion = BashOperator(
    ^^^^^^^^^
IndentationError: expected an indented block after 'with' statement on line 11
[2026-06-21T11:54:32.200+0000] {processor.py:927} WARNING - No viable dags retrieved from /opt/airflow/dags/flex_eau_pipeline.py
[2026-06-21T11:54:32.241+0000] {processor.py:208} INFO - Processing /opt/airflow/dags/flex_eau_pipeline.py took 0.174 seconds
[2026-06-21T11:55:02.898+0000] {processor.py:186} INFO - Started process (PID=6099) to work on /opt/airflow/dags/flex_eau_pipeline.py
[2026-06-21T11:55:02.900+0000] {processor.py:914} INFO - Processing file /opt/airflow/dags/flex_eau_pipeline.py for tasks to queue
[2026-06-21T11:55:02.906+0000] {logging_mixin.py:190} INFO - [2026-06-21T11:55:02.906+0000] {dagbag.py:587} INFO - Filling up the DagBag from /opt/airflow/dags/flex_eau_pipeline.py
[2026-06-21T11:55:02.951+0000] {logging_mixin.py:190} INFO - [2026-06-21T11:55:02.949+0000] {dagbag.py:386} ERROR - Failed to import: /opt/airflow/dags/flex_eau_pipeline.py
Traceback (most recent call last):
  File "/home/airflow/.local/lib/python3.12/site-packages/airflow/models/dagbag.py", line 382, in parse
    loader.exec_module(new_module)
  File "<frozen importlib._bootstrap_external>", line 991, in exec_module
  File "<frozen importlib._bootstrap_external>", line 1129, in get_code
  File "<frozen importlib._bootstrap_external>", line 1059, in source_to_code
  File "<frozen importlib._bootstrap>", line 488, in _call_with_frames_removed
  File "/opt/airflow/dags/flex_eau_pipeline.py", line 26
    ingestion = BashOperator(
    ^^^^^^^^^
IndentationError: expected an indented block after 'with' statement on line 11
[2026-06-21T11:55:02.952+0000] {processor.py:927} WARNING - No viable dags retrieved from /opt/airflow/dags/flex_eau_pipeline.py
[2026-06-21T11:55:03.004+0000] {processor.py:208} INFO - Processing /opt/airflow/dags/flex_eau_pipeline.py took 0.121 seconds
[2026-06-21T11:55:33.684+0000] {processor.py:186} INFO - Started process (PID=6104) to work on /opt/airflow/dags/flex_eau_pipeline.py
[2026-06-21T11:55:33.687+0000] {processor.py:914} INFO - Processing file /opt/airflow/dags/flex_eau_pipeline.py for tasks to queue
[2026-06-21T11:55:33.697+0000] {logging_mixin.py:190} INFO - [2026-06-21T11:55:33.695+0000] {dagbag.py:587} INFO - Filling up the DagBag from /opt/airflow/dags/flex_eau_pipeline.py
[2026-06-21T11:55:33.760+0000] {logging_mixin.py:190} INFO - [2026-06-21T11:55:33.756+0000] {dagbag.py:386} ERROR - Failed to import: /opt/airflow/dags/flex_eau_pipeline.py
Traceback (most recent call last):
  File "/home/airflow/.local/lib/python3.12/site-packages/airflow/models/dagbag.py", line 382, in parse
    loader.exec_module(new_module)
  File "<frozen importlib._bootstrap_external>", line 991, in exec_module
  File "<frozen importlib._bootstrap_external>", line 1129, in get_code
  File "<frozen importlib._bootstrap_external>", line 1059, in source_to_code
  File "<frozen importlib._bootstrap>", line 488, in _call_with_frames_removed
  File "/opt/airflow/dags/flex_eau_pipeline.py", line 26
    ingestion = BashOperator(
    ^^^^^^^^^
IndentationError: expected an indented block after 'with' statement on line 11
[2026-06-21T11:55:33.762+0000] {processor.py:927} WARNING - No viable dags retrieved from /opt/airflow/dags/flex_eau_pipeline.py
[2026-06-21T11:55:33.833+0000] {processor.py:208} INFO - Processing /opt/airflow/dags/flex_eau_pipeline.py took 0.169 seconds
[2026-06-21T11:56:04.693+0000] {processor.py:186} INFO - Started process (PID=6109) to work on /opt/airflow/dags/flex_eau_pipeline.py
[2026-06-21T11:56:04.695+0000] {processor.py:914} INFO - Processing file /opt/airflow/dags/flex_eau_pipeline.py for tasks to queue
[2026-06-21T11:56:04.699+0000] {logging_mixin.py:190} INFO - [2026-06-21T11:56:04.699+0000] {dagbag.py:587} INFO - Filling up the DagBag from /opt/airflow/dags/flex_eau_pipeline.py
[2026-06-21T11:56:04.744+0000] {logging_mixin.py:190} INFO - [2026-06-21T11:56:04.743+0000] {dagbag.py:386} ERROR - Failed to import: /opt/airflow/dags/flex_eau_pipeline.py
Traceback (most recent call last):
  File "/home/airflow/.local/lib/python3.12/site-packages/airflow/models/dagbag.py", line 382, in parse
    loader.exec_module(new_module)
  File "<frozen importlib._bootstrap_external>", line 991, in exec_module
  File "<frozen importlib._bootstrap_external>", line 1129, in get_code
  File "<frozen importlib._bootstrap_external>", line 1059, in source_to_code
  File "<frozen importlib._bootstrap>", line 488, in _call_with_frames_removed
  File "/opt/airflow/dags/flex_eau_pipeline.py", line 26
    ingestion = BashOperator(
    ^^^^^^^^^
IndentationError: expected an indented block after 'with' statement on line 11
[2026-06-21T11:56:04.746+0000] {processor.py:927} WARNING - No viable dags retrieved from /opt/airflow/dags/flex_eau_pipeline.py
[2026-06-21T11:56:04.793+0000] {processor.py:208} INFO - Processing /opt/airflow/dags/flex_eau_pipeline.py took 0.113 seconds
[2026-06-21T11:56:35.706+0000] {processor.py:186} INFO - Started process (PID=6114) to work on /opt/airflow/dags/flex_eau_pipeline.py
[2026-06-21T11:56:35.708+0000] {processor.py:914} INFO - Processing file /opt/airflow/dags/flex_eau_pipeline.py for tasks to queue
[2026-06-21T11:56:35.713+0000] {logging_mixin.py:190} INFO - [2026-06-21T11:56:35.712+0000] {dagbag.py:587} INFO - Filling up the DagBag from /opt/airflow/dags/flex_eau_pipeline.py
[2026-06-21T11:56:35.758+0000] {logging_mixin.py:190} INFO - [2026-06-21T11:56:35.756+0000] {dagbag.py:386} ERROR - Failed to import: /opt/airflow/dags/flex_eau_pipeline.py
Traceback (most recent call last):
  File "/home/airflow/.local/lib/python3.12/site-packages/airflow/models/dagbag.py", line 382, in parse
    loader.exec_module(new_module)
  File "<frozen importlib._bootstrap_external>", line 991, in exec_module
  File "<frozen importlib._bootstrap_external>", line 1129, in get_code
  File "<frozen importlib._bootstrap_external>", line 1059, in source_to_code
  File "<frozen importlib._bootstrap>", line 488, in _call_with_frames_removed
  File "/opt/airflow/dags/flex_eau_pipeline.py", line 26
    ingestion = BashOperator(
    ^^^^^^^^^
IndentationError: expected an indented block after 'with' statement on line 11
[2026-06-21T11:56:35.759+0000] {processor.py:927} WARNING - No viable dags retrieved from /opt/airflow/dags/flex_eau_pipeline.py
[2026-06-21T11:56:35.816+0000] {processor.py:208} INFO - Processing /opt/airflow/dags/flex_eau_pipeline.py took 0.122 seconds
[2026-06-21T11:57:06.567+0000] {processor.py:186} INFO - Started process (PID=6119) to work on /opt/airflow/dags/flex_eau_pipeline.py
[2026-06-21T11:57:06.572+0000] {processor.py:914} INFO - Processing file /opt/airflow/dags/flex_eau_pipeline.py for tasks to queue
[2026-06-21T11:57:06.581+0000] {logging_mixin.py:190} INFO - [2026-06-21T11:57:06.580+0000] {dagbag.py:587} INFO - Filling up the DagBag from /opt/airflow/dags/flex_eau_pipeline.py
[2026-06-21T11:57:06.626+0000] {logging_mixin.py:190} INFO - [2026-06-21T11:57:06.624+0000] {dagbag.py:386} ERROR - Failed to import: /opt/airflow/dags/flex_eau_pipeline.py
Traceback (most recent call last):
  File "/home/airflow/.local/lib/python3.12/site-packages/airflow/models/dagbag.py", line 382, in parse
    loader.exec_module(new_module)
  File "<frozen importlib._bootstrap_external>", line 991, in exec_module
  File "<frozen importlib._bootstrap_external>", line 1129, in get_code
  File "<frozen importlib._bootstrap_external>", line 1059, in source_to_code
  File "<frozen importlib._bootstrap>", line 488, in _call_with_frames_removed
  File "/opt/airflow/dags/flex_eau_pipeline.py", line 26
    ingestion = BashOperator(
    ^^^^^^^^^
IndentationError: expected an indented block after 'with' statement on line 11
[2026-06-21T11:57:06.628+0000] {processor.py:927} WARNING - No viable dags retrieved from /opt/airflow/dags/flex_eau_pipeline.py
[2026-06-21T11:57:06.679+0000] {processor.py:208} INFO - Processing /opt/airflow/dags/flex_eau_pipeline.py took 0.128 seconds
[2026-06-21T11:57:37.259+0000] {processor.py:186} INFO - Started process (PID=6124) to work on /opt/airflow/dags/flex_eau_pipeline.py
[2026-06-21T11:57:37.261+0000] {processor.py:914} INFO - Processing file /opt/airflow/dags/flex_eau_pipeline.py for tasks to queue
[2026-06-21T11:57:37.266+0000] {logging_mixin.py:190} INFO - [2026-06-21T11:57:37.266+0000] {dagbag.py:587} INFO - Filling up the DagBag from /opt/airflow/dags/flex_eau_pipeline.py
[2026-06-21T11:57:37.298+0000] {logging_mixin.py:190} INFO - [2026-06-21T11:57:37.296+0000] {dagbag.py:386} ERROR - Failed to import: /opt/airflow/dags/flex_eau_pipeline.py
Traceback (most recent call last):
  File "/home/airflow/.local/lib/python3.12/site-packages/airflow/models/dagbag.py", line 382, in parse
    loader.exec_module(new_module)
  File "<frozen importlib._bootstrap_external>", line 991, in exec_module
  File "<frozen importlib._bootstrap_external>", line 1129, in get_code
  File "<frozen importlib._bootstrap_external>", line 1059, in source_to_code
  File "<frozen importlib._bootstrap>", line 488, in _call_with_frames_removed
  File "/opt/airflow/dags/flex_eau_pipeline.py", line 26
    ingestion = BashOperator(
    ^^^^^^^^^
IndentationError: expected an indented block after 'with' statement on line 11
[2026-06-21T11:57:37.299+0000] {processor.py:927} WARNING - No viable dags retrieved from /opt/airflow/dags/flex_eau_pipeline.py
[2026-06-21T11:57:37.356+0000] {processor.py:208} INFO - Processing /opt/airflow/dags/flex_eau_pipeline.py took 0.108 seconds
[2026-06-21T11:58:08.013+0000] {processor.py:186} INFO - Started process (PID=6129) to work on /opt/airflow/dags/flex_eau_pipeline.py
[2026-06-21T11:58:08.017+0000] {processor.py:914} INFO - Processing file /opt/airflow/dags/flex_eau_pipeline.py for tasks to queue
[2026-06-21T11:58:08.025+0000] {logging_mixin.py:190} INFO - [2026-06-21T11:58:08.024+0000] {dagbag.py:587} INFO - Filling up the DagBag from /opt/airflow/dags/flex_eau_pipeline.py
[2026-06-21T11:58:08.107+0000] {logging_mixin.py:190} INFO - [2026-06-21T11:58:08.104+0000] {dagbag.py:386} ERROR - Failed to import: /opt/airflow/dags/flex_eau_pipeline.py
Traceback (most recent call last):
  File "/home/airflow/.local/lib/python3.12/site-packages/airflow/models/dagbag.py", line 382, in parse
    loader.exec_module(new_module)
  File "<frozen importlib._bootstrap_external>", line 991, in exec_module
  File "<frozen importlib._bootstrap_external>", line 1129, in get_code
  File "<frozen importlib._bootstrap_external>", line 1059, in source_to_code
  File "<frozen importlib._bootstrap>", line 488, in _call_with_frames_removed
  File "/opt/airflow/dags/flex_eau_pipeline.py", line 26
    ingestion = BashOperator(
    ^^^^^^^^^
IndentationError: expected an indented block after 'with' statement on line 11
[2026-06-21T11:58:08.110+0000] {processor.py:927} WARNING - No viable dags retrieved from /opt/airflow/dags/flex_eau_pipeline.py
[2026-06-21T11:58:08.195+0000] {processor.py:208} INFO - Processing /opt/airflow/dags/flex_eau_pipeline.py took 0.204 seconds
[2026-06-21T11:58:38.787+0000] {processor.py:186} INFO - Started process (PID=6134) to work on /opt/airflow/dags/flex_eau_pipeline.py
[2026-06-21T11:58:38.791+0000] {processor.py:914} INFO - Processing file /opt/airflow/dags/flex_eau_pipeline.py for tasks to queue
[2026-06-21T11:58:38.801+0000] {logging_mixin.py:190} INFO - [2026-06-21T11:58:38.800+0000] {dagbag.py:587} INFO - Filling up the DagBag from /opt/airflow/dags/flex_eau_pipeline.py
[2026-06-21T11:58:38.857+0000] {logging_mixin.py:190} INFO - [2026-06-21T11:58:38.855+0000] {dagbag.py:386} ERROR - Failed to import: /opt/airflow/dags/flex_eau_pipeline.py
Traceback (most recent call last):
  File "/home/airflow/.local/lib/python3.12/site-packages/airflow/models/dagbag.py", line 382, in parse
    loader.exec_module(new_module)
  File "<frozen importlib._bootstrap_external>", line 991, in exec_module
  File "<frozen importlib._bootstrap_external>", line 1129, in get_code
  File "<frozen importlib._bootstrap_external>", line 1059, in source_to_code
  File "<frozen importlib._bootstrap>", line 488, in _call_with_frames_removed
  File "/opt/airflow/dags/flex_eau_pipeline.py", line 26
    ingestion = BashOperator(
    ^^^^^^^^^
IndentationError: expected an indented block after 'with' statement on line 11
[2026-06-21T11:58:38.859+0000] {processor.py:927} WARNING - No viable dags retrieved from /opt/airflow/dags/flex_eau_pipeline.py
[2026-06-21T11:58:38.921+0000] {processor.py:208} INFO - Processing /opt/airflow/dags/flex_eau_pipeline.py took 0.163 seconds
[2026-06-21T11:59:09.468+0000] {processor.py:186} INFO - Started process (PID=6139) to work on /opt/airflow/dags/flex_eau_pipeline.py
[2026-06-21T11:59:09.470+0000] {processor.py:914} INFO - Processing file /opt/airflow/dags/flex_eau_pipeline.py for tasks to queue
[2026-06-21T11:59:09.475+0000] {logging_mixin.py:190} INFO - [2026-06-21T11:59:09.475+0000] {dagbag.py:587} INFO - Filling up the DagBag from /opt/airflow/dags/flex_eau_pipeline.py
[2026-06-21T11:59:09.534+0000] {logging_mixin.py:190} INFO - [2026-06-21T11:59:09.532+0000] {dagbag.py:386} ERROR - Failed to import: /opt/airflow/dags/flex_eau_pipeline.py
Traceback (most recent call last):
  File "/home/airflow/.local/lib/python3.12/site-packages/airflow/models/dagbag.py", line 382, in parse
    loader.exec_module(new_module)
  File "<frozen importlib._bootstrap_external>", line 991, in exec_module
  File "<frozen importlib._bootstrap_external>", line 1129, in get_code
  File "<frozen importlib._bootstrap_external>", line 1059, in source_to_code
  File "<frozen importlib._bootstrap>", line 488, in _call_with_frames_removed
  File "/opt/airflow/dags/flex_eau_pipeline.py", line 26
    ingestion = BashOperator(
    ^^^^^^^^^
IndentationError: expected an indented block after 'with' statement on line 11
[2026-06-21T11:59:09.536+0000] {processor.py:927} WARNING - No viable dags retrieved from /opt/airflow/dags/flex_eau_pipeline.py
[2026-06-21T11:59:09.589+0000] {processor.py:208} INFO - Processing /opt/airflow/dags/flex_eau_pipeline.py took 0.132 seconds
[2026-06-21T11:59:40.118+0000] {processor.py:186} INFO - Started process (PID=6144) to work on /opt/airflow/dags/flex_eau_pipeline.py
[2026-06-21T11:59:40.120+0000] {processor.py:914} INFO - Processing file /opt/airflow/dags/flex_eau_pipeline.py for tasks to queue
[2026-06-21T11:59:40.129+0000] {logging_mixin.py:190} INFO - [2026-06-21T11:59:40.128+0000] {dagbag.py:587} INFO - Filling up the DagBag from /opt/airflow/dags/flex_eau_pipeline.py
[2026-06-21T11:59:40.171+0000] {logging_mixin.py:190} INFO - [2026-06-21T11:59:40.168+0000] {dagbag.py:386} ERROR - Failed to import: /opt/airflow/dags/flex_eau_pipeline.py
Traceback (most recent call last):
  File "/home/airflow/.local/lib/python3.12/site-packages/airflow/models/dagbag.py", line 382, in parse
    loader.exec_module(new_module)
  File "<frozen importlib._bootstrap_external>", line 991, in exec_module
  File "<frozen importlib._bootstrap_external>", line 1129, in get_code
  File "<frozen importlib._bootstrap_external>", line 1059, in source_to_code
  File "<frozen importlib._bootstrap>", line 488, in _call_with_frames_removed
  File "/opt/airflow/dags/flex_eau_pipeline.py", line 26
    ingestion = BashOperator(
    ^^^^^^^^^
IndentationError: expected an indented block after 'with' statement on line 11
[2026-06-21T11:59:40.172+0000] {processor.py:927} WARNING - No viable dags retrieved from /opt/airflow/dags/flex_eau_pipeline.py
[2026-06-21T11:59:40.225+0000] {processor.py:208} INFO - Processing /opt/airflow/dags/flex_eau_pipeline.py took 0.130 seconds
[2026-06-21T12:00:10.910+0000] {processor.py:186} INFO - Started process (PID=6149) to work on /opt/airflow/dags/flex_eau_pipeline.py
[2026-06-21T12:00:10.912+0000] {processor.py:914} INFO - Processing file /opt/airflow/dags/flex_eau_pipeline.py for tasks to queue
[2026-06-21T12:00:10.916+0000] {logging_mixin.py:190} INFO - [2026-06-21T12:00:10.916+0000] {dagbag.py:587} INFO - Filling up the DagBag from /opt/airflow/dags/flex_eau_pipeline.py
[2026-06-21T12:00:10.953+0000] {logging_mixin.py:190} INFO - [2026-06-21T12:00:10.952+0000] {dagbag.py:386} ERROR - Failed to import: /opt/airflow/dags/flex_eau_pipeline.py
Traceback (most recent call last):
  File "/home/airflow/.local/lib/python3.12/site-packages/airflow/models/dagbag.py", line 382, in parse
    loader.exec_module(new_module)
  File "<frozen importlib._bootstrap_external>", line 991, in exec_module
  File "<frozen importlib._bootstrap_external>", line 1129, in get_code
  File "<frozen importlib._bootstrap_external>", line 1059, in source_to_code
  File "<frozen importlib._bootstrap>", line 488, in _call_with_frames_removed
  File "/opt/airflow/dags/flex_eau_pipeline.py", line 26
    ingestion = BashOperator(
    ^^^^^^^^^
IndentationError: expected an indented block after 'with' statement on line 11
[2026-06-21T12:00:10.955+0000] {processor.py:927} WARNING - No viable dags retrieved from /opt/airflow/dags/flex_eau_pipeline.py
[2026-06-21T12:00:11.005+0000] {processor.py:208} INFO - Processing /opt/airflow/dags/flex_eau_pipeline.py took 0.107 seconds
[2026-06-21T12:00:41.681+0000] {processor.py:186} INFO - Started process (PID=6154) to work on /opt/airflow/dags/flex_eau_pipeline.py
[2026-06-21T12:00:41.684+0000] {processor.py:914} INFO - Processing file /opt/airflow/dags/flex_eau_pipeline.py for tasks to queue
[2026-06-21T12:00:41.689+0000] {logging_mixin.py:190} INFO - [2026-06-21T12:00:41.688+0000] {dagbag.py:587} INFO - Filling up the DagBag from /opt/airflow/dags/flex_eau_pipeline.py
[2026-06-21T12:00:41.735+0000] {logging_mixin.py:190} INFO - [2026-06-21T12:00:41.733+0000] {dagbag.py:386} ERROR - Failed to import: /opt/airflow/dags/flex_eau_pipeline.py
Traceback (most recent call last):
  File "/home/airflow/.local/lib/python3.12/site-packages/airflow/models/dagbag.py", line 382, in parse
    loader.exec_module(new_module)
  File "<frozen importlib._bootstrap_external>", line 991, in exec_module
  File "<frozen importlib._bootstrap_external>", line 1129, in get_code
  File "<frozen importlib._bootstrap_external>", line 1059, in source_to_code
  File "<frozen importlib._bootstrap>", line 488, in _call_with_frames_removed
  File "/opt/airflow/dags/flex_eau_pipeline.py", line 26
    ingestion = BashOperator(
    ^^^^^^^^^
IndentationError: expected an indented block after 'with' statement on line 11
[2026-06-21T12:00:41.737+0000] {processor.py:927} WARNING - No viable dags retrieved from /opt/airflow/dags/flex_eau_pipeline.py
[2026-06-21T12:00:41.780+0000] {processor.py:208} INFO - Processing /opt/airflow/dags/flex_eau_pipeline.py took 0.111 seconds
[2026-06-21T12:01:12.694+0000] {processor.py:186} INFO - Started process (PID=6159) to work on /opt/airflow/dags/flex_eau_pipeline.py
[2026-06-21T12:01:12.698+0000] {processor.py:914} INFO - Processing file /opt/airflow/dags/flex_eau_pipeline.py for tasks to queue
[2026-06-21T12:01:12.702+0000] {logging_mixin.py:190} INFO - [2026-06-21T12:01:12.702+0000] {dagbag.py:587} INFO - Filling up the DagBag from /opt/airflow/dags/flex_eau_pipeline.py
[2026-06-21T12:01:12.750+0000] {logging_mixin.py:190} INFO - [2026-06-21T12:01:12.747+0000] {dagbag.py:386} ERROR - Failed to import: /opt/airflow/dags/flex_eau_pipeline.py
Traceback (most recent call last):
  File "/home/airflow/.local/lib/python3.12/site-packages/airflow/models/dagbag.py", line 382, in parse
    loader.exec_module(new_module)
  File "<frozen importlib._bootstrap_external>", line 991, in exec_module
  File "<frozen importlib._bootstrap_external>", line 1129, in get_code
  File "<frozen importlib._bootstrap_external>", line 1059, in source_to_code
  File "<frozen importlib._bootstrap>", line 488, in _call_with_frames_removed
  File "/opt/airflow/dags/flex_eau_pipeline.py", line 26
    ingestion = BashOperator(
    ^^^^^^^^^
IndentationError: expected an indented block after 'with' statement on line 11
[2026-06-21T12:01:12.752+0000] {processor.py:927} WARNING - No viable dags retrieved from /opt/airflow/dags/flex_eau_pipeline.py
[2026-06-21T12:01:12.806+0000] {processor.py:208} INFO - Processing /opt/airflow/dags/flex_eau_pipeline.py took 0.122 seconds
[2026-06-21T12:01:43.503+0000] {processor.py:186} INFO - Started process (PID=6164) to work on /opt/airflow/dags/flex_eau_pipeline.py
[2026-06-21T12:01:43.507+0000] {processor.py:914} INFO - Processing file /opt/airflow/dags/flex_eau_pipeline.py for tasks to queue
[2026-06-21T12:01:43.516+0000] {logging_mixin.py:190} INFO - [2026-06-21T12:01:43.515+0000] {dagbag.py:587} INFO - Filling up the DagBag from /opt/airflow/dags/flex_eau_pipeline.py
[2026-06-21T12:01:43.583+0000] {logging_mixin.py:190} INFO - [2026-06-21T12:01:43.578+0000] {dagbag.py:386} ERROR - Failed to import: /opt/airflow/dags/flex_eau_pipeline.py
Traceback (most recent call last):
  File "/home/airflow/.local/lib/python3.12/site-packages/airflow/models/dagbag.py", line 382, in parse
    loader.exec_module(new_module)
  File "<frozen importlib._bootstrap_external>", line 991, in exec_module
  File "<frozen importlib._bootstrap_external>", line 1129, in get_code
  File "<frozen importlib._bootstrap_external>", line 1059, in source_to_code
  File "<frozen importlib._bootstrap>", line 488, in _call_with_frames_removed
  File "/opt/airflow/dags/flex_eau_pipeline.py", line 26
    ingestion = BashOperator(
    ^^^^^^^^^
IndentationError: expected an indented block after 'with' statement on line 11
[2026-06-21T12:01:43.585+0000] {processor.py:927} WARNING - No viable dags retrieved from /opt/airflow/dags/flex_eau_pipeline.py
[2026-06-21T12:01:43.645+0000] {processor.py:208} INFO - Processing /opt/airflow/dags/flex_eau_pipeline.py took 0.161 seconds
[2026-06-21T12:02:14.137+0000] {processor.py:186} INFO - Started process (PID=6169) to work on /opt/airflow/dags/flex_eau_pipeline.py
[2026-06-21T12:02:14.139+0000] {processor.py:914} INFO - Processing file /opt/airflow/dags/flex_eau_pipeline.py for tasks to queue
[2026-06-21T12:02:14.144+0000] {logging_mixin.py:190} INFO - [2026-06-21T12:02:14.143+0000] {dagbag.py:587} INFO - Filling up the DagBag from /opt/airflow/dags/flex_eau_pipeline.py
[2026-06-21T12:02:14.179+0000] {logging_mixin.py:190} INFO - [2026-06-21T12:02:14.177+0000] {dagbag.py:386} ERROR - Failed to import: /opt/airflow/dags/flex_eau_pipeline.py
Traceback (most recent call last):
  File "/home/airflow/.local/lib/python3.12/site-packages/airflow/models/dagbag.py", line 382, in parse
    loader.exec_module(new_module)
  File "<frozen importlib._bootstrap_external>", line 991, in exec_module
  File "<frozen importlib._bootstrap_external>", line 1129, in get_code
  File "<frozen importlib._bootstrap_external>", line 1059, in source_to_code
  File "<frozen importlib._bootstrap>", line 488, in _call_with_frames_removed
  File "/opt/airflow/dags/flex_eau_pipeline.py", line 26
    ingestion = BashOperator(
    ^^^^^^^^^
IndentationError: expected an indented block after 'with' statement on line 11
[2026-06-21T12:02:14.180+0000] {processor.py:927} WARNING - No viable dags retrieved from /opt/airflow/dags/flex_eau_pipeline.py
[2026-06-21T12:02:14.218+0000] {processor.py:208} INFO - Processing /opt/airflow/dags/flex_eau_pipeline.py took 0.090 seconds
[2026-06-21T12:02:44.791+0000] {processor.py:186} INFO - Started process (PID=6174) to work on /opt/airflow/dags/flex_eau_pipeline.py
[2026-06-21T12:02:44.793+0000] {processor.py:914} INFO - Processing file /opt/airflow/dags/flex_eau_pipeline.py for tasks to queue
[2026-06-21T12:02:44.797+0000] {logging_mixin.py:190} INFO - [2026-06-21T12:02:44.797+0000] {dagbag.py:587} INFO - Filling up the DagBag from /opt/airflow/dags/flex_eau_pipeline.py
[2026-06-21T12:02:44.838+0000] {logging_mixin.py:190} INFO - [2026-06-21T12:02:44.836+0000] {dagbag.py:386} ERROR - Failed to import: /opt/airflow/dags/flex_eau_pipeline.py
Traceback (most recent call last):
  File "/home/airflow/.local/lib/python3.12/site-packages/airflow/models/dagbag.py", line 382, in parse
    loader.exec_module(new_module)
  File "<frozen importlib._bootstrap_external>", line 991, in exec_module
  File "<frozen importlib._bootstrap_external>", line 1129, in get_code
  File "<frozen importlib._bootstrap_external>", line 1059, in source_to_code
  File "<frozen importlib._bootstrap>", line 488, in _call_with_frames_removed
  File "/opt/airflow/dags/flex_eau_pipeline.py", line 26
    ingestion = BashOperator(
    ^^^^^^^^^
IndentationError: expected an indented block after 'with' statement on line 11
[2026-06-21T12:02:44.840+0000] {processor.py:927} WARNING - No viable dags retrieved from /opt/airflow/dags/flex_eau_pipeline.py
[2026-06-21T12:02:44.874+0000] {processor.py:208} INFO - Processing /opt/airflow/dags/flex_eau_pipeline.py took 0.093 seconds
[2026-06-21T12:03:15.451+0000] {processor.py:186} INFO - Started process (PID=6179) to work on /opt/airflow/dags/flex_eau_pipeline.py
[2026-06-21T12:03:15.454+0000] {processor.py:914} INFO - Processing file /opt/airflow/dags/flex_eau_pipeline.py for tasks to queue
[2026-06-21T12:03:15.460+0000] {logging_mixin.py:190} INFO - [2026-06-21T12:03:15.460+0000] {dagbag.py:587} INFO - Filling up the DagBag from /opt/airflow/dags/flex_eau_pipeline.py
[2026-06-21T12:03:15.515+0000] {logging_mixin.py:190} INFO - [2026-06-21T12:03:15.514+0000] {dagbag.py:386} ERROR - Failed to import: /opt/airflow/dags/flex_eau_pipeline.py
Traceback (most recent call last):
  File "/home/airflow/.local/lib/python3.12/site-packages/airflow/models/dagbag.py", line 382, in parse
    loader.exec_module(new_module)
  File "<frozen importlib._bootstrap_external>", line 991, in exec_module
  File "<frozen importlib._bootstrap_external>", line 1129, in get_code
  File "<frozen importlib._bootstrap_external>", line 1059, in source_to_code
  File "<frozen importlib._bootstrap>", line 488, in _call_with_frames_removed
  File "/opt/airflow/dags/flex_eau_pipeline.py", line 26
    ingestion = BashOperator(
    ^^^^^^^^^
IndentationError: expected an indented block after 'with' statement on line 11
[2026-06-21T12:03:15.517+0000] {processor.py:927} WARNING - No viable dags retrieved from /opt/airflow/dags/flex_eau_pipeline.py
[2026-06-21T12:03:15.569+0000] {processor.py:208} INFO - Processing /opt/airflow/dags/flex_eau_pipeline.py took 0.129 seconds
[2026-06-21T12:03:46.150+0000] {processor.py:186} INFO - Started process (PID=6184) to work on /opt/airflow/dags/flex_eau_pipeline.py
[2026-06-21T12:03:46.152+0000] {processor.py:914} INFO - Processing file /opt/airflow/dags/flex_eau_pipeline.py for tasks to queue
[2026-06-21T12:03:46.158+0000] {logging_mixin.py:190} INFO - [2026-06-21T12:03:46.156+0000] {dagbag.py:587} INFO - Filling up the DagBag from /opt/airflow/dags/flex_eau_pipeline.py
[2026-06-21T12:03:46.194+0000] {logging_mixin.py:190} INFO - [2026-06-21T12:03:46.191+0000] {dagbag.py:386} ERROR - Failed to import: /opt/airflow/dags/flex_eau_pipeline.py
Traceback (most recent call last):
  File "/home/airflow/.local/lib/python3.12/site-packages/airflow/models/dagbag.py", line 382, in parse
    loader.exec_module(new_module)
  File "<frozen importlib._bootstrap_external>", line 991, in exec_module
  File "<frozen importlib._bootstrap_external>", line 1129, in get_code
  File "<frozen importlib._bootstrap_external>", line 1059, in source_to_code
  File "<frozen importlib._bootstrap>", line 488, in _call_with_frames_removed
  File "/opt/airflow/dags/flex_eau_pipeline.py", line 26
    ingestion = BashOperator(
    ^^^^^^^^^
IndentationError: expected an indented block after 'with' statement on line 11
[2026-06-21T12:03:46.195+0000] {processor.py:927} WARNING - No viable dags retrieved from /opt/airflow/dags/flex_eau_pipeline.py
[2026-06-21T12:03:46.235+0000] {processor.py:208} INFO - Processing /opt/airflow/dags/flex_eau_pipeline.py took 0.098 seconds
[2026-06-21T12:04:16.910+0000] {processor.py:186} INFO - Started process (PID=6189) to work on /opt/airflow/dags/flex_eau_pipeline.py
[2026-06-21T12:04:16.914+0000] {processor.py:914} INFO - Processing file /opt/airflow/dags/flex_eau_pipeline.py for tasks to queue
[2026-06-21T12:04:16.921+0000] {logging_mixin.py:190} INFO - [2026-06-21T12:04:16.920+0000] {dagbag.py:587} INFO - Filling up the DagBag from /opt/airflow/dags/flex_eau_pipeline.py
[2026-06-21T12:04:16.976+0000] {logging_mixin.py:190} INFO - [2026-06-21T12:04:16.972+0000] {dagbag.py:386} ERROR - Failed to import: /opt/airflow/dags/flex_eau_pipeline.py
Traceback (most recent call last):
  File "/home/airflow/.local/lib/python3.12/site-packages/airflow/models/dagbag.py", line 382, in parse
    loader.exec_module(new_module)
  File "<frozen importlib._bootstrap_external>", line 991, in exec_module
  File "<frozen importlib._bootstrap_external>", line 1129, in get_code
  File "<frozen importlib._bootstrap_external>", line 1059, in source_to_code
  File "<frozen importlib._bootstrap>", line 488, in _call_with_frames_removed
  File "/opt/airflow/dags/flex_eau_pipeline.py", line 26
    ingestion = BashOperator(
    ^^^^^^^^^
IndentationError: expected an indented block after 'with' statement on line 11
[2026-06-21T12:04:16.978+0000] {processor.py:927} WARNING - No viable dags retrieved from /opt/airflow/dags/flex_eau_pipeline.py
[2026-06-21T12:04:17.041+0000] {processor.py:208} INFO - Processing /opt/airflow/dags/flex_eau_pipeline.py took 0.147 seconds
[2026-06-21T12:04:47.586+0000] {processor.py:186} INFO - Started process (PID=6194) to work on /opt/airflow/dags/flex_eau_pipeline.py
[2026-06-21T12:04:47.587+0000] {processor.py:914} INFO - Processing file /opt/airflow/dags/flex_eau_pipeline.py for tasks to queue
[2026-06-21T12:04:47.591+0000] {logging_mixin.py:190} INFO - [2026-06-21T12:04:47.591+0000] {dagbag.py:587} INFO - Filling up the DagBag from /opt/airflow/dags/flex_eau_pipeline.py
[2026-06-21T12:04:47.626+0000] {logging_mixin.py:190} INFO - [2026-06-21T12:04:47.625+0000] {dagbag.py:386} ERROR - Failed to import: /opt/airflow/dags/flex_eau_pipeline.py
Traceback (most recent call last):
  File "/home/airflow/.local/lib/python3.12/site-packages/airflow/models/dagbag.py", line 382, in parse
    loader.exec_module(new_module)
  File "<frozen importlib._bootstrap_external>", line 991, in exec_module
  File "<frozen importlib._bootstrap_external>", line 1129, in get_code
  File "<frozen importlib._bootstrap_external>", line 1059, in source_to_code
  File "<frozen importlib._bootstrap>", line 488, in _call_with_frames_removed
  File "/opt/airflow/dags/flex_eau_pipeline.py", line 26
    ingestion = BashOperator(
    ^^^^^^^^^
IndentationError: expected an indented block after 'with' statement on line 11
[2026-06-21T12:04:47.627+0000] {processor.py:927} WARNING - No viable dags retrieved from /opt/airflow/dags/flex_eau_pipeline.py
[2026-06-21T12:04:47.665+0000] {processor.py:208} INFO - Processing /opt/airflow/dags/flex_eau_pipeline.py took 0.088 seconds
[2026-06-21T12:05:18.494+0000] {processor.py:186} INFO - Started process (PID=6199) to work on /opt/airflow/dags/flex_eau_pipeline.py
[2026-06-21T12:05:18.498+0000] {processor.py:914} INFO - Processing file /opt/airflow/dags/flex_eau_pipeline.py for tasks to queue
[2026-06-21T12:05:18.506+0000] {logging_mixin.py:190} INFO - [2026-06-21T12:05:18.505+0000] {dagbag.py:587} INFO - Filling up the DagBag from /opt/airflow/dags/flex_eau_pipeline.py
[2026-06-21T12:05:18.566+0000] {logging_mixin.py:190} INFO - [2026-06-21T12:05:18.563+0000] {dagbag.py:386} ERROR - Failed to import: /opt/airflow/dags/flex_eau_pipeline.py
Traceback (most recent call last):
  File "/home/airflow/.local/lib/python3.12/site-packages/airflow/models/dagbag.py", line 382, in parse
    loader.exec_module(new_module)
  File "<frozen importlib._bootstrap_external>", line 991, in exec_module
  File "<frozen importlib._bootstrap_external>", line 1129, in get_code
  File "<frozen importlib._bootstrap_external>", line 1059, in source_to_code
  File "<frozen importlib._bootstrap>", line 488, in _call_with_frames_removed
  File "/opt/airflow/dags/flex_eau_pipeline.py", line 26
    ingestion = BashOperator(
    ^^^^^^^^^
IndentationError: expected an indented block after 'with' statement on line 11
[2026-06-21T12:05:18.568+0000] {processor.py:927} WARNING - No viable dags retrieved from /opt/airflow/dags/flex_eau_pipeline.py
[2026-06-21T12:05:18.638+0000] {processor.py:208} INFO - Processing /opt/airflow/dags/flex_eau_pipeline.py took 0.171 seconds
[2026-06-21T12:05:49.227+0000] {processor.py:186} INFO - Started process (PID=6204) to work on /opt/airflow/dags/flex_eau_pipeline.py
[2026-06-21T12:05:49.230+0000] {processor.py:914} INFO - Processing file /opt/airflow/dags/flex_eau_pipeline.py for tasks to queue
[2026-06-21T12:05:49.238+0000] {logging_mixin.py:190} INFO - [2026-06-21T12:05:49.236+0000] {dagbag.py:587} INFO - Filling up the DagBag from /opt/airflow/dags/flex_eau_pipeline.py
[2026-06-21T12:05:49.309+0000] {logging_mixin.py:190} INFO - [2026-06-21T12:05:49.304+0000] {dagbag.py:386} ERROR - Failed to import: /opt/airflow/dags/flex_eau_pipeline.py
Traceback (most recent call last):
  File "/home/airflow/.local/lib/python3.12/site-packages/airflow/models/dagbag.py", line 382, in parse
    loader.exec_module(new_module)
  File "<frozen importlib._bootstrap_external>", line 991, in exec_module
  File "<frozen importlib._bootstrap_external>", line 1129, in get_code
  File "<frozen importlib._bootstrap_external>", line 1059, in source_to_code
  File "<frozen importlib._bootstrap>", line 488, in _call_with_frames_removed
  File "/opt/airflow/dags/flex_eau_pipeline.py", line 26
    ingestion = BashOperator(
    ^^^^^^^^^
IndentationError: expected an indented block after 'with' statement on line 11
[2026-06-21T12:05:49.311+0000] {processor.py:927} WARNING - No viable dags retrieved from /opt/airflow/dags/flex_eau_pipeline.py
[2026-06-21T12:05:49.384+0000] {processor.py:208} INFO - Processing /opt/airflow/dags/flex_eau_pipeline.py took 0.178 seconds
[2026-06-21T12:06:20.195+0000] {processor.py:186} INFO - Started process (PID=6209) to work on /opt/airflow/dags/flex_eau_pipeline.py
[2026-06-21T12:06:20.197+0000] {processor.py:914} INFO - Processing file /opt/airflow/dags/flex_eau_pipeline.py for tasks to queue
[2026-06-21T12:06:20.203+0000] {logging_mixin.py:190} INFO - [2026-06-21T12:06:20.203+0000] {dagbag.py:587} INFO - Filling up the DagBag from /opt/airflow/dags/flex_eau_pipeline.py
[2026-06-21T12:06:20.241+0000] {logging_mixin.py:190} INFO - [2026-06-21T12:06:20.240+0000] {dagbag.py:386} ERROR - Failed to import: /opt/airflow/dags/flex_eau_pipeline.py
Traceback (most recent call last):
  File "/home/airflow/.local/lib/python3.12/site-packages/airflow/models/dagbag.py", line 382, in parse
    loader.exec_module(new_module)
  File "<frozen importlib._bootstrap_external>", line 991, in exec_module
  File "<frozen importlib._bootstrap_external>", line 1129, in get_code
  File "<frozen importlib._bootstrap_external>", line 1059, in source_to_code
  File "<frozen importlib._bootstrap>", line 488, in _call_with_frames_removed
  File "/opt/airflow/dags/flex_eau_pipeline.py", line 26
    ingestion = BashOperator(
    ^^^^^^^^^
IndentationError: expected an indented block after 'with' statement on line 11
[2026-06-21T12:06:20.242+0000] {processor.py:927} WARNING - No viable dags retrieved from /opt/airflow/dags/flex_eau_pipeline.py
[2026-06-21T12:06:20.283+0000] {processor.py:208} INFO - Processing /opt/airflow/dags/flex_eau_pipeline.py took 0.095 seconds
[2026-06-21T12:06:50.935+0000] {processor.py:186} INFO - Started process (PID=6214) to work on /opt/airflow/dags/flex_eau_pipeline.py
[2026-06-21T12:06:50.938+0000] {processor.py:914} INFO - Processing file /opt/airflow/dags/flex_eau_pipeline.py for tasks to queue
[2026-06-21T12:06:50.945+0000] {logging_mixin.py:190} INFO - [2026-06-21T12:06:50.944+0000] {dagbag.py:587} INFO - Filling up the DagBag from /opt/airflow/dags/flex_eau_pipeline.py
[2026-06-21T12:06:51.002+0000] {logging_mixin.py:190} INFO - [2026-06-21T12:06:50.998+0000] {dagbag.py:386} ERROR - Failed to import: /opt/airflow/dags/flex_eau_pipeline.py
Traceback (most recent call last):
  File "/home/airflow/.local/lib/python3.12/site-packages/airflow/models/dagbag.py", line 382, in parse
    loader.exec_module(new_module)
  File "<frozen importlib._bootstrap_external>", line 991, in exec_module
  File "<frozen importlib._bootstrap_external>", line 1129, in get_code
  File "<frozen importlib._bootstrap_external>", line 1059, in source_to_code
  File "<frozen importlib._bootstrap>", line 488, in _call_with_frames_removed
  File "/opt/airflow/dags/flex_eau_pipeline.py", line 26
    ingestion = BashOperator(
    ^^^^^^^^^
IndentationError: expected an indented block after 'with' statement on line 11
[2026-06-21T12:06:51.005+0000] {processor.py:927} WARNING - No viable dags retrieved from /opt/airflow/dags/flex_eau_pipeline.py
[2026-06-21T12:06:51.062+0000] {processor.py:208} INFO - Processing /opt/airflow/dags/flex_eau_pipeline.py took 0.144 seconds
[2026-06-21T12:07:21.690+0000] {processor.py:186} INFO - Started process (PID=6219) to work on /opt/airflow/dags/flex_eau_pipeline.py
[2026-06-21T12:07:21.693+0000] {processor.py:914} INFO - Processing file /opt/airflow/dags/flex_eau_pipeline.py for tasks to queue
[2026-06-21T12:07:21.703+0000] {logging_mixin.py:190} INFO - [2026-06-21T12:07:21.701+0000] {dagbag.py:587} INFO - Filling up the DagBag from /opt/airflow/dags/flex_eau_pipeline.py
[2026-06-21T12:07:21.764+0000] {logging_mixin.py:190} INFO - [2026-06-21T12:07:21.761+0000] {dagbag.py:386} ERROR - Failed to import: /opt/airflow/dags/flex_eau_pipeline.py
Traceback (most recent call last):
  File "/home/airflow/.local/lib/python3.12/site-packages/airflow/models/dagbag.py", line 382, in parse
    loader.exec_module(new_module)
  File "<frozen importlib._bootstrap_external>", line 991, in exec_module
  File "<frozen importlib._bootstrap_external>", line 1129, in get_code
  File "<frozen importlib._bootstrap_external>", line 1059, in source_to_code
  File "<frozen importlib._bootstrap>", line 488, in _call_with_frames_removed
  File "/opt/airflow/dags/flex_eau_pipeline.py", line 26
    ingestion = BashOperator(
    ^^^^^^^^^
IndentationError: expected an indented block after 'with' statement on line 11
[2026-06-21T12:07:21.766+0000] {processor.py:927} WARNING - No viable dags retrieved from /opt/airflow/dags/flex_eau_pipeline.py
[2026-06-21T12:07:21.820+0000] {processor.py:208} INFO - Processing /opt/airflow/dags/flex_eau_pipeline.py took 0.150 seconds
[2026-06-21T12:07:52.451+0000] {processor.py:186} INFO - Started process (PID=6224) to work on /opt/airflow/dags/flex_eau_pipeline.py
[2026-06-21T12:07:52.453+0000] {processor.py:914} INFO - Processing file /opt/airflow/dags/flex_eau_pipeline.py for tasks to queue
[2026-06-21T12:07:52.459+0000] {logging_mixin.py:190} INFO - [2026-06-21T12:07:52.458+0000] {dagbag.py:587} INFO - Filling up the DagBag from /opt/airflow/dags/flex_eau_pipeline.py
[2026-06-21T12:07:52.517+0000] {logging_mixin.py:190} INFO - [2026-06-21T12:07:52.511+0000] {dagbag.py:386} ERROR - Failed to import: /opt/airflow/dags/flex_eau_pipeline.py
Traceback (most recent call last):
  File "/home/airflow/.local/lib/python3.12/site-packages/airflow/models/dagbag.py", line 382, in parse
    loader.exec_module(new_module)
  File "<frozen importlib._bootstrap_external>", line 991, in exec_module
  File "<frozen importlib._bootstrap_external>", line 1129, in get_code
  File "<frozen importlib._bootstrap_external>", line 1059, in source_to_code
  File "<frozen importlib._bootstrap>", line 488, in _call_with_frames_removed
  File "/opt/airflow/dags/flex_eau_pipeline.py", line 26
    ingestion = BashOperator(
    ^^^^^^^^^
IndentationError: expected an indented block after 'with' statement on line 11
[2026-06-21T12:07:52.521+0000] {processor.py:927} WARNING - No viable dags retrieved from /opt/airflow/dags/flex_eau_pipeline.py
[2026-06-21T12:07:52.608+0000] {processor.py:208} INFO - Processing /opt/airflow/dags/flex_eau_pipeline.py took 0.168 seconds
[2026-06-21T12:08:23.200+0000] {processor.py:186} INFO - Started process (PID=6229) to work on /opt/airflow/dags/flex_eau_pipeline.py
[2026-06-21T12:08:23.203+0000] {processor.py:914} INFO - Processing file /opt/airflow/dags/flex_eau_pipeline.py for tasks to queue
[2026-06-21T12:08:23.208+0000] {logging_mixin.py:190} INFO - [2026-06-21T12:08:23.208+0000] {dagbag.py:587} INFO - Filling up the DagBag from /opt/airflow/dags/flex_eau_pipeline.py
[2026-06-21T12:08:23.254+0000] {logging_mixin.py:190} INFO - [2026-06-21T12:08:23.251+0000] {dagbag.py:386} ERROR - Failed to import: /opt/airflow/dags/flex_eau_pipeline.py
Traceback (most recent call last):
  File "/home/airflow/.local/lib/python3.12/site-packages/airflow/models/dagbag.py", line 382, in parse
    loader.exec_module(new_module)
  File "<frozen importlib._bootstrap_external>", line 991, in exec_module
  File "<frozen importlib._bootstrap_external>", line 1129, in get_code
  File "<frozen importlib._bootstrap_external>", line 1059, in source_to_code
  File "<frozen importlib._bootstrap>", line 488, in _call_with_frames_removed
  File "/opt/airflow/dags/flex_eau_pipeline.py", line 26
    ingestion = BashOperator(
    ^^^^^^^^^
IndentationError: expected an indented block after 'with' statement on line 11
[2026-06-21T12:08:23.257+0000] {processor.py:927} WARNING - No viable dags retrieved from /opt/airflow/dags/flex_eau_pipeline.py
[2026-06-21T12:08:23.303+0000] {processor.py:208} INFO - Processing /opt/airflow/dags/flex_eau_pipeline.py took 0.119 seconds
[2026-06-21T12:08:54.100+0000] {processor.py:186} INFO - Started process (PID=6234) to work on /opt/airflow/dags/flex_eau_pipeline.py
[2026-06-21T12:08:54.103+0000] {processor.py:914} INFO - Processing file /opt/airflow/dags/flex_eau_pipeline.py for tasks to queue
[2026-06-21T12:08:54.110+0000] {logging_mixin.py:190} INFO - [2026-06-21T12:08:54.109+0000] {dagbag.py:587} INFO - Filling up the DagBag from /opt/airflow/dags/flex_eau_pipeline.py
[2026-06-21T12:08:54.176+0000] {logging_mixin.py:190} INFO - [2026-06-21T12:08:54.174+0000] {dagbag.py:386} ERROR - Failed to import: /opt/airflow/dags/flex_eau_pipeline.py
Traceback (most recent call last):
  File "/home/airflow/.local/lib/python3.12/site-packages/airflow/models/dagbag.py", line 382, in parse
    loader.exec_module(new_module)
  File "<frozen importlib._bootstrap_external>", line 991, in exec_module
  File "<frozen importlib._bootstrap_external>", line 1129, in get_code
  File "<frozen importlib._bootstrap_external>", line 1059, in source_to_code
  File "<frozen importlib._bootstrap>", line 488, in _call_with_frames_removed
  File "/opt/airflow/dags/flex_eau_pipeline.py", line 26
    ingestion = BashOperator(
    ^^^^^^^^^
IndentationError: expected an indented block after 'with' statement on line 11
[2026-06-21T12:08:54.179+0000] {processor.py:927} WARNING - No viable dags retrieved from /opt/airflow/dags/flex_eau_pipeline.py
[2026-06-21T12:08:54.248+0000] {processor.py:208} INFO - Processing /opt/airflow/dags/flex_eau_pipeline.py took 0.166 seconds
[2026-06-21T12:09:24.968+0000] {processor.py:186} INFO - Started process (PID=6239) to work on /opt/airflow/dags/flex_eau_pipeline.py
[2026-06-21T12:09:24.971+0000] {processor.py:914} INFO - Processing file /opt/airflow/dags/flex_eau_pipeline.py for tasks to queue
[2026-06-21T12:09:24.982+0000] {logging_mixin.py:190} INFO - [2026-06-21T12:09:24.981+0000] {dagbag.py:587} INFO - Filling up the DagBag from /opt/airflow/dags/flex_eau_pipeline.py
[2026-06-21T12:09:25.055+0000] {logging_mixin.py:190} INFO - [2026-06-21T12:09:25.052+0000] {dagbag.py:386} ERROR - Failed to import: /opt/airflow/dags/flex_eau_pipeline.py
Traceback (most recent call last):
  File "/home/airflow/.local/lib/python3.12/site-packages/airflow/models/dagbag.py", line 382, in parse
    loader.exec_module(new_module)
  File "<frozen importlib._bootstrap_external>", line 991, in exec_module
  File "<frozen importlib._bootstrap_external>", line 1129, in get_code
  File "<frozen importlib._bootstrap_external>", line 1059, in source_to_code
  File "<frozen importlib._bootstrap>", line 488, in _call_with_frames_removed
  File "/opt/airflow/dags/flex_eau_pipeline.py", line 26
    ingestion = BashOperator(
    ^^^^^^^^^
IndentationError: expected an indented block after 'with' statement on line 11
[2026-06-21T12:09:25.058+0000] {processor.py:927} WARNING - No viable dags retrieved from /opt/airflow/dags/flex_eau_pipeline.py
[2026-06-21T12:09:25.131+0000] {processor.py:208} INFO - Processing /opt/airflow/dags/flex_eau_pipeline.py took 0.187 seconds
[2026-06-21T12:09:55.707+0000] {processor.py:186} INFO - Started process (PID=6244) to work on /opt/airflow/dags/flex_eau_pipeline.py
[2026-06-21T12:09:55.710+0000] {processor.py:914} INFO - Processing file /opt/airflow/dags/flex_eau_pipeline.py for tasks to queue
[2026-06-21T12:09:55.714+0000] {logging_mixin.py:190} INFO - [2026-06-21T12:09:55.714+0000] {dagbag.py:587} INFO - Filling up the DagBag from /opt/airflow/dags/flex_eau_pipeline.py
[2026-06-21T12:09:55.750+0000] {logging_mixin.py:190} INFO - [2026-06-21T12:09:55.748+0000] {dagbag.py:386} ERROR - Failed to import: /opt/airflow/dags/flex_eau_pipeline.py
Traceback (most recent call last):
  File "/home/airflow/.local/lib/python3.12/site-packages/airflow/models/dagbag.py", line 382, in parse
    loader.exec_module(new_module)
  File "<frozen importlib._bootstrap_external>", line 991, in exec_module
  File "<frozen importlib._bootstrap_external>", line 1129, in get_code
  File "<frozen importlib._bootstrap_external>", line 1059, in source_to_code
  File "<frozen importlib._bootstrap>", line 488, in _call_with_frames_removed
  File "/opt/airflow/dags/flex_eau_pipeline.py", line 26
    ingestion = BashOperator(
    ^^^^^^^^^
IndentationError: expected an indented block after 'with' statement on line 11
[2026-06-21T12:09:55.751+0000] {processor.py:927} WARNING - No viable dags retrieved from /opt/airflow/dags/flex_eau_pipeline.py
[2026-06-21T12:09:55.788+0000] {processor.py:208} INFO - Processing /opt/airflow/dags/flex_eau_pipeline.py took 0.093 seconds
[2026-06-21T12:10:26.524+0000] {processor.py:186} INFO - Started process (PID=6249) to work on /opt/airflow/dags/flex_eau_pipeline.py
[2026-06-21T12:10:26.525+0000] {processor.py:914} INFO - Processing file /opt/airflow/dags/flex_eau_pipeline.py for tasks to queue
[2026-06-21T12:10:26.531+0000] {logging_mixin.py:190} INFO - [2026-06-21T12:10:26.530+0000] {dagbag.py:587} INFO - Filling up the DagBag from /opt/airflow/dags/flex_eau_pipeline.py
[2026-06-21T12:10:26.567+0000] {logging_mixin.py:190} INFO - [2026-06-21T12:10:26.566+0000] {dagbag.py:386} ERROR - Failed to import: /opt/airflow/dags/flex_eau_pipeline.py
Traceback (most recent call last):
  File "/home/airflow/.local/lib/python3.12/site-packages/airflow/models/dagbag.py", line 382, in parse
    loader.exec_module(new_module)
  File "<frozen importlib._bootstrap_external>", line 991, in exec_module
  File "<frozen importlib._bootstrap_external>", line 1129, in get_code
  File "<frozen importlib._bootstrap_external>", line 1059, in source_to_code
  File "<frozen importlib._bootstrap>", line 488, in _call_with_frames_removed
  File "/opt/airflow/dags/flex_eau_pipeline.py", line 26
    ingestion = BashOperator(
    ^^^^^^^^^
IndentationError: expected an indented block after 'with' statement on line 11
[2026-06-21T12:10:26.569+0000] {processor.py:927} WARNING - No viable dags retrieved from /opt/airflow/dags/flex_eau_pipeline.py
[2026-06-21T12:10:26.603+0000] {processor.py:208} INFO - Processing /opt/airflow/dags/flex_eau_pipeline.py took 0.093 seconds
[2026-06-21T12:10:57.188+0000] {processor.py:186} INFO - Started process (PID=6254) to work on /opt/airflow/dags/flex_eau_pipeline.py
[2026-06-21T12:10:57.190+0000] {processor.py:914} INFO - Processing file /opt/airflow/dags/flex_eau_pipeline.py for tasks to queue
[2026-06-21T12:10:57.196+0000] {logging_mixin.py:190} INFO - [2026-06-21T12:10:57.195+0000] {dagbag.py:587} INFO - Filling up the DagBag from /opt/airflow/dags/flex_eau_pipeline.py
[2026-06-21T12:10:57.246+0000] {logging_mixin.py:190} INFO - [2026-06-21T12:10:57.244+0000] {dagbag.py:386} ERROR - Failed to import: /opt/airflow/dags/flex_eau_pipeline.py
Traceback (most recent call last):
  File "/home/airflow/.local/lib/python3.12/site-packages/airflow/models/dagbag.py", line 382, in parse
    loader.exec_module(new_module)
  File "<frozen importlib._bootstrap_external>", line 991, in exec_module
  File "<frozen importlib._bootstrap_external>", line 1129, in get_code
  File "<frozen importlib._bootstrap_external>", line 1059, in source_to_code
  File "<frozen importlib._bootstrap>", line 488, in _call_with_frames_removed
  File "/opt/airflow/dags/flex_eau_pipeline.py", line 26
    ingestion = BashOperator(
    ^^^^^^^^^
IndentationError: expected an indented block after 'with' statement on line 11
[2026-06-21T12:10:57.248+0000] {processor.py:927} WARNING - No viable dags retrieved from /opt/airflow/dags/flex_eau_pipeline.py
[2026-06-21T12:10:57.298+0000] {processor.py:208} INFO - Processing /opt/airflow/dags/flex_eau_pipeline.py took 0.123 seconds
[2026-06-21T12:11:28.128+0000] {processor.py:186} INFO - Started process (PID=6259) to work on /opt/airflow/dags/flex_eau_pipeline.py
[2026-06-21T12:11:28.130+0000] {processor.py:914} INFO - Processing file /opt/airflow/dags/flex_eau_pipeline.py for tasks to queue
[2026-06-21T12:11:28.134+0000] {logging_mixin.py:190} INFO - [2026-06-21T12:11:28.134+0000] {dagbag.py:587} INFO - Filling up the DagBag from /opt/airflow/dags/flex_eau_pipeline.py
[2026-06-21T12:11:28.172+0000] {logging_mixin.py:190} INFO - [2026-06-21T12:11:28.171+0000] {dagbag.py:386} ERROR - Failed to import: /opt/airflow/dags/flex_eau_pipeline.py
Traceback (most recent call last):
  File "/home/airflow/.local/lib/python3.12/site-packages/airflow/models/dagbag.py", line 382, in parse
    loader.exec_module(new_module)
  File "<frozen importlib._bootstrap_external>", line 991, in exec_module
  File "<frozen importlib._bootstrap_external>", line 1129, in get_code
  File "<frozen importlib._bootstrap_external>", line 1059, in source_to_code
  File "<frozen importlib._bootstrap>", line 488, in _call_with_frames_removed
  File "/opt/airflow/dags/flex_eau_pipeline.py", line 26
    ingestion = BashOperator(
    ^^^^^^^^^
IndentationError: expected an indented block after 'with' statement on line 11
[2026-06-21T12:11:28.173+0000] {processor.py:927} WARNING - No viable dags retrieved from /opt/airflow/dags/flex_eau_pipeline.py
[2026-06-21T12:11:28.207+0000] {processor.py:208} INFO - Processing /opt/airflow/dags/flex_eau_pipeline.py took 0.091 seconds
[2026-06-21T12:11:58.836+0000] {processor.py:186} INFO - Started process (PID=6264) to work on /opt/airflow/dags/flex_eau_pipeline.py
[2026-06-21T12:11:58.837+0000] {processor.py:914} INFO - Processing file /opt/airflow/dags/flex_eau_pipeline.py for tasks to queue
[2026-06-21T12:11:58.842+0000] {logging_mixin.py:190} INFO - [2026-06-21T12:11:58.841+0000] {dagbag.py:587} INFO - Filling up the DagBag from /opt/airflow/dags/flex_eau_pipeline.py
[2026-06-21T12:11:58.898+0000] {logging_mixin.py:190} INFO - [2026-06-21T12:11:58.896+0000] {dagbag.py:386} ERROR - Failed to import: /opt/airflow/dags/flex_eau_pipeline.py
Traceback (most recent call last):
  File "/home/airflow/.local/lib/python3.12/site-packages/airflow/models/dagbag.py", line 382, in parse
    loader.exec_module(new_module)
  File "<frozen importlib._bootstrap_external>", line 991, in exec_module
  File "<frozen importlib._bootstrap_external>", line 1129, in get_code
  File "<frozen importlib._bootstrap_external>", line 1059, in source_to_code
  File "<frozen importlib._bootstrap>", line 488, in _call_with_frames_removed
  File "/opt/airflow/dags/flex_eau_pipeline.py", line 26
    ingestion = BashOperator(
    ^^^^^^^^^
IndentationError: expected an indented block after 'with' statement on line 11
[2026-06-21T12:11:58.900+0000] {processor.py:927} WARNING - No viable dags retrieved from /opt/airflow/dags/flex_eau_pipeline.py
[2026-06-21T12:11:58.941+0000] {processor.py:208} INFO - Processing /opt/airflow/dags/flex_eau_pipeline.py took 0.116 seconds
[2026-06-21T12:12:29.496+0000] {processor.py:186} INFO - Started process (PID=6269) to work on /opt/airflow/dags/flex_eau_pipeline.py
[2026-06-21T12:12:29.498+0000] {processor.py:914} INFO - Processing file /opt/airflow/dags/flex_eau_pipeline.py for tasks to queue
[2026-06-21T12:12:29.503+0000] {logging_mixin.py:190} INFO - [2026-06-21T12:12:29.502+0000] {dagbag.py:587} INFO - Filling up the DagBag from /opt/airflow/dags/flex_eau_pipeline.py
[2026-06-21T12:12:29.556+0000] {logging_mixin.py:190} INFO - [2026-06-21T12:12:29.554+0000] {dagbag.py:386} ERROR - Failed to import: /opt/airflow/dags/flex_eau_pipeline.py
Traceback (most recent call last):
  File "/home/airflow/.local/lib/python3.12/site-packages/airflow/models/dagbag.py", line 382, in parse
    loader.exec_module(new_module)
  File "<frozen importlib._bootstrap_external>", line 991, in exec_module
  File "<frozen importlib._bootstrap_external>", line 1129, in get_code
  File "<frozen importlib._bootstrap_external>", line 1059, in source_to_code
  File "<frozen importlib._bootstrap>", line 488, in _call_with_frames_removed
  File "/opt/airflow/dags/flex_eau_pipeline.py", line 26
    ingestion = BashOperator(
    ^^^^^^^^^
IndentationError: expected an indented block after 'with' statement on line 11
[2026-06-21T12:12:29.558+0000] {processor.py:927} WARNING - No viable dags retrieved from /opt/airflow/dags/flex_eau_pipeline.py
[2026-06-21T12:12:29.597+0000] {processor.py:208} INFO - Processing /opt/airflow/dags/flex_eau_pipeline.py took 0.113 seconds
[2026-06-21T12:13:00.026+0000] {processor.py:186} INFO - Started process (PID=6274) to work on /opt/airflow/dags/flex_eau_pipeline.py
[2026-06-21T12:13:00.028+0000] {processor.py:914} INFO - Processing file /opt/airflow/dags/flex_eau_pipeline.py for tasks to queue
[2026-06-21T12:13:00.031+0000] {logging_mixin.py:190} INFO - [2026-06-21T12:13:00.031+0000] {dagbag.py:587} INFO - Filling up the DagBag from /opt/airflow/dags/flex_eau_pipeline.py
[2026-06-21T12:13:00.068+0000] {logging_mixin.py:190} INFO - [2026-06-21T12:13:00.063+0000] {dagbag.py:386} ERROR - Failed to import: /opt/airflow/dags/flex_eau_pipeline.py
Traceback (most recent call last):
  File "/home/airflow/.local/lib/python3.12/site-packages/airflow/models/dagbag.py", line 382, in parse
    loader.exec_module(new_module)
  File "<frozen importlib._bootstrap_external>", line 991, in exec_module
  File "<frozen importlib._bootstrap_external>", line 1129, in get_code
  File "<frozen importlib._bootstrap_external>", line 1059, in source_to_code
  File "<frozen importlib._bootstrap>", line 488, in _call_with_frames_removed
  File "/opt/airflow/dags/flex_eau_pipeline.py", line 26
    ingestion = BashOperator(
    ^^^^^^^^^
IndentationError: expected an indented block after 'with' statement on line 11
[2026-06-21T12:13:00.069+0000] {processor.py:927} WARNING - No viable dags retrieved from /opt/airflow/dags/flex_eau_pipeline.py
[2026-06-21T12:13:00.103+0000] {processor.py:208} INFO - Processing /opt/airflow/dags/flex_eau_pipeline.py took 0.087 seconds
[2026-06-21T12:13:30.594+0000] {processor.py:186} INFO - Started process (PID=6279) to work on /opt/airflow/dags/flex_eau_pipeline.py
[2026-06-21T12:13:30.597+0000] {processor.py:914} INFO - Processing file /opt/airflow/dags/flex_eau_pipeline.py for tasks to queue
[2026-06-21T12:13:30.600+0000] {logging_mixin.py:190} INFO - [2026-06-21T12:13:30.600+0000] {dagbag.py:587} INFO - Filling up the DagBag from /opt/airflow/dags/flex_eau_pipeline.py
[2026-06-21T12:13:30.637+0000] {logging_mixin.py:190} INFO - [2026-06-21T12:13:30.635+0000] {dagbag.py:386} ERROR - Failed to import: /opt/airflow/dags/flex_eau_pipeline.py
Traceback (most recent call last):
  File "/home/airflow/.local/lib/python3.12/site-packages/airflow/models/dagbag.py", line 382, in parse
    loader.exec_module(new_module)
  File "<frozen importlib._bootstrap_external>", line 991, in exec_module
  File "<frozen importlib._bootstrap_external>", line 1129, in get_code
  File "<frozen importlib._bootstrap_external>", line 1059, in source_to_code
  File "<frozen importlib._bootstrap>", line 488, in _call_with_frames_removed
  File "/opt/airflow/dags/flex_eau_pipeline.py", line 26
    ingestion = BashOperator(
    ^^^^^^^^^
IndentationError: expected an indented block after 'with' statement on line 11
[2026-06-21T12:13:30.638+0000] {processor.py:927} WARNING - No viable dags retrieved from /opt/airflow/dags/flex_eau_pipeline.py
[2026-06-21T12:13:30.690+0000] {processor.py:208} INFO - Processing /opt/airflow/dags/flex_eau_pipeline.py took 0.106 seconds
[2026-06-21T12:14:01.303+0000] {processor.py:186} INFO - Started process (PID=6284) to work on /opt/airflow/dags/flex_eau_pipeline.py
[2026-06-21T12:14:01.307+0000] {processor.py:914} INFO - Processing file /opt/airflow/dags/flex_eau_pipeline.py for tasks to queue
[2026-06-21T12:14:01.314+0000] {logging_mixin.py:190} INFO - [2026-06-21T12:14:01.313+0000] {dagbag.py:587} INFO - Filling up the DagBag from /opt/airflow/dags/flex_eau_pipeline.py
[2026-06-21T12:14:01.378+0000] {logging_mixin.py:190} INFO - [2026-06-21T12:14:01.374+0000] {dagbag.py:386} ERROR - Failed to import: /opt/airflow/dags/flex_eau_pipeline.py
Traceback (most recent call last):
  File "/home/airflow/.local/lib/python3.12/site-packages/airflow/models/dagbag.py", line 382, in parse
    loader.exec_module(new_module)
  File "<frozen importlib._bootstrap_external>", line 991, in exec_module
  File "<frozen importlib._bootstrap_external>", line 1129, in get_code
  File "<frozen importlib._bootstrap_external>", line 1059, in source_to_code
  File "<frozen importlib._bootstrap>", line 488, in _call_with_frames_removed
  File "/opt/airflow/dags/flex_eau_pipeline.py", line 26
    ingestion = BashOperator(
    ^^^^^^^^^
IndentationError: expected an indented block after 'with' statement on line 11
[2026-06-21T12:14:01.380+0000] {processor.py:927} WARNING - No viable dags retrieved from /opt/airflow/dags/flex_eau_pipeline.py
[2026-06-21T12:14:01.450+0000] {processor.py:208} INFO - Processing /opt/airflow/dags/flex_eau_pipeline.py took 0.164 seconds
[2026-06-21T12:14:32.029+0000] {processor.py:186} INFO - Started process (PID=6289) to work on /opt/airflow/dags/flex_eau_pipeline.py
[2026-06-21T12:14:32.031+0000] {processor.py:914} INFO - Processing file /opt/airflow/dags/flex_eau_pipeline.py for tasks to queue
[2026-06-21T12:14:32.036+0000] {logging_mixin.py:190} INFO - [2026-06-21T12:14:32.035+0000] {dagbag.py:587} INFO - Filling up the DagBag from /opt/airflow/dags/flex_eau_pipeline.py
[2026-06-21T12:14:32.075+0000] {logging_mixin.py:190} INFO - [2026-06-21T12:14:32.073+0000] {dagbag.py:386} ERROR - Failed to import: /opt/airflow/dags/flex_eau_pipeline.py
Traceback (most recent call last):
  File "/home/airflow/.local/lib/python3.12/site-packages/airflow/models/dagbag.py", line 382, in parse
    loader.exec_module(new_module)
  File "<frozen importlib._bootstrap_external>", line 991, in exec_module
  File "<frozen importlib._bootstrap_external>", line 1129, in get_code
  File "<frozen importlib._bootstrap_external>", line 1059, in source_to_code
  File "<frozen importlib._bootstrap>", line 488, in _call_with_frames_removed
  File "/opt/airflow/dags/flex_eau_pipeline.py", line 26
    ingestion = BashOperator(
    ^^^^^^^^^
IndentationError: expected an indented block after 'with' statement on line 11
[2026-06-21T12:14:32.076+0000] {processor.py:927} WARNING - No viable dags retrieved from /opt/airflow/dags/flex_eau_pipeline.py
[2026-06-21T12:14:32.121+0000] {processor.py:208} INFO - Processing /opt/airflow/dags/flex_eau_pipeline.py took 0.108 seconds
[2026-06-21T12:15:02.533+0000] {processor.py:186} INFO - Started process (PID=6294) to work on /opt/airflow/dags/flex_eau_pipeline.py
[2026-06-21T12:15:02.535+0000] {processor.py:914} INFO - Processing file /opt/airflow/dags/flex_eau_pipeline.py for tasks to queue
[2026-06-21T12:15:02.538+0000] {logging_mixin.py:190} INFO - [2026-06-21T12:15:02.538+0000] {dagbag.py:587} INFO - Filling up the DagBag from /opt/airflow/dags/flex_eau_pipeline.py
[2026-06-21T12:15:02.569+0000] {logging_mixin.py:190} INFO - [2026-06-21T12:15:02.568+0000] {dagbag.py:386} ERROR - Failed to import: /opt/airflow/dags/flex_eau_pipeline.py
Traceback (most recent call last):
  File "/home/airflow/.local/lib/python3.12/site-packages/airflow/models/dagbag.py", line 382, in parse
    loader.exec_module(new_module)
  File "<frozen importlib._bootstrap_external>", line 991, in exec_module
  File "<frozen importlib._bootstrap_external>", line 1129, in get_code
  File "<frozen importlib._bootstrap_external>", line 1059, in source_to_code
  File "<frozen importlib._bootstrap>", line 488, in _call_with_frames_removed
  File "/opt/airflow/dags/flex_eau_pipeline.py", line 26
    ingestion = BashOperator(
    ^^^^^^^^^
IndentationError: expected an indented block after 'with' statement on line 11
[2026-06-21T12:15:02.570+0000] {processor.py:927} WARNING - No viable dags retrieved from /opt/airflow/dags/flex_eau_pipeline.py
[2026-06-21T12:15:02.603+0000] {processor.py:208} INFO - Processing /opt/airflow/dags/flex_eau_pipeline.py took 0.078 seconds
[2026-06-21T12:15:33.117+0000] {processor.py:186} INFO - Started process (PID=6299) to work on /opt/airflow/dags/flex_eau_pipeline.py
[2026-06-21T12:15:33.119+0000] {processor.py:914} INFO - Processing file /opt/airflow/dags/flex_eau_pipeline.py for tasks to queue
[2026-06-21T12:15:33.123+0000] {logging_mixin.py:190} INFO - [2026-06-21T12:15:33.123+0000] {dagbag.py:587} INFO - Filling up the DagBag from /opt/airflow/dags/flex_eau_pipeline.py
[2026-06-21T12:15:33.167+0000] {logging_mixin.py:190} INFO - [2026-06-21T12:15:33.165+0000] {dagbag.py:386} ERROR - Failed to import: /opt/airflow/dags/flex_eau_pipeline.py
Traceback (most recent call last):
  File "/home/airflow/.local/lib/python3.12/site-packages/airflow/models/dagbag.py", line 382, in parse
    loader.exec_module(new_module)
  File "<frozen importlib._bootstrap_external>", line 991, in exec_module
  File "<frozen importlib._bootstrap_external>", line 1129, in get_code
  File "<frozen importlib._bootstrap_external>", line 1059, in source_to_code
  File "<frozen importlib._bootstrap>", line 488, in _call_with_frames_removed
  File "/opt/airflow/dags/flex_eau_pipeline.py", line 26
    ingestion = BashOperator(
    ^^^^^^^^^
IndentationError: expected an indented block after 'with' statement on line 11
[2026-06-21T12:15:33.168+0000] {processor.py:927} WARNING - No viable dags retrieved from /opt/airflow/dags/flex_eau_pipeline.py
[2026-06-21T12:15:33.217+0000] {processor.py:208} INFO - Processing /opt/airflow/dags/flex_eau_pipeline.py took 0.113 seconds
[2026-06-21T12:16:03.916+0000] {processor.py:186} INFO - Started process (PID=6304) to work on /opt/airflow/dags/flex_eau_pipeline.py
[2026-06-21T12:16:03.919+0000] {processor.py:914} INFO - Processing file /opt/airflow/dags/flex_eau_pipeline.py for tasks to queue
[2026-06-21T12:16:03.926+0000] {logging_mixin.py:190} INFO - [2026-06-21T12:16:03.926+0000] {dagbag.py:587} INFO - Filling up the DagBag from /opt/airflow/dags/flex_eau_pipeline.py
[2026-06-21T12:16:03.985+0000] {logging_mixin.py:190} INFO - [2026-06-21T12:16:03.983+0000] {dagbag.py:386} ERROR - Failed to import: /opt/airflow/dags/flex_eau_pipeline.py
Traceback (most recent call last):
  File "/home/airflow/.local/lib/python3.12/site-packages/airflow/models/dagbag.py", line 382, in parse
    loader.exec_module(new_module)
  File "<frozen importlib._bootstrap_external>", line 991, in exec_module
  File "<frozen importlib._bootstrap_external>", line 1129, in get_code
  File "<frozen importlib._bootstrap_external>", line 1059, in source_to_code
  File "<frozen importlib._bootstrap>", line 488, in _call_with_frames_removed
  File "/opt/airflow/dags/flex_eau_pipeline.py", line 26
    ingestion = BashOperator(
    ^^^^^^^^^
IndentationError: expected an indented block after 'with' statement on line 11
[2026-06-21T12:16:03.986+0000] {processor.py:927} WARNING - No viable dags retrieved from /opt/airflow/dags/flex_eau_pipeline.py
[2026-06-21T12:16:04.021+0000] {processor.py:208} INFO - Processing /opt/airflow/dags/flex_eau_pipeline.py took 0.112 seconds
[2026-06-21T12:16:34.610+0000] {processor.py:186} INFO - Started process (PID=6309) to work on /opt/airflow/dags/flex_eau_pipeline.py
[2026-06-21T12:16:34.612+0000] {processor.py:914} INFO - Processing file /opt/airflow/dags/flex_eau_pipeline.py for tasks to queue
[2026-06-21T12:16:34.615+0000] {logging_mixin.py:190} INFO - [2026-06-21T12:16:34.615+0000] {dagbag.py:587} INFO - Filling up the DagBag from /opt/airflow/dags/flex_eau_pipeline.py
[2026-06-21T12:16:34.651+0000] {logging_mixin.py:190} INFO - [2026-06-21T12:16:34.648+0000] {dagbag.py:386} ERROR - Failed to import: /opt/airflow/dags/flex_eau_pipeline.py
Traceback (most recent call last):
  File "/home/airflow/.local/lib/python3.12/site-packages/airflow/models/dagbag.py", line 382, in parse
    loader.exec_module(new_module)
  File "<frozen importlib._bootstrap_external>", line 991, in exec_module
  File "<frozen importlib._bootstrap_external>", line 1129, in get_code
  File "<frozen importlib._bootstrap_external>", line 1059, in source_to_code
  File "<frozen importlib._bootstrap>", line 488, in _call_with_frames_removed
  File "/opt/airflow/dags/flex_eau_pipeline.py", line 26
    ingestion = BashOperator(
    ^^^^^^^^^
IndentationError: expected an indented block after 'with' statement on line 11
[2026-06-21T12:16:34.653+0000] {processor.py:927} WARNING - No viable dags retrieved from /opt/airflow/dags/flex_eau_pipeline.py
[2026-06-21T12:16:34.690+0000] {processor.py:208} INFO - Processing /opt/airflow/dags/flex_eau_pipeline.py took 0.091 seconds
[2026-06-21T12:17:05.260+0000] {processor.py:186} INFO - Started process (PID=6314) to work on /opt/airflow/dags/flex_eau_pipeline.py
[2026-06-21T12:17:05.263+0000] {processor.py:914} INFO - Processing file /opt/airflow/dags/flex_eau_pipeline.py for tasks to queue
[2026-06-21T12:17:05.270+0000] {logging_mixin.py:190} INFO - [2026-06-21T12:17:05.269+0000] {dagbag.py:587} INFO - Filling up the DagBag from /opt/airflow/dags/flex_eau_pipeline.py
[2026-06-21T12:17:05.329+0000] {logging_mixin.py:190} INFO - [2026-06-21T12:17:05.327+0000] {dagbag.py:386} ERROR - Failed to import: /opt/airflow/dags/flex_eau_pipeline.py
Traceback (most recent call last):
  File "/home/airflow/.local/lib/python3.12/site-packages/airflow/models/dagbag.py", line 382, in parse
    loader.exec_module(new_module)
  File "<frozen importlib._bootstrap_external>", line 991, in exec_module
  File "<frozen importlib._bootstrap_external>", line 1129, in get_code
  File "<frozen importlib._bootstrap_external>", line 1059, in source_to_code
  File "<frozen importlib._bootstrap>", line 488, in _call_with_frames_removed
  File "/opt/airflow/dags/flex_eau_pipeline.py", line 26
    ingestion = BashOperator(
    ^^^^^^^^^
IndentationError: expected an indented block after 'with' statement on line 11
[2026-06-21T12:17:05.332+0000] {processor.py:927} WARNING - No viable dags retrieved from /opt/airflow/dags/flex_eau_pipeline.py
[2026-06-21T12:17:05.399+0000] {processor.py:208} INFO - Processing /opt/airflow/dags/flex_eau_pipeline.py took 0.158 seconds
[2026-06-21T12:17:35.973+0000] {processor.py:186} INFO - Started process (PID=6319) to work on /opt/airflow/dags/flex_eau_pipeline.py
[2026-06-21T12:17:35.976+0000] {processor.py:914} INFO - Processing file /opt/airflow/dags/flex_eau_pipeline.py for tasks to queue
[2026-06-21T12:17:35.980+0000] {logging_mixin.py:190} INFO - [2026-06-21T12:17:35.979+0000] {dagbag.py:587} INFO - Filling up the DagBag from /opt/airflow/dags/flex_eau_pipeline.py
[2026-06-21T12:17:36.017+0000] {logging_mixin.py:190} INFO - [2026-06-21T12:17:36.015+0000] {dagbag.py:386} ERROR - Failed to import: /opt/airflow/dags/flex_eau_pipeline.py
Traceback (most recent call last):
  File "/home/airflow/.local/lib/python3.12/site-packages/airflow/models/dagbag.py", line 382, in parse
    loader.exec_module(new_module)
  File "<frozen importlib._bootstrap_external>", line 991, in exec_module
  File "<frozen importlib._bootstrap_external>", line 1129, in get_code
  File "<frozen importlib._bootstrap_external>", line 1059, in source_to_code
  File "<frozen importlib._bootstrap>", line 488, in _call_with_frames_removed
  File "/opt/airflow/dags/flex_eau_pipeline.py", line 26
    ingestion = BashOperator(
    ^^^^^^^^^
IndentationError: expected an indented block after 'with' statement on line 11
[2026-06-21T12:17:36.018+0000] {processor.py:927} WARNING - No viable dags retrieved from /opt/airflow/dags/flex_eau_pipeline.py
[2026-06-21T12:17:36.057+0000] {processor.py:208} INFO - Processing /opt/airflow/dags/flex_eau_pipeline.py took 0.099 seconds
[2026-06-21T12:18:06.791+0000] {processor.py:186} INFO - Started process (PID=6324) to work on /opt/airflow/dags/flex_eau_pipeline.py
[2026-06-21T12:18:06.793+0000] {processor.py:914} INFO - Processing file /opt/airflow/dags/flex_eau_pipeline.py for tasks to queue
[2026-06-21T12:18:06.802+0000] {logging_mixin.py:190} INFO - [2026-06-21T12:18:06.802+0000] {dagbag.py:587} INFO - Filling up the DagBag from /opt/airflow/dags/flex_eau_pipeline.py
[2026-06-21T12:18:06.955+0000] {logging_mixin.py:190} INFO - [2026-06-21T12:18:06.953+0000] {dagbag.py:386} ERROR - Failed to import: /opt/airflow/dags/flex_eau_pipeline.py
Traceback (most recent call last):
  File "/home/airflow/.local/lib/python3.12/site-packages/airflow/models/dagbag.py", line 382, in parse
    loader.exec_module(new_module)
  File "<frozen importlib._bootstrap_external>", line 991, in exec_module
  File "<frozen importlib._bootstrap_external>", line 1129, in get_code
  File "<frozen importlib._bootstrap_external>", line 1059, in source_to_code
  File "<frozen importlib._bootstrap>", line 488, in _call_with_frames_removed
  File "/opt/airflow/dags/flex_eau_pipeline.py", line 26
    ingestion = BashOperator(
    ^^^^^^^^^
IndentationError: expected an indented block after 'with' statement on line 11
[2026-06-21T12:18:06.958+0000] {processor.py:927} WARNING - No viable dags retrieved from /opt/airflow/dags/flex_eau_pipeline.py
[2026-06-21T12:18:07.080+0000] {processor.py:208} INFO - Processing /opt/airflow/dags/flex_eau_pipeline.py took 0.312 seconds
[2026-06-21T12:18:37.401+0000] {processor.py:186} INFO - Started process (PID=6329) to work on /opt/airflow/dags/flex_eau_pipeline.py
[2026-06-21T12:18:37.404+0000] {processor.py:914} INFO - Processing file /opt/airflow/dags/flex_eau_pipeline.py for tasks to queue
[2026-06-21T12:18:37.413+0000] {logging_mixin.py:190} INFO - [2026-06-21T12:18:37.411+0000] {dagbag.py:587} INFO - Filling up the DagBag from /opt/airflow/dags/flex_eau_pipeline.py
[2026-06-21T12:18:37.480+0000] {logging_mixin.py:190} INFO - [2026-06-21T12:18:37.476+0000] {dagbag.py:386} ERROR - Failed to import: /opt/airflow/dags/flex_eau_pipeline.py
Traceback (most recent call last):
  File "/home/airflow/.local/lib/python3.12/site-packages/airflow/models/dagbag.py", line 382, in parse
    loader.exec_module(new_module)
  File "<frozen importlib._bootstrap_external>", line 991, in exec_module
  File "<frozen importlib._bootstrap_external>", line 1129, in get_code
  File "<frozen importlib._bootstrap_external>", line 1059, in source_to_code
  File "<frozen importlib._bootstrap>", line 488, in _call_with_frames_removed
  File "/opt/airflow/dags/flex_eau_pipeline.py", line 26
    ingestion = BashOperator(
    ^^^^^^^^^
IndentationError: expected an indented block after 'with' statement on line 11
[2026-06-21T12:18:37.482+0000] {processor.py:927} WARNING - No viable dags retrieved from /opt/airflow/dags/flex_eau_pipeline.py
[2026-06-21T12:18:37.551+0000] {processor.py:208} INFO - Processing /opt/airflow/dags/flex_eau_pipeline.py took 0.171 seconds
[2026-06-21T12:19:07.984+0000] {processor.py:186} INFO - Started process (PID=6334) to work on /opt/airflow/dags/flex_eau_pipeline.py
[2026-06-21T12:19:07.985+0000] {processor.py:914} INFO - Processing file /opt/airflow/dags/flex_eau_pipeline.py for tasks to queue
[2026-06-21T12:19:07.989+0000] {logging_mixin.py:190} INFO - [2026-06-21T12:19:07.988+0000] {dagbag.py:587} INFO - Filling up the DagBag from /opt/airflow/dags/flex_eau_pipeline.py
[2026-06-21T12:19:08.022+0000] {logging_mixin.py:190} INFO - [2026-06-21T12:19:08.020+0000] {dagbag.py:386} ERROR - Failed to import: /opt/airflow/dags/flex_eau_pipeline.py
Traceback (most recent call last):
  File "/home/airflow/.local/lib/python3.12/site-packages/airflow/models/dagbag.py", line 382, in parse
    loader.exec_module(new_module)
  File "<frozen importlib._bootstrap_external>", line 991, in exec_module
  File "<frozen importlib._bootstrap_external>", line 1129, in get_code
  File "<frozen importlib._bootstrap_external>", line 1059, in source_to_code
  File "<frozen importlib._bootstrap>", line 488, in _call_with_frames_removed
  File "/opt/airflow/dags/flex_eau_pipeline.py", line 26
    ingestion = BashOperator(
    ^^^^^^^^^
IndentationError: expected an indented block after 'with' statement on line 11
[2026-06-21T12:19:08.023+0000] {processor.py:927} WARNING - No viable dags retrieved from /opt/airflow/dags/flex_eau_pipeline.py
[2026-06-21T12:19:08.058+0000] {processor.py:208} INFO - Processing /opt/airflow/dags/flex_eau_pipeline.py took 0.083 seconds
[2026-06-21T12:19:38.206+0000] {processor.py:186} INFO - Started process (PID=6339) to work on /opt/airflow/dags/flex_eau_pipeline.py
[2026-06-21T12:19:38.208+0000] {processor.py:914} INFO - Processing file /opt/airflow/dags/flex_eau_pipeline.py for tasks to queue
[2026-06-21T12:19:38.212+0000] {logging_mixin.py:190} INFO - [2026-06-21T12:19:38.211+0000] {dagbag.py:587} INFO - Filling up the DagBag from /opt/airflow/dags/flex_eau_pipeline.py
[2026-06-21T12:19:38.248+0000] {logging_mixin.py:190} INFO - [2026-06-21T12:19:38.247+0000] {dagbag.py:386} ERROR - Failed to import: /opt/airflow/dags/flex_eau_pipeline.py
Traceback (most recent call last):
  File "/home/airflow/.local/lib/python3.12/site-packages/airflow/models/dagbag.py", line 382, in parse
    loader.exec_module(new_module)
  File "<frozen importlib._bootstrap_external>", line 991, in exec_module
  File "<frozen importlib._bootstrap_external>", line 1129, in get_code
  File "<frozen importlib._bootstrap_external>", line 1059, in source_to_code
  File "<frozen importlib._bootstrap>", line 488, in _call_with_frames_removed
  File "/opt/airflow/dags/flex_eau_pipeline.py", line 26
    ingestion = BashOperator(
    ^^^^^^^^^
IndentationError: expected an indented block after 'with' statement on line 11
[2026-06-21T12:19:38.249+0000] {processor.py:927} WARNING - No viable dags retrieved from /opt/airflow/dags/flex_eau_pipeline.py
[2026-06-21T12:19:38.285+0000] {processor.py:208} INFO - Processing /opt/airflow/dags/flex_eau_pipeline.py took 0.089 seconds
[2026-06-21T12:20:08.783+0000] {processor.py:186} INFO - Started process (PID=6344) to work on /opt/airflow/dags/flex_eau_pipeline.py
[2026-06-21T12:20:08.785+0000] {processor.py:914} INFO - Processing file /opt/airflow/dags/flex_eau_pipeline.py for tasks to queue
[2026-06-21T12:20:08.789+0000] {logging_mixin.py:190} INFO - [2026-06-21T12:20:08.788+0000] {dagbag.py:587} INFO - Filling up the DagBag from /opt/airflow/dags/flex_eau_pipeline.py
[2026-06-21T12:20:08.845+0000] {logging_mixin.py:190} INFO - [2026-06-21T12:20:08.840+0000] {dagbag.py:386} ERROR - Failed to import: /opt/airflow/dags/flex_eau_pipeline.py
Traceback (most recent call last):
  File "/home/airflow/.local/lib/python3.12/site-packages/airflow/models/dagbag.py", line 382, in parse
    loader.exec_module(new_module)
  File "<frozen importlib._bootstrap_external>", line 991, in exec_module
  File "<frozen importlib._bootstrap_external>", line 1129, in get_code
  File "<frozen importlib._bootstrap_external>", line 1059, in source_to_code
  File "<frozen importlib._bootstrap>", line 488, in _call_with_frames_removed
  File "/opt/airflow/dags/flex_eau_pipeline.py", line 26
    ingestion = BashOperator(
    ^^^^^^^^^
IndentationError: expected an indented block after 'with' statement on line 11
[2026-06-21T12:20:08.848+0000] {processor.py:927} WARNING - No viable dags retrieved from /opt/airflow/dags/flex_eau_pipeline.py
[2026-06-21T12:20:08.911+0000] {processor.py:208} INFO - Processing /opt/airflow/dags/flex_eau_pipeline.py took 0.139 seconds
[2026-06-21T12:20:39.345+0000] {processor.py:186} INFO - Started process (PID=6349) to work on /opt/airflow/dags/flex_eau_pipeline.py
[2026-06-21T12:20:39.346+0000] {processor.py:914} INFO - Processing file /opt/airflow/dags/flex_eau_pipeline.py for tasks to queue
[2026-06-21T12:20:39.351+0000] {logging_mixin.py:190} INFO - [2026-06-21T12:20:39.351+0000] {dagbag.py:587} INFO - Filling up the DagBag from /opt/airflow/dags/flex_eau_pipeline.py
[2026-06-21T12:20:39.385+0000] {logging_mixin.py:190} INFO - [2026-06-21T12:20:39.383+0000] {dagbag.py:386} ERROR - Failed to import: /opt/airflow/dags/flex_eau_pipeline.py
Traceback (most recent call last):
  File "/home/airflow/.local/lib/python3.12/site-packages/airflow/models/dagbag.py", line 382, in parse
    loader.exec_module(new_module)
  File "<frozen importlib._bootstrap_external>", line 991, in exec_module
  File "<frozen importlib._bootstrap_external>", line 1129, in get_code
  File "<frozen importlib._bootstrap_external>", line 1059, in source_to_code
  File "<frozen importlib._bootstrap>", line 488, in _call_with_frames_removed
  File "/opt/airflow/dags/flex_eau_pipeline.py", line 26
    ingestion = BashOperator(
    ^^^^^^^^^
IndentationError: expected an indented block after 'with' statement on line 11
[2026-06-21T12:20:39.387+0000] {processor.py:927} WARNING - No viable dags retrieved from /opt/airflow/dags/flex_eau_pipeline.py
[2026-06-21T12:20:39.425+0000] {processor.py:208} INFO - Processing /opt/airflow/dags/flex_eau_pipeline.py took 0.089 seconds
[2026-06-21T12:21:10.159+0000] {processor.py:186} INFO - Started process (PID=6354) to work on /opt/airflow/dags/flex_eau_pipeline.py
[2026-06-21T12:21:10.161+0000] {processor.py:914} INFO - Processing file /opt/airflow/dags/flex_eau_pipeline.py for tasks to queue
[2026-06-21T12:21:10.166+0000] {logging_mixin.py:190} INFO - [2026-06-21T12:21:10.165+0000] {dagbag.py:587} INFO - Filling up the DagBag from /opt/airflow/dags/flex_eau_pipeline.py
[2026-06-21T12:21:10.212+0000] {logging_mixin.py:190} INFO - [2026-06-21T12:21:10.210+0000] {dagbag.py:386} ERROR - Failed to import: /opt/airflow/dags/flex_eau_pipeline.py
Traceback (most recent call last):
  File "/home/airflow/.local/lib/python3.12/site-packages/airflow/models/dagbag.py", line 382, in parse
    loader.exec_module(new_module)
  File "<frozen importlib._bootstrap_external>", line 991, in exec_module
  File "<frozen importlib._bootstrap_external>", line 1129, in get_code
  File "<frozen importlib._bootstrap_external>", line 1059, in source_to_code
  File "<frozen importlib._bootstrap>", line 488, in _call_with_frames_removed
  File "/opt/airflow/dags/flex_eau_pipeline.py", line 26
    ingestion = BashOperator(
    ^^^^^^^^^
IndentationError: expected an indented block after 'with' statement on line 11
[2026-06-21T12:21:10.214+0000] {processor.py:927} WARNING - No viable dags retrieved from /opt/airflow/dags/flex_eau_pipeline.py
[2026-06-21T12:21:10.256+0000] {processor.py:208} INFO - Processing /opt/airflow/dags/flex_eau_pipeline.py took 0.111 seconds
[2026-06-21T12:21:40.838+0000] {processor.py:186} INFO - Started process (PID=6359) to work on /opt/airflow/dags/flex_eau_pipeline.py
[2026-06-21T12:21:40.840+0000] {processor.py:914} INFO - Processing file /opt/airflow/dags/flex_eau_pipeline.py for tasks to queue
[2026-06-21T12:21:40.848+0000] {logging_mixin.py:190} INFO - [2026-06-21T12:21:40.847+0000] {dagbag.py:587} INFO - Filling up the DagBag from /opt/airflow/dags/flex_eau_pipeline.py
[2026-06-21T12:21:40.904+0000] {logging_mixin.py:190} INFO - [2026-06-21T12:21:40.903+0000] {dagbag.py:386} ERROR - Failed to import: /opt/airflow/dags/flex_eau_pipeline.py
Traceback (most recent call last):
  File "/home/airflow/.local/lib/python3.12/site-packages/airflow/models/dagbag.py", line 382, in parse
    loader.exec_module(new_module)
  File "<frozen importlib._bootstrap_external>", line 991, in exec_module
  File "<frozen importlib._bootstrap_external>", line 1129, in get_code
  File "<frozen importlib._bootstrap_external>", line 1059, in source_to_code
  File "<frozen importlib._bootstrap>", line 488, in _call_with_frames_removed
  File "/opt/airflow/dags/flex_eau_pipeline.py", line 26
    ingestion = BashOperator(
    ^^^^^^^^^
IndentationError: expected an indented block after 'with' statement on line 11
[2026-06-21T12:21:40.906+0000] {processor.py:927} WARNING - No viable dags retrieved from /opt/airflow/dags/flex_eau_pipeline.py
[2026-06-21T12:21:40.937+0000] {processor.py:208} INFO - Processing /opt/airflow/dags/flex_eau_pipeline.py took 0.108 seconds
[2026-06-21T12:22:11.608+0000] {processor.py:186} INFO - Started process (PID=6364) to work on /opt/airflow/dags/flex_eau_pipeline.py
[2026-06-21T12:22:11.610+0000] {processor.py:914} INFO - Processing file /opt/airflow/dags/flex_eau_pipeline.py for tasks to queue
[2026-06-21T12:22:11.616+0000] {logging_mixin.py:190} INFO - [2026-06-21T12:22:11.615+0000] {dagbag.py:587} INFO - Filling up the DagBag from /opt/airflow/dags/flex_eau_pipeline.py
[2026-06-21T12:22:11.667+0000] {logging_mixin.py:190} INFO - [2026-06-21T12:22:11.665+0000] {dagbag.py:386} ERROR - Failed to import: /opt/airflow/dags/flex_eau_pipeline.py
Traceback (most recent call last):
  File "/home/airflow/.local/lib/python3.12/site-packages/airflow/models/dagbag.py", line 382, in parse
    loader.exec_module(new_module)
  File "<frozen importlib._bootstrap_external>", line 991, in exec_module
  File "<frozen importlib._bootstrap_external>", line 1129, in get_code
  File "<frozen importlib._bootstrap_external>", line 1059, in source_to_code
  File "<frozen importlib._bootstrap>", line 488, in _call_with_frames_removed
  File "/opt/airflow/dags/flex_eau_pipeline.py", line 26
    ingestion = BashOperator(
    ^^^^^^^^^
IndentationError: expected an indented block after 'with' statement on line 11
[2026-06-21T12:22:11.669+0000] {processor.py:927} WARNING - No viable dags retrieved from /opt/airflow/dags/flex_eau_pipeline.py
[2026-06-21T12:22:11.729+0000] {processor.py:208} INFO - Processing /opt/airflow/dags/flex_eau_pipeline.py took 0.136 seconds
[2026-06-21T12:22:42.303+0000] {processor.py:186} INFO - Started process (PID=6369) to work on /opt/airflow/dags/flex_eau_pipeline.py
[2026-06-21T12:22:42.305+0000] {processor.py:914} INFO - Processing file /opt/airflow/dags/flex_eau_pipeline.py for tasks to queue
[2026-06-21T12:22:42.310+0000] {logging_mixin.py:190} INFO - [2026-06-21T12:22:42.309+0000] {dagbag.py:587} INFO - Filling up the DagBag from /opt/airflow/dags/flex_eau_pipeline.py
[2026-06-21T12:22:42.349+0000] {logging_mixin.py:190} INFO - [2026-06-21T12:22:42.347+0000] {dagbag.py:386} ERROR - Failed to import: /opt/airflow/dags/flex_eau_pipeline.py
Traceback (most recent call last):
  File "/home/airflow/.local/lib/python3.12/site-packages/airflow/models/dagbag.py", line 382, in parse
    loader.exec_module(new_module)
  File "<frozen importlib._bootstrap_external>", line 991, in exec_module
  File "<frozen importlib._bootstrap_external>", line 1129, in get_code
  File "<frozen importlib._bootstrap_external>", line 1059, in source_to_code
  File "<frozen importlib._bootstrap>", line 488, in _call_with_frames_removed
  File "/opt/airflow/dags/flex_eau_pipeline.py", line 26
    ingestion = BashOperator(
    ^^^^^^^^^
IndentationError: expected an indented block after 'with' statement on line 11
[2026-06-21T12:22:42.350+0000] {processor.py:927} WARNING - No viable dags retrieved from /opt/airflow/dags/flex_eau_pipeline.py
[2026-06-21T12:22:42.392+0000] {processor.py:208} INFO - Processing /opt/airflow/dags/flex_eau_pipeline.py took 0.101 seconds
[2026-06-21T12:23:13.089+0000] {processor.py:186} INFO - Started process (PID=6374) to work on /opt/airflow/dags/flex_eau_pipeline.py
[2026-06-21T12:23:13.090+0000] {processor.py:914} INFO - Processing file /opt/airflow/dags/flex_eau_pipeline.py for tasks to queue
[2026-06-21T12:23:13.095+0000] {logging_mixin.py:190} INFO - [2026-06-21T12:23:13.094+0000] {dagbag.py:587} INFO - Filling up the DagBag from /opt/airflow/dags/flex_eau_pipeline.py
[2026-06-21T12:23:13.128+0000] {logging_mixin.py:190} INFO - [2026-06-21T12:23:13.126+0000] {dagbag.py:386} ERROR - Failed to import: /opt/airflow/dags/flex_eau_pipeline.py
Traceback (most recent call last):
  File "/home/airflow/.local/lib/python3.12/site-packages/airflow/models/dagbag.py", line 382, in parse
    loader.exec_module(new_module)
  File "<frozen importlib._bootstrap_external>", line 991, in exec_module
  File "<frozen importlib._bootstrap_external>", line 1129, in get_code
  File "<frozen importlib._bootstrap_external>", line 1059, in source_to_code
  File "<frozen importlib._bootstrap>", line 488, in _call_with_frames_removed
  File "/opt/airflow/dags/flex_eau_pipeline.py", line 26
    ingestion = BashOperator(
    ^^^^^^^^^
IndentationError: expected an indented block after 'with' statement on line 11
[2026-06-21T12:23:13.129+0000] {processor.py:927} WARNING - No viable dags retrieved from /opt/airflow/dags/flex_eau_pipeline.py
[2026-06-21T12:23:13.168+0000] {processor.py:208} INFO - Processing /opt/airflow/dags/flex_eau_pipeline.py took 0.087 seconds
[2026-06-21T12:23:43.683+0000] {processor.py:186} INFO - Started process (PID=6379) to work on /opt/airflow/dags/flex_eau_pipeline.py
[2026-06-21T12:23:43.685+0000] {processor.py:914} INFO - Processing file /opt/airflow/dags/flex_eau_pipeline.py for tasks to queue
[2026-06-21T12:23:43.688+0000] {logging_mixin.py:190} INFO - [2026-06-21T12:23:43.688+0000] {dagbag.py:587} INFO - Filling up the DagBag from /opt/airflow/dags/flex_eau_pipeline.py
[2026-06-21T12:23:43.722+0000] {logging_mixin.py:190} INFO - [2026-06-21T12:23:43.721+0000] {dagbag.py:386} ERROR - Failed to import: /opt/airflow/dags/flex_eau_pipeline.py
Traceback (most recent call last):
  File "/home/airflow/.local/lib/python3.12/site-packages/airflow/models/dagbag.py", line 382, in parse
    loader.exec_module(new_module)
  File "<frozen importlib._bootstrap_external>", line 991, in exec_module
  File "<frozen importlib._bootstrap_external>", line 1129, in get_code
  File "<frozen importlib._bootstrap_external>", line 1059, in source_to_code
  File "<frozen importlib._bootstrap>", line 488, in _call_with_frames_removed
  File "/opt/airflow/dags/flex_eau_pipeline.py", line 26
    ingestion = BashOperator(
    ^^^^^^^^^
IndentationError: expected an indented block after 'with' statement on line 11
[2026-06-21T12:23:43.723+0000] {processor.py:927} WARNING - No viable dags retrieved from /opt/airflow/dags/flex_eau_pipeline.py
[2026-06-21T12:23:43.759+0000] {processor.py:208} INFO - Processing /opt/airflow/dags/flex_eau_pipeline.py took 0.085 seconds
[2026-06-21T12:24:14.518+0000] {processor.py:186} INFO - Started process (PID=6384) to work on /opt/airflow/dags/flex_eau_pipeline.py
[2026-06-21T12:24:14.521+0000] {processor.py:914} INFO - Processing file /opt/airflow/dags/flex_eau_pipeline.py for tasks to queue
[2026-06-21T12:24:14.526+0000] {logging_mixin.py:190} INFO - [2026-06-21T12:24:14.525+0000] {dagbag.py:587} INFO - Filling up the DagBag from /opt/airflow/dags/flex_eau_pipeline.py
[2026-06-21T12:24:14.578+0000] {logging_mixin.py:190} INFO - [2026-06-21T12:24:14.575+0000] {dagbag.py:386} ERROR - Failed to import: /opt/airflow/dags/flex_eau_pipeline.py
Traceback (most recent call last):
  File "/home/airflow/.local/lib/python3.12/site-packages/airflow/models/dagbag.py", line 382, in parse
    loader.exec_module(new_module)
  File "<frozen importlib._bootstrap_external>", line 991, in exec_module
  File "<frozen importlib._bootstrap_external>", line 1129, in get_code
  File "<frozen importlib._bootstrap_external>", line 1059, in source_to_code
  File "<frozen importlib._bootstrap>", line 488, in _call_with_frames_removed
  File "/opt/airflow/dags/flex_eau_pipeline.py", line 26
    ingestion = BashOperator(
    ^^^^^^^^^
IndentationError: expected an indented block after 'with' statement on line 11
[2026-06-21T12:24:14.579+0000] {processor.py:927} WARNING - No viable dags retrieved from /opt/airflow/dags/flex_eau_pipeline.py
[2026-06-21T12:24:14.631+0000] {processor.py:208} INFO - Processing /opt/airflow/dags/flex_eau_pipeline.py took 0.125 seconds
[2026-06-21T12:24:45.250+0000] {processor.py:186} INFO - Started process (PID=6389) to work on /opt/airflow/dags/flex_eau_pipeline.py
[2026-06-21T12:24:45.252+0000] {processor.py:914} INFO - Processing file /opt/airflow/dags/flex_eau_pipeline.py for tasks to queue
[2026-06-21T12:24:45.258+0000] {logging_mixin.py:190} INFO - [2026-06-21T12:24:45.257+0000] {dagbag.py:587} INFO - Filling up the DagBag from /opt/airflow/dags/flex_eau_pipeline.py
[2026-06-21T12:24:45.298+0000] {logging_mixin.py:190} INFO - [2026-06-21T12:24:45.296+0000] {dagbag.py:386} ERROR - Failed to import: /opt/airflow/dags/flex_eau_pipeline.py
Traceback (most recent call last):
  File "/home/airflow/.local/lib/python3.12/site-packages/airflow/models/dagbag.py", line 382, in parse
    loader.exec_module(new_module)
  File "<frozen importlib._bootstrap_external>", line 991, in exec_module
  File "<frozen importlib._bootstrap_external>", line 1129, in get_code
  File "<frozen importlib._bootstrap_external>", line 1059, in source_to_code
  File "<frozen importlib._bootstrap>", line 488, in _call_with_frames_removed
  File "/opt/airflow/dags/flex_eau_pipeline.py", line 26
    ingestion = BashOperator(
    ^^^^^^^^^
IndentationError: expected an indented block after 'with' statement on line 11
[2026-06-21T12:24:45.300+0000] {processor.py:927} WARNING - No viable dags retrieved from /opt/airflow/dags/flex_eau_pipeline.py
[2026-06-21T12:24:45.338+0000] {processor.py:208} INFO - Processing /opt/airflow/dags/flex_eau_pipeline.py took 0.101 seconds
[2026-06-21T12:25:16.133+0000] {processor.py:186} INFO - Started process (PID=6394) to work on /opt/airflow/dags/flex_eau_pipeline.py
[2026-06-21T12:25:16.137+0000] {processor.py:914} INFO - Processing file /opt/airflow/dags/flex_eau_pipeline.py for tasks to queue
[2026-06-21T12:25:16.147+0000] {logging_mixin.py:190} INFO - [2026-06-21T12:25:16.145+0000] {dagbag.py:587} INFO - Filling up the DagBag from /opt/airflow/dags/flex_eau_pipeline.py
[2026-06-21T12:25:16.214+0000] {logging_mixin.py:190} INFO - [2026-06-21T12:25:16.210+0000] {dagbag.py:386} ERROR - Failed to import: /opt/airflow/dags/flex_eau_pipeline.py
Traceback (most recent call last):
  File "/home/airflow/.local/lib/python3.12/site-packages/airflow/models/dagbag.py", line 382, in parse
    loader.exec_module(new_module)
  File "<frozen importlib._bootstrap_external>", line 991, in exec_module
  File "<frozen importlib._bootstrap_external>", line 1129, in get_code
  File "<frozen importlib._bootstrap_external>", line 1059, in source_to_code
  File "<frozen importlib._bootstrap>", line 488, in _call_with_frames_removed
  File "/opt/airflow/dags/flex_eau_pipeline.py", line 26
    ingestion = BashOperator(
    ^^^^^^^^^
IndentationError: expected an indented block after 'with' statement on line 11
[2026-06-21T12:25:16.216+0000] {processor.py:927} WARNING - No viable dags retrieved from /opt/airflow/dags/flex_eau_pipeline.py
[2026-06-21T12:25:16.299+0000] {processor.py:208} INFO - Processing /opt/airflow/dags/flex_eau_pipeline.py took 0.188 seconds
[2026-06-21T12:25:46.775+0000] {processor.py:186} INFO - Started process (PID=6399) to work on /opt/airflow/dags/flex_eau_pipeline.py
[2026-06-21T12:25:46.777+0000] {processor.py:914} INFO - Processing file /opt/airflow/dags/flex_eau_pipeline.py for tasks to queue
[2026-06-21T12:25:46.784+0000] {logging_mixin.py:190} INFO - [2026-06-21T12:25:46.783+0000] {dagbag.py:587} INFO - Filling up the DagBag from /opt/airflow/dags/flex_eau_pipeline.py
[2026-06-21T12:25:46.840+0000] {logging_mixin.py:190} INFO - [2026-06-21T12:25:46.838+0000] {dagbag.py:386} ERROR - Failed to import: /opt/airflow/dags/flex_eau_pipeline.py
Traceback (most recent call last):
  File "/home/airflow/.local/lib/python3.12/site-packages/airflow/models/dagbag.py", line 382, in parse
    loader.exec_module(new_module)
  File "<frozen importlib._bootstrap_external>", line 991, in exec_module
  File "<frozen importlib._bootstrap_external>", line 1129, in get_code
  File "<frozen importlib._bootstrap_external>", line 1059, in source_to_code
  File "<frozen importlib._bootstrap>", line 488, in _call_with_frames_removed
  File "/opt/airflow/dags/flex_eau_pipeline.py", line 26
    ingestion = BashOperator(
    ^^^^^^^^^
IndentationError: expected an indented block after 'with' statement on line 11
[2026-06-21T12:25:46.842+0000] {processor.py:927} WARNING - No viable dags retrieved from /opt/airflow/dags/flex_eau_pipeline.py
[2026-06-21T12:25:46.882+0000] {processor.py:208} INFO - Processing /opt/airflow/dags/flex_eau_pipeline.py took 0.119 seconds
[2026-06-21T12:26:17.594+0000] {processor.py:186} INFO - Started process (PID=6404) to work on /opt/airflow/dags/flex_eau_pipeline.py
[2026-06-21T12:26:17.597+0000] {processor.py:914} INFO - Processing file /opt/airflow/dags/flex_eau_pipeline.py for tasks to queue
[2026-06-21T12:26:17.605+0000] {logging_mixin.py:190} INFO - [2026-06-21T12:26:17.604+0000] {dagbag.py:587} INFO - Filling up the DagBag from /opt/airflow/dags/flex_eau_pipeline.py
[2026-06-21T12:26:17.669+0000] {logging_mixin.py:190} INFO - [2026-06-21T12:26:17.666+0000] {dagbag.py:386} ERROR - Failed to import: /opt/airflow/dags/flex_eau_pipeline.py
Traceback (most recent call last):
  File "/home/airflow/.local/lib/python3.12/site-packages/airflow/models/dagbag.py", line 382, in parse
    loader.exec_module(new_module)
  File "<frozen importlib._bootstrap_external>", line 991, in exec_module
  File "<frozen importlib._bootstrap_external>", line 1129, in get_code
  File "<frozen importlib._bootstrap_external>", line 1059, in source_to_code
  File "<frozen importlib._bootstrap>", line 488, in _call_with_frames_removed
  File "/opt/airflow/dags/flex_eau_pipeline.py", line 26
    ingestion = BashOperator(
    ^^^^^^^^^
IndentationError: expected an indented block after 'with' statement on line 11
[2026-06-21T12:26:17.671+0000] {processor.py:927} WARNING - No viable dags retrieved from /opt/airflow/dags/flex_eau_pipeline.py
[2026-06-21T12:26:17.749+0000] {processor.py:208} INFO - Processing /opt/airflow/dags/flex_eau_pipeline.py took 0.170 seconds
[2026-06-21T12:26:48.284+0000] {processor.py:186} INFO - Started process (PID=6409) to work on /opt/airflow/dags/flex_eau_pipeline.py
[2026-06-21T12:26:48.286+0000] {processor.py:914} INFO - Processing file /opt/airflow/dags/flex_eau_pipeline.py for tasks to queue
[2026-06-21T12:26:48.296+0000] {logging_mixin.py:190} INFO - [2026-06-21T12:26:48.292+0000] {dagbag.py:587} INFO - Filling up the DagBag from /opt/airflow/dags/flex_eau_pipeline.py
[2026-06-21T12:26:48.362+0000] {logging_mixin.py:190} INFO - [2026-06-21T12:26:48.359+0000] {dagbag.py:386} ERROR - Failed to import: /opt/airflow/dags/flex_eau_pipeline.py
Traceback (most recent call last):
  File "/home/airflow/.local/lib/python3.12/site-packages/airflow/models/dagbag.py", line 382, in parse
    loader.exec_module(new_module)
  File "<frozen importlib._bootstrap_external>", line 991, in exec_module
  File "<frozen importlib._bootstrap_external>", line 1129, in get_code
  File "<frozen importlib._bootstrap_external>", line 1059, in source_to_code
  File "<frozen importlib._bootstrap>", line 488, in _call_with_frames_removed
  File "/opt/airflow/dags/flex_eau_pipeline.py", line 26
    ingestion = BashOperator(
    ^^^^^^^^^
IndentationError: expected an indented block after 'with' statement on line 11
[2026-06-21T12:26:48.364+0000] {processor.py:927} WARNING - No viable dags retrieved from /opt/airflow/dags/flex_eau_pipeline.py
[2026-06-21T12:26:48.433+0000] {processor.py:208} INFO - Processing /opt/airflow/dags/flex_eau_pipeline.py took 0.159 seconds
[2026-06-21T12:27:19.153+0000] {processor.py:186} INFO - Started process (PID=6414) to work on /opt/airflow/dags/flex_eau_pipeline.py
[2026-06-21T12:27:19.155+0000] {processor.py:914} INFO - Processing file /opt/airflow/dags/flex_eau_pipeline.py for tasks to queue
[2026-06-21T12:27:19.163+0000] {logging_mixin.py:190} INFO - [2026-06-21T12:27:19.162+0000] {dagbag.py:587} INFO - Filling up the DagBag from /opt/airflow/dags/flex_eau_pipeline.py
[2026-06-21T12:27:19.200+0000] {logging_mixin.py:190} INFO - [2026-06-21T12:27:19.197+0000] {dagbag.py:386} ERROR - Failed to import: /opt/airflow/dags/flex_eau_pipeline.py
Traceback (most recent call last):
  File "/home/airflow/.local/lib/python3.12/site-packages/airflow/models/dagbag.py", line 382, in parse
    loader.exec_module(new_module)
  File "<frozen importlib._bootstrap_external>", line 991, in exec_module
  File "<frozen importlib._bootstrap_external>", line 1129, in get_code
  File "<frozen importlib._bootstrap_external>", line 1059, in source_to_code
  File "<frozen importlib._bootstrap>", line 488, in _call_with_frames_removed
  File "/opt/airflow/dags/flex_eau_pipeline.py", line 26
    ingestion = BashOperator(
    ^^^^^^^^^
IndentationError: expected an indented block after 'with' statement on line 11
[2026-06-21T12:27:19.202+0000] {processor.py:927} WARNING - No viable dags retrieved from /opt/airflow/dags/flex_eau_pipeline.py
[2026-06-21T12:27:19.253+0000] {processor.py:208} INFO - Processing /opt/airflow/dags/flex_eau_pipeline.py took 0.118 seconds
[2026-06-21T12:27:49.860+0000] {processor.py:186} INFO - Started process (PID=6419) to work on /opt/airflow/dags/flex_eau_pipeline.py
[2026-06-21T12:27:49.862+0000] {processor.py:914} INFO - Processing file /opt/airflow/dags/flex_eau_pipeline.py for tasks to queue
[2026-06-21T12:27:49.866+0000] {logging_mixin.py:190} INFO - [2026-06-21T12:27:49.866+0000] {dagbag.py:587} INFO - Filling up the DagBag from /opt/airflow/dags/flex_eau_pipeline.py
[2026-06-21T12:27:49.904+0000] {logging_mixin.py:190} INFO - [2026-06-21T12:27:49.902+0000] {dagbag.py:386} ERROR - Failed to import: /opt/airflow/dags/flex_eau_pipeline.py
Traceback (most recent call last):
  File "/home/airflow/.local/lib/python3.12/site-packages/airflow/models/dagbag.py", line 382, in parse
    loader.exec_module(new_module)
  File "<frozen importlib._bootstrap_external>", line 991, in exec_module
  File "<frozen importlib._bootstrap_external>", line 1129, in get_code
  File "<frozen importlib._bootstrap_external>", line 1059, in source_to_code
  File "<frozen importlib._bootstrap>", line 488, in _call_with_frames_removed
  File "/opt/airflow/dags/flex_eau_pipeline.py", line 26
    ingestion = BashOperator(
    ^^^^^^^^^
IndentationError: expected an indented block after 'with' statement on line 11
[2026-06-21T12:27:49.906+0000] {processor.py:927} WARNING - No viable dags retrieved from /opt/airflow/dags/flex_eau_pipeline.py
[2026-06-21T12:27:49.963+0000] {processor.py:208} INFO - Processing /opt/airflow/dags/flex_eau_pipeline.py took 0.118 seconds
[2026-06-21T12:28:20.575+0000] {processor.py:186} INFO - Started process (PID=6424) to work on /opt/airflow/dags/flex_eau_pipeline.py
[2026-06-21T12:28:20.577+0000] {processor.py:914} INFO - Processing file /opt/airflow/dags/flex_eau_pipeline.py for tasks to queue
[2026-06-21T12:28:20.581+0000] {logging_mixin.py:190} INFO - [2026-06-21T12:28:20.581+0000] {dagbag.py:587} INFO - Filling up the DagBag from /opt/airflow/dags/flex_eau_pipeline.py
[2026-06-21T12:28:20.613+0000] {logging_mixin.py:190} INFO - [2026-06-21T12:28:20.612+0000] {dagbag.py:386} ERROR - Failed to import: /opt/airflow/dags/flex_eau_pipeline.py
Traceback (most recent call last):
  File "/home/airflow/.local/lib/python3.12/site-packages/airflow/models/dagbag.py", line 382, in parse
    loader.exec_module(new_module)
  File "<frozen importlib._bootstrap_external>", line 991, in exec_module
  File "<frozen importlib._bootstrap_external>", line 1129, in get_code
  File "<frozen importlib._bootstrap_external>", line 1059, in source_to_code
  File "<frozen importlib._bootstrap>", line 488, in _call_with_frames_removed
  File "/opt/airflow/dags/flex_eau_pipeline.py", line 26
    ingestion = BashOperator(
    ^^^^^^^^^
IndentationError: expected an indented block after 'with' statement on line 11
[2026-06-21T12:28:20.614+0000] {processor.py:927} WARNING - No viable dags retrieved from /opt/airflow/dags/flex_eau_pipeline.py
[2026-06-21T12:28:20.648+0000] {processor.py:208} INFO - Processing /opt/airflow/dags/flex_eau_pipeline.py took 0.080 seconds
[2026-06-21T12:28:51.246+0000] {processor.py:186} INFO - Started process (PID=6429) to work on /opt/airflow/dags/flex_eau_pipeline.py
[2026-06-21T12:28:51.247+0000] {processor.py:914} INFO - Processing file /opt/airflow/dags/flex_eau_pipeline.py for tasks to queue
[2026-06-21T12:28:51.255+0000] {logging_mixin.py:190} INFO - [2026-06-21T12:28:51.254+0000] {dagbag.py:587} INFO - Filling up the DagBag from /opt/airflow/dags/flex_eau_pipeline.py
[2026-06-21T12:28:51.289+0000] {logging_mixin.py:190} INFO - [2026-06-21T12:28:51.288+0000] {dagbag.py:386} ERROR - Failed to import: /opt/airflow/dags/flex_eau_pipeline.py
Traceback (most recent call last):
  File "/home/airflow/.local/lib/python3.12/site-packages/airflow/models/dagbag.py", line 382, in parse
    loader.exec_module(new_module)
  File "<frozen importlib._bootstrap_external>", line 991, in exec_module
  File "<frozen importlib._bootstrap_external>", line 1129, in get_code
  File "<frozen importlib._bootstrap_external>", line 1059, in source_to_code
  File "<frozen importlib._bootstrap>", line 488, in _call_with_frames_removed
  File "/opt/airflow/dags/flex_eau_pipeline.py", line 26
    ingestion = BashOperator(
    ^^^^^^^^^
IndentationError: expected an indented block after 'with' statement on line 11
[2026-06-21T12:28:51.290+0000] {processor.py:927} WARNING - No viable dags retrieved from /opt/airflow/dags/flex_eau_pipeline.py
[2026-06-21T12:28:51.325+0000] {processor.py:208} INFO - Processing /opt/airflow/dags/flex_eau_pipeline.py took 0.087 seconds
[2026-06-21T12:29:21.977+0000] {processor.py:186} INFO - Started process (PID=6434) to work on /opt/airflow/dags/flex_eau_pipeline.py
[2026-06-21T12:29:21.980+0000] {processor.py:914} INFO - Processing file /opt/airflow/dags/flex_eau_pipeline.py for tasks to queue
[2026-06-21T12:29:21.988+0000] {logging_mixin.py:190} INFO - [2026-06-21T12:29:21.987+0000] {dagbag.py:587} INFO - Filling up the DagBag from /opt/airflow/dags/flex_eau_pipeline.py
[2026-06-21T12:29:22.051+0000] {logging_mixin.py:190} INFO - [2026-06-21T12:29:22.049+0000] {dagbag.py:386} ERROR - Failed to import: /opt/airflow/dags/flex_eau_pipeline.py
Traceback (most recent call last):
  File "/home/airflow/.local/lib/python3.12/site-packages/airflow/models/dagbag.py", line 382, in parse
    loader.exec_module(new_module)
  File "<frozen importlib._bootstrap_external>", line 991, in exec_module
  File "<frozen importlib._bootstrap_external>", line 1129, in get_code
  File "<frozen importlib._bootstrap_external>", line 1059, in source_to_code
  File "<frozen importlib._bootstrap>", line 488, in _call_with_frames_removed
  File "/opt/airflow/dags/flex_eau_pipeline.py", line 26
    ingestion = BashOperator(
    ^^^^^^^^^
IndentationError: expected an indented block after 'with' statement on line 11
[2026-06-21T12:29:22.052+0000] {processor.py:927} WARNING - No viable dags retrieved from /opt/airflow/dags/flex_eau_pipeline.py
[2026-06-21T12:29:22.107+0000] {processor.py:208} INFO - Processing /opt/airflow/dags/flex_eau_pipeline.py took 0.152 seconds
[2026-06-21T12:29:52.691+0000] {processor.py:186} INFO - Started process (PID=6439) to work on /opt/airflow/dags/flex_eau_pipeline.py
[2026-06-21T12:29:52.693+0000] {processor.py:914} INFO - Processing file /opt/airflow/dags/flex_eau_pipeline.py for tasks to queue
[2026-06-21T12:29:52.697+0000] {logging_mixin.py:190} INFO - [2026-06-21T12:29:52.697+0000] {dagbag.py:587} INFO - Filling up the DagBag from /opt/airflow/dags/flex_eau_pipeline.py
[2026-06-21T12:29:52.752+0000] {logging_mixin.py:190} INFO - [2026-06-21T12:29:52.750+0000] {dagbag.py:386} ERROR - Failed to import: /opt/airflow/dags/flex_eau_pipeline.py
Traceback (most recent call last):
  File "/home/airflow/.local/lib/python3.12/site-packages/airflow/models/dagbag.py", line 382, in parse
    loader.exec_module(new_module)
  File "<frozen importlib._bootstrap_external>", line 991, in exec_module
  File "<frozen importlib._bootstrap_external>", line 1129, in get_code
  File "<frozen importlib._bootstrap_external>", line 1059, in source_to_code
  File "<frozen importlib._bootstrap>", line 488, in _call_with_frames_removed
  File "/opt/airflow/dags/flex_eau_pipeline.py", line 26
    ingestion = BashOperator(
    ^^^^^^^^^
IndentationError: expected an indented block after 'with' statement on line 11
[2026-06-21T12:29:52.754+0000] {processor.py:927} WARNING - No viable dags retrieved from /opt/airflow/dags/flex_eau_pipeline.py
[2026-06-21T12:29:52.799+0000] {processor.py:208} INFO - Processing /opt/airflow/dags/flex_eau_pipeline.py took 0.119 seconds
[2026-06-21T12:30:23.442+0000] {processor.py:186} INFO - Started process (PID=6444) to work on /opt/airflow/dags/flex_eau_pipeline.py
[2026-06-21T12:30:23.444+0000] {processor.py:914} INFO - Processing file /opt/airflow/dags/flex_eau_pipeline.py for tasks to queue
[2026-06-21T12:30:23.449+0000] {logging_mixin.py:190} INFO - [2026-06-21T12:30:23.449+0000] {dagbag.py:587} INFO - Filling up the DagBag from /opt/airflow/dags/flex_eau_pipeline.py
[2026-06-21T12:30:23.485+0000] {logging_mixin.py:190} INFO - [2026-06-21T12:30:23.483+0000] {dagbag.py:386} ERROR - Failed to import: /opt/airflow/dags/flex_eau_pipeline.py
Traceback (most recent call last):
  File "/home/airflow/.local/lib/python3.12/site-packages/airflow/models/dagbag.py", line 382, in parse
    loader.exec_module(new_module)
  File "<frozen importlib._bootstrap_external>", line 991, in exec_module
  File "<frozen importlib._bootstrap_external>", line 1129, in get_code
  File "<frozen importlib._bootstrap_external>", line 1059, in source_to_code
  File "<frozen importlib._bootstrap>", line 488, in _call_with_frames_removed
  File "/opt/airflow/dags/flex_eau_pipeline.py", line 26
    ingestion = BashOperator(
    ^^^^^^^^^
IndentationError: expected an indented block after 'with' statement on line 11
[2026-06-21T12:30:23.486+0000] {processor.py:927} WARNING - No viable dags retrieved from /opt/airflow/dags/flex_eau_pipeline.py
[2026-06-21T12:30:23.521+0000] {processor.py:208} INFO - Processing /opt/airflow/dags/flex_eau_pipeline.py took 0.090 seconds
[2026-06-21T12:30:54.141+0000] {processor.py:186} INFO - Started process (PID=6449) to work on /opt/airflow/dags/flex_eau_pipeline.py
[2026-06-21T12:30:54.143+0000] {processor.py:914} INFO - Processing file /opt/airflow/dags/flex_eau_pipeline.py for tasks to queue
[2026-06-21T12:30:54.147+0000] {logging_mixin.py:190} INFO - [2026-06-21T12:30:54.147+0000] {dagbag.py:587} INFO - Filling up the DagBag from /opt/airflow/dags/flex_eau_pipeline.py
[2026-06-21T12:30:54.182+0000] {logging_mixin.py:190} INFO - [2026-06-21T12:30:54.180+0000] {dagbag.py:386} ERROR - Failed to import: /opt/airflow/dags/flex_eau_pipeline.py
Traceback (most recent call last):
  File "/home/airflow/.local/lib/python3.12/site-packages/airflow/models/dagbag.py", line 382, in parse
    loader.exec_module(new_module)
  File "<frozen importlib._bootstrap_external>", line 991, in exec_module
  File "<frozen importlib._bootstrap_external>", line 1129, in get_code
  File "<frozen importlib._bootstrap_external>", line 1059, in source_to_code
  File "<frozen importlib._bootstrap>", line 488, in _call_with_frames_removed
  File "/opt/airflow/dags/flex_eau_pipeline.py", line 26
    ingestion = BashOperator(
    ^^^^^^^^^
IndentationError: expected an indented block after 'with' statement on line 11
[2026-06-21T12:30:54.183+0000] {processor.py:927} WARNING - No viable dags retrieved from /opt/airflow/dags/flex_eau_pipeline.py
[2026-06-21T12:30:54.226+0000] {processor.py:208} INFO - Processing /opt/airflow/dags/flex_eau_pipeline.py took 0.098 seconds
[2026-06-21T12:31:25.102+0000] {processor.py:186} INFO - Started process (PID=6454) to work on /opt/airflow/dags/flex_eau_pipeline.py
[2026-06-21T12:31:25.104+0000] {processor.py:914} INFO - Processing file /opt/airflow/dags/flex_eau_pipeline.py for tasks to queue
[2026-06-21T12:31:25.113+0000] {logging_mixin.py:190} INFO - [2026-06-21T12:31:25.112+0000] {dagbag.py:587} INFO - Filling up the DagBag from /opt/airflow/dags/flex_eau_pipeline.py
[2026-06-21T12:31:25.215+0000] {logging_mixin.py:190} INFO - [2026-06-21T12:31:25.212+0000] {dagbag.py:386} ERROR - Failed to import: /opt/airflow/dags/flex_eau_pipeline.py
Traceback (most recent call last):
  File "/home/airflow/.local/lib/python3.12/site-packages/airflow/models/dagbag.py", line 382, in parse
    loader.exec_module(new_module)
  File "<frozen importlib._bootstrap_external>", line 991, in exec_module
  File "<frozen importlib._bootstrap_external>", line 1129, in get_code
  File "<frozen importlib._bootstrap_external>", line 1059, in source_to_code
  File "<frozen importlib._bootstrap>", line 488, in _call_with_frames_removed
  File "/opt/airflow/dags/flex_eau_pipeline.py", line 26
    ingestion = BashOperator(
    ^^^^^^^^^
IndentationError: expected an indented block after 'with' statement on line 11
[2026-06-21T12:31:25.217+0000] {processor.py:927} WARNING - No viable dags retrieved from /opt/airflow/dags/flex_eau_pipeline.py
[2026-06-21T12:31:25.277+0000] {processor.py:208} INFO - Processing /opt/airflow/dags/flex_eau_pipeline.py took 0.193 seconds
[2026-06-21T12:31:55.880+0000] {processor.py:186} INFO - Started process (PID=6459) to work on /opt/airflow/dags/flex_eau_pipeline.py
[2026-06-21T12:31:55.884+0000] {processor.py:914} INFO - Processing file /opt/airflow/dags/flex_eau_pipeline.py for tasks to queue
[2026-06-21T12:31:55.892+0000] {logging_mixin.py:190} INFO - [2026-06-21T12:31:55.890+0000] {dagbag.py:587} INFO - Filling up the DagBag from /opt/airflow/dags/flex_eau_pipeline.py
[2026-06-21T12:31:55.966+0000] {logging_mixin.py:190} INFO - [2026-06-21T12:31:55.963+0000] {dagbag.py:386} ERROR - Failed to import: /opt/airflow/dags/flex_eau_pipeline.py
Traceback (most recent call last):
  File "/home/airflow/.local/lib/python3.12/site-packages/airflow/models/dagbag.py", line 382, in parse
    loader.exec_module(new_module)
  File "<frozen importlib._bootstrap_external>", line 991, in exec_module
  File "<frozen importlib._bootstrap_external>", line 1129, in get_code
  File "<frozen importlib._bootstrap_external>", line 1059, in source_to_code
  File "<frozen importlib._bootstrap>", line 488, in _call_with_frames_removed
  File "/opt/airflow/dags/flex_eau_pipeline.py", line 26
    ingestion = BashOperator(
    ^^^^^^^^^
IndentationError: expected an indented block after 'with' statement on line 11
[2026-06-21T12:31:55.969+0000] {processor.py:927} WARNING - No viable dags retrieved from /opt/airflow/dags/flex_eau_pipeline.py
[2026-06-21T12:31:56.046+0000] {processor.py:208} INFO - Processing /opt/airflow/dags/flex_eau_pipeline.py took 0.188 seconds
[2026-06-21T12:32:26.710+0000] {processor.py:186} INFO - Started process (PID=6464) to work on /opt/airflow/dags/flex_eau_pipeline.py
[2026-06-21T12:32:26.712+0000] {processor.py:914} INFO - Processing file /opt/airflow/dags/flex_eau_pipeline.py for tasks to queue
[2026-06-21T12:32:26.717+0000] {logging_mixin.py:190} INFO - [2026-06-21T12:32:26.717+0000] {dagbag.py:587} INFO - Filling up the DagBag from /opt/airflow/dags/flex_eau_pipeline.py
[2026-06-21T12:32:26.774+0000] {logging_mixin.py:190} INFO - [2026-06-21T12:32:26.772+0000] {dagbag.py:386} ERROR - Failed to import: /opt/airflow/dags/flex_eau_pipeline.py
Traceback (most recent call last):
  File "/home/airflow/.local/lib/python3.12/site-packages/airflow/models/dagbag.py", line 382, in parse
    loader.exec_module(new_module)
  File "<frozen importlib._bootstrap_external>", line 991, in exec_module
  File "<frozen importlib._bootstrap_external>", line 1129, in get_code
  File "<frozen importlib._bootstrap_external>", line 1059, in source_to_code
  File "<frozen importlib._bootstrap>", line 488, in _call_with_frames_removed
  File "/opt/airflow/dags/flex_eau_pipeline.py", line 26
    ingestion = BashOperator(
    ^^^^^^^^^
IndentationError: expected an indented block after 'with' statement on line 11
[2026-06-21T12:32:26.776+0000] {processor.py:927} WARNING - No viable dags retrieved from /opt/airflow/dags/flex_eau_pipeline.py
[2026-06-21T12:32:26.849+0000] {processor.py:208} INFO - Processing /opt/airflow/dags/flex_eau_pipeline.py took 0.149 seconds
[2026-06-21T12:32:57.586+0000] {processor.py:186} INFO - Started process (PID=6469) to work on /opt/airflow/dags/flex_eau_pipeline.py
[2026-06-21T12:32:57.588+0000] {processor.py:914} INFO - Processing file /opt/airflow/dags/flex_eau_pipeline.py for tasks to queue
[2026-06-21T12:32:57.593+0000] {logging_mixin.py:190} INFO - [2026-06-21T12:32:57.592+0000] {dagbag.py:587} INFO - Filling up the DagBag from /opt/airflow/dags/flex_eau_pipeline.py
[2026-06-21T12:32:57.624+0000] {logging_mixin.py:190} INFO - [2026-06-21T12:32:57.622+0000] {dagbag.py:386} ERROR - Failed to import: /opt/airflow/dags/flex_eau_pipeline.py
Traceback (most recent call last):
  File "/home/airflow/.local/lib/python3.12/site-packages/airflow/models/dagbag.py", line 382, in parse
    loader.exec_module(new_module)
  File "<frozen importlib._bootstrap_external>", line 991, in exec_module
  File "<frozen importlib._bootstrap_external>", line 1129, in get_code
  File "<frozen importlib._bootstrap_external>", line 1059, in source_to_code
  File "<frozen importlib._bootstrap>", line 488, in _call_with_frames_removed
  File "/opt/airflow/dags/flex_eau_pipeline.py", line 26
    ingestion = BashOperator(
    ^^^^^^^^^
IndentationError: expected an indented block after 'with' statement on line 11
[2026-06-21T12:32:57.626+0000] {processor.py:927} WARNING - No viable dags retrieved from /opt/airflow/dags/flex_eau_pipeline.py
[2026-06-21T12:32:57.659+0000] {processor.py:208} INFO - Processing /opt/airflow/dags/flex_eau_pipeline.py took 0.084 seconds
[2026-06-21T12:33:28.473+0000] {processor.py:186} INFO - Started process (PID=6474) to work on /opt/airflow/dags/flex_eau_pipeline.py
[2026-06-21T12:33:28.477+0000] {processor.py:914} INFO - Processing file /opt/airflow/dags/flex_eau_pipeline.py for tasks to queue
[2026-06-21T12:33:28.485+0000] {logging_mixin.py:190} INFO - [2026-06-21T12:33:28.484+0000] {dagbag.py:587} INFO - Filling up the DagBag from /opt/airflow/dags/flex_eau_pipeline.py
[2026-06-21T12:33:28.549+0000] {logging_mixin.py:190} INFO - [2026-06-21T12:33:28.547+0000] {dagbag.py:386} ERROR - Failed to import: /opt/airflow/dags/flex_eau_pipeline.py
Traceback (most recent call last):
  File "/home/airflow/.local/lib/python3.12/site-packages/airflow/models/dagbag.py", line 382, in parse
    loader.exec_module(new_module)
  File "<frozen importlib._bootstrap_external>", line 991, in exec_module
  File "<frozen importlib._bootstrap_external>", line 1129, in get_code
  File "<frozen importlib._bootstrap_external>", line 1059, in source_to_code
  File "<frozen importlib._bootstrap>", line 488, in _call_with_frames_removed
  File "/opt/airflow/dags/flex_eau_pipeline.py", line 26
    ingestion = BashOperator(
    ^^^^^^^^^
IndentationError: expected an indented block after 'with' statement on line 11
[2026-06-21T12:33:28.551+0000] {processor.py:927} WARNING - No viable dags retrieved from /opt/airflow/dags/flex_eau_pipeline.py
[2026-06-21T12:33:28.615+0000] {processor.py:208} INFO - Processing /opt/airflow/dags/flex_eau_pipeline.py took 0.163 seconds
[2026-06-21T12:33:59.365+0000] {processor.py:186} INFO - Started process (PID=6479) to work on /opt/airflow/dags/flex_eau_pipeline.py
[2026-06-21T12:33:59.367+0000] {processor.py:914} INFO - Processing file /opt/airflow/dags/flex_eau_pipeline.py for tasks to queue
[2026-06-21T12:33:59.374+0000] {logging_mixin.py:190} INFO - [2026-06-21T12:33:59.373+0000] {dagbag.py:587} INFO - Filling up the DagBag from /opt/airflow/dags/flex_eau_pipeline.py
[2026-06-21T12:33:59.413+0000] {logging_mixin.py:190} INFO - [2026-06-21T12:33:59.410+0000] {dagbag.py:386} ERROR - Failed to import: /opt/airflow/dags/flex_eau_pipeline.py
Traceback (most recent call last):
  File "/home/airflow/.local/lib/python3.12/site-packages/airflow/models/dagbag.py", line 382, in parse
    loader.exec_module(new_module)
  File "<frozen importlib._bootstrap_external>", line 991, in exec_module
  File "<frozen importlib._bootstrap_external>", line 1129, in get_code
  File "<frozen importlib._bootstrap_external>", line 1059, in source_to_code
  File "<frozen importlib._bootstrap>", line 488, in _call_with_frames_removed
  File "/opt/airflow/dags/flex_eau_pipeline.py", line 26
    ingestion = BashOperator(
    ^^^^^^^^^
IndentationError: expected an indented block after 'with' statement on line 11
[2026-06-21T12:33:59.414+0000] {processor.py:927} WARNING - No viable dags retrieved from /opt/airflow/dags/flex_eau_pipeline.py
[2026-06-21T12:33:59.456+0000] {processor.py:208} INFO - Processing /opt/airflow/dags/flex_eau_pipeline.py took 0.102 seconds
[2026-06-21T12:34:30.108+0000] {processor.py:186} INFO - Started process (PID=6484) to work on /opt/airflow/dags/flex_eau_pipeline.py
[2026-06-21T12:34:30.110+0000] {processor.py:914} INFO - Processing file /opt/airflow/dags/flex_eau_pipeline.py for tasks to queue
[2026-06-21T12:34:30.116+0000] {logging_mixin.py:190} INFO - [2026-06-21T12:34:30.116+0000] {dagbag.py:587} INFO - Filling up the DagBag from /opt/airflow/dags/flex_eau_pipeline.py
[2026-06-21T12:34:30.164+0000] {logging_mixin.py:190} INFO - [2026-06-21T12:34:30.161+0000] {dagbag.py:386} ERROR - Failed to import: /opt/airflow/dags/flex_eau_pipeline.py
Traceback (most recent call last):
  File "/home/airflow/.local/lib/python3.12/site-packages/airflow/models/dagbag.py", line 382, in parse
    loader.exec_module(new_module)
  File "<frozen importlib._bootstrap_external>", line 991, in exec_module
  File "<frozen importlib._bootstrap_external>", line 1129, in get_code
  File "<frozen importlib._bootstrap_external>", line 1059, in source_to_code
  File "<frozen importlib._bootstrap>", line 488, in _call_with_frames_removed
  File "/opt/airflow/dags/flex_eau_pipeline.py", line 26
    ingestion = BashOperator(
    ^^^^^^^^^
IndentationError: expected an indented block after 'with' statement on line 11
[2026-06-21T12:34:30.166+0000] {processor.py:927} WARNING - No viable dags retrieved from /opt/airflow/dags/flex_eau_pipeline.py
[2026-06-21T12:34:30.210+0000] {processor.py:208} INFO - Processing /opt/airflow/dags/flex_eau_pipeline.py took 0.115 seconds
[2026-06-21T12:35:01.140+0000] {processor.py:186} INFO - Started process (PID=6489) to work on /opt/airflow/dags/flex_eau_pipeline.py
[2026-06-21T12:35:01.144+0000] {processor.py:914} INFO - Processing file /opt/airflow/dags/flex_eau_pipeline.py for tasks to queue
[2026-06-21T12:35:01.151+0000] {logging_mixin.py:190} INFO - [2026-06-21T12:35:01.150+0000] {dagbag.py:587} INFO - Filling up the DagBag from /opt/airflow/dags/flex_eau_pipeline.py
[2026-06-21T12:35:01.218+0000] {logging_mixin.py:190} INFO - [2026-06-21T12:35:01.215+0000] {dagbag.py:386} ERROR - Failed to import: /opt/airflow/dags/flex_eau_pipeline.py
Traceback (most recent call last):
  File "/home/airflow/.local/lib/python3.12/site-packages/airflow/models/dagbag.py", line 382, in parse
    loader.exec_module(new_module)
  File "<frozen importlib._bootstrap_external>", line 991, in exec_module
  File "<frozen importlib._bootstrap_external>", line 1129, in get_code
  File "<frozen importlib._bootstrap_external>", line 1059, in source_to_code
  File "<frozen importlib._bootstrap>", line 488, in _call_with_frames_removed
  File "/opt/airflow/dags/flex_eau_pipeline.py", line 26
    ingestion = BashOperator(
    ^^^^^^^^^
IndentationError: expected an indented block after 'with' statement on line 11
[2026-06-21T12:35:01.220+0000] {processor.py:927} WARNING - No viable dags retrieved from /opt/airflow/dags/flex_eau_pipeline.py
[2026-06-21T12:35:01.302+0000] {processor.py:208} INFO - Processing /opt/airflow/dags/flex_eau_pipeline.py took 0.182 seconds
[2026-06-21T12:35:32.014+0000] {processor.py:186} INFO - Started process (PID=6494) to work on /opt/airflow/dags/flex_eau_pipeline.py
[2026-06-21T12:35:32.019+0000] {processor.py:914} INFO - Processing file /opt/airflow/dags/flex_eau_pipeline.py for tasks to queue
[2026-06-21T12:35:32.028+0000] {logging_mixin.py:190} INFO - [2026-06-21T12:35:32.027+0000] {dagbag.py:587} INFO - Filling up the DagBag from /opt/airflow/dags/flex_eau_pipeline.py
[2026-06-21T12:35:32.077+0000] {logging_mixin.py:190} INFO - [2026-06-21T12:35:32.075+0000] {dagbag.py:386} ERROR - Failed to import: /opt/airflow/dags/flex_eau_pipeline.py
Traceback (most recent call last):
  File "/home/airflow/.local/lib/python3.12/site-packages/airflow/models/dagbag.py", line 382, in parse
    loader.exec_module(new_module)
  File "<frozen importlib._bootstrap_external>", line 991, in exec_module
  File "<frozen importlib._bootstrap_external>", line 1129, in get_code
  File "<frozen importlib._bootstrap_external>", line 1059, in source_to_code
  File "<frozen importlib._bootstrap>", line 488, in _call_with_frames_removed
  File "/opt/airflow/dags/flex_eau_pipeline.py", line 26
    ingestion = BashOperator(
    ^^^^^^^^^
IndentationError: expected an indented block after 'with' statement on line 11
[2026-06-21T12:35:32.079+0000] {processor.py:927} WARNING - No viable dags retrieved from /opt/airflow/dags/flex_eau_pipeline.py
[2026-06-21T12:35:32.127+0000] {processor.py:208} INFO - Processing /opt/airflow/dags/flex_eau_pipeline.py took 0.141 seconds
[2026-06-21T12:36:03.181+0000] {processor.py:186} INFO - Started process (PID=6499) to work on /opt/airflow/dags/flex_eau_pipeline.py
[2026-06-21T12:36:03.185+0000] {processor.py:914} INFO - Processing file /opt/airflow/dags/flex_eau_pipeline.py for tasks to queue
[2026-06-21T12:36:03.195+0000] {logging_mixin.py:190} INFO - [2026-06-21T12:36:03.194+0000] {dagbag.py:587} INFO - Filling up the DagBag from /opt/airflow/dags/flex_eau_pipeline.py
[2026-06-21T12:36:03.266+0000] {logging_mixin.py:190} INFO - [2026-06-21T12:36:03.261+0000] {dagbag.py:386} ERROR - Failed to import: /opt/airflow/dags/flex_eau_pipeline.py
Traceback (most recent call last):
  File "/home/airflow/.local/lib/python3.12/site-packages/airflow/models/dagbag.py", line 382, in parse
    loader.exec_module(new_module)
  File "<frozen importlib._bootstrap_external>", line 991, in exec_module
  File "<frozen importlib._bootstrap_external>", line 1129, in get_code
  File "<frozen importlib._bootstrap_external>", line 1059, in source_to_code
  File "<frozen importlib._bootstrap>", line 488, in _call_with_frames_removed
  File "/opt/airflow/dags/flex_eau_pipeline.py", line 26
    ingestion = BashOperator(
    ^^^^^^^^^
IndentationError: expected an indented block after 'with' statement on line 11
[2026-06-21T12:36:03.268+0000] {processor.py:927} WARNING - No viable dags retrieved from /opt/airflow/dags/flex_eau_pipeline.py
[2026-06-21T12:36:03.355+0000] {processor.py:208} INFO - Processing /opt/airflow/dags/flex_eau_pipeline.py took 0.200 seconds
[2026-06-21T12:36:33.944+0000] {processor.py:186} INFO - Started process (PID=6504) to work on /opt/airflow/dags/flex_eau_pipeline.py
[2026-06-21T12:36:33.948+0000] {processor.py:914} INFO - Processing file /opt/airflow/dags/flex_eau_pipeline.py for tasks to queue
[2026-06-21T12:36:33.954+0000] {logging_mixin.py:190} INFO - [2026-06-21T12:36:33.954+0000] {dagbag.py:587} INFO - Filling up the DagBag from /opt/airflow/dags/flex_eau_pipeline.py
[2026-06-21T12:36:34.000+0000] {logging_mixin.py:190} INFO - [2026-06-21T12:36:33.998+0000] {dagbag.py:386} ERROR - Failed to import: /opt/airflow/dags/flex_eau_pipeline.py
Traceback (most recent call last):
  File "/home/airflow/.local/lib/python3.12/site-packages/airflow/models/dagbag.py", line 382, in parse
    loader.exec_module(new_module)
  File "<frozen importlib._bootstrap_external>", line 991, in exec_module
  File "<frozen importlib._bootstrap_external>", line 1129, in get_code
  File "<frozen importlib._bootstrap_external>", line 1059, in source_to_code
  File "<frozen importlib._bootstrap>", line 488, in _call_with_frames_removed
  File "/opt/airflow/dags/flex_eau_pipeline.py", line 26
    ingestion = BashOperator(
    ^^^^^^^^^
IndentationError: expected an indented block after 'with' statement on line 11
[2026-06-21T12:36:34.002+0000] {processor.py:927} WARNING - No viable dags retrieved from /opt/airflow/dags/flex_eau_pipeline.py
[2026-06-21T12:36:34.063+0000] {processor.py:208} INFO - Processing /opt/airflow/dags/flex_eau_pipeline.py took 0.144 seconds
[2026-06-21T12:37:04.859+0000] {processor.py:186} INFO - Started process (PID=6509) to work on /opt/airflow/dags/flex_eau_pipeline.py
[2026-06-21T12:37:04.862+0000] {processor.py:914} INFO - Processing file /opt/airflow/dags/flex_eau_pipeline.py for tasks to queue
[2026-06-21T12:37:04.868+0000] {logging_mixin.py:190} INFO - [2026-06-21T12:37:04.867+0000] {dagbag.py:587} INFO - Filling up the DagBag from /opt/airflow/dags/flex_eau_pipeline.py
[2026-06-21T12:37:04.923+0000] {logging_mixin.py:190} INFO - [2026-06-21T12:37:04.919+0000] {dagbag.py:386} ERROR - Failed to import: /opt/airflow/dags/flex_eau_pipeline.py
Traceback (most recent call last):
  File "/home/airflow/.local/lib/python3.12/site-packages/airflow/models/dagbag.py", line 382, in parse
    loader.exec_module(new_module)
  File "<frozen importlib._bootstrap_external>", line 991, in exec_module
  File "<frozen importlib._bootstrap_external>", line 1129, in get_code
  File "<frozen importlib._bootstrap_external>", line 1059, in source_to_code
  File "<frozen importlib._bootstrap>", line 488, in _call_with_frames_removed
  File "/opt/airflow/dags/flex_eau_pipeline.py", line 26
    ingestion = BashOperator(
    ^^^^^^^^^
IndentationError: expected an indented block after 'with' statement on line 11
[2026-06-21T12:37:04.925+0000] {processor.py:927} WARNING - No viable dags retrieved from /opt/airflow/dags/flex_eau_pipeline.py
[2026-06-21T12:37:04.999+0000] {processor.py:208} INFO - Processing /opt/airflow/dags/flex_eau_pipeline.py took 0.151 seconds
[2026-06-21T12:37:35.873+0000] {processor.py:186} INFO - Started process (PID=6514) to work on /opt/airflow/dags/flex_eau_pipeline.py
[2026-06-21T12:37:35.876+0000] {processor.py:914} INFO - Processing file /opt/airflow/dags/flex_eau_pipeline.py for tasks to queue
[2026-06-21T12:37:35.881+0000] {logging_mixin.py:190} INFO - [2026-06-21T12:37:35.881+0000] {dagbag.py:587} INFO - Filling up the DagBag from /opt/airflow/dags/flex_eau_pipeline.py
[2026-06-21T12:37:35.916+0000] {logging_mixin.py:190} INFO - [2026-06-21T12:37:35.915+0000] {dagbag.py:386} ERROR - Failed to import: /opt/airflow/dags/flex_eau_pipeline.py
Traceback (most recent call last):
  File "/home/airflow/.local/lib/python3.12/site-packages/airflow/models/dagbag.py", line 382, in parse
    loader.exec_module(new_module)
  File "<frozen importlib._bootstrap_external>", line 991, in exec_module
  File "<frozen importlib._bootstrap_external>", line 1129, in get_code
  File "<frozen importlib._bootstrap_external>", line 1059, in source_to_code
  File "<frozen importlib._bootstrap>", line 488, in _call_with_frames_removed
  File "/opt/airflow/dags/flex_eau_pipeline.py", line 26
    ingestion = BashOperator(
    ^^^^^^^^^
IndentationError: expected an indented block after 'with' statement on line 11
[2026-06-21T12:37:35.918+0000] {processor.py:927} WARNING - No viable dags retrieved from /opt/airflow/dags/flex_eau_pipeline.py
[2026-06-21T12:37:35.974+0000] {processor.py:208} INFO - Processing /opt/airflow/dags/flex_eau_pipeline.py took 0.114 seconds
[2026-06-21T12:38:06.733+0000] {processor.py:186} INFO - Started process (PID=6519) to work on /opt/airflow/dags/flex_eau_pipeline.py
[2026-06-21T12:38:06.737+0000] {processor.py:914} INFO - Processing file /opt/airflow/dags/flex_eau_pipeline.py for tasks to queue
[2026-06-21T12:38:06.746+0000] {logging_mixin.py:190} INFO - [2026-06-21T12:38:06.745+0000] {dagbag.py:587} INFO - Filling up the DagBag from /opt/airflow/dags/flex_eau_pipeline.py
[2026-06-21T12:38:06.807+0000] {logging_mixin.py:190} INFO - [2026-06-21T12:38:06.804+0000] {dagbag.py:386} ERROR - Failed to import: /opt/airflow/dags/flex_eau_pipeline.py
Traceback (most recent call last):
  File "/home/airflow/.local/lib/python3.12/site-packages/airflow/models/dagbag.py", line 382, in parse
    loader.exec_module(new_module)
  File "<frozen importlib._bootstrap_external>", line 991, in exec_module
  File "<frozen importlib._bootstrap_external>", line 1129, in get_code
  File "<frozen importlib._bootstrap_external>", line 1059, in source_to_code
  File "<frozen importlib._bootstrap>", line 488, in _call_with_frames_removed
  File "/opt/airflow/dags/flex_eau_pipeline.py", line 26
    ingestion = BashOperator(
    ^^^^^^^^^
IndentationError: expected an indented block after 'with' statement on line 11
[2026-06-21T12:38:06.809+0000] {processor.py:927} WARNING - No viable dags retrieved from /opt/airflow/dags/flex_eau_pipeline.py
[2026-06-21T12:38:06.868+0000] {processor.py:208} INFO - Processing /opt/airflow/dags/flex_eau_pipeline.py took 0.153 seconds
[2026-06-21T12:38:37.650+0000] {processor.py:186} INFO - Started process (PID=6524) to work on /opt/airflow/dags/flex_eau_pipeline.py
[2026-06-21T12:38:37.654+0000] {processor.py:914} INFO - Processing file /opt/airflow/dags/flex_eau_pipeline.py for tasks to queue
[2026-06-21T12:38:37.667+0000] {logging_mixin.py:190} INFO - [2026-06-21T12:38:37.665+0000] {dagbag.py:587} INFO - Filling up the DagBag from /opt/airflow/dags/flex_eau_pipeline.py
[2026-06-21T12:38:37.739+0000] {logging_mixin.py:190} INFO - [2026-06-21T12:38:37.733+0000] {dagbag.py:386} ERROR - Failed to import: /opt/airflow/dags/flex_eau_pipeline.py
Traceback (most recent call last):
  File "/home/airflow/.local/lib/python3.12/site-packages/airflow/models/dagbag.py", line 382, in parse
    loader.exec_module(new_module)
  File "<frozen importlib._bootstrap_external>", line 991, in exec_module
  File "<frozen importlib._bootstrap_external>", line 1129, in get_code
  File "<frozen importlib._bootstrap_external>", line 1059, in source_to_code
  File "<frozen importlib._bootstrap>", line 488, in _call_with_frames_removed
  File "/opt/airflow/dags/flex_eau_pipeline.py", line 26
    ingestion = BashOperator(
    ^^^^^^^^^
IndentationError: expected an indented block after 'with' statement on line 11
[2026-06-21T12:38:37.741+0000] {processor.py:927} WARNING - No viable dags retrieved from /opt/airflow/dags/flex_eau_pipeline.py
[2026-06-21T12:38:37.802+0000] {processor.py:208} INFO - Processing /opt/airflow/dags/flex_eau_pipeline.py took 0.176 seconds
[2026-06-21T12:39:08.528+0000] {processor.py:186} INFO - Started process (PID=6529) to work on /opt/airflow/dags/flex_eau_pipeline.py
[2026-06-21T12:39:08.531+0000] {processor.py:914} INFO - Processing file /opt/airflow/dags/flex_eau_pipeline.py for tasks to queue
[2026-06-21T12:39:08.537+0000] {logging_mixin.py:190} INFO - [2026-06-21T12:39:08.537+0000] {dagbag.py:587} INFO - Filling up the DagBag from /opt/airflow/dags/flex_eau_pipeline.py
[2026-06-21T12:39:08.589+0000] {logging_mixin.py:190} INFO - [2026-06-21T12:39:08.587+0000] {dagbag.py:386} ERROR - Failed to import: /opt/airflow/dags/flex_eau_pipeline.py
Traceback (most recent call last):
  File "/home/airflow/.local/lib/python3.12/site-packages/airflow/models/dagbag.py", line 382, in parse
    loader.exec_module(new_module)
  File "<frozen importlib._bootstrap_external>", line 991, in exec_module
  File "<frozen importlib._bootstrap_external>", line 1129, in get_code
  File "<frozen importlib._bootstrap_external>", line 1059, in source_to_code
  File "<frozen importlib._bootstrap>", line 488, in _call_with_frames_removed
  File "/opt/airflow/dags/flex_eau_pipeline.py", line 26
    ingestion = BashOperator(
    ^^^^^^^^^
IndentationError: expected an indented block after 'with' statement on line 11
[2026-06-21T12:39:08.590+0000] {processor.py:927} WARNING - No viable dags retrieved from /opt/airflow/dags/flex_eau_pipeline.py
[2026-06-21T12:39:08.637+0000] {processor.py:208} INFO - Processing /opt/airflow/dags/flex_eau_pipeline.py took 0.129 seconds
[2026-06-21T12:39:39.321+0000] {processor.py:186} INFO - Started process (PID=6534) to work on /opt/airflow/dags/flex_eau_pipeline.py
[2026-06-21T12:39:39.322+0000] {processor.py:914} INFO - Processing file /opt/airflow/dags/flex_eau_pipeline.py for tasks to queue
[2026-06-21T12:39:39.328+0000] {logging_mixin.py:190} INFO - [2026-06-21T12:39:39.327+0000] {dagbag.py:587} INFO - Filling up the DagBag from /opt/airflow/dags/flex_eau_pipeline.py
[2026-06-21T12:39:39.364+0000] {logging_mixin.py:190} INFO - [2026-06-21T12:39:39.362+0000] {dagbag.py:386} ERROR - Failed to import: /opt/airflow/dags/flex_eau_pipeline.py
Traceback (most recent call last):
  File "/home/airflow/.local/lib/python3.12/site-packages/airflow/models/dagbag.py", line 382, in parse
    loader.exec_module(new_module)
  File "<frozen importlib._bootstrap_external>", line 991, in exec_module
  File "<frozen importlib._bootstrap_external>", line 1129, in get_code
  File "<frozen importlib._bootstrap_external>", line 1059, in source_to_code
  File "<frozen importlib._bootstrap>", line 488, in _call_with_frames_removed
  File "/opt/airflow/dags/flex_eau_pipeline.py", line 26
    ingestion = BashOperator(
    ^^^^^^^^^
IndentationError: expected an indented block after 'with' statement on line 11
[2026-06-21T12:39:39.365+0000] {processor.py:927} WARNING - No viable dags retrieved from /opt/airflow/dags/flex_eau_pipeline.py
[2026-06-21T12:39:39.405+0000] {processor.py:208} INFO - Processing /opt/airflow/dags/flex_eau_pipeline.py took 0.093 seconds
[2026-06-21T12:40:10.127+0000] {processor.py:186} INFO - Started process (PID=6539) to work on /opt/airflow/dags/flex_eau_pipeline.py
[2026-06-21T12:40:10.130+0000] {processor.py:914} INFO - Processing file /opt/airflow/dags/flex_eau_pipeline.py for tasks to queue
[2026-06-21T12:40:10.139+0000] {logging_mixin.py:190} INFO - [2026-06-21T12:40:10.138+0000] {dagbag.py:587} INFO - Filling up the DagBag from /opt/airflow/dags/flex_eau_pipeline.py
[2026-06-21T12:40:10.210+0000] {logging_mixin.py:190} INFO - [2026-06-21T12:40:10.206+0000] {dagbag.py:386} ERROR - Failed to import: /opt/airflow/dags/flex_eau_pipeline.py
Traceback (most recent call last):
  File "/home/airflow/.local/lib/python3.12/site-packages/airflow/models/dagbag.py", line 382, in parse
    loader.exec_module(new_module)
  File "<frozen importlib._bootstrap_external>", line 991, in exec_module
  File "<frozen importlib._bootstrap_external>", line 1129, in get_code
  File "<frozen importlib._bootstrap_external>", line 1059, in source_to_code
  File "<frozen importlib._bootstrap>", line 488, in _call_with_frames_removed
  File "/opt/airflow/dags/flex_eau_pipeline.py", line 26
    ingestion = BashOperator(
    ^^^^^^^^^
IndentationError: expected an indented block after 'with' statement on line 11
[2026-06-21T12:40:10.212+0000] {processor.py:927} WARNING - No viable dags retrieved from /opt/airflow/dags/flex_eau_pipeline.py
[2026-06-21T12:40:10.287+0000] {processor.py:208} INFO - Processing /opt/airflow/dags/flex_eau_pipeline.py took 0.179 seconds
[2026-06-21T12:40:40.460+0000] {processor.py:186} INFO - Started process (PID=6544) to work on /opt/airflow/dags/flex_eau_pipeline.py
[2026-06-21T12:40:40.462+0000] {processor.py:914} INFO - Processing file /opt/airflow/dags/flex_eau_pipeline.py for tasks to queue
[2026-06-21T12:40:40.469+0000] {logging_mixin.py:190} INFO - [2026-06-21T12:40:40.468+0000] {dagbag.py:587} INFO - Filling up the DagBag from /opt/airflow/dags/flex_eau_pipeline.py
[2026-06-21T12:40:40.512+0000] {logging_mixin.py:190} INFO - [2026-06-21T12:40:40.510+0000] {dagbag.py:386} ERROR - Failed to import: /opt/airflow/dags/flex_eau_pipeline.py
Traceback (most recent call last):
  File "/home/airflow/.local/lib/python3.12/site-packages/airflow/models/dagbag.py", line 382, in parse
    loader.exec_module(new_module)
  File "<frozen importlib._bootstrap_external>", line 991, in exec_module
  File "<frozen importlib._bootstrap_external>", line 1129, in get_code
  File "<frozen importlib._bootstrap_external>", line 1059, in source_to_code
  File "<frozen importlib._bootstrap>", line 488, in _call_with_frames_removed
  File "/opt/airflow/dags/flex_eau_pipeline.py", line 26
    ingestion = BashOperator(
    ^^^^^^^^^
IndentationError: expected an indented block after 'with' statement on line 11
[2026-06-21T12:40:40.514+0000] {processor.py:927} WARNING - No viable dags retrieved from /opt/airflow/dags/flex_eau_pipeline.py
[2026-06-21T12:40:40.561+0000] {processor.py:208} INFO - Processing /opt/airflow/dags/flex_eau_pipeline.py took 0.112 seconds
[2026-06-21T12:41:11.462+0000] {processor.py:186} INFO - Started process (PID=6549) to work on /opt/airflow/dags/flex_eau_pipeline.py
[2026-06-21T12:41:11.467+0000] {processor.py:914} INFO - Processing file /opt/airflow/dags/flex_eau_pipeline.py for tasks to queue
[2026-06-21T12:41:11.477+0000] {logging_mixin.py:190} INFO - [2026-06-21T12:41:11.476+0000] {dagbag.py:587} INFO - Filling up the DagBag from /opt/airflow/dags/flex_eau_pipeline.py
[2026-06-21T12:41:11.506+0000] {logging_mixin.py:190} INFO - [2026-06-21T12:41:11.504+0000] {dagbag.py:386} ERROR - Failed to import: /opt/airflow/dags/flex_eau_pipeline.py
Traceback (most recent call last):
  File "/home/airflow/.local/lib/python3.12/site-packages/airflow/models/dagbag.py", line 382, in parse
    loader.exec_module(new_module)
  File "<frozen importlib._bootstrap_external>", line 991, in exec_module
  File "<frozen importlib._bootstrap_external>", line 1129, in get_code
  File "<frozen importlib._bootstrap_external>", line 1059, in source_to_code
  File "<frozen importlib._bootstrap>", line 488, in _call_with_frames_removed
  File "/opt/airflow/dags/flex_eau_pipeline.py", line 26
    ingestion = BashOperator(
    ^^^^^^^^^
IndentationError: expected an indented block after 'with' statement on line 11
[2026-06-21T12:41:11.507+0000] {processor.py:927} WARNING - No viable dags retrieved from /opt/airflow/dags/flex_eau_pipeline.py
[2026-06-21T12:41:11.542+0000] {processor.py:208} INFO - Processing /opt/airflow/dags/flex_eau_pipeline.py took 0.090 seconds
[2026-06-21T12:41:42.481+0000] {processor.py:186} INFO - Started process (PID=6554) to work on /opt/airflow/dags/flex_eau_pipeline.py
[2026-06-21T12:41:42.483+0000] {processor.py:914} INFO - Processing file /opt/airflow/dags/flex_eau_pipeline.py for tasks to queue
[2026-06-21T12:41:42.487+0000] {logging_mixin.py:190} INFO - [2026-06-21T12:41:42.487+0000] {dagbag.py:587} INFO - Filling up the DagBag from /opt/airflow/dags/flex_eau_pipeline.py
[2026-06-21T12:41:42.539+0000] {logging_mixin.py:190} INFO - [2026-06-21T12:41:42.537+0000] {dagbag.py:386} ERROR - Failed to import: /opt/airflow/dags/flex_eau_pipeline.py
Traceback (most recent call last):
  File "/home/airflow/.local/lib/python3.12/site-packages/airflow/models/dagbag.py", line 382, in parse
    loader.exec_module(new_module)
  File "<frozen importlib._bootstrap_external>", line 991, in exec_module
  File "<frozen importlib._bootstrap_external>", line 1129, in get_code
  File "<frozen importlib._bootstrap_external>", line 1059, in source_to_code
  File "<frozen importlib._bootstrap>", line 488, in _call_with_frames_removed
  File "/opt/airflow/dags/flex_eau_pipeline.py", line 26
    ingestion = BashOperator(
    ^^^^^^^^^
IndentationError: expected an indented block after 'with' statement on line 11
[2026-06-21T12:41:42.541+0000] {processor.py:927} WARNING - No viable dags retrieved from /opt/airflow/dags/flex_eau_pipeline.py
[2026-06-21T12:41:42.610+0000] {processor.py:208} INFO - Processing /opt/airflow/dags/flex_eau_pipeline.py took 0.142 seconds
[2026-06-21T12:42:13.279+0000] {processor.py:186} INFO - Started process (PID=6559) to work on /opt/airflow/dags/flex_eau_pipeline.py
[2026-06-21T12:42:13.281+0000] {processor.py:914} INFO - Processing file /opt/airflow/dags/flex_eau_pipeline.py for tasks to queue
[2026-06-21T12:42:13.286+0000] {logging_mixin.py:190} INFO - [2026-06-21T12:42:13.285+0000] {dagbag.py:587} INFO - Filling up the DagBag from /opt/airflow/dags/flex_eau_pipeline.py
[2026-06-21T12:42:13.362+0000] {logging_mixin.py:190} INFO - [2026-06-21T12:42:13.358+0000] {dagbag.py:386} ERROR - Failed to import: /opt/airflow/dags/flex_eau_pipeline.py
Traceback (most recent call last):
  File "/home/airflow/.local/lib/python3.12/site-packages/airflow/models/dagbag.py", line 382, in parse
    loader.exec_module(new_module)
  File "<frozen importlib._bootstrap_external>", line 991, in exec_module
  File "<frozen importlib._bootstrap_external>", line 1129, in get_code
  File "<frozen importlib._bootstrap_external>", line 1059, in source_to_code
  File "<frozen importlib._bootstrap>", line 488, in _call_with_frames_removed
  File "/opt/airflow/dags/flex_eau_pipeline.py", line 26
    ingestion = BashOperator(
    ^^^^^^^^^
IndentationError: expected an indented block after 'with' statement on line 11
[2026-06-21T12:42:13.364+0000] {processor.py:927} WARNING - No viable dags retrieved from /opt/airflow/dags/flex_eau_pipeline.py
[2026-06-21T12:42:13.434+0000] {processor.py:208} INFO - Processing /opt/airflow/dags/flex_eau_pipeline.py took 0.167 seconds
[2026-06-21T12:42:44.379+0000] {processor.py:186} INFO - Started process (PID=6564) to work on /opt/airflow/dags/flex_eau_pipeline.py
[2026-06-21T12:42:44.381+0000] {processor.py:914} INFO - Processing file /opt/airflow/dags/flex_eau_pipeline.py for tasks to queue
[2026-06-21T12:42:44.385+0000] {logging_mixin.py:190} INFO - [2026-06-21T12:42:44.385+0000] {dagbag.py:587} INFO - Filling up the DagBag from /opt/airflow/dags/flex_eau_pipeline.py
[2026-06-21T12:42:44.439+0000] {logging_mixin.py:190} INFO - [2026-06-21T12:42:44.437+0000] {dagbag.py:386} ERROR - Failed to import: /opt/airflow/dags/flex_eau_pipeline.py
Traceback (most recent call last):
  File "/home/airflow/.local/lib/python3.12/site-packages/airflow/models/dagbag.py", line 382, in parse
    loader.exec_module(new_module)
  File "<frozen importlib._bootstrap_external>", line 991, in exec_module
  File "<frozen importlib._bootstrap_external>", line 1129, in get_code
  File "<frozen importlib._bootstrap_external>", line 1059, in source_to_code
  File "<frozen importlib._bootstrap>", line 488, in _call_with_frames_removed
  File "/opt/airflow/dags/flex_eau_pipeline.py", line 26
    ingestion = BashOperator(
    ^^^^^^^^^
IndentationError: expected an indented block after 'with' statement on line 11
[2026-06-21T12:42:44.441+0000] {processor.py:927} WARNING - No viable dags retrieved from /opt/airflow/dags/flex_eau_pipeline.py
[2026-06-21T12:42:44.488+0000] {processor.py:208} INFO - Processing /opt/airflow/dags/flex_eau_pipeline.py took 0.118 seconds
[2026-06-21T12:43:15.246+0000] {processor.py:186} INFO - Started process (PID=6569) to work on /opt/airflow/dags/flex_eau_pipeline.py
[2026-06-21T12:43:15.249+0000] {processor.py:914} INFO - Processing file /opt/airflow/dags/flex_eau_pipeline.py for tasks to queue
[2026-06-21T12:43:15.255+0000] {logging_mixin.py:190} INFO - [2026-06-21T12:43:15.254+0000] {dagbag.py:587} INFO - Filling up the DagBag from /opt/airflow/dags/flex_eau_pipeline.py
[2026-06-21T12:43:15.322+0000] {logging_mixin.py:190} INFO - [2026-06-21T12:43:15.319+0000] {dagbag.py:386} ERROR - Failed to import: /opt/airflow/dags/flex_eau_pipeline.py
Traceback (most recent call last):
  File "/home/airflow/.local/lib/python3.12/site-packages/airflow/models/dagbag.py", line 382, in parse
    loader.exec_module(new_module)
  File "<frozen importlib._bootstrap_external>", line 991, in exec_module
  File "<frozen importlib._bootstrap_external>", line 1129, in get_code
  File "<frozen importlib._bootstrap_external>", line 1059, in source_to_code
  File "<frozen importlib._bootstrap>", line 488, in _call_with_frames_removed
  File "/opt/airflow/dags/flex_eau_pipeline.py", line 26
    ingestion = BashOperator(
    ^^^^^^^^^
IndentationError: expected an indented block after 'with' statement on line 11
[2026-06-21T12:43:15.324+0000] {processor.py:927} WARNING - No viable dags retrieved from /opt/airflow/dags/flex_eau_pipeline.py
[2026-06-21T12:43:15.397+0000] {processor.py:208} INFO - Processing /opt/airflow/dags/flex_eau_pipeline.py took 0.171 seconds
[2026-06-21T12:43:46.168+0000] {processor.py:186} INFO - Started process (PID=6574) to work on /opt/airflow/dags/flex_eau_pipeline.py
[2026-06-21T12:43:46.171+0000] {processor.py:914} INFO - Processing file /opt/airflow/dags/flex_eau_pipeline.py for tasks to queue
[2026-06-21T12:43:46.176+0000] {logging_mixin.py:190} INFO - [2026-06-21T12:43:46.175+0000] {dagbag.py:587} INFO - Filling up the DagBag from /opt/airflow/dags/flex_eau_pipeline.py
[2026-06-21T12:43:46.211+0000] {logging_mixin.py:190} INFO - [2026-06-21T12:43:46.209+0000] {dagbag.py:386} ERROR - Failed to import: /opt/airflow/dags/flex_eau_pipeline.py
Traceback (most recent call last):
  File "/home/airflow/.local/lib/python3.12/site-packages/airflow/models/dagbag.py", line 382, in parse
    loader.exec_module(new_module)
  File "<frozen importlib._bootstrap_external>", line 991, in exec_module
  File "<frozen importlib._bootstrap_external>", line 1129, in get_code
  File "<frozen importlib._bootstrap_external>", line 1059, in source_to_code
  File "<frozen importlib._bootstrap>", line 488, in _call_with_frames_removed
  File "/opt/airflow/dags/flex_eau_pipeline.py", line 26
    ingestion = BashOperator(
    ^^^^^^^^^
IndentationError: expected an indented block after 'with' statement on line 11
[2026-06-21T12:43:46.212+0000] {processor.py:927} WARNING - No viable dags retrieved from /opt/airflow/dags/flex_eau_pipeline.py
[2026-06-21T12:43:46.250+0000] {processor.py:208} INFO - Processing /opt/airflow/dags/flex_eau_pipeline.py took 0.098 seconds
[2026-06-21T12:44:17.094+0000] {processor.py:186} INFO - Started process (PID=6579) to work on /opt/airflow/dags/flex_eau_pipeline.py
[2026-06-21T12:44:17.098+0000] {processor.py:914} INFO - Processing file /opt/airflow/dags/flex_eau_pipeline.py for tasks to queue
[2026-06-21T12:44:17.107+0000] {logging_mixin.py:190} INFO - [2026-06-21T12:44:17.106+0000] {dagbag.py:587} INFO - Filling up the DagBag from /opt/airflow/dags/flex_eau_pipeline.py
[2026-06-21T12:44:17.171+0000] {logging_mixin.py:190} INFO - [2026-06-21T12:44:17.168+0000] {dagbag.py:386} ERROR - Failed to import: /opt/airflow/dags/flex_eau_pipeline.py
Traceback (most recent call last):
  File "/home/airflow/.local/lib/python3.12/site-packages/airflow/models/dagbag.py", line 382, in parse
    loader.exec_module(new_module)
  File "<frozen importlib._bootstrap_external>", line 991, in exec_module
  File "<frozen importlib._bootstrap_external>", line 1129, in get_code
  File "<frozen importlib._bootstrap_external>", line 1059, in source_to_code
  File "<frozen importlib._bootstrap>", line 488, in _call_with_frames_removed
  File "/opt/airflow/dags/flex_eau_pipeline.py", line 26
    ingestion = BashOperator(
    ^^^^^^^^^
IndentationError: expected an indented block after 'with' statement on line 11
[2026-06-21T12:44:17.173+0000] {processor.py:927} WARNING - No viable dags retrieved from /opt/airflow/dags/flex_eau_pipeline.py
[2026-06-21T12:44:17.269+0000] {processor.py:208} INFO - Processing /opt/airflow/dags/flex_eau_pipeline.py took 0.196 seconds
[2026-06-21T12:44:47.766+0000] {processor.py:186} INFO - Started process (PID=6584) to work on /opt/airflow/dags/flex_eau_pipeline.py
[2026-06-21T12:44:47.768+0000] {processor.py:914} INFO - Processing file /opt/airflow/dags/flex_eau_pipeline.py for tasks to queue
[2026-06-21T12:44:47.772+0000] {logging_mixin.py:190} INFO - [2026-06-21T12:44:47.771+0000] {dagbag.py:587} INFO - Filling up the DagBag from /opt/airflow/dags/flex_eau_pipeline.py
[2026-06-21T12:44:47.810+0000] {logging_mixin.py:190} INFO - [2026-06-21T12:44:47.808+0000] {dagbag.py:386} ERROR - Failed to import: /opt/airflow/dags/flex_eau_pipeline.py
Traceback (most recent call last):
  File "/home/airflow/.local/lib/python3.12/site-packages/airflow/models/dagbag.py", line 382, in parse
    loader.exec_module(new_module)
  File "<frozen importlib._bootstrap_external>", line 991, in exec_module
  File "<frozen importlib._bootstrap_external>", line 1129, in get_code
  File "<frozen importlib._bootstrap_external>", line 1059, in source_to_code
  File "<frozen importlib._bootstrap>", line 488, in _call_with_frames_removed
  File "/opt/airflow/dags/flex_eau_pipeline.py", line 26
    ingestion = BashOperator(
    ^^^^^^^^^
IndentationError: expected an indented block after 'with' statement on line 11
[2026-06-21T12:44:47.811+0000] {processor.py:927} WARNING - No viable dags retrieved from /opt/airflow/dags/flex_eau_pipeline.py
[2026-06-21T12:44:47.847+0000] {processor.py:208} INFO - Processing /opt/airflow/dags/flex_eau_pipeline.py took 0.090 seconds
[2026-06-21T12:45:18.716+0000] {processor.py:186} INFO - Started process (PID=6589) to work on /opt/airflow/dags/flex_eau_pipeline.py
[2026-06-21T12:45:18.718+0000] {processor.py:914} INFO - Processing file /opt/airflow/dags/flex_eau_pipeline.py for tasks to queue
[2026-06-21T12:45:18.724+0000] {logging_mixin.py:190} INFO - [2026-06-21T12:45:18.723+0000] {dagbag.py:587} INFO - Filling up the DagBag from /opt/airflow/dags/flex_eau_pipeline.py
[2026-06-21T12:45:18.764+0000] {logging_mixin.py:190} INFO - [2026-06-21T12:45:18.762+0000] {dagbag.py:386} ERROR - Failed to import: /opt/airflow/dags/flex_eau_pipeline.py
Traceback (most recent call last):
  File "/home/airflow/.local/lib/python3.12/site-packages/airflow/models/dagbag.py", line 382, in parse
    loader.exec_module(new_module)
  File "<frozen importlib._bootstrap_external>", line 991, in exec_module
  File "<frozen importlib._bootstrap_external>", line 1129, in get_code
  File "<frozen importlib._bootstrap_external>", line 1059, in source_to_code
  File "<frozen importlib._bootstrap>", line 488, in _call_with_frames_removed
  File "/opt/airflow/dags/flex_eau_pipeline.py", line 26
    ingestion = BashOperator(
    ^^^^^^^^^
IndentationError: expected an indented block after 'with' statement on line 11
[2026-06-21T12:45:18.766+0000] {processor.py:927} WARNING - No viable dags retrieved from /opt/airflow/dags/flex_eau_pipeline.py
[2026-06-21T12:45:18.815+0000] {processor.py:208} INFO - Processing /opt/airflow/dags/flex_eau_pipeline.py took 0.114 seconds
[2026-06-21T12:45:48.968+0000] {processor.py:186} INFO - Started process (PID=6594) to work on /opt/airflow/dags/flex_eau_pipeline.py
[2026-06-21T12:45:48.971+0000] {processor.py:914} INFO - Processing file /opt/airflow/dags/flex_eau_pipeline.py for tasks to queue
[2026-06-21T12:45:48.977+0000] {logging_mixin.py:190} INFO - [2026-06-21T12:45:48.976+0000] {dagbag.py:587} INFO - Filling up the DagBag from /opt/airflow/dags/flex_eau_pipeline.py
[2026-06-21T12:45:49.031+0000] {logging_mixin.py:190} INFO - [2026-06-21T12:45:49.028+0000] {dagbag.py:386} ERROR - Failed to import: /opt/airflow/dags/flex_eau_pipeline.py
Traceback (most recent call last):
  File "/home/airflow/.local/lib/python3.12/site-packages/airflow/models/dagbag.py", line 382, in parse
    loader.exec_module(new_module)
  File "<frozen importlib._bootstrap_external>", line 991, in exec_module
  File "<frozen importlib._bootstrap_external>", line 1129, in get_code
  File "<frozen importlib._bootstrap_external>", line 1059, in source_to_code
  File "<frozen importlib._bootstrap>", line 488, in _call_with_frames_removed
  File "/opt/airflow/dags/flex_eau_pipeline.py", line 26
    ingestion = BashOperator(
    ^^^^^^^^^
IndentationError: expected an indented block after 'with' statement on line 11
[2026-06-21T12:45:49.033+0000] {processor.py:927} WARNING - No viable dags retrieved from /opt/airflow/dags/flex_eau_pipeline.py
[2026-06-21T12:45:49.095+0000] {processor.py:208} INFO - Processing /opt/airflow/dags/flex_eau_pipeline.py took 0.144 seconds
[2026-06-21T12:46:19.843+0000] {processor.py:186} INFO - Started process (PID=6599) to work on /opt/airflow/dags/flex_eau_pipeline.py
[2026-06-21T12:46:19.847+0000] {processor.py:914} INFO - Processing file /opt/airflow/dags/flex_eau_pipeline.py for tasks to queue
[2026-06-21T12:46:19.855+0000] {logging_mixin.py:190} INFO - [2026-06-21T12:46:19.855+0000] {dagbag.py:587} INFO - Filling up the DagBag from /opt/airflow/dags/flex_eau_pipeline.py
[2026-06-21T12:46:19.909+0000] {logging_mixin.py:190} INFO - [2026-06-21T12:46:19.906+0000] {dagbag.py:386} ERROR - Failed to import: /opt/airflow/dags/flex_eau_pipeline.py
Traceback (most recent call last):
  File "/home/airflow/.local/lib/python3.12/site-packages/airflow/models/dagbag.py", line 382, in parse
    loader.exec_module(new_module)
  File "<frozen importlib._bootstrap_external>", line 991, in exec_module
  File "<frozen importlib._bootstrap_external>", line 1129, in get_code
  File "<frozen importlib._bootstrap_external>", line 1059, in source_to_code
  File "<frozen importlib._bootstrap>", line 488, in _call_with_frames_removed
  File "/opt/airflow/dags/flex_eau_pipeline.py", line 26
    ingestion = BashOperator(
    ^^^^^^^^^
IndentationError: expected an indented block after 'with' statement on line 11
[2026-06-21T12:46:19.913+0000] {processor.py:927} WARNING - No viable dags retrieved from /opt/airflow/dags/flex_eau_pipeline.py
[2026-06-21T12:46:19.973+0000] {processor.py:208} INFO - Processing /opt/airflow/dags/flex_eau_pipeline.py took 0.144 seconds
[2026-06-21T12:46:50.209+0000] {processor.py:186} INFO - Started process (PID=6604) to work on /opt/airflow/dags/flex_eau_pipeline.py
[2026-06-21T12:46:50.213+0000] {processor.py:914} INFO - Processing file /opt/airflow/dags/flex_eau_pipeline.py for tasks to queue
[2026-06-21T12:46:50.220+0000] {logging_mixin.py:190} INFO - [2026-06-21T12:46:50.219+0000] {dagbag.py:587} INFO - Filling up the DagBag from /opt/airflow/dags/flex_eau_pipeline.py
[2026-06-21T12:46:50.284+0000] {logging_mixin.py:190} INFO - [2026-06-21T12:46:50.282+0000] {dagbag.py:386} ERROR - Failed to import: /opt/airflow/dags/flex_eau_pipeline.py
Traceback (most recent call last):
  File "/home/airflow/.local/lib/python3.12/site-packages/airflow/models/dagbag.py", line 382, in parse
    loader.exec_module(new_module)
  File "<frozen importlib._bootstrap_external>", line 991, in exec_module
  File "<frozen importlib._bootstrap_external>", line 1129, in get_code
  File "<frozen importlib._bootstrap_external>", line 1059, in source_to_code
  File "<frozen importlib._bootstrap>", line 488, in _call_with_frames_removed
  File "/opt/airflow/dags/flex_eau_pipeline.py", line 26
    ingestion = BashOperator(
    ^^^^^^^^^
IndentationError: expected an indented block after 'with' statement on line 11
[2026-06-21T12:46:50.287+0000] {processor.py:927} WARNING - No viable dags retrieved from /opt/airflow/dags/flex_eau_pipeline.py
[2026-06-21T12:46:50.360+0000] {processor.py:208} INFO - Processing /opt/airflow/dags/flex_eau_pipeline.py took 0.169 seconds
[2026-06-21T12:47:20.895+0000] {processor.py:186} INFO - Started process (PID=6609) to work on /opt/airflow/dags/flex_eau_pipeline.py
[2026-06-21T12:47:20.900+0000] {processor.py:914} INFO - Processing file /opt/airflow/dags/flex_eau_pipeline.py for tasks to queue
[2026-06-21T12:47:20.912+0000] {logging_mixin.py:190} INFO - [2026-06-21T12:47:20.911+0000] {dagbag.py:587} INFO - Filling up the DagBag from /opt/airflow/dags/flex_eau_pipeline.py
[2026-06-21T12:47:20.994+0000] {logging_mixin.py:190} INFO - [2026-06-21T12:47:20.991+0000] {dagbag.py:386} ERROR - Failed to import: /opt/airflow/dags/flex_eau_pipeline.py
Traceback (most recent call last):
  File "/home/airflow/.local/lib/python3.12/site-packages/airflow/models/dagbag.py", line 382, in parse
    loader.exec_module(new_module)
  File "<frozen importlib._bootstrap_external>", line 991, in exec_module
  File "<frozen importlib._bootstrap_external>", line 1129, in get_code
  File "<frozen importlib._bootstrap_external>", line 1059, in source_to_code
  File "<frozen importlib._bootstrap>", line 488, in _call_with_frames_removed
  File "/opt/airflow/dags/flex_eau_pipeline.py", line 26
    ingestion = BashOperator(
    ^^^^^^^^^
IndentationError: expected an indented block after 'with' statement on line 11
[2026-06-21T12:47:20.997+0000] {processor.py:927} WARNING - No viable dags retrieved from /opt/airflow/dags/flex_eau_pipeline.py
[2026-06-21T12:47:21.071+0000] {processor.py:208} INFO - Processing /opt/airflow/dags/flex_eau_pipeline.py took 0.202 seconds
[2026-06-21T12:47:51.285+0000] {processor.py:186} INFO - Started process (PID=6614) to work on /opt/airflow/dags/flex_eau_pipeline.py
[2026-06-21T12:47:51.290+0000] {processor.py:914} INFO - Processing file /opt/airflow/dags/flex_eau_pipeline.py for tasks to queue
[2026-06-21T12:47:51.298+0000] {logging_mixin.py:190} INFO - [2026-06-21T12:47:51.297+0000] {dagbag.py:587} INFO - Filling up the DagBag from /opt/airflow/dags/flex_eau_pipeline.py
[2026-06-21T12:47:51.392+0000] {logging_mixin.py:190} INFO - [2026-06-21T12:47:51.388+0000] {dagbag.py:386} ERROR - Failed to import: /opt/airflow/dags/flex_eau_pipeline.py
Traceback (most recent call last):
  File "/home/airflow/.local/lib/python3.12/site-packages/airflow/models/dagbag.py", line 382, in parse
    loader.exec_module(new_module)
  File "<frozen importlib._bootstrap_external>", line 991, in exec_module
  File "<frozen importlib._bootstrap_external>", line 1129, in get_code
  File "<frozen importlib._bootstrap_external>", line 1059, in source_to_code
  File "<frozen importlib._bootstrap>", line 488, in _call_with_frames_removed
  File "/opt/airflow/dags/flex_eau_pipeline.py", line 26
    ingestion = BashOperator(
    ^^^^^^^^^
IndentationError: expected an indented block after 'with' statement on line 11
[2026-06-21T12:47:51.394+0000] {processor.py:927} WARNING - No viable dags retrieved from /opt/airflow/dags/flex_eau_pipeline.py
[2026-06-21T12:47:51.479+0000] {processor.py:208} INFO - Processing /opt/airflow/dags/flex_eau_pipeline.py took 0.219 seconds
[2026-06-21T12:48:22.207+0000] {processor.py:186} INFO - Started process (PID=6619) to work on /opt/airflow/dags/flex_eau_pipeline.py
[2026-06-21T12:48:22.210+0000] {processor.py:914} INFO - Processing file /opt/airflow/dags/flex_eau_pipeline.py for tasks to queue
[2026-06-21T12:48:22.217+0000] {logging_mixin.py:190} INFO - [2026-06-21T12:48:22.216+0000] {dagbag.py:587} INFO - Filling up the DagBag from /opt/airflow/dags/flex_eau_pipeline.py
[2026-06-21T12:48:22.267+0000] {logging_mixin.py:190} INFO - [2026-06-21T12:48:22.264+0000] {dagbag.py:386} ERROR - Failed to import: /opt/airflow/dags/flex_eau_pipeline.py
Traceback (most recent call last):
  File "/home/airflow/.local/lib/python3.12/site-packages/airflow/models/dagbag.py", line 382, in parse
    loader.exec_module(new_module)
  File "<frozen importlib._bootstrap_external>", line 991, in exec_module
  File "<frozen importlib._bootstrap_external>", line 1129, in get_code
  File "<frozen importlib._bootstrap_external>", line 1059, in source_to_code
  File "<frozen importlib._bootstrap>", line 488, in _call_with_frames_removed
  File "/opt/airflow/dags/flex_eau_pipeline.py", line 26
    ingestion = BashOperator(
    ^^^^^^^^^
IndentationError: expected an indented block after 'with' statement on line 11
[2026-06-21T12:48:22.268+0000] {processor.py:927} WARNING - No viable dags retrieved from /opt/airflow/dags/flex_eau_pipeline.py
[2026-06-21T12:48:22.316+0000] {processor.py:208} INFO - Processing /opt/airflow/dags/flex_eau_pipeline.py took 0.128 seconds
[2026-06-21T12:48:53.341+0000] {processor.py:186} INFO - Started process (PID=6624) to work on /opt/airflow/dags/flex_eau_pipeline.py
[2026-06-21T12:48:53.346+0000] {processor.py:914} INFO - Processing file /opt/airflow/dags/flex_eau_pipeline.py for tasks to queue
[2026-06-21T12:48:53.352+0000] {logging_mixin.py:190} INFO - [2026-06-21T12:48:53.351+0000] {dagbag.py:587} INFO - Filling up the DagBag from /opt/airflow/dags/flex_eau_pipeline.py
[2026-06-21T12:48:53.434+0000] {logging_mixin.py:190} INFO - [2026-06-21T12:48:53.431+0000] {dagbag.py:386} ERROR - Failed to import: /opt/airflow/dags/flex_eau_pipeline.py
Traceback (most recent call last):
  File "/home/airflow/.local/lib/python3.12/site-packages/airflow/models/dagbag.py", line 382, in parse
    loader.exec_module(new_module)
  File "<frozen importlib._bootstrap_external>", line 991, in exec_module
  File "<frozen importlib._bootstrap_external>", line 1129, in get_code
  File "<frozen importlib._bootstrap_external>", line 1059, in source_to_code
  File "<frozen importlib._bootstrap>", line 488, in _call_with_frames_removed
  File "/opt/airflow/dags/flex_eau_pipeline.py", line 26
    ingestion = BashOperator(
    ^^^^^^^^^
IndentationError: expected an indented block after 'with' statement on line 11
[2026-06-21T12:48:53.437+0000] {processor.py:927} WARNING - No viable dags retrieved from /opt/airflow/dags/flex_eau_pipeline.py
[2026-06-21T12:48:53.504+0000] {processor.py:208} INFO - Processing /opt/airflow/dags/flex_eau_pipeline.py took 0.179 seconds
[2026-06-21T12:49:24.254+0000] {processor.py:186} INFO - Started process (PID=6629) to work on /opt/airflow/dags/flex_eau_pipeline.py
[2026-06-21T12:49:24.257+0000] {processor.py:914} INFO - Processing file /opt/airflow/dags/flex_eau_pipeline.py for tasks to queue
[2026-06-21T12:49:24.273+0000] {logging_mixin.py:190} INFO - [2026-06-21T12:49:24.272+0000] {dagbag.py:587} INFO - Filling up the DagBag from /opt/airflow/dags/flex_eau_pipeline.py
[2026-06-21T12:49:24.336+0000] {logging_mixin.py:190} INFO - [2026-06-21T12:49:24.334+0000] {dagbag.py:386} ERROR - Failed to import: /opt/airflow/dags/flex_eau_pipeline.py
Traceback (most recent call last):
  File "/home/airflow/.local/lib/python3.12/site-packages/airflow/models/dagbag.py", line 382, in parse
    loader.exec_module(new_module)
  File "<frozen importlib._bootstrap_external>", line 991, in exec_module
  File "<frozen importlib._bootstrap_external>", line 1129, in get_code
  File "<frozen importlib._bootstrap_external>", line 1059, in source_to_code
  File "<frozen importlib._bootstrap>", line 488, in _call_with_frames_removed
  File "/opt/airflow/dags/flex_eau_pipeline.py", line 26
    ingestion = BashOperator(
    ^^^^^^^^^
IndentationError: expected an indented block after 'with' statement on line 11
[2026-06-21T12:49:24.338+0000] {processor.py:927} WARNING - No viable dags retrieved from /opt/airflow/dags/flex_eau_pipeline.py
[2026-06-21T12:49:24.412+0000] {processor.py:208} INFO - Processing /opt/airflow/dags/flex_eau_pipeline.py took 0.183 seconds
[2026-06-21T12:49:55.217+0000] {processor.py:186} INFO - Started process (PID=6634) to work on /opt/airflow/dags/flex_eau_pipeline.py
[2026-06-21T12:49:55.220+0000] {processor.py:914} INFO - Processing file /opt/airflow/dags/flex_eau_pipeline.py for tasks to queue
[2026-06-21T12:49:55.225+0000] {logging_mixin.py:190} INFO - [2026-06-21T12:49:55.224+0000] {dagbag.py:587} INFO - Filling up the DagBag from /opt/airflow/dags/flex_eau_pipeline.py
[2026-06-21T12:49:55.270+0000] {logging_mixin.py:190} INFO - [2026-06-21T12:49:55.268+0000] {dagbag.py:386} ERROR - Failed to import: /opt/airflow/dags/flex_eau_pipeline.py
Traceback (most recent call last):
  File "/home/airflow/.local/lib/python3.12/site-packages/airflow/models/dagbag.py", line 382, in parse
    loader.exec_module(new_module)
  File "<frozen importlib._bootstrap_external>", line 991, in exec_module
  File "<frozen importlib._bootstrap_external>", line 1129, in get_code
  File "<frozen importlib._bootstrap_external>", line 1059, in source_to_code
  File "<frozen importlib._bootstrap>", line 488, in _call_with_frames_removed
  File "/opt/airflow/dags/flex_eau_pipeline.py", line 26
    ingestion = BashOperator(
    ^^^^^^^^^
IndentationError: expected an indented block after 'with' statement on line 11
[2026-06-21T12:49:55.271+0000] {processor.py:927} WARNING - No viable dags retrieved from /opt/airflow/dags/flex_eau_pipeline.py
[2026-06-21T12:49:55.323+0000] {processor.py:208} INFO - Processing /opt/airflow/dags/flex_eau_pipeline.py took 0.123 seconds
[2026-06-21T12:50:25.485+0000] {processor.py:186} INFO - Started process (PID=6639) to work on /opt/airflow/dags/flex_eau_pipeline.py
[2026-06-21T12:50:25.486+0000] {processor.py:914} INFO - Processing file /opt/airflow/dags/flex_eau_pipeline.py for tasks to queue
[2026-06-21T12:50:25.490+0000] {logging_mixin.py:190} INFO - [2026-06-21T12:50:25.490+0000] {dagbag.py:587} INFO - Filling up the DagBag from /opt/airflow/dags/flex_eau_pipeline.py
[2026-06-21T12:50:25.522+0000] {logging_mixin.py:190} INFO - [2026-06-21T12:50:25.521+0000] {dagbag.py:386} ERROR - Failed to import: /opt/airflow/dags/flex_eau_pipeline.py
Traceback (most recent call last):
  File "/home/airflow/.local/lib/python3.12/site-packages/airflow/models/dagbag.py", line 382, in parse
    loader.exec_module(new_module)
  File "<frozen importlib._bootstrap_external>", line 991, in exec_module
  File "<frozen importlib._bootstrap_external>", line 1129, in get_code
  File "<frozen importlib._bootstrap_external>", line 1059, in source_to_code
  File "<frozen importlib._bootstrap>", line 488, in _call_with_frames_removed
  File "/opt/airflow/dags/flex_eau_pipeline.py", line 26
    ingestion = BashOperator(
    ^^^^^^^^^
IndentationError: expected an indented block after 'with' statement on line 11
[2026-06-21T12:50:25.523+0000] {processor.py:927} WARNING - No viable dags retrieved from /opt/airflow/dags/flex_eau_pipeline.py
[2026-06-21T12:50:25.561+0000] {processor.py:208} INFO - Processing /opt/airflow/dags/flex_eau_pipeline.py took 0.088 seconds
[2026-06-21T12:50:55.736+0000] {processor.py:186} INFO - Started process (PID=6644) to work on /opt/airflow/dags/flex_eau_pipeline.py
[2026-06-21T12:50:55.740+0000] {processor.py:914} INFO - Processing file /opt/airflow/dags/flex_eau_pipeline.py for tasks to queue
[2026-06-21T12:50:55.748+0000] {logging_mixin.py:190} INFO - [2026-06-21T12:50:55.746+0000] {dagbag.py:587} INFO - Filling up the DagBag from /opt/airflow/dags/flex_eau_pipeline.py
[2026-06-21T12:50:55.821+0000] {logging_mixin.py:190} INFO - [2026-06-21T12:50:55.817+0000] {dagbag.py:386} ERROR - Failed to import: /opt/airflow/dags/flex_eau_pipeline.py
Traceback (most recent call last):
  File "/home/airflow/.local/lib/python3.12/site-packages/airflow/models/dagbag.py", line 382, in parse
    loader.exec_module(new_module)
  File "<frozen importlib._bootstrap_external>", line 991, in exec_module
  File "<frozen importlib._bootstrap_external>", line 1129, in get_code
  File "<frozen importlib._bootstrap_external>", line 1059, in source_to_code
  File "<frozen importlib._bootstrap>", line 488, in _call_with_frames_removed
  File "/opt/airflow/dags/flex_eau_pipeline.py", line 26
    ingestion = BashOperator(
    ^^^^^^^^^
IndentationError: expected an indented block after 'with' statement on line 11
[2026-06-21T12:50:55.823+0000] {processor.py:927} WARNING - No viable dags retrieved from /opt/airflow/dags/flex_eau_pipeline.py
[2026-06-21T12:50:55.872+0000] {processor.py:208} INFO - Processing /opt/airflow/dags/flex_eau_pipeline.py took 0.156 seconds
[2026-06-21T12:51:26.068+0000] {processor.py:186} INFO - Started process (PID=6649) to work on /opt/airflow/dags/flex_eau_pipeline.py
[2026-06-21T12:51:26.071+0000] {processor.py:914} INFO - Processing file /opt/airflow/dags/flex_eau_pipeline.py for tasks to queue
[2026-06-21T12:51:26.080+0000] {logging_mixin.py:190} INFO - [2026-06-21T12:51:26.080+0000] {dagbag.py:587} INFO - Filling up the DagBag from /opt/airflow/dags/flex_eau_pipeline.py
[2026-06-21T12:51:26.151+0000] {logging_mixin.py:190} INFO - [2026-06-21T12:51:26.146+0000] {dagbag.py:386} ERROR - Failed to import: /opt/airflow/dags/flex_eau_pipeline.py
Traceback (most recent call last):
  File "/home/airflow/.local/lib/python3.12/site-packages/airflow/models/dagbag.py", line 382, in parse
    loader.exec_module(new_module)
  File "<frozen importlib._bootstrap_external>", line 991, in exec_module
  File "<frozen importlib._bootstrap_external>", line 1129, in get_code
  File "<frozen importlib._bootstrap_external>", line 1059, in source_to_code
  File "<frozen importlib._bootstrap>", line 488, in _call_with_frames_removed
  File "/opt/airflow/dags/flex_eau_pipeline.py", line 26
    ingestion = BashOperator(
    ^^^^^^^^^
IndentationError: expected an indented block after 'with' statement on line 11
[2026-06-21T12:51:26.153+0000] {processor.py:927} WARNING - No viable dags retrieved from /opt/airflow/dags/flex_eau_pipeline.py
[2026-06-21T12:51:26.221+0000] {processor.py:208} INFO - Processing /opt/airflow/dags/flex_eau_pipeline.py took 0.171 seconds
[2026-06-21T12:51:56.398+0000] {processor.py:186} INFO - Started process (PID=6654) to work on /opt/airflow/dags/flex_eau_pipeline.py
[2026-06-21T12:51:56.401+0000] {processor.py:914} INFO - Processing file /opt/airflow/dags/flex_eau_pipeline.py for tasks to queue
[2026-06-21T12:51:56.408+0000] {logging_mixin.py:190} INFO - [2026-06-21T12:51:56.408+0000] {dagbag.py:587} INFO - Filling up the DagBag from /opt/airflow/dags/flex_eau_pipeline.py
[2026-06-21T12:51:56.455+0000] {logging_mixin.py:190} INFO - [2026-06-21T12:51:56.453+0000] {dagbag.py:386} ERROR - Failed to import: /opt/airflow/dags/flex_eau_pipeline.py
Traceback (most recent call last):
  File "/home/airflow/.local/lib/python3.12/site-packages/airflow/models/dagbag.py", line 382, in parse
    loader.exec_module(new_module)
  File "<frozen importlib._bootstrap_external>", line 991, in exec_module
  File "<frozen importlib._bootstrap_external>", line 1129, in get_code
  File "<frozen importlib._bootstrap_external>", line 1059, in source_to_code
  File "<frozen importlib._bootstrap>", line 488, in _call_with_frames_removed
  File "/opt/airflow/dags/flex_eau_pipeline.py", line 26
    ingestion = BashOperator(
    ^^^^^^^^^
IndentationError: expected an indented block after 'with' statement on line 11
[2026-06-21T12:51:56.456+0000] {processor.py:927} WARNING - No viable dags retrieved from /opt/airflow/dags/flex_eau_pipeline.py
[2026-06-21T12:51:56.513+0000] {processor.py:208} INFO - Processing /opt/airflow/dags/flex_eau_pipeline.py took 0.136 seconds
[2026-06-21T12:52:27.392+0000] {processor.py:186} INFO - Started process (PID=6659) to work on /opt/airflow/dags/flex_eau_pipeline.py
[2026-06-21T12:52:27.396+0000] {processor.py:914} INFO - Processing file /opt/airflow/dags/flex_eau_pipeline.py for tasks to queue
[2026-06-21T12:52:27.400+0000] {logging_mixin.py:190} INFO - [2026-06-21T12:52:27.400+0000] {dagbag.py:587} INFO - Filling up the DagBag from /opt/airflow/dags/flex_eau_pipeline.py
[2026-06-21T12:52:27.446+0000] {logging_mixin.py:190} INFO - [2026-06-21T12:52:27.444+0000] {dagbag.py:386} ERROR - Failed to import: /opt/airflow/dags/flex_eau_pipeline.py
Traceback (most recent call last):
  File "/home/airflow/.local/lib/python3.12/site-packages/airflow/models/dagbag.py", line 382, in parse
    loader.exec_module(new_module)
  File "<frozen importlib._bootstrap_external>", line 991, in exec_module
  File "<frozen importlib._bootstrap_external>", line 1129, in get_code
  File "<frozen importlib._bootstrap_external>", line 1059, in source_to_code
  File "<frozen importlib._bootstrap>", line 488, in _call_with_frames_removed
  File "/opt/airflow/dags/flex_eau_pipeline.py", line 26
    ingestion = BashOperator(
    ^^^^^^^^^
IndentationError: expected an indented block after 'with' statement on line 11
[2026-06-21T12:52:27.448+0000] {processor.py:927} WARNING - No viable dags retrieved from /opt/airflow/dags/flex_eau_pipeline.py
[2026-06-21T12:52:27.494+0000] {processor.py:208} INFO - Processing /opt/airflow/dags/flex_eau_pipeline.py took 0.115 seconds
[2026-06-21T12:52:57.773+0000] {processor.py:186} INFO - Started process (PID=6664) to work on /opt/airflow/dags/flex_eau_pipeline.py
[2026-06-21T12:52:57.775+0000] {processor.py:914} INFO - Processing file /opt/airflow/dags/flex_eau_pipeline.py for tasks to queue
[2026-06-21T12:52:57.779+0000] {logging_mixin.py:190} INFO - [2026-06-21T12:52:57.778+0000] {dagbag.py:587} INFO - Filling up the DagBag from /opt/airflow/dags/flex_eau_pipeline.py
[2026-06-21T12:52:57.819+0000] {logging_mixin.py:190} INFO - [2026-06-21T12:52:57.818+0000] {dagbag.py:386} ERROR - Failed to import: /opt/airflow/dags/flex_eau_pipeline.py
Traceback (most recent call last):
  File "/home/airflow/.local/lib/python3.12/site-packages/airflow/models/dagbag.py", line 382, in parse
    loader.exec_module(new_module)
  File "<frozen importlib._bootstrap_external>", line 991, in exec_module
  File "<frozen importlib._bootstrap_external>", line 1129, in get_code
  File "<frozen importlib._bootstrap_external>", line 1059, in source_to_code
  File "<frozen importlib._bootstrap>", line 488, in _call_with_frames_removed
  File "/opt/airflow/dags/flex_eau_pipeline.py", line 26
    ingestion = BashOperator(
    ^^^^^^^^^
IndentationError: expected an indented block after 'with' statement on line 11
[2026-06-21T12:52:57.821+0000] {processor.py:927} WARNING - No viable dags retrieved from /opt/airflow/dags/flex_eau_pipeline.py
[2026-06-21T12:52:57.862+0000] {processor.py:208} INFO - Processing /opt/airflow/dags/flex_eau_pipeline.py took 0.101 seconds
[2026-06-21T12:53:28.102+0000] {processor.py:186} INFO - Started process (PID=6669) to work on /opt/airflow/dags/flex_eau_pipeline.py
[2026-06-21T12:53:28.109+0000] {processor.py:914} INFO - Processing file /opt/airflow/dags/flex_eau_pipeline.py for tasks to queue
[2026-06-21T12:53:28.116+0000] {logging_mixin.py:190} INFO - [2026-06-21T12:53:28.115+0000] {dagbag.py:587} INFO - Filling up the DagBag from /opt/airflow/dags/flex_eau_pipeline.py
[2026-06-21T12:53:28.156+0000] {logging_mixin.py:190} INFO - [2026-06-21T12:53:28.155+0000] {dagbag.py:386} ERROR - Failed to import: /opt/airflow/dags/flex_eau_pipeline.py
Traceback (most recent call last):
  File "/home/airflow/.local/lib/python3.12/site-packages/airflow/models/dagbag.py", line 382, in parse
    loader.exec_module(new_module)
  File "<frozen importlib._bootstrap_external>", line 991, in exec_module
  File "<frozen importlib._bootstrap_external>", line 1129, in get_code
  File "<frozen importlib._bootstrap_external>", line 1059, in source_to_code
  File "<frozen importlib._bootstrap>", line 488, in _call_with_frames_removed
  File "/opt/airflow/dags/flex_eau_pipeline.py", line 26
    ingestion = BashOperator(
    ^^^^^^^^^
IndentationError: expected an indented block after 'with' statement on line 11
[2026-06-21T12:53:28.158+0000] {processor.py:927} WARNING - No viable dags retrieved from /opt/airflow/dags/flex_eau_pipeline.py
[2026-06-21T12:53:28.205+0000] {processor.py:208} INFO - Processing /opt/airflow/dags/flex_eau_pipeline.py took 0.125 seconds
[2026-06-21T12:53:58.392+0000] {processor.py:186} INFO - Started process (PID=6674) to work on /opt/airflow/dags/flex_eau_pipeline.py
[2026-06-21T12:53:58.395+0000] {processor.py:914} INFO - Processing file /opt/airflow/dags/flex_eau_pipeline.py for tasks to queue
[2026-06-21T12:53:58.400+0000] {logging_mixin.py:190} INFO - [2026-06-21T12:53:58.399+0000] {dagbag.py:587} INFO - Filling up the DagBag from /opt/airflow/dags/flex_eau_pipeline.py
[2026-06-21T12:53:58.444+0000] {logging_mixin.py:190} INFO - [2026-06-21T12:53:58.442+0000] {dagbag.py:386} ERROR - Failed to import: /opt/airflow/dags/flex_eau_pipeline.py
Traceback (most recent call last):
  File "/home/airflow/.local/lib/python3.12/site-packages/airflow/models/dagbag.py", line 382, in parse
    loader.exec_module(new_module)
  File "<frozen importlib._bootstrap_external>", line 991, in exec_module
  File "<frozen importlib._bootstrap_external>", line 1129, in get_code
  File "<frozen importlib._bootstrap_external>", line 1059, in source_to_code
  File "<frozen importlib._bootstrap>", line 488, in _call_with_frames_removed
  File "/opt/airflow/dags/flex_eau_pipeline.py", line 26
    ingestion = BashOperator(
    ^^^^^^^^^
IndentationError: expected an indented block after 'with' statement on line 11
[2026-06-21T12:53:58.445+0000] {processor.py:927} WARNING - No viable dags retrieved from /opt/airflow/dags/flex_eau_pipeline.py
[2026-06-21T12:53:58.486+0000] {processor.py:208} INFO - Processing /opt/airflow/dags/flex_eau_pipeline.py took 0.109 seconds
[2026-06-21T12:54:28.692+0000] {processor.py:186} INFO - Started process (PID=6679) to work on /opt/airflow/dags/flex_eau_pipeline.py
[2026-06-21T12:54:28.696+0000] {processor.py:914} INFO - Processing file /opt/airflow/dags/flex_eau_pipeline.py for tasks to queue
[2026-06-21T12:54:28.704+0000] {logging_mixin.py:190} INFO - [2026-06-21T12:54:28.703+0000] {dagbag.py:587} INFO - Filling up the DagBag from /opt/airflow/dags/flex_eau_pipeline.py
[2026-06-21T12:54:28.775+0000] {logging_mixin.py:190} INFO - [2026-06-21T12:54:28.772+0000] {dagbag.py:386} ERROR - Failed to import: /opt/airflow/dags/flex_eau_pipeline.py
Traceback (most recent call last):
  File "/home/airflow/.local/lib/python3.12/site-packages/airflow/models/dagbag.py", line 382, in parse
    loader.exec_module(new_module)
  File "<frozen importlib._bootstrap_external>", line 991, in exec_module
  File "<frozen importlib._bootstrap_external>", line 1129, in get_code
  File "<frozen importlib._bootstrap_external>", line 1059, in source_to_code
  File "<frozen importlib._bootstrap>", line 488, in _call_with_frames_removed
  File "/opt/airflow/dags/flex_eau_pipeline.py", line 26
    ingestion = BashOperator(
    ^^^^^^^^^
IndentationError: expected an indented block after 'with' statement on line 11
[2026-06-21T12:54:28.778+0000] {processor.py:927} WARNING - No viable dags retrieved from /opt/airflow/dags/flex_eau_pipeline.py
[2026-06-21T12:54:28.869+0000] {processor.py:208} INFO - Processing /opt/airflow/dags/flex_eau_pipeline.py took 0.200 seconds
[2026-06-21T12:54:59.214+0000] {processor.py:186} INFO - Started process (PID=6684) to work on /opt/airflow/dags/flex_eau_pipeline.py
[2026-06-21T12:54:59.217+0000] {processor.py:914} INFO - Processing file /opt/airflow/dags/flex_eau_pipeline.py for tasks to queue
[2026-06-21T12:54:59.227+0000] {logging_mixin.py:190} INFO - [2026-06-21T12:54:59.225+0000] {dagbag.py:587} INFO - Filling up the DagBag from /opt/airflow/dags/flex_eau_pipeline.py
[2026-06-21T12:54:59.315+0000] {logging_mixin.py:190} INFO - [2026-06-21T12:54:59.311+0000] {dagbag.py:386} ERROR - Failed to import: /opt/airflow/dags/flex_eau_pipeline.py
Traceback (most recent call last):
  File "/home/airflow/.local/lib/python3.12/site-packages/airflow/models/dagbag.py", line 382, in parse
    loader.exec_module(new_module)
  File "<frozen importlib._bootstrap_external>", line 991, in exec_module
  File "<frozen importlib._bootstrap_external>", line 1129, in get_code
  File "<frozen importlib._bootstrap_external>", line 1059, in source_to_code
  File "<frozen importlib._bootstrap>", line 488, in _call_with_frames_removed
  File "/opt/airflow/dags/flex_eau_pipeline.py", line 26
    ingestion = BashOperator(
    ^^^^^^^^^
IndentationError: expected an indented block after 'with' statement on line 11
[2026-06-21T12:54:59.319+0000] {processor.py:927} WARNING - No viable dags retrieved from /opt/airflow/dags/flex_eau_pipeline.py
[2026-06-21T12:54:59.424+0000] {processor.py:208} INFO - Processing /opt/airflow/dags/flex_eau_pipeline.py took 0.237 seconds
[2026-06-21T12:55:29.682+0000] {processor.py:186} INFO - Started process (PID=6689) to work on /opt/airflow/dags/flex_eau_pipeline.py
[2026-06-21T12:55:29.684+0000] {processor.py:914} INFO - Processing file /opt/airflow/dags/flex_eau_pipeline.py for tasks to queue
[2026-06-21T12:55:29.689+0000] {logging_mixin.py:190} INFO - [2026-06-21T12:55:29.689+0000] {dagbag.py:587} INFO - Filling up the DagBag from /opt/airflow/dags/flex_eau_pipeline.py
[2026-06-21T12:55:29.740+0000] {logging_mixin.py:190} INFO - [2026-06-21T12:55:29.738+0000] {dagbag.py:386} ERROR - Failed to import: /opt/airflow/dags/flex_eau_pipeline.py
Traceback (most recent call last):
  File "/home/airflow/.local/lib/python3.12/site-packages/airflow/models/dagbag.py", line 382, in parse
    loader.exec_module(new_module)
  File "<frozen importlib._bootstrap_external>", line 991, in exec_module
  File "<frozen importlib._bootstrap_external>", line 1129, in get_code
  File "<frozen importlib._bootstrap_external>", line 1059, in source_to_code
  File "<frozen importlib._bootstrap>", line 488, in _call_with_frames_removed
  File "/opt/airflow/dags/flex_eau_pipeline.py", line 26
    ingestion = BashOperator(
    ^^^^^^^^^
IndentationError: expected an indented block after 'with' statement on line 11
[2026-06-21T12:55:29.742+0000] {processor.py:927} WARNING - No viable dags retrieved from /opt/airflow/dags/flex_eau_pipeline.py
[2026-06-21T12:55:29.795+0000] {processor.py:208} INFO - Processing /opt/airflow/dags/flex_eau_pipeline.py took 0.128 seconds
[2026-06-21T12:56:00.099+0000] {processor.py:186} INFO - Started process (PID=6694) to work on /opt/airflow/dags/flex_eau_pipeline.py
[2026-06-21T12:56:00.102+0000] {processor.py:914} INFO - Processing file /opt/airflow/dags/flex_eau_pipeline.py for tasks to queue
[2026-06-21T12:56:00.107+0000] {logging_mixin.py:190} INFO - [2026-06-21T12:56:00.106+0000] {dagbag.py:587} INFO - Filling up the DagBag from /opt/airflow/dags/flex_eau_pipeline.py
[2026-06-21T12:56:00.150+0000] {logging_mixin.py:190} INFO - [2026-06-21T12:56:00.148+0000] {dagbag.py:386} ERROR - Failed to import: /opt/airflow/dags/flex_eau_pipeline.py
Traceback (most recent call last):
  File "/home/airflow/.local/lib/python3.12/site-packages/airflow/models/dagbag.py", line 382, in parse
    loader.exec_module(new_module)
  File "<frozen importlib._bootstrap_external>", line 991, in exec_module
  File "<frozen importlib._bootstrap_external>", line 1129, in get_code
  File "<frozen importlib._bootstrap_external>", line 1059, in source_to_code
  File "<frozen importlib._bootstrap>", line 488, in _call_with_frames_removed
  File "/opt/airflow/dags/flex_eau_pipeline.py", line 26
    ingestion = BashOperator(
    ^^^^^^^^^
IndentationError: expected an indented block after 'with' statement on line 11
[2026-06-21T12:56:00.151+0000] {processor.py:927} WARNING - No viable dags retrieved from /opt/airflow/dags/flex_eau_pipeline.py
[2026-06-21T12:56:00.190+0000] {processor.py:208} INFO - Processing /opt/airflow/dags/flex_eau_pipeline.py took 0.110 seconds
[2026-06-21T12:56:30.660+0000] {processor.py:186} INFO - Started process (PID=6699) to work on /opt/airflow/dags/flex_eau_pipeline.py
[2026-06-21T12:56:30.665+0000] {processor.py:914} INFO - Processing file /opt/airflow/dags/flex_eau_pipeline.py for tasks to queue
[2026-06-21T12:56:30.676+0000] {logging_mixin.py:190} INFO - [2026-06-21T12:56:30.675+0000] {dagbag.py:587} INFO - Filling up the DagBag from /opt/airflow/dags/flex_eau_pipeline.py
[2026-06-21T12:56:30.754+0000] {logging_mixin.py:190} INFO - [2026-06-21T12:56:30.751+0000] {dagbag.py:386} ERROR - Failed to import: /opt/airflow/dags/flex_eau_pipeline.py
Traceback (most recent call last):
  File "/home/airflow/.local/lib/python3.12/site-packages/airflow/models/dagbag.py", line 382, in parse
    loader.exec_module(new_module)
  File "<frozen importlib._bootstrap_external>", line 991, in exec_module
  File "<frozen importlib._bootstrap_external>", line 1129, in get_code
  File "<frozen importlib._bootstrap_external>", line 1059, in source_to_code
  File "<frozen importlib._bootstrap>", line 488, in _call_with_frames_removed
  File "/opt/airflow/dags/flex_eau_pipeline.py", line 26
    ingestion = BashOperator(
    ^^^^^^^^^
IndentationError: expected an indented block after 'with' statement on line 11
[2026-06-21T12:56:30.756+0000] {processor.py:927} WARNING - No viable dags retrieved from /opt/airflow/dags/flex_eau_pipeline.py
[2026-06-21T12:56:30.833+0000] {processor.py:208} INFO - Processing /opt/airflow/dags/flex_eau_pipeline.py took 0.189 seconds
[2026-06-21T12:57:01.204+0000] {processor.py:186} INFO - Started process (PID=6704) to work on /opt/airflow/dags/flex_eau_pipeline.py
[2026-06-21T12:57:01.206+0000] {processor.py:914} INFO - Processing file /opt/airflow/dags/flex_eau_pipeline.py for tasks to queue
[2026-06-21T12:57:01.213+0000] {logging_mixin.py:190} INFO - [2026-06-21T12:57:01.212+0000] {dagbag.py:587} INFO - Filling up the DagBag from /opt/airflow/dags/flex_eau_pipeline.py
[2026-06-21T12:57:01.268+0000] {logging_mixin.py:190} INFO - [2026-06-21T12:57:01.265+0000] {dagbag.py:386} ERROR - Failed to import: /opt/airflow/dags/flex_eau_pipeline.py
Traceback (most recent call last):
  File "/home/airflow/.local/lib/python3.12/site-packages/airflow/models/dagbag.py", line 382, in parse
    loader.exec_module(new_module)
  File "<frozen importlib._bootstrap_external>", line 991, in exec_module
  File "<frozen importlib._bootstrap_external>", line 1129, in get_code
  File "<frozen importlib._bootstrap_external>", line 1059, in source_to_code
  File "<frozen importlib._bootstrap>", line 488, in _call_with_frames_removed
  File "/opt/airflow/dags/flex_eau_pipeline.py", line 26
    ingestion = BashOperator(
    ^^^^^^^^^
IndentationError: expected an indented block after 'with' statement on line 11
[2026-06-21T12:57:01.269+0000] {processor.py:927} WARNING - No viable dags retrieved from /opt/airflow/dags/flex_eau_pipeline.py
[2026-06-21T12:57:01.337+0000] {processor.py:208} INFO - Processing /opt/airflow/dags/flex_eau_pipeline.py took 0.150 seconds
[2026-06-21T12:57:31.529+0000] {processor.py:186} INFO - Started process (PID=6709) to work on /opt/airflow/dags/flex_eau_pipeline.py
[2026-06-21T12:57:31.532+0000] {processor.py:914} INFO - Processing file /opt/airflow/dags/flex_eau_pipeline.py for tasks to queue
[2026-06-21T12:57:31.536+0000] {logging_mixin.py:190} INFO - [2026-06-21T12:57:31.536+0000] {dagbag.py:587} INFO - Filling up the DagBag from /opt/airflow/dags/flex_eau_pipeline.py
[2026-06-21T12:57:31.584+0000] {logging_mixin.py:190} INFO - [2026-06-21T12:57:31.582+0000] {dagbag.py:386} ERROR - Failed to import: /opt/airflow/dags/flex_eau_pipeline.py
Traceback (most recent call last):
  File "/home/airflow/.local/lib/python3.12/site-packages/airflow/models/dagbag.py", line 382, in parse
    loader.exec_module(new_module)
  File "<frozen importlib._bootstrap_external>", line 991, in exec_module
  File "<frozen importlib._bootstrap_external>", line 1129, in get_code
  File "<frozen importlib._bootstrap_external>", line 1059, in source_to_code
  File "<frozen importlib._bootstrap>", line 488, in _call_with_frames_removed
  File "/opt/airflow/dags/flex_eau_pipeline.py", line 26
    ingestion = BashOperator(
    ^^^^^^^^^
IndentationError: expected an indented block after 'with' statement on line 11
[2026-06-21T12:57:31.585+0000] {processor.py:927} WARNING - No viable dags retrieved from /opt/airflow/dags/flex_eau_pipeline.py
[2026-06-21T12:57:31.630+0000] {processor.py:208} INFO - Processing /opt/airflow/dags/flex_eau_pipeline.py took 0.114 seconds
[2026-06-21T12:58:01.893+0000] {processor.py:186} INFO - Started process (PID=6714) to work on /opt/airflow/dags/flex_eau_pipeline.py
[2026-06-21T12:58:01.895+0000] {processor.py:914} INFO - Processing file /opt/airflow/dags/flex_eau_pipeline.py for tasks to queue
[2026-06-21T12:58:01.902+0000] {logging_mixin.py:190} INFO - [2026-06-21T12:58:01.901+0000] {dagbag.py:587} INFO - Filling up the DagBag from /opt/airflow/dags/flex_eau_pipeline.py
[2026-06-21T12:58:01.949+0000] {logging_mixin.py:190} INFO - [2026-06-21T12:58:01.946+0000] {dagbag.py:386} ERROR - Failed to import: /opt/airflow/dags/flex_eau_pipeline.py
Traceback (most recent call last):
  File "/home/airflow/.local/lib/python3.12/site-packages/airflow/models/dagbag.py", line 382, in parse
    loader.exec_module(new_module)
  File "<frozen importlib._bootstrap_external>", line 991, in exec_module
  File "<frozen importlib._bootstrap_external>", line 1129, in get_code
  File "<frozen importlib._bootstrap_external>", line 1059, in source_to_code
  File "<frozen importlib._bootstrap>", line 488, in _call_with_frames_removed
  File "/opt/airflow/dags/flex_eau_pipeline.py", line 26
    ingestion = BashOperator(
    ^^^^^^^^^
IndentationError: expected an indented block after 'with' statement on line 11
[2026-06-21T12:58:01.951+0000] {processor.py:927} WARNING - No viable dags retrieved from /opt/airflow/dags/flex_eau_pipeline.py
[2026-06-21T12:58:01.999+0000] {processor.py:208} INFO - Processing /opt/airflow/dags/flex_eau_pipeline.py took 0.115 seconds
[2026-06-21T12:58:32.219+0000] {processor.py:186} INFO - Started process (PID=6719) to work on /opt/airflow/dags/flex_eau_pipeline.py
[2026-06-21T12:58:32.222+0000] {processor.py:914} INFO - Processing file /opt/airflow/dags/flex_eau_pipeline.py for tasks to queue
[2026-06-21T12:58:32.228+0000] {logging_mixin.py:190} INFO - [2026-06-21T12:58:32.227+0000] {dagbag.py:587} INFO - Filling up the DagBag from /opt/airflow/dags/flex_eau_pipeline.py
[2026-06-21T12:58:32.281+0000] {logging_mixin.py:190} INFO - [2026-06-21T12:58:32.279+0000] {dagbag.py:386} ERROR - Failed to import: /opt/airflow/dags/flex_eau_pipeline.py
Traceback (most recent call last):
  File "/home/airflow/.local/lib/python3.12/site-packages/airflow/models/dagbag.py", line 382, in parse
    loader.exec_module(new_module)
  File "<frozen importlib._bootstrap_external>", line 991, in exec_module
  File "<frozen importlib._bootstrap_external>", line 1129, in get_code
  File "<frozen importlib._bootstrap_external>", line 1059, in source_to_code
  File "<frozen importlib._bootstrap>", line 488, in _call_with_frames_removed
  File "/opt/airflow/dags/flex_eau_pipeline.py", line 26
    ingestion = BashOperator(
    ^^^^^^^^^
IndentationError: expected an indented block after 'with' statement on line 11
[2026-06-21T12:58:32.283+0000] {processor.py:927} WARNING - No viable dags retrieved from /opt/airflow/dags/flex_eau_pipeline.py
[2026-06-21T12:58:32.341+0000] {processor.py:208} INFO - Processing /opt/airflow/dags/flex_eau_pipeline.py took 0.140 seconds
[2026-06-21T12:59:02.523+0000] {processor.py:186} INFO - Started process (PID=6724) to work on /opt/airflow/dags/flex_eau_pipeline.py
[2026-06-21T12:59:02.525+0000] {processor.py:914} INFO - Processing file /opt/airflow/dags/flex_eau_pipeline.py for tasks to queue
[2026-06-21T12:59:02.533+0000] {logging_mixin.py:190} INFO - [2026-06-21T12:59:02.531+0000] {dagbag.py:587} INFO - Filling up the DagBag from /opt/airflow/dags/flex_eau_pipeline.py
[2026-06-21T12:59:02.585+0000] {logging_mixin.py:190} INFO - [2026-06-21T12:59:02.582+0000] {dagbag.py:386} ERROR - Failed to import: /opt/airflow/dags/flex_eau_pipeline.py
Traceback (most recent call last):
  File "/home/airflow/.local/lib/python3.12/site-packages/airflow/models/dagbag.py", line 382, in parse
    loader.exec_module(new_module)
  File "<frozen importlib._bootstrap_external>", line 991, in exec_module
  File "<frozen importlib._bootstrap_external>", line 1129, in get_code
  File "<frozen importlib._bootstrap_external>", line 1059, in source_to_code
  File "<frozen importlib._bootstrap>", line 488, in _call_with_frames_removed
  File "/opt/airflow/dags/flex_eau_pipeline.py", line 26
    ingestion = BashOperator(
    ^^^^^^^^^
IndentationError: expected an indented block after 'with' statement on line 11
[2026-06-21T12:59:02.587+0000] {processor.py:927} WARNING - No viable dags retrieved from /opt/airflow/dags/flex_eau_pipeline.py
[2026-06-21T12:59:02.641+0000] {processor.py:208} INFO - Processing /opt/airflow/dags/flex_eau_pipeline.py took 0.134 seconds
[2026-06-21T12:59:32.860+0000] {processor.py:186} INFO - Started process (PID=6729) to work on /opt/airflow/dags/flex_eau_pipeline.py
[2026-06-21T12:59:32.862+0000] {processor.py:914} INFO - Processing file /opt/airflow/dags/flex_eau_pipeline.py for tasks to queue
[2026-06-21T12:59:32.868+0000] {logging_mixin.py:190} INFO - [2026-06-21T12:59:32.867+0000] {dagbag.py:587} INFO - Filling up the DagBag from /opt/airflow/dags/flex_eau_pipeline.py
[2026-06-21T12:59:32.910+0000] {logging_mixin.py:190} INFO - [2026-06-21T12:59:32.909+0000] {dagbag.py:386} ERROR - Failed to import: /opt/airflow/dags/flex_eau_pipeline.py
Traceback (most recent call last):
  File "/home/airflow/.local/lib/python3.12/site-packages/airflow/models/dagbag.py", line 382, in parse
    loader.exec_module(new_module)
  File "<frozen importlib._bootstrap_external>", line 991, in exec_module
  File "<frozen importlib._bootstrap_external>", line 1129, in get_code
  File "<frozen importlib._bootstrap_external>", line 1059, in source_to_code
  File "<frozen importlib._bootstrap>", line 488, in _call_with_frames_removed
  File "/opt/airflow/dags/flex_eau_pipeline.py", line 26
    ingestion = BashOperator(
    ^^^^^^^^^
IndentationError: expected an indented block after 'with' statement on line 11
[2026-06-21T12:59:32.912+0000] {processor.py:927} WARNING - No viable dags retrieved from /opt/airflow/dags/flex_eau_pipeline.py
[2026-06-21T12:59:32.950+0000] {processor.py:208} INFO - Processing /opt/airflow/dags/flex_eau_pipeline.py took 0.105 seconds
[2026-06-21T13:00:03.197+0000] {processor.py:186} INFO - Started process (PID=6734) to work on /opt/airflow/dags/flex_eau_pipeline.py
[2026-06-21T13:00:03.200+0000] {processor.py:914} INFO - Processing file /opt/airflow/dags/flex_eau_pipeline.py for tasks to queue
[2026-06-21T13:00:03.209+0000] {logging_mixin.py:190} INFO - [2026-06-21T13:00:03.208+0000] {dagbag.py:587} INFO - Filling up the DagBag from /opt/airflow/dags/flex_eau_pipeline.py
[2026-06-21T13:00:03.273+0000] {logging_mixin.py:190} INFO - [2026-06-21T13:00:03.270+0000] {dagbag.py:386} ERROR - Failed to import: /opt/airflow/dags/flex_eau_pipeline.py
Traceback (most recent call last):
  File "/home/airflow/.local/lib/python3.12/site-packages/airflow/models/dagbag.py", line 382, in parse
    loader.exec_module(new_module)
  File "<frozen importlib._bootstrap_external>", line 991, in exec_module
  File "<frozen importlib._bootstrap_external>", line 1129, in get_code
  File "<frozen importlib._bootstrap_external>", line 1059, in source_to_code
  File "<frozen importlib._bootstrap>", line 488, in _call_with_frames_removed
  File "/opt/airflow/dags/flex_eau_pipeline.py", line 26
    ingestion = BashOperator(
    ^^^^^^^^^
IndentationError: expected an indented block after 'with' statement on line 11
[2026-06-21T13:00:03.276+0000] {processor.py:927} WARNING - No viable dags retrieved from /opt/airflow/dags/flex_eau_pipeline.py
[2026-06-21T13:00:03.349+0000] {processor.py:208} INFO - Processing /opt/airflow/dags/flex_eau_pipeline.py took 0.175 seconds
[2026-06-21T13:00:33.723+0000] {processor.py:186} INFO - Started process (PID=6739) to work on /opt/airflow/dags/flex_eau_pipeline.py
[2026-06-21T13:00:33.727+0000] {processor.py:914} INFO - Processing file /opt/airflow/dags/flex_eau_pipeline.py for tasks to queue
[2026-06-21T13:00:33.737+0000] {logging_mixin.py:190} INFO - [2026-06-21T13:00:33.736+0000] {dagbag.py:587} INFO - Filling up the DagBag from /opt/airflow/dags/flex_eau_pipeline.py
[2026-06-21T13:00:33.811+0000] {logging_mixin.py:190} INFO - [2026-06-21T13:00:33.808+0000] {dagbag.py:386} ERROR - Failed to import: /opt/airflow/dags/flex_eau_pipeline.py
Traceback (most recent call last):
  File "/home/airflow/.local/lib/python3.12/site-packages/airflow/models/dagbag.py", line 382, in parse
    loader.exec_module(new_module)
  File "<frozen importlib._bootstrap_external>", line 991, in exec_module
  File "<frozen importlib._bootstrap_external>", line 1129, in get_code
  File "<frozen importlib._bootstrap_external>", line 1059, in source_to_code
  File "<frozen importlib._bootstrap>", line 488, in _call_with_frames_removed
  File "/opt/airflow/dags/flex_eau_pipeline.py", line 26
    ingestion = BashOperator(
    ^^^^^^^^^
IndentationError: expected an indented block after 'with' statement on line 11
[2026-06-21T13:00:33.814+0000] {processor.py:927} WARNING - No viable dags retrieved from /opt/airflow/dags/flex_eau_pipeline.py
[2026-06-21T13:00:33.910+0000] {processor.py:208} INFO - Processing /opt/airflow/dags/flex_eau_pipeline.py took 0.208 seconds
[2026-06-21T13:01:04.257+0000] {processor.py:186} INFO - Started process (PID=6744) to work on /opt/airflow/dags/flex_eau_pipeline.py
[2026-06-21T13:01:04.261+0000] {processor.py:914} INFO - Processing file /opt/airflow/dags/flex_eau_pipeline.py for tasks to queue
[2026-06-21T13:01:04.272+0000] {logging_mixin.py:190} INFO - [2026-06-21T13:01:04.271+0000] {dagbag.py:587} INFO - Filling up the DagBag from /opt/airflow/dags/flex_eau_pipeline.py
[2026-06-21T13:01:04.339+0000] {logging_mixin.py:190} INFO - [2026-06-21T13:01:04.335+0000] {dagbag.py:386} ERROR - Failed to import: /opt/airflow/dags/flex_eau_pipeline.py
Traceback (most recent call last):
  File "/home/airflow/.local/lib/python3.12/site-packages/airflow/models/dagbag.py", line 382, in parse
    loader.exec_module(new_module)
  File "<frozen importlib._bootstrap_external>", line 991, in exec_module
  File "<frozen importlib._bootstrap_external>", line 1129, in get_code
  File "<frozen importlib._bootstrap_external>", line 1059, in source_to_code
  File "<frozen importlib._bootstrap>", line 488, in _call_with_frames_removed
  File "/opt/airflow/dags/flex_eau_pipeline.py", line 26
    ingestion = BashOperator(
    ^^^^^^^^^
IndentationError: expected an indented block after 'with' statement on line 11
[2026-06-21T13:01:04.342+0000] {processor.py:927} WARNING - No viable dags retrieved from /opt/airflow/dags/flex_eau_pipeline.py
[2026-06-21T13:01:04.429+0000] {processor.py:208} INFO - Processing /opt/airflow/dags/flex_eau_pipeline.py took 0.199 seconds
[2026-06-21T13:01:34.836+0000] {processor.py:186} INFO - Started process (PID=6749) to work on /opt/airflow/dags/flex_eau_pipeline.py
[2026-06-21T13:01:34.840+0000] {processor.py:914} INFO - Processing file /opt/airflow/dags/flex_eau_pipeline.py for tasks to queue
[2026-06-21T13:01:34.853+0000] {logging_mixin.py:190} INFO - [2026-06-21T13:01:34.852+0000] {dagbag.py:587} INFO - Filling up the DagBag from /opt/airflow/dags/flex_eau_pipeline.py
[2026-06-21T13:01:34.936+0000] {logging_mixin.py:190} INFO - [2026-06-21T13:01:34.932+0000] {dagbag.py:386} ERROR - Failed to import: /opt/airflow/dags/flex_eau_pipeline.py
Traceback (most recent call last):
  File "/home/airflow/.local/lib/python3.12/site-packages/airflow/models/dagbag.py", line 382, in parse
    loader.exec_module(new_module)
  File "<frozen importlib._bootstrap_external>", line 991, in exec_module
  File "<frozen importlib._bootstrap_external>", line 1129, in get_code
  File "<frozen importlib._bootstrap_external>", line 1059, in source_to_code
  File "<frozen importlib._bootstrap>", line 488, in _call_with_frames_removed
  File "/opt/airflow/dags/flex_eau_pipeline.py", line 26
    ingestion = BashOperator(
    ^^^^^^^^^
IndentationError: expected an indented block after 'with' statement on line 11
[2026-06-21T13:01:34.938+0000] {processor.py:927} WARNING - No viable dags retrieved from /opt/airflow/dags/flex_eau_pipeline.py
[2026-06-21T13:01:35.039+0000] {processor.py:208} INFO - Processing /opt/airflow/dags/flex_eau_pipeline.py took 0.237 seconds
[2026-06-21T13:02:05.448+0000] {processor.py:186} INFO - Started process (PID=6754) to work on /opt/airflow/dags/flex_eau_pipeline.py
[2026-06-21T13:02:05.452+0000] {processor.py:914} INFO - Processing file /opt/airflow/dags/flex_eau_pipeline.py for tasks to queue
[2026-06-21T13:02:05.463+0000] {logging_mixin.py:190} INFO - [2026-06-21T13:02:05.462+0000] {dagbag.py:587} INFO - Filling up the DagBag from /opt/airflow/dags/flex_eau_pipeline.py
[2026-06-21T13:02:05.532+0000] {logging_mixin.py:190} INFO - [2026-06-21T13:02:05.529+0000] {dagbag.py:386} ERROR - Failed to import: /opt/airflow/dags/flex_eau_pipeline.py
Traceback (most recent call last):
  File "/home/airflow/.local/lib/python3.12/site-packages/airflow/models/dagbag.py", line 382, in parse
    loader.exec_module(new_module)
  File "<frozen importlib._bootstrap_external>", line 991, in exec_module
  File "<frozen importlib._bootstrap_external>", line 1129, in get_code
  File "<frozen importlib._bootstrap_external>", line 1059, in source_to_code
  File "<frozen importlib._bootstrap>", line 488, in _call_with_frames_removed
  File "/opt/airflow/dags/flex_eau_pipeline.py", line 26
    ingestion = BashOperator(
    ^^^^^^^^^
IndentationError: expected an indented block after 'with' statement on line 11
[2026-06-21T13:02:05.534+0000] {processor.py:927} WARNING - No viable dags retrieved from /opt/airflow/dags/flex_eau_pipeline.py
[2026-06-21T13:02:05.599+0000] {processor.py:208} INFO - Processing /opt/airflow/dags/flex_eau_pipeline.py took 0.179 seconds
[2026-06-21T13:02:35.760+0000] {processor.py:186} INFO - Started process (PID=6759) to work on /opt/airflow/dags/flex_eau_pipeline.py
[2026-06-21T13:02:35.764+0000] {processor.py:914} INFO - Processing file /opt/airflow/dags/flex_eau_pipeline.py for tasks to queue
[2026-06-21T13:02:35.772+0000] {logging_mixin.py:190} INFO - [2026-06-21T13:02:35.771+0000] {dagbag.py:587} INFO - Filling up the DagBag from /opt/airflow/dags/flex_eau_pipeline.py
[2026-06-21T13:02:35.820+0000] {logging_mixin.py:190} INFO - [2026-06-21T13:02:35.819+0000] {dagbag.py:386} ERROR - Failed to import: /opt/airflow/dags/flex_eau_pipeline.py
Traceback (most recent call last):
  File "/home/airflow/.local/lib/python3.12/site-packages/airflow/models/dagbag.py", line 382, in parse
    loader.exec_module(new_module)
  File "<frozen importlib._bootstrap_external>", line 991, in exec_module
  File "<frozen importlib._bootstrap_external>", line 1129, in get_code
  File "<frozen importlib._bootstrap_external>", line 1059, in source_to_code
  File "<frozen importlib._bootstrap>", line 488, in _call_with_frames_removed
  File "/opt/airflow/dags/flex_eau_pipeline.py", line 26
    ingestion = BashOperator(
    ^^^^^^^^^
IndentationError: expected an indented block after 'with' statement on line 11
[2026-06-21T13:02:35.822+0000] {processor.py:927} WARNING - No viable dags retrieved from /opt/airflow/dags/flex_eau_pipeline.py
[2026-06-21T13:02:35.870+0000] {processor.py:208} INFO - Processing /opt/airflow/dags/flex_eau_pipeline.py took 0.134 seconds
[2026-06-21T13:03:06.107+0000] {processor.py:186} INFO - Started process (PID=6764) to work on /opt/airflow/dags/flex_eau_pipeline.py
[2026-06-21T13:03:06.110+0000] {processor.py:914} INFO - Processing file /opt/airflow/dags/flex_eau_pipeline.py for tasks to queue
[2026-06-21T13:03:06.115+0000] {logging_mixin.py:190} INFO - [2026-06-21T13:03:06.114+0000] {dagbag.py:587} INFO - Filling up the DagBag from /opt/airflow/dags/flex_eau_pipeline.py
[2026-06-21T13:03:06.156+0000] {logging_mixin.py:190} INFO - [2026-06-21T13:03:06.153+0000] {dagbag.py:386} ERROR - Failed to import: /opt/airflow/dags/flex_eau_pipeline.py
Traceback (most recent call last):
  File "/home/airflow/.local/lib/python3.12/site-packages/airflow/models/dagbag.py", line 382, in parse
    loader.exec_module(new_module)
  File "<frozen importlib._bootstrap_external>", line 991, in exec_module
  File "<frozen importlib._bootstrap_external>", line 1129, in get_code
  File "<frozen importlib._bootstrap_external>", line 1059, in source_to_code
  File "<frozen importlib._bootstrap>", line 488, in _call_with_frames_removed
  File "/opt/airflow/dags/flex_eau_pipeline.py", line 26
    ingestion = BashOperator(
    ^^^^^^^^^
IndentationError: expected an indented block after 'with' statement on line 11
[2026-06-21T13:03:06.157+0000] {processor.py:927} WARNING - No viable dags retrieved from /opt/airflow/dags/flex_eau_pipeline.py
[2026-06-21T13:03:06.211+0000] {processor.py:208} INFO - Processing /opt/airflow/dags/flex_eau_pipeline.py took 0.119 seconds
[2026-06-21T13:03:36.438+0000] {processor.py:186} INFO - Started process (PID=6769) to work on /opt/airflow/dags/flex_eau_pipeline.py
[2026-06-21T13:03:36.441+0000] {processor.py:914} INFO - Processing file /opt/airflow/dags/flex_eau_pipeline.py for tasks to queue
[2026-06-21T13:03:36.448+0000] {logging_mixin.py:190} INFO - [2026-06-21T13:03:36.447+0000] {dagbag.py:587} INFO - Filling up the DagBag from /opt/airflow/dags/flex_eau_pipeline.py
[2026-06-21T13:03:36.516+0000] {logging_mixin.py:190} INFO - [2026-06-21T13:03:36.512+0000] {dagbag.py:386} ERROR - Failed to import: /opt/airflow/dags/flex_eau_pipeline.py
Traceback (most recent call last):
  File "/home/airflow/.local/lib/python3.12/site-packages/airflow/models/dagbag.py", line 382, in parse
    loader.exec_module(new_module)
  File "<frozen importlib._bootstrap_external>", line 991, in exec_module
  File "<frozen importlib._bootstrap_external>", line 1129, in get_code
  File "<frozen importlib._bootstrap_external>", line 1059, in source_to_code
  File "<frozen importlib._bootstrap>", line 488, in _call_with_frames_removed
  File "/opt/airflow/dags/flex_eau_pipeline.py", line 26
    ingestion = BashOperator(
    ^^^^^^^^^
IndentationError: expected an indented block after 'with' statement on line 11
[2026-06-21T13:03:36.518+0000] {processor.py:927} WARNING - No viable dags retrieved from /opt/airflow/dags/flex_eau_pipeline.py
[2026-06-21T13:03:36.593+0000] {processor.py:208} INFO - Processing /opt/airflow/dags/flex_eau_pipeline.py took 0.177 seconds
[2026-06-21T13:04:06.743+0000] {processor.py:186} INFO - Started process (PID=6774) to work on /opt/airflow/dags/flex_eau_pipeline.py
[2026-06-21T13:04:06.748+0000] {processor.py:914} INFO - Processing file /opt/airflow/dags/flex_eau_pipeline.py for tasks to queue
[2026-06-21T13:04:06.752+0000] {logging_mixin.py:190} INFO - [2026-06-21T13:04:06.751+0000] {dagbag.py:587} INFO - Filling up the DagBag from /opt/airflow/dags/flex_eau_pipeline.py
[2026-06-21T13:04:06.790+0000] {logging_mixin.py:190} INFO - [2026-06-21T13:04:06.788+0000] {dagbag.py:386} ERROR - Failed to import: /opt/airflow/dags/flex_eau_pipeline.py
Traceback (most recent call last):
  File "/home/airflow/.local/lib/python3.12/site-packages/airflow/models/dagbag.py", line 382, in parse
    loader.exec_module(new_module)
  File "<frozen importlib._bootstrap_external>", line 991, in exec_module
  File "<frozen importlib._bootstrap_external>", line 1129, in get_code
  File "<frozen importlib._bootstrap_external>", line 1059, in source_to_code
  File "<frozen importlib._bootstrap>", line 488, in _call_with_frames_removed
  File "/opt/airflow/dags/flex_eau_pipeline.py", line 26
    ingestion = BashOperator(
    ^^^^^^^^^
IndentationError: expected an indented block after 'with' statement on line 11
[2026-06-21T13:04:06.792+0000] {processor.py:927} WARNING - No viable dags retrieved from /opt/airflow/dags/flex_eau_pipeline.py
[2026-06-21T13:04:06.834+0000] {processor.py:208} INFO - Processing /opt/airflow/dags/flex_eau_pipeline.py took 0.106 seconds
[2026-06-21T13:04:37.087+0000] {processor.py:186} INFO - Started process (PID=6779) to work on /opt/airflow/dags/flex_eau_pipeline.py
[2026-06-21T13:04:37.089+0000] {processor.py:914} INFO - Processing file /opt/airflow/dags/flex_eau_pipeline.py for tasks to queue
[2026-06-21T13:04:37.092+0000] {logging_mixin.py:190} INFO - [2026-06-21T13:04:37.092+0000] {dagbag.py:587} INFO - Filling up the DagBag from /opt/airflow/dags/flex_eau_pipeline.py
[2026-06-21T13:04:37.134+0000] {logging_mixin.py:190} INFO - [2026-06-21T13:04:37.131+0000] {dagbag.py:386} ERROR - Failed to import: /opt/airflow/dags/flex_eau_pipeline.py
Traceback (most recent call last):
  File "/home/airflow/.local/lib/python3.12/site-packages/airflow/models/dagbag.py", line 382, in parse
    loader.exec_module(new_module)
  File "<frozen importlib._bootstrap_external>", line 991, in exec_module
  File "<frozen importlib._bootstrap_external>", line 1129, in get_code
  File "<frozen importlib._bootstrap_external>", line 1059, in source_to_code
  File "<frozen importlib._bootstrap>", line 488, in _call_with_frames_removed
  File "/opt/airflow/dags/flex_eau_pipeline.py", line 26
    ingestion = BashOperator(
    ^^^^^^^^^
IndentationError: expected an indented block after 'with' statement on line 11
[2026-06-21T13:04:37.136+0000] {processor.py:927} WARNING - No viable dags retrieved from /opt/airflow/dags/flex_eau_pipeline.py
[2026-06-21T13:04:37.174+0000] {processor.py:208} INFO - Processing /opt/airflow/dags/flex_eau_pipeline.py took 0.099 seconds
[2026-06-21T13:05:07.334+0000] {processor.py:186} INFO - Started process (PID=6784) to work on /opt/airflow/dags/flex_eau_pipeline.py
[2026-06-21T13:05:07.336+0000] {processor.py:914} INFO - Processing file /opt/airflow/dags/flex_eau_pipeline.py for tasks to queue
[2026-06-21T13:05:07.340+0000] {logging_mixin.py:190} INFO - [2026-06-21T13:05:07.339+0000] {dagbag.py:587} INFO - Filling up the DagBag from /opt/airflow/dags/flex_eau_pipeline.py
[2026-06-21T13:05:07.378+0000] {logging_mixin.py:190} INFO - [2026-06-21T13:05:07.376+0000] {dagbag.py:386} ERROR - Failed to import: /opt/airflow/dags/flex_eau_pipeline.py
Traceback (most recent call last):
  File "/home/airflow/.local/lib/python3.12/site-packages/airflow/models/dagbag.py", line 382, in parse
    loader.exec_module(new_module)
  File "<frozen importlib._bootstrap_external>", line 991, in exec_module
  File "<frozen importlib._bootstrap_external>", line 1129, in get_code
  File "<frozen importlib._bootstrap_external>", line 1059, in source_to_code
  File "<frozen importlib._bootstrap>", line 488, in _call_with_frames_removed
  File "/opt/airflow/dags/flex_eau_pipeline.py", line 26
    ingestion = BashOperator(
    ^^^^^^^^^
IndentationError: expected an indented block after 'with' statement on line 11
[2026-06-21T13:05:07.380+0000] {processor.py:927} WARNING - No viable dags retrieved from /opt/airflow/dags/flex_eau_pipeline.py
[2026-06-21T13:05:07.418+0000] {processor.py:208} INFO - Processing /opt/airflow/dags/flex_eau_pipeline.py took 0.094 seconds
[2026-06-21T13:05:37.610+0000] {processor.py:186} INFO - Started process (PID=6789) to work on /opt/airflow/dags/flex_eau_pipeline.py
[2026-06-21T13:05:37.618+0000] {processor.py:914} INFO - Processing file /opt/airflow/dags/flex_eau_pipeline.py for tasks to queue
[2026-06-21T13:05:37.626+0000] {logging_mixin.py:190} INFO - [2026-06-21T13:05:37.625+0000] {dagbag.py:587} INFO - Filling up the DagBag from /opt/airflow/dags/flex_eau_pipeline.py
[2026-06-21T13:05:37.699+0000] {logging_mixin.py:190} INFO - [2026-06-21T13:05:37.695+0000] {dagbag.py:386} ERROR - Failed to import: /opt/airflow/dags/flex_eau_pipeline.py
Traceback (most recent call last):
  File "/home/airflow/.local/lib/python3.12/site-packages/airflow/models/dagbag.py", line 382, in parse
    loader.exec_module(new_module)
  File "<frozen importlib._bootstrap_external>", line 991, in exec_module
  File "<frozen importlib._bootstrap_external>", line 1129, in get_code
  File "<frozen importlib._bootstrap_external>", line 1059, in source_to_code
  File "<frozen importlib._bootstrap>", line 488, in _call_with_frames_removed
  File "/opt/airflow/dags/flex_eau_pipeline.py", line 26
    ingestion = BashOperator(
    ^^^^^^^^^
IndentationError: expected an indented block after 'with' statement on line 11
[2026-06-21T13:05:37.702+0000] {processor.py:927} WARNING - No viable dags retrieved from /opt/airflow/dags/flex_eau_pipeline.py
[2026-06-21T13:05:37.794+0000] {processor.py:208} INFO - Processing /opt/airflow/dags/flex_eau_pipeline.py took 0.212 seconds
[2026-06-21T13:06:07.965+0000] {processor.py:186} INFO - Started process (PID=6794) to work on /opt/airflow/dags/flex_eau_pipeline.py
[2026-06-21T13:06:07.967+0000] {processor.py:914} INFO - Processing file /opt/airflow/dags/flex_eau_pipeline.py for tasks to queue
[2026-06-21T13:06:07.972+0000] {logging_mixin.py:190} INFO - [2026-06-21T13:06:07.971+0000] {dagbag.py:587} INFO - Filling up the DagBag from /opt/airflow/dags/flex_eau_pipeline.py
[2026-06-21T13:06:08.013+0000] {logging_mixin.py:190} INFO - [2026-06-21T13:06:08.011+0000] {dagbag.py:386} ERROR - Failed to import: /opt/airflow/dags/flex_eau_pipeline.py
Traceback (most recent call last):
  File "/home/airflow/.local/lib/python3.12/site-packages/airflow/models/dagbag.py", line 382, in parse
    loader.exec_module(new_module)
  File "<frozen importlib._bootstrap_external>", line 991, in exec_module
  File "<frozen importlib._bootstrap_external>", line 1129, in get_code
  File "<frozen importlib._bootstrap_external>", line 1059, in source_to_code
  File "<frozen importlib._bootstrap>", line 488, in _call_with_frames_removed
  File "/opt/airflow/dags/flex_eau_pipeline.py", line 26
    ingestion = BashOperator(
    ^^^^^^^^^
IndentationError: expected an indented block after 'with' statement on line 11
[2026-06-21T13:06:08.014+0000] {processor.py:927} WARNING - No viable dags retrieved from /opt/airflow/dags/flex_eau_pipeline.py
[2026-06-21T13:06:08.062+0000] {processor.py:208} INFO - Processing /opt/airflow/dags/flex_eau_pipeline.py took 0.105 seconds
[2026-06-21T13:06:38.236+0000] {processor.py:186} INFO - Started process (PID=6799) to work on /opt/airflow/dags/flex_eau_pipeline.py
[2026-06-21T13:06:38.239+0000] {processor.py:914} INFO - Processing file /opt/airflow/dags/flex_eau_pipeline.py for tasks to queue
[2026-06-21T13:06:38.246+0000] {logging_mixin.py:190} INFO - [2026-06-21T13:06:38.246+0000] {dagbag.py:587} INFO - Filling up the DagBag from /opt/airflow/dags/flex_eau_pipeline.py
[2026-06-21T13:06:38.355+0000] {logging_mixin.py:190} INFO - [2026-06-21T13:06:38.351+0000] {dagbag.py:386} ERROR - Failed to import: /opt/airflow/dags/flex_eau_pipeline.py
Traceback (most recent call last):
  File "/home/airflow/.local/lib/python3.12/site-packages/airflow/models/dagbag.py", line 382, in parse
    loader.exec_module(new_module)
  File "<frozen importlib._bootstrap_external>", line 991, in exec_module
  File "<frozen importlib._bootstrap_external>", line 1129, in get_code
  File "<frozen importlib._bootstrap_external>", line 1059, in source_to_code
  File "<frozen importlib._bootstrap>", line 488, in _call_with_frames_removed
  File "/opt/airflow/dags/flex_eau_pipeline.py", line 26
    ingestion = BashOperator(
    ^^^^^^^^^
IndentationError: expected an indented block after 'with' statement on line 11
[2026-06-21T13:06:38.357+0000] {processor.py:927} WARNING - No viable dags retrieved from /opt/airflow/dags/flex_eau_pipeline.py
[2026-06-21T13:06:38.431+0000] {processor.py:208} INFO - Processing /opt/airflow/dags/flex_eau_pipeline.py took 0.213 seconds
[2026-06-21T13:07:08.647+0000] {processor.py:186} INFO - Started process (PID=6804) to work on /opt/airflow/dags/flex_eau_pipeline.py
[2026-06-21T13:07:08.650+0000] {processor.py:914} INFO - Processing file /opt/airflow/dags/flex_eau_pipeline.py for tasks to queue
[2026-06-21T13:07:08.658+0000] {logging_mixin.py:190} INFO - [2026-06-21T13:07:08.657+0000] {dagbag.py:587} INFO - Filling up the DagBag from /opt/airflow/dags/flex_eau_pipeline.py
[2026-06-21T13:07:08.708+0000] {logging_mixin.py:190} INFO - [2026-06-21T13:07:08.706+0000] {dagbag.py:386} ERROR - Failed to import: /opt/airflow/dags/flex_eau_pipeline.py
Traceback (most recent call last):
  File "/home/airflow/.local/lib/python3.12/site-packages/airflow/models/dagbag.py", line 382, in parse
    loader.exec_module(new_module)
  File "<frozen importlib._bootstrap_external>", line 991, in exec_module
  File "<frozen importlib._bootstrap_external>", line 1129, in get_code
  File "<frozen importlib._bootstrap_external>", line 1059, in source_to_code
  File "<frozen importlib._bootstrap>", line 488, in _call_with_frames_removed
  File "/opt/airflow/dags/flex_eau_pipeline.py", line 26
    ingestion = BashOperator(
    ^^^^^^^^^
IndentationError: expected an indented block after 'with' statement on line 11
[2026-06-21T13:07:08.710+0000] {processor.py:927} WARNING - No viable dags retrieved from /opt/airflow/dags/flex_eau_pipeline.py
[2026-06-21T13:07:08.759+0000] {processor.py:208} INFO - Processing /opt/airflow/dags/flex_eau_pipeline.py took 0.135 seconds
[2026-06-21T13:07:39.116+0000] {processor.py:186} INFO - Started process (PID=6809) to work on /opt/airflow/dags/flex_eau_pipeline.py
[2026-06-21T13:07:39.120+0000] {processor.py:914} INFO - Processing file /opt/airflow/dags/flex_eau_pipeline.py for tasks to queue
[2026-06-21T13:07:39.129+0000] {logging_mixin.py:190} INFO - [2026-06-21T13:07:39.129+0000] {dagbag.py:587} INFO - Filling up the DagBag from /opt/airflow/dags/flex_eau_pipeline.py
[2026-06-21T13:07:39.198+0000] {logging_mixin.py:190} INFO - [2026-06-21T13:07:39.195+0000] {dagbag.py:386} ERROR - Failed to import: /opt/airflow/dags/flex_eau_pipeline.py
Traceback (most recent call last):
  File "/home/airflow/.local/lib/python3.12/site-packages/airflow/models/dagbag.py", line 382, in parse
    loader.exec_module(new_module)
  File "<frozen importlib._bootstrap_external>", line 991, in exec_module
  File "<frozen importlib._bootstrap_external>", line 1129, in get_code
  File "<frozen importlib._bootstrap_external>", line 1059, in source_to_code
  File "<frozen importlib._bootstrap>", line 488, in _call_with_frames_removed
  File "/opt/airflow/dags/flex_eau_pipeline.py", line 26
    ingestion = BashOperator(
    ^^^^^^^^^
IndentationError: expected an indented block after 'with' statement on line 11
[2026-06-21T13:07:39.200+0000] {processor.py:927} WARNING - No viable dags retrieved from /opt/airflow/dags/flex_eau_pipeline.py
[2026-06-21T13:07:39.255+0000] {processor.py:208} INFO - Processing /opt/airflow/dags/flex_eau_pipeline.py took 0.164 seconds
[2026-06-21T13:08:09.606+0000] {processor.py:186} INFO - Started process (PID=6814) to work on /opt/airflow/dags/flex_eau_pipeline.py
[2026-06-21T13:08:09.608+0000] {processor.py:914} INFO - Processing file /opt/airflow/dags/flex_eau_pipeline.py for tasks to queue
[2026-06-21T13:08:09.614+0000] {logging_mixin.py:190} INFO - [2026-06-21T13:08:09.613+0000] {dagbag.py:587} INFO - Filling up the DagBag from /opt/airflow/dags/flex_eau_pipeline.py
[2026-06-21T13:08:09.653+0000] {logging_mixin.py:190} INFO - [2026-06-21T13:08:09.652+0000] {dagbag.py:386} ERROR - Failed to import: /opt/airflow/dags/flex_eau_pipeline.py
Traceback (most recent call last):
  File "/home/airflow/.local/lib/python3.12/site-packages/airflow/models/dagbag.py", line 382, in parse
    loader.exec_module(new_module)
  File "<frozen importlib._bootstrap_external>", line 991, in exec_module
  File "<frozen importlib._bootstrap_external>", line 1129, in get_code
  File "<frozen importlib._bootstrap_external>", line 1059, in source_to_code
  File "<frozen importlib._bootstrap>", line 488, in _call_with_frames_removed
  File "/opt/airflow/dags/flex_eau_pipeline.py", line 26
    ingestion = BashOperator(
    ^^^^^^^^^
IndentationError: expected an indented block after 'with' statement on line 11
[2026-06-21T13:08:09.654+0000] {processor.py:927} WARNING - No viable dags retrieved from /opt/airflow/dags/flex_eau_pipeline.py
[2026-06-21T13:08:09.694+0000] {processor.py:208} INFO - Processing /opt/airflow/dags/flex_eau_pipeline.py took 0.097 seconds
[2026-06-21T13:08:39.975+0000] {processor.py:186} INFO - Started process (PID=6819) to work on /opt/airflow/dags/flex_eau_pipeline.py
[2026-06-21T13:08:39.978+0000] {processor.py:914} INFO - Processing file /opt/airflow/dags/flex_eau_pipeline.py for tasks to queue
[2026-06-21T13:08:39.987+0000] {logging_mixin.py:190} INFO - [2026-06-21T13:08:39.986+0000] {dagbag.py:587} INFO - Filling up the DagBag from /opt/airflow/dags/flex_eau_pipeline.py
[2026-06-21T13:08:40.040+0000] {logging_mixin.py:190} INFO - [2026-06-21T13:08:40.038+0000] {dagbag.py:386} ERROR - Failed to import: /opt/airflow/dags/flex_eau_pipeline.py
Traceback (most recent call last):
  File "/home/airflow/.local/lib/python3.12/site-packages/airflow/models/dagbag.py", line 382, in parse
    loader.exec_module(new_module)
  File "<frozen importlib._bootstrap_external>", line 991, in exec_module
  File "<frozen importlib._bootstrap_external>", line 1129, in get_code
  File "<frozen importlib._bootstrap_external>", line 1059, in source_to_code
  File "<frozen importlib._bootstrap>", line 488, in _call_with_frames_removed
  File "/opt/airflow/dags/flex_eau_pipeline.py", line 26
    ingestion = BashOperator(
    ^^^^^^^^^
IndentationError: expected an indented block after 'with' statement on line 11
[2026-06-21T13:08:40.042+0000] {processor.py:927} WARNING - No viable dags retrieved from /opt/airflow/dags/flex_eau_pipeline.py
[2026-06-21T13:08:40.096+0000] {processor.py:208} INFO - Processing /opt/airflow/dags/flex_eau_pipeline.py took 0.138 seconds
[2026-06-21T13:09:10.328+0000] {processor.py:186} INFO - Started process (PID=6824) to work on /opt/airflow/dags/flex_eau_pipeline.py
[2026-06-21T13:09:10.330+0000] {processor.py:914} INFO - Processing file /opt/airflow/dags/flex_eau_pipeline.py for tasks to queue
[2026-06-21T13:09:10.337+0000] {logging_mixin.py:190} INFO - [2026-06-21T13:09:10.337+0000] {dagbag.py:587} INFO - Filling up the DagBag from /opt/airflow/dags/flex_eau_pipeline.py
[2026-06-21T13:09:10.379+0000] {logging_mixin.py:190} INFO - [2026-06-21T13:09:10.377+0000] {dagbag.py:386} ERROR - Failed to import: /opt/airflow/dags/flex_eau_pipeline.py
Traceback (most recent call last):
  File "/home/airflow/.local/lib/python3.12/site-packages/airflow/models/dagbag.py", line 382, in parse
    loader.exec_module(new_module)
  File "<frozen importlib._bootstrap_external>", line 991, in exec_module
  File "<frozen importlib._bootstrap_external>", line 1129, in get_code
  File "<frozen importlib._bootstrap_external>", line 1059, in source_to_code
  File "<frozen importlib._bootstrap>", line 488, in _call_with_frames_removed
  File "/opt/airflow/dags/flex_eau_pipeline.py", line 26
    ingestion = BashOperator(
    ^^^^^^^^^
IndentationError: expected an indented block after 'with' statement on line 11
[2026-06-21T13:09:10.380+0000] {processor.py:927} WARNING - No viable dags retrieved from /opt/airflow/dags/flex_eau_pipeline.py
[2026-06-21T13:09:10.426+0000] {processor.py:208} INFO - Processing /opt/airflow/dags/flex_eau_pipeline.py took 0.113 seconds
[2026-06-21T13:09:40.579+0000] {processor.py:186} INFO - Started process (PID=6829) to work on /opt/airflow/dags/flex_eau_pipeline.py
[2026-06-21T13:09:40.583+0000] {processor.py:914} INFO - Processing file /opt/airflow/dags/flex_eau_pipeline.py for tasks to queue
[2026-06-21T13:09:40.599+0000] {logging_mixin.py:190} INFO - [2026-06-21T13:09:40.598+0000] {dagbag.py:587} INFO - Filling up the DagBag from /opt/airflow/dags/flex_eau_pipeline.py
[2026-06-21T13:09:40.660+0000] {logging_mixin.py:190} INFO - [2026-06-21T13:09:40.658+0000] {dagbag.py:386} ERROR - Failed to import: /opt/airflow/dags/flex_eau_pipeline.py
Traceback (most recent call last):
  File "/home/airflow/.local/lib/python3.12/site-packages/airflow/models/dagbag.py", line 382, in parse
    loader.exec_module(new_module)
  File "<frozen importlib._bootstrap_external>", line 991, in exec_module
  File "<frozen importlib._bootstrap_external>", line 1129, in get_code
  File "<frozen importlib._bootstrap_external>", line 1059, in source_to_code
  File "<frozen importlib._bootstrap>", line 488, in _call_with_frames_removed
  File "/opt/airflow/dags/flex_eau_pipeline.py", line 26
    ingestion = BashOperator(
    ^^^^^^^^^
IndentationError: expected an indented block after 'with' statement on line 11
[2026-06-21T13:09:40.661+0000] {processor.py:927} WARNING - No viable dags retrieved from /opt/airflow/dags/flex_eau_pipeline.py
[2026-06-21T13:09:40.727+0000] {processor.py:208} INFO - Processing /opt/airflow/dags/flex_eau_pipeline.py took 0.168 seconds
[2026-06-21T13:10:11.082+0000] {processor.py:186} INFO - Started process (PID=6834) to work on /opt/airflow/dags/flex_eau_pipeline.py
[2026-06-21T13:10:11.089+0000] {processor.py:914} INFO - Processing file /opt/airflow/dags/flex_eau_pipeline.py for tasks to queue
[2026-06-21T13:10:11.098+0000] {logging_mixin.py:190} INFO - [2026-06-21T13:10:11.097+0000] {dagbag.py:587} INFO - Filling up the DagBag from /opt/airflow/dags/flex_eau_pipeline.py
[2026-06-21T13:10:11.155+0000] {logging_mixin.py:190} INFO - [2026-06-21T13:10:11.152+0000] {dagbag.py:386} ERROR - Failed to import: /opt/airflow/dags/flex_eau_pipeline.py
Traceback (most recent call last):
  File "/home/airflow/.local/lib/python3.12/site-packages/airflow/models/dagbag.py", line 382, in parse
    loader.exec_module(new_module)
  File "<frozen importlib._bootstrap_external>", line 991, in exec_module
  File "<frozen importlib._bootstrap_external>", line 1129, in get_code
  File "<frozen importlib._bootstrap_external>", line 1059, in source_to_code
  File "<frozen importlib._bootstrap>", line 488, in _call_with_frames_removed
  File "/opt/airflow/dags/flex_eau_pipeline.py", line 26
    ingestion = BashOperator(
    ^^^^^^^^^
IndentationError: expected an indented block after 'with' statement on line 11
[2026-06-21T13:10:11.156+0000] {processor.py:927} WARNING - No viable dags retrieved from /opt/airflow/dags/flex_eau_pipeline.py
[2026-06-21T13:10:11.223+0000] {processor.py:208} INFO - Processing /opt/airflow/dags/flex_eau_pipeline.py took 0.165 seconds
[2026-06-21T13:10:41.605+0000] {processor.py:186} INFO - Started process (PID=6839) to work on /opt/airflow/dags/flex_eau_pipeline.py
[2026-06-21T13:10:41.607+0000] {processor.py:914} INFO - Processing file /opt/airflow/dags/flex_eau_pipeline.py for tasks to queue
[2026-06-21T13:10:41.613+0000] {logging_mixin.py:190} INFO - [2026-06-21T13:10:41.612+0000] {dagbag.py:587} INFO - Filling up the DagBag from /opt/airflow/dags/flex_eau_pipeline.py
[2026-06-21T13:10:41.657+0000] {logging_mixin.py:190} INFO - [2026-06-21T13:10:41.654+0000] {dagbag.py:386} ERROR - Failed to import: /opt/airflow/dags/flex_eau_pipeline.py
Traceback (most recent call last):
  File "/home/airflow/.local/lib/python3.12/site-packages/airflow/models/dagbag.py", line 382, in parse
    loader.exec_module(new_module)
  File "<frozen importlib._bootstrap_external>", line 991, in exec_module
  File "<frozen importlib._bootstrap_external>", line 1129, in get_code
  File "<frozen importlib._bootstrap_external>", line 1059, in source_to_code
  File "<frozen importlib._bootstrap>", line 488, in _call_with_frames_removed
  File "/opt/airflow/dags/flex_eau_pipeline.py", line 26
    ingestion = BashOperator(
    ^^^^^^^^^
IndentationError: expected an indented block after 'with' statement on line 11
[2026-06-21T13:10:41.658+0000] {processor.py:927} WARNING - No viable dags retrieved from /opt/airflow/dags/flex_eau_pipeline.py
[2026-06-21T13:10:41.703+0000] {processor.py:208} INFO - Processing /opt/airflow/dags/flex_eau_pipeline.py took 0.109 seconds
[2026-06-21T13:11:11.908+0000] {processor.py:186} INFO - Started process (PID=6844) to work on /opt/airflow/dags/flex_eau_pipeline.py
[2026-06-21T13:11:11.910+0000] {processor.py:914} INFO - Processing file /opt/airflow/dags/flex_eau_pipeline.py for tasks to queue
[2026-06-21T13:11:11.914+0000] {logging_mixin.py:190} INFO - [2026-06-21T13:11:11.913+0000] {dagbag.py:587} INFO - Filling up the DagBag from /opt/airflow/dags/flex_eau_pipeline.py
[2026-06-21T13:11:11.946+0000] {logging_mixin.py:190} INFO - [2026-06-21T13:11:11.944+0000] {dagbag.py:386} ERROR - Failed to import: /opt/airflow/dags/flex_eau_pipeline.py
Traceback (most recent call last):
  File "/home/airflow/.local/lib/python3.12/site-packages/airflow/models/dagbag.py", line 382, in parse
    loader.exec_module(new_module)
  File "<frozen importlib._bootstrap_external>", line 991, in exec_module
  File "<frozen importlib._bootstrap_external>", line 1129, in get_code
  File "<frozen importlib._bootstrap_external>", line 1059, in source_to_code
  File "<frozen importlib._bootstrap>", line 488, in _call_with_frames_removed
  File "/opt/airflow/dags/flex_eau_pipeline.py", line 26
    ingestion = BashOperator(
    ^^^^^^^^^
IndentationError: expected an indented block after 'with' statement on line 11
[2026-06-21T13:11:11.947+0000] {processor.py:927} WARNING - No viable dags retrieved from /opt/airflow/dags/flex_eau_pipeline.py
[2026-06-21T13:11:11.985+0000] {processor.py:208} INFO - Processing /opt/airflow/dags/flex_eau_pipeline.py took 0.093 seconds
[2026-06-21T13:11:42.282+0000] {processor.py:186} INFO - Started process (PID=6849) to work on /opt/airflow/dags/flex_eau_pipeline.py
[2026-06-21T13:11:42.286+0000] {processor.py:914} INFO - Processing file /opt/airflow/dags/flex_eau_pipeline.py for tasks to queue
[2026-06-21T13:11:42.294+0000] {logging_mixin.py:190} INFO - [2026-06-21T13:11:42.293+0000] {dagbag.py:587} INFO - Filling up the DagBag from /opt/airflow/dags/flex_eau_pipeline.py
[2026-06-21T13:11:42.375+0000] {logging_mixin.py:190} INFO - [2026-06-21T13:11:42.371+0000] {dagbag.py:386} ERROR - Failed to import: /opt/airflow/dags/flex_eau_pipeline.py
Traceback (most recent call last):
  File "/home/airflow/.local/lib/python3.12/site-packages/airflow/models/dagbag.py", line 382, in parse
    loader.exec_module(new_module)
  File "<frozen importlib._bootstrap_external>", line 991, in exec_module
  File "<frozen importlib._bootstrap_external>", line 1129, in get_code
  File "<frozen importlib._bootstrap_external>", line 1059, in source_to_code
  File "<frozen importlib._bootstrap>", line 488, in _call_with_frames_removed
  File "/opt/airflow/dags/flex_eau_pipeline.py", line 26
    ingestion = BashOperator(
    ^^^^^^^^^
IndentationError: expected an indented block after 'with' statement on line 11
[2026-06-21T13:11:42.378+0000] {processor.py:927} WARNING - No viable dags retrieved from /opt/airflow/dags/flex_eau_pipeline.py
[2026-06-21T13:11:42.462+0000] {processor.py:208} INFO - Processing /opt/airflow/dags/flex_eau_pipeline.py took 0.205 seconds
[2026-06-21T13:12:12.803+0000] {processor.py:186} INFO - Started process (PID=6854) to work on /opt/airflow/dags/flex_eau_pipeline.py
[2026-06-21T13:12:12.807+0000] {processor.py:914} INFO - Processing file /opt/airflow/dags/flex_eau_pipeline.py for tasks to queue
[2026-06-21T13:12:12.818+0000] {logging_mixin.py:190} INFO - [2026-06-21T13:12:12.817+0000] {dagbag.py:587} INFO - Filling up the DagBag from /opt/airflow/dags/flex_eau_pipeline.py
[2026-06-21T13:12:12.912+0000] {logging_mixin.py:190} INFO - [2026-06-21T13:12:12.907+0000] {dagbag.py:386} ERROR - Failed to import: /opt/airflow/dags/flex_eau_pipeline.py
Traceback (most recent call last):
  File "/home/airflow/.local/lib/python3.12/site-packages/airflow/models/dagbag.py", line 382, in parse
    loader.exec_module(new_module)
  File "<frozen importlib._bootstrap_external>", line 991, in exec_module
  File "<frozen importlib._bootstrap_external>", line 1129, in get_code
  File "<frozen importlib._bootstrap_external>", line 1059, in source_to_code
  File "<frozen importlib._bootstrap>", line 488, in _call_with_frames_removed
  File "/opt/airflow/dags/flex_eau_pipeline.py", line 26
    ingestion = BashOperator(
    ^^^^^^^^^
IndentationError: expected an indented block after 'with' statement on line 11
[2026-06-21T13:12:12.915+0000] {processor.py:927} WARNING - No viable dags retrieved from /opt/airflow/dags/flex_eau_pipeline.py
[2026-06-21T13:12:13.006+0000] {processor.py:208} INFO - Processing /opt/airflow/dags/flex_eau_pipeline.py took 0.237 seconds
[2026-06-21T13:12:43.320+0000] {processor.py:186} INFO - Started process (PID=6859) to work on /opt/airflow/dags/flex_eau_pipeline.py
[2026-06-21T13:12:43.324+0000] {processor.py:914} INFO - Processing file /opt/airflow/dags/flex_eau_pipeline.py for tasks to queue
[2026-06-21T13:12:43.332+0000] {logging_mixin.py:190} INFO - [2026-06-21T13:12:43.331+0000] {dagbag.py:587} INFO - Filling up the DagBag from /opt/airflow/dags/flex_eau_pipeline.py
[2026-06-21T13:12:43.396+0000] {logging_mixin.py:190} INFO - [2026-06-21T13:12:43.392+0000] {dagbag.py:386} ERROR - Failed to import: /opt/airflow/dags/flex_eau_pipeline.py
Traceback (most recent call last):
  File "/home/airflow/.local/lib/python3.12/site-packages/airflow/models/dagbag.py", line 382, in parse
    loader.exec_module(new_module)
  File "<frozen importlib._bootstrap_external>", line 991, in exec_module
  File "<frozen importlib._bootstrap_external>", line 1129, in get_code
  File "<frozen importlib._bootstrap_external>", line 1059, in source_to_code
  File "<frozen importlib._bootstrap>", line 488, in _call_with_frames_removed
  File "/opt/airflow/dags/flex_eau_pipeline.py", line 26
    ingestion = BashOperator(
    ^^^^^^^^^
IndentationError: expected an indented block after 'with' statement on line 11
[2026-06-21T13:12:43.398+0000] {processor.py:927} WARNING - No viable dags retrieved from /opt/airflow/dags/flex_eau_pipeline.py
[2026-06-21T13:12:43.475+0000] {processor.py:208} INFO - Processing /opt/airflow/dags/flex_eau_pipeline.py took 0.172 seconds
[2026-06-21T13:13:13.723+0000] {processor.py:186} INFO - Started process (PID=6864) to work on /opt/airflow/dags/flex_eau_pipeline.py
[2026-06-21T13:13:13.725+0000] {processor.py:914} INFO - Processing file /opt/airflow/dags/flex_eau_pipeline.py for tasks to queue
[2026-06-21T13:13:13.731+0000] {logging_mixin.py:190} INFO - [2026-06-21T13:13:13.730+0000] {dagbag.py:587} INFO - Filling up the DagBag from /opt/airflow/dags/flex_eau_pipeline.py
[2026-06-21T13:13:13.767+0000] {logging_mixin.py:190} INFO - [2026-06-21T13:13:13.766+0000] {dagbag.py:386} ERROR - Failed to import: /opt/airflow/dags/flex_eau_pipeline.py
Traceback (most recent call last):
  File "/home/airflow/.local/lib/python3.12/site-packages/airflow/models/dagbag.py", line 382, in parse
    loader.exec_module(new_module)
  File "<frozen importlib._bootstrap_external>", line 991, in exec_module
  File "<frozen importlib._bootstrap_external>", line 1129, in get_code
  File "<frozen importlib._bootstrap_external>", line 1059, in source_to_code
  File "<frozen importlib._bootstrap>", line 488, in _call_with_frames_removed
  File "/opt/airflow/dags/flex_eau_pipeline.py", line 26
    ingestion = BashOperator(
    ^^^^^^^^^
IndentationError: expected an indented block after 'with' statement on line 11
[2026-06-21T13:13:13.768+0000] {processor.py:927} WARNING - No viable dags retrieved from /opt/airflow/dags/flex_eau_pipeline.py
[2026-06-21T13:13:13.843+0000] {processor.py:208} INFO - Processing /opt/airflow/dags/flex_eau_pipeline.py took 0.130 seconds
[2026-06-21T13:13:44.073+0000] {processor.py:186} INFO - Started process (PID=6869) to work on /opt/airflow/dags/flex_eau_pipeline.py
[2026-06-21T13:13:44.077+0000] {processor.py:914} INFO - Processing file /opt/airflow/dags/flex_eau_pipeline.py for tasks to queue
[2026-06-21T13:13:44.086+0000] {logging_mixin.py:190} INFO - [2026-06-21T13:13:44.084+0000] {dagbag.py:587} INFO - Filling up the DagBag from /opt/airflow/dags/flex_eau_pipeline.py
[2026-06-21T13:13:44.164+0000] {logging_mixin.py:190} INFO - [2026-06-21T13:13:44.161+0000] {dagbag.py:386} ERROR - Failed to import: /opt/airflow/dags/flex_eau_pipeline.py
Traceback (most recent call last):
  File "/home/airflow/.local/lib/python3.12/site-packages/airflow/models/dagbag.py", line 382, in parse
    loader.exec_module(new_module)
  File "<frozen importlib._bootstrap_external>", line 991, in exec_module
  File "<frozen importlib._bootstrap_external>", line 1129, in get_code
  File "<frozen importlib._bootstrap_external>", line 1059, in source_to_code
  File "<frozen importlib._bootstrap>", line 488, in _call_with_frames_removed
  File "/opt/airflow/dags/flex_eau_pipeline.py", line 26
    ingestion = BashOperator(
    ^^^^^^^^^
IndentationError: expected an indented block after 'with' statement on line 11
[2026-06-21T13:13:44.167+0000] {processor.py:927} WARNING - No viable dags retrieved from /opt/airflow/dags/flex_eau_pipeline.py
[2026-06-21T13:13:44.262+0000] {processor.py:208} INFO - Processing /opt/airflow/dags/flex_eau_pipeline.py took 0.213 seconds
[2026-06-21T13:14:14.540+0000] {processor.py:186} INFO - Started process (PID=6874) to work on /opt/airflow/dags/flex_eau_pipeline.py
[2026-06-21T13:14:14.542+0000] {processor.py:914} INFO - Processing file /opt/airflow/dags/flex_eau_pipeline.py for tasks to queue
[2026-06-21T13:14:14.547+0000] {logging_mixin.py:190} INFO - [2026-06-21T13:14:14.546+0000] {dagbag.py:587} INFO - Filling up the DagBag from /opt/airflow/dags/flex_eau_pipeline.py
[2026-06-21T13:14:14.614+0000] {logging_mixin.py:190} INFO - [2026-06-21T13:14:14.610+0000] {dagbag.py:386} ERROR - Failed to import: /opt/airflow/dags/flex_eau_pipeline.py
Traceback (most recent call last):
  File "/home/airflow/.local/lib/python3.12/site-packages/airflow/models/dagbag.py", line 382, in parse
    loader.exec_module(new_module)
  File "<frozen importlib._bootstrap_external>", line 991, in exec_module
  File "<frozen importlib._bootstrap_external>", line 1129, in get_code
  File "<frozen importlib._bootstrap_external>", line 1059, in source_to_code
  File "<frozen importlib._bootstrap>", line 488, in _call_with_frames_removed
  File "/opt/airflow/dags/flex_eau_pipeline.py", line 26
    ingestion = BashOperator(
    ^^^^^^^^^
IndentationError: expected an indented block after 'with' statement on line 11
[2026-06-21T13:14:14.621+0000] {processor.py:927} WARNING - No viable dags retrieved from /opt/airflow/dags/flex_eau_pipeline.py
[2026-06-21T13:14:14.690+0000] {processor.py:208} INFO - Processing /opt/airflow/dags/flex_eau_pipeline.py took 0.164 seconds
[2026-06-21T13:14:44.914+0000] {processor.py:186} INFO - Started process (PID=6879) to work on /opt/airflow/dags/flex_eau_pipeline.py
[2026-06-21T13:14:44.917+0000] {processor.py:914} INFO - Processing file /opt/airflow/dags/flex_eau_pipeline.py for tasks to queue
[2026-06-21T13:14:44.921+0000] {logging_mixin.py:190} INFO - [2026-06-21T13:14:44.921+0000] {dagbag.py:587} INFO - Filling up the DagBag from /opt/airflow/dags/flex_eau_pipeline.py
[2026-06-21T13:14:44.964+0000] {logging_mixin.py:190} INFO - [2026-06-21T13:14:44.962+0000] {dagbag.py:386} ERROR - Failed to import: /opt/airflow/dags/flex_eau_pipeline.py
Traceback (most recent call last):
  File "/home/airflow/.local/lib/python3.12/site-packages/airflow/models/dagbag.py", line 382, in parse
    loader.exec_module(new_module)
  File "<frozen importlib._bootstrap_external>", line 991, in exec_module
  File "<frozen importlib._bootstrap_external>", line 1129, in get_code
  File "<frozen importlib._bootstrap_external>", line 1059, in source_to_code
  File "<frozen importlib._bootstrap>", line 488, in _call_with_frames_removed
  File "/opt/airflow/dags/flex_eau_pipeline.py", line 26
    ingestion = BashOperator(
    ^^^^^^^^^
IndentationError: expected an indented block after 'with' statement on line 11
[2026-06-21T13:14:44.965+0000] {processor.py:927} WARNING - No viable dags retrieved from /opt/airflow/dags/flex_eau_pipeline.py
[2026-06-21T13:14:45.004+0000] {processor.py:208} INFO - Processing /opt/airflow/dags/flex_eau_pipeline.py took 0.098 seconds
[2026-06-21T13:15:15.325+0000] {processor.py:186} INFO - Started process (PID=6884) to work on /opt/airflow/dags/flex_eau_pipeline.py
[2026-06-21T13:15:15.328+0000] {processor.py:914} INFO - Processing file /opt/airflow/dags/flex_eau_pipeline.py for tasks to queue
[2026-06-21T13:15:15.335+0000] {logging_mixin.py:190} INFO - [2026-06-21T13:15:15.334+0000] {dagbag.py:587} INFO - Filling up the DagBag from /opt/airflow/dags/flex_eau_pipeline.py
[2026-06-21T13:15:15.400+0000] {logging_mixin.py:190} INFO - [2026-06-21T13:15:15.397+0000] {dagbag.py:386} ERROR - Failed to import: /opt/airflow/dags/flex_eau_pipeline.py
Traceback (most recent call last):
  File "/home/airflow/.local/lib/python3.12/site-packages/airflow/models/dagbag.py", line 382, in parse
    loader.exec_module(new_module)
  File "<frozen importlib._bootstrap_external>", line 991, in exec_module
  File "<frozen importlib._bootstrap_external>", line 1129, in get_code
  File "<frozen importlib._bootstrap_external>", line 1059, in source_to_code
  File "<frozen importlib._bootstrap>", line 488, in _call_with_frames_removed
  File "/opt/airflow/dags/flex_eau_pipeline.py", line 26
    ingestion = BashOperator(
    ^^^^^^^^^
IndentationError: expected an indented block after 'with' statement on line 11
[2026-06-21T13:15:15.402+0000] {processor.py:927} WARNING - No viable dags retrieved from /opt/airflow/dags/flex_eau_pipeline.py
[2026-06-21T13:15:15.474+0000] {processor.py:208} INFO - Processing /opt/airflow/dags/flex_eau_pipeline.py took 0.166 seconds
[2026-06-21T13:15:45.735+0000] {processor.py:186} INFO - Started process (PID=6889) to work on /opt/airflow/dags/flex_eau_pipeline.py
[2026-06-21T13:15:45.737+0000] {processor.py:914} INFO - Processing file /opt/airflow/dags/flex_eau_pipeline.py for tasks to queue
[2026-06-21T13:15:45.741+0000] {logging_mixin.py:190} INFO - [2026-06-21T13:15:45.741+0000] {dagbag.py:587} INFO - Filling up the DagBag from /opt/airflow/dags/flex_eau_pipeline.py
[2026-06-21T13:15:45.804+0000] {logging_mixin.py:190} INFO - [2026-06-21T13:15:45.801+0000] {dagbag.py:386} ERROR - Failed to import: /opt/airflow/dags/flex_eau_pipeline.py
Traceback (most recent call last):
  File "/home/airflow/.local/lib/python3.12/site-packages/airflow/models/dagbag.py", line 382, in parse
    loader.exec_module(new_module)
  File "<frozen importlib._bootstrap_external>", line 991, in exec_module
  File "<frozen importlib._bootstrap_external>", line 1129, in get_code
  File "<frozen importlib._bootstrap_external>", line 1059, in source_to_code
  File "<frozen importlib._bootstrap>", line 488, in _call_with_frames_removed
  File "/opt/airflow/dags/flex_eau_pipeline.py", line 26
    ingestion = BashOperator(
    ^^^^^^^^^
IndentationError: expected an indented block after 'with' statement on line 11
[2026-06-21T13:15:45.806+0000] {processor.py:927} WARNING - No viable dags retrieved from /opt/airflow/dags/flex_eau_pipeline.py
[2026-06-21T13:15:45.846+0000] {processor.py:208} INFO - Processing /opt/airflow/dags/flex_eau_pipeline.py took 0.121 seconds
[2026-06-21T13:16:16.050+0000] {processor.py:186} INFO - Started process (PID=6894) to work on /opt/airflow/dags/flex_eau_pipeline.py
[2026-06-21T13:16:16.053+0000] {processor.py:914} INFO - Processing file /opt/airflow/dags/flex_eau_pipeline.py for tasks to queue
[2026-06-21T13:16:16.058+0000] {logging_mixin.py:190} INFO - [2026-06-21T13:16:16.057+0000] {dagbag.py:587} INFO - Filling up the DagBag from /opt/airflow/dags/flex_eau_pipeline.py
[2026-06-21T13:16:16.094+0000] {logging_mixin.py:190} INFO - [2026-06-21T13:16:16.093+0000] {dagbag.py:386} ERROR - Failed to import: /opt/airflow/dags/flex_eau_pipeline.py
Traceback (most recent call last):
  File "/home/airflow/.local/lib/python3.12/site-packages/airflow/models/dagbag.py", line 382, in parse
    loader.exec_module(new_module)
  File "<frozen importlib._bootstrap_external>", line 991, in exec_module
  File "<frozen importlib._bootstrap_external>", line 1129, in get_code
  File "<frozen importlib._bootstrap_external>", line 1059, in source_to_code
  File "<frozen importlib._bootstrap>", line 488, in _call_with_frames_removed
  File "/opt/airflow/dags/flex_eau_pipeline.py", line 26
    ingestion = BashOperator(
    ^^^^^^^^^
IndentationError: expected an indented block after 'with' statement on line 11
[2026-06-21T13:16:16.096+0000] {processor.py:927} WARNING - No viable dags retrieved from /opt/airflow/dags/flex_eau_pipeline.py
[2026-06-21T13:16:16.135+0000] {processor.py:208} INFO - Processing /opt/airflow/dags/flex_eau_pipeline.py took 0.094 seconds
[2026-06-21T13:16:46.310+0000] {processor.py:186} INFO - Started process (PID=6899) to work on /opt/airflow/dags/flex_eau_pipeline.py
[2026-06-21T13:16:46.313+0000] {processor.py:914} INFO - Processing file /opt/airflow/dags/flex_eau_pipeline.py for tasks to queue
[2026-06-21T13:16:46.321+0000] {logging_mixin.py:190} INFO - [2026-06-21T13:16:46.320+0000] {dagbag.py:587} INFO - Filling up the DagBag from /opt/airflow/dags/flex_eau_pipeline.py
[2026-06-21T13:16:46.385+0000] {logging_mixin.py:190} INFO - [2026-06-21T13:16:46.382+0000] {dagbag.py:386} ERROR - Failed to import: /opt/airflow/dags/flex_eau_pipeline.py
Traceback (most recent call last):
  File "/home/airflow/.local/lib/python3.12/site-packages/airflow/models/dagbag.py", line 382, in parse
    loader.exec_module(new_module)
  File "<frozen importlib._bootstrap_external>", line 991, in exec_module
  File "<frozen importlib._bootstrap_external>", line 1129, in get_code
  File "<frozen importlib._bootstrap_external>", line 1059, in source_to_code
  File "<frozen importlib._bootstrap>", line 488, in _call_with_frames_removed
  File "/opt/airflow/dags/flex_eau_pipeline.py", line 26
    ingestion = BashOperator(
    ^^^^^^^^^
IndentationError: expected an indented block after 'with' statement on line 11
[2026-06-21T13:16:46.387+0000] {processor.py:927} WARNING - No viable dags retrieved from /opt/airflow/dags/flex_eau_pipeline.py
[2026-06-21T13:16:46.453+0000] {processor.py:208} INFO - Processing /opt/airflow/dags/flex_eau_pipeline.py took 0.160 seconds
[2026-06-21T13:17:16.691+0000] {processor.py:186} INFO - Started process (PID=6904) to work on /opt/airflow/dags/flex_eau_pipeline.py
[2026-06-21T13:17:16.694+0000] {processor.py:914} INFO - Processing file /opt/airflow/dags/flex_eau_pipeline.py for tasks to queue
[2026-06-21T13:17:16.703+0000] {logging_mixin.py:190} INFO - [2026-06-21T13:17:16.702+0000] {dagbag.py:587} INFO - Filling up the DagBag from /opt/airflow/dags/flex_eau_pipeline.py
[2026-06-21T13:17:16.757+0000] {logging_mixin.py:190} INFO - [2026-06-21T13:17:16.754+0000] {dagbag.py:386} ERROR - Failed to import: /opt/airflow/dags/flex_eau_pipeline.py
Traceback (most recent call last):
  File "/home/airflow/.local/lib/python3.12/site-packages/airflow/models/dagbag.py", line 382, in parse
    loader.exec_module(new_module)
  File "<frozen importlib._bootstrap_external>", line 991, in exec_module
  File "<frozen importlib._bootstrap_external>", line 1129, in get_code
  File "<frozen importlib._bootstrap_external>", line 1059, in source_to_code
  File "<frozen importlib._bootstrap>", line 488, in _call_with_frames_removed
  File "/opt/airflow/dags/flex_eau_pipeline.py", line 26
    ingestion = BashOperator(
    ^^^^^^^^^
IndentationError: expected an indented block after 'with' statement on line 11
[2026-06-21T13:17:16.759+0000] {processor.py:927} WARNING - No viable dags retrieved from /opt/airflow/dags/flex_eau_pipeline.py
[2026-06-21T13:17:16.824+0000] {processor.py:208} INFO - Processing /opt/airflow/dags/flex_eau_pipeline.py took 0.151 seconds
[2026-06-21T13:17:47.377+0000] {processor.py:186} INFO - Started process (PID=6909) to work on /opt/airflow/dags/flex_eau_pipeline.py
[2026-06-21T13:17:47.379+0000] {processor.py:914} INFO - Processing file /opt/airflow/dags/flex_eau_pipeline.py for tasks to queue
[2026-06-21T13:17:47.384+0000] {logging_mixin.py:190} INFO - [2026-06-21T13:17:47.384+0000] {dagbag.py:587} INFO - Filling up the DagBag from /opt/airflow/dags/flex_eau_pipeline.py
[2026-06-21T13:17:47.442+0000] {logging_mixin.py:190} INFO - [2026-06-21T13:17:47.436+0000] {dagbag.py:386} ERROR - Failed to import: /opt/airflow/dags/flex_eau_pipeline.py
Traceback (most recent call last):
  File "/home/airflow/.local/lib/python3.12/site-packages/airflow/models/dagbag.py", line 382, in parse
    loader.exec_module(new_module)
  File "<frozen importlib._bootstrap_external>", line 991, in exec_module
  File "<frozen importlib._bootstrap_external>", line 1129, in get_code
  File "<frozen importlib._bootstrap_external>", line 1059, in source_to_code
  File "<frozen importlib._bootstrap>", line 488, in _call_with_frames_removed
  File "/opt/airflow/dags/flex_eau_pipeline.py", line 26
    ingestion = BashOperator(
    ^^^^^^^^^
IndentationError: expected an indented block after 'with' statement on line 11
[2026-06-21T13:17:47.444+0000] {processor.py:927} WARNING - No viable dags retrieved from /opt/airflow/dags/flex_eau_pipeline.py
[2026-06-21T13:17:47.519+0000] {processor.py:208} INFO - Processing /opt/airflow/dags/flex_eau_pipeline.py took 0.157 seconds
[2026-06-21T13:18:17.855+0000] {processor.py:186} INFO - Started process (PID=6914) to work on /opt/airflow/dags/flex_eau_pipeline.py
[2026-06-21T13:18:17.857+0000] {processor.py:914} INFO - Processing file /opt/airflow/dags/flex_eau_pipeline.py for tasks to queue
[2026-06-21T13:18:17.866+0000] {logging_mixin.py:190} INFO - [2026-06-21T13:18:17.865+0000] {dagbag.py:587} INFO - Filling up the DagBag from /opt/airflow/dags/flex_eau_pipeline.py
[2026-06-21T13:18:17.923+0000] {logging_mixin.py:190} INFO - [2026-06-21T13:18:17.919+0000] {dagbag.py:386} ERROR - Failed to import: /opt/airflow/dags/flex_eau_pipeline.py
Traceback (most recent call last):
  File "/home/airflow/.local/lib/python3.12/site-packages/airflow/models/dagbag.py", line 382, in parse
    loader.exec_module(new_module)
  File "<frozen importlib._bootstrap_external>", line 991, in exec_module
  File "<frozen importlib._bootstrap_external>", line 1129, in get_code
  File "<frozen importlib._bootstrap_external>", line 1059, in source_to_code
  File "<frozen importlib._bootstrap>", line 488, in _call_with_frames_removed
  File "/opt/airflow/dags/flex_eau_pipeline.py", line 26
    ingestion = BashOperator(
    ^^^^^^^^^
IndentationError: expected an indented block after 'with' statement on line 11
[2026-06-21T13:18:17.925+0000] {processor.py:927} WARNING - No viable dags retrieved from /opt/airflow/dags/flex_eau_pipeline.py
[2026-06-21T13:18:17.981+0000] {processor.py:208} INFO - Processing /opt/airflow/dags/flex_eau_pipeline.py took 0.144 seconds
[2026-06-21T13:18:48.219+0000] {processor.py:186} INFO - Started process (PID=6919) to work on /opt/airflow/dags/flex_eau_pipeline.py
[2026-06-21T13:18:48.222+0000] {processor.py:914} INFO - Processing file /opt/airflow/dags/flex_eau_pipeline.py for tasks to queue
[2026-06-21T13:18:48.235+0000] {logging_mixin.py:190} INFO - [2026-06-21T13:18:48.235+0000] {dagbag.py:587} INFO - Filling up the DagBag from /opt/airflow/dags/flex_eau_pipeline.py
[2026-06-21T13:18:48.300+0000] {logging_mixin.py:190} INFO - [2026-06-21T13:18:48.298+0000] {dagbag.py:386} ERROR - Failed to import: /opt/airflow/dags/flex_eau_pipeline.py
Traceback (most recent call last):
  File "/home/airflow/.local/lib/python3.12/site-packages/airflow/models/dagbag.py", line 382, in parse
    loader.exec_module(new_module)
  File "<frozen importlib._bootstrap_external>", line 991, in exec_module
  File "<frozen importlib._bootstrap_external>", line 1129, in get_code
  File "<frozen importlib._bootstrap_external>", line 1059, in source_to_code
  File "<frozen importlib._bootstrap>", line 488, in _call_with_frames_removed
  File "/opt/airflow/dags/flex_eau_pipeline.py", line 26
    ingestion = BashOperator(
    ^^^^^^^^^
IndentationError: expected an indented block after 'with' statement on line 11
[2026-06-21T13:18:48.302+0000] {processor.py:927} WARNING - No viable dags retrieved from /opt/airflow/dags/flex_eau_pipeline.py
[2026-06-21T13:18:48.374+0000] {processor.py:208} INFO - Processing /opt/airflow/dags/flex_eau_pipeline.py took 0.175 seconds
[2026-06-21T13:19:18.692+0000] {processor.py:186} INFO - Started process (PID=6924) to work on /opt/airflow/dags/flex_eau_pipeline.py
[2026-06-21T13:19:18.695+0000] {processor.py:914} INFO - Processing file /opt/airflow/dags/flex_eau_pipeline.py for tasks to queue
[2026-06-21T13:19:18.704+0000] {logging_mixin.py:190} INFO - [2026-06-21T13:19:18.703+0000] {dagbag.py:587} INFO - Filling up the DagBag from /opt/airflow/dags/flex_eau_pipeline.py
[2026-06-21T13:19:18.753+0000] {logging_mixin.py:190} INFO - [2026-06-21T13:19:18.750+0000] {dagbag.py:386} ERROR - Failed to import: /opt/airflow/dags/flex_eau_pipeline.py
Traceback (most recent call last):
  File "/home/airflow/.local/lib/python3.12/site-packages/airflow/models/dagbag.py", line 382, in parse
    loader.exec_module(new_module)
  File "<frozen importlib._bootstrap_external>", line 991, in exec_module
  File "<frozen importlib._bootstrap_external>", line 1129, in get_code
  File "<frozen importlib._bootstrap_external>", line 1059, in source_to_code
  File "<frozen importlib._bootstrap>", line 488, in _call_with_frames_removed
  File "/opt/airflow/dags/flex_eau_pipeline.py", line 26
    ingestion = BashOperator(
    ^^^^^^^^^
IndentationError: expected an indented block after 'with' statement on line 11
[2026-06-21T13:19:18.754+0000] {processor.py:927} WARNING - No viable dags retrieved from /opt/airflow/dags/flex_eau_pipeline.py
[2026-06-21T13:19:18.808+0000] {processor.py:208} INFO - Processing /opt/airflow/dags/flex_eau_pipeline.py took 0.134 seconds
[2026-06-21T13:19:49.176+0000] {processor.py:186} INFO - Started process (PID=6929) to work on /opt/airflow/dags/flex_eau_pipeline.py
[2026-06-21T13:19:49.178+0000] {processor.py:914} INFO - Processing file /opt/airflow/dags/flex_eau_pipeline.py for tasks to queue
[2026-06-21T13:19:49.184+0000] {logging_mixin.py:190} INFO - [2026-06-21T13:19:49.184+0000] {dagbag.py:587} INFO - Filling up the DagBag from /opt/airflow/dags/flex_eau_pipeline.py
[2026-06-21T13:19:49.234+0000] {logging_mixin.py:190} INFO - [2026-06-21T13:19:49.230+0000] {dagbag.py:386} ERROR - Failed to import: /opt/airflow/dags/flex_eau_pipeline.py
Traceback (most recent call last):
  File "/home/airflow/.local/lib/python3.12/site-packages/airflow/models/dagbag.py", line 382, in parse
    loader.exec_module(new_module)
  File "<frozen importlib._bootstrap_external>", line 991, in exec_module
  File "<frozen importlib._bootstrap_external>", line 1129, in get_code
  File "<frozen importlib._bootstrap_external>", line 1059, in source_to_code
  File "<frozen importlib._bootstrap>", line 488, in _call_with_frames_removed
  File "/opt/airflow/dags/flex_eau_pipeline.py", line 26
    ingestion = BashOperator(
    ^^^^^^^^^
IndentationError: expected an indented block after 'with' statement on line 11
[2026-06-21T13:19:49.236+0000] {processor.py:927} WARNING - No viable dags retrieved from /opt/airflow/dags/flex_eau_pipeline.py
[2026-06-21T13:19:49.296+0000] {processor.py:208} INFO - Processing /opt/airflow/dags/flex_eau_pipeline.py took 0.133 seconds
[2026-06-21T13:20:19.650+0000] {processor.py:186} INFO - Started process (PID=6934) to work on /opt/airflow/dags/flex_eau_pipeline.py
[2026-06-21T13:20:19.653+0000] {processor.py:914} INFO - Processing file /opt/airflow/dags/flex_eau_pipeline.py for tasks to queue
[2026-06-21T13:20:19.658+0000] {logging_mixin.py:190} INFO - [2026-06-21T13:20:19.657+0000] {dagbag.py:587} INFO - Filling up the DagBag from /opt/airflow/dags/flex_eau_pipeline.py
[2026-06-21T13:20:19.700+0000] {logging_mixin.py:190} INFO - [2026-06-21T13:20:19.697+0000] {dagbag.py:386} ERROR - Failed to import: /opt/airflow/dags/flex_eau_pipeline.py
Traceback (most recent call last):
  File "/home/airflow/.local/lib/python3.12/site-packages/airflow/models/dagbag.py", line 382, in parse
    loader.exec_module(new_module)
  File "<frozen importlib._bootstrap_external>", line 991, in exec_module
  File "<frozen importlib._bootstrap_external>", line 1129, in get_code
  File "<frozen importlib._bootstrap_external>", line 1059, in source_to_code
  File "<frozen importlib._bootstrap>", line 488, in _call_with_frames_removed
  File "/opt/airflow/dags/flex_eau_pipeline.py", line 26
    ingestion = BashOperator(
    ^^^^^^^^^
IndentationError: expected an indented block after 'with' statement on line 11
[2026-06-21T13:20:19.702+0000] {processor.py:927} WARNING - No viable dags retrieved from /opt/airflow/dags/flex_eau_pipeline.py
[2026-06-21T13:20:19.756+0000] {processor.py:208} INFO - Processing /opt/airflow/dags/flex_eau_pipeline.py took 0.127 seconds
[2026-06-21T13:20:49.905+0000] {processor.py:186} INFO - Started process (PID=6939) to work on /opt/airflow/dags/flex_eau_pipeline.py
[2026-06-21T13:20:49.910+0000] {processor.py:914} INFO - Processing file /opt/airflow/dags/flex_eau_pipeline.py for tasks to queue
[2026-06-21T13:20:49.916+0000] {logging_mixin.py:190} INFO - [2026-06-21T13:20:49.915+0000] {dagbag.py:587} INFO - Filling up the DagBag from /opt/airflow/dags/flex_eau_pipeline.py
[2026-06-21T13:20:49.984+0000] {logging_mixin.py:190} INFO - [2026-06-21T13:20:49.979+0000] {dagbag.py:386} ERROR - Failed to import: /opt/airflow/dags/flex_eau_pipeline.py
Traceback (most recent call last):
  File "/home/airflow/.local/lib/python3.12/site-packages/airflow/models/dagbag.py", line 382, in parse
    loader.exec_module(new_module)
  File "<frozen importlib._bootstrap_external>", line 991, in exec_module
  File "<frozen importlib._bootstrap_external>", line 1129, in get_code
  File "<frozen importlib._bootstrap_external>", line 1059, in source_to_code
  File "<frozen importlib._bootstrap>", line 488, in _call_with_frames_removed
  File "/opt/airflow/dags/flex_eau_pipeline.py", line 26
    ingestion = BashOperator(
    ^^^^^^^^^
IndentationError: expected an indented block after 'with' statement on line 11
[2026-06-21T13:20:49.989+0000] {processor.py:927} WARNING - No viable dags retrieved from /opt/airflow/dags/flex_eau_pipeline.py
[2026-06-21T13:20:50.095+0000] {processor.py:208} INFO - Processing /opt/airflow/dags/flex_eau_pipeline.py took 0.215 seconds
[2026-06-21T13:21:20.724+0000] {processor.py:186} INFO - Started process (PID=6944) to work on /opt/airflow/dags/flex_eau_pipeline.py
[2026-06-21T13:21:20.731+0000] {processor.py:914} INFO - Processing file /opt/airflow/dags/flex_eau_pipeline.py for tasks to queue
[2026-06-21T13:21:20.743+0000] {logging_mixin.py:190} INFO - [2026-06-21T13:21:20.741+0000] {dagbag.py:587} INFO - Filling up the DagBag from /opt/airflow/dags/flex_eau_pipeline.py
[2026-06-21T13:21:20.881+0000] {logging_mixin.py:190} INFO - [2026-06-21T13:21:20.872+0000] {dagbag.py:386} ERROR - Failed to import: /opt/airflow/dags/flex_eau_pipeline.py
Traceback (most recent call last):
  File "/home/airflow/.local/lib/python3.12/site-packages/airflow/models/dagbag.py", line 382, in parse
    loader.exec_module(new_module)
  File "<frozen importlib._bootstrap_external>", line 991, in exec_module
  File "<frozen importlib._bootstrap_external>", line 1129, in get_code
  File "<frozen importlib._bootstrap_external>", line 1059, in source_to_code
  File "<frozen importlib._bootstrap>", line 488, in _call_with_frames_removed
  File "/opt/airflow/dags/flex_eau_pipeline.py", line 26
    ingestion = BashOperator(
    ^^^^^^^^^
IndentationError: expected an indented block after 'with' statement on line 11
[2026-06-21T13:21:20.885+0000] {processor.py:927} WARNING - No viable dags retrieved from /opt/airflow/dags/flex_eau_pipeline.py
[2026-06-21T13:21:21.029+0000] {processor.py:208} INFO - Processing /opt/airflow/dags/flex_eau_pipeline.py took 0.342 seconds
[2026-06-21T13:21:51.586+0000] {processor.py:186} INFO - Started process (PID=6949) to work on /opt/airflow/dags/flex_eau_pipeline.py
[2026-06-21T13:21:51.592+0000] {processor.py:914} INFO - Processing file /opt/airflow/dags/flex_eau_pipeline.py for tasks to queue
[2026-06-21T13:21:51.603+0000] {logging_mixin.py:190} INFO - [2026-06-21T13:21:51.602+0000] {dagbag.py:587} INFO - Filling up the DagBag from /opt/airflow/dags/flex_eau_pipeline.py
[2026-06-21T13:21:51.709+0000] {logging_mixin.py:190} INFO - [2026-06-21T13:21:51.703+0000] {dagbag.py:386} ERROR - Failed to import: /opt/airflow/dags/flex_eau_pipeline.py
Traceback (most recent call last):
  File "/home/airflow/.local/lib/python3.12/site-packages/airflow/models/dagbag.py", line 382, in parse
    loader.exec_module(new_module)
  File "<frozen importlib._bootstrap_external>", line 991, in exec_module
  File "<frozen importlib._bootstrap_external>", line 1129, in get_code
  File "<frozen importlib._bootstrap_external>", line 1059, in source_to_code
  File "<frozen importlib._bootstrap>", line 488, in _call_with_frames_removed
  File "/opt/airflow/dags/flex_eau_pipeline.py", line 26
    ingestion = BashOperator(
    ^^^^^^^^^
IndentationError: expected an indented block after 'with' statement on line 11
[2026-06-21T13:21:51.714+0000] {processor.py:927} WARNING - No viable dags retrieved from /opt/airflow/dags/flex_eau_pipeline.py
[2026-06-21T13:21:51.833+0000] {processor.py:208} INFO - Processing /opt/airflow/dags/flex_eau_pipeline.py took 0.274 seconds
[2026-06-21T13:22:22.135+0000] {processor.py:186} INFO - Started process (PID=6954) to work on /opt/airflow/dags/flex_eau_pipeline.py
[2026-06-21T13:22:22.137+0000] {processor.py:914} INFO - Processing file /opt/airflow/dags/flex_eau_pipeline.py for tasks to queue
[2026-06-21T13:22:22.139+0000] {logging_mixin.py:190} INFO - [2026-06-21T13:22:22.139+0000] {dagbag.py:587} INFO - Filling up the DagBag from /opt/airflow/dags/flex_eau_pipeline.py
[2026-06-21T13:22:22.171+0000] {logging_mixin.py:190} INFO - [2026-06-21T13:22:22.169+0000] {dagbag.py:386} ERROR - Failed to import: /opt/airflow/dags/flex_eau_pipeline.py
Traceback (most recent call last):
  File "/home/airflow/.local/lib/python3.12/site-packages/airflow/models/dagbag.py", line 382, in parse
    loader.exec_module(new_module)
  File "<frozen importlib._bootstrap_external>", line 991, in exec_module
  File "<frozen importlib._bootstrap_external>", line 1129, in get_code
  File "<frozen importlib._bootstrap_external>", line 1059, in source_to_code
  File "<frozen importlib._bootstrap>", line 488, in _call_with_frames_removed
  File "/opt/airflow/dags/flex_eau_pipeline.py", line 26
    ingestion = BashOperator(
    ^^^^^^^^^
IndentationError: expected an indented block after 'with' statement on line 11
[2026-06-21T13:22:22.173+0000] {processor.py:927} WARNING - No viable dags retrieved from /opt/airflow/dags/flex_eau_pipeline.py
[2026-06-21T13:22:22.207+0000] {processor.py:208} INFO - Processing /opt/airflow/dags/flex_eau_pipeline.py took 0.079 seconds
[2026-06-21T13:22:53.089+0000] {processor.py:186} INFO - Started process (PID=6959) to work on /opt/airflow/dags/flex_eau_pipeline.py
[2026-06-21T13:22:53.090+0000] {processor.py:914} INFO - Processing file /opt/airflow/dags/flex_eau_pipeline.py for tasks to queue
[2026-06-21T13:22:53.093+0000] {logging_mixin.py:190} INFO - [2026-06-21T13:22:53.093+0000] {dagbag.py:587} INFO - Filling up the DagBag from /opt/airflow/dags/flex_eau_pipeline.py
[2026-06-21T13:22:53.123+0000] {logging_mixin.py:190} INFO - [2026-06-21T13:22:53.122+0000] {dagbag.py:386} ERROR - Failed to import: /opt/airflow/dags/flex_eau_pipeline.py
Traceback (most recent call last):
  File "/home/airflow/.local/lib/python3.12/site-packages/airflow/models/dagbag.py", line 382, in parse
    loader.exec_module(new_module)
  File "<frozen importlib._bootstrap_external>", line 991, in exec_module
  File "<frozen importlib._bootstrap_external>", line 1129, in get_code
  File "<frozen importlib._bootstrap_external>", line 1059, in source_to_code
  File "<frozen importlib._bootstrap>", line 488, in _call_with_frames_removed
  File "/opt/airflow/dags/flex_eau_pipeline.py", line 26
    ingestion = BashOperator(
    ^^^^^^^^^
IndentationError: expected an indented block after 'with' statement on line 11
[2026-06-21T13:22:53.124+0000] {processor.py:927} WARNING - No viable dags retrieved from /opt/airflow/dags/flex_eau_pipeline.py
[2026-06-21T13:22:53.150+0000] {processor.py:208} INFO - Processing /opt/airflow/dags/flex_eau_pipeline.py took 0.068 seconds
[2026-06-21T13:23:25.484+0000] {processor.py:186} INFO - Started process (PID=6964) to work on /opt/airflow/dags/flex_eau_pipeline.py
[2026-06-21T13:23:25.485+0000] {processor.py:914} INFO - Processing file /opt/airflow/dags/flex_eau_pipeline.py for tasks to queue
[2026-06-21T13:23:25.488+0000] {logging_mixin.py:190} INFO - [2026-06-21T13:23:25.488+0000] {dagbag.py:587} INFO - Filling up the DagBag from /opt/airflow/dags/flex_eau_pipeline.py
[2026-06-21T13:23:25.516+0000] {logging_mixin.py:190} INFO - [2026-06-21T13:23:25.514+0000] {dagbag.py:386} ERROR - Failed to import: /opt/airflow/dags/flex_eau_pipeline.py
Traceback (most recent call last):
  File "/home/airflow/.local/lib/python3.12/site-packages/airflow/models/dagbag.py", line 382, in parse
    loader.exec_module(new_module)
  File "<frozen importlib._bootstrap_external>", line 991, in exec_module
  File "<frozen importlib._bootstrap_external>", line 1129, in get_code
  File "<frozen importlib._bootstrap_external>", line 1059, in source_to_code
  File "<frozen importlib._bootstrap>", line 488, in _call_with_frames_removed
  File "/opt/airflow/dags/flex_eau_pipeline.py", line 26
    ingestion = BashOperator(
    ^^^^^^^^^
IndentationError: expected an indented block after 'with' statement on line 11
[2026-06-21T13:23:25.516+0000] {processor.py:927} WARNING - No viable dags retrieved from /opt/airflow/dags/flex_eau_pipeline.py
[2026-06-21T13:23:25.543+0000] {processor.py:208} INFO - Processing /opt/airflow/dags/flex_eau_pipeline.py took 0.064 seconds
[2026-06-21T13:23:56.154+0000] {processor.py:186} INFO - Started process (PID=6969) to work on /opt/airflow/dags/flex_eau_pipeline.py
[2026-06-21T13:23:56.155+0000] {processor.py:914} INFO - Processing file /opt/airflow/dags/flex_eau_pipeline.py for tasks to queue
[2026-06-21T13:23:56.158+0000] {logging_mixin.py:190} INFO - [2026-06-21T13:23:56.158+0000] {dagbag.py:587} INFO - Filling up the DagBag from /opt/airflow/dags/flex_eau_pipeline.py
[2026-06-21T13:23:56.184+0000] {logging_mixin.py:190} INFO - [2026-06-21T13:23:56.182+0000] {dagbag.py:386} ERROR - Failed to import: /opt/airflow/dags/flex_eau_pipeline.py
Traceback (most recent call last):
  File "/home/airflow/.local/lib/python3.12/site-packages/airflow/models/dagbag.py", line 382, in parse
    loader.exec_module(new_module)
  File "<frozen importlib._bootstrap_external>", line 991, in exec_module
  File "<frozen importlib._bootstrap_external>", line 1129, in get_code
  File "<frozen importlib._bootstrap_external>", line 1059, in source_to_code
  File "<frozen importlib._bootstrap>", line 488, in _call_with_frames_removed
  File "/opt/airflow/dags/flex_eau_pipeline.py", line 26
    ingestion = BashOperator(
    ^^^^^^^^^
IndentationError: expected an indented block after 'with' statement on line 11
[2026-06-21T13:23:56.184+0000] {processor.py:927} WARNING - No viable dags retrieved from /opt/airflow/dags/flex_eau_pipeline.py
[2026-06-21T13:23:56.211+0000] {processor.py:208} INFO - Processing /opt/airflow/dags/flex_eau_pipeline.py took 0.064 seconds
[2026-06-21T13:24:27.581+0000] {processor.py:186} INFO - Started process (PID=6974) to work on /opt/airflow/dags/flex_eau_pipeline.py
[2026-06-21T13:24:27.582+0000] {processor.py:914} INFO - Processing file /opt/airflow/dags/flex_eau_pipeline.py for tasks to queue
[2026-06-21T13:24:27.586+0000] {logging_mixin.py:190} INFO - [2026-06-21T13:24:27.586+0000] {dagbag.py:587} INFO - Filling up the DagBag from /opt/airflow/dags/flex_eau_pipeline.py
[2026-06-21T13:24:27.612+0000] {logging_mixin.py:190} INFO - [2026-06-21T13:24:27.611+0000] {dagbag.py:386} ERROR - Failed to import: /opt/airflow/dags/flex_eau_pipeline.py
Traceback (most recent call last):
  File "/home/airflow/.local/lib/python3.12/site-packages/airflow/models/dagbag.py", line 382, in parse
    loader.exec_module(new_module)
  File "<frozen importlib._bootstrap_external>", line 991, in exec_module
  File "<frozen importlib._bootstrap_external>", line 1129, in get_code
  File "<frozen importlib._bootstrap_external>", line 1059, in source_to_code
  File "<frozen importlib._bootstrap>", line 488, in _call_with_frames_removed
  File "/opt/airflow/dags/flex_eau_pipeline.py", line 26
    ingestion = BashOperator(
    ^^^^^^^^^
IndentationError: expected an indented block after 'with' statement on line 11
[2026-06-21T13:24:27.613+0000] {processor.py:927} WARNING - No viable dags retrieved from /opt/airflow/dags/flex_eau_pipeline.py
[2026-06-21T13:24:27.636+0000] {processor.py:208} INFO - Processing /opt/airflow/dags/flex_eau_pipeline.py took 0.061 seconds
[2026-06-21T13:24:58.426+0000] {processor.py:186} INFO - Started process (PID=6979) to work on /opt/airflow/dags/flex_eau_pipeline.py
[2026-06-21T13:24:58.427+0000] {processor.py:914} INFO - Processing file /opt/airflow/dags/flex_eau_pipeline.py for tasks to queue
[2026-06-21T13:24:58.431+0000] {logging_mixin.py:190} INFO - [2026-06-21T13:24:58.431+0000] {dagbag.py:587} INFO - Filling up the DagBag from /opt/airflow/dags/flex_eau_pipeline.py
[2026-06-21T13:24:58.460+0000] {logging_mixin.py:190} INFO - [2026-06-21T13:24:58.459+0000] {dagbag.py:386} ERROR - Failed to import: /opt/airflow/dags/flex_eau_pipeline.py
Traceback (most recent call last):
  File "/home/airflow/.local/lib/python3.12/site-packages/airflow/models/dagbag.py", line 382, in parse
    loader.exec_module(new_module)
  File "<frozen importlib._bootstrap_external>", line 991, in exec_module
  File "<frozen importlib._bootstrap_external>", line 1129, in get_code
  File "<frozen importlib._bootstrap_external>", line 1059, in source_to_code
  File "<frozen importlib._bootstrap>", line 488, in _call_with_frames_removed
  File "/opt/airflow/dags/flex_eau_pipeline.py", line 26
    ingestion = BashOperator(
    ^^^^^^^^^
IndentationError: expected an indented block after 'with' statement on line 11
[2026-06-21T13:24:58.461+0000] {processor.py:927} WARNING - No viable dags retrieved from /opt/airflow/dags/flex_eau_pipeline.py
[2026-06-21T13:24:58.492+0000] {processor.py:208} INFO - Processing /opt/airflow/dags/flex_eau_pipeline.py took 0.073 seconds
[2026-06-21T13:25:29.255+0000] {processor.py:186} INFO - Started process (PID=6984) to work on /opt/airflow/dags/flex_eau_pipeline.py
[2026-06-21T13:25:29.257+0000] {processor.py:914} INFO - Processing file /opt/airflow/dags/flex_eau_pipeline.py for tasks to queue
[2026-06-21T13:25:29.260+0000] {logging_mixin.py:190} INFO - [2026-06-21T13:25:29.259+0000] {dagbag.py:587} INFO - Filling up the DagBag from /opt/airflow/dags/flex_eau_pipeline.py
[2026-06-21T13:25:29.285+0000] {logging_mixin.py:190} INFO - [2026-06-21T13:25:29.284+0000] {dagbag.py:386} ERROR - Failed to import: /opt/airflow/dags/flex_eau_pipeline.py
Traceback (most recent call last):
  File "/home/airflow/.local/lib/python3.12/site-packages/airflow/models/dagbag.py", line 382, in parse
    loader.exec_module(new_module)
  File "<frozen importlib._bootstrap_external>", line 991, in exec_module
  File "<frozen importlib._bootstrap_external>", line 1129, in get_code
  File "<frozen importlib._bootstrap_external>", line 1059, in source_to_code
  File "<frozen importlib._bootstrap>", line 488, in _call_with_frames_removed
  File "/opt/airflow/dags/flex_eau_pipeline.py", line 26
    ingestion = BashOperator(
    ^^^^^^^^^
IndentationError: expected an indented block after 'with' statement on line 11
[2026-06-21T13:25:29.286+0000] {processor.py:927} WARNING - No viable dags retrieved from /opt/airflow/dags/flex_eau_pipeline.py
[2026-06-21T13:25:29.314+0000] {processor.py:208} INFO - Processing /opt/airflow/dags/flex_eau_pipeline.py took 0.065 seconds
[2026-06-21T13:26:00.254+0000] {processor.py:186} INFO - Started process (PID=6989) to work on /opt/airflow/dags/flex_eau_pipeline.py
[2026-06-21T13:26:00.255+0000] {processor.py:914} INFO - Processing file /opt/airflow/dags/flex_eau_pipeline.py for tasks to queue
[2026-06-21T13:26:00.259+0000] {logging_mixin.py:190} INFO - [2026-06-21T13:26:00.259+0000] {dagbag.py:587} INFO - Filling up the DagBag from /opt/airflow/dags/flex_eau_pipeline.py
[2026-06-21T13:26:00.291+0000] {logging_mixin.py:190} INFO - [2026-06-21T13:26:00.290+0000] {dagbag.py:386} ERROR - Failed to import: /opt/airflow/dags/flex_eau_pipeline.py
Traceback (most recent call last):
  File "/home/airflow/.local/lib/python3.12/site-packages/airflow/models/dagbag.py", line 382, in parse
    loader.exec_module(new_module)
  File "<frozen importlib._bootstrap_external>", line 991, in exec_module
  File "<frozen importlib._bootstrap_external>", line 1129, in get_code
  File "<frozen importlib._bootstrap_external>", line 1059, in source_to_code
  File "<frozen importlib._bootstrap>", line 488, in _call_with_frames_removed
  File "/opt/airflow/dags/flex_eau_pipeline.py", line 26
    ingestion = BashOperator(
    ^^^^^^^^^
IndentationError: expected an indented block after 'with' statement on line 11
[2026-06-21T13:26:00.292+0000] {processor.py:927} WARNING - No viable dags retrieved from /opt/airflow/dags/flex_eau_pipeline.py
[2026-06-21T13:26:00.320+0000] {processor.py:208} INFO - Processing /opt/airflow/dags/flex_eau_pipeline.py took 0.073 seconds
[2026-06-21T13:26:30.380+0000] {processor.py:186} INFO - Started process (PID=6994) to work on /opt/airflow/dags/flex_eau_pipeline.py
[2026-06-21T13:26:30.381+0000] {processor.py:914} INFO - Processing file /opt/airflow/dags/flex_eau_pipeline.py for tasks to queue
[2026-06-21T13:26:30.384+0000] {logging_mixin.py:190} INFO - [2026-06-21T13:26:30.384+0000] {dagbag.py:587} INFO - Filling up the DagBag from /opt/airflow/dags/flex_eau_pipeline.py
[2026-06-21T13:26:30.409+0000] {logging_mixin.py:190} INFO - [2026-06-21T13:26:30.407+0000] {dagbag.py:386} ERROR - Failed to import: /opt/airflow/dags/flex_eau_pipeline.py
Traceback (most recent call last):
  File "/home/airflow/.local/lib/python3.12/site-packages/airflow/models/dagbag.py", line 382, in parse
    loader.exec_module(new_module)
  File "<frozen importlib._bootstrap_external>", line 991, in exec_module
  File "<frozen importlib._bootstrap_external>", line 1129, in get_code
  File "<frozen importlib._bootstrap_external>", line 1059, in source_to_code
  File "<frozen importlib._bootstrap>", line 488, in _call_with_frames_removed
  File "/opt/airflow/dags/flex_eau_pipeline.py", line 26
    ingestion = BashOperator(
    ^^^^^^^^^
IndentationError: expected an indented block after 'with' statement on line 11
[2026-06-21T13:26:30.410+0000] {processor.py:927} WARNING - No viable dags retrieved from /opt/airflow/dags/flex_eau_pipeline.py
[2026-06-21T13:26:30.439+0000] {processor.py:208} INFO - Processing /opt/airflow/dags/flex_eau_pipeline.py took 0.069 seconds
[2026-06-21T13:27:01.377+0000] {processor.py:186} INFO - Started process (PID=6999) to work on /opt/airflow/dags/flex_eau_pipeline.py
[2026-06-21T13:27:01.379+0000] {processor.py:914} INFO - Processing file /opt/airflow/dags/flex_eau_pipeline.py for tasks to queue
[2026-06-21T13:27:01.383+0000] {logging_mixin.py:190} INFO - [2026-06-21T13:27:01.383+0000] {dagbag.py:587} INFO - Filling up the DagBag from /opt/airflow/dags/flex_eau_pipeline.py
[2026-06-21T13:27:01.412+0000] {logging_mixin.py:190} INFO - [2026-06-21T13:27:01.411+0000] {dagbag.py:386} ERROR - Failed to import: /opt/airflow/dags/flex_eau_pipeline.py
Traceback (most recent call last):
  File "/home/airflow/.local/lib/python3.12/site-packages/airflow/models/dagbag.py", line 382, in parse
    loader.exec_module(new_module)
  File "<frozen importlib._bootstrap_external>", line 991, in exec_module
  File "<frozen importlib._bootstrap_external>", line 1129, in get_code
  File "<frozen importlib._bootstrap_external>", line 1059, in source_to_code
  File "<frozen importlib._bootstrap>", line 488, in _call_with_frames_removed
  File "/opt/airflow/dags/flex_eau_pipeline.py", line 26
    ingestion = BashOperator(
    ^^^^^^^^^
IndentationError: expected an indented block after 'with' statement on line 11
[2026-06-21T13:27:01.413+0000] {processor.py:927} WARNING - No viable dags retrieved from /opt/airflow/dags/flex_eau_pipeline.py
[2026-06-21T13:27:01.447+0000] {processor.py:208} INFO - Processing /opt/airflow/dags/flex_eau_pipeline.py took 0.080 seconds
[2026-06-21T13:27:32.369+0000] {processor.py:186} INFO - Started process (PID=7004) to work on /opt/airflow/dags/flex_eau_pipeline.py
[2026-06-21T13:27:32.370+0000] {processor.py:914} INFO - Processing file /opt/airflow/dags/flex_eau_pipeline.py for tasks to queue
[2026-06-21T13:27:32.373+0000] {logging_mixin.py:190} INFO - [2026-06-21T13:27:32.373+0000] {dagbag.py:587} INFO - Filling up the DagBag from /opt/airflow/dags/flex_eau_pipeline.py
[2026-06-21T13:27:32.397+0000] {logging_mixin.py:190} INFO - [2026-06-21T13:27:32.395+0000] {dagbag.py:386} ERROR - Failed to import: /opt/airflow/dags/flex_eau_pipeline.py
Traceback (most recent call last):
  File "/home/airflow/.local/lib/python3.12/site-packages/airflow/models/dagbag.py", line 382, in parse
    loader.exec_module(new_module)
  File "<frozen importlib._bootstrap_external>", line 991, in exec_module
  File "<frozen importlib._bootstrap_external>", line 1129, in get_code
  File "<frozen importlib._bootstrap_external>", line 1059, in source_to_code
  File "<frozen importlib._bootstrap>", line 488, in _call_with_frames_removed
  File "/opt/airflow/dags/flex_eau_pipeline.py", line 26
    ingestion = BashOperator(
    ^^^^^^^^^
IndentationError: expected an indented block after 'with' statement on line 11
[2026-06-21T13:27:32.398+0000] {processor.py:927} WARNING - No viable dags retrieved from /opt/airflow/dags/flex_eau_pipeline.py
[2026-06-21T13:27:32.424+0000] {processor.py:208} INFO - Processing /opt/airflow/dags/flex_eau_pipeline.py took 0.062 seconds
[2026-06-21T13:28:03.353+0000] {processor.py:186} INFO - Started process (PID=7009) to work on /opt/airflow/dags/flex_eau_pipeline.py
[2026-06-21T13:28:03.354+0000] {processor.py:914} INFO - Processing file /opt/airflow/dags/flex_eau_pipeline.py for tasks to queue
[2026-06-21T13:28:03.357+0000] {logging_mixin.py:190} INFO - [2026-06-21T13:28:03.356+0000] {dagbag.py:587} INFO - Filling up the DagBag from /opt/airflow/dags/flex_eau_pipeline.py
[2026-06-21T13:28:03.379+0000] {logging_mixin.py:190} INFO - [2026-06-21T13:28:03.377+0000] {dagbag.py:386} ERROR - Failed to import: /opt/airflow/dags/flex_eau_pipeline.py
Traceback (most recent call last):
  File "/home/airflow/.local/lib/python3.12/site-packages/airflow/models/dagbag.py", line 382, in parse
    loader.exec_module(new_module)
  File "<frozen importlib._bootstrap_external>", line 991, in exec_module
  File "<frozen importlib._bootstrap_external>", line 1129, in get_code
  File "<frozen importlib._bootstrap_external>", line 1059, in source_to_code
  File "<frozen importlib._bootstrap>", line 488, in _call_with_frames_removed
  File "/opt/airflow/dags/flex_eau_pipeline.py", line 26
    ingestion = BashOperator(
    ^^^^^^^^^
IndentationError: expected an indented block after 'with' statement on line 11
[2026-06-21T13:28:03.379+0000] {processor.py:927} WARNING - No viable dags retrieved from /opt/airflow/dags/flex_eau_pipeline.py
[2026-06-21T13:28:03.406+0000] {processor.py:208} INFO - Processing /opt/airflow/dags/flex_eau_pipeline.py took 0.061 seconds
[2026-06-21T13:28:34.402+0000] {processor.py:186} INFO - Started process (PID=7014) to work on /opt/airflow/dags/flex_eau_pipeline.py
[2026-06-21T13:28:34.404+0000] {processor.py:914} INFO - Processing file /opt/airflow/dags/flex_eau_pipeline.py for tasks to queue
[2026-06-21T13:28:34.407+0000] {logging_mixin.py:190} INFO - [2026-06-21T13:28:34.406+0000] {dagbag.py:587} INFO - Filling up the DagBag from /opt/airflow/dags/flex_eau_pipeline.py
[2026-06-21T13:28:34.431+0000] {logging_mixin.py:190} INFO - [2026-06-21T13:28:34.430+0000] {dagbag.py:386} ERROR - Failed to import: /opt/airflow/dags/flex_eau_pipeline.py
Traceback (most recent call last):
  File "/home/airflow/.local/lib/python3.12/site-packages/airflow/models/dagbag.py", line 382, in parse
    loader.exec_module(new_module)
  File "<frozen importlib._bootstrap_external>", line 991, in exec_module
  File "<frozen importlib._bootstrap_external>", line 1129, in get_code
  File "<frozen importlib._bootstrap_external>", line 1059, in source_to_code
  File "<frozen importlib._bootstrap>", line 488, in _call_with_frames_removed
  File "/opt/airflow/dags/flex_eau_pipeline.py", line 26
    ingestion = BashOperator(
    ^^^^^^^^^
IndentationError: expected an indented block after 'with' statement on line 11
[2026-06-21T13:28:34.432+0000] {processor.py:927} WARNING - No viable dags retrieved from /opt/airflow/dags/flex_eau_pipeline.py
[2026-06-21T13:28:34.460+0000] {processor.py:208} INFO - Processing /opt/airflow/dags/flex_eau_pipeline.py took 0.064 seconds
[2026-06-21T13:29:05.459+0000] {processor.py:186} INFO - Started process (PID=7019) to work on /opt/airflow/dags/flex_eau_pipeline.py
[2026-06-21T13:29:05.460+0000] {processor.py:914} INFO - Processing file /opt/airflow/dags/flex_eau_pipeline.py for tasks to queue
[2026-06-21T13:29:05.463+0000] {logging_mixin.py:190} INFO - [2026-06-21T13:29:05.463+0000] {dagbag.py:587} INFO - Filling up the DagBag from /opt/airflow/dags/flex_eau_pipeline.py
[2026-06-21T13:29:05.489+0000] {logging_mixin.py:190} INFO - [2026-06-21T13:29:05.488+0000] {dagbag.py:386} ERROR - Failed to import: /opt/airflow/dags/flex_eau_pipeline.py
Traceback (most recent call last):
  File "/home/airflow/.local/lib/python3.12/site-packages/airflow/models/dagbag.py", line 382, in parse
    loader.exec_module(new_module)
  File "<frozen importlib._bootstrap_external>", line 991, in exec_module
  File "<frozen importlib._bootstrap_external>", line 1129, in get_code
  File "<frozen importlib._bootstrap_external>", line 1059, in source_to_code
  File "<frozen importlib._bootstrap>", line 488, in _call_with_frames_removed
  File "/opt/airflow/dags/flex_eau_pipeline.py", line 26
    ingestion = BashOperator(
    ^^^^^^^^^
IndentationError: expected an indented block after 'with' statement on line 11
[2026-06-21T13:29:05.490+0000] {processor.py:927} WARNING - No viable dags retrieved from /opt/airflow/dags/flex_eau_pipeline.py
[2026-06-21T13:29:05.518+0000] {processor.py:208} INFO - Processing /opt/airflow/dags/flex_eau_pipeline.py took 0.066 seconds
[2026-06-21T13:29:36.439+0000] {processor.py:186} INFO - Started process (PID=7024) to work on /opt/airflow/dags/flex_eau_pipeline.py
[2026-06-21T13:29:36.441+0000] {processor.py:914} INFO - Processing file /opt/airflow/dags/flex_eau_pipeline.py for tasks to queue
[2026-06-21T13:29:36.445+0000] {logging_mixin.py:190} INFO - [2026-06-21T13:29:36.444+0000] {dagbag.py:587} INFO - Filling up the DagBag from /opt/airflow/dags/flex_eau_pipeline.py
[2026-06-21T13:29:36.475+0000] {logging_mixin.py:190} INFO - [2026-06-21T13:29:36.471+0000] {dagbag.py:386} ERROR - Failed to import: /opt/airflow/dags/flex_eau_pipeline.py
Traceback (most recent call last):
  File "/home/airflow/.local/lib/python3.12/site-packages/airflow/models/dagbag.py", line 382, in parse
    loader.exec_module(new_module)
  File "<frozen importlib._bootstrap_external>", line 991, in exec_module
  File "<frozen importlib._bootstrap_external>", line 1129, in get_code
  File "<frozen importlib._bootstrap_external>", line 1059, in source_to_code
  File "<frozen importlib._bootstrap>", line 488, in _call_with_frames_removed
  File "/opt/airflow/dags/flex_eau_pipeline.py", line 26
    ingestion = BashOperator(
    ^^^^^^^^^
IndentationError: expected an indented block after 'with' statement on line 11
[2026-06-21T13:29:36.477+0000] {processor.py:927} WARNING - No viable dags retrieved from /opt/airflow/dags/flex_eau_pipeline.py
[2026-06-21T13:29:36.507+0000] {processor.py:208} INFO - Processing /opt/airflow/dags/flex_eau_pipeline.py took 0.074 seconds
[2026-06-21T13:30:07.432+0000] {processor.py:186} INFO - Started process (PID=7029) to work on /opt/airflow/dags/flex_eau_pipeline.py
[2026-06-21T13:30:07.434+0000] {processor.py:914} INFO - Processing file /opt/airflow/dags/flex_eau_pipeline.py for tasks to queue
[2026-06-21T13:30:07.437+0000] {logging_mixin.py:190} INFO - [2026-06-21T13:30:07.437+0000] {dagbag.py:587} INFO - Filling up the DagBag from /opt/airflow/dags/flex_eau_pipeline.py
[2026-06-21T13:30:07.463+0000] {logging_mixin.py:190} INFO - [2026-06-21T13:30:07.462+0000] {dagbag.py:386} ERROR - Failed to import: /opt/airflow/dags/flex_eau_pipeline.py
Traceback (most recent call last):
  File "/home/airflow/.local/lib/python3.12/site-packages/airflow/models/dagbag.py", line 382, in parse
    loader.exec_module(new_module)
  File "<frozen importlib._bootstrap_external>", line 991, in exec_module
  File "<frozen importlib._bootstrap_external>", line 1129, in get_code
  File "<frozen importlib._bootstrap_external>", line 1059, in source_to_code
  File "<frozen importlib._bootstrap>", line 488, in _call_with_frames_removed
  File "/opt/airflow/dags/flex_eau_pipeline.py", line 26
    ingestion = BashOperator(
    ^^^^^^^^^
IndentationError: expected an indented block after 'with' statement on line 11
[2026-06-21T13:30:07.464+0000] {processor.py:927} WARNING - No viable dags retrieved from /opt/airflow/dags/flex_eau_pipeline.py
[2026-06-21T13:30:07.492+0000] {processor.py:208} INFO - Processing /opt/airflow/dags/flex_eau_pipeline.py took 0.066 seconds
[2026-06-21T13:30:38.081+0000] {processor.py:186} INFO - Started process (PID=7034) to work on /opt/airflow/dags/flex_eau_pipeline.py
[2026-06-21T13:30:38.082+0000] {processor.py:914} INFO - Processing file /opt/airflow/dags/flex_eau_pipeline.py for tasks to queue
[2026-06-21T13:30:38.085+0000] {logging_mixin.py:190} INFO - [2026-06-21T13:30:38.085+0000] {dagbag.py:587} INFO - Filling up the DagBag from /opt/airflow/dags/flex_eau_pipeline.py
[2026-06-21T13:30:38.114+0000] {logging_mixin.py:190} INFO - [2026-06-21T13:30:38.113+0000] {dagbag.py:386} ERROR - Failed to import: /opt/airflow/dags/flex_eau_pipeline.py
Traceback (most recent call last):
  File "/home/airflow/.local/lib/python3.12/site-packages/airflow/models/dagbag.py", line 382, in parse
    loader.exec_module(new_module)
  File "<frozen importlib._bootstrap_external>", line 991, in exec_module
  File "<frozen importlib._bootstrap_external>", line 1129, in get_code
  File "<frozen importlib._bootstrap_external>", line 1059, in source_to_code
  File "<frozen importlib._bootstrap>", line 488, in _call_with_frames_removed
  File "/opt/airflow/dags/flex_eau_pipeline.py", line 26
    ingestion = BashOperator(
    ^^^^^^^^^
IndentationError: expected an indented block after 'with' statement on line 11
[2026-06-21T13:30:38.115+0000] {processor.py:927} WARNING - No viable dags retrieved from /opt/airflow/dags/flex_eau_pipeline.py
[2026-06-21T13:30:38.142+0000] {processor.py:208} INFO - Processing /opt/airflow/dags/flex_eau_pipeline.py took 0.068 seconds
[2026-06-21T13:31:09.134+0000] {processor.py:186} INFO - Started process (PID=7039) to work on /opt/airflow/dags/flex_eau_pipeline.py
[2026-06-21T13:31:09.136+0000] {processor.py:914} INFO - Processing file /opt/airflow/dags/flex_eau_pipeline.py for tasks to queue
[2026-06-21T13:31:09.139+0000] {logging_mixin.py:190} INFO - [2026-06-21T13:31:09.138+0000] {dagbag.py:587} INFO - Filling up the DagBag from /opt/airflow/dags/flex_eau_pipeline.py
[2026-06-21T13:31:09.161+0000] {logging_mixin.py:190} INFO - [2026-06-21T13:31:09.160+0000] {dagbag.py:386} ERROR - Failed to import: /opt/airflow/dags/flex_eau_pipeline.py
Traceback (most recent call last):
  File "/home/airflow/.local/lib/python3.12/site-packages/airflow/models/dagbag.py", line 382, in parse
    loader.exec_module(new_module)
  File "<frozen importlib._bootstrap_external>", line 991, in exec_module
  File "<frozen importlib._bootstrap_external>", line 1129, in get_code
  File "<frozen importlib._bootstrap_external>", line 1059, in source_to_code
  File "<frozen importlib._bootstrap>", line 488, in _call_with_frames_removed
  File "/opt/airflow/dags/flex_eau_pipeline.py", line 26
    ingestion = BashOperator(
    ^^^^^^^^^
IndentationError: expected an indented block after 'with' statement on line 11
[2026-06-21T13:31:09.162+0000] {processor.py:927} WARNING - No viable dags retrieved from /opt/airflow/dags/flex_eau_pipeline.py
[2026-06-21T13:31:09.195+0000] {processor.py:208} INFO - Processing /opt/airflow/dags/flex_eau_pipeline.py took 0.067 seconds
[2026-06-21T13:31:40.109+0000] {processor.py:186} INFO - Started process (PID=7044) to work on /opt/airflow/dags/flex_eau_pipeline.py
[2026-06-21T13:31:40.110+0000] {processor.py:914} INFO - Processing file /opt/airflow/dags/flex_eau_pipeline.py for tasks to queue
[2026-06-21T13:31:40.113+0000] {logging_mixin.py:190} INFO - [2026-06-21T13:31:40.112+0000] {dagbag.py:587} INFO - Filling up the DagBag from /opt/airflow/dags/flex_eau_pipeline.py
[2026-06-21T13:31:40.139+0000] {logging_mixin.py:190} INFO - [2026-06-21T13:31:40.138+0000] {dagbag.py:386} ERROR - Failed to import: /opt/airflow/dags/flex_eau_pipeline.py
Traceback (most recent call last):
  File "/home/airflow/.local/lib/python3.12/site-packages/airflow/models/dagbag.py", line 382, in parse
    loader.exec_module(new_module)
  File "<frozen importlib._bootstrap_external>", line 991, in exec_module
  File "<frozen importlib._bootstrap_external>", line 1129, in get_code
  File "<frozen importlib._bootstrap_external>", line 1059, in source_to_code
  File "<frozen importlib._bootstrap>", line 488, in _call_with_frames_removed
  File "/opt/airflow/dags/flex_eau_pipeline.py", line 26
    ingestion = BashOperator(
    ^^^^^^^^^
IndentationError: expected an indented block after 'with' statement on line 11
[2026-06-21T13:31:40.140+0000] {processor.py:927} WARNING - No viable dags retrieved from /opt/airflow/dags/flex_eau_pipeline.py
[2026-06-21T13:31:40.169+0000] {processor.py:208} INFO - Processing /opt/airflow/dags/flex_eau_pipeline.py took 0.067 seconds
[2026-06-21T13:32:11.125+0000] {processor.py:186} INFO - Started process (PID=7049) to work on /opt/airflow/dags/flex_eau_pipeline.py
[2026-06-21T13:32:11.126+0000] {processor.py:914} INFO - Processing file /opt/airflow/dags/flex_eau_pipeline.py for tasks to queue
[2026-06-21T13:32:11.129+0000] {logging_mixin.py:190} INFO - [2026-06-21T13:32:11.128+0000] {dagbag.py:587} INFO - Filling up the DagBag from /opt/airflow/dags/flex_eau_pipeline.py
[2026-06-21T13:32:11.158+0000] {logging_mixin.py:190} INFO - [2026-06-21T13:32:11.157+0000] {dagbag.py:386} ERROR - Failed to import: /opt/airflow/dags/flex_eau_pipeline.py
Traceback (most recent call last):
  File "/home/airflow/.local/lib/python3.12/site-packages/airflow/models/dagbag.py", line 382, in parse
    loader.exec_module(new_module)
  File "<frozen importlib._bootstrap_external>", line 991, in exec_module
  File "<frozen importlib._bootstrap_external>", line 1129, in get_code
  File "<frozen importlib._bootstrap_external>", line 1059, in source_to_code
  File "<frozen importlib._bootstrap>", line 488, in _call_with_frames_removed
  File "/opt/airflow/dags/flex_eau_pipeline.py", line 26
    ingestion = BashOperator(
    ^^^^^^^^^
IndentationError: expected an indented block after 'with' statement on line 11
[2026-06-21T13:32:11.159+0000] {processor.py:927} WARNING - No viable dags retrieved from /opt/airflow/dags/flex_eau_pipeline.py
[2026-06-21T13:32:11.189+0000] {processor.py:208} INFO - Processing /opt/airflow/dags/flex_eau_pipeline.py took 0.070 seconds
[2026-06-21T13:32:42.126+0000] {processor.py:186} INFO - Started process (PID=7054) to work on /opt/airflow/dags/flex_eau_pipeline.py
[2026-06-21T13:32:42.127+0000] {processor.py:914} INFO - Processing file /opt/airflow/dags/flex_eau_pipeline.py for tasks to queue
[2026-06-21T13:32:42.130+0000] {logging_mixin.py:190} INFO - [2026-06-21T13:32:42.130+0000] {dagbag.py:587} INFO - Filling up the DagBag from /opt/airflow/dags/flex_eau_pipeline.py
[2026-06-21T13:32:42.152+0000] {logging_mixin.py:190} INFO - [2026-06-21T13:32:42.151+0000] {dagbag.py:386} ERROR - Failed to import: /opt/airflow/dags/flex_eau_pipeline.py
Traceback (most recent call last):
  File "/home/airflow/.local/lib/python3.12/site-packages/airflow/models/dagbag.py", line 382, in parse
    loader.exec_module(new_module)
  File "<frozen importlib._bootstrap_external>", line 991, in exec_module
  File "<frozen importlib._bootstrap_external>", line 1129, in get_code
  File "<frozen importlib._bootstrap_external>", line 1059, in source_to_code
  File "<frozen importlib._bootstrap>", line 488, in _call_with_frames_removed
  File "/opt/airflow/dags/flex_eau_pipeline.py", line 26
    ingestion = BashOperator(
    ^^^^^^^^^
IndentationError: expected an indented block after 'with' statement on line 11
[2026-06-21T13:32:42.153+0000] {processor.py:927} WARNING - No viable dags retrieved from /opt/airflow/dags/flex_eau_pipeline.py
[2026-06-21T13:32:42.179+0000] {processor.py:208} INFO - Processing /opt/airflow/dags/flex_eau_pipeline.py took 0.061 seconds
[2026-06-21T13:33:13.183+0000] {processor.py:186} INFO - Started process (PID=7059) to work on /opt/airflow/dags/flex_eau_pipeline.py
[2026-06-21T13:33:13.184+0000] {processor.py:914} INFO - Processing file /opt/airflow/dags/flex_eau_pipeline.py for tasks to queue
[2026-06-21T13:33:13.188+0000] {logging_mixin.py:190} INFO - [2026-06-21T13:33:13.188+0000] {dagbag.py:587} INFO - Filling up the DagBag from /opt/airflow/dags/flex_eau_pipeline.py
[2026-06-21T13:33:13.209+0000] {logging_mixin.py:190} INFO - [2026-06-21T13:33:13.208+0000] {dagbag.py:386} ERROR - Failed to import: /opt/airflow/dags/flex_eau_pipeline.py
Traceback (most recent call last):
  File "/home/airflow/.local/lib/python3.12/site-packages/airflow/models/dagbag.py", line 382, in parse
    loader.exec_module(new_module)
  File "<frozen importlib._bootstrap_external>", line 991, in exec_module
  File "<frozen importlib._bootstrap_external>", line 1129, in get_code
  File "<frozen importlib._bootstrap_external>", line 1059, in source_to_code
  File "<frozen importlib._bootstrap>", line 488, in _call_with_frames_removed
  File "/opt/airflow/dags/flex_eau_pipeline.py", line 26
    ingestion = BashOperator(
    ^^^^^^^^^
IndentationError: expected an indented block after 'with' statement on line 11
[2026-06-21T13:33:13.210+0000] {processor.py:927} WARNING - No viable dags retrieved from /opt/airflow/dags/flex_eau_pipeline.py
[2026-06-21T13:33:13.238+0000] {processor.py:208} INFO - Processing /opt/airflow/dags/flex_eau_pipeline.py took 0.061 seconds
[2026-06-21T13:33:44.171+0000] {processor.py:186} INFO - Started process (PID=7064) to work on /opt/airflow/dags/flex_eau_pipeline.py
[2026-06-21T13:33:44.173+0000] {processor.py:914} INFO - Processing file /opt/airflow/dags/flex_eau_pipeline.py for tasks to queue
[2026-06-21T13:33:44.186+0000] {logging_mixin.py:190} INFO - [2026-06-21T13:33:44.185+0000] {dagbag.py:587} INFO - Filling up the DagBag from /opt/airflow/dags/flex_eau_pipeline.py
[2026-06-21T13:33:44.216+0000] {logging_mixin.py:190} INFO - [2026-06-21T13:33:44.215+0000] {dagbag.py:386} ERROR - Failed to import: /opt/airflow/dags/flex_eau_pipeline.py
Traceback (most recent call last):
  File "/home/airflow/.local/lib/python3.12/site-packages/airflow/models/dagbag.py", line 382, in parse
    loader.exec_module(new_module)
  File "<frozen importlib._bootstrap_external>", line 991, in exec_module
  File "<frozen importlib._bootstrap_external>", line 1129, in get_code
  File "<frozen importlib._bootstrap_external>", line 1059, in source_to_code
  File "<frozen importlib._bootstrap>", line 488, in _call_with_frames_removed
  File "/opt/airflow/dags/flex_eau_pipeline.py", line 26
    ingestion = BashOperator(
    ^^^^^^^^^
IndentationError: expected an indented block after 'with' statement on line 11
[2026-06-21T13:33:44.217+0000] {processor.py:927} WARNING - No viable dags retrieved from /opt/airflow/dags/flex_eau_pipeline.py
[2026-06-21T13:33:44.253+0000] {processor.py:208} INFO - Processing /opt/airflow/dags/flex_eau_pipeline.py took 0.093 seconds
[2026-06-21T13:34:15.217+0000] {processor.py:186} INFO - Started process (PID=7069) to work on /opt/airflow/dags/flex_eau_pipeline.py
[2026-06-21T13:34:15.219+0000] {processor.py:914} INFO - Processing file /opt/airflow/dags/flex_eau_pipeline.py for tasks to queue
[2026-06-21T13:34:15.225+0000] {logging_mixin.py:190} INFO - [2026-06-21T13:34:15.225+0000] {dagbag.py:587} INFO - Filling up the DagBag from /opt/airflow/dags/flex_eau_pipeline.py
[2026-06-21T13:34:15.248+0000] {logging_mixin.py:190} INFO - [2026-06-21T13:34:15.247+0000] {dagbag.py:386} ERROR - Failed to import: /opt/airflow/dags/flex_eau_pipeline.py
Traceback (most recent call last):
  File "/home/airflow/.local/lib/python3.12/site-packages/airflow/models/dagbag.py", line 382, in parse
    loader.exec_module(new_module)
  File "<frozen importlib._bootstrap_external>", line 991, in exec_module
  File "<frozen importlib._bootstrap_external>", line 1129, in get_code
  File "<frozen importlib._bootstrap_external>", line 1059, in source_to_code
  File "<frozen importlib._bootstrap>", line 488, in _call_with_frames_removed
  File "/opt/airflow/dags/flex_eau_pipeline.py", line 26
    ingestion = BashOperator(
    ^^^^^^^^^
IndentationError: expected an indented block after 'with' statement on line 11
[2026-06-21T13:34:15.249+0000] {processor.py:927} WARNING - No viable dags retrieved from /opt/airflow/dags/flex_eau_pipeline.py
[2026-06-21T13:34:15.281+0000] {processor.py:208} INFO - Processing /opt/airflow/dags/flex_eau_pipeline.py took 0.072 seconds
[2026-06-21T13:34:46.243+0000] {processor.py:186} INFO - Started process (PID=7074) to work on /opt/airflow/dags/flex_eau_pipeline.py
[2026-06-21T13:34:46.244+0000] {processor.py:914} INFO - Processing file /opt/airflow/dags/flex_eau_pipeline.py for tasks to queue
[2026-06-21T13:34:46.246+0000] {logging_mixin.py:190} INFO - [2026-06-21T13:34:46.246+0000] {dagbag.py:587} INFO - Filling up the DagBag from /opt/airflow/dags/flex_eau_pipeline.py
[2026-06-21T13:34:46.268+0000] {logging_mixin.py:190} INFO - [2026-06-21T13:34:46.267+0000] {dagbag.py:386} ERROR - Failed to import: /opt/airflow/dags/flex_eau_pipeline.py
Traceback (most recent call last):
  File "/home/airflow/.local/lib/python3.12/site-packages/airflow/models/dagbag.py", line 382, in parse
    loader.exec_module(new_module)
  File "<frozen importlib._bootstrap_external>", line 991, in exec_module
  File "<frozen importlib._bootstrap_external>", line 1129, in get_code
  File "<frozen importlib._bootstrap_external>", line 1059, in source_to_code
  File "<frozen importlib._bootstrap>", line 488, in _call_with_frames_removed
  File "/opt/airflow/dags/flex_eau_pipeline.py", line 26
    ingestion = BashOperator(
    ^^^^^^^^^
IndentationError: expected an indented block after 'with' statement on line 11
[2026-06-21T13:34:46.268+0000] {processor.py:927} WARNING - No viable dags retrieved from /opt/airflow/dags/flex_eau_pipeline.py
[2026-06-21T13:34:46.297+0000] {processor.py:208} INFO - Processing /opt/airflow/dags/flex_eau_pipeline.py took 0.061 seconds
[2026-06-21T13:35:17.298+0000] {processor.py:186} INFO - Started process (PID=7079) to work on /opt/airflow/dags/flex_eau_pipeline.py
[2026-06-21T13:35:17.299+0000] {processor.py:914} INFO - Processing file /opt/airflow/dags/flex_eau_pipeline.py for tasks to queue
[2026-06-21T13:35:17.302+0000] {logging_mixin.py:190} INFO - [2026-06-21T13:35:17.302+0000] {dagbag.py:587} INFO - Filling up the DagBag from /opt/airflow/dags/flex_eau_pipeline.py
[2026-06-21T13:35:17.325+0000] {logging_mixin.py:190} INFO - [2026-06-21T13:35:17.324+0000] {dagbag.py:386} ERROR - Failed to import: /opt/airflow/dags/flex_eau_pipeline.py
Traceback (most recent call last):
  File "/home/airflow/.local/lib/python3.12/site-packages/airflow/models/dagbag.py", line 382, in parse
    loader.exec_module(new_module)
  File "<frozen importlib._bootstrap_external>", line 991, in exec_module
  File "<frozen importlib._bootstrap_external>", line 1129, in get_code
  File "<frozen importlib._bootstrap_external>", line 1059, in source_to_code
  File "<frozen importlib._bootstrap>", line 488, in _call_with_frames_removed
  File "/opt/airflow/dags/flex_eau_pipeline.py", line 26
    ingestion = BashOperator(
    ^^^^^^^^^
IndentationError: expected an indented block after 'with' statement on line 11
[2026-06-21T13:35:17.326+0000] {processor.py:927} WARNING - No viable dags retrieved from /opt/airflow/dags/flex_eau_pipeline.py
[2026-06-21T13:35:17.357+0000] {processor.py:208} INFO - Processing /opt/airflow/dags/flex_eau_pipeline.py took 0.065 seconds
[2026-06-21T13:35:48.285+0000] {processor.py:186} INFO - Started process (PID=7084) to work on /opt/airflow/dags/flex_eau_pipeline.py
[2026-06-21T13:35:48.287+0000] {processor.py:914} INFO - Processing file /opt/airflow/dags/flex_eau_pipeline.py for tasks to queue
[2026-06-21T13:35:48.291+0000] {logging_mixin.py:190} INFO - [2026-06-21T13:35:48.291+0000] {dagbag.py:587} INFO - Filling up the DagBag from /opt/airflow/dags/flex_eau_pipeline.py
[2026-06-21T13:35:48.316+0000] {logging_mixin.py:190} INFO - [2026-06-21T13:35:48.314+0000] {dagbag.py:386} ERROR - Failed to import: /opt/airflow/dags/flex_eau_pipeline.py
Traceback (most recent call last):
  File "/home/airflow/.local/lib/python3.12/site-packages/airflow/models/dagbag.py", line 382, in parse
    loader.exec_module(new_module)
  File "<frozen importlib._bootstrap_external>", line 991, in exec_module
  File "<frozen importlib._bootstrap_external>", line 1129, in get_code
  File "<frozen importlib._bootstrap_external>", line 1059, in source_to_code
  File "<frozen importlib._bootstrap>", line 488, in _call_with_frames_removed
  File "/opt/airflow/dags/flex_eau_pipeline.py", line 26
    ingestion = BashOperator(
    ^^^^^^^^^
IndentationError: expected an indented block after 'with' statement on line 11
[2026-06-21T13:35:48.317+0000] {processor.py:927} WARNING - No viable dags retrieved from /opt/airflow/dags/flex_eau_pipeline.py
[2026-06-21T13:35:48.351+0000] {processor.py:208} INFO - Processing /opt/airflow/dags/flex_eau_pipeline.py took 0.074 seconds
[2026-06-21T13:36:19.355+0000] {processor.py:186} INFO - Started process (PID=7089) to work on /opt/airflow/dags/flex_eau_pipeline.py
[2026-06-21T13:36:19.358+0000] {processor.py:914} INFO - Processing file /opt/airflow/dags/flex_eau_pipeline.py for tasks to queue
[2026-06-21T13:36:19.362+0000] {logging_mixin.py:190} INFO - [2026-06-21T13:36:19.361+0000] {dagbag.py:587} INFO - Filling up the DagBag from /opt/airflow/dags/flex_eau_pipeline.py
[2026-06-21T13:36:19.386+0000] {logging_mixin.py:190} INFO - [2026-06-21T13:36:19.383+0000] {dagbag.py:386} ERROR - Failed to import: /opt/airflow/dags/flex_eau_pipeline.py
Traceback (most recent call last):
  File "/home/airflow/.local/lib/python3.12/site-packages/airflow/models/dagbag.py", line 382, in parse
    loader.exec_module(new_module)
  File "<frozen importlib._bootstrap_external>", line 991, in exec_module
  File "<frozen importlib._bootstrap_external>", line 1129, in get_code
  File "<frozen importlib._bootstrap_external>", line 1059, in source_to_code
  File "<frozen importlib._bootstrap>", line 488, in _call_with_frames_removed
  File "/opt/airflow/dags/flex_eau_pipeline.py", line 26
    ingestion = BashOperator(
    ^^^^^^^^^
IndentationError: expected an indented block after 'with' statement on line 11
[2026-06-21T13:36:19.387+0000] {processor.py:927} WARNING - No viable dags retrieved from /opt/airflow/dags/flex_eau_pipeline.py
[2026-06-21T13:36:19.418+0000] {processor.py:208} INFO - Processing /opt/airflow/dags/flex_eau_pipeline.py took 0.071 seconds
[2026-06-21T13:36:50.375+0000] {processor.py:186} INFO - Started process (PID=7094) to work on /opt/airflow/dags/flex_eau_pipeline.py
[2026-06-21T13:36:50.376+0000] {processor.py:914} INFO - Processing file /opt/airflow/dags/flex_eau_pipeline.py for tasks to queue
[2026-06-21T13:36:50.380+0000] {logging_mixin.py:190} INFO - [2026-06-21T13:36:50.379+0000] {dagbag.py:587} INFO - Filling up the DagBag from /opt/airflow/dags/flex_eau_pipeline.py
[2026-06-21T13:36:50.405+0000] {logging_mixin.py:190} INFO - [2026-06-21T13:36:50.404+0000] {dagbag.py:386} ERROR - Failed to import: /opt/airflow/dags/flex_eau_pipeline.py
Traceback (most recent call last):
  File "/home/airflow/.local/lib/python3.12/site-packages/airflow/models/dagbag.py", line 382, in parse
    loader.exec_module(new_module)
  File "<frozen importlib._bootstrap_external>", line 991, in exec_module
  File "<frozen importlib._bootstrap_external>", line 1129, in get_code
  File "<frozen importlib._bootstrap_external>", line 1059, in source_to_code
  File "<frozen importlib._bootstrap>", line 488, in _call_with_frames_removed
  File "/opt/airflow/dags/flex_eau_pipeline.py", line 26
    ingestion = BashOperator(
    ^^^^^^^^^
IndentationError: expected an indented block after 'with' statement on line 11
[2026-06-21T13:36:50.406+0000] {processor.py:927} WARNING - No viable dags retrieved from /opt/airflow/dags/flex_eau_pipeline.py
[2026-06-21T13:36:50.439+0000] {processor.py:208} INFO - Processing /opt/airflow/dags/flex_eau_pipeline.py took 0.070 seconds
[2026-06-21T16:37:24.552+0000] {processor.py:186} INFO - Started process (PID=7099) to work on /opt/airflow/dags/flex_eau_pipeline.py
[2026-06-21T16:37:24.621+0000] {processor.py:914} INFO - Processing file /opt/airflow/dags/flex_eau_pipeline.py for tasks to queue
[2026-06-21T16:37:24.715+0000] {logging_mixin.py:190} INFO - [2026-06-21T16:37:24.714+0000] {dagbag.py:587} INFO - Filling up the DagBag from /opt/airflow/dags/flex_eau_pipeline.py
[2026-06-21T16:37:29.140+0000] {logging_mixin.py:190} INFO - [2026-06-21T16:37:29.117+0000] {dagbag.py:386} ERROR - Failed to import: /opt/airflow/dags/flex_eau_pipeline.py
Traceback (most recent call last):
  File "/home/airflow/.local/lib/python3.12/site-packages/airflow/models/dagbag.py", line 382, in parse
    loader.exec_module(new_module)
  File "<frozen importlib._bootstrap_external>", line 991, in exec_module
  File "<frozen importlib._bootstrap_external>", line 1129, in get_code
  File "<frozen importlib._bootstrap_external>", line 1059, in source_to_code
  File "<frozen importlib._bootstrap>", line 488, in _call_with_frames_removed
  File "/opt/airflow/dags/flex_eau_pipeline.py", line 26
    ingestion = BashOperator(
    ^^^^^^^^^
IndentationError: expected an indented block after 'with' statement on line 11
[2026-06-21T16:37:29.198+0000] {processor.py:927} WARNING - No viable dags retrieved from /opt/airflow/dags/flex_eau_pipeline.py
[2026-06-21T16:37:42.184+0000] {processor.py:208} INFO - Processing /opt/airflow/dags/flex_eau_pipeline.py took 17.788 seconds
