[2026-07-25T18:09:50.437+0000] {local_task_job_runner.py:123} INFO - ::group::Pre task execution logs
[2026-07-25T18:09:50.492+0000] {taskinstance.py:2603} INFO - Dependencies all met for dep_context=non-requeueable deps ti=<TaskInstance: flex_eau_pipeline.dim_date scheduled__2026-07-24T00:00:00+00:00 [queued]>
[2026-07-25T18:09:50.507+0000] {taskinstance.py:2603} INFO - Dependencies all met for dep_context=requeueable deps ti=<TaskInstance: flex_eau_pipeline.dim_date scheduled__2026-07-24T00:00:00+00:00 [queued]>
[2026-07-25T18:09:50.509+0000] {taskinstance.py:2856} INFO - Starting attempt 1 of 2
[2026-07-25T18:09:50.532+0000] {taskinstance.py:2879} INFO - Executing <Task(BashOperator): dim_date> on 2026-07-24 00:00:00+00:00
[2026-07-25T18:09:50.547+0000] {logging_mixin.py:190} WARNING - /home/***/.local/lib/python3.12/site-packages/***/task/task_runner/standard_task_runner.py:70 DeprecationWarning: This process (pid=520) is multi-threaded, use of fork() may lead to deadlocks in the child.
[2026-07-25T18:09:50.550+0000] {standard_task_runner.py:72} INFO - Started process 526 to run task
[2026-07-25T18:09:50.550+0000] {standard_task_runner.py:104} INFO - Running: ['***', 'tasks', 'run', 'flex_eau_pipeline', 'dim_date', 'scheduled__2026-07-24T00:00:00+00:00', '--job-id', '6', '--raw', '--subdir', 'DAGS_FOLDER/flex_eau_pipeline.py', '--cfg-path', '/tmp/tmpy7xnmdgu']
[2026-07-25T18:09:50.556+0000] {standard_task_runner.py:105} INFO - Job 6: Subtask dim_date
[2026-07-25T18:09:50.742+0000] {task_command.py:467} INFO - Running <TaskInstance: flex_eau_pipeline.dim_date scheduled__2026-07-24T00:00:00+00:00 [running]> on host 30d391bb7be2
[2026-07-25T18:09:51.013+0000] {taskinstance.py:3122} INFO - Exporting env vars: AIRFLOW_CTX_DAG_OWNER='flex-eau' AIRFLOW_CTX_DAG_ID='flex_eau_pipeline' AIRFLOW_CTX_TASK_ID='dim_date' AIRFLOW_CTX_EXECUTION_DATE='2026-07-24T00:00:00+00:00' AIRFLOW_CTX_TRY_NUMBER='1' AIRFLOW_CTX_DAG_RUN_ID='scheduled__2026-07-24T00:00:00+00:00'
[2026-07-25T18:09:51.015+0000] {taskinstance.py:731} INFO - ::endgroup::
[2026-07-25T18:09:51.067+0000] {subprocess.py:63} INFO - Tmp dir root location: /tmp
[2026-07-25T18:09:51.070+0000] {subprocess.py:75} INFO - Running command: ['/usr/bin/bash', '-c', 'python spark_jobs/dimensions/dim_date.py']
[2026-07-25T18:09:51.097+0000] {subprocess.py:86} INFO - Output:
[2026-07-25T18:10:06.138+0000] {subprocess.py:93} INFO - 26/07/25 18:10:06 WARN NativeCodeLoader: Unable to load native-hadoop library for your platform... using builtin-java classes where applicable
[2026-07-25T18:10:07.624+0000] {subprocess.py:93} INFO - 26/07/25 18:10:07 WARN DependencyUtils: Local jar /opt/jars/postgresql-42.7.8.jar does not exist, skipping.
[2026-07-25T18:10:08.101+0000] {subprocess.py:93} INFO - 26/07/25 18:10:08 INFO SparkContext: Running Spark version 3.5.1
[2026-07-25T18:10:08.117+0000] {subprocess.py:93} INFO - 26/07/25 18:10:08 INFO SparkContext: OS info Linux, 6.6.87.2-microsoft-standard-WSL2, amd64
[2026-07-25T18:10:08.136+0000] {subprocess.py:93} INFO - 26/07/25 18:10:08 INFO SparkContext: Java version 17.0.19
[2026-07-25T18:10:08.339+0000] {subprocess.py:93} INFO - 26/07/25 18:10:08 INFO ResourceUtils: ==============================================================
[2026-07-25T18:10:08.340+0000] {subprocess.py:93} INFO - 26/07/25 18:10:08 INFO ResourceUtils: No custom resources configured for spark.driver.
[2026-07-25T18:10:08.349+0000] {subprocess.py:93} INFO - 26/07/25 18:10:08 INFO ResourceUtils: ==============================================================
[2026-07-25T18:10:08.350+0000] {subprocess.py:93} INFO - 26/07/25 18:10:08 INFO SparkContext: Submitted application: DIM_DATE
[2026-07-25T18:10:08.435+0000] {subprocess.py:93} INFO - 26/07/25 18:10:08 INFO ResourceProfile: Default ResourceProfile created, executor resources: Map(memory -> name: memory, amount: 1024, script: , vendor: , offHeap -> name: offHeap, amount: 0, script: , vendor: ), task resources: Map(cpus -> name: cpus, amount: 1.0)
[2026-07-25T18:10:08.459+0000] {subprocess.py:93} INFO - 26/07/25 18:10:08 INFO ResourceProfile: Limiting resource is cpu
[2026-07-25T18:10:08.464+0000] {subprocess.py:93} INFO - 26/07/25 18:10:08 INFO ResourceProfileManager: Added ResourceProfile id: 0
[2026-07-25T18:10:08.697+0000] {subprocess.py:93} INFO - 26/07/25 18:10:08 INFO SecurityManager: Changing view acls to: ***
[2026-07-25T18:10:08.699+0000] {subprocess.py:93} INFO - 26/07/25 18:10:08 INFO SecurityManager: Changing modify acls to: ***
[2026-07-25T18:10:08.702+0000] {subprocess.py:93} INFO - 26/07/25 18:10:08 INFO SecurityManager: Changing view acls groups to:
[2026-07-25T18:10:08.708+0000] {subprocess.py:93} INFO - 26/07/25 18:10:08 INFO SecurityManager: Changing modify acls groups to:
[2026-07-25T18:10:08.711+0000] {subprocess.py:93} INFO - 26/07/25 18:10:08 INFO SecurityManager: SecurityManager: authentication disabled; ui acls disabled; users with view permissions: ***; groups with view permissions: EMPTY; users with modify permissions: ***; groups with modify permissions: EMPTY
[2026-07-25T18:10:09.809+0000] {subprocess.py:93} INFO - 26/07/25 18:10:09 INFO Utils: Successfully started service 'sparkDriver' on port 45239.
[2026-07-25T18:10:09.951+0000] {subprocess.py:93} INFO - 26/07/25 18:10:09 INFO SparkEnv: Registering MapOutputTracker
[2026-07-25T18:10:10.094+0000] {subprocess.py:93} INFO - 26/07/25 18:10:10 INFO SparkEnv: Registering BlockManagerMaster
[2026-07-25T18:10:10.222+0000] {subprocess.py:93} INFO - 26/07/25 18:10:10 INFO BlockManagerMasterEndpoint: Using org.apache.spark.storage.DefaultTopologyMapper for getting topology information
[2026-07-25T18:10:10.237+0000] {subprocess.py:93} INFO - 26/07/25 18:10:10 INFO BlockManagerMasterEndpoint: BlockManagerMasterEndpoint up
[2026-07-25T18:10:10.265+0000] {subprocess.py:93} INFO - 26/07/25 18:10:10 INFO SparkEnv: Registering BlockManagerMasterHeartbeat
[2026-07-25T18:10:10.386+0000] {subprocess.py:93} INFO - 26/07/25 18:10:10 INFO DiskBlockManager: Created local directory at /tmp/blockmgr-eb9d52bf-95f4-4671-92ab-bda1d5390d4f
[2026-07-25T18:10:10.536+0000] {subprocess.py:93} INFO - 26/07/25 18:10:10 INFO MemoryStore: MemoryStore started with capacity 434.4 MiB
[2026-07-25T18:10:10.736+0000] {subprocess.py:93} INFO - 26/07/25 18:10:10 INFO SparkEnv: Registering OutputCommitCoordinator
[2026-07-25T18:10:11.938+0000] {subprocess.py:93} INFO - 26/07/25 18:10:11 INFO JettyUtils: Start Jetty 0.0.0.0:4040 for SparkUI
[2026-07-25T18:10:12.664+0000] {subprocess.py:93} INFO - 26/07/25 18:10:12 WARN Utils: Service 'SparkUI' could not bind on port 4040. Attempting port 4041.
[2026-07-25T18:10:12.676+0000] {subprocess.py:93} INFO - 26/07/25 18:10:12 WARN Utils: Service 'SparkUI' could not bind on port 4041. Attempting port 4042.
[2026-07-25T18:10:12.791+0000] {subprocess.py:93} INFO - 26/07/25 18:10:12 INFO Utils: Successfully started service 'SparkUI' on port 4042.
[2026-07-25T18:10:13.271+0000] {subprocess.py:93} INFO - 26/07/25 18:10:13 ERROR SparkContext: Failed to add /opt/jars/postgresql-42.7.8.jar to Spark environment
[2026-07-25T18:10:13.272+0000] {subprocess.py:93} INFO - java.io.FileNotFoundException: Jar /opt/jars/postgresql-42.7.8.jar not found
[2026-07-25T18:10:13.277+0000] {subprocess.py:93} INFO - 	at org.apache.spark.SparkContext.addLocalJarFile$1(SparkContext.scala:2100)
[2026-07-25T18:10:13.279+0000] {subprocess.py:93} INFO - 	at org.apache.spark.SparkContext.addJar(SparkContext.scala:2156)
[2026-07-25T18:10:13.280+0000] {subprocess.py:93} INFO - 	at org.apache.spark.SparkContext.$anonfun$new$15(SparkContext.scala:526)
[2026-07-25T18:10:13.281+0000] {subprocess.py:93} INFO - 	at org.apache.spark.SparkContext.$anonfun$new$15$adapted(SparkContext.scala:526)
[2026-07-25T18:10:13.283+0000] {subprocess.py:93} INFO - 	at scala.collection.mutable.ResizableArray.foreach(ResizableArray.scala:62)
[2026-07-25T18:10:13.285+0000] {subprocess.py:93} INFO - 	at scala.collection.mutable.ResizableArray.foreach$(ResizableArray.scala:55)
[2026-07-25T18:10:13.288+0000] {subprocess.py:93} INFO - 	at scala.collection.mutable.ArrayBuffer.foreach(ArrayBuffer.scala:49)
[2026-07-25T18:10:13.291+0000] {subprocess.py:93} INFO - 	at org.apache.spark.SparkContext.<init>(SparkContext.scala:526)
[2026-07-25T18:10:13.292+0000] {subprocess.py:93} INFO - 	at org.apache.spark.api.java.JavaSparkContext.<init>(JavaSparkContext.scala:58)
[2026-07-25T18:10:13.297+0000] {subprocess.py:93} INFO - 	at java.base/jdk.internal.reflect.NativeConstructorAccessorImpl.newInstance0(Native Method)
[2026-07-25T18:10:13.298+0000] {subprocess.py:93} INFO - 	at java.base/jdk.internal.reflect.NativeConstructorAccessorImpl.newInstance(NativeConstructorAccessorImpl.java:77)
[2026-07-25T18:10:13.299+0000] {subprocess.py:93} INFO - 	at java.base/jdk.internal.reflect.DelegatingConstructorAccessorImpl.newInstance(DelegatingConstructorAccessorImpl.java:45)
[2026-07-25T18:10:13.300+0000] {subprocess.py:93} INFO - 	at java.base/java.lang.reflect.Constructor.newInstanceWithCaller(Constructor.java:500)
[2026-07-25T18:10:13.301+0000] {subprocess.py:93} INFO - 	at java.base/java.lang.reflect.Constructor.newInstance(Constructor.java:481)
[2026-07-25T18:10:13.302+0000] {subprocess.py:93} INFO - 	at py4j.reflection.MethodInvoker.invoke(MethodInvoker.java:247)
[2026-07-25T18:10:13.303+0000] {subprocess.py:93} INFO - 	at py4j.reflection.ReflectionEngine.invoke(ReflectionEngine.java:374)
[2026-07-25T18:10:13.306+0000] {subprocess.py:93} INFO - 	at py4j.Gateway.invoke(Gateway.java:238)
[2026-07-25T18:10:13.309+0000] {subprocess.py:93} INFO - 	at py4j.commands.ConstructorCommand.invokeConstructor(ConstructorCommand.java:80)
[2026-07-25T18:10:13.311+0000] {subprocess.py:93} INFO - 	at py4j.commands.ConstructorCommand.execute(ConstructorCommand.java:69)
[2026-07-25T18:10:13.317+0000] {subprocess.py:93} INFO - 	at py4j.ClientServerConnection.waitForCommands(ClientServerConnection.java:182)
[2026-07-25T18:10:13.318+0000] {subprocess.py:93} INFO - 	at py4j.ClientServerConnection.run(ClientServerConnection.java:106)
[2026-07-25T18:10:13.319+0000] {subprocess.py:93} INFO - 	at java.base/java.lang.Thread.run(Thread.java:840)
[2026-07-25T18:10:14.176+0000] {subprocess.py:93} INFO - 26/07/25 18:10:14 INFO StandaloneAppClient$ClientEndpoint: Connecting to master spark://spark-master:7077...
[2026-07-25T18:10:14.524+0000] {subprocess.py:93} INFO - 26/07/25 18:10:14 INFO TransportClientFactory: Successfully created connection to spark-master/172.22.0.5:7077 after 141 ms (0 ms spent in bootstraps)
[2026-07-25T18:10:15.628+0000] {subprocess.py:93} INFO - 26/07/25 18:10:15 INFO StandaloneSchedulerBackend: Connected to Spark cluster with app ID app-20260725181015-0007
[2026-07-25T18:10:15.652+0000] {subprocess.py:93} INFO - 26/07/25 18:10:15 INFO Utils: Successfully started service 'org.apache.spark.network.netty.NettyBlockTransferService' on port 46653.
[2026-07-25T18:10:15.653+0000] {subprocess.py:93} INFO - 26/07/25 18:10:15 INFO NettyBlockTransferService: Server created on 30d391bb7be2:46653
[2026-07-25T18:10:15.661+0000] {subprocess.py:93} INFO - 26/07/25 18:10:15 INFO BlockManager: Using org.apache.spark.storage.RandomBlockReplicationPolicy for block replication policy
[2026-07-25T18:10:15.701+0000] {subprocess.py:93} INFO - 26/07/25 18:10:15 INFO BlockManagerMaster: Registering BlockManager BlockManagerId(driver, 30d391bb7be2, 46653, None)
[2026-07-25T18:10:15.713+0000] {subprocess.py:93} INFO - 26/07/25 18:10:15 INFO BlockManagerMasterEndpoint: Registering block manager 30d391bb7be2:46653 with 434.4 MiB RAM, BlockManagerId(driver, 30d391bb7be2, 46653, None)
[2026-07-25T18:10:15.719+0000] {subprocess.py:93} INFO - 26/07/25 18:10:15 INFO BlockManagerMaster: Registered BlockManager BlockManagerId(driver, 30d391bb7be2, 46653, None)
[2026-07-25T18:10:15.728+0000] {subprocess.py:93} INFO - 26/07/25 18:10:15 INFO BlockManager: Initialized BlockManager: BlockManagerId(driver, 30d391bb7be2, 46653, None)
[2026-07-25T18:10:17.487+0000] {subprocess.py:93} INFO - 26/07/25 18:10:17 INFO StandaloneSchedulerBackend: SchedulerBackend is ready for scheduling beginning after reached minRegisteredResourcesRatio: 0.0
[2026-07-25T18:10:23.747+0000] {subprocess.py:93} INFO - 26/07/25 18:10:23 INFO SharedState: Setting hive.metastore.warehouse.dir ('null') to the value of spark.sql.warehouse.dir.
[2026-07-25T18:10:23.821+0000] {subprocess.py:93} INFO - 26/07/25 18:10:23 INFO SharedState: Warehouse path is 'file:/opt/project/spark-warehouse'.
[2026-07-25T18:10:30.766+0000] {subprocess.py:93} INFO - 26/07/25 18:10:30 INFO StandaloneAppClient$ClientEndpoint: Executor added: app-20260725181015-0007/0 on worker-20260725174002-172.22.0.3-38317 (172.22.0.3:38317) with 8 core(s)
[2026-07-25T18:10:30.810+0000] {subprocess.py:93} INFO - 26/07/25 18:10:30 INFO StandaloneSchedulerBackend: Granted executor ID app-20260725181015-0007/0 on hostPort 172.22.0.3:38317 with 8 core(s), 1024.0 MiB RAM
[2026-07-25T18:10:31.291+0000] {subprocess.py:93} INFO - 26/07/25 18:10:31 INFO StandaloneAppClient$ClientEndpoint: Executor updated: app-20260725181015-0007/0 is now RUNNING
[2026-07-25T18:10:36.855+0000] {subprocess.py:93} INFO - 26/07/25 18:10:36 INFO CodeGenerator: Code generated in 398.715295 ms
[2026-07-25T18:10:36.942+0000] {subprocess.py:93} INFO - 26/07/25 18:10:36 INFO DAGScheduler: Registering RDD 6 (count at NativeMethodAccessorImpl.java:0) as input to shuffle 0
[2026-07-25T18:10:36.965+0000] {subprocess.py:93} INFO - 26/07/25 18:10:36 INFO DAGScheduler: Got map stage job 0 (count at NativeMethodAccessorImpl.java:0) with 2 output partitions
[2026-07-25T18:10:36.969+0000] {subprocess.py:93} INFO - 26/07/25 18:10:36 INFO DAGScheduler: Final stage: ShuffleMapStage 0 (count at NativeMethodAccessorImpl.java:0)
[2026-07-25T18:10:36.971+0000] {subprocess.py:93} INFO - 26/07/25 18:10:36 INFO DAGScheduler: Parents of final stage: List()
[2026-07-25T18:10:36.974+0000] {subprocess.py:93} INFO - 26/07/25 18:10:36 INFO DAGScheduler: Missing parents: List()
[2026-07-25T18:10:36.981+0000] {subprocess.py:93} INFO - 26/07/25 18:10:36 INFO DAGScheduler: Submitting ShuffleMapStage 0 (MapPartitionsRDD[6] at count at NativeMethodAccessorImpl.java:0), which has no missing parents
[2026-07-25T18:10:37.158+0000] {subprocess.py:93} INFO - 26/07/25 18:10:37 INFO MemoryStore: Block broadcast_0 stored as values in memory (estimated size 16.2 KiB, free 434.4 MiB)
[2026-07-25T18:10:37.215+0000] {subprocess.py:93} INFO - 26/07/25 18:10:37 INFO MemoryStore: Block broadcast_0_piece0 stored as bytes in memory (estimated size 8.4 KiB, free 434.4 MiB)
[2026-07-25T18:10:37.220+0000] {subprocess.py:93} INFO - 26/07/25 18:10:37 INFO BlockManagerInfo: Added broadcast_0_piece0 in memory on 30d391bb7be2:46653 (size: 8.4 KiB, free: 434.4 MiB)
[2026-07-25T18:10:37.226+0000] {subprocess.py:93} INFO - 26/07/25 18:10:37 INFO SparkContext: Created broadcast 0 from broadcast at DAGScheduler.scala:1585
[2026-07-25T18:10:37.250+0000] {subprocess.py:93} INFO - 26/07/25 18:10:37 INFO DAGScheduler: Submitting 2 missing tasks from ShuffleMapStage 0 (MapPartitionsRDD[6] at count at NativeMethodAccessorImpl.java:0) (first 15 tasks are for partitions Vector(0, 1))
[2026-07-25T18:10:37.254+0000] {subprocess.py:93} INFO - 26/07/25 18:10:37 INFO TaskSchedulerImpl: Adding task set 0.0 with 2 tasks resource profile 0
[2026-07-25T18:10:38.280+0000] {subprocess.py:93} INFO - [Stage 0:>                                                          (0 + 0) / 2]26/07/25 18:10:38 INFO StandaloneSchedulerBackend$StandaloneDriverEndpoint: Registered executor NettyRpcEndpointRef(spark-client://Executor) (172.22.0.3:59692) with ID 0,  ResourceProfileId 0
[2026-07-25T18:10:38.368+0000] {subprocess.py:93} INFO - 26/07/25 18:10:38 INFO BlockManagerMasterEndpoint: Registering block manager 172.22.0.3:36679 with 434.4 MiB RAM, BlockManagerId(0, 172.22.0.3, 36679, None)
[2026-07-25T18:10:38.468+0000] {subprocess.py:93} INFO - 26/07/25 18:10:38 INFO TaskSetManager: Starting task 0.0 in stage 0.0 (TID 0) (172.22.0.3, executor 0, partition 0, PROCESS_LOCAL, 26334 bytes)
[2026-07-25T18:10:38.474+0000] {subprocess.py:93} INFO - 26/07/25 18:10:38 INFO TaskSetManager: Starting task 1.0 in stage 0.0 (TID 1) (172.22.0.3, executor 0, partition 1, PROCESS_LOCAL, 26415 bytes)
[2026-07-25T18:10:38.835+0000] {subprocess.py:93} INFO - [Stage 0:>                                                          (0 + 2) / 2]26/07/25 18:10:38 INFO BlockManagerInfo: Added broadcast_0_piece0 in memory on 172.22.0.3:36679 (size: 8.4 KiB, free: 434.4 MiB)
[2026-07-25T18:10:41.099+0000] {subprocess.py:93} INFO - 26/07/25 18:10:41 WARN TaskSetManager: Lost task 1.0 in stage 0.0 (TID 1) (172.22.0.3 executor 0): org.apache.spark.api.python.PythonException: Traceback (most recent call last):
[2026-07-25T18:10:41.099+0000] {subprocess.py:93} INFO -   File "/opt/spark/python/lib/pyspark.zip/pyspark/worker.py", line 1100, in main
[2026-07-25T18:10:41.108+0000] {subprocess.py:93} INFO -     raise PySparkRuntimeError(
[2026-07-25T18:10:41.109+0000] {subprocess.py:93} INFO - pyspark.errors.exceptions.base.PySparkRuntimeError: [PYTHON_VERSION_MISMATCH] Python in worker has different version (3, 8) than that in driver 3.12, PySpark cannot run with different minor versions.
[2026-07-25T18:10:41.110+0000] {subprocess.py:93} INFO - Please check environment variables PYSPARK_PYTHON and PYSPARK_DRIVER_PYTHON are correctly set.
[2026-07-25T18:10:41.111+0000] {subprocess.py:93} INFO - 
[2026-07-25T18:10:41.118+0000] {subprocess.py:93} INFO - 	at org.apache.spark.api.python.BasePythonRunner$ReaderIterator.handlePythonException(PythonRunner.scala:572)
[2026-07-25T18:10:41.119+0000] {subprocess.py:93} INFO - 	at org.apache.spark.api.python.PythonRunner$$anon$3.read(PythonRunner.scala:784)
[2026-07-25T18:10:41.120+0000] {subprocess.py:93} INFO - 	at org.apache.spark.api.python.PythonRunner$$anon$3.read(PythonRunner.scala:766)
[2026-07-25T18:10:41.122+0000] {subprocess.py:93} INFO - 	at org.apache.spark.api.python.BasePythonRunner$ReaderIterator.hasNext(PythonRunner.scala:525)
[2026-07-25T18:10:41.123+0000] {subprocess.py:93} INFO - 	at org.apache.spark.InterruptibleIterator.hasNext(InterruptibleIterator.scala:37)
[2026-07-25T18:10:41.124+0000] {subprocess.py:93} INFO - 	at scala.collection.Iterator$$anon$11.hasNext(Iterator.scala:491)
[2026-07-25T18:10:41.125+0000] {subprocess.py:93} INFO - 	at scala.collection.Iterator$$anon$10.hasNext(Iterator.scala:460)
[2026-07-25T18:10:41.126+0000] {subprocess.py:93} INFO - 	at scala.collection.Iterator$$anon$10.hasNext(Iterator.scala:460)
[2026-07-25T18:10:41.127+0000] {subprocess.py:93} INFO - 	at org.apache.spark.sql.catalyst.expressions.GeneratedClass$GeneratedIteratorForCodegenStage1.hashAgg_doAggregateWithoutKey_0$(Unknown Source)
[2026-07-25T18:10:41.128+0000] {subprocess.py:93} INFO - 	at org.apache.spark.sql.catalyst.expressions.GeneratedClass$GeneratedIteratorForCodegenStage1.processNext(Unknown Source)
[2026-07-25T18:10:41.129+0000] {subprocess.py:93} INFO - 	at org.apache.spark.sql.execution.BufferedRowIterator.hasNext(BufferedRowIterator.java:43)
[2026-07-25T18:10:41.131+0000] {subprocess.py:93} INFO - 	at org.apache.spark.sql.execution.WholeStageCodegenEvaluatorFactory$WholeStageCodegenPartitionEvaluator$$anon$1.hasNext(WholeStageCodegenEvaluatorFactory.scala:43)
[2026-07-25T18:10:41.134+0000] {subprocess.py:93} INFO - 	at scala.collection.Iterator$$anon$10.hasNext(Iterator.scala:460)
[2026-07-25T18:10:41.135+0000] {subprocess.py:93} INFO - 	at org.apache.spark.shuffle.sort.BypassMergeSortShuffleWriter.write(BypassMergeSortShuffleWriter.java:140)
[2026-07-25T18:10:41.136+0000] {subprocess.py:93} INFO - 	at org.apache.spark.shuffle.ShuffleWriteProcessor.write(ShuffleWriteProcessor.scala:59)
[2026-07-25T18:10:41.136+0000] {subprocess.py:93} INFO - 	at org.apache.spark.scheduler.ShuffleMapTask.runTask(ShuffleMapTask.scala:104)
[2026-07-25T18:10:41.137+0000] {subprocess.py:93} INFO - 	at org.apache.spark.scheduler.ShuffleMapTask.runTask(ShuffleMapTask.scala:54)
[2026-07-25T18:10:41.138+0000] {subprocess.py:93} INFO - 	at org.apache.spark.TaskContext.runTaskWithListeners(TaskContext.scala:166)
[2026-07-25T18:10:41.139+0000] {subprocess.py:93} INFO - 	at org.apache.spark.scheduler.Task.run(Task.scala:141)
[2026-07-25T18:10:41.140+0000] {subprocess.py:93} INFO - 	at org.apache.spark.executor.Executor$TaskRunner.$anonfun$run$4(Executor.scala:620)
[2026-07-25T18:10:41.140+0000] {subprocess.py:93} INFO - 	at org.apache.spark.util.SparkErrorUtils.tryWithSafeFinally(SparkErrorUtils.scala:64)
[2026-07-25T18:10:41.141+0000] {subprocess.py:93} INFO - 	at org.apache.spark.util.SparkErrorUtils.tryWithSafeFinally$(SparkErrorUtils.scala:61)
[2026-07-25T18:10:41.142+0000] {subprocess.py:93} INFO - 	at org.apache.spark.util.Utils$.tryWithSafeFinally(Utils.scala:94)
[2026-07-25T18:10:41.143+0000] {subprocess.py:93} INFO - 	at org.apache.spark.executor.Executor$TaskRunner.run(Executor.scala:623)
[2026-07-25T18:10:41.144+0000] {subprocess.py:93} INFO - 	at java.base/java.util.concurrent.ThreadPoolExecutor.runWorker(Unknown Source)
[2026-07-25T18:10:41.145+0000] {subprocess.py:93} INFO - 	at java.base/java.util.concurrent.ThreadPoolExecutor$Worker.run(Unknown Source)
[2026-07-25T18:10:41.146+0000] {subprocess.py:93} INFO - 	at java.base/java.lang.Thread.run(Unknown Source)
[2026-07-25T18:10:41.146+0000] {subprocess.py:93} INFO - 
[2026-07-25T18:10:41.154+0000] {subprocess.py:93} INFO - 26/07/25 18:10:41 INFO TaskSetManager: Starting task 1.1 in stage 0.0 (TID 2) (172.22.0.3, executor 0, partition 1, PROCESS_LOCAL, 26415 bytes)
[2026-07-25T18:10:41.155+0000] {subprocess.py:93} INFO - 26/07/25 18:10:41 INFO TaskSetManager: Lost task 0.0 in stage 0.0 (TID 0) on 172.22.0.3, executor 0: org.apache.spark.api.python.PythonException (Traceback (most recent call last):
[2026-07-25T18:10:41.158+0000] {subprocess.py:93} INFO -   File "/opt/spark/python/lib/pyspark.zip/pyspark/worker.py", line 1100, in main
[2026-07-25T18:10:41.160+0000] {subprocess.py:93} INFO -     raise PySparkRuntimeError(
[2026-07-25T18:10:41.162+0000] {subprocess.py:93} INFO - pyspark.errors.exceptions.base.PySparkRuntimeError: [PYTHON_VERSION_MISMATCH] Python in worker has different version (3, 8) than that in driver 3.12, PySpark cannot run with different minor versions.
[2026-07-25T18:10:41.163+0000] {subprocess.py:93} INFO - Please check environment variables PYSPARK_PYTHON and PYSPARK_DRIVER_PYTHON are correctly set.
[2026-07-25T18:10:41.163+0000] {subprocess.py:93} INFO - ) [duplicate 1]
[2026-07-25T18:10:41.164+0000] {subprocess.py:93} INFO - 26/07/25 18:10:41 INFO TaskSetManager: Starting task 0.1 in stage 0.0 (TID 3) (172.22.0.3, executor 0, partition 0, PROCESS_LOCAL, 26334 bytes)
[2026-07-25T18:10:41.165+0000] {subprocess.py:93} INFO - 26/07/25 18:10:41 INFO TaskSetManager: Lost task 1.1 in stage 0.0 (TID 2) on 172.22.0.3, executor 0: org.apache.spark.api.python.PythonException (Traceback (most recent call last):
[2026-07-25T18:10:41.166+0000] {subprocess.py:93} INFO -   File "/opt/spark/python/lib/pyspark.zip/pyspark/worker.py", line 1100, in main
[2026-07-25T18:10:41.169+0000] {subprocess.py:93} INFO -     raise PySparkRuntimeError(
[2026-07-25T18:10:41.170+0000] {subprocess.py:93} INFO - pyspark.errors.exceptions.base.PySparkRuntimeError: [PYTHON_VERSION_MISMATCH] Python in worker has different version (3, 8) than that in driver 3.12, PySpark cannot run with different minor versions.
[2026-07-25T18:10:41.171+0000] {subprocess.py:93} INFO - Please check environment variables PYSPARK_PYTHON and PYSPARK_DRIVER_PYTHON are correctly set.
[2026-07-25T18:10:41.172+0000] {subprocess.py:93} INFO - ) [duplicate 2]
[2026-07-25T18:10:41.173+0000] {subprocess.py:93} INFO - 26/07/25 18:10:41 INFO TaskSetManager: Starting task 1.2 in stage 0.0 (TID 4) (172.22.0.3, executor 0, partition 1, PROCESS_LOCAL, 26415 bytes)
[2026-07-25T18:10:41.174+0000] {subprocess.py:93} INFO - 26/07/25 18:10:41 INFO TaskSetManager: Lost task 0.1 in stage 0.0 (TID 3) on 172.22.0.3, executor 0: org.apache.spark.api.python.PythonException (Traceback (most recent call last):
[2026-07-25T18:10:41.178+0000] {subprocess.py:93} INFO -   File "/opt/spark/python/lib/pyspark.zip/pyspark/worker.py", line 1100, in main
[2026-07-25T18:10:41.179+0000] {subprocess.py:93} INFO -     raise PySparkRuntimeError(
[2026-07-25T18:10:41.181+0000] {subprocess.py:93} INFO - pyspark.errors.exceptions.base.PySparkRuntimeError: [PYTHON_VERSION_MISMATCH] Python in worker has different version (3, 8) than that in driver 3.12, PySpark cannot run with different minor versions.
[2026-07-25T18:10:41.184+0000] {subprocess.py:93} INFO - Please check environment variables PYSPARK_PYTHON and PYSPARK_DRIVER_PYTHON are correctly set.
[2026-07-25T18:10:41.185+0000] {subprocess.py:93} INFO - ) [duplicate 3]
[2026-07-25T18:10:41.186+0000] {subprocess.py:93} INFO - 26/07/25 18:10:41 INFO TaskSetManager: Starting task 0.2 in stage 0.0 (TID 5) (172.22.0.3, executor 0, partition 0, PROCESS_LOCAL, 26334 bytes)
[2026-07-25T18:10:41.210+0000] {subprocess.py:93} INFO - 26/07/25 18:10:41 INFO TaskSetManager: Lost task 0.2 in stage 0.0 (TID 5) on 172.22.0.3, executor 0: org.apache.spark.api.python.PythonException (Traceback (most recent call last):
[2026-07-25T18:10:41.211+0000] {subprocess.py:93} INFO -   File "/opt/spark/python/lib/pyspark.zip/pyspark/worker.py", line 1100, in main
[2026-07-25T18:10:41.212+0000] {subprocess.py:93} INFO -     raise PySparkRuntimeError(
[2026-07-25T18:10:41.214+0000] {subprocess.py:93} INFO - pyspark.errors.exceptions.base.PySparkRuntimeError: [PYTHON_VERSION_MISMATCH] Python in worker has different version (3, 8) than that in driver 3.12, PySpark cannot run with different minor versions.
[2026-07-25T18:10:41.215+0000] {subprocess.py:93} INFO - Please check environment variables PYSPARK_PYTHON and PYSPARK_DRIVER_PYTHON are correctly set.
[2026-07-25T18:10:41.216+0000] {subprocess.py:93} INFO - ) [duplicate 4]
[2026-07-25T18:10:41.217+0000] {subprocess.py:93} INFO - 26/07/25 18:10:41 INFO TaskSetManager: Starting task 0.3 in stage 0.0 (TID 6) (172.22.0.3, executor 0, partition 0, PROCESS_LOCAL, 26334 bytes)
[2026-07-25T18:10:41.222+0000] {subprocess.py:93} INFO - 26/07/25 18:10:41 INFO TaskSetManager: Lost task 1.2 in stage 0.0 (TID 4) on 172.22.0.3, executor 0: org.apache.spark.api.python.PythonException (Traceback (most recent call last):
[2026-07-25T18:10:41.223+0000] {subprocess.py:93} INFO -   File "/opt/spark/python/lib/pyspark.zip/pyspark/worker.py", line 1100, in main
[2026-07-25T18:10:41.225+0000] {subprocess.py:93} INFO -     raise PySparkRuntimeError(
[2026-07-25T18:10:41.225+0000] {subprocess.py:93} INFO - pyspark.errors.exceptions.base.PySparkRuntimeError: [PYTHON_VERSION_MISMATCH] Python in worker has different version (3, 8) than that in driver 3.12, PySpark cannot run with different minor versions.
[2026-07-25T18:10:41.229+0000] {subprocess.py:93} INFO - Please check environment variables PYSPARK_PYTHON and PYSPARK_DRIVER_PYTHON are correctly set.
[2026-07-25T18:10:41.230+0000] {subprocess.py:93} INFO - ) [duplicate 5]
[2026-07-25T18:10:41.231+0000] {subprocess.py:93} INFO - 26/07/25 18:10:41 INFO TaskSetManager: Starting task 1.3 in stage 0.0 (TID 7) (172.22.0.3, executor 0, partition 1, PROCESS_LOCAL, 26415 bytes)
[2026-07-25T18:10:41.259+0000] {subprocess.py:93} INFO - 26/07/25 18:10:41 INFO TaskSetManager: Lost task 0.3 in stage 0.0 (TID 6) on 172.22.0.3, executor 0: org.apache.spark.api.python.PythonException (Traceback (most recent call last):
[2026-07-25T18:10:41.261+0000] {subprocess.py:93} INFO -   File "/opt/spark/python/lib/pyspark.zip/pyspark/worker.py", line 1100, in main
[2026-07-25T18:10:41.262+0000] {subprocess.py:93} INFO -     raise PySparkRuntimeError(
[2026-07-25T18:10:41.263+0000] {subprocess.py:93} INFO - pyspark.errors.exceptions.base.PySparkRuntimeError: [PYTHON_VERSION_MISMATCH] Python in worker has different version (3, 8) than that in driver 3.12, PySpark cannot run with different minor versions.
[2026-07-25T18:10:41.264+0000] {subprocess.py:93} INFO - Please check environment variables PYSPARK_PYTHON and PYSPARK_DRIVER_PYTHON are correctly set.
[2026-07-25T18:10:41.265+0000] {subprocess.py:93} INFO - ) [duplicate 6]
[2026-07-25T18:10:41.266+0000] {subprocess.py:93} INFO - 26/07/25 18:10:41 ERROR TaskSetManager: Task 0 in stage 0.0 failed 4 times; aborting job
[2026-07-25T18:10:41.267+0000] {subprocess.py:93} INFO - 26/07/25 18:10:41 INFO TaskSchedulerImpl: Cancelling stage 0
[2026-07-25T18:10:41.268+0000] {subprocess.py:93} INFO - 26/07/25 18:10:41 INFO TaskSchedulerImpl: Killing all running tasks in stage 0: Stage cancelled: Job aborted due to stage failure: Task 0 in stage 0.0 failed 4 times, most recent failure: Lost task 0.3 in stage 0.0 (TID 6) (172.22.0.3 executor 0): org.apache.spark.api.python.PythonException: Traceback (most recent call last):
[2026-07-25T18:10:41.268+0000] {subprocess.py:93} INFO -   File "/opt/spark/python/lib/pyspark.zip/pyspark/worker.py", line 1100, in main
[2026-07-25T18:10:41.269+0000] {subprocess.py:93} INFO -     raise PySparkRuntimeError(
[2026-07-25T18:10:41.270+0000] {subprocess.py:93} INFO - pyspark.errors.exceptions.base.PySparkRuntimeError: [PYTHON_VERSION_MISMATCH] Python in worker has different version (3, 8) than that in driver 3.12, PySpark cannot run with different minor versions.
[2026-07-25T18:10:41.270+0000] {subprocess.py:93} INFO - Please check environment variables PYSPARK_PYTHON and PYSPARK_DRIVER_PYTHON are correctly set.
[2026-07-25T18:10:41.271+0000] {subprocess.py:93} INFO - 
[2026-07-25T18:10:41.271+0000] {subprocess.py:93} INFO - 	at org.apache.spark.api.python.BasePythonRunner$ReaderIterator.handlePythonException(PythonRunner.scala:572)
[2026-07-25T18:10:41.272+0000] {subprocess.py:93} INFO - 	at org.apache.spark.api.python.PythonRunner$$anon$3.read(PythonRunner.scala:784)
[2026-07-25T18:10:41.273+0000] {subprocess.py:93} INFO - 	at org.apache.spark.api.python.PythonRunner$$anon$3.read(PythonRunner.scala:766)
[2026-07-25T18:10:41.273+0000] {subprocess.py:93} INFO - 	at org.apache.spark.api.python.BasePythonRunner$ReaderIterator.hasNext(PythonRunner.scala:525)
[2026-07-25T18:10:41.274+0000] {subprocess.py:93} INFO - 	at org.apache.spark.InterruptibleIterator.hasNext(InterruptibleIterator.scala:37)
[2026-07-25T18:10:41.275+0000] {subprocess.py:93} INFO - 	at scala.collection.Iterator$$anon$11.hasNext(Iterator.scala:491)
[2026-07-25T18:10:41.275+0000] {subprocess.py:93} INFO - 	at scala.collection.Iterator$$anon$10.hasNext(Iterator.scala:460)
[2026-07-25T18:10:41.276+0000] {subprocess.py:93} INFO - 	at scala.collection.Iterator$$anon$10.hasNext(Iterator.scala:460)
[2026-07-25T18:10:41.277+0000] {subprocess.py:93} INFO - 	at org.apache.spark.sql.catalyst.expressions.GeneratedClass$GeneratedIteratorForCodegenStage1.hashAgg_doAggregateWithoutKey_0$(Unknown Source)
[2026-07-25T18:10:41.278+0000] {subprocess.py:93} INFO - 	at org.apache.spark.sql.catalyst.expressions.GeneratedClass$GeneratedIteratorForCodegenStage1.processNext(Unknown Source)
[2026-07-25T18:10:41.278+0000] {subprocess.py:93} INFO - 	at org.apache.spark.sql.execution.BufferedRowIterator.hasNext(BufferedRowIterator.java:43)
[2026-07-25T18:10:41.279+0000] {subprocess.py:93} INFO - 	at org.apache.spark.sql.execution.WholeStageCodegenEvaluatorFactory$WholeStageCodegenPartitionEvaluator$$anon$1.hasNext(WholeStageCodegenEvaluatorFactory.scala:43)
[2026-07-25T18:10:41.280+0000] {subprocess.py:93} INFO - 	at scala.collection.Iterator$$anon$10.hasNext(Iterator.scala:460)
[2026-07-25T18:10:41.281+0000] {subprocess.py:93} INFO - 	at org.apache.spark.shuffle.sort.BypassMergeSortShuffleWriter.write(BypassMergeSortShuffleWriter.java:140)
[2026-07-25T18:10:41.281+0000] {subprocess.py:93} INFO - 	at org.apache.spark.shuffle.ShuffleWriteProcessor.write(ShuffleWriteProcessor.scala:59)
[2026-07-25T18:10:41.282+0000] {subprocess.py:93} INFO - 	at org.apache.spark.scheduler.ShuffleMapTask.runTask(ShuffleMapTask.scala:104)
[2026-07-25T18:10:41.282+0000] {subprocess.py:93} INFO - 	at org.apache.spark.scheduler.ShuffleMapTask.runTask(ShuffleMapTask.scala:54)
[2026-07-25T18:10:41.283+0000] {subprocess.py:93} INFO - 	at org.apache.spark.TaskContext.runTaskWithListeners(TaskContext.scala:166)
[2026-07-25T18:10:41.283+0000] {subprocess.py:93} INFO - 	at org.apache.spark.scheduler.Task.run(Task.scala:141)
[2026-07-25T18:10:41.284+0000] {subprocess.py:93} INFO - 	at org.apache.spark.executor.Executor$TaskRunner.$anonfun$run$4(Executor.scala:620)
[2026-07-25T18:10:41.284+0000] {subprocess.py:93} INFO - 	at org.apache.spark.util.SparkErrorUtils.tryWithSafeFinally(SparkErrorUtils.scala:64)
[2026-07-25T18:10:41.285+0000] {subprocess.py:93} INFO - 	at org.apache.spark.util.SparkErrorUtils.tryWithSafeFinally$(SparkErrorUtils.scala:61)
[2026-07-25T18:10:41.286+0000] {subprocess.py:93} INFO - 	at org.apache.spark.util.Utils$.tryWithSafeFinally(Utils.scala:94)
[2026-07-25T18:10:41.286+0000] {subprocess.py:93} INFO - 	at org.apache.spark.executor.Executor$TaskRunner.run(Executor.scala:623)
[2026-07-25T18:10:41.287+0000] {subprocess.py:93} INFO - 	at java.base/java.util.concurrent.ThreadPoolExecutor.runWorker(Unknown Source)
[2026-07-25T18:10:41.287+0000] {subprocess.py:93} INFO - 	at java.base/java.util.concurrent.ThreadPoolExecutor$Worker.run(Unknown Source)
[2026-07-25T18:10:41.289+0000] {subprocess.py:93} INFO - 	at java.base/java.lang.Thread.run(Unknown Source)
[2026-07-25T18:10:41.289+0000] {subprocess.py:93} INFO - 
[2026-07-25T18:10:41.290+0000] {subprocess.py:93} INFO - Driver stacktrace:
[2026-07-25T18:10:41.291+0000] {subprocess.py:93} INFO - 26/07/25 18:10:41 INFO TaskSchedulerImpl: Removed TaskSet 0.0, whose tasks have all completed, from pool
[2026-07-25T18:10:41.292+0000] {subprocess.py:93} INFO - 26/07/25 18:10:41 INFO TaskSchedulerImpl: Stage 0 was cancelled
[2026-07-25T18:10:41.295+0000] {subprocess.py:93} INFO - 26/07/25 18:10:41 INFO TaskSetManager: Lost task 1.3 in stage 0.0 (TID 7) on 172.22.0.3, executor 0: org.apache.spark.api.python.PythonException (Traceback (most recent call last):
[2026-07-25T18:10:41.296+0000] {subprocess.py:93} INFO -   File "/opt/spark/python/lib/pyspark.zip/pyspark/worker.py", line 1100, in main
[2026-07-25T18:10:41.297+0000] {subprocess.py:93} INFO -     raise PySparkRuntimeError(
[2026-07-25T18:10:41.298+0000] {subprocess.py:93} INFO - pyspark.errors.exceptions.base.PySparkRuntimeError: [PYTHON_VERSION_MISMATCH] Python in worker has different version (3, 8) than that in driver 3.12, PySpark cannot run with different minor versions.
[2026-07-25T18:10:41.299+0000] {subprocess.py:93} INFO - Please check environment variables PYSPARK_PYTHON and PYSPARK_DRIVER_PYTHON are correctly set.
[2026-07-25T18:10:41.299+0000] {subprocess.py:93} INFO - ) [duplicate 7]
[2026-07-25T18:10:41.300+0000] {subprocess.py:93} INFO - 26/07/25 18:10:41 INFO TaskSchedulerImpl: Removed TaskSet 0.0, whose tasks have all completed, from pool
[2026-07-25T18:10:41.301+0000] {subprocess.py:93} INFO - 26/07/25 18:10:41 INFO DAGScheduler: ShuffleMapStage 0 (count at NativeMethodAccessorImpl.java:0) failed in 4.268 s due to Job aborted due to stage failure: Task 0 in stage 0.0 failed 4 times, most recent failure: Lost task 0.3 in stage 0.0 (TID 6) (172.22.0.3 executor 0): org.apache.spark.api.python.PythonException: Traceback (most recent call last):
[2026-07-25T18:10:41.302+0000] {subprocess.py:93} INFO -   File "/opt/spark/python/lib/pyspark.zip/pyspark/worker.py", line 1100, in main
[2026-07-25T18:10:41.302+0000] {subprocess.py:93} INFO -     raise PySparkRuntimeError(
[2026-07-25T18:10:41.303+0000] {subprocess.py:93} INFO - pyspark.errors.exceptions.base.PySparkRuntimeError: [PYTHON_VERSION_MISMATCH] Python in worker has different version (3, 8) than that in driver 3.12, PySpark cannot run with different minor versions.
[2026-07-25T18:10:41.304+0000] {subprocess.py:93} INFO - Please check environment variables PYSPARK_PYTHON and PYSPARK_DRIVER_PYTHON are correctly set.
[2026-07-25T18:10:41.305+0000] {subprocess.py:93} INFO - 
[2026-07-25T18:10:41.306+0000] {subprocess.py:93} INFO - 	at org.apache.spark.api.python.BasePythonRunner$ReaderIterator.handlePythonException(PythonRunner.scala:572)
[2026-07-25T18:10:41.307+0000] {subprocess.py:93} INFO - 	at org.apache.spark.api.python.PythonRunner$$anon$3.read(PythonRunner.scala:784)
[2026-07-25T18:10:41.308+0000] {subprocess.py:93} INFO - 	at org.apache.spark.api.python.PythonRunner$$anon$3.read(PythonRunner.scala:766)
[2026-07-25T18:10:41.309+0000] {subprocess.py:93} INFO - 	at org.apache.spark.api.python.BasePythonRunner$ReaderIterator.hasNext(PythonRunner.scala:525)
[2026-07-25T18:10:41.310+0000] {subprocess.py:93} INFO - 	at org.apache.spark.InterruptibleIterator.hasNext(InterruptibleIterator.scala:37)
[2026-07-25T18:10:41.311+0000] {subprocess.py:93} INFO - 	at scala.collection.Iterator$$anon$11.hasNext(Iterator.scala:491)
[2026-07-25T18:10:41.312+0000] {subprocess.py:93} INFO - 	at scala.collection.Iterator$$anon$10.hasNext(Iterator.scala:460)
[2026-07-25T18:10:41.313+0000] {subprocess.py:93} INFO - 	at scala.collection.Iterator$$anon$10.hasNext(Iterator.scala:460)
[2026-07-25T18:10:41.314+0000] {subprocess.py:93} INFO - 	at org.apache.spark.sql.catalyst.expressions.GeneratedClass$GeneratedIteratorForCodegenStage1.hashAgg_doAggregateWithoutKey_0$(Unknown Source)
[2026-07-25T18:10:41.315+0000] {subprocess.py:93} INFO - 	at org.apache.spark.sql.catalyst.expressions.GeneratedClass$GeneratedIteratorForCodegenStage1.processNext(Unknown Source)
[2026-07-25T18:10:41.316+0000] {subprocess.py:93} INFO - 	at org.apache.spark.sql.execution.BufferedRowIterator.hasNext(BufferedRowIterator.java:43)
[2026-07-25T18:10:41.317+0000] {subprocess.py:93} INFO - 	at org.apache.spark.sql.execution.WholeStageCodegenEvaluatorFactory$WholeStageCodegenPartitionEvaluator$$anon$1.hasNext(WholeStageCodegenEvaluatorFactory.scala:43)
[2026-07-25T18:10:41.317+0000] {subprocess.py:93} INFO - 	at scala.collection.Iterator$$anon$10.hasNext(Iterator.scala:460)
[2026-07-25T18:10:41.318+0000] {subprocess.py:93} INFO - 	at org.apache.spark.shuffle.sort.BypassMergeSortShuffleWriter.write(BypassMergeSortShuffleWriter.java:140)
[2026-07-25T18:10:41.319+0000] {subprocess.py:93} INFO - 	at org.apache.spark.shuffle.ShuffleWriteProcessor.write(ShuffleWriteProcessor.scala:59)
[2026-07-25T18:10:41.320+0000] {subprocess.py:93} INFO - 	at org.apache.spark.scheduler.ShuffleMapTask.runTask(ShuffleMapTask.scala:104)
[2026-07-25T18:10:41.321+0000] {subprocess.py:93} INFO - 	at org.apache.spark.scheduler.ShuffleMapTask.runTask(ShuffleMapTask.scala:54)
[2026-07-25T18:10:41.322+0000] {subprocess.py:93} INFO - 	at org.apache.spark.TaskContext.runTaskWithListeners(TaskContext.scala:166)
[2026-07-25T18:10:41.322+0000] {subprocess.py:93} INFO - 	at org.apache.spark.scheduler.Task.run(Task.scala:141)
[2026-07-25T18:10:41.323+0000] {subprocess.py:93} INFO - 	at org.apache.spark.executor.Executor$TaskRunner.$anonfun$run$4(Executor.scala:620)
[2026-07-25T18:10:41.324+0000] {subprocess.py:93} INFO - 	at org.apache.spark.util.SparkErrorUtils.tryWithSafeFinally(SparkErrorUtils.scala:64)
[2026-07-25T18:10:41.325+0000] {subprocess.py:93} INFO - 	at org.apache.spark.util.SparkErrorUtils.tryWithSafeFinally$(SparkErrorUtils.scala:61)
[2026-07-25T18:10:41.326+0000] {subprocess.py:93} INFO - 	at org.apache.spark.util.Utils$.tryWithSafeFinally(Utils.scala:94)
[2026-07-25T18:10:41.327+0000] {subprocess.py:93} INFO - 	at org.apache.spark.executor.Executor$TaskRunner.run(Executor.scala:623)
[2026-07-25T18:10:41.328+0000] {subprocess.py:93} INFO - 	at java.base/java.util.concurrent.ThreadPoolExecutor.runWorker(Unknown Source)
[2026-07-25T18:10:41.329+0000] {subprocess.py:93} INFO - 	at java.base/java.util.concurrent.ThreadPoolExecutor$Worker.run(Unknown Source)
[2026-07-25T18:10:41.330+0000] {subprocess.py:93} INFO - 	at java.base/java.lang.Thread.run(Unknown Source)
[2026-07-25T18:10:41.331+0000] {subprocess.py:93} INFO - 
[2026-07-25T18:10:41.334+0000] {subprocess.py:93} INFO - Driver stacktrace:
[2026-07-25T18:10:41.523+0000] {subprocess.py:93} INFO - Traceback (most recent call last):
[2026-07-25T18:10:41.526+0000] {subprocess.py:93} INFO -   File "/opt/project/spark_jobs/dimensions/dim_date.py", line 53, in <module>
[2026-07-25T18:10:41.529+0000] {subprocess.py:93} INFO -     print("Nombre lignes :", df.count())
[2026-07-25T18:10:41.530+0000] {subprocess.py:93} INFO -                              ^^^^^^^^^^
[2026-07-25T18:10:41.530+0000] {subprocess.py:93} INFO -   File "/home/***/.local/lib/python3.12/site-packages/pyspark/sql/dataframe.py", line 1238, in count
[2026-07-25T18:10:41.531+0000] {subprocess.py:93} INFO -     return int(self._jdf.count())
[2026-07-25T18:10:41.531+0000] {subprocess.py:93} INFO -                ^^^^^^^^^^^^^^^^^
[2026-07-25T18:10:41.532+0000] {subprocess.py:93} INFO -   File "/home/***/.local/lib/python3.12/site-packages/py4j/java_gateway.py", line 1322, in __call__
[2026-07-25T18:10:41.533+0000] {subprocess.py:93} INFO -     return_value = get_return_value(
[2026-07-25T18:10:41.533+0000] {subprocess.py:93} INFO -                    ^^^^^^^^^^^^^^^^^
[2026-07-25T18:10:41.534+0000] {subprocess.py:93} INFO -   File "/home/***/.local/lib/python3.12/site-packages/pyspark/errors/exceptions/captured.py", line 179, in deco
[2026-07-25T18:10:41.535+0000] {subprocess.py:93} INFO -     return f(*a, **kw)
[2026-07-25T18:10:41.535+0000] {subprocess.py:93} INFO -            ^^^^^^^^^^^
[2026-07-25T18:10:41.536+0000] {subprocess.py:93} INFO -   File "/home/***/.local/lib/python3.12/site-packages/py4j/protocol.py", line 326, in get_return_value
[2026-07-25T18:10:41.536+0000] {subprocess.py:93} INFO -     raise Py4JJavaError(
[2026-07-25T18:10:41.537+0000] {subprocess.py:93} INFO - py4j.protocol.Py4JJavaError: An error occurred while calling o46.count.
[2026-07-25T18:10:41.537+0000] {subprocess.py:93} INFO - : org.apache.spark.SparkException: Job aborted due to stage failure: Task 0 in stage 0.0 failed 4 times, most recent failure: Lost task 0.3 in stage 0.0 (TID 6) (172.22.0.3 executor 0): org.apache.spark.api.python.PythonException: Traceback (most recent call last):
[2026-07-25T18:10:41.538+0000] {subprocess.py:93} INFO -   File "/opt/spark/python/lib/pyspark.zip/pyspark/worker.py", line 1100, in main
[2026-07-25T18:10:41.538+0000] {subprocess.py:93} INFO -     raise PySparkRuntimeError(
[2026-07-25T18:10:41.539+0000] {subprocess.py:93} INFO - pyspark.errors.exceptions.base.PySparkRuntimeError: [PYTHON_VERSION_MISMATCH] Python in worker has different version (3, 8) than that in driver 3.12, PySpark cannot run with different minor versions.
[2026-07-25T18:10:41.539+0000] {subprocess.py:93} INFO - Please check environment variables PYSPARK_PYTHON and PYSPARK_DRIVER_PYTHON are correctly set.
[2026-07-25T18:10:41.539+0000] {subprocess.py:93} INFO - 
[2026-07-25T18:10:41.540+0000] {subprocess.py:93} INFO - 	at org.apache.spark.api.python.BasePythonRunner$ReaderIterator.handlePythonException(PythonRunner.scala:572)
[2026-07-25T18:10:41.540+0000] {subprocess.py:93} INFO - 	at org.apache.spark.api.python.PythonRunner$$anon$3.read(PythonRunner.scala:784)
[2026-07-25T18:10:41.541+0000] {subprocess.py:93} INFO - 	at org.apache.spark.api.python.PythonRunner$$anon$3.read(PythonRunner.scala:766)
[2026-07-25T18:10:41.541+0000] {subprocess.py:93} INFO - 	at org.apache.spark.api.python.BasePythonRunner$ReaderIterator.hasNext(PythonRunner.scala:525)
[2026-07-25T18:10:41.542+0000] {subprocess.py:93} INFO - 	at org.apache.spark.InterruptibleIterator.hasNext(InterruptibleIterator.scala:37)
[2026-07-25T18:10:41.542+0000] {subprocess.py:93} INFO - 	at scala.collection.Iterator$$anon$11.hasNext(Iterator.scala:491)
[2026-07-25T18:10:41.543+0000] {subprocess.py:93} INFO - 	at scala.collection.Iterator$$anon$10.hasNext(Iterator.scala:460)
[2026-07-25T18:10:41.543+0000] {subprocess.py:93} INFO - 	at scala.collection.Iterator$$anon$10.hasNext(Iterator.scala:460)
[2026-07-25T18:10:41.544+0000] {subprocess.py:93} INFO - 	at org.apache.spark.sql.catalyst.expressions.GeneratedClass$GeneratedIteratorForCodegenStage1.hashAgg_doAggregateWithoutKey_0$(Unknown Source)
[2026-07-25T18:10:41.544+0000] {subprocess.py:93} INFO - 	at org.apache.spark.sql.catalyst.expressions.GeneratedClass$GeneratedIteratorForCodegenStage1.processNext(Unknown Source)
[2026-07-25T18:10:41.545+0000] {subprocess.py:93} INFO - 	at org.apache.spark.sql.execution.BufferedRowIterator.hasNext(BufferedRowIterator.java:43)
[2026-07-25T18:10:41.545+0000] {subprocess.py:93} INFO - 	at org.apache.spark.sql.execution.WholeStageCodegenEvaluatorFactory$WholeStageCodegenPartitionEvaluator$$anon$1.hasNext(WholeStageCodegenEvaluatorFactory.scala:43)
[2026-07-25T18:10:41.546+0000] {subprocess.py:93} INFO - 	at scala.collection.Iterator$$anon$10.hasNext(Iterator.scala:460)
[2026-07-25T18:10:41.546+0000] {subprocess.py:93} INFO - 	at org.apache.spark.shuffle.sort.BypassMergeSortShuffleWriter.write(BypassMergeSortShuffleWriter.java:140)
[2026-07-25T18:10:41.546+0000] {subprocess.py:93} INFO - 	at org.apache.spark.shuffle.ShuffleWriteProcessor.write(ShuffleWriteProcessor.scala:59)
[2026-07-25T18:10:41.547+0000] {subprocess.py:93} INFO - 	at org.apache.spark.scheduler.ShuffleMapTask.runTask(ShuffleMapTask.scala:104)
[2026-07-25T18:10:41.547+0000] {subprocess.py:93} INFO - 	at org.apache.spark.scheduler.ShuffleMapTask.runTask(ShuffleMapTask.scala:54)
[2026-07-25T18:10:41.548+0000] {subprocess.py:93} INFO - 	at org.apache.spark.TaskContext.runTaskWithListeners(TaskContext.scala:166)
[2026-07-25T18:10:41.548+0000] {subprocess.py:93} INFO - 	at org.apache.spark.scheduler.Task.run(Task.scala:141)
[2026-07-25T18:10:41.549+0000] {subprocess.py:93} INFO - 	at org.apache.spark.executor.Executor$TaskRunner.$anonfun$run$4(Executor.scala:620)
[2026-07-25T18:10:41.549+0000] {subprocess.py:93} INFO - 	at org.apache.spark.util.SparkErrorUtils.tryWithSafeFinally(SparkErrorUtils.scala:64)
[2026-07-25T18:10:41.550+0000] {subprocess.py:93} INFO - 	at org.apache.spark.util.SparkErrorUtils.tryWithSafeFinally$(SparkErrorUtils.scala:61)
[2026-07-25T18:10:41.550+0000] {subprocess.py:93} INFO - 	at org.apache.spark.util.Utils$.tryWithSafeFinally(Utils.scala:94)
[2026-07-25T18:10:41.550+0000] {subprocess.py:93} INFO - 	at org.apache.spark.executor.Executor$TaskRunner.run(Executor.scala:623)
[2026-07-25T18:10:41.551+0000] {subprocess.py:93} INFO - 	at java.base/java.util.concurrent.ThreadPoolExecutor.runWorker(Unknown Source)
[2026-07-25T18:10:41.551+0000] {subprocess.py:93} INFO - 	at java.base/java.util.concurrent.ThreadPoolExecutor$Worker.run(Unknown Source)
[2026-07-25T18:10:41.552+0000] {subprocess.py:93} INFO - 	at java.base/java.lang.Thread.run(Unknown Source)
[2026-07-25T18:10:41.552+0000] {subprocess.py:93} INFO - 
[2026-07-25T18:10:41.553+0000] {subprocess.py:93} INFO - Driver stacktrace:
[2026-07-25T18:10:41.553+0000] {subprocess.py:93} INFO - 	at org.apache.spark.scheduler.DAGScheduler.failJobAndIndependentStages(DAGScheduler.scala:2856)
[2026-07-25T18:10:41.554+0000] {subprocess.py:93} INFO - 	at org.apache.spark.scheduler.DAGScheduler.$anonfun$abortStage$2(DAGScheduler.scala:2792)
[2026-07-25T18:10:41.554+0000] {subprocess.py:93} INFO - 	at org.apache.spark.scheduler.DAGScheduler.$anonfun$abortStage$2$adapted(DAGScheduler.scala:2791)
[2026-07-25T18:10:41.554+0000] {subprocess.py:93} INFO - 	at scala.collection.mutable.ResizableArray.foreach(ResizableArray.scala:62)
[2026-07-25T18:10:41.555+0000] {subprocess.py:93} INFO - 	at scala.collection.mutable.ResizableArray.foreach$(ResizableArray.scala:55)
[2026-07-25T18:10:41.555+0000] {subprocess.py:93} INFO - 	at scala.collection.mutable.ArrayBuffer.foreach(ArrayBuffer.scala:49)
[2026-07-25T18:10:41.556+0000] {subprocess.py:93} INFO - 	at org.apache.spark.scheduler.DAGScheduler.abortStage(DAGScheduler.scala:2791)
[2026-07-25T18:10:41.556+0000] {subprocess.py:93} INFO - 	at org.apache.spark.scheduler.DAGScheduler.$anonfun$handleTaskSetFailed$1(DAGScheduler.scala:1247)
[2026-07-25T18:10:41.557+0000] {subprocess.py:93} INFO - 	at org.apache.spark.scheduler.DAGScheduler.$anonfun$handleTaskSetFailed$1$adapted(DAGScheduler.scala:1247)
[2026-07-25T18:10:41.557+0000] {subprocess.py:93} INFO - 	at scala.Option.foreach(Option.scala:407)
[2026-07-25T18:10:41.558+0000] {subprocess.py:93} INFO - 	at org.apache.spark.scheduler.DAGScheduler.handleTaskSetFailed(DAGScheduler.scala:1247)
[2026-07-25T18:10:41.558+0000] {subprocess.py:93} INFO - 	at org.apache.spark.scheduler.DAGSchedulerEventProcessLoop.doOnReceive(DAGScheduler.scala:3060)
[2026-07-25T18:10:41.559+0000] {subprocess.py:93} INFO - 	at org.apache.spark.scheduler.DAGSchedulerEventProcessLoop.onReceive(DAGScheduler.scala:2994)
[2026-07-25T18:10:41.559+0000] {subprocess.py:93} INFO - 	at org.apache.spark.scheduler.DAGSchedulerEventProcessLoop.onReceive(DAGScheduler.scala:2983)
[2026-07-25T18:10:41.560+0000] {subprocess.py:93} INFO - 	at org.apache.spark.util.EventLoop$$anon$1.run(EventLoop.scala:49)
[2026-07-25T18:10:41.560+0000] {subprocess.py:93} INFO - Caused by: org.apache.spark.api.python.PythonException: Traceback (most recent call last):
[2026-07-25T18:10:41.561+0000] {subprocess.py:93} INFO -   File "/opt/spark/python/lib/pyspark.zip/pyspark/worker.py", line 1100, in main
[2026-07-25T18:10:41.561+0000] {subprocess.py:93} INFO -     raise PySparkRuntimeError(
[2026-07-25T18:10:41.562+0000] {subprocess.py:93} INFO - pyspark.errors.exceptions.base.PySparkRuntimeError: [PYTHON_VERSION_MISMATCH] Python in worker has different version (3, 8) than that in driver 3.12, PySpark cannot run with different minor versions.
[2026-07-25T18:10:41.562+0000] {subprocess.py:93} INFO - Please check environment variables PYSPARK_PYTHON and PYSPARK_DRIVER_PYTHON are correctly set.
[2026-07-25T18:10:41.562+0000] {subprocess.py:93} INFO - 
[2026-07-25T18:10:41.563+0000] {subprocess.py:93} INFO - 	at org.apache.spark.api.python.BasePythonRunner$ReaderIterator.handlePythonException(PythonRunner.scala:572)
[2026-07-25T18:10:41.563+0000] {subprocess.py:93} INFO - 	at org.apache.spark.api.python.PythonRunner$$anon$3.read(PythonRunner.scala:784)
[2026-07-25T18:10:41.564+0000] {subprocess.py:93} INFO - 	at org.apache.spark.api.python.PythonRunner$$anon$3.read(PythonRunner.scala:766)
[2026-07-25T18:10:41.564+0000] {subprocess.py:93} INFO - 	at org.apache.spark.api.python.BasePythonRunner$ReaderIterator.hasNext(PythonRunner.scala:525)
[2026-07-25T18:10:41.565+0000] {subprocess.py:93} INFO - 	at org.apache.spark.InterruptibleIterator.hasNext(InterruptibleIterator.scala:37)
[2026-07-25T18:10:41.565+0000] {subprocess.py:93} INFO - 	at scala.collection.Iterator$$anon$11.hasNext(Iterator.scala:491)
[2026-07-25T18:10:41.566+0000] {subprocess.py:93} INFO - 	at scala.collection.Iterator$$anon$10.hasNext(Iterator.scala:460)
[2026-07-25T18:10:41.566+0000] {subprocess.py:93} INFO - 	at scala.collection.Iterator$$anon$10.hasNext(Iterator.scala:460)
[2026-07-25T18:10:41.567+0000] {subprocess.py:93} INFO - 	at org.apache.spark.sql.catalyst.expressions.GeneratedClass$GeneratedIteratorForCodegenStage1.hashAgg_doAggregateWithoutKey_0$(Unknown Source)
[2026-07-25T18:10:41.567+0000] {subprocess.py:93} INFO - 	at org.apache.spark.sql.catalyst.expressions.GeneratedClass$GeneratedIteratorForCodegenStage1.processNext(Unknown Source)
[2026-07-25T18:10:41.568+0000] {subprocess.py:93} INFO - 	at org.apache.spark.sql.execution.BufferedRowIterator.hasNext(BufferedRowIterator.java:43)
[2026-07-25T18:10:41.568+0000] {subprocess.py:93} INFO - 	at org.apache.spark.sql.execution.WholeStageCodegenEvaluatorFactory$WholeStageCodegenPartitionEvaluator$$anon$1.hasNext(WholeStageCodegenEvaluatorFactory.scala:43)
[2026-07-25T18:10:41.569+0000] {subprocess.py:93} INFO - 	at scala.collection.Iterator$$anon$10.hasNext(Iterator.scala:460)
[2026-07-25T18:10:41.569+0000] {subprocess.py:93} INFO - 	at org.apache.spark.shuffle.sort.BypassMergeSortShuffleWriter.write(BypassMergeSortShuffleWriter.java:140)
[2026-07-25T18:10:41.570+0000] {subprocess.py:93} INFO - 	at org.apache.spark.shuffle.ShuffleWriteProcessor.write(ShuffleWriteProcessor.scala:59)
[2026-07-25T18:10:41.570+0000] {subprocess.py:93} INFO - 	at org.apache.spark.scheduler.ShuffleMapTask.runTask(ShuffleMapTask.scala:104)
[2026-07-25T18:10:41.571+0000] {subprocess.py:93} INFO - 	at org.apache.spark.scheduler.ShuffleMapTask.runTask(ShuffleMapTask.scala:54)
[2026-07-25T18:10:41.571+0000] {subprocess.py:93} INFO - 	at org.apache.spark.TaskContext.runTaskWithListeners(TaskContext.scala:166)
[2026-07-25T18:10:41.572+0000] {subprocess.py:93} INFO - 	at org.apache.spark.scheduler.Task.run(Task.scala:141)
[2026-07-25T18:10:41.572+0000] {subprocess.py:93} INFO - 	at org.apache.spark.executor.Executor$TaskRunner.$anonfun$run$4(Executor.scala:620)
[2026-07-25T18:10:41.573+0000] {subprocess.py:93} INFO - 	at org.apache.spark.util.SparkErrorUtils.tryWithSafeFinally(SparkErrorUtils.scala:64)
[2026-07-25T18:10:41.573+0000] {subprocess.py:93} INFO - 	at org.apache.spark.util.SparkErrorUtils.tryWithSafeFinally$(SparkErrorUtils.scala:61)
[2026-07-25T18:10:41.573+0000] {subprocess.py:93} INFO - 	at org.apache.spark.util.Utils$.tryWithSafeFinally(Utils.scala:94)
[2026-07-25T18:10:41.574+0000] {subprocess.py:93} INFO - 	at org.apache.spark.executor.Executor$TaskRunner.run(Executor.scala:623)
[2026-07-25T18:10:41.575+0000] {subprocess.py:93} INFO - 	at java.base/java.util.concurrent.ThreadPoolExecutor.runWorker(Unknown Source)
[2026-07-25T18:10:41.576+0000] {subprocess.py:93} INFO - 	at java.base/java.util.concurrent.ThreadPoolExecutor$Worker.run(Unknown Source)
[2026-07-25T18:10:41.576+0000] {subprocess.py:93} INFO - 	at java.base/java.lang.Thread.run(Unknown Source)
[2026-07-25T18:10:41.577+0000] {subprocess.py:93} INFO - 
[2026-07-25T18:10:41.664+0000] {subprocess.py:93} INFO - 26/07/25 18:10:41 INFO SparkContext: Invoking stop() from shutdown hook
[2026-07-25T18:10:41.665+0000] {subprocess.py:93} INFO - 26/07/25 18:10:41 INFO SparkContext: SparkContext is stopping with exitCode 0.
[2026-07-25T18:10:41.685+0000] {subprocess.py:93} INFO - 26/07/25 18:10:41 INFO SparkUI: Stopped Spark web UI at http://30d391bb7be2:4042
[2026-07-25T18:10:41.703+0000] {subprocess.py:93} INFO - 26/07/25 18:10:41 INFO BlockManagerInfo: Removed broadcast_0_piece0 on 30d391bb7be2:46653 in memory (size: 8.4 KiB, free: 434.4 MiB)
[2026-07-25T18:10:41.719+0000] {subprocess.py:93} INFO - 26/07/25 18:10:41 INFO BlockManagerInfo: Removed broadcast_0_piece0 on 172.22.0.3:36679 in memory (size: 8.4 KiB, free: 434.4 MiB)
[2026-07-25T18:10:41.734+0000] {subprocess.py:93} INFO - 26/07/25 18:10:41 INFO StandaloneSchedulerBackend: Shutting down all executors
[2026-07-25T18:10:41.735+0000] {subprocess.py:93} INFO - 26/07/25 18:10:41 INFO StandaloneSchedulerBackend$StandaloneDriverEndpoint: Asking each executor to shut down
[2026-07-25T18:10:41.761+0000] {subprocess.py:93} INFO - 26/07/25 18:10:41 INFO MapOutputTrackerMasterEndpoint: MapOutputTrackerMasterEndpoint stopped!
[2026-07-25T18:10:41.802+0000] {subprocess.py:93} INFO - 26/07/25 18:10:41 INFO MemoryStore: MemoryStore cleared
[2026-07-25T18:10:41.803+0000] {subprocess.py:93} INFO - 26/07/25 18:10:41 INFO BlockManager: BlockManager stopped
[2026-07-25T18:10:41.807+0000] {subprocess.py:93} INFO - 26/07/25 18:10:41 INFO BlockManagerMaster: BlockManagerMaster stopped
[2026-07-25T18:10:41.810+0000] {subprocess.py:93} INFO - 26/07/25 18:10:41 INFO OutputCommitCoordinator$OutputCommitCoordinatorEndpoint: OutputCommitCoordinator stopped!
[2026-07-25T18:10:41.850+0000] {subprocess.py:93} INFO - 26/07/25 18:10:41 INFO SparkContext: Successfully stopped SparkContext
[2026-07-25T18:10:41.851+0000] {subprocess.py:93} INFO - 26/07/25 18:10:41 INFO ShutdownHookManager: Shutdown hook called
[2026-07-25T18:10:41.851+0000] {subprocess.py:93} INFO - 26/07/25 18:10:41 INFO ShutdownHookManager: Deleting directory /tmp/spark-ff2dfbb7-c6ce-47af-8b9a-a0f5ae62e8ff
[2026-07-25T18:10:41.867+0000] {subprocess.py:93} INFO - 26/07/25 18:10:41 INFO ShutdownHookManager: Deleting directory /tmp/spark-f6b43e2c-4650-4f2c-a7b0-f091534aa14e
[2026-07-25T18:10:41.879+0000] {subprocess.py:93} INFO - 26/07/25 18:10:41 INFO ShutdownHookManager: Deleting directory /tmp/spark-ff2dfbb7-c6ce-47af-8b9a-a0f5ae62e8ff/pyspark-7e9dfccc-35ff-4a53-8fe6-0d591783fd43
[2026-07-25T18:10:42.310+0000] {subprocess.py:97} INFO - Command exited with return code 1
[2026-07-25T18:10:42.340+0000] {taskinstance.py:3301} ERROR - Task failed with exception
Traceback (most recent call last):
  File "/home/airflow/.local/lib/python3.12/site-packages/airflow/models/taskinstance.py", line 767, in _execute_task
    result = _execute_callable(context=context, **execute_callable_kwargs)
             ^^^^^^^^^^^^^^^^^^^^^^^^^^^^^^^^^^^^^^^^^^^^^^^^^^^^^^^^^^^^^
  File "/home/airflow/.local/lib/python3.12/site-packages/airflow/models/taskinstance.py", line 733, in _execute_callable
    return ExecutionCallableRunner(
           ^^^^^^^^^^^^^^^^^^^^^^^^
  File "/home/airflow/.local/lib/python3.12/site-packages/airflow/utils/operator_helpers.py", line 252, in run
    return self.func(*args, **kwargs)
           ^^^^^^^^^^^^^^^^^^^^^^^^^^
  File "/home/airflow/.local/lib/python3.12/site-packages/airflow/models/baseoperator.py", line 406, in wrapper
    return func(self, *args, **kwargs)
           ^^^^^^^^^^^^^^^^^^^^^^^^^^^
  File "/home/airflow/.local/lib/python3.12/site-packages/airflow/operators/bash.py", line 249, in execute
    raise AirflowException(
airflow.exceptions.AirflowException: Bash command failed. The command returned a non-zero exit code 1.
[2026-07-25T18:10:42.355+0000] {taskinstance.py:1225} INFO - Marking task as UP_FOR_RETRY. dag_id=flex_eau_pipeline, task_id=dim_date, run_id=scheduled__2026-07-24T00:00:00+00:00, execution_date=20260724T000000, start_date=20260725T180950, end_date=20260725T181042
[2026-07-25T18:10:42.389+0000] {taskinstance.py:340} INFO - ::group::Post task execution logs
[2026-07-25T18:10:42.390+0000] {standard_task_runner.py:124} ERROR - Failed to execute job 6 for task dim_date (Bash command failed. The command returned a non-zero exit code 1.; 526)
Traceback (most recent call last):
  File "/home/airflow/.local/lib/python3.12/site-packages/airflow/task/task_runner/standard_task_runner.py", line 117, in _start_by_fork
    ret = args.func(args, dag=self.dag)
          ^^^^^^^^^^^^^^^^^^^^^^^^^^^^^
  File "/home/airflow/.local/lib/python3.12/site-packages/airflow/cli/cli_config.py", line 49, in command
    return func(*args, **kwargs)
           ^^^^^^^^^^^^^^^^^^^^^
  File "/home/airflow/.local/lib/python3.12/site-packages/airflow/utils/cli.py", line 115, in wrapper
    return f(*args, **kwargs)
           ^^^^^^^^^^^^^^^^^^
  File "/home/airflow/.local/lib/python3.12/site-packages/airflow/cli/commands/task_command.py", line 483, in task_run
    task_return_code = _run_task_by_selected_method(args, _dag, ti)
                       ^^^^^^^^^^^^^^^^^^^^^^^^^^^^^^^^^^^^^^^^^^^^
  File "/home/airflow/.local/lib/python3.12/site-packages/airflow/cli/commands/task_command.py", line 256, in _run_task_by_selected_method
    return _run_raw_task(args, ti)
           ^^^^^^^^^^^^^^^^^^^^^^^
  File "/home/airflow/.local/lib/python3.12/site-packages/airflow/cli/commands/task_command.py", line 341, in _run_raw_task
    return ti._run_raw_task(
           ^^^^^^^^^^^^^^^^^
  File "/home/airflow/.local/lib/python3.12/site-packages/airflow/utils/session.py", line 97, in wrapper
    return func(*args, session=session, **kwargs)
           ^^^^^^^^^^^^^^^^^^^^^^^^^^^^^^^^^^^^^^
  File "/home/airflow/.local/lib/python3.12/site-packages/airflow/models/taskinstance.py", line 2995, in _run_raw_task
    return _run_raw_task(
           ^^^^^^^^^^^^^^
  File "/home/airflow/.local/lib/python3.12/site-packages/airflow/models/taskinstance.py", line 273, in _run_raw_task
    TaskInstance._execute_task_with_callbacks(
  File "/home/airflow/.local/lib/python3.12/site-packages/airflow/models/taskinstance.py", line 3149, in _execute_task_with_callbacks
    result = self._execute_task(context, task_orig)
             ^^^^^^^^^^^^^^^^^^^^^^^^^^^^^^^^^^^^^^
  File "/home/airflow/.local/lib/python3.12/site-packages/airflow/models/taskinstance.py", line 3173, in _execute_task
    return _execute_task(self, context, task_orig)
           ^^^^^^^^^^^^^^^^^^^^^^^^^^^^^^^^^^^^^^^
  File "/home/airflow/.local/lib/python3.12/site-packages/airflow/models/taskinstance.py", line 767, in _execute_task
    result = _execute_callable(context=context, **execute_callable_kwargs)
             ^^^^^^^^^^^^^^^^^^^^^^^^^^^^^^^^^^^^^^^^^^^^^^^^^^^^^^^^^^^^^
  File "/home/airflow/.local/lib/python3.12/site-packages/airflow/models/taskinstance.py", line 733, in _execute_callable
    return ExecutionCallableRunner(
           ^^^^^^^^^^^^^^^^^^^^^^^^
  File "/home/airflow/.local/lib/python3.12/site-packages/airflow/utils/operator_helpers.py", line 252, in run
    return self.func(*args, **kwargs)
           ^^^^^^^^^^^^^^^^^^^^^^^^^^
  File "/home/airflow/.local/lib/python3.12/site-packages/airflow/models/baseoperator.py", line 406, in wrapper
    return func(self, *args, **kwargs)
           ^^^^^^^^^^^^^^^^^^^^^^^^^^^
  File "/home/airflow/.local/lib/python3.12/site-packages/airflow/operators/bash.py", line 249, in execute
    raise AirflowException(
airflow.exceptions.AirflowException: Bash command failed. The command returned a non-zero exit code 1.
[2026-07-25T18:10:42.450+0000] {local_task_job_runner.py:261} INFO - Task exited with return code 1
[2026-07-25T18:10:42.507+0000] {taskinstance.py:3891} INFO - 0 downstream tasks scheduled from follow-on schedule check
[2026-07-25T18:10:42.519+0000] {local_task_job_runner.py:240} INFO - ::endgroup::
[2026-07-25T19:50:17.888+0000] {local_task_job_runner.py:123} INFO - ::group::Pre task execution logs
[2026-07-25T19:50:17.965+0000] {taskinstance.py:2603} INFO - Dependencies all met for dep_context=non-requeueable deps ti=<TaskInstance: flex_eau_pipeline.dim_date scheduled__2026-07-24T00:00:00+00:00 [queued]>
[2026-07-25T19:50:17.984+0000] {taskinstance.py:2603} INFO - Dependencies all met for dep_context=requeueable deps ti=<TaskInstance: flex_eau_pipeline.dim_date scheduled__2026-07-24T00:00:00+00:00 [queued]>
[2026-07-25T19:50:17.985+0000] {taskinstance.py:2856} INFO - Starting attempt 1 of 2
[2026-07-25T19:50:18.018+0000] {taskinstance.py:2879} INFO - Executing <Task(BashOperator): dim_date> on 2026-07-24 00:00:00+00:00
[2026-07-25T19:50:18.030+0000] {standard_task_runner.py:72} INFO - Started process 272 to run task
[2026-07-25T19:50:18.048+0000] {standard_task_runner.py:104} INFO - Running: ['***', 'tasks', 'run', 'flex_eau_pipeline', 'dim_date', 'scheduled__2026-07-24T00:00:00+00:00', '--job-id', '9', '--raw', '--subdir', 'DAGS_FOLDER/flex_eau_pipeline.py', '--cfg-path', '/tmp/tmp5mis314f']
[2026-07-25T19:50:18.058+0000] {standard_task_runner.py:105} INFO - Job 9: Subtask dim_date
[2026-07-25T19:50:18.703+0000] {task_command.py:467} INFO - Running <TaskInstance: flex_eau_pipeline.dim_date scheduled__2026-07-24T00:00:00+00:00 [running]> on host 8e34fafe5529
[2026-07-25T19:50:19.262+0000] {taskinstance.py:3122} INFO - Exporting env vars: AIRFLOW_CTX_DAG_OWNER='flex-eau' AIRFLOW_CTX_DAG_ID='flex_eau_pipeline' AIRFLOW_CTX_TASK_ID='dim_date' AIRFLOW_CTX_EXECUTION_DATE='2026-07-24T00:00:00+00:00' AIRFLOW_CTX_TRY_NUMBER='1' AIRFLOW_CTX_DAG_RUN_ID='scheduled__2026-07-24T00:00:00+00:00'
[2026-07-25T19:50:19.267+0000] {taskinstance.py:731} INFO - ::endgroup::
[2026-07-25T19:50:19.306+0000] {subprocess.py:63} INFO - Tmp dir root location: /tmp
[2026-07-25T19:50:19.307+0000] {subprocess.py:75} INFO - Running command: ['/usr/bin/bash', '-c', 'python spark_jobs/dimensions/dim_date.py']
[2026-07-25T19:50:19.340+0000] {subprocess.py:86} INFO - Output:
[2026-07-25T19:50:32.942+0000] {subprocess.py:93} INFO - 26/07/25 19:50:32 WARN NativeCodeLoader: Unable to load native-hadoop library for your platform... using builtin-java classes where applicable
[2026-07-25T19:50:34.295+0000] {subprocess.py:93} INFO - 26/07/25 19:50:34 WARN DependencyUtils: Local jar /opt/jars/postgresql-42.7.8.jar does not exist, skipping.
[2026-07-25T19:50:34.647+0000] {subprocess.py:93} INFO - 26/07/25 19:50:34 INFO SparkContext: Running Spark version 3.5.1
[2026-07-25T19:50:34.649+0000] {subprocess.py:93} INFO - 26/07/25 19:50:34 INFO SparkContext: OS info Linux, 6.6.87.2-microsoft-standard-WSL2, amd64
[2026-07-25T19:50:34.653+0000] {subprocess.py:93} INFO - 26/07/25 19:50:34 INFO SparkContext: Java version 17.0.19
[2026-07-25T19:50:34.778+0000] {subprocess.py:93} INFO - 26/07/25 19:50:34 INFO ResourceUtils: ==============================================================
[2026-07-25T19:50:34.781+0000] {subprocess.py:93} INFO - 26/07/25 19:50:34 INFO ResourceUtils: No custom resources configured for spark.driver.
[2026-07-25T19:50:34.785+0000] {subprocess.py:93} INFO - 26/07/25 19:50:34 INFO ResourceUtils: ==============================================================
[2026-07-25T19:50:34.786+0000] {subprocess.py:93} INFO - 26/07/25 19:50:34 INFO SparkContext: Submitted application: DIM_DATE
[2026-07-25T19:50:34.899+0000] {subprocess.py:93} INFO - 26/07/25 19:50:34 INFO ResourceProfile: Default ResourceProfile created, executor resources: Map(memory -> name: memory, amount: 1024, script: , vendor: , offHeap -> name: offHeap, amount: 0, script: , vendor: ), task resources: Map(cpus -> name: cpus, amount: 1.0)
[2026-07-25T19:50:34.925+0000] {subprocess.py:93} INFO - 26/07/25 19:50:34 INFO ResourceProfile: Limiting resource is cpu
[2026-07-25T19:50:34.928+0000] {subprocess.py:93} INFO - 26/07/25 19:50:34 INFO ResourceProfileManager: Added ResourceProfile id: 0
[2026-07-25T19:50:35.142+0000] {subprocess.py:93} INFO - 26/07/25 19:50:35 INFO SecurityManager: Changing view acls to: ***
[2026-07-25T19:50:35.145+0000] {subprocess.py:93} INFO - 26/07/25 19:50:35 INFO SecurityManager: Changing modify acls to: ***
[2026-07-25T19:50:35.149+0000] {subprocess.py:93} INFO - 26/07/25 19:50:35 INFO SecurityManager: Changing view acls groups to:
[2026-07-25T19:50:35.152+0000] {subprocess.py:93} INFO - 26/07/25 19:50:35 INFO SecurityManager: Changing modify acls groups to:
[2026-07-25T19:50:35.158+0000] {subprocess.py:93} INFO - 26/07/25 19:50:35 INFO SecurityManager: SecurityManager: authentication disabled; ui acls disabled; users with view permissions: ***; groups with view permissions: EMPTY; users with modify permissions: ***; groups with modify permissions: EMPTY
[2026-07-25T19:50:37.132+0000] {subprocess.py:93} INFO - 26/07/25 19:50:37 INFO Utils: Successfully started service 'sparkDriver' on port 33589.
[2026-07-25T19:50:37.278+0000] {subprocess.py:93} INFO - 26/07/25 19:50:37 INFO SparkEnv: Registering MapOutputTracker
[2026-07-25T19:50:37.607+0000] {subprocess.py:93} INFO - 26/07/25 19:50:37 INFO SparkEnv: Registering BlockManagerMaster
[2026-07-25T19:50:37.789+0000] {subprocess.py:93} INFO - 26/07/25 19:50:37 INFO BlockManagerMasterEndpoint: Using org.apache.spark.storage.DefaultTopologyMapper for getting topology information
[2026-07-25T19:50:37.795+0000] {subprocess.py:93} INFO - 26/07/25 19:50:37 INFO BlockManagerMasterEndpoint: BlockManagerMasterEndpoint up
[2026-07-25T19:50:37.840+0000] {subprocess.py:93} INFO - 26/07/25 19:50:37 INFO SparkEnv: Registering BlockManagerMasterHeartbeat
[2026-07-25T19:50:37.939+0000] {subprocess.py:93} INFO - 26/07/25 19:50:37 INFO DiskBlockManager: Created local directory at /tmp/blockmgr-98fc043d-2952-47f2-861f-b07d263b8098
[2026-07-25T19:50:37.992+0000] {subprocess.py:93} INFO - 26/07/25 19:50:37 INFO MemoryStore: MemoryStore started with capacity 434.4 MiB
[2026-07-25T19:50:38.124+0000] {subprocess.py:93} INFO - 26/07/25 19:50:38 INFO SparkEnv: Registering OutputCommitCoordinator
[2026-07-25T19:50:39.506+0000] {subprocess.py:93} INFO - 26/07/25 19:50:39 INFO JettyUtils: Start Jetty 0.0.0.0:4040 for SparkUI
[2026-07-25T19:50:40.289+0000] {subprocess.py:93} INFO - 26/07/25 19:50:40 WARN Utils: Service 'SparkUI' could not bind on port 4040. Attempting port 4041.
[2026-07-25T19:50:40.307+0000] {subprocess.py:93} INFO - 26/07/25 19:50:40 WARN Utils: Service 'SparkUI' could not bind on port 4041. Attempting port 4042.
[2026-07-25T19:50:40.308+0000] {subprocess.py:93} INFO - 26/07/25 19:50:40 WARN Utils: Service 'SparkUI' could not bind on port 4042. Attempting port 4043.
[2026-07-25T19:50:40.309+0000] {subprocess.py:93} INFO - 26/07/25 19:50:40 WARN Utils: Service 'SparkUI' could not bind on port 4043. Attempting port 4044.
[2026-07-25T19:50:40.369+0000] {subprocess.py:93} INFO - 26/07/25 19:50:40 WARN Utils: Service 'SparkUI' could not bind on port 4044. Attempting port 4045.
[2026-07-25T19:50:40.374+0000] {subprocess.py:93} INFO - 26/07/25 19:50:40 WARN Utils: Service 'SparkUI' could not bind on port 4045. Attempting port 4046.
[2026-07-25T19:50:40.416+0000] {subprocess.py:93} INFO - 26/07/25 19:50:40 INFO Utils: Successfully started service 'SparkUI' on port 4046.
[2026-07-25T19:50:40.759+0000] {subprocess.py:93} INFO - 26/07/25 19:50:40 ERROR SparkContext: Failed to add /opt/jars/postgresql-42.7.8.jar to Spark environment
[2026-07-25T19:50:40.760+0000] {subprocess.py:93} INFO - java.io.FileNotFoundException: Jar /opt/jars/postgresql-42.7.8.jar not found
[2026-07-25T19:50:40.771+0000] {subprocess.py:93} INFO - 	at org.apache.spark.SparkContext.addLocalJarFile$1(SparkContext.scala:2100)
[2026-07-25T19:50:40.774+0000] {subprocess.py:93} INFO - 	at org.apache.spark.SparkContext.addJar(SparkContext.scala:2156)
[2026-07-25T19:50:40.777+0000] {subprocess.py:93} INFO - 	at org.apache.spark.SparkContext.$anonfun$new$15(SparkContext.scala:526)
[2026-07-25T19:50:40.778+0000] {subprocess.py:93} INFO - 	at org.apache.spark.SparkContext.$anonfun$new$15$adapted(SparkContext.scala:526)
[2026-07-25T19:50:40.787+0000] {subprocess.py:93} INFO - 	at scala.collection.mutable.ResizableArray.foreach(ResizableArray.scala:62)
[2026-07-25T19:50:40.803+0000] {subprocess.py:93} INFO - 	at scala.collection.mutable.ResizableArray.foreach$(ResizableArray.scala:55)
[2026-07-25T19:50:40.810+0000] {subprocess.py:93} INFO - 	at scala.collection.mutable.ArrayBuffer.foreach(ArrayBuffer.scala:49)
[2026-07-25T19:50:40.811+0000] {subprocess.py:93} INFO - 	at org.apache.spark.SparkContext.<init>(SparkContext.scala:526)
[2026-07-25T19:50:40.812+0000] {subprocess.py:93} INFO - 	at org.apache.spark.api.java.JavaSparkContext.<init>(JavaSparkContext.scala:58)
[2026-07-25T19:50:40.813+0000] {subprocess.py:93} INFO - 	at java.base/jdk.internal.reflect.NativeConstructorAccessorImpl.newInstance0(Native Method)
[2026-07-25T19:50:40.817+0000] {subprocess.py:93} INFO - 	at java.base/jdk.internal.reflect.NativeConstructorAccessorImpl.newInstance(NativeConstructorAccessorImpl.java:77)
[2026-07-25T19:50:40.820+0000] {subprocess.py:93} INFO - 	at java.base/jdk.internal.reflect.DelegatingConstructorAccessorImpl.newInstance(DelegatingConstructorAccessorImpl.java:45)
[2026-07-25T19:50:40.825+0000] {subprocess.py:93} INFO - 	at java.base/java.lang.reflect.Constructor.newInstanceWithCaller(Constructor.java:500)
[2026-07-25T19:50:40.831+0000] {subprocess.py:93} INFO - 	at java.base/java.lang.reflect.Constructor.newInstance(Constructor.java:481)
[2026-07-25T19:50:40.833+0000] {subprocess.py:93} INFO - 	at py4j.reflection.MethodInvoker.invoke(MethodInvoker.java:247)
[2026-07-25T19:50:40.834+0000] {subprocess.py:93} INFO - 	at py4j.reflection.ReflectionEngine.invoke(ReflectionEngine.java:374)
[2026-07-25T19:50:40.842+0000] {subprocess.py:93} INFO - 	at py4j.Gateway.invoke(Gateway.java:238)
[2026-07-25T19:50:40.845+0000] {subprocess.py:93} INFO - 	at py4j.commands.ConstructorCommand.invokeConstructor(ConstructorCommand.java:80)
[2026-07-25T19:50:40.849+0000] {subprocess.py:93} INFO - 	at py4j.commands.ConstructorCommand.execute(ConstructorCommand.java:69)
[2026-07-25T19:50:40.850+0000] {subprocess.py:93} INFO - 	at py4j.ClientServerConnection.waitForCommands(ClientServerConnection.java:182)
[2026-07-25T19:50:40.851+0000] {subprocess.py:93} INFO - 	at py4j.ClientServerConnection.run(ClientServerConnection.java:106)
[2026-07-25T19:50:40.856+0000] {subprocess.py:93} INFO - 	at java.base/java.lang.Thread.run(Thread.java:840)
[2026-07-25T19:50:41.616+0000] {subprocess.py:93} INFO - 26/07/25 19:50:41 INFO StandaloneAppClient$ClientEndpoint: Connecting to master spark://spark-master:7077...
[2026-07-25T19:50:41.942+0000] {subprocess.py:93} INFO - 26/07/25 19:50:41 INFO TransportClientFactory: Successfully created connection to spark-master/172.22.0.5:7077 after 213 ms (0 ms spent in bootstraps)
[2026-07-25T19:50:42.830+0000] {subprocess.py:93} INFO - 26/07/25 19:50:42 INFO StandaloneSchedulerBackend: Connected to Spark cluster with app ID app-20260725195042-0003
[2026-07-25T19:50:42.966+0000] {subprocess.py:93} INFO - 26/07/25 19:50:42 INFO Utils: Successfully started service 'org.apache.spark.network.netty.NettyBlockTransferService' on port 37723.
[2026-07-25T19:50:42.983+0000] {subprocess.py:93} INFO - 26/07/25 19:50:42 INFO NettyBlockTransferService: Server created on 8e34fafe5529:37723
[2026-07-25T19:50:42.990+0000] {subprocess.py:93} INFO - 26/07/25 19:50:42 INFO BlockManager: Using org.apache.spark.storage.RandomBlockReplicationPolicy for block replication policy
[2026-07-25T19:50:43.018+0000] {subprocess.py:93} INFO - 26/07/25 19:50:43 INFO BlockManagerMaster: Registering BlockManager BlockManagerId(driver, 8e34fafe5529, 37723, None)
[2026-07-25T19:50:43.055+0000] {subprocess.py:93} INFO - 26/07/25 19:50:43 INFO BlockManagerMasterEndpoint: Registering block manager 8e34fafe5529:37723 with 434.4 MiB RAM, BlockManagerId(driver, 8e34fafe5529, 37723, None)
[2026-07-25T19:50:43.066+0000] {subprocess.py:93} INFO - 26/07/25 19:50:43 INFO BlockManagerMaster: Registered BlockManager BlockManagerId(driver, 8e34fafe5529, 37723, None)
[2026-07-25T19:50:43.075+0000] {subprocess.py:93} INFO - 26/07/25 19:50:43 INFO BlockManager: Initialized BlockManager: BlockManagerId(driver, 8e34fafe5529, 37723, None)
[2026-07-25T19:50:45.247+0000] {subprocess.py:93} INFO - 26/07/25 19:50:45 INFO StandaloneSchedulerBackend: SchedulerBackend is ready for scheduling beginning after reached minRegisteredResourcesRatio: 0.0
[2026-07-25T19:50:52.439+0000] {subprocess.py:93} INFO - 26/07/25 19:50:52 INFO SharedState: Setting hive.metastore.warehouse.dir ('null') to the value of spark.sql.warehouse.dir.
[2026-07-25T19:50:52.440+0000] {subprocess.py:93} INFO - 26/07/25 19:50:52 INFO SharedState: Warehouse path is 'file:/opt/project/spark-warehouse'.
[2026-07-25T19:50:53.329+0000] {subprocess.py:93} INFO - 26/07/25 19:50:53 INFO StandaloneAppClient$ClientEndpoint: Executor added: app-20260725195042-0003/0 on worker-20260725194459-172.22.0.8-43525 (172.22.0.8:43525) with 8 core(s)
[2026-07-25T19:50:53.350+0000] {subprocess.py:93} INFO - 26/07/25 19:50:53 INFO StandaloneSchedulerBackend: Granted executor ID app-20260725195042-0003/0 on hostPort 172.22.0.8:43525 with 8 core(s), 1024.0 MiB RAM
[2026-07-25T19:50:53.458+0000] {subprocess.py:93} INFO - 26/07/25 19:50:53 INFO StandaloneAppClient$ClientEndpoint: Executor updated: app-20260725195042-0003/0 is now RUNNING
[2026-07-25T19:50:58.814+0000] {subprocess.py:93} INFO - 26/07/25 19:50:58 INFO CodeGenerator: Code generated in 302.72534 ms
[2026-07-25T19:50:58.904+0000] {subprocess.py:93} INFO - 26/07/25 19:50:58 INFO DAGScheduler: Registering RDD 6 (count at NativeMethodAccessorImpl.java:0) as input to shuffle 0
[2026-07-25T19:50:58.925+0000] {subprocess.py:93} INFO - 26/07/25 19:50:58 INFO DAGScheduler: Got map stage job 0 (count at NativeMethodAccessorImpl.java:0) with 2 output partitions
[2026-07-25T19:50:58.926+0000] {subprocess.py:93} INFO - 26/07/25 19:50:58 INFO DAGScheduler: Final stage: ShuffleMapStage 0 (count at NativeMethodAccessorImpl.java:0)
[2026-07-25T19:50:58.927+0000] {subprocess.py:93} INFO - 26/07/25 19:50:58 INFO DAGScheduler: Parents of final stage: List()
[2026-07-25T19:50:58.928+0000] {subprocess.py:93} INFO - 26/07/25 19:50:58 INFO DAGScheduler: Missing parents: List()
[2026-07-25T19:50:58.933+0000] {subprocess.py:93} INFO - 26/07/25 19:50:58 INFO DAGScheduler: Submitting ShuffleMapStage 0 (MapPartitionsRDD[6] at count at NativeMethodAccessorImpl.java:0), which has no missing parents
[2026-07-25T19:50:59.102+0000] {subprocess.py:93} INFO - 26/07/25 19:50:59 INFO MemoryStore: Block broadcast_0 stored as values in memory (estimated size 16.1 KiB, free 434.4 MiB)
[2026-07-25T19:50:59.168+0000] {subprocess.py:93} INFO - 26/07/25 19:50:59 INFO MemoryStore: Block broadcast_0_piece0 stored as bytes in memory (estimated size 8.3 KiB, free 434.4 MiB)
[2026-07-25T19:50:59.173+0000] {subprocess.py:93} INFO - 26/07/25 19:50:59 INFO BlockManagerInfo: Added broadcast_0_piece0 in memory on 8e34fafe5529:37723 (size: 8.3 KiB, free: 434.4 MiB)
[2026-07-25T19:50:59.180+0000] {subprocess.py:93} INFO - 26/07/25 19:50:59 INFO SparkContext: Created broadcast 0 from broadcast at DAGScheduler.scala:1585
[2026-07-25T19:50:59.210+0000] {subprocess.py:93} INFO - 26/07/25 19:50:59 INFO DAGScheduler: Submitting 2 missing tasks from ShuffleMapStage 0 (MapPartitionsRDD[6] at count at NativeMethodAccessorImpl.java:0) (first 15 tasks are for partitions Vector(0, 1))
[2026-07-25T19:50:59.211+0000] {subprocess.py:93} INFO - 26/07/25 19:50:59 INFO TaskSchedulerImpl: Adding task set 0.0 with 2 tasks resource profile 0
[2026-07-25T19:50:59.887+0000] {subprocess.py:93} INFO - [Stage 0:>                                                          (0 + 0) / 2]26/07/25 19:50:59 INFO StandaloneSchedulerBackend$StandaloneDriverEndpoint: Registered executor NettyRpcEndpointRef(spark-client://Executor) (172.22.0.8:36938) with ID 0,  ResourceProfileId 0
[2026-07-25T19:50:59.994+0000] {subprocess.py:93} INFO - 26/07/25 19:50:59 INFO BlockManagerMasterEndpoint: Registering block manager 172.22.0.8:37883 with 434.4 MiB RAM, BlockManagerId(0, 172.22.0.8, 37883, None)
[2026-07-25T19:51:00.073+0000] {subprocess.py:93} INFO - 26/07/25 19:51:00 INFO TaskSetManager: Starting task 0.0 in stage 0.0 (TID 0) (172.22.0.8, executor 0, partition 0, PROCESS_LOCAL, 26334 bytes)
[2026-07-25T19:51:00.077+0000] {subprocess.py:93} INFO - 26/07/25 19:51:00 INFO TaskSetManager: Starting task 1.0 in stage 0.0 (TID 1) (172.22.0.8, executor 0, partition 1, PROCESS_LOCAL, 26415 bytes)
[2026-07-25T19:51:00.437+0000] {subprocess.py:93} INFO - [Stage 0:>                                                          (0 + 2) / 2]26/07/25 19:51:00 INFO BlockManagerInfo: Added broadcast_0_piece0 in memory on 172.22.0.8:37883 (size: 8.3 KiB, free: 434.4 MiB)
[2026-07-25T19:51:01.659+0000] {subprocess.py:93} INFO - 26/07/25 19:51:01 INFO TaskSetManager: Finished task 1.0 in stage 0.0 (TID 1) in 1580 ms on 172.22.0.8 (executor 0) (1/2)
[2026-07-25T19:51:01.669+0000] {subprocess.py:93} INFO - 26/07/25 19:51:01 INFO TaskSetManager: Finished task 0.0 in stage 0.0 (TID 0) in 1608 ms on 172.22.0.8 (executor 0) (2/2)
[2026-07-25T19:51:01.671+0000] {subprocess.py:93} INFO - 26/07/25 19:51:01 INFO TaskSchedulerImpl: Removed TaskSet 0.0, whose tasks have all completed, from pool
[2026-07-25T19:51:01.679+0000] {subprocess.py:93} INFO - 26/07/25 19:51:01 INFO PythonAccumulatorV2: Connected to AccumulatorServer at host: 127.0.0.1 port: 40155
[2026-07-25T19:51:01.693+0000] {subprocess.py:93} INFO - 26/07/25 19:51:01 INFO DAGScheduler: ShuffleMapStage 0 (count at NativeMethodAccessorImpl.java:0) finished in 2.742 s
[2026-07-25T19:51:01.696+0000] {subprocess.py:93} INFO - 26/07/25 19:51:01 INFO DAGScheduler: looking for newly runnable stages
[2026-07-25T19:51:01.698+0000] {subprocess.py:93} INFO - 26/07/25 19:51:01 INFO DAGScheduler: running: Set()
[2026-07-25T19:51:01.699+0000] {subprocess.py:93} INFO - 26/07/25 19:51:01 INFO DAGScheduler: waiting: Set()
[2026-07-25T19:51:01.700+0000] {subprocess.py:93} INFO - 26/07/25 19:51:01 INFO DAGScheduler: failed: Set()
[2026-07-25T19:51:01.781+0000] {subprocess.py:93} INFO - 26/07/25 19:51:01 INFO CodeGenerator: Code generated in 24.437531 ms
[2026-07-25T19:51:01.832+0000] {subprocess.py:93} INFO - 26/07/25 19:51:01 INFO SparkContext: Starting job: count at NativeMethodAccessorImpl.java:0
[2026-07-25T19:51:01.837+0000] {subprocess.py:93} INFO - 26/07/25 19:51:01 INFO DAGScheduler: Got job 1 (count at NativeMethodAccessorImpl.java:0) with 1 output partitions
[2026-07-25T19:51:01.838+0000] {subprocess.py:93} INFO - 26/07/25 19:51:01 INFO DAGScheduler: Final stage: ResultStage 2 (count at NativeMethodAccessorImpl.java:0)
[2026-07-25T19:51:01.839+0000] {subprocess.py:93} INFO - 26/07/25 19:51:01 INFO DAGScheduler: Parents of final stage: List(ShuffleMapStage 1)
[2026-07-25T19:51:01.840+0000] {subprocess.py:93} INFO - 26/07/25 19:51:01 INFO DAGScheduler: Missing parents: List()
[2026-07-25T19:51:01.842+0000] {subprocess.py:93} INFO - 26/07/25 19:51:01 INFO DAGScheduler: Submitting ResultStage 2 (MapPartitionsRDD[9] at count at NativeMethodAccessorImpl.java:0), which has no missing parents
[2026-07-25T19:51:01.855+0000] {subprocess.py:93} INFO - 26/07/25 19:51:01 INFO MemoryStore: Block broadcast_1 stored as values in memory (estimated size 12.5 KiB, free 434.4 MiB)
[2026-07-25T19:51:01.868+0000] {subprocess.py:93} INFO - 26/07/25 19:51:01 INFO MemoryStore: Block broadcast_1_piece0 stored as bytes in memory (estimated size 5.9 KiB, free 434.4 MiB)
[2026-07-25T19:51:01.869+0000] {subprocess.py:93} INFO - 26/07/25 19:51:01 INFO BlockManagerInfo: Added broadcast_1_piece0 in memory on 8e34fafe5529:37723 (size: 5.9 KiB, free: 434.4 MiB)
[2026-07-25T19:51:01.873+0000] {subprocess.py:93} INFO - 26/07/25 19:51:01 INFO SparkContext: Created broadcast 1 from broadcast at DAGScheduler.scala:1585
[2026-07-25T19:51:01.874+0000] {subprocess.py:93} INFO - 26/07/25 19:51:01 INFO DAGScheduler: Submitting 1 missing tasks from ResultStage 2 (MapPartitionsRDD[9] at count at NativeMethodAccessorImpl.java:0) (first 15 tasks are for partitions Vector(0))
[2026-07-25T19:51:01.875+0000] {subprocess.py:93} INFO - 26/07/25 19:51:01 INFO TaskSchedulerImpl: Adding task set 2.0 with 1 tasks resource profile 0
[2026-07-25T19:51:01.882+0000] {subprocess.py:93} INFO - 26/07/25 19:51:01 INFO TaskSetManager: Starting task 0.0 in stage 2.0 (TID 2) (172.22.0.8, executor 0, partition 0, NODE_LOCAL, 7619 bytes)
[2026-07-25T19:51:01.894+0000] {subprocess.py:93} INFO - 26/07/25 19:51:01 INFO BlockManagerInfo: Removed broadcast_0_piece0 on 8e34fafe5529:37723 in memory (size: 8.3 KiB, free: 434.4 MiB)
[2026-07-25T19:51:01.912+0000] {subprocess.py:93} INFO - 26/07/25 19:51:01 INFO BlockManagerInfo: Removed broadcast_0_piece0 on 172.22.0.8:37883 in memory (size: 8.3 KiB, free: 434.4 MiB)
[2026-07-25T19:51:01.928+0000] {subprocess.py:93} INFO - 26/07/25 19:51:01 INFO BlockManagerInfo: Added broadcast_1_piece0 in memory on 172.22.0.8:37883 (size: 5.9 KiB, free: 434.4 MiB)
[2026-07-25T19:51:02.085+0000] {subprocess.py:93} INFO - 26/07/25 19:51:02 INFO MapOutputTrackerMasterEndpoint: Asked to send map output locations for shuffle 0 to 172.22.0.8:36938
[2026-07-25T19:51:02.306+0000] {subprocess.py:93} INFO - 26/07/25 19:51:02 INFO TaskSetManager: Finished task 0.0 in stage 2.0 (TID 2) in 427 ms on 172.22.0.8 (executor 0) (1/1)
[2026-07-25T19:51:02.307+0000] {subprocess.py:93} INFO - 26/07/25 19:51:02 INFO TaskSchedulerImpl: Removed TaskSet 2.0, whose tasks have all completed, from pool
[2026-07-25T19:51:02.308+0000] {subprocess.py:93} INFO - 26/07/25 19:51:02 INFO DAGScheduler: ResultStage 2 (count at NativeMethodAccessorImpl.java:0) finished in 0.455 s
[2026-07-25T19:51:02.310+0000] {subprocess.py:93} INFO - 26/07/25 19:51:02 INFO DAGScheduler: Job 1 is finished. Cancelling potential speculative or zombie tasks for this job
[2026-07-25T19:51:02.311+0000] {subprocess.py:93} INFO - 26/07/25 19:51:02 INFO TaskSchedulerImpl: Killing all running tasks in stage 2: Stage finished
[2026-07-25T19:51:02.312+0000] {subprocess.py:93} INFO - 26/07/25 19:51:02 INFO DAGScheduler: Job 1 finished: count at NativeMethodAccessorImpl.java:0, took 0.479747 s
[2026-07-25T19:51:02.486+0000] {subprocess.py:93} INFO -                                                                                 26/07/25 19:51:02 INFO CodeGenerator: Code generated in 35.421305 ms
[2026-07-25T19:51:02.495+0000] {subprocess.py:93} INFO - 26/07/25 19:51:02 INFO SparkContext: Starting job: showString at NativeMethodAccessorImpl.java:0
[2026-07-25T19:51:02.497+0000] {subprocess.py:93} INFO - 26/07/25 19:51:02 INFO DAGScheduler: Got job 2 (showString at NativeMethodAccessorImpl.java:0) with 1 output partitions
[2026-07-25T19:51:02.498+0000] {subprocess.py:93} INFO - 26/07/25 19:51:02 INFO DAGScheduler: Final stage: ResultStage 3 (showString at NativeMethodAccessorImpl.java:0)
[2026-07-25T19:51:02.500+0000] {subprocess.py:93} INFO - 26/07/25 19:51:02 INFO DAGScheduler: Parents of final stage: List()
[2026-07-25T19:51:02.501+0000] {subprocess.py:93} INFO - 26/07/25 19:51:02 INFO DAGScheduler: Missing parents: List()
[2026-07-25T19:51:02.502+0000] {subprocess.py:93} INFO - 26/07/25 19:51:02 INFO DAGScheduler: Submitting ResultStage 3 (MapPartitionsRDD[11] at showString at NativeMethodAccessorImpl.java:0), which has no missing parents
[2026-07-25T19:51:02.503+0000] {subprocess.py:93} INFO - 26/07/25 19:51:02 INFO MemoryStore: Block broadcast_2 stored as values in memory (estimated size 15.2 KiB, free 434.4 MiB)
[2026-07-25T19:51:02.510+0000] {subprocess.py:93} INFO - 26/07/25 19:51:02 INFO MemoryStore: Block broadcast_2_piece0 stored as bytes in memory (estimated size 7.2 KiB, free 434.4 MiB)
[2026-07-25T19:51:02.512+0000] {subprocess.py:93} INFO - 26/07/25 19:51:02 INFO BlockManagerInfo: Added broadcast_2_piece0 in memory on 8e34fafe5529:37723 (size: 7.2 KiB, free: 434.4 MiB)
[2026-07-25T19:51:02.513+0000] {subprocess.py:93} INFO - 26/07/25 19:51:02 INFO BlockManagerInfo: Removed broadcast_1_piece0 on 8e34fafe5529:37723 in memory (size: 5.9 KiB, free: 434.4 MiB)
[2026-07-25T19:51:02.515+0000] {subprocess.py:93} INFO - 26/07/25 19:51:02 INFO SparkContext: Created broadcast 2 from broadcast at DAGScheduler.scala:1585
[2026-07-25T19:51:02.516+0000] {subprocess.py:93} INFO - 26/07/25 19:51:02 INFO DAGScheduler: Submitting 1 missing tasks from ResultStage 3 (MapPartitionsRDD[11] at showString at NativeMethodAccessorImpl.java:0) (first 15 tasks are for partitions Vector(0))
[2026-07-25T19:51:02.517+0000] {subprocess.py:93} INFO - 26/07/25 19:51:02 INFO TaskSchedulerImpl: Adding task set 3.0 with 1 tasks resource profile 0
[2026-07-25T19:51:02.518+0000] {subprocess.py:93} INFO - 26/07/25 19:51:02 INFO BlockManagerInfo: Removed broadcast_1_piece0 on 172.22.0.8:37883 in memory (size: 5.9 KiB, free: 434.4 MiB)
[2026-07-25T19:51:02.522+0000] {subprocess.py:93} INFO - 26/07/25 19:51:02 INFO TaskSetManager: Starting task 0.0 in stage 3.0 (TID 3) (172.22.0.8, executor 0, partition 0, PROCESS_LOCAL, 26345 bytes)
[2026-07-25T19:51:02.552+0000] {subprocess.py:93} INFO - 26/07/25 19:51:02 INFO BlockManagerInfo: Added broadcast_2_piece0 in memory on 172.22.0.8:37883 (size: 7.2 KiB, free: 434.4 MiB)
[2026-07-25T19:51:02.628+0000] {subprocess.py:93} INFO - 26/07/25 19:51:02 INFO TaskSetManager: Finished task 0.0 in stage 3.0 (TID 3) in 105 ms on 172.22.0.8 (executor 0) (1/1)
[2026-07-25T19:51:02.629+0000] {subprocess.py:93} INFO - 26/07/25 19:51:02 INFO TaskSchedulerImpl: Removed TaskSet 3.0, whose tasks have all completed, from pool
[2026-07-25T19:51:02.633+0000] {subprocess.py:93} INFO - 26/07/25 19:51:02 INFO DAGScheduler: ResultStage 3 (showString at NativeMethodAccessorImpl.java:0) finished in 0.129 s
[2026-07-25T19:51:02.634+0000] {subprocess.py:93} INFO - 26/07/25 19:51:02 INFO DAGScheduler: Job 2 is finished. Cancelling potential speculative or zombie tasks for this job
[2026-07-25T19:51:02.635+0000] {subprocess.py:93} INFO - 26/07/25 19:51:02 INFO TaskSchedulerImpl: Killing all running tasks in stage 3: Stage finished
[2026-07-25T19:51:02.635+0000] {subprocess.py:93} INFO - 26/07/25 19:51:02 INFO DAGScheduler: Job 2 finished: showString at NativeMethodAccessorImpl.java:0, took 0.136574 s
[2026-07-25T19:51:03.597+0000] {subprocess.py:93} INFO - 26/07/25 19:51:03 INFO BlockManagerInfo: Removed broadcast_2_piece0 on 8e34fafe5529:37723 in memory (size: 7.2 KiB, free: 434.4 MiB)
[2026-07-25T19:51:03.604+0000] {subprocess.py:93} INFO - 26/07/25 19:51:03 INFO BlockManagerInfo: Removed broadcast_2_piece0 on 172.22.0.8:37883 in memory (size: 7.2 KiB, free: 434.4 MiB)
[2026-07-25T19:51:04.026+0000] {subprocess.py:93} INFO - 26/07/25 19:51:04 INFO CodeGenerator: Code generated in 34.071541 ms
[2026-07-25T19:51:04.201+0000] {subprocess.py:93} INFO - 26/07/25 19:51:04 INFO SparkContext: SparkContext is stopping with exitCode 0.
[2026-07-25T19:51:04.213+0000] {subprocess.py:93} INFO - 26/07/25 19:51:04 INFO SparkUI: Stopped Spark web UI at http://8e34fafe5529:4046
[2026-07-25T19:51:04.218+0000] {subprocess.py:93} INFO - 26/07/25 19:51:04 INFO StandaloneSchedulerBackend: Shutting down all executors
[2026-07-25T19:51:04.219+0000] {subprocess.py:93} INFO - 26/07/25 19:51:04 INFO StandaloneSchedulerBackend$StandaloneDriverEndpoint: Asking each executor to shut down
[2026-07-25T19:51:04.246+0000] {subprocess.py:93} INFO - 26/07/25 19:51:04 INFO MapOutputTrackerMasterEndpoint: MapOutputTrackerMasterEndpoint stopped!
[2026-07-25T19:51:04.276+0000] {subprocess.py:93} INFO - 26/07/25 19:51:04 INFO MemoryStore: MemoryStore cleared
[2026-07-25T19:51:04.277+0000] {subprocess.py:93} INFO - 26/07/25 19:51:04 INFO BlockManager: BlockManager stopped
[2026-07-25T19:51:04.284+0000] {subprocess.py:93} INFO - 26/07/25 19:51:04 INFO BlockManagerMaster: BlockManagerMaster stopped
[2026-07-25T19:51:04.289+0000] {subprocess.py:93} INFO - 26/07/25 19:51:04 INFO OutputCommitCoordinator$OutputCommitCoordinatorEndpoint: OutputCommitCoordinator stopped!
[2026-07-25T19:51:04.318+0000] {subprocess.py:93} INFO - 26/07/25 19:51:04 INFO SparkContext: Successfully stopped SparkContext
[2026-07-25T19:51:04.635+0000] {subprocess.py:93} INFO - Nombre lignes : 731
[2026-07-25T19:51:04.636+0000] {subprocess.py:93} INFO - +--------+-------------+----+----+--------+---------+-----+------------+-------------+
[2026-07-25T19:51:04.637+0000] {subprocess.py:93} INFO - |date_key|date_complete|jour|mois|nom_mois|trimestre|annee|jour_semaine|semaine_annee|
[2026-07-25T19:51:04.637+0000] {subprocess.py:93} INFO - +--------+-------------+----+----+--------+---------+-----+------------+-------------+
[2026-07-25T19:51:04.638+0000] {subprocess.py:93} INFO - |20240101|2024-01-01   |1   |1   |January |1        |2024 |Monday      |1            |
[2026-07-25T19:51:04.638+0000] {subprocess.py:93} INFO - |20240102|2024-01-02   |2   |1   |January |1        |2024 |Tuesday     |1            |
[2026-07-25T19:51:04.639+0000] {subprocess.py:93} INFO - |20240103|2024-01-03   |3   |1   |January |1        |2024 |Wednesday   |1            |
[2026-07-25T19:51:04.640+0000] {subprocess.py:93} INFO - |20240104|2024-01-04   |4   |1   |January |1        |2024 |Thursday    |1            |
[2026-07-25T19:51:04.640+0000] {subprocess.py:93} INFO - |20240105|2024-01-05   |5   |1   |January |1        |2024 |Friday      |1            |
[2026-07-25T19:51:04.641+0000] {subprocess.py:93} INFO - +--------+-------------+----+----+--------+---------+-----+------------+-------------+
[2026-07-25T19:51:04.641+0000] {subprocess.py:93} INFO - only showing top 5 rows
[2026-07-25T19:51:04.642+0000] {subprocess.py:93} INFO - 
[2026-07-25T19:51:04.642+0000] {subprocess.py:93} INFO - AVANT WRITE
[2026-07-25T19:51:04.643+0000] {subprocess.py:93} INFO - ERREUR WRITE :
[2026-07-25T19:51:04.644+0000] {subprocess.py:93} INFO - An error occurred while calling o48.jdbc.
[2026-07-25T19:51:04.644+0000] {subprocess.py:93} INFO - : java.lang.ClassNotFoundException: org.postgresql.Driver
[2026-07-25T19:51:04.645+0000] {subprocess.py:93} INFO - 	at java.base/java.net.URLClassLoader.findClass(URLClassLoader.java:445)
[2026-07-25T19:51:04.645+0000] {subprocess.py:93} INFO - 	at java.base/java.lang.ClassLoader.loadClass(ClassLoader.java:592)
[2026-07-25T19:51:04.646+0000] {subprocess.py:93} INFO - 	at java.base/java.lang.ClassLoader.loadClass(ClassLoader.java:525)
[2026-07-25T19:51:04.646+0000] {subprocess.py:93} INFO - 	at org.apache.spark.sql.execution.datasources.jdbc.DriverRegistry$.register(DriverRegistry.scala:46)
[2026-07-25T19:51:04.646+0000] {subprocess.py:93} INFO - 	at org.apache.spark.sql.execution.datasources.jdbc.JDBCOptions.$anonfun$driverClass$1(JDBCOptions.scala:103)
[2026-07-25T19:51:04.647+0000] {subprocess.py:93} INFO - 	at org.apache.spark.sql.execution.datasources.jdbc.JDBCOptions.$anonfun$driverClass$1$adapted(JDBCOptions.scala:103)
[2026-07-25T19:51:04.647+0000] {subprocess.py:93} INFO - 	at scala.Option.foreach(Option.scala:407)
[2026-07-25T19:51:04.648+0000] {subprocess.py:93} INFO - 	at org.apache.spark.sql.execution.datasources.jdbc.JDBCOptions.<init>(JDBCOptions.scala:103)
[2026-07-25T19:51:04.648+0000] {subprocess.py:93} INFO - 	at org.apache.spark.sql.execution.datasources.jdbc.JdbcOptionsInWrite.<init>(JDBCOptions.scala:254)
[2026-07-25T19:51:04.649+0000] {subprocess.py:93} INFO - 	at org.apache.spark.sql.execution.datasources.jdbc.JdbcOptionsInWrite.<init>(JDBCOptions.scala:258)
[2026-07-25T19:51:04.649+0000] {subprocess.py:93} INFO - 	at org.apache.spark.sql.execution.datasources.jdbc.JdbcRelationProvider.createRelation(JdbcRelationProvider.scala:47)
[2026-07-25T19:51:04.650+0000] {subprocess.py:93} INFO - 	at org.apache.spark.sql.execution.datasources.SaveIntoDataSourceCommand.run(SaveIntoDataSourceCommand.scala:48)
[2026-07-25T19:51:04.650+0000] {subprocess.py:93} INFO - 	at org.apache.spark.sql.execution.command.ExecutedCommandExec.sideEffectResult$lzycompute(commands.scala:75)
[2026-07-25T19:51:04.650+0000] {subprocess.py:93} INFO - 	at org.apache.spark.sql.execution.command.ExecutedCommandExec.sideEffectResult(commands.scala:73)
[2026-07-25T19:51:04.651+0000] {subprocess.py:93} INFO - 	at org.apache.spark.sql.execution.command.ExecutedCommandExec.executeCollect(commands.scala:84)
[2026-07-25T19:51:04.651+0000] {subprocess.py:93} INFO - 	at org.apache.spark.sql.execution.QueryExecution$$anonfun$eagerlyExecuteCommands$1.$anonfun$applyOrElse$1(QueryExecution.scala:107)
[2026-07-25T19:51:04.652+0000] {subprocess.py:93} INFO - 	at org.apache.spark.sql.execution.SQLExecution$.$anonfun$withNewExecutionId$6(SQLExecution.scala:125)
[2026-07-25T19:51:04.652+0000] {subprocess.py:93} INFO - 	at org.apache.spark.sql.execution.SQLExecution$.withSQLConfPropagated(SQLExecution.scala:201)
[2026-07-25T19:51:04.653+0000] {subprocess.py:93} INFO - 	at org.apache.spark.sql.execution.SQLExecution$.$anonfun$withNewExecutionId$1(SQLExecution.scala:108)
[2026-07-25T19:51:04.653+0000] {subprocess.py:93} INFO - 	at org.apache.spark.sql.SparkSession.withActive(SparkSession.scala:900)
[2026-07-25T19:51:04.654+0000] {subprocess.py:93} INFO - 	at org.apache.spark.sql.execution.SQLExecution$.withNewExecutionId(SQLExecution.scala:66)
[2026-07-25T19:51:04.654+0000] {subprocess.py:93} INFO - 	at org.apache.spark.sql.execution.QueryExecution$$anonfun$eagerlyExecuteCommands$1.applyOrElse(QueryExecution.scala:107)
[2026-07-25T19:51:04.655+0000] {subprocess.py:93} INFO - 	at org.apache.spark.sql.execution.QueryExecution$$anonfun$eagerlyExecuteCommands$1.applyOrElse(QueryExecution.scala:98)
[2026-07-25T19:51:04.655+0000] {subprocess.py:93} INFO - 	at org.apache.spark.sql.catalyst.trees.TreeNode.$anonfun$transformDownWithPruning$1(TreeNode.scala:461)
[2026-07-25T19:51:04.656+0000] {subprocess.py:93} INFO - 	at org.apache.spark.sql.catalyst.trees.CurrentOrigin$.withOrigin(origin.scala:76)
[2026-07-25T19:51:04.656+0000] {subprocess.py:93} INFO - 	at org.apache.spark.sql.catalyst.trees.TreeNode.transformDownWithPruning(TreeNode.scala:461)
[2026-07-25T19:51:04.657+0000] {subprocess.py:93} INFO - 	at org.apache.spark.sql.catalyst.plans.logical.LogicalPlan.org$apache$spark$sql$catalyst$plans$logical$AnalysisHelper$$super$transformDownWithPruning(LogicalPlan.scala:32)
[2026-07-25T19:51:04.657+0000] {subprocess.py:93} INFO - 	at org.apache.spark.sql.catalyst.plans.logical.AnalysisHelper.transformDownWithPruning(AnalysisHelper.scala:267)
[2026-07-25T19:51:04.657+0000] {subprocess.py:93} INFO - 	at org.apache.spark.sql.catalyst.plans.logical.AnalysisHelper.transformDownWithPruning$(AnalysisHelper.scala:263)
[2026-07-25T19:51:04.658+0000] {subprocess.py:93} INFO - 	at org.apache.spark.sql.catalyst.plans.logical.LogicalPlan.transformDownWithPruning(LogicalPlan.scala:32)
[2026-07-25T19:51:04.658+0000] {subprocess.py:93} INFO - 	at org.apache.spark.sql.catalyst.plans.logical.LogicalPlan.transformDownWithPruning(LogicalPlan.scala:32)
[2026-07-25T19:51:04.659+0000] {subprocess.py:93} INFO - 	at org.apache.spark.sql.catalyst.trees.TreeNode.transformDown(TreeNode.scala:437)
[2026-07-25T19:51:04.659+0000] {subprocess.py:93} INFO - 	at org.apache.spark.sql.execution.QueryExecution.eagerlyExecuteCommands(QueryExecution.scala:98)
[2026-07-25T19:51:04.660+0000] {subprocess.py:93} INFO - 	at org.apache.spark.sql.execution.QueryExecution.commandExecuted$lzycompute(QueryExecution.scala:85)
[2026-07-25T19:51:04.660+0000] {subprocess.py:93} INFO - 	at org.apache.spark.sql.execution.QueryExecution.commandExecuted(QueryExecution.scala:83)
[2026-07-25T19:51:04.661+0000] {subprocess.py:93} INFO - 	at org.apache.spark.sql.execution.QueryExecution.assertCommandExecuted(QueryExecution.scala:142)
[2026-07-25T19:51:04.661+0000] {subprocess.py:93} INFO - 	at org.apache.spark.sql.DataFrameWriter.runCommand(DataFrameWriter.scala:859)
[2026-07-25T19:51:04.662+0000] {subprocess.py:93} INFO - 	at org.apache.spark.sql.DataFrameWriter.saveToV1Source(DataFrameWriter.scala:388)
[2026-07-25T19:51:04.662+0000] {subprocess.py:93} INFO - 	at org.apache.spark.sql.DataFrameWriter.saveInternal(DataFrameWriter.scala:361)
[2026-07-25T19:51:04.664+0000] {subprocess.py:93} INFO - 	at org.apache.spark.sql.DataFrameWriter.save(DataFrameWriter.scala:248)
[2026-07-25T19:51:04.665+0000] {subprocess.py:93} INFO - 	at org.apache.spark.sql.DataFrameWriter.jdbc(DataFrameWriter.scala:756)
[2026-07-25T19:51:04.665+0000] {subprocess.py:93} INFO - 	at java.base/jdk.internal.reflect.NativeMethodAccessorImpl.invoke0(Native Method)
[2026-07-25T19:51:04.666+0000] {subprocess.py:93} INFO - 	at java.base/jdk.internal.reflect.NativeMethodAccessorImpl.invoke(NativeMethodAccessorImpl.java:77)
[2026-07-25T19:51:04.666+0000] {subprocess.py:93} INFO - 	at java.base/jdk.internal.reflect.DelegatingMethodAccessorImpl.invoke(DelegatingMethodAccessorImpl.java:43)
[2026-07-25T19:51:04.667+0000] {subprocess.py:93} INFO - 	at java.base/java.lang.reflect.Method.invoke(Method.java:569)
[2026-07-25T19:51:04.667+0000] {subprocess.py:93} INFO - 	at py4j.reflection.MethodInvoker.invoke(MethodInvoker.java:244)
[2026-07-25T19:51:04.667+0000] {subprocess.py:93} INFO - 	at py4j.reflection.ReflectionEngine.invoke(ReflectionEngine.java:374)
[2026-07-25T19:51:04.668+0000] {subprocess.py:93} INFO - 	at py4j.Gateway.invoke(Gateway.java:282)
[2026-07-25T19:51:04.668+0000] {subprocess.py:93} INFO - 	at py4j.commands.AbstractCommand.invokeMethod(AbstractCommand.java:132)
[2026-07-25T19:51:04.669+0000] {subprocess.py:93} INFO - 	at py4j.commands.CallCommand.execute(CallCommand.java:79)
[2026-07-25T19:51:04.669+0000] {subprocess.py:93} INFO - 	at py4j.ClientServerConnection.waitForCommands(ClientServerConnection.java:182)
[2026-07-25T19:51:04.670+0000] {subprocess.py:93} INFO - 	at py4j.ClientServerConnection.run(ClientServerConnection.java:106)
[2026-07-25T19:51:04.670+0000] {subprocess.py:93} INFO - 	at java.base/java.lang.Thread.run(Thread.java:840)
[2026-07-25T19:51:04.671+0000] {subprocess.py:93} INFO - 
[2026-07-25T19:51:04.756+0000] {subprocess.py:93} INFO - 26/07/25 19:51:04 INFO ShutdownHookManager: Shutdown hook called
[2026-07-25T19:51:04.757+0000] {subprocess.py:93} INFO - 26/07/25 19:51:04 INFO ShutdownHookManager: Deleting directory /tmp/spark-c92056a0-f4b9-41c1-a91a-8aa62ecfcda3/pyspark-3e3a881c-bfe8-4628-ab4a-60bd114d2b20
[2026-07-25T19:51:04.764+0000] {subprocess.py:93} INFO - 26/07/25 19:51:04 INFO ShutdownHookManager: Deleting directory /tmp/spark-c92056a0-f4b9-41c1-a91a-8aa62ecfcda3
[2026-07-25T19:51:04.771+0000] {subprocess.py:93} INFO - 26/07/25 19:51:04 INFO ShutdownHookManager: Deleting directory /tmp/spark-dd6b370d-92af-4a93-81fb-190474488fd6
[2026-07-25T19:51:05.161+0000] {subprocess.py:97} INFO - Command exited with return code 0
[2026-07-25T19:51:05.211+0000] {taskinstance.py:340} INFO - ::group::Post task execution logs
[2026-07-25T19:51:05.212+0000] {taskinstance.py:352} INFO - Marking task as SUCCESS. dag_id=flex_eau_pipeline, task_id=dim_date, run_id=scheduled__2026-07-24T00:00:00+00:00, execution_date=20260724T000000, start_date=20260725T195017, end_date=20260725T195105
[2026-07-25T19:51:05.253+0000] {local_task_job_runner.py:261} INFO - Task exited with return code 0
[2026-07-25T19:51:05.283+0000] {taskinstance.py:3891} INFO - 0 downstream tasks scheduled from follow-on schedule check
[2026-07-25T19:51:05.286+0000] {local_task_job_runner.py:240} INFO - ::endgroup::
