[2026-08-11T18:03:06.443+0000] {processor.py:186} INFO - Started process (PID=166) to work on /opt/airflow/dags/flex_eau_pipeline.py
[2026-08-11T18:03:06.447+0000] {processor.py:914} INFO - Processing file /opt/airflow/dags/flex_eau_pipeline.py for tasks to queue
[2026-08-11T18:03:06.455+0000] {logging_mixin.py:190} INFO - [2026-08-11T18:03:06.454+0000] {dagbag.py:587} INFO - Filling up the DagBag from /opt/airflow/dags/flex_eau_pipeline.py
[2026-08-11T18:03:06.511+0000] {processor.py:925} INFO - DAG(s) 'flex_eau_pipeline' retrieved from /opt/airflow/dags/flex_eau_pipeline.py
[2026-08-11T18:03:06.673+0000] {logging_mixin.py:190} INFO - [2026-08-11T18:03:06.673+0000] {dag.py:3211} INFO - Sync 1 DAGs
[2026-08-11T18:03:06.731+0000] {logging_mixin.py:190} INFO - [2026-08-11T18:03:06.731+0000] {dag.py:4138} INFO - Setting next_dagrun for flex_eau_pipeline to 2026-08-11 00:00:00+00:00, run_after=2026-08-12 00:00:00+00:00
[2026-08-11T18:03:06.769+0000] {processor.py:208} INFO - Processing /opt/airflow/dags/flex_eau_pipeline.py took 0.349 seconds
[2026-08-11T18:03:37.476+0000] {processor.py:186} INFO - Started process (PID=202) to work on /opt/airflow/dags/flex_eau_pipeline.py
[2026-08-11T18:03:37.481+0000] {processor.py:914} INFO - Processing file /opt/airflow/dags/flex_eau_pipeline.py for tasks to queue
[2026-08-11T18:03:37.508+0000] {logging_mixin.py:190} INFO - [2026-08-11T18:03:37.507+0000] {dagbag.py:587} INFO - Filling up the DagBag from /opt/airflow/dags/flex_eau_pipeline.py
[2026-08-11T18:03:37.798+0000] {processor.py:925} INFO - DAG(s) 'flex_eau_pipeline' retrieved from /opt/airflow/dags/flex_eau_pipeline.py
[2026-08-11T18:03:38.113+0000] {logging_mixin.py:190} INFO - [2026-08-11T18:03:38.112+0000] {dag.py:3211} INFO - Sync 1 DAGs
[2026-08-11T18:03:38.268+0000] {logging_mixin.py:190} INFO - [2026-08-11T18:03:38.266+0000] {dag.py:4138} INFO - Setting next_dagrun for flex_eau_pipeline to 2026-08-11 00:00:00+00:00, run_after=2026-08-12 00:00:00+00:00
[2026-08-11T18:03:38.624+0000] {processor.py:208} INFO - Processing /opt/airflow/dags/flex_eau_pipeline.py took 1.183 seconds
[2026-08-11T18:04:09.309+0000] {processor.py:186} INFO - Started process (PID=207) to work on /opt/airflow/dags/flex_eau_pipeline.py
[2026-08-11T18:04:09.312+0000] {processor.py:914} INFO - Processing file /opt/airflow/dags/flex_eau_pipeline.py for tasks to queue
[2026-08-11T18:04:09.317+0000] {logging_mixin.py:190} INFO - [2026-08-11T18:04:09.317+0000] {dagbag.py:587} INFO - Filling up the DagBag from /opt/airflow/dags/flex_eau_pipeline.py
[2026-08-11T18:04:09.519+0000] {processor.py:925} INFO - DAG(s) 'flex_eau_pipeline' retrieved from /opt/airflow/dags/flex_eau_pipeline.py
[2026-08-11T18:04:09.706+0000] {logging_mixin.py:190} INFO - [2026-08-11T18:04:09.705+0000] {dag.py:3211} INFO - Sync 1 DAGs
[2026-08-11T18:04:09.793+0000] {logging_mixin.py:190} INFO - [2026-08-11T18:04:09.793+0000] {dag.py:4138} INFO - Setting next_dagrun for flex_eau_pipeline to 2026-08-11 00:00:00+00:00, run_after=2026-08-12 00:00:00+00:00
[2026-08-11T18:04:09.863+0000] {processor.py:208} INFO - Processing /opt/airflow/dags/flex_eau_pipeline.py took 0.569 seconds
[2026-08-11T18:04:40.609+0000] {processor.py:186} INFO - Started process (PID=212) to work on /opt/airflow/dags/flex_eau_pipeline.py
[2026-08-11T18:04:40.621+0000] {processor.py:914} INFO - Processing file /opt/airflow/dags/flex_eau_pipeline.py for tasks to queue
[2026-08-11T18:04:40.676+0000] {logging_mixin.py:190} INFO - [2026-08-11T18:04:40.675+0000] {dagbag.py:587} INFO - Filling up the DagBag from /opt/airflow/dags/flex_eau_pipeline.py
[2026-08-11T18:04:41.694+0000] {processor.py:925} INFO - DAG(s) 'flex_eau_pipeline' retrieved from /opt/airflow/dags/flex_eau_pipeline.py
[2026-08-11T18:04:42.122+0000] {logging_mixin.py:190} INFO - [2026-08-11T18:04:42.121+0000] {dag.py:3211} INFO - Sync 1 DAGs
[2026-08-11T18:04:42.499+0000] {logging_mixin.py:190} INFO - [2026-08-11T18:04:42.498+0000] {dag.py:4138} INFO - Setting next_dagrun for flex_eau_pipeline to 2026-08-11 00:00:00+00:00, run_after=2026-08-12 00:00:00+00:00
[2026-08-11T18:04:42.764+0000] {processor.py:208} INFO - Processing /opt/airflow/dags/flex_eau_pipeline.py took 2.186 seconds
[2026-08-11T18:05:14.164+0000] {processor.py:186} INFO - Started process (PID=217) to work on /opt/airflow/dags/flex_eau_pipeline.py
[2026-08-11T18:05:14.167+0000] {processor.py:914} INFO - Processing file /opt/airflow/dags/flex_eau_pipeline.py for tasks to queue
[2026-08-11T18:05:14.190+0000] {logging_mixin.py:190} INFO - [2026-08-11T18:05:14.187+0000] {dagbag.py:587} INFO - Filling up the DagBag from /opt/airflow/dags/flex_eau_pipeline.py
[2026-08-11T18:05:14.415+0000] {processor.py:925} INFO - DAG(s) 'flex_eau_pipeline' retrieved from /opt/airflow/dags/flex_eau_pipeline.py
[2026-08-11T18:05:14.712+0000] {logging_mixin.py:190} INFO - [2026-08-11T18:05:14.711+0000] {dag.py:3211} INFO - Sync 1 DAGs
[2026-08-11T18:05:14.810+0000] {logging_mixin.py:190} INFO - [2026-08-11T18:05:14.809+0000] {dag.py:4138} INFO - Setting next_dagrun for flex_eau_pipeline to 2026-08-11 00:00:00+00:00, run_after=2026-08-12 00:00:00+00:00
[2026-08-11T18:05:14.890+0000] {processor.py:208} INFO - Processing /opt/airflow/dags/flex_eau_pipeline.py took 0.748 seconds
[2026-08-11T18:05:45.685+0000] {processor.py:186} INFO - Started process (PID=222) to work on /opt/airflow/dags/flex_eau_pipeline.py
[2026-08-11T18:05:45.690+0000] {processor.py:914} INFO - Processing file /opt/airflow/dags/flex_eau_pipeline.py for tasks to queue
[2026-08-11T18:05:45.693+0000] {logging_mixin.py:190} INFO - [2026-08-11T18:05:45.693+0000] {dagbag.py:587} INFO - Filling up the DagBag from /opt/airflow/dags/flex_eau_pipeline.py
[2026-08-11T18:05:45.730+0000] {processor.py:925} INFO - DAG(s) 'flex_eau_pipeline' retrieved from /opt/airflow/dags/flex_eau_pipeline.py
[2026-08-11T18:05:45.775+0000] {logging_mixin.py:190} INFO - [2026-08-11T18:05:45.774+0000] {dag.py:3211} INFO - Sync 1 DAGs
[2026-08-11T18:05:45.806+0000] {logging_mixin.py:190} INFO - [2026-08-11T18:05:45.806+0000] {dag.py:4138} INFO - Setting next_dagrun for flex_eau_pipeline to 2026-08-11 00:00:00+00:00, run_after=2026-08-12 00:00:00+00:00
[2026-08-11T18:05:45.830+0000] {processor.py:208} INFO - Processing /opt/airflow/dags/flex_eau_pipeline.py took 0.155 seconds
[2026-08-11T18:06:16.419+0000] {processor.py:186} INFO - Started process (PID=227) to work on /opt/airflow/dags/flex_eau_pipeline.py
[2026-08-11T18:06:16.422+0000] {processor.py:914} INFO - Processing file /opt/airflow/dags/flex_eau_pipeline.py for tasks to queue
[2026-08-11T18:06:16.431+0000] {logging_mixin.py:190} INFO - [2026-08-11T18:06:16.430+0000] {dagbag.py:587} INFO - Filling up the DagBag from /opt/airflow/dags/flex_eau_pipeline.py
[2026-08-11T18:06:16.503+0000] {processor.py:925} INFO - DAG(s) 'flex_eau_pipeline' retrieved from /opt/airflow/dags/flex_eau_pipeline.py
[2026-08-11T18:06:16.548+0000] {logging_mixin.py:190} INFO - [2026-08-11T18:06:16.548+0000] {dag.py:3211} INFO - Sync 1 DAGs
[2026-08-11T18:06:16.578+0000] {logging_mixin.py:190} INFO - [2026-08-11T18:06:16.578+0000] {dag.py:4138} INFO - Setting next_dagrun for flex_eau_pipeline to 2026-08-11 00:00:00+00:00, run_after=2026-08-12 00:00:00+00:00
[2026-08-11T18:06:16.607+0000] {processor.py:208} INFO - Processing /opt/airflow/dags/flex_eau_pipeline.py took 0.214 seconds
[2026-08-11T18:06:46.983+0000] {processor.py:186} INFO - Started process (PID=232) to work on /opt/airflow/dags/flex_eau_pipeline.py
[2026-08-11T18:06:46.985+0000] {processor.py:914} INFO - Processing file /opt/airflow/dags/flex_eau_pipeline.py for tasks to queue
[2026-08-11T18:06:46.988+0000] {logging_mixin.py:190} INFO - [2026-08-11T18:06:46.987+0000] {dagbag.py:587} INFO - Filling up the DagBag from /opt/airflow/dags/flex_eau_pipeline.py
[2026-08-11T18:06:47.025+0000] {processor.py:925} INFO - DAG(s) 'flex_eau_pipeline' retrieved from /opt/airflow/dags/flex_eau_pipeline.py
[2026-08-11T18:06:47.069+0000] {logging_mixin.py:190} INFO - [2026-08-11T18:06:47.069+0000] {dag.py:3211} INFO - Sync 1 DAGs
[2026-08-11T18:06:47.101+0000] {logging_mixin.py:190} INFO - [2026-08-11T18:06:47.101+0000] {dag.py:4138} INFO - Setting next_dagrun for flex_eau_pipeline to 2026-08-11 00:00:00+00:00, run_after=2026-08-12 00:00:00+00:00
[2026-08-11T18:06:47.151+0000] {processor.py:208} INFO - Processing /opt/airflow/dags/flex_eau_pipeline.py took 0.179 seconds
[2026-08-11T18:07:17.825+0000] {processor.py:186} INFO - Started process (PID=237) to work on /opt/airflow/dags/flex_eau_pipeline.py
[2026-08-11T18:07:17.828+0000] {processor.py:914} INFO - Processing file /opt/airflow/dags/flex_eau_pipeline.py for tasks to queue
[2026-08-11T18:07:17.833+0000] {logging_mixin.py:190} INFO - [2026-08-11T18:07:17.833+0000] {dagbag.py:587} INFO - Filling up the DagBag from /opt/airflow/dags/flex_eau_pipeline.py
[2026-08-11T18:07:17.913+0000] {processor.py:925} INFO - DAG(s) 'flex_eau_pipeline' retrieved from /opt/airflow/dags/flex_eau_pipeline.py
[2026-08-11T18:07:18.013+0000] {logging_mixin.py:190} INFO - [2026-08-11T18:07:18.012+0000] {dag.py:3211} INFO - Sync 1 DAGs
[2026-08-11T18:07:18.067+0000] {logging_mixin.py:190} INFO - [2026-08-11T18:07:18.067+0000] {dag.py:4138} INFO - Setting next_dagrun for flex_eau_pipeline to 2026-08-11 00:00:00+00:00, run_after=2026-08-12 00:00:00+00:00
[2026-08-11T18:07:18.121+0000] {processor.py:208} INFO - Processing /opt/airflow/dags/flex_eau_pipeline.py took 0.316 seconds
[2026-08-11T18:07:48.409+0000] {processor.py:186} INFO - Started process (PID=242) to work on /opt/airflow/dags/flex_eau_pipeline.py
[2026-08-11T18:07:48.412+0000] {processor.py:914} INFO - Processing file /opt/airflow/dags/flex_eau_pipeline.py for tasks to queue
[2026-08-11T18:07:48.418+0000] {logging_mixin.py:190} INFO - [2026-08-11T18:07:48.417+0000] {dagbag.py:587} INFO - Filling up the DagBag from /opt/airflow/dags/flex_eau_pipeline.py
[2026-08-11T18:07:48.461+0000] {processor.py:925} INFO - DAG(s) 'flex_eau_pipeline' retrieved from /opt/airflow/dags/flex_eau_pipeline.py
[2026-08-11T18:07:48.509+0000] {logging_mixin.py:190} INFO - [2026-08-11T18:07:48.508+0000] {dag.py:3211} INFO - Sync 1 DAGs
[2026-08-11T18:07:48.545+0000] {logging_mixin.py:190} INFO - [2026-08-11T18:07:48.544+0000] {dag.py:4138} INFO - Setting next_dagrun for flex_eau_pipeline to 2026-08-11 00:00:00+00:00, run_after=2026-08-12 00:00:00+00:00
[2026-08-11T18:07:48.573+0000] {processor.py:208} INFO - Processing /opt/airflow/dags/flex_eau_pipeline.py took 0.179 seconds
[2026-08-11T18:08:18.933+0000] {processor.py:186} INFO - Started process (PID=247) to work on /opt/airflow/dags/flex_eau_pipeline.py
[2026-08-11T18:08:18.935+0000] {processor.py:914} INFO - Processing file /opt/airflow/dags/flex_eau_pipeline.py for tasks to queue
[2026-08-11T18:08:18.941+0000] {logging_mixin.py:190} INFO - [2026-08-11T18:08:18.940+0000] {dagbag.py:587} INFO - Filling up the DagBag from /opt/airflow/dags/flex_eau_pipeline.py
[2026-08-11T18:08:19.012+0000] {processor.py:925} INFO - DAG(s) 'flex_eau_pipeline' retrieved from /opt/airflow/dags/flex_eau_pipeline.py
[2026-08-11T18:08:19.078+0000] {logging_mixin.py:190} INFO - [2026-08-11T18:08:19.077+0000] {dag.py:3211} INFO - Sync 1 DAGs
[2026-08-11T18:08:19.126+0000] {logging_mixin.py:190} INFO - [2026-08-11T18:08:19.126+0000] {dag.py:4138} INFO - Setting next_dagrun for flex_eau_pipeline to 2026-08-11 00:00:00+00:00, run_after=2026-08-12 00:00:00+00:00
[2026-08-11T18:08:19.154+0000] {processor.py:208} INFO - Processing /opt/airflow/dags/flex_eau_pipeline.py took 0.230 seconds
[2026-08-11T18:08:49.594+0000] {processor.py:186} INFO - Started process (PID=280) to work on /opt/airflow/dags/flex_eau_pipeline.py
[2026-08-11T18:08:49.596+0000] {processor.py:914} INFO - Processing file /opt/airflow/dags/flex_eau_pipeline.py for tasks to queue
[2026-08-11T18:08:49.602+0000] {logging_mixin.py:190} INFO - [2026-08-11T18:08:49.601+0000] {dagbag.py:587} INFO - Filling up the DagBag from /opt/airflow/dags/flex_eau_pipeline.py
[2026-08-11T18:08:49.678+0000] {processor.py:925} INFO - DAG(s) 'flex_eau_pipeline' retrieved from /opt/airflow/dags/flex_eau_pipeline.py
[2026-08-11T18:08:49.756+0000] {logging_mixin.py:190} INFO - [2026-08-11T18:08:49.756+0000] {dag.py:3211} INFO - Sync 1 DAGs
[2026-08-11T18:08:49.794+0000] {logging_mixin.py:190} INFO - [2026-08-11T18:08:49.794+0000] {dag.py:4138} INFO - Setting next_dagrun for flex_eau_pipeline to 2026-08-11 00:00:00+00:00, run_after=2026-08-12 00:00:00+00:00
[2026-08-11T18:08:49.847+0000] {processor.py:208} INFO - Processing /opt/airflow/dags/flex_eau_pipeline.py took 0.273 seconds
[2026-08-11T18:09:20.029+0000] {processor.py:186} INFO - Started process (PID=298) to work on /opt/airflow/dags/flex_eau_pipeline.py
[2026-08-11T18:09:20.031+0000] {processor.py:914} INFO - Processing file /opt/airflow/dags/flex_eau_pipeline.py for tasks to queue
[2026-08-11T18:09:20.033+0000] {logging_mixin.py:190} INFO - [2026-08-11T18:09:20.033+0000] {dagbag.py:587} INFO - Filling up the DagBag from /opt/airflow/dags/flex_eau_pipeline.py
[2026-08-11T18:09:20.103+0000] {processor.py:925} INFO - DAG(s) 'flex_eau_pipeline' retrieved from /opt/airflow/dags/flex_eau_pipeline.py
[2026-08-11T18:09:20.154+0000] {logging_mixin.py:190} INFO - [2026-08-11T18:09:20.154+0000] {dag.py:3211} INFO - Sync 1 DAGs
[2026-08-11T18:09:20.184+0000] {logging_mixin.py:190} INFO - [2026-08-11T18:09:20.184+0000] {dag.py:4138} INFO - Setting next_dagrun for flex_eau_pipeline to 2026-08-11 00:00:00+00:00, run_after=2026-08-12 00:00:00+00:00
[2026-08-11T18:09:20.210+0000] {processor.py:208} INFO - Processing /opt/airflow/dags/flex_eau_pipeline.py took 0.191 seconds
[2026-08-11T18:09:50.418+0000] {processor.py:186} INFO - Started process (PID=315) to work on /opt/airflow/dags/flex_eau_pipeline.py
[2026-08-11T18:09:50.420+0000] {processor.py:914} INFO - Processing file /opt/airflow/dags/flex_eau_pipeline.py for tasks to queue
[2026-08-11T18:09:50.423+0000] {logging_mixin.py:190} INFO - [2026-08-11T18:09:50.422+0000] {dagbag.py:587} INFO - Filling up the DagBag from /opt/airflow/dags/flex_eau_pipeline.py
[2026-08-11T18:09:50.457+0000] {processor.py:925} INFO - DAG(s) 'flex_eau_pipeline' retrieved from /opt/airflow/dags/flex_eau_pipeline.py
[2026-08-11T18:09:50.506+0000] {logging_mixin.py:190} INFO - [2026-08-11T18:09:50.506+0000] {dag.py:3211} INFO - Sync 1 DAGs
[2026-08-11T18:09:50.596+0000] {logging_mixin.py:190} INFO - [2026-08-11T18:09:50.596+0000] {dag.py:4138} INFO - Setting next_dagrun for flex_eau_pipeline to 2026-08-11 00:00:00+00:00, run_after=2026-08-12 00:00:00+00:00
[2026-08-11T18:09:50.625+0000] {processor.py:208} INFO - Processing /opt/airflow/dags/flex_eau_pipeline.py took 0.173 seconds
[2026-08-11T18:10:21.269+0000] {processor.py:186} INFO - Started process (PID=838) to work on /opt/airflow/dags/flex_eau_pipeline.py
[2026-08-11T18:10:21.272+0000] {processor.py:914} INFO - Processing file /opt/airflow/dags/flex_eau_pipeline.py for tasks to queue
[2026-08-11T18:10:21.276+0000] {logging_mixin.py:190} INFO - [2026-08-11T18:10:21.276+0000] {dagbag.py:587} INFO - Filling up the DagBag from /opt/airflow/dags/flex_eau_pipeline.py
[2026-08-11T18:10:21.379+0000] {processor.py:925} INFO - DAG(s) 'flex_eau_pipeline' retrieved from /opt/airflow/dags/flex_eau_pipeline.py
[2026-08-11T18:10:21.512+0000] {logging_mixin.py:190} INFO - [2026-08-11T18:10:21.512+0000] {dag.py:3211} INFO - Sync 1 DAGs
[2026-08-11T18:10:21.565+0000] {logging_mixin.py:190} INFO - [2026-08-11T18:10:21.564+0000] {dag.py:4138} INFO - Setting next_dagrun for flex_eau_pipeline to 2026-08-11 00:00:00+00:00, run_after=2026-08-12 00:00:00+00:00
[2026-08-11T18:10:21.689+0000] {processor.py:208} INFO - Processing /opt/airflow/dags/flex_eau_pipeline.py took 0.458 seconds
[2026-08-11T18:10:56.176+0000] {processor.py:186} INFO - Started process (PID=1191) to work on /opt/airflow/dags/flex_eau_pipeline.py
[2026-08-11T18:10:56.318+0000] {processor.py:914} INFO - Processing file /opt/airflow/dags/flex_eau_pipeline.py for tasks to queue
[2026-08-11T18:10:56.372+0000] {logging_mixin.py:190} INFO - [2026-08-11T18:10:56.371+0000] {dagbag.py:587} INFO - Filling up the DagBag from /opt/airflow/dags/flex_eau_pipeline.py
[2026-08-11T18:10:57.165+0000] {processor.py:925} INFO - DAG(s) 'flex_eau_pipeline' retrieved from /opt/airflow/dags/flex_eau_pipeline.py
[2026-08-11T18:10:57.471+0000] {logging_mixin.py:190} INFO - [2026-08-11T18:10:57.470+0000] {dag.py:3211} INFO - Sync 1 DAGs
[2026-08-11T18:10:57.727+0000] {logging_mixin.py:190} INFO - [2026-08-11T18:10:57.725+0000] {dag.py:4138} INFO - Setting next_dagrun for flex_eau_pipeline to 2026-08-11 00:00:00+00:00, run_after=2026-08-12 00:00:00+00:00
[2026-08-11T18:10:58.147+0000] {processor.py:208} INFO - Processing /opt/airflow/dags/flex_eau_pipeline.py took 2.500 seconds
[2026-08-11T18:11:29.159+0000] {processor.py:186} INFO - Started process (PID=1515) to work on /opt/airflow/dags/flex_eau_pipeline.py
[2026-08-11T18:11:29.186+0000] {processor.py:914} INFO - Processing file /opt/airflow/dags/flex_eau_pipeline.py for tasks to queue
[2026-08-11T18:11:29.274+0000] {logging_mixin.py:190} INFO - [2026-08-11T18:11:29.268+0000] {dagbag.py:587} INFO - Filling up the DagBag from /opt/airflow/dags/flex_eau_pipeline.py
[2026-08-11T18:11:29.690+0000] {processor.py:925} INFO - DAG(s) 'flex_eau_pipeline' retrieved from /opt/airflow/dags/flex_eau_pipeline.py
[2026-08-11T18:11:29.874+0000] {logging_mixin.py:190} INFO - [2026-08-11T18:11:29.873+0000] {dag.py:3211} INFO - Sync 1 DAGs
[2026-08-11T18:11:30.128+0000] {logging_mixin.py:190} INFO - [2026-08-11T18:11:30.127+0000] {dag.py:4138} INFO - Setting next_dagrun for flex_eau_pipeline to 2026-08-11 00:00:00+00:00, run_after=2026-08-12 00:00:00+00:00
[2026-08-11T18:11:30.410+0000] {processor.py:208} INFO - Processing /opt/airflow/dags/flex_eau_pipeline.py took 1.346 seconds
[2026-08-11T18:12:02.033+0000] {processor.py:186} INFO - Started process (PID=1571) to work on /opt/airflow/dags/flex_eau_pipeline.py
[2026-08-11T18:12:02.036+0000] {processor.py:914} INFO - Processing file /opt/airflow/dags/flex_eau_pipeline.py for tasks to queue
[2026-08-11T18:12:02.069+0000] {logging_mixin.py:190} INFO - [2026-08-11T18:12:02.065+0000] {dagbag.py:587} INFO - Filling up the DagBag from /opt/airflow/dags/flex_eau_pipeline.py
[2026-08-11T18:12:02.312+0000] {processor.py:925} INFO - DAG(s) 'flex_eau_pipeline' retrieved from /opt/airflow/dags/flex_eau_pipeline.py
[2026-08-11T18:12:02.576+0000] {logging_mixin.py:190} INFO - [2026-08-11T18:12:02.575+0000] {dag.py:3211} INFO - Sync 1 DAGs
[2026-08-11T18:12:02.738+0000] {logging_mixin.py:190} INFO - [2026-08-11T18:12:02.736+0000] {dag.py:4138} INFO - Setting next_dagrun for flex_eau_pipeline to 2026-08-11 00:00:00+00:00, run_after=2026-08-12 00:00:00+00:00
[2026-08-11T18:12:02.806+0000] {processor.py:208} INFO - Processing /opt/airflow/dags/flex_eau_pipeline.py took 0.816 seconds
[2026-08-11T18:12:33.347+0000] {processor.py:186} INFO - Started process (PID=1949) to work on /opt/airflow/dags/flex_eau_pipeline.py
[2026-08-11T18:12:33.350+0000] {processor.py:914} INFO - Processing file /opt/airflow/dags/flex_eau_pipeline.py for tasks to queue
[2026-08-11T18:12:33.356+0000] {logging_mixin.py:190} INFO - [2026-08-11T18:12:33.355+0000] {dagbag.py:587} INFO - Filling up the DagBag from /opt/airflow/dags/flex_eau_pipeline.py
[2026-08-11T18:12:33.416+0000] {processor.py:925} INFO - DAG(s) 'flex_eau_pipeline' retrieved from /opt/airflow/dags/flex_eau_pipeline.py
[2026-08-11T18:12:33.515+0000] {logging_mixin.py:190} INFO - [2026-08-11T18:12:33.515+0000] {dag.py:3211} INFO - Sync 1 DAGs
[2026-08-11T18:12:33.588+0000] {logging_mixin.py:190} INFO - [2026-08-11T18:12:33.587+0000] {dag.py:4138} INFO - Setting next_dagrun for flex_eau_pipeline to 2026-08-11 00:00:00+00:00, run_after=2026-08-12 00:00:00+00:00
[2026-08-11T18:12:33.640+0000] {processor.py:208} INFO - Processing /opt/airflow/dags/flex_eau_pipeline.py took 0.309 seconds
[2026-08-11T18:13:03.959+0000] {processor.py:186} INFO - Started process (PID=2175) to work on /opt/airflow/dags/flex_eau_pipeline.py
[2026-08-11T18:13:03.962+0000] {processor.py:914} INFO - Processing file /opt/airflow/dags/flex_eau_pipeline.py for tasks to queue
[2026-08-11T18:13:03.968+0000] {logging_mixin.py:190} INFO - [2026-08-11T18:13:03.967+0000] {dagbag.py:587} INFO - Filling up the DagBag from /opt/airflow/dags/flex_eau_pipeline.py
[2026-08-11T18:13:04.052+0000] {processor.py:925} INFO - DAG(s) 'flex_eau_pipeline' retrieved from /opt/airflow/dags/flex_eau_pipeline.py
[2026-08-11T18:13:04.156+0000] {logging_mixin.py:190} INFO - [2026-08-11T18:13:04.156+0000] {dag.py:3211} INFO - Sync 1 DAGs
[2026-08-11T18:13:04.244+0000] {logging_mixin.py:190} INFO - [2026-08-11T18:13:04.243+0000] {dag.py:4138} INFO - Setting next_dagrun for flex_eau_pipeline to 2026-08-11 00:00:00+00:00, run_after=2026-08-12 00:00:00+00:00
[2026-08-11T18:13:04.309+0000] {processor.py:208} INFO - Processing /opt/airflow/dags/flex_eau_pipeline.py took 0.371 seconds
[2026-08-11T18:13:35.000+0000] {processor.py:186} INFO - Started process (PID=2330) to work on /opt/airflow/dags/flex_eau_pipeline.py
[2026-08-11T18:13:35.003+0000] {processor.py:914} INFO - Processing file /opt/airflow/dags/flex_eau_pipeline.py for tasks to queue
[2026-08-11T18:13:35.009+0000] {logging_mixin.py:190} INFO - [2026-08-11T18:13:35.009+0000] {dagbag.py:587} INFO - Filling up the DagBag from /opt/airflow/dags/flex_eau_pipeline.py
[2026-08-11T18:13:35.074+0000] {processor.py:925} INFO - DAG(s) 'flex_eau_pipeline' retrieved from /opt/airflow/dags/flex_eau_pipeline.py
[2026-08-11T18:13:35.167+0000] {logging_mixin.py:190} INFO - [2026-08-11T18:13:35.166+0000] {dag.py:3211} INFO - Sync 1 DAGs
[2026-08-11T18:13:35.245+0000] {logging_mixin.py:190} INFO - [2026-08-11T18:13:35.245+0000] {dag.py:4138} INFO - Setting next_dagrun for flex_eau_pipeline to 2026-08-11 00:00:00+00:00, run_after=2026-08-12 00:00:00+00:00
[2026-08-11T18:13:35.296+0000] {processor.py:208} INFO - Processing /opt/airflow/dags/flex_eau_pipeline.py took 0.316 seconds
[2026-08-11T18:14:06.616+0000] {processor.py:186} INFO - Started process (PID=2742) to work on /opt/airflow/dags/flex_eau_pipeline.py
[2026-08-11T18:14:06.637+0000] {processor.py:914} INFO - Processing file /opt/airflow/dags/flex_eau_pipeline.py for tasks to queue
[2026-08-11T18:14:06.651+0000] {logging_mixin.py:190} INFO - [2026-08-11T18:14:06.650+0000] {dagbag.py:587} INFO - Filling up the DagBag from /opt/airflow/dags/flex_eau_pipeline.py
[2026-08-11T18:14:06.953+0000] {processor.py:925} INFO - DAG(s) 'flex_eau_pipeline' retrieved from /opt/airflow/dags/flex_eau_pipeline.py
[2026-08-11T18:14:07.286+0000] {logging_mixin.py:190} INFO - [2026-08-11T18:14:07.274+0000] {dag.py:3211} INFO - Sync 1 DAGs
[2026-08-11T18:14:07.497+0000] {logging_mixin.py:190} INFO - [2026-08-11T18:14:07.496+0000] {dag.py:4138} INFO - Setting next_dagrun for flex_eau_pipeline to 2026-08-11 00:00:00+00:00, run_after=2026-08-12 00:00:00+00:00
[2026-08-11T18:14:07.606+0000] {processor.py:208} INFO - Processing /opt/airflow/dags/flex_eau_pipeline.py took 1.098 seconds
[2026-08-11T18:14:37.995+0000] {processor.py:186} INFO - Started process (PID=3171) to work on /opt/airflow/dags/flex_eau_pipeline.py
[2026-08-11T18:14:38.003+0000] {processor.py:914} INFO - Processing file /opt/airflow/dags/flex_eau_pipeline.py for tasks to queue
[2026-08-11T18:14:38.038+0000] {logging_mixin.py:190} INFO - [2026-08-11T18:14:38.025+0000] {dagbag.py:587} INFO - Filling up the DagBag from /opt/airflow/dags/flex_eau_pipeline.py
[2026-08-11T18:14:38.330+0000] {processor.py:925} INFO - DAG(s) 'flex_eau_pipeline' retrieved from /opt/airflow/dags/flex_eau_pipeline.py
[2026-08-11T18:14:38.473+0000] {logging_mixin.py:190} INFO - [2026-08-11T18:14:38.472+0000] {dag.py:3211} INFO - Sync 1 DAGs
[2026-08-11T18:14:38.802+0000] {logging_mixin.py:190} INFO - [2026-08-11T18:14:38.802+0000] {dag.py:4138} INFO - Setting next_dagrun for flex_eau_pipeline to 2026-08-11 00:00:00+00:00, run_after=2026-08-12 00:00:00+00:00
[2026-08-11T18:14:38.959+0000] {processor.py:208} INFO - Processing /opt/airflow/dags/flex_eau_pipeline.py took 1.010 seconds
[2026-08-11T18:15:10.093+0000] {processor.py:186} INFO - Started process (PID=3483) to work on /opt/airflow/dags/flex_eau_pipeline.py
[2026-08-11T18:15:10.098+0000] {processor.py:914} INFO - Processing file /opt/airflow/dags/flex_eau_pipeline.py for tasks to queue
[2026-08-11T18:15:10.102+0000] {logging_mixin.py:190} INFO - [2026-08-11T18:15:10.101+0000] {dagbag.py:587} INFO - Filling up the DagBag from /opt/airflow/dags/flex_eau_pipeline.py
[2026-08-11T18:15:10.169+0000] {processor.py:925} INFO - DAG(s) 'flex_eau_pipeline' retrieved from /opt/airflow/dags/flex_eau_pipeline.py
[2026-08-11T18:15:10.295+0000] {logging_mixin.py:190} INFO - [2026-08-11T18:15:10.295+0000] {dag.py:3211} INFO - Sync 1 DAGs
[2026-08-11T18:15:10.394+0000] {logging_mixin.py:190} INFO - [2026-08-11T18:15:10.393+0000] {dag.py:4138} INFO - Setting next_dagrun for flex_eau_pipeline to 2026-08-11 00:00:00+00:00, run_after=2026-08-12 00:00:00+00:00
[2026-08-11T18:15:10.508+0000] {processor.py:208} INFO - Processing /opt/airflow/dags/flex_eau_pipeline.py took 0.441 seconds
[2026-08-11T18:15:41.107+0000] {processor.py:186} INFO - Started process (PID=3941) to work on /opt/airflow/dags/flex_eau_pipeline.py
[2026-08-11T18:15:41.111+0000] {processor.py:914} INFO - Processing file /opt/airflow/dags/flex_eau_pipeline.py for tasks to queue
[2026-08-11T18:15:41.137+0000] {logging_mixin.py:190} INFO - [2026-08-11T18:15:41.136+0000] {dagbag.py:587} INFO - Filling up the DagBag from /opt/airflow/dags/flex_eau_pipeline.py
[2026-08-11T18:15:41.244+0000] {processor.py:925} INFO - DAG(s) 'flex_eau_pipeline' retrieved from /opt/airflow/dags/flex_eau_pipeline.py
[2026-08-11T18:15:41.412+0000] {logging_mixin.py:190} INFO - [2026-08-11T18:15:41.411+0000] {dag.py:3211} INFO - Sync 1 DAGs
[2026-08-11T18:15:41.560+0000] {logging_mixin.py:190} INFO - [2026-08-11T18:15:41.559+0000] {dag.py:4138} INFO - Setting next_dagrun for flex_eau_pipeline to 2026-08-11 00:00:00+00:00, run_after=2026-08-12 00:00:00+00:00
[2026-08-11T18:15:41.619+0000] {processor.py:208} INFO - Processing /opt/airflow/dags/flex_eau_pipeline.py took 0.575 seconds
[2026-08-11T18:16:12.532+0000] {processor.py:186} INFO - Started process (PID=4262) to work on /opt/airflow/dags/flex_eau_pipeline.py
[2026-08-11T18:16:12.537+0000] {processor.py:914} INFO - Processing file /opt/airflow/dags/flex_eau_pipeline.py for tasks to queue
[2026-08-11T18:16:12.548+0000] {logging_mixin.py:190} INFO - [2026-08-11T18:16:12.547+0000] {dagbag.py:587} INFO - Filling up the DagBag from /opt/airflow/dags/flex_eau_pipeline.py
[2026-08-11T18:16:12.672+0000] {processor.py:925} INFO - DAG(s) 'flex_eau_pipeline' retrieved from /opt/airflow/dags/flex_eau_pipeline.py
[2026-08-11T18:16:12.791+0000] {logging_mixin.py:190} INFO - [2026-08-11T18:16:12.788+0000] {dag.py:3211} INFO - Sync 1 DAGs
[2026-08-11T18:16:12.882+0000] {logging_mixin.py:190} INFO - [2026-08-11T18:16:12.882+0000] {dag.py:4138} INFO - Setting next_dagrun for flex_eau_pipeline to 2026-08-11 00:00:00+00:00, run_after=2026-08-12 00:00:00+00:00
[2026-08-11T18:16:13.006+0000] {processor.py:208} INFO - Processing /opt/airflow/dags/flex_eau_pipeline.py took 0.519 seconds
[2026-08-11T18:16:43.326+0000] {processor.py:186} INFO - Started process (PID=4494) to work on /opt/airflow/dags/flex_eau_pipeline.py
[2026-08-11T18:16:43.329+0000] {processor.py:914} INFO - Processing file /opt/airflow/dags/flex_eau_pipeline.py for tasks to queue
[2026-08-11T18:16:43.334+0000] {logging_mixin.py:190} INFO - [2026-08-11T18:16:43.334+0000] {dagbag.py:587} INFO - Filling up the DagBag from /opt/airflow/dags/flex_eau_pipeline.py
[2026-08-11T18:16:43.376+0000] {processor.py:925} INFO - DAG(s) 'flex_eau_pipeline' retrieved from /opt/airflow/dags/flex_eau_pipeline.py
[2026-08-11T18:16:43.482+0000] {logging_mixin.py:190} INFO - [2026-08-11T18:16:43.481+0000] {dag.py:3211} INFO - Sync 1 DAGs
[2026-08-11T18:16:43.528+0000] {logging_mixin.py:190} INFO - [2026-08-11T18:16:43.527+0000] {dag.py:4138} INFO - Setting next_dagrun for flex_eau_pipeline to 2026-08-11 00:00:00+00:00, run_after=2026-08-12 00:00:00+00:00
[2026-08-11T18:16:43.610+0000] {processor.py:208} INFO - Processing /opt/airflow/dags/flex_eau_pipeline.py took 0.304 seconds
[2026-08-11T18:17:13.792+0000] {processor.py:186} INFO - Started process (PID=4499) to work on /opt/airflow/dags/flex_eau_pipeline.py
[2026-08-11T18:17:13.795+0000] {processor.py:914} INFO - Processing file /opt/airflow/dags/flex_eau_pipeline.py for tasks to queue
[2026-08-11T18:17:13.803+0000] {logging_mixin.py:190} INFO - [2026-08-11T18:17:13.802+0000] {dagbag.py:587} INFO - Filling up the DagBag from /opt/airflow/dags/flex_eau_pipeline.py
[2026-08-11T18:17:13.919+0000] {processor.py:925} INFO - DAG(s) 'flex_eau_pipeline' retrieved from /opt/airflow/dags/flex_eau_pipeline.py
[2026-08-11T18:17:13.972+0000] {logging_mixin.py:190} INFO - [2026-08-11T18:17:13.971+0000] {dag.py:3211} INFO - Sync 1 DAGs
[2026-08-11T18:17:14.012+0000] {logging_mixin.py:190} INFO - [2026-08-11T18:17:14.012+0000] {dag.py:4138} INFO - Setting next_dagrun for flex_eau_pipeline to 2026-08-11 00:00:00+00:00, run_after=2026-08-12 00:00:00+00:00
[2026-08-11T18:17:14.042+0000] {processor.py:208} INFO - Processing /opt/airflow/dags/flex_eau_pipeline.py took 0.259 seconds
[2026-08-11T18:17:44.179+0000] {processor.py:186} INFO - Started process (PID=4504) to work on /opt/airflow/dags/flex_eau_pipeline.py
[2026-08-11T18:17:44.181+0000] {processor.py:914} INFO - Processing file /opt/airflow/dags/flex_eau_pipeline.py for tasks to queue
[2026-08-11T18:17:44.185+0000] {logging_mixin.py:190} INFO - [2026-08-11T18:17:44.184+0000] {dagbag.py:587} INFO - Filling up the DagBag from /opt/airflow/dags/flex_eau_pipeline.py
[2026-08-11T18:17:44.286+0000] {processor.py:925} INFO - DAG(s) 'flex_eau_pipeline' retrieved from /opt/airflow/dags/flex_eau_pipeline.py
[2026-08-11T18:17:44.425+0000] {logging_mixin.py:190} INFO - [2026-08-11T18:17:44.424+0000] {dag.py:3211} INFO - Sync 1 DAGs
[2026-08-11T18:17:44.539+0000] {logging_mixin.py:190} INFO - [2026-08-11T18:17:44.538+0000] {dag.py:4138} INFO - Setting next_dagrun for flex_eau_pipeline to 2026-08-11 00:00:00+00:00, run_after=2026-08-12 00:00:00+00:00
[2026-08-11T18:17:44.587+0000] {processor.py:208} INFO - Processing /opt/airflow/dags/flex_eau_pipeline.py took 0.419 seconds
[2026-08-11T18:18:14.721+0000] {processor.py:186} INFO - Started process (PID=4509) to work on /opt/airflow/dags/flex_eau_pipeline.py
[2026-08-11T18:18:14.724+0000] {processor.py:914} INFO - Processing file /opt/airflow/dags/flex_eau_pipeline.py for tasks to queue
[2026-08-11T18:18:14.730+0000] {logging_mixin.py:190} INFO - [2026-08-11T18:18:14.729+0000] {dagbag.py:587} INFO - Filling up the DagBag from /opt/airflow/dags/flex_eau_pipeline.py
[2026-08-11T18:18:14.793+0000] {processor.py:925} INFO - DAG(s) 'flex_eau_pipeline' retrieved from /opt/airflow/dags/flex_eau_pipeline.py
[2026-08-11T18:18:14.874+0000] {logging_mixin.py:190} INFO - [2026-08-11T18:18:14.874+0000] {dag.py:3211} INFO - Sync 1 DAGs
[2026-08-11T18:18:14.911+0000] {logging_mixin.py:190} INFO - [2026-08-11T18:18:14.911+0000] {dag.py:4138} INFO - Setting next_dagrun for flex_eau_pipeline to 2026-08-11 00:00:00+00:00, run_after=2026-08-12 00:00:00+00:00
[2026-08-11T18:18:14.942+0000] {processor.py:208} INFO - Processing /opt/airflow/dags/flex_eau_pipeline.py took 0.246 seconds
[2026-08-11T18:18:45.665+0000] {processor.py:186} INFO - Started process (PID=4514) to work on /opt/airflow/dags/flex_eau_pipeline.py
[2026-08-11T18:18:45.667+0000] {processor.py:914} INFO - Processing file /opt/airflow/dags/flex_eau_pipeline.py for tasks to queue
[2026-08-11T18:18:45.670+0000] {logging_mixin.py:190} INFO - [2026-08-11T18:18:45.670+0000] {dagbag.py:587} INFO - Filling up the DagBag from /opt/airflow/dags/flex_eau_pipeline.py
[2026-08-11T18:18:45.704+0000] {processor.py:925} INFO - DAG(s) 'flex_eau_pipeline' retrieved from /opt/airflow/dags/flex_eau_pipeline.py
[2026-08-11T18:18:45.750+0000] {logging_mixin.py:190} INFO - [2026-08-11T18:18:45.750+0000] {dag.py:3211} INFO - Sync 1 DAGs
[2026-08-11T18:18:45.789+0000] {logging_mixin.py:190} INFO - [2026-08-11T18:18:45.788+0000] {dag.py:4138} INFO - Setting next_dagrun for flex_eau_pipeline to 2026-08-11 00:00:00+00:00, run_after=2026-08-12 00:00:00+00:00
[2026-08-11T18:18:45.830+0000] {processor.py:208} INFO - Processing /opt/airflow/dags/flex_eau_pipeline.py took 0.175 seconds
[2026-08-11T18:19:16.750+0000] {processor.py:186} INFO - Started process (PID=4519) to work on /opt/airflow/dags/flex_eau_pipeline.py
[2026-08-11T18:19:16.751+0000] {processor.py:914} INFO - Processing file /opt/airflow/dags/flex_eau_pipeline.py for tasks to queue
[2026-08-11T18:19:16.755+0000] {logging_mixin.py:190} INFO - [2026-08-11T18:19:16.755+0000] {dagbag.py:587} INFO - Filling up the DagBag from /opt/airflow/dags/flex_eau_pipeline.py
[2026-08-11T18:19:16.802+0000] {processor.py:925} INFO - DAG(s) 'flex_eau_pipeline' retrieved from /opt/airflow/dags/flex_eau_pipeline.py
[2026-08-11T18:19:16.873+0000] {logging_mixin.py:190} INFO - [2026-08-11T18:19:16.873+0000] {dag.py:3211} INFO - Sync 1 DAGs
[2026-08-11T18:19:16.946+0000] {logging_mixin.py:190} INFO - [2026-08-11T18:19:16.945+0000] {dag.py:4138} INFO - Setting next_dagrun for flex_eau_pipeline to 2026-08-11 00:00:00+00:00, run_after=2026-08-12 00:00:00+00:00
[2026-08-11T18:19:16.975+0000] {processor.py:208} INFO - Processing /opt/airflow/dags/flex_eau_pipeline.py took 0.236 seconds
[2026-08-11T18:19:47.463+0000] {processor.py:186} INFO - Started process (PID=4524) to work on /opt/airflow/dags/flex_eau_pipeline.py
[2026-08-11T18:19:47.466+0000] {processor.py:914} INFO - Processing file /opt/airflow/dags/flex_eau_pipeline.py for tasks to queue
[2026-08-11T18:19:47.474+0000] {logging_mixin.py:190} INFO - [2026-08-11T18:19:47.474+0000] {dagbag.py:587} INFO - Filling up the DagBag from /opt/airflow/dags/flex_eau_pipeline.py
[2026-08-11T18:19:47.543+0000] {processor.py:925} INFO - DAG(s) 'flex_eau_pipeline' retrieved from /opt/airflow/dags/flex_eau_pipeline.py
[2026-08-11T18:19:47.623+0000] {logging_mixin.py:190} INFO - [2026-08-11T18:19:47.622+0000] {dag.py:3211} INFO - Sync 1 DAGs
[2026-08-11T18:19:47.681+0000] {logging_mixin.py:190} INFO - [2026-08-11T18:19:47.681+0000] {dag.py:4138} INFO - Setting next_dagrun for flex_eau_pipeline to 2026-08-11 00:00:00+00:00, run_after=2026-08-12 00:00:00+00:00
[2026-08-11T18:19:47.740+0000] {processor.py:208} INFO - Processing /opt/airflow/dags/flex_eau_pipeline.py took 0.287 seconds
[2026-08-11T18:20:18.026+0000] {processor.py:186} INFO - Started process (PID=4529) to work on /opt/airflow/dags/flex_eau_pipeline.py
[2026-08-11T18:20:18.028+0000] {processor.py:914} INFO - Processing file /opt/airflow/dags/flex_eau_pipeline.py for tasks to queue
[2026-08-11T18:20:18.032+0000] {logging_mixin.py:190} INFO - [2026-08-11T18:20:18.032+0000] {dagbag.py:587} INFO - Filling up the DagBag from /opt/airflow/dags/flex_eau_pipeline.py
[2026-08-11T18:20:18.098+0000] {processor.py:925} INFO - DAG(s) 'flex_eau_pipeline' retrieved from /opt/airflow/dags/flex_eau_pipeline.py
[2026-08-11T18:20:18.182+0000] {logging_mixin.py:190} INFO - [2026-08-11T18:20:18.181+0000] {dag.py:3211} INFO - Sync 1 DAGs
[2026-08-11T18:20:18.226+0000] {logging_mixin.py:190} INFO - [2026-08-11T18:20:18.226+0000] {dag.py:4138} INFO - Setting next_dagrun for flex_eau_pipeline to 2026-08-11 00:00:00+00:00, run_after=2026-08-12 00:00:00+00:00
[2026-08-11T18:20:18.261+0000] {processor.py:208} INFO - Processing /opt/airflow/dags/flex_eau_pipeline.py took 0.247 seconds
[2026-08-11T18:20:48.926+0000] {processor.py:186} INFO - Started process (PID=4534) to work on /opt/airflow/dags/flex_eau_pipeline.py
[2026-08-11T18:20:48.928+0000] {processor.py:914} INFO - Processing file /opt/airflow/dags/flex_eau_pipeline.py for tasks to queue
[2026-08-11T18:20:48.933+0000] {logging_mixin.py:190} INFO - [2026-08-11T18:20:48.932+0000] {dagbag.py:587} INFO - Filling up the DagBag from /opt/airflow/dags/flex_eau_pipeline.py
[2026-08-11T18:20:48.975+0000] {processor.py:925} INFO - DAG(s) 'flex_eau_pipeline' retrieved from /opt/airflow/dags/flex_eau_pipeline.py
[2026-08-11T18:20:49.022+0000] {logging_mixin.py:190} INFO - [2026-08-11T18:20:49.022+0000] {dag.py:3211} INFO - Sync 1 DAGs
[2026-08-11T18:20:49.055+0000] {logging_mixin.py:190} INFO - [2026-08-11T18:20:49.055+0000] {dag.py:4138} INFO - Setting next_dagrun for flex_eau_pipeline to 2026-08-11 00:00:00+00:00, run_after=2026-08-12 00:00:00+00:00
[2026-08-11T18:20:49.120+0000] {processor.py:208} INFO - Processing /opt/airflow/dags/flex_eau_pipeline.py took 0.209 seconds
[2026-08-11T18:21:19.323+0000] {processor.py:186} INFO - Started process (PID=4539) to work on /opt/airflow/dags/flex_eau_pipeline.py
[2026-08-11T18:21:19.325+0000] {processor.py:914} INFO - Processing file /opt/airflow/dags/flex_eau_pipeline.py for tasks to queue
[2026-08-11T18:21:19.329+0000] {logging_mixin.py:190} INFO - [2026-08-11T18:21:19.329+0000] {dagbag.py:587} INFO - Filling up the DagBag from /opt/airflow/dags/flex_eau_pipeline.py
[2026-08-11T18:21:19.411+0000] {processor.py:925} INFO - DAG(s) 'flex_eau_pipeline' retrieved from /opt/airflow/dags/flex_eau_pipeline.py
[2026-08-11T18:21:19.495+0000] {logging_mixin.py:190} INFO - [2026-08-11T18:21:19.494+0000] {dag.py:3211} INFO - Sync 1 DAGs
[2026-08-11T18:21:19.537+0000] {logging_mixin.py:190} INFO - [2026-08-11T18:21:19.537+0000] {dag.py:4138} INFO - Setting next_dagrun for flex_eau_pipeline to 2026-08-11 00:00:00+00:00, run_after=2026-08-12 00:00:00+00:00
[2026-08-11T18:21:19.562+0000] {processor.py:208} INFO - Processing /opt/airflow/dags/flex_eau_pipeline.py took 0.250 seconds
[2026-08-11T18:21:51.719+0000] {processor.py:186} INFO - Started process (PID=4544) to work on /opt/airflow/dags/flex_eau_pipeline.py
[2026-08-11T18:21:51.776+0000] {processor.py:914} INFO - Processing file /opt/airflow/dags/flex_eau_pipeline.py for tasks to queue
[2026-08-11T18:21:51.916+0000] {logging_mixin.py:190} INFO - [2026-08-11T18:21:51.902+0000] {dagbag.py:587} INFO - Filling up the DagBag from /opt/airflow/dags/flex_eau_pipeline.py
[2026-08-11T18:21:53.818+0000] {processor.py:925} INFO - DAG(s) 'flex_eau_pipeline' retrieved from /opt/airflow/dags/flex_eau_pipeline.py
[2026-08-11T18:21:55.385+0000] {logging_mixin.py:190} INFO - [2026-08-11T18:21:55.382+0000] {dag.py:3211} INFO - Sync 1 DAGs
[2026-08-11T18:21:59.253+0000] {logging_mixin.py:190} INFO - [2026-08-11T18:21:59.244+0000] {dag.py:4138} INFO - Setting next_dagrun for flex_eau_pipeline to 2026-08-11 00:00:00+00:00, run_after=2026-08-12 00:00:00+00:00
[2026-08-11T18:22:00.058+0000] {processor.py:208} INFO - Processing /opt/airflow/dags/flex_eau_pipeline.py took 5.965 seconds
[2026-08-11T18:22:32.903+0000] {processor.py:186} INFO - Started process (PID=4549) to work on /opt/airflow/dags/flex_eau_pipeline.py
[2026-08-11T18:22:32.956+0000] {processor.py:914} INFO - Processing file /opt/airflow/dags/flex_eau_pipeline.py for tasks to queue
[2026-08-11T18:22:33.079+0000] {logging_mixin.py:190} INFO - [2026-08-11T18:22:33.065+0000] {dagbag.py:587} INFO - Filling up the DagBag from /opt/airflow/dags/flex_eau_pipeline.py
[2026-08-11T18:22:34.765+0000] {processor.py:925} INFO - DAG(s) 'flex_eau_pipeline' retrieved from /opt/airflow/dags/flex_eau_pipeline.py
[2026-08-11T18:22:38.727+0000] {logging_mixin.py:190} INFO - [2026-08-11T18:22:38.724+0000] {dag.py:3211} INFO - Sync 1 DAGs
[2026-08-11T18:22:40.700+0000] {logging_mixin.py:190} INFO - [2026-08-11T18:22:40.686+0000] {dag.py:4138} INFO - Setting next_dagrun for flex_eau_pipeline to 2026-08-11 00:00:00+00:00, run_after=2026-08-12 00:00:00+00:00
[2026-08-11T18:22:42.431+0000] {processor.py:208} INFO - Processing /opt/airflow/dags/flex_eau_pipeline.py took 9.954 seconds
[2026-08-11T18:23:26.241+0000] {processor.py:186} INFO - Started process (PID=4554) to work on /opt/airflow/dags/flex_eau_pipeline.py
[2026-08-11T18:23:26.286+0000] {processor.py:914} INFO - Processing file /opt/airflow/dags/flex_eau_pipeline.py for tasks to queue
[2026-08-11T18:23:26.409+0000] {logging_mixin.py:190} INFO - [2026-08-11T18:23:26.390+0000] {dagbag.py:587} INFO - Filling up the DagBag from /opt/airflow/dags/flex_eau_pipeline.py
[2026-08-11T18:23:27.676+0000] {processor.py:925} INFO - DAG(s) 'flex_eau_pipeline' retrieved from /opt/airflow/dags/flex_eau_pipeline.py
[2026-08-11T18:23:29.435+0000] {logging_mixin.py:190} INFO - [2026-08-11T18:23:29.431+0000] {dag.py:3211} INFO - Sync 1 DAGs
[2026-08-11T18:23:31.492+0000] {logging_mixin.py:190} INFO - [2026-08-11T18:23:31.489+0000] {dag.py:4138} INFO - Setting next_dagrun for flex_eau_pipeline to 2026-08-11 00:00:00+00:00, run_after=2026-08-12 00:00:00+00:00
[2026-08-11T18:23:33.811+0000] {processor.py:208} INFO - Processing /opt/airflow/dags/flex_eau_pipeline.py took 7.902 seconds
[2026-08-11T18:24:07.577+0000] {processor.py:186} INFO - Started process (PID=4559) to work on /opt/airflow/dags/flex_eau_pipeline.py
[2026-08-11T18:24:07.633+0000] {processor.py:914} INFO - Processing file /opt/airflow/dags/flex_eau_pipeline.py for tasks to queue
[2026-08-11T18:24:07.780+0000] {logging_mixin.py:190} INFO - [2026-08-11T18:24:07.766+0000] {dagbag.py:587} INFO - Filling up the DagBag from /opt/airflow/dags/flex_eau_pipeline.py
[2026-08-11T18:24:10.061+0000] {processor.py:925} INFO - DAG(s) 'flex_eau_pipeline' retrieved from /opt/airflow/dags/flex_eau_pipeline.py
[2026-08-11T18:24:26.860+0000] {logging_mixin.py:190} INFO - [2026-08-11T18:24:26.856+0000] {dag.py:3211} INFO - Sync 1 DAGs
[2026-08-11T18:24:32.425+0000] {logging_mixin.py:190} INFO - [2026-08-11T18:24:32.422+0000] {dag.py:4138} INFO - Setting next_dagrun for flex_eau_pipeline to 2026-08-11 00:00:00+00:00, run_after=2026-08-12 00:00:00+00:00
[2026-08-11T18:24:33.849+0000] {processor.py:208} INFO - Processing /opt/airflow/dags/flex_eau_pipeline.py took 23.277 seconds
[2026-08-11T18:25:07.994+0000] {processor.py:186} INFO - Started process (PID=4564) to work on /opt/airflow/dags/flex_eau_pipeline.py
[2026-08-11T18:25:08.039+0000] {processor.py:914} INFO - Processing file /opt/airflow/dags/flex_eau_pipeline.py for tasks to queue
[2026-08-11T18:25:08.158+0000] {logging_mixin.py:190} INFO - [2026-08-11T18:25:08.132+0000] {dagbag.py:587} INFO - Filling up the DagBag from /opt/airflow/dags/flex_eau_pipeline.py
[2026-08-11T18:25:10.132+0000] {processor.py:925} INFO - DAG(s) 'flex_eau_pipeline' retrieved from /opt/airflow/dags/flex_eau_pipeline.py
[2026-08-11T18:25:12.205+0000] {logging_mixin.py:190} INFO - [2026-08-11T18:25:12.193+0000] {dag.py:3211} INFO - Sync 1 DAGs
[2026-08-11T18:25:14.112+0000] {logging_mixin.py:190} INFO - [2026-08-11T18:25:14.098+0000] {dag.py:4138} INFO - Setting next_dagrun for flex_eau_pipeline to 2026-08-11 00:00:00+00:00, run_after=2026-08-12 00:00:00+00:00
[2026-08-11T18:25:15.005+0000] {processor.py:208} INFO - Processing /opt/airflow/dags/flex_eau_pipeline.py took 7.385 seconds
[2026-08-11T18:25:47.677+0000] {processor.py:186} INFO - Started process (PID=4569) to work on /opt/airflow/dags/flex_eau_pipeline.py
[2026-08-11T18:25:47.716+0000] {processor.py:914} INFO - Processing file /opt/airflow/dags/flex_eau_pipeline.py for tasks to queue
[2026-08-11T18:25:47.857+0000] {logging_mixin.py:190} INFO - [2026-08-11T18:25:47.840+0000] {dagbag.py:587} INFO - Filling up the DagBag from /opt/airflow/dags/flex_eau_pipeline.py
[2026-08-11T18:25:49.318+0000] {processor.py:925} INFO - DAG(s) 'flex_eau_pipeline' retrieved from /opt/airflow/dags/flex_eau_pipeline.py
[2026-08-11T18:25:52.119+0000] {logging_mixin.py:190} INFO - [2026-08-11T18:25:52.115+0000] {dag.py:3211} INFO - Sync 1 DAGs
[2026-08-11T18:25:53.768+0000] {logging_mixin.py:190} INFO - [2026-08-11T18:25:53.765+0000] {dag.py:4138} INFO - Setting next_dagrun for flex_eau_pipeline to 2026-08-11 00:00:00+00:00, run_after=2026-08-12 00:00:00+00:00
[2026-08-11T18:25:55.254+0000] {processor.py:208} INFO - Processing /opt/airflow/dags/flex_eau_pipeline.py took 8.023 seconds
[2026-08-11T18:26:41.855+0000] {processor.py:186} INFO - Started process (PID=4574) to work on /opt/airflow/dags/flex_eau_pipeline.py
[2026-08-11T18:26:41.897+0000] {processor.py:914} INFO - Processing file /opt/airflow/dags/flex_eau_pipeline.py for tasks to queue
[2026-08-11T18:26:42.035+0000] {logging_mixin.py:190} INFO - [2026-08-11T18:26:42.007+0000] {dagbag.py:587} INFO - Filling up the DagBag from /opt/airflow/dags/flex_eau_pipeline.py
[2026-08-11T18:26:43.059+0000] {processor.py:925} INFO - DAG(s) 'flex_eau_pipeline' retrieved from /opt/airflow/dags/flex_eau_pipeline.py
[2026-08-11T18:26:44.943+0000] {logging_mixin.py:190} INFO - [2026-08-11T18:26:44.941+0000] {dag.py:3211} INFO - Sync 1 DAGs
[2026-08-11T18:26:46.415+0000] {logging_mixin.py:190} INFO - [2026-08-11T18:26:46.399+0000] {dag.py:4138} INFO - Setting next_dagrun for flex_eau_pipeline to 2026-08-11 00:00:00+00:00, run_after=2026-08-12 00:00:00+00:00
[2026-08-11T18:26:47.311+0000] {processor.py:208} INFO - Processing /opt/airflow/dags/flex_eau_pipeline.py took 5.763 seconds
[2026-08-11T18:27:31.934+0000] {processor.py:186} INFO - Started process (PID=4579) to work on /opt/airflow/dags/flex_eau_pipeline.py
[2026-08-11T18:27:31.983+0000] {processor.py:914} INFO - Processing file /opt/airflow/dags/flex_eau_pipeline.py for tasks to queue
[2026-08-11T18:27:32.115+0000] {logging_mixin.py:190} INFO - [2026-08-11T18:27:32.101+0000] {dagbag.py:587} INFO - Filling up the DagBag from /opt/airflow/dags/flex_eau_pipeline.py
[2026-08-11T18:27:33.413+0000] {processor.py:925} INFO - DAG(s) 'flex_eau_pipeline' retrieved from /opt/airflow/dags/flex_eau_pipeline.py
[2026-08-11T18:27:35.354+0000] {logging_mixin.py:190} INFO - [2026-08-11T18:27:35.350+0000] {dag.py:3211} INFO - Sync 1 DAGs
[2026-08-11T18:27:36.793+0000] {logging_mixin.py:190} INFO - [2026-08-11T18:27:36.790+0000] {dag.py:4138} INFO - Setting next_dagrun for flex_eau_pipeline to 2026-08-11 00:00:00+00:00, run_after=2026-08-12 00:00:00+00:00
[2026-08-11T18:27:38.063+0000] {processor.py:208} INFO - Processing /opt/airflow/dags/flex_eau_pipeline.py took 6.530 seconds
[2026-08-11T18:28:12.167+0000] {processor.py:186} INFO - Started process (PID=4584) to work on /opt/airflow/dags/flex_eau_pipeline.py
[2026-08-11T18:28:12.214+0000] {processor.py:914} INFO - Processing file /opt/airflow/dags/flex_eau_pipeline.py for tasks to queue
[2026-08-11T18:28:12.340+0000] {logging_mixin.py:190} INFO - [2026-08-11T18:28:12.324+0000] {dagbag.py:587} INFO - Filling up the DagBag from /opt/airflow/dags/flex_eau_pipeline.py
[2026-08-11T18:28:13.575+0000] {processor.py:925} INFO - DAG(s) 'flex_eau_pipeline' retrieved from /opt/airflow/dags/flex_eau_pipeline.py
[2026-08-11T18:28:15.259+0000] {logging_mixin.py:190} INFO - [2026-08-11T18:28:15.244+0000] {dag.py:3211} INFO - Sync 1 DAGs
[2026-08-11T18:28:16.820+0000] {logging_mixin.py:190} INFO - [2026-08-11T18:28:16.803+0000] {dag.py:4138} INFO - Setting next_dagrun for flex_eau_pipeline to 2026-08-11 00:00:00+00:00, run_after=2026-08-12 00:00:00+00:00
[2026-08-11T18:28:17.746+0000] {processor.py:208} INFO - Processing /opt/airflow/dags/flex_eau_pipeline.py took 5.978 seconds
[2026-08-11T18:28:49.639+0000] {processor.py:186} INFO - Started process (PID=4589) to work on /opt/airflow/dags/flex_eau_pipeline.py
[2026-08-11T18:28:49.675+0000] {processor.py:914} INFO - Processing file /opt/airflow/dags/flex_eau_pipeline.py for tasks to queue
[2026-08-11T18:28:49.762+0000] {logging_mixin.py:190} INFO - [2026-08-11T18:28:49.757+0000] {dagbag.py:587} INFO - Filling up the DagBag from /opt/airflow/dags/flex_eau_pipeline.py
[2026-08-11T18:28:51.433+0000] {processor.py:925} INFO - DAG(s) 'flex_eau_pipeline' retrieved from /opt/airflow/dags/flex_eau_pipeline.py
[2026-08-11T18:28:53.459+0000] {logging_mixin.py:190} INFO - [2026-08-11T18:28:53.445+0000] {dag.py:3211} INFO - Sync 1 DAGs
[2026-08-11T18:28:55.027+0000] {logging_mixin.py:190} INFO - [2026-08-11T18:28:55.024+0000] {dag.py:4138} INFO - Setting next_dagrun for flex_eau_pipeline to 2026-08-11 00:00:00+00:00, run_after=2026-08-12 00:00:00+00:00
[2026-08-11T18:28:55.891+0000] {processor.py:208} INFO - Processing /opt/airflow/dags/flex_eau_pipeline.py took 6.537 seconds
[2026-08-11T18:29:44.940+0000] {processor.py:186} INFO - Started process (PID=4594) to work on /opt/airflow/dags/flex_eau_pipeline.py
[2026-08-11T18:29:44.984+0000] {processor.py:914} INFO - Processing file /opt/airflow/dags/flex_eau_pipeline.py for tasks to queue
[2026-08-11T18:29:45.104+0000] {logging_mixin.py:190} INFO - [2026-08-11T18:29:45.100+0000] {dagbag.py:587} INFO - Filling up the DagBag from /opt/airflow/dags/flex_eau_pipeline.py
[2026-08-11T18:29:47.136+0000] {processor.py:925} INFO - DAG(s) 'flex_eau_pipeline' retrieved from /opt/airflow/dags/flex_eau_pipeline.py
[2026-08-11T18:29:50.082+0000] {logging_mixin.py:190} INFO - [2026-08-11T18:29:50.068+0000] {dag.py:3211} INFO - Sync 1 DAGs
[2026-08-11T18:29:55.955+0000] {logging_mixin.py:190} INFO - [2026-08-11T18:29:55.941+0000] {dag.py:4138} INFO - Setting next_dagrun for flex_eau_pipeline to 2026-08-11 00:00:00+00:00, run_after=2026-08-12 00:00:00+00:00
[2026-08-11T18:29:56.961+0000] {processor.py:208} INFO - Processing /opt/airflow/dags/flex_eau_pipeline.py took 12.449 seconds
[2026-08-11T18:30:29.227+0000] {processor.py:186} INFO - Started process (PID=4599) to work on /opt/airflow/dags/flex_eau_pipeline.py
[2026-08-11T18:30:29.275+0000] {processor.py:914} INFO - Processing file /opt/airflow/dags/flex_eau_pipeline.py for tasks to queue
[2026-08-11T18:30:29.361+0000] {logging_mixin.py:190} INFO - [2026-08-11T18:30:29.357+0000] {dagbag.py:587} INFO - Filling up the DagBag from /opt/airflow/dags/flex_eau_pipeline.py
[2026-08-11T18:30:30.654+0000] {processor.py:925} INFO - DAG(s) 'flex_eau_pipeline' retrieved from /opt/airflow/dags/flex_eau_pipeline.py
[2026-08-11T18:30:32.936+0000] {logging_mixin.py:190} INFO - [2026-08-11T18:30:32.922+0000] {dag.py:3211} INFO - Sync 1 DAGs
[2026-08-11T18:30:34.593+0000] {logging_mixin.py:190} INFO - [2026-08-11T18:30:34.577+0000] {dag.py:4138} INFO - Setting next_dagrun for flex_eau_pipeline to 2026-08-11 00:00:00+00:00, run_after=2026-08-12 00:00:00+00:00
[2026-08-11T18:30:35.422+0000] {processor.py:208} INFO - Processing /opt/airflow/dags/flex_eau_pipeline.py took 6.611 seconds
[2026-08-11T18:31:07.137+0000] {processor.py:186} INFO - Started process (PID=4604) to work on /opt/airflow/dags/flex_eau_pipeline.py
[2026-08-11T18:31:07.187+0000] {processor.py:914} INFO - Processing file /opt/airflow/dags/flex_eau_pipeline.py for tasks to queue
[2026-08-11T18:31:07.352+0000] {logging_mixin.py:190} INFO - [2026-08-11T18:31:07.335+0000] {dagbag.py:587} INFO - Filling up the DagBag from /opt/airflow/dags/flex_eau_pipeline.py
[2026-08-11T18:31:08.945+0000] {processor.py:925} INFO - DAG(s) 'flex_eau_pipeline' retrieved from /opt/airflow/dags/flex_eau_pipeline.py
[2026-08-11T18:31:11.304+0000] {logging_mixin.py:190} INFO - [2026-08-11T18:31:11.292+0000] {dag.py:3211} INFO - Sync 1 DAGs
[2026-08-11T18:31:12.986+0000] {logging_mixin.py:190} INFO - [2026-08-11T18:31:12.970+0000] {dag.py:4138} INFO - Setting next_dagrun for flex_eau_pipeline to 2026-08-11 00:00:00+00:00, run_after=2026-08-12 00:00:00+00:00
[2026-08-11T18:31:14.305+0000] {processor.py:208} INFO - Processing /opt/airflow/dags/flex_eau_pipeline.py took 7.627 seconds
[2026-08-11T18:31:46.520+0000] {processor.py:186} INFO - Started process (PID=4609) to work on /opt/airflow/dags/flex_eau_pipeline.py
[2026-08-11T18:31:46.538+0000] {processor.py:914} INFO - Processing file /opt/airflow/dags/flex_eau_pipeline.py for tasks to queue
[2026-08-11T18:31:46.650+0000] {logging_mixin.py:190} INFO - [2026-08-11T18:31:46.637+0000] {dagbag.py:587} INFO - Filling up the DagBag from /opt/airflow/dags/flex_eau_pipeline.py
[2026-08-11T18:31:47.865+0000] {processor.py:925} INFO - DAG(s) 'flex_eau_pipeline' retrieved from /opt/airflow/dags/flex_eau_pipeline.py
[2026-08-11T18:31:49.814+0000] {logging_mixin.py:190} INFO - [2026-08-11T18:31:49.811+0000] {dag.py:3211} INFO - Sync 1 DAGs
[2026-08-11T18:31:51.653+0000] {logging_mixin.py:190} INFO - [2026-08-11T18:31:51.637+0000] {dag.py:4138} INFO - Setting next_dagrun for flex_eau_pipeline to 2026-08-11 00:00:00+00:00, run_after=2026-08-12 00:00:00+00:00
[2026-08-11T18:31:52.625+0000] {processor.py:208} INFO - Processing /opt/airflow/dags/flex_eau_pipeline.py took 6.321 seconds
[2026-08-11T18:32:24.530+0000] {processor.py:186} INFO - Started process (PID=4614) to work on /opt/airflow/dags/flex_eau_pipeline.py
[2026-08-11T18:32:24.571+0000] {processor.py:914} INFO - Processing file /opt/airflow/dags/flex_eau_pipeline.py for tasks to queue
[2026-08-11T18:32:24.701+0000] {logging_mixin.py:190} INFO - [2026-08-11T18:32:24.684+0000] {dagbag.py:587} INFO - Filling up the DagBag from /opt/airflow/dags/flex_eau_pipeline.py
[2026-08-11T18:32:25.763+0000] {processor.py:925} INFO - DAG(s) 'flex_eau_pipeline' retrieved from /opt/airflow/dags/flex_eau_pipeline.py
[2026-08-11T18:32:27.829+0000] {logging_mixin.py:190} INFO - [2026-08-11T18:32:27.813+0000] {dag.py:3211} INFO - Sync 1 DAGs
[2026-08-11T18:32:29.894+0000] {logging_mixin.py:190} INFO - [2026-08-11T18:32:29.878+0000] {dag.py:4138} INFO - Setting next_dagrun for flex_eau_pipeline to 2026-08-11 00:00:00+00:00, run_after=2026-08-12 00:00:00+00:00
[2026-08-11T18:32:31.049+0000] {processor.py:208} INFO - Processing /opt/airflow/dags/flex_eau_pipeline.py took 6.855 seconds
[2026-08-11T18:33:03.129+0000] {processor.py:186} INFO - Started process (PID=4619) to work on /opt/airflow/dags/flex_eau_pipeline.py
[2026-08-11T18:33:03.164+0000] {processor.py:914} INFO - Processing file /opt/airflow/dags/flex_eau_pipeline.py for tasks to queue
[2026-08-11T18:33:03.293+0000] {logging_mixin.py:190} INFO - [2026-08-11T18:33:03.276+0000] {dagbag.py:587} INFO - Filling up the DagBag from /opt/airflow/dags/flex_eau_pipeline.py
[2026-08-11T18:33:04.674+0000] {processor.py:925} INFO - DAG(s) 'flex_eau_pipeline' retrieved from /opt/airflow/dags/flex_eau_pipeline.py
[2026-08-11T18:33:06.668+0000] {logging_mixin.py:190} INFO - [2026-08-11T18:33:06.661+0000] {dag.py:3211} INFO - Sync 1 DAGs
[2026-08-11T18:33:08.734+0000] {logging_mixin.py:190} INFO - [2026-08-11T18:33:08.702+0000] {dag.py:4138} INFO - Setting next_dagrun for flex_eau_pipeline to 2026-08-11 00:00:00+00:00, run_after=2026-08-12 00:00:00+00:00
[2026-08-11T18:33:09.725+0000] {processor.py:208} INFO - Processing /opt/airflow/dags/flex_eau_pipeline.py took 6.923 seconds
[2026-08-11T18:33:41.918+0000] {processor.py:186} INFO - Started process (PID=4624) to work on /opt/airflow/dags/flex_eau_pipeline.py
[2026-08-11T18:33:41.959+0000] {processor.py:914} INFO - Processing file /opt/airflow/dags/flex_eau_pipeline.py for tasks to queue
[2026-08-11T18:33:42.089+0000] {logging_mixin.py:190} INFO - [2026-08-11T18:33:42.073+0000] {dagbag.py:587} INFO - Filling up the DagBag from /opt/airflow/dags/flex_eau_pipeline.py
[2026-08-11T18:33:43.380+0000] {processor.py:925} INFO - DAG(s) 'flex_eau_pipeline' retrieved from /opt/airflow/dags/flex_eau_pipeline.py
[2026-08-11T18:33:45.649+0000] {logging_mixin.py:190} INFO - [2026-08-11T18:33:45.634+0000] {dag.py:3211} INFO - Sync 1 DAGs
[2026-08-11T18:33:47.499+0000] {logging_mixin.py:190} INFO - [2026-08-11T18:33:47.485+0000] {dag.py:4138} INFO - Setting next_dagrun for flex_eau_pipeline to 2026-08-11 00:00:00+00:00, run_after=2026-08-12 00:00:00+00:00
[2026-08-11T18:33:48.333+0000] {processor.py:208} INFO - Processing /opt/airflow/dags/flex_eau_pipeline.py took 6.860 seconds
[2026-08-11T18:34:20.964+0000] {processor.py:186} INFO - Started process (PID=4629) to work on /opt/airflow/dags/flex_eau_pipeline.py
[2026-08-11T18:34:21.000+0000] {processor.py:914} INFO - Processing file /opt/airflow/dags/flex_eau_pipeline.py for tasks to queue
[2026-08-11T18:34:21.130+0000] {logging_mixin.py:190} INFO - [2026-08-11T18:34:21.124+0000] {dagbag.py:587} INFO - Filling up the DagBag from /opt/airflow/dags/flex_eau_pipeline.py
[2026-08-11T18:34:22.409+0000] {processor.py:925} INFO - DAG(s) 'flex_eau_pipeline' retrieved from /opt/airflow/dags/flex_eau_pipeline.py
[2026-08-11T18:34:24.949+0000] {logging_mixin.py:190} INFO - [2026-08-11T18:34:24.945+0000] {dag.py:3211} INFO - Sync 1 DAGs
[2026-08-11T18:34:27.057+0000] {logging_mixin.py:190} INFO - [2026-08-11T18:34:27.041+0000] {dag.py:4138} INFO - Setting next_dagrun for flex_eau_pipeline to 2026-08-11 00:00:00+00:00, run_after=2026-08-12 00:00:00+00:00
[2026-08-11T18:34:28.241+0000] {processor.py:208} INFO - Processing /opt/airflow/dags/flex_eau_pipeline.py took 7.775 seconds
[2026-08-11T18:35:18.947+0000] {processor.py:186} INFO - Started process (PID=4634) to work on /opt/airflow/dags/flex_eau_pipeline.py
[2026-08-11T18:35:18.960+0000] {processor.py:914} INFO - Processing file /opt/airflow/dags/flex_eau_pipeline.py for tasks to queue
[2026-08-11T18:35:18.971+0000] {logging_mixin.py:190} INFO - [2026-08-11T18:35:18.970+0000] {dagbag.py:587} INFO - Filling up the DagBag from /opt/airflow/dags/flex_eau_pipeline.py
[2026-08-11T18:35:19.210+0000] {processor.py:925} INFO - DAG(s) 'flex_eau_pipeline' retrieved from /opt/airflow/dags/flex_eau_pipeline.py
[2026-08-11T18:35:24.783+0000] {logging_mixin.py:190} INFO - [2026-08-11T18:35:24.780+0000] {dag.py:3211} INFO - Sync 1 DAGs
[2026-08-11T18:35:52.447+0000] {logging_mixin.py:190} INFO - [2026-08-11T18:35:52.431+0000] {dag.py:4138} INFO - Setting next_dagrun for flex_eau_pipeline to 2026-08-11 00:00:00+00:00, run_after=2026-08-12 00:00:00+00:00
[2026-08-11T18:35:55.384+0000] {processor.py:208} INFO - Processing /opt/airflow/dags/flex_eau_pipeline.py took 37.091 seconds
[2026-08-11T18:40:49.372+0000] {processor.py:186} INFO - Started process (PID=4642) to work on /opt/airflow/dags/flex_eau_pipeline.py
[2026-08-11T18:40:51.420+0000] {processor.py:914} INFO - Processing file /opt/airflow/dags/flex_eau_pipeline.py for tasks to queue
[2026-08-11T18:40:51.609+0000] {logging_mixin.py:190} INFO - [2026-08-11T18:40:51.571+0000] {dagbag.py:587} INFO - Filling up the DagBag from /opt/airflow/dags/flex_eau_pipeline.py
[2026-08-11T18:40:54.462+0000] {processor.py:925} INFO - DAG(s) 'flex_eau_pipeline' retrieved from /opt/airflow/dags/flex_eau_pipeline.py
[2026-08-11T18:41:11.940+0000] {logging_mixin.py:190} INFO - [2026-08-11T18:41:11.925+0000] {dag.py:3211} INFO - Sync 1 DAGs
[2026-08-11T18:41:13.551+0000] {logging_mixin.py:190} INFO - [2026-08-11T18:41:13.536+0000] {dag.py:4138} INFO - Setting next_dagrun for flex_eau_pipeline to 2026-08-11 00:00:00+00:00, run_after=2026-08-12 00:00:00+00:00
[2026-08-11T18:41:14.509+0000] {processor.py:208} INFO - Processing /opt/airflow/dags/flex_eau_pipeline.py took 25.618 seconds
[2026-08-11T18:41:51.227+0000] {processor.py:186} INFO - Started process (PID=4647) to work on /opt/airflow/dags/flex_eau_pipeline.py
[2026-08-11T18:41:51.287+0000] {processor.py:914} INFO - Processing file /opt/airflow/dags/flex_eau_pipeline.py for tasks to queue
[2026-08-11T18:41:51.372+0000] {logging_mixin.py:190} INFO - [2026-08-11T18:41:51.355+0000] {dagbag.py:587} INFO - Filling up the DagBag from /opt/airflow/dags/flex_eau_pipeline.py
[2026-08-11T18:41:53.089+0000] {processor.py:925} INFO - DAG(s) 'flex_eau_pipeline' retrieved from /opt/airflow/dags/flex_eau_pipeline.py
[2026-08-11T18:41:55.551+0000] {logging_mixin.py:190} INFO - [2026-08-11T18:41:55.536+0000] {dag.py:3211} INFO - Sync 1 DAGs
[2026-08-11T18:41:57.214+0000] {logging_mixin.py:190} INFO - [2026-08-11T18:41:57.211+0000] {dag.py:4138} INFO - Setting next_dagrun for flex_eau_pipeline to 2026-08-11 00:00:00+00:00, run_after=2026-08-12 00:00:00+00:00
[2026-08-11T18:42:00.067+0000] {processor.py:208} INFO - Processing /opt/airflow/dags/flex_eau_pipeline.py took 9.264 seconds
[2026-08-11T18:42:54.619+0000] {processor.py:186} INFO - Started process (PID=4652) to work on /opt/airflow/dags/flex_eau_pipeline.py
[2026-08-11T18:42:54.635+0000] {processor.py:914} INFO - Processing file /opt/airflow/dags/flex_eau_pipeline.py for tasks to queue
[2026-08-11T18:42:54.646+0000] {logging_mixin.py:190} INFO - [2026-08-11T18:42:54.644+0000] {dagbag.py:587} INFO - Filling up the DagBag from /opt/airflow/dags/flex_eau_pipeline.py
[2026-08-11T18:42:54.843+0000] {processor.py:925} INFO - DAG(s) 'flex_eau_pipeline' retrieved from /opt/airflow/dags/flex_eau_pipeline.py
[2026-08-11T18:42:55.470+0000] {logging_mixin.py:190} INFO - [2026-08-11T18:42:55.469+0000] {dag.py:3211} INFO - Sync 1 DAGs
[2026-08-11T18:42:55.556+0000] {logging_mixin.py:190} INFO - [2026-08-11T18:42:55.555+0000] {dag.py:4138} INFO - Setting next_dagrun for flex_eau_pipeline to 2026-08-11 00:00:00+00:00, run_after=2026-08-12 00:00:00+00:00
[2026-08-11T18:42:55.636+0000] {processor.py:208} INFO - Processing /opt/airflow/dags/flex_eau_pipeline.py took 1.075 seconds
[2026-08-11T18:43:25.956+0000] {processor.py:186} INFO - Started process (PID=4657) to work on /opt/airflow/dags/flex_eau_pipeline.py
[2026-08-11T18:43:25.961+0000] {processor.py:914} INFO - Processing file /opt/airflow/dags/flex_eau_pipeline.py for tasks to queue
[2026-08-11T18:43:25.966+0000] {logging_mixin.py:190} INFO - [2026-08-11T18:43:25.965+0000] {dagbag.py:587} INFO - Filling up the DagBag from /opt/airflow/dags/flex_eau_pipeline.py
[2026-08-11T18:43:26.035+0000] {processor.py:925} INFO - DAG(s) 'flex_eau_pipeline' retrieved from /opt/airflow/dags/flex_eau_pipeline.py
[2026-08-11T18:43:26.162+0000] {logging_mixin.py:190} INFO - [2026-08-11T18:43:26.161+0000] {dag.py:3211} INFO - Sync 1 DAGs
[2026-08-11T18:43:26.227+0000] {logging_mixin.py:190} INFO - [2026-08-11T18:43:26.226+0000] {dag.py:4138} INFO - Setting next_dagrun for flex_eau_pipeline to 2026-08-11 00:00:00+00:00, run_after=2026-08-12 00:00:00+00:00
[2026-08-11T18:43:26.275+0000] {processor.py:208} INFO - Processing /opt/airflow/dags/flex_eau_pipeline.py took 0.351 seconds
[2026-08-11T18:43:56.669+0000] {processor.py:186} INFO - Started process (PID=4662) to work on /opt/airflow/dags/flex_eau_pipeline.py
[2026-08-11T18:43:56.671+0000] {processor.py:914} INFO - Processing file /opt/airflow/dags/flex_eau_pipeline.py for tasks to queue
[2026-08-11T18:43:56.677+0000] {logging_mixin.py:190} INFO - [2026-08-11T18:43:56.677+0000] {dagbag.py:587} INFO - Filling up the DagBag from /opt/airflow/dags/flex_eau_pipeline.py
[2026-08-11T18:43:56.718+0000] {processor.py:925} INFO - DAG(s) 'flex_eau_pipeline' retrieved from /opt/airflow/dags/flex_eau_pipeline.py
[2026-08-11T18:43:56.815+0000] {logging_mixin.py:190} INFO - [2026-08-11T18:43:56.815+0000] {dag.py:3211} INFO - Sync 1 DAGs
[2026-08-11T18:43:56.880+0000] {logging_mixin.py:190} INFO - [2026-08-11T18:43:56.880+0000] {dag.py:4138} INFO - Setting next_dagrun for flex_eau_pipeline to 2026-08-11 00:00:00+00:00, run_after=2026-08-12 00:00:00+00:00
[2026-08-11T18:43:56.943+0000] {processor.py:208} INFO - Processing /opt/airflow/dags/flex_eau_pipeline.py took 0.290 seconds
[2026-08-11T18:44:27.188+0000] {processor.py:186} INFO - Started process (PID=4667) to work on /opt/airflow/dags/flex_eau_pipeline.py
[2026-08-11T18:44:27.191+0000] {processor.py:914} INFO - Processing file /opt/airflow/dags/flex_eau_pipeline.py for tasks to queue
[2026-08-11T18:44:27.197+0000] {logging_mixin.py:190} INFO - [2026-08-11T18:44:27.196+0000] {dagbag.py:587} INFO - Filling up the DagBag from /opt/airflow/dags/flex_eau_pipeline.py
[2026-08-11T18:44:27.245+0000] {processor.py:925} INFO - DAG(s) 'flex_eau_pipeline' retrieved from /opt/airflow/dags/flex_eau_pipeline.py
[2026-08-11T18:44:27.350+0000] {logging_mixin.py:190} INFO - [2026-08-11T18:44:27.349+0000] {dag.py:3211} INFO - Sync 1 DAGs
[2026-08-11T18:44:27.405+0000] {logging_mixin.py:190} INFO - [2026-08-11T18:44:27.405+0000] {dag.py:4138} INFO - Setting next_dagrun for flex_eau_pipeline to 2026-08-11 00:00:00+00:00, run_after=2026-08-12 00:00:00+00:00
[2026-08-11T18:44:27.467+0000] {processor.py:208} INFO - Processing /opt/airflow/dags/flex_eau_pipeline.py took 0.294 seconds
[2026-08-11T18:44:58.454+0000] {processor.py:186} INFO - Started process (PID=4672) to work on /opt/airflow/dags/flex_eau_pipeline.py
[2026-08-11T18:44:58.458+0000] {processor.py:914} INFO - Processing file /opt/airflow/dags/flex_eau_pipeline.py for tasks to queue
[2026-08-11T18:44:58.461+0000] {logging_mixin.py:190} INFO - [2026-08-11T18:44:58.461+0000] {dagbag.py:587} INFO - Filling up the DagBag from /opt/airflow/dags/flex_eau_pipeline.py
[2026-08-11T18:44:58.508+0000] {processor.py:925} INFO - DAG(s) 'flex_eau_pipeline' retrieved from /opt/airflow/dags/flex_eau_pipeline.py
[2026-08-11T18:44:58.601+0000] {logging_mixin.py:190} INFO - [2026-08-11T18:44:58.601+0000] {dag.py:3211} INFO - Sync 1 DAGs
[2026-08-11T18:44:58.647+0000] {logging_mixin.py:190} INFO - [2026-08-11T18:44:58.647+0000] {dag.py:4138} INFO - Setting next_dagrun for flex_eau_pipeline to 2026-08-11 00:00:00+00:00, run_after=2026-08-12 00:00:00+00:00
[2026-08-11T18:44:58.688+0000] {processor.py:208} INFO - Processing /opt/airflow/dags/flex_eau_pipeline.py took 0.248 seconds
[2026-08-11T18:45:28.996+0000] {processor.py:186} INFO - Started process (PID=4677) to work on /opt/airflow/dags/flex_eau_pipeline.py
[2026-08-11T18:45:29.000+0000] {processor.py:914} INFO - Processing file /opt/airflow/dags/flex_eau_pipeline.py for tasks to queue
[2026-08-11T18:45:29.005+0000] {logging_mixin.py:190} INFO - [2026-08-11T18:45:29.003+0000] {dagbag.py:587} INFO - Filling up the DagBag from /opt/airflow/dags/flex_eau_pipeline.py
[2026-08-11T18:45:29.067+0000] {processor.py:925} INFO - DAG(s) 'flex_eau_pipeline' retrieved from /opt/airflow/dags/flex_eau_pipeline.py
[2026-08-11T18:45:29.182+0000] {logging_mixin.py:190} INFO - [2026-08-11T18:45:29.181+0000] {dag.py:3211} INFO - Sync 1 DAGs
[2026-08-11T18:45:29.253+0000] {logging_mixin.py:190} INFO - [2026-08-11T18:45:29.252+0000] {dag.py:4138} INFO - Setting next_dagrun for flex_eau_pipeline to 2026-08-11 00:00:00+00:00, run_after=2026-08-12 00:00:00+00:00
[2026-08-11T18:45:29.303+0000] {processor.py:208} INFO - Processing /opt/airflow/dags/flex_eau_pipeline.py took 0.338 seconds
[2026-08-11T18:45:59.707+0000] {processor.py:186} INFO - Started process (PID=4682) to work on /opt/airflow/dags/flex_eau_pipeline.py
[2026-08-11T18:45:59.718+0000] {processor.py:914} INFO - Processing file /opt/airflow/dags/flex_eau_pipeline.py for tasks to queue
[2026-08-11T18:45:59.723+0000] {logging_mixin.py:190} INFO - [2026-08-11T18:45:59.722+0000] {dagbag.py:587} INFO - Filling up the DagBag from /opt/airflow/dags/flex_eau_pipeline.py
[2026-08-11T18:45:59.820+0000] {processor.py:925} INFO - DAG(s) 'flex_eau_pipeline' retrieved from /opt/airflow/dags/flex_eau_pipeline.py
[2026-08-11T18:46:00.129+0000] {logging_mixin.py:190} INFO - [2026-08-11T18:46:00.128+0000] {dag.py:3211} INFO - Sync 1 DAGs
[2026-08-11T18:46:00.280+0000] {logging_mixin.py:190} INFO - [2026-08-11T18:46:00.279+0000] {dag.py:4138} INFO - Setting next_dagrun for flex_eau_pipeline to 2026-08-11 00:00:00+00:00, run_after=2026-08-12 00:00:00+00:00
[2026-08-11T18:46:00.413+0000] {processor.py:208} INFO - Processing /opt/airflow/dags/flex_eau_pipeline.py took 0.758 seconds
[2026-08-11T18:46:31.037+0000] {processor.py:186} INFO - Started process (PID=4687) to work on /opt/airflow/dags/flex_eau_pipeline.py
[2026-08-11T18:46:31.039+0000] {processor.py:914} INFO - Processing file /opt/airflow/dags/flex_eau_pipeline.py for tasks to queue
[2026-08-11T18:46:31.043+0000] {logging_mixin.py:190} INFO - [2026-08-11T18:46:31.042+0000] {dagbag.py:587} INFO - Filling up the DagBag from /opt/airflow/dags/flex_eau_pipeline.py
[2026-08-11T18:46:31.087+0000] {processor.py:925} INFO - DAG(s) 'flex_eau_pipeline' retrieved from /opt/airflow/dags/flex_eau_pipeline.py
[2026-08-11T18:46:31.174+0000] {logging_mixin.py:190} INFO - [2026-08-11T18:46:31.174+0000] {dag.py:3211} INFO - Sync 1 DAGs
[2026-08-11T18:46:31.251+0000] {logging_mixin.py:190} INFO - [2026-08-11T18:46:31.251+0000] {dag.py:4138} INFO - Setting next_dagrun for flex_eau_pipeline to 2026-08-11 00:00:00+00:00, run_after=2026-08-12 00:00:00+00:00
[2026-08-11T18:46:31.299+0000] {processor.py:208} INFO - Processing /opt/airflow/dags/flex_eau_pipeline.py took 0.280 seconds
[2026-08-11T18:47:01.447+0000] {processor.py:186} INFO - Started process (PID=4692) to work on /opt/airflow/dags/flex_eau_pipeline.py
[2026-08-11T18:47:01.450+0000] {processor.py:914} INFO - Processing file /opt/airflow/dags/flex_eau_pipeline.py for tasks to queue
[2026-08-11T18:47:01.453+0000] {logging_mixin.py:190} INFO - [2026-08-11T18:47:01.453+0000] {dagbag.py:587} INFO - Filling up the DagBag from /opt/airflow/dags/flex_eau_pipeline.py
[2026-08-11T18:47:01.503+0000] {processor.py:925} INFO - DAG(s) 'flex_eau_pipeline' retrieved from /opt/airflow/dags/flex_eau_pipeline.py
[2026-08-11T18:47:01.634+0000] {logging_mixin.py:190} INFO - [2026-08-11T18:47:01.633+0000] {dag.py:3211} INFO - Sync 1 DAGs
[2026-08-11T18:47:01.731+0000] {logging_mixin.py:190} INFO - [2026-08-11T18:47:01.730+0000] {dag.py:4138} INFO - Setting next_dagrun for flex_eau_pipeline to 2026-08-11 00:00:00+00:00, run_after=2026-08-12 00:00:00+00:00
[2026-08-11T18:47:01.789+0000] {processor.py:208} INFO - Processing /opt/airflow/dags/flex_eau_pipeline.py took 0.362 seconds
[2026-08-11T18:47:32.170+0000] {processor.py:186} INFO - Started process (PID=4697) to work on /opt/airflow/dags/flex_eau_pipeline.py
[2026-08-11T18:47:32.173+0000] {processor.py:914} INFO - Processing file /opt/airflow/dags/flex_eau_pipeline.py for tasks to queue
[2026-08-11T18:47:32.176+0000] {logging_mixin.py:190} INFO - [2026-08-11T18:47:32.176+0000] {dagbag.py:587} INFO - Filling up the DagBag from /opt/airflow/dags/flex_eau_pipeline.py
[2026-08-11T18:47:32.228+0000] {processor.py:925} INFO - DAG(s) 'flex_eau_pipeline' retrieved from /opt/airflow/dags/flex_eau_pipeline.py
[2026-08-11T18:47:32.339+0000] {logging_mixin.py:190} INFO - [2026-08-11T18:47:32.338+0000] {dag.py:3211} INFO - Sync 1 DAGs
[2026-08-11T18:47:32.454+0000] {logging_mixin.py:190} INFO - [2026-08-11T18:47:32.453+0000] {dag.py:4138} INFO - Setting next_dagrun for flex_eau_pipeline to 2026-08-11 00:00:00+00:00, run_after=2026-08-12 00:00:00+00:00
[2026-08-11T18:47:32.507+0000] {processor.py:208} INFO - Processing /opt/airflow/dags/flex_eau_pipeline.py took 0.362 seconds
[2026-08-11T18:48:03.078+0000] {processor.py:186} INFO - Started process (PID=4702) to work on /opt/airflow/dags/flex_eau_pipeline.py
[2026-08-11T18:48:03.084+0000] {processor.py:914} INFO - Processing file /opt/airflow/dags/flex_eau_pipeline.py for tasks to queue
[2026-08-11T18:48:03.089+0000] {logging_mixin.py:190} INFO - [2026-08-11T18:48:03.088+0000] {dagbag.py:587} INFO - Filling up the DagBag from /opt/airflow/dags/flex_eau_pipeline.py
[2026-08-11T18:48:03.144+0000] {processor.py:925} INFO - DAG(s) 'flex_eau_pipeline' retrieved from /opt/airflow/dags/flex_eau_pipeline.py
[2026-08-11T18:48:03.663+0000] {logging_mixin.py:190} INFO - [2026-08-11T18:48:03.662+0000] {dag.py:3211} INFO - Sync 1 DAGs
[2026-08-11T18:48:04.220+0000] {logging_mixin.py:190} INFO - [2026-08-11T18:48:04.220+0000] {dag.py:4138} INFO - Setting next_dagrun for flex_eau_pipeline to 2026-08-11 00:00:00+00:00, run_after=2026-08-12 00:00:00+00:00
[2026-08-11T18:48:04.416+0000] {processor.py:208} INFO - Processing /opt/airflow/dags/flex_eau_pipeline.py took 1.381 seconds
[2026-08-11T18:48:34.680+0000] {processor.py:186} INFO - Started process (PID=4707) to work on /opt/airflow/dags/flex_eau_pipeline.py
[2026-08-11T18:48:34.684+0000] {processor.py:914} INFO - Processing file /opt/airflow/dags/flex_eau_pipeline.py for tasks to queue
[2026-08-11T18:48:34.691+0000] {logging_mixin.py:190} INFO - [2026-08-11T18:48:34.690+0000] {dagbag.py:587} INFO - Filling up the DagBag from /opt/airflow/dags/flex_eau_pipeline.py
[2026-08-11T18:48:34.756+0000] {processor.py:925} INFO - DAG(s) 'flex_eau_pipeline' retrieved from /opt/airflow/dags/flex_eau_pipeline.py
[2026-08-11T18:48:34.884+0000] {logging_mixin.py:190} INFO - [2026-08-11T18:48:34.884+0000] {dag.py:3211} INFO - Sync 1 DAGs
[2026-08-11T18:48:34.954+0000] {logging_mixin.py:190} INFO - [2026-08-11T18:48:34.954+0000] {dag.py:4138} INFO - Setting next_dagrun for flex_eau_pipeline to 2026-08-11 00:00:00+00:00, run_after=2026-08-12 00:00:00+00:00
[2026-08-11T18:48:35.010+0000] {processor.py:208} INFO - Processing /opt/airflow/dags/flex_eau_pipeline.py took 0.348 seconds
[2026-08-11T18:49:05.323+0000] {processor.py:186} INFO - Started process (PID=4712) to work on /opt/airflow/dags/flex_eau_pipeline.py
[2026-08-11T18:49:05.326+0000] {processor.py:914} INFO - Processing file /opt/airflow/dags/flex_eau_pipeline.py for tasks to queue
[2026-08-11T18:49:05.331+0000] {logging_mixin.py:190} INFO - [2026-08-11T18:49:05.330+0000] {dagbag.py:587} INFO - Filling up the DagBag from /opt/airflow/dags/flex_eau_pipeline.py
[2026-08-11T18:49:05.393+0000] {processor.py:925} INFO - DAG(s) 'flex_eau_pipeline' retrieved from /opt/airflow/dags/flex_eau_pipeline.py
[2026-08-11T18:49:05.513+0000] {logging_mixin.py:190} INFO - [2026-08-11T18:49:05.512+0000] {dag.py:3211} INFO - Sync 1 DAGs
[2026-08-11T18:49:05.584+0000] {logging_mixin.py:190} INFO - [2026-08-11T18:49:05.583+0000] {dag.py:4138} INFO - Setting next_dagrun for flex_eau_pipeline to 2026-08-11 00:00:00+00:00, run_after=2026-08-12 00:00:00+00:00
[2026-08-11T18:49:05.634+0000] {processor.py:208} INFO - Processing /opt/airflow/dags/flex_eau_pipeline.py took 0.329 seconds
[2026-08-11T18:49:37.915+0000] {processor.py:186} INFO - Started process (PID=4717) to work on /opt/airflow/dags/flex_eau_pipeline.py
[2026-08-11T18:49:37.927+0000] {processor.py:914} INFO - Processing file /opt/airflow/dags/flex_eau_pipeline.py for tasks to queue
[2026-08-11T18:49:37.935+0000] {logging_mixin.py:190} INFO - [2026-08-11T18:49:37.933+0000] {dagbag.py:587} INFO - Filling up the DagBag from /opt/airflow/dags/flex_eau_pipeline.py
[2026-08-11T18:49:38.060+0000] {processor.py:925} INFO - DAG(s) 'flex_eau_pipeline' retrieved from /opt/airflow/dags/flex_eau_pipeline.py
[2026-08-11T18:49:38.388+0000] {logging_mixin.py:190} INFO - [2026-08-11T18:49:38.387+0000] {dag.py:3211} INFO - Sync 1 DAGs
[2026-08-11T18:49:38.538+0000] {logging_mixin.py:190} INFO - [2026-08-11T18:49:38.537+0000] {dag.py:4138} INFO - Setting next_dagrun for flex_eau_pipeline to 2026-08-11 00:00:00+00:00, run_after=2026-08-12 00:00:00+00:00
[2026-08-11T18:49:38.633+0000] {processor.py:208} INFO - Processing /opt/airflow/dags/flex_eau_pipeline.py took 0.760 seconds
[2026-08-11T18:50:09.290+0000] {processor.py:186} INFO - Started process (PID=4722) to work on /opt/airflow/dags/flex_eau_pipeline.py
[2026-08-11T18:50:09.293+0000] {processor.py:914} INFO - Processing file /opt/airflow/dags/flex_eau_pipeline.py for tasks to queue
[2026-08-11T18:50:09.295+0000] {logging_mixin.py:190} INFO - [2026-08-11T18:50:09.294+0000] {dagbag.py:587} INFO - Filling up the DagBag from /opt/airflow/dags/flex_eau_pipeline.py
[2026-08-11T18:50:09.340+0000] {processor.py:925} INFO - DAG(s) 'flex_eau_pipeline' retrieved from /opt/airflow/dags/flex_eau_pipeline.py
[2026-08-11T18:50:09.418+0000] {logging_mixin.py:190} INFO - [2026-08-11T18:50:09.417+0000] {dag.py:3211} INFO - Sync 1 DAGs
[2026-08-11T18:50:09.460+0000] {logging_mixin.py:190} INFO - [2026-08-11T18:50:09.460+0000] {dag.py:4138} INFO - Setting next_dagrun for flex_eau_pipeline to 2026-08-11 00:00:00+00:00, run_after=2026-08-12 00:00:00+00:00
[2026-08-11T18:50:09.496+0000] {processor.py:208} INFO - Processing /opt/airflow/dags/flex_eau_pipeline.py took 0.221 seconds
[2026-08-11T18:50:39.934+0000] {processor.py:186} INFO - Started process (PID=4727) to work on /opt/airflow/dags/flex_eau_pipeline.py
[2026-08-11T18:50:39.936+0000] {processor.py:914} INFO - Processing file /opt/airflow/dags/flex_eau_pipeline.py for tasks to queue
[2026-08-11T18:50:39.939+0000] {logging_mixin.py:190} INFO - [2026-08-11T18:50:39.939+0000] {dagbag.py:587} INFO - Filling up the DagBag from /opt/airflow/dags/flex_eau_pipeline.py
[2026-08-11T18:50:39.978+0000] {processor.py:925} INFO - DAG(s) 'flex_eau_pipeline' retrieved from /opt/airflow/dags/flex_eau_pipeline.py
[2026-08-11T18:50:40.052+0000] {logging_mixin.py:190} INFO - [2026-08-11T18:50:40.052+0000] {dag.py:3211} INFO - Sync 1 DAGs
[2026-08-11T18:50:40.098+0000] {logging_mixin.py:190} INFO - [2026-08-11T18:50:40.096+0000] {dag.py:4138} INFO - Setting next_dagrun for flex_eau_pipeline to 2026-08-11 00:00:00+00:00, run_after=2026-08-12 00:00:00+00:00
[2026-08-11T18:50:40.133+0000] {processor.py:208} INFO - Processing /opt/airflow/dags/flex_eau_pipeline.py took 0.213 seconds
[2026-08-11T18:51:10.504+0000] {processor.py:186} INFO - Started process (PID=4732) to work on /opt/airflow/dags/flex_eau_pipeline.py
[2026-08-11T18:51:10.510+0000] {processor.py:914} INFO - Processing file /opt/airflow/dags/flex_eau_pipeline.py for tasks to queue
[2026-08-11T18:51:10.514+0000] {logging_mixin.py:190} INFO - [2026-08-11T18:51:10.513+0000] {dagbag.py:587} INFO - Filling up the DagBag from /opt/airflow/dags/flex_eau_pipeline.py
[2026-08-11T18:51:10.565+0000] {processor.py:925} INFO - DAG(s) 'flex_eau_pipeline' retrieved from /opt/airflow/dags/flex_eau_pipeline.py
[2026-08-11T18:51:10.654+0000] {logging_mixin.py:190} INFO - [2026-08-11T18:51:10.653+0000] {dag.py:3211} INFO - Sync 1 DAGs
[2026-08-11T18:51:10.720+0000] {logging_mixin.py:190} INFO - [2026-08-11T18:51:10.719+0000] {dag.py:4138} INFO - Setting next_dagrun for flex_eau_pipeline to 2026-08-11 00:00:00+00:00, run_after=2026-08-12 00:00:00+00:00
[2026-08-11T18:51:10.774+0000] {processor.py:208} INFO - Processing /opt/airflow/dags/flex_eau_pipeline.py took 0.290 seconds
[2026-08-11T18:51:41.111+0000] {processor.py:186} INFO - Started process (PID=4737) to work on /opt/airflow/dags/flex_eau_pipeline.py
[2026-08-11T18:51:41.117+0000] {processor.py:914} INFO - Processing file /opt/airflow/dags/flex_eau_pipeline.py for tasks to queue
[2026-08-11T18:51:41.121+0000] {logging_mixin.py:190} INFO - [2026-08-11T18:51:41.120+0000] {dagbag.py:587} INFO - Filling up the DagBag from /opt/airflow/dags/flex_eau_pipeline.py
[2026-08-11T18:51:41.202+0000] {processor.py:925} INFO - DAG(s) 'flex_eau_pipeline' retrieved from /opt/airflow/dags/flex_eau_pipeline.py
[2026-08-11T18:51:41.314+0000] {logging_mixin.py:190} INFO - [2026-08-11T18:51:41.313+0000] {dag.py:3211} INFO - Sync 1 DAGs
[2026-08-11T18:51:41.388+0000] {logging_mixin.py:190} INFO - [2026-08-11T18:51:41.387+0000] {dag.py:4138} INFO - Setting next_dagrun for flex_eau_pipeline to 2026-08-11 00:00:00+00:00, run_after=2026-08-12 00:00:00+00:00
[2026-08-11T18:51:41.448+0000] {processor.py:208} INFO - Processing /opt/airflow/dags/flex_eau_pipeline.py took 0.359 seconds
[2026-08-11T18:52:11.718+0000] {processor.py:186} INFO - Started process (PID=4742) to work on /opt/airflow/dags/flex_eau_pipeline.py
[2026-08-11T18:52:11.722+0000] {processor.py:914} INFO - Processing file /opt/airflow/dags/flex_eau_pipeline.py for tasks to queue
[2026-08-11T18:52:11.731+0000] {logging_mixin.py:190} INFO - [2026-08-11T18:52:11.730+0000] {dagbag.py:587} INFO - Filling up the DagBag from /opt/airflow/dags/flex_eau_pipeline.py
[2026-08-11T18:52:11.844+0000] {processor.py:925} INFO - DAG(s) 'flex_eau_pipeline' retrieved from /opt/airflow/dags/flex_eau_pipeline.py
[2026-08-11T18:52:12.020+0000] {logging_mixin.py:190} INFO - [2026-08-11T18:52:12.019+0000] {dag.py:3211} INFO - Sync 1 DAGs
[2026-08-11T18:52:12.163+0000] {logging_mixin.py:190} INFO - [2026-08-11T18:52:12.162+0000] {dag.py:4138} INFO - Setting next_dagrun for flex_eau_pipeline to 2026-08-11 00:00:00+00:00, run_after=2026-08-12 00:00:00+00:00
[2026-08-11T18:52:12.289+0000] {processor.py:208} INFO - Processing /opt/airflow/dags/flex_eau_pipeline.py took 0.604 seconds
[2026-08-11T18:52:42.748+0000] {processor.py:186} INFO - Started process (PID=4747) to work on /opt/airflow/dags/flex_eau_pipeline.py
[2026-08-11T18:52:42.758+0000] {processor.py:914} INFO - Processing file /opt/airflow/dags/flex_eau_pipeline.py for tasks to queue
[2026-08-11T18:52:42.766+0000] {logging_mixin.py:190} INFO - [2026-08-11T18:52:42.765+0000] {dagbag.py:587} INFO - Filling up the DagBag from /opt/airflow/dags/flex_eau_pipeline.py
[2026-08-11T18:52:42.877+0000] {processor.py:925} INFO - DAG(s) 'flex_eau_pipeline' retrieved from /opt/airflow/dags/flex_eau_pipeline.py
[2026-08-11T18:52:43.007+0000] {logging_mixin.py:190} INFO - [2026-08-11T18:52:43.007+0000] {dag.py:3211} INFO - Sync 1 DAGs
[2026-08-11T18:52:43.088+0000] {logging_mixin.py:190} INFO - [2026-08-11T18:52:43.088+0000] {dag.py:4138} INFO - Setting next_dagrun for flex_eau_pipeline to 2026-08-11 00:00:00+00:00, run_after=2026-08-12 00:00:00+00:00
[2026-08-11T18:52:43.171+0000] {processor.py:208} INFO - Processing /opt/airflow/dags/flex_eau_pipeline.py took 0.468 seconds
[2026-08-11T18:53:13.724+0000] {processor.py:186} INFO - Started process (PID=4752) to work on /opt/airflow/dags/flex_eau_pipeline.py
[2026-08-11T18:53:13.734+0000] {processor.py:914} INFO - Processing file /opt/airflow/dags/flex_eau_pipeline.py for tasks to queue
[2026-08-11T18:53:13.740+0000] {logging_mixin.py:190} INFO - [2026-08-11T18:53:13.739+0000] {dagbag.py:587} INFO - Filling up the DagBag from /opt/airflow/dags/flex_eau_pipeline.py
[2026-08-11T18:53:13.843+0000] {processor.py:925} INFO - DAG(s) 'flex_eau_pipeline' retrieved from /opt/airflow/dags/flex_eau_pipeline.py
[2026-08-11T18:53:13.997+0000] {logging_mixin.py:190} INFO - [2026-08-11T18:53:13.996+0000] {dag.py:3211} INFO - Sync 1 DAGs
[2026-08-11T18:53:14.124+0000] {logging_mixin.py:190} INFO - [2026-08-11T18:53:14.123+0000] {dag.py:4138} INFO - Setting next_dagrun for flex_eau_pipeline to 2026-08-11 00:00:00+00:00, run_after=2026-08-12 00:00:00+00:00
[2026-08-11T18:53:14.204+0000] {processor.py:208} INFO - Processing /opt/airflow/dags/flex_eau_pipeline.py took 0.513 seconds
[2026-08-11T18:53:44.451+0000] {processor.py:186} INFO - Started process (PID=4757) to work on /opt/airflow/dags/flex_eau_pipeline.py
[2026-08-11T18:53:44.468+0000] {processor.py:914} INFO - Processing file /opt/airflow/dags/flex_eau_pipeline.py for tasks to queue
[2026-08-11T18:53:44.471+0000] {logging_mixin.py:190} INFO - [2026-08-11T18:53:44.471+0000] {dagbag.py:587} INFO - Filling up the DagBag from /opt/airflow/dags/flex_eau_pipeline.py
[2026-08-11T18:53:44.563+0000] {processor.py:925} INFO - DAG(s) 'flex_eau_pipeline' retrieved from /opt/airflow/dags/flex_eau_pipeline.py
[2026-08-11T18:53:44.676+0000] {logging_mixin.py:190} INFO - [2026-08-11T18:53:44.675+0000] {dag.py:3211} INFO - Sync 1 DAGs
[2026-08-11T18:53:44.793+0000] {logging_mixin.py:190} INFO - [2026-08-11T18:53:44.792+0000] {dag.py:4138} INFO - Setting next_dagrun for flex_eau_pipeline to 2026-08-11 00:00:00+00:00, run_after=2026-08-12 00:00:00+00:00
[2026-08-11T18:53:44.953+0000] {processor.py:208} INFO - Processing /opt/airflow/dags/flex_eau_pipeline.py took 0.527 seconds
[2026-08-11T18:54:15.302+0000] {processor.py:186} INFO - Started process (PID=4762) to work on /opt/airflow/dags/flex_eau_pipeline.py
[2026-08-11T18:54:15.322+0000] {processor.py:914} INFO - Processing file /opt/airflow/dags/flex_eau_pipeline.py for tasks to queue
[2026-08-11T18:54:15.325+0000] {logging_mixin.py:190} INFO - [2026-08-11T18:54:15.324+0000] {dagbag.py:587} INFO - Filling up the DagBag from /opt/airflow/dags/flex_eau_pipeline.py
[2026-08-11T18:54:15.384+0000] {processor.py:925} INFO - DAG(s) 'flex_eau_pipeline' retrieved from /opt/airflow/dags/flex_eau_pipeline.py
[2026-08-11T18:54:15.506+0000] {logging_mixin.py:190} INFO - [2026-08-11T18:54:15.505+0000] {dag.py:3211} INFO - Sync 1 DAGs
[2026-08-11T18:54:15.576+0000] {logging_mixin.py:190} INFO - [2026-08-11T18:54:15.575+0000] {dag.py:4138} INFO - Setting next_dagrun for flex_eau_pipeline to 2026-08-11 00:00:00+00:00, run_after=2026-08-12 00:00:00+00:00
[2026-08-11T18:54:15.698+0000] {processor.py:208} INFO - Processing /opt/airflow/dags/flex_eau_pipeline.py took 0.415 seconds
[2026-08-11T18:54:45.983+0000] {processor.py:186} INFO - Started process (PID=4767) to work on /opt/airflow/dags/flex_eau_pipeline.py
[2026-08-11T18:54:45.985+0000] {processor.py:914} INFO - Processing file /opt/airflow/dags/flex_eau_pipeline.py for tasks to queue
[2026-08-11T18:54:45.988+0000] {logging_mixin.py:190} INFO - [2026-08-11T18:54:45.987+0000] {dagbag.py:587} INFO - Filling up the DagBag from /opt/airflow/dags/flex_eau_pipeline.py
[2026-08-11T18:54:46.042+0000] {processor.py:925} INFO - DAG(s) 'flex_eau_pipeline' retrieved from /opt/airflow/dags/flex_eau_pipeline.py
[2026-08-11T18:54:46.135+0000] {logging_mixin.py:190} INFO - [2026-08-11T18:54:46.135+0000] {dag.py:3211} INFO - Sync 1 DAGs
[2026-08-11T18:54:46.197+0000] {logging_mixin.py:190} INFO - [2026-08-11T18:54:46.197+0000] {dag.py:4138} INFO - Setting next_dagrun for flex_eau_pipeline to 2026-08-11 00:00:00+00:00, run_after=2026-08-12 00:00:00+00:00
[2026-08-11T18:54:46.256+0000] {processor.py:208} INFO - Processing /opt/airflow/dags/flex_eau_pipeline.py took 0.300 seconds
[2026-08-11T18:55:16.851+0000] {processor.py:186} INFO - Started process (PID=4772) to work on /opt/airflow/dags/flex_eau_pipeline.py
[2026-08-11T18:55:16.853+0000] {processor.py:914} INFO - Processing file /opt/airflow/dags/flex_eau_pipeline.py for tasks to queue
[2026-08-11T18:55:16.854+0000] {logging_mixin.py:190} INFO - [2026-08-11T18:55:16.854+0000] {dagbag.py:587} INFO - Filling up the DagBag from /opt/airflow/dags/flex_eau_pipeline.py
[2026-08-11T18:55:16.880+0000] {processor.py:925} INFO - DAG(s) 'flex_eau_pipeline' retrieved from /opt/airflow/dags/flex_eau_pipeline.py
[2026-08-11T18:55:16.928+0000] {logging_mixin.py:190} INFO - [2026-08-11T18:55:16.927+0000] {dag.py:3211} INFO - Sync 1 DAGs
[2026-08-11T18:55:16.952+0000] {logging_mixin.py:190} INFO - [2026-08-11T18:55:16.952+0000] {dag.py:4138} INFO - Setting next_dagrun for flex_eau_pipeline to 2026-08-11 00:00:00+00:00, run_after=2026-08-12 00:00:00+00:00
[2026-08-11T18:55:16.977+0000] {processor.py:208} INFO - Processing /opt/airflow/dags/flex_eau_pipeline.py took 0.135 seconds
[2026-08-11T18:55:47.094+0000] {processor.py:186} INFO - Started process (PID=4777) to work on /opt/airflow/dags/flex_eau_pipeline.py
[2026-08-11T18:55:47.096+0000] {processor.py:914} INFO - Processing file /opt/airflow/dags/flex_eau_pipeline.py for tasks to queue
[2026-08-11T18:55:47.098+0000] {logging_mixin.py:190} INFO - [2026-08-11T18:55:47.097+0000] {dagbag.py:587} INFO - Filling up the DagBag from /opt/airflow/dags/flex_eau_pipeline.py
[2026-08-11T18:55:47.135+0000] {processor.py:925} INFO - DAG(s) 'flex_eau_pipeline' retrieved from /opt/airflow/dags/flex_eau_pipeline.py
[2026-08-11T18:55:47.203+0000] {logging_mixin.py:190} INFO - [2026-08-11T18:55:47.203+0000] {dag.py:3211} INFO - Sync 1 DAGs
[2026-08-11T18:55:47.238+0000] {logging_mixin.py:190} INFO - [2026-08-11T18:55:47.238+0000] {dag.py:4138} INFO - Setting next_dagrun for flex_eau_pipeline to 2026-08-11 00:00:00+00:00, run_after=2026-08-12 00:00:00+00:00
[2026-08-11T18:55:47.267+0000] {processor.py:208} INFO - Processing /opt/airflow/dags/flex_eau_pipeline.py took 0.184 seconds
[2026-08-11T18:56:17.489+0000] {processor.py:186} INFO - Started process (PID=4782) to work on /opt/airflow/dags/flex_eau_pipeline.py
[2026-08-11T18:56:17.491+0000] {processor.py:914} INFO - Processing file /opt/airflow/dags/flex_eau_pipeline.py for tasks to queue
[2026-08-11T18:56:17.493+0000] {logging_mixin.py:190} INFO - [2026-08-11T18:56:17.493+0000] {dagbag.py:587} INFO - Filling up the DagBag from /opt/airflow/dags/flex_eau_pipeline.py
[2026-08-11T18:56:17.529+0000] {processor.py:925} INFO - DAG(s) 'flex_eau_pipeline' retrieved from /opt/airflow/dags/flex_eau_pipeline.py
[2026-08-11T18:56:17.591+0000] {logging_mixin.py:190} INFO - [2026-08-11T18:56:17.591+0000] {dag.py:3211} INFO - Sync 1 DAGs
[2026-08-11T18:56:17.627+0000] {logging_mixin.py:190} INFO - [2026-08-11T18:56:17.627+0000] {dag.py:4138} INFO - Setting next_dagrun for flex_eau_pipeline to 2026-08-11 00:00:00+00:00, run_after=2026-08-12 00:00:00+00:00
[2026-08-11T18:56:17.659+0000] {processor.py:208} INFO - Processing /opt/airflow/dags/flex_eau_pipeline.py took 0.181 seconds
[2026-08-11T18:56:48.138+0000] {processor.py:186} INFO - Started process (PID=4787) to work on /opt/airflow/dags/flex_eau_pipeline.py
[2026-08-11T18:56:48.140+0000] {processor.py:914} INFO - Processing file /opt/airflow/dags/flex_eau_pipeline.py for tasks to queue
[2026-08-11T18:56:48.143+0000] {logging_mixin.py:190} INFO - [2026-08-11T18:56:48.142+0000] {dagbag.py:587} INFO - Filling up the DagBag from /opt/airflow/dags/flex_eau_pipeline.py
[2026-08-11T18:56:48.189+0000] {processor.py:925} INFO - DAG(s) 'flex_eau_pipeline' retrieved from /opt/airflow/dags/flex_eau_pipeline.py
[2026-08-11T18:56:48.277+0000] {logging_mixin.py:190} INFO - [2026-08-11T18:56:48.276+0000] {dag.py:3211} INFO - Sync 1 DAGs
[2026-08-11T18:56:48.338+0000] {logging_mixin.py:190} INFO - [2026-08-11T18:56:48.337+0000] {dag.py:4138} INFO - Setting next_dagrun for flex_eau_pipeline to 2026-08-11 00:00:00+00:00, run_after=2026-08-12 00:00:00+00:00
[2026-08-11T18:56:48.386+0000] {processor.py:208} INFO - Processing /opt/airflow/dags/flex_eau_pipeline.py took 0.262 seconds
[2026-08-11T18:57:18.840+0000] {processor.py:186} INFO - Started process (PID=4792) to work on /opt/airflow/dags/flex_eau_pipeline.py
[2026-08-11T18:57:18.843+0000] {processor.py:914} INFO - Processing file /opt/airflow/dags/flex_eau_pipeline.py for tasks to queue
[2026-08-11T18:57:18.850+0000] {logging_mixin.py:190} INFO - [2026-08-11T18:57:18.848+0000] {dagbag.py:587} INFO - Filling up the DagBag from /opt/airflow/dags/flex_eau_pipeline.py
[2026-08-11T18:57:18.926+0000] {processor.py:925} INFO - DAG(s) 'flex_eau_pipeline' retrieved from /opt/airflow/dags/flex_eau_pipeline.py
[2026-08-11T18:57:19.081+0000] {logging_mixin.py:190} INFO - [2026-08-11T18:57:19.076+0000] {dag.py:3211} INFO - Sync 1 DAGs
[2026-08-11T18:57:19.207+0000] {logging_mixin.py:190} INFO - [2026-08-11T18:57:19.207+0000] {dag.py:4138} INFO - Setting next_dagrun for flex_eau_pipeline to 2026-08-11 00:00:00+00:00, run_after=2026-08-12 00:00:00+00:00
[2026-08-11T18:57:19.351+0000] {processor.py:208} INFO - Processing /opt/airflow/dags/flex_eau_pipeline.py took 0.536 seconds
[2026-08-11T18:57:50.944+0000] {processor.py:186} INFO - Started process (PID=4797) to work on /opt/airflow/dags/flex_eau_pipeline.py
[2026-08-11T18:57:50.987+0000] {processor.py:914} INFO - Processing file /opt/airflow/dags/flex_eau_pipeline.py for tasks to queue
[2026-08-11T18:57:51.013+0000] {logging_mixin.py:190} INFO - [2026-08-11T18:57:51.012+0000] {dagbag.py:587} INFO - Filling up the DagBag from /opt/airflow/dags/flex_eau_pipeline.py
[2026-08-11T18:57:51.272+0000] {processor.py:925} INFO - DAG(s) 'flex_eau_pipeline' retrieved from /opt/airflow/dags/flex_eau_pipeline.py
[2026-08-11T18:57:51.653+0000] {logging_mixin.py:190} INFO - [2026-08-11T18:57:51.652+0000] {dag.py:3211} INFO - Sync 1 DAGs
[2026-08-11T18:57:51.902+0000] {logging_mixin.py:190} INFO - [2026-08-11T18:57:51.901+0000] {dag.py:4138} INFO - Setting next_dagrun for flex_eau_pipeline to 2026-08-11 00:00:00+00:00, run_after=2026-08-12 00:00:00+00:00
[2026-08-11T18:57:52.206+0000] {processor.py:208} INFO - Processing /opt/airflow/dags/flex_eau_pipeline.py took 1.331 seconds
[2026-08-11T18:58:23.074+0000] {processor.py:186} INFO - Started process (PID=4802) to work on /opt/airflow/dags/flex_eau_pipeline.py
[2026-08-11T18:58:23.082+0000] {processor.py:914} INFO - Processing file /opt/airflow/dags/flex_eau_pipeline.py for tasks to queue
[2026-08-11T18:58:23.089+0000] {logging_mixin.py:190} INFO - [2026-08-11T18:58:23.088+0000] {dagbag.py:587} INFO - Filling up the DagBag from /opt/airflow/dags/flex_eau_pipeline.py
[2026-08-11T18:58:23.184+0000] {processor.py:925} INFO - DAG(s) 'flex_eau_pipeline' retrieved from /opt/airflow/dags/flex_eau_pipeline.py
[2026-08-11T18:58:23.353+0000] {logging_mixin.py:190} INFO - [2026-08-11T18:58:23.353+0000] {dag.py:3211} INFO - Sync 1 DAGs
[2026-08-11T18:58:23.449+0000] {logging_mixin.py:190} INFO - [2026-08-11T18:58:23.449+0000] {dag.py:4138} INFO - Setting next_dagrun for flex_eau_pipeline to 2026-08-11 00:00:00+00:00, run_after=2026-08-12 00:00:00+00:00
[2026-08-11T18:58:23.570+0000] {processor.py:208} INFO - Processing /opt/airflow/dags/flex_eau_pipeline.py took 0.530 seconds
[2026-08-11T18:58:53.792+0000] {processor.py:186} INFO - Started process (PID=4807) to work on /opt/airflow/dags/flex_eau_pipeline.py
[2026-08-11T18:58:53.797+0000] {processor.py:914} INFO - Processing file /opt/airflow/dags/flex_eau_pipeline.py for tasks to queue
[2026-08-11T18:58:53.801+0000] {logging_mixin.py:190} INFO - [2026-08-11T18:58:53.800+0000] {dagbag.py:587} INFO - Filling up the DagBag from /opt/airflow/dags/flex_eau_pipeline.py
[2026-08-11T18:58:53.859+0000] {processor.py:925} INFO - DAG(s) 'flex_eau_pipeline' retrieved from /opt/airflow/dags/flex_eau_pipeline.py
[2026-08-11T18:58:53.962+0000] {logging_mixin.py:190} INFO - [2026-08-11T18:58:53.962+0000] {dag.py:3211} INFO - Sync 1 DAGs
[2026-08-11T18:58:54.045+0000] {logging_mixin.py:190} INFO - [2026-08-11T18:58:54.044+0000] {dag.py:4138} INFO - Setting next_dagrun for flex_eau_pipeline to 2026-08-11 00:00:00+00:00, run_after=2026-08-12 00:00:00+00:00
[2026-08-11T18:58:54.139+0000] {processor.py:208} INFO - Processing /opt/airflow/dags/flex_eau_pipeline.py took 0.366 seconds
[2026-08-11T18:59:24.780+0000] {processor.py:186} INFO - Started process (PID=4812) to work on /opt/airflow/dags/flex_eau_pipeline.py
[2026-08-11T18:59:24.782+0000] {processor.py:914} INFO - Processing file /opt/airflow/dags/flex_eau_pipeline.py for tasks to queue
[2026-08-11T18:59:24.784+0000] {logging_mixin.py:190} INFO - [2026-08-11T18:59:24.783+0000] {dagbag.py:587} INFO - Filling up the DagBag from /opt/airflow/dags/flex_eau_pipeline.py
[2026-08-11T18:59:24.826+0000] {processor.py:925} INFO - DAG(s) 'flex_eau_pipeline' retrieved from /opt/airflow/dags/flex_eau_pipeline.py
[2026-08-11T18:59:24.900+0000] {logging_mixin.py:190} INFO - [2026-08-11T18:59:24.899+0000] {dag.py:3211} INFO - Sync 1 DAGs
[2026-08-11T18:59:24.958+0000] {logging_mixin.py:190} INFO - [2026-08-11T18:59:24.958+0000] {dag.py:4138} INFO - Setting next_dagrun for flex_eau_pipeline to 2026-08-11 00:00:00+00:00, run_after=2026-08-12 00:00:00+00:00
[2026-08-11T18:59:25.026+0000] {processor.py:208} INFO - Processing /opt/airflow/dags/flex_eau_pipeline.py took 0.259 seconds
[2026-08-11T18:59:55.160+0000] {processor.py:186} INFO - Started process (PID=4817) to work on /opt/airflow/dags/flex_eau_pipeline.py
[2026-08-11T18:59:55.162+0000] {processor.py:914} INFO - Processing file /opt/airflow/dags/flex_eau_pipeline.py for tasks to queue
[2026-08-11T18:59:55.166+0000] {logging_mixin.py:190} INFO - [2026-08-11T18:59:55.166+0000] {dagbag.py:587} INFO - Filling up the DagBag from /opt/airflow/dags/flex_eau_pipeline.py
[2026-08-11T18:59:55.213+0000] {processor.py:925} INFO - DAG(s) 'flex_eau_pipeline' retrieved from /opt/airflow/dags/flex_eau_pipeline.py
[2026-08-11T18:59:55.271+0000] {logging_mixin.py:190} INFO - [2026-08-11T18:59:55.271+0000] {dag.py:3211} INFO - Sync 1 DAGs
[2026-08-11T18:59:55.313+0000] {logging_mixin.py:190} INFO - [2026-08-11T18:59:55.312+0000] {dag.py:4138} INFO - Setting next_dagrun for flex_eau_pipeline to 2026-08-11 00:00:00+00:00, run_after=2026-08-12 00:00:00+00:00
[2026-08-11T18:59:55.353+0000] {processor.py:208} INFO - Processing /opt/airflow/dags/flex_eau_pipeline.py took 0.225 seconds
[2026-08-11T19:00:25.607+0000] {processor.py:186} INFO - Started process (PID=4822) to work on /opt/airflow/dags/flex_eau_pipeline.py
[2026-08-11T19:00:25.610+0000] {processor.py:914} INFO - Processing file /opt/airflow/dags/flex_eau_pipeline.py for tasks to queue
[2026-08-11T19:00:25.613+0000] {logging_mixin.py:190} INFO - [2026-08-11T19:00:25.613+0000] {dagbag.py:587} INFO - Filling up the DagBag from /opt/airflow/dags/flex_eau_pipeline.py
[2026-08-11T19:00:25.678+0000] {processor.py:925} INFO - DAG(s) 'flex_eau_pipeline' retrieved from /opt/airflow/dags/flex_eau_pipeline.py
[2026-08-11T19:00:25.767+0000] {logging_mixin.py:190} INFO - [2026-08-11T19:00:25.767+0000] {dag.py:3211} INFO - Sync 1 DAGs
[2026-08-11T19:00:25.827+0000] {logging_mixin.py:190} INFO - [2026-08-11T19:00:25.827+0000] {dag.py:4138} INFO - Setting next_dagrun for flex_eau_pipeline to 2026-08-11 00:00:00+00:00, run_after=2026-08-12 00:00:00+00:00
[2026-08-11T19:00:25.866+0000] {processor.py:208} INFO - Processing /opt/airflow/dags/flex_eau_pipeline.py took 0.271 seconds
[2026-08-11T19:00:56.080+0000] {processor.py:186} INFO - Started process (PID=4827) to work on /opt/airflow/dags/flex_eau_pipeline.py
[2026-08-11T19:00:56.083+0000] {processor.py:914} INFO - Processing file /opt/airflow/dags/flex_eau_pipeline.py for tasks to queue
[2026-08-11T19:00:56.084+0000] {logging_mixin.py:190} INFO - [2026-08-11T19:00:56.084+0000] {dagbag.py:587} INFO - Filling up the DagBag from /opt/airflow/dags/flex_eau_pipeline.py
[2026-08-11T19:00:56.107+0000] {processor.py:925} INFO - DAG(s) 'flex_eau_pipeline' retrieved from /opt/airflow/dags/flex_eau_pipeline.py
[2026-08-11T19:00:56.153+0000] {logging_mixin.py:190} INFO - [2026-08-11T19:00:56.152+0000] {dag.py:3211} INFO - Sync 1 DAGs
[2026-08-11T19:00:56.181+0000] {logging_mixin.py:190} INFO - [2026-08-11T19:00:56.180+0000] {dag.py:4138} INFO - Setting next_dagrun for flex_eau_pipeline to 2026-08-11 00:00:00+00:00, run_after=2026-08-12 00:00:00+00:00
[2026-08-11T19:00:56.209+0000] {processor.py:208} INFO - Processing /opt/airflow/dags/flex_eau_pipeline.py took 0.138 seconds
[2026-08-11T19:01:26.612+0000] {processor.py:186} INFO - Started process (PID=4832) to work on /opt/airflow/dags/flex_eau_pipeline.py
[2026-08-11T19:01:26.614+0000] {processor.py:914} INFO - Processing file /opt/airflow/dags/flex_eau_pipeline.py for tasks to queue
[2026-08-11T19:01:26.615+0000] {logging_mixin.py:190} INFO - [2026-08-11T19:01:26.615+0000] {dagbag.py:587} INFO - Filling up the DagBag from /opt/airflow/dags/flex_eau_pipeline.py
[2026-08-11T19:01:26.645+0000] {processor.py:925} INFO - DAG(s) 'flex_eau_pipeline' retrieved from /opt/airflow/dags/flex_eau_pipeline.py
[2026-08-11T19:01:26.693+0000] {logging_mixin.py:190} INFO - [2026-08-11T19:01:26.693+0000] {dag.py:3211} INFO - Sync 1 DAGs
[2026-08-11T19:01:26.724+0000] {logging_mixin.py:190} INFO - [2026-08-11T19:01:26.724+0000] {dag.py:4138} INFO - Setting next_dagrun for flex_eau_pipeline to 2026-08-11 00:00:00+00:00, run_after=2026-08-12 00:00:00+00:00
[2026-08-11T19:01:26.747+0000] {processor.py:208} INFO - Processing /opt/airflow/dags/flex_eau_pipeline.py took 0.142 seconds
[2026-08-11T19:01:56.979+0000] {processor.py:186} INFO - Started process (PID=4837) to work on /opt/airflow/dags/flex_eau_pipeline.py
[2026-08-11T19:01:56.980+0000] {processor.py:914} INFO - Processing file /opt/airflow/dags/flex_eau_pipeline.py for tasks to queue
[2026-08-11T19:01:56.981+0000] {logging_mixin.py:190} INFO - [2026-08-11T19:01:56.981+0000] {dagbag.py:587} INFO - Filling up the DagBag from /opt/airflow/dags/flex_eau_pipeline.py
[2026-08-11T19:01:57.011+0000] {processor.py:925} INFO - DAG(s) 'flex_eau_pipeline' retrieved from /opt/airflow/dags/flex_eau_pipeline.py
[2026-08-11T19:01:57.058+0000] {logging_mixin.py:190} INFO - [2026-08-11T19:01:57.058+0000] {dag.py:3211} INFO - Sync 1 DAGs
[2026-08-11T19:01:57.087+0000] {logging_mixin.py:190} INFO - [2026-08-11T19:01:57.086+0000] {dag.py:4138} INFO - Setting next_dagrun for flex_eau_pipeline to 2026-08-11 00:00:00+00:00, run_after=2026-08-12 00:00:00+00:00
[2026-08-11T19:01:57.114+0000] {processor.py:208} INFO - Processing /opt/airflow/dags/flex_eau_pipeline.py took 0.145 seconds
[2026-08-11T19:02:27.479+0000] {processor.py:186} INFO - Started process (PID=4842) to work on /opt/airflow/dags/flex_eau_pipeline.py
[2026-08-11T19:02:27.481+0000] {processor.py:914} INFO - Processing file /opt/airflow/dags/flex_eau_pipeline.py for tasks to queue
[2026-08-11T19:02:27.484+0000] {logging_mixin.py:190} INFO - [2026-08-11T19:02:27.484+0000] {dagbag.py:587} INFO - Filling up the DagBag from /opt/airflow/dags/flex_eau_pipeline.py
[2026-08-11T19:02:27.512+0000] {processor.py:925} INFO - DAG(s) 'flex_eau_pipeline' retrieved from /opt/airflow/dags/flex_eau_pipeline.py
[2026-08-11T19:02:27.572+0000] {logging_mixin.py:190} INFO - [2026-08-11T19:02:27.571+0000] {dag.py:3211} INFO - Sync 1 DAGs
[2026-08-11T19:02:27.606+0000] {logging_mixin.py:190} INFO - [2026-08-11T19:02:27.606+0000] {dag.py:4138} INFO - Setting next_dagrun for flex_eau_pipeline to 2026-08-11 00:00:00+00:00, run_after=2026-08-12 00:00:00+00:00
[2026-08-11T19:02:27.635+0000] {processor.py:208} INFO - Processing /opt/airflow/dags/flex_eau_pipeline.py took 0.166 seconds
[2026-08-11T19:02:57.898+0000] {processor.py:186} INFO - Started process (PID=4847) to work on /opt/airflow/dags/flex_eau_pipeline.py
[2026-08-11T19:02:57.900+0000] {processor.py:914} INFO - Processing file /opt/airflow/dags/flex_eau_pipeline.py for tasks to queue
[2026-08-11T19:02:57.902+0000] {logging_mixin.py:190} INFO - [2026-08-11T19:02:57.901+0000] {dagbag.py:587} INFO - Filling up the DagBag from /opt/airflow/dags/flex_eau_pipeline.py
[2026-08-11T19:02:57.949+0000] {processor.py:925} INFO - DAG(s) 'flex_eau_pipeline' retrieved from /opt/airflow/dags/flex_eau_pipeline.py
[2026-08-11T19:02:58.032+0000] {logging_mixin.py:190} INFO - [2026-08-11T19:02:58.032+0000] {dag.py:3211} INFO - Sync 1 DAGs
[2026-08-11T19:02:58.078+0000] {logging_mixin.py:190} INFO - [2026-08-11T19:02:58.078+0000] {dag.py:4138} INFO - Setting next_dagrun for flex_eau_pipeline to 2026-08-11 00:00:00+00:00, run_after=2026-08-12 00:00:00+00:00
[2026-08-11T19:02:58.118+0000] {processor.py:208} INFO - Processing /opt/airflow/dags/flex_eau_pipeline.py took 0.236 seconds
[2026-08-11T19:03:28.222+0000] {processor.py:186} INFO - Started process (PID=4852) to work on /opt/airflow/dags/flex_eau_pipeline.py
[2026-08-11T19:03:28.224+0000] {processor.py:914} INFO - Processing file /opt/airflow/dags/flex_eau_pipeline.py for tasks to queue
[2026-08-11T19:03:28.226+0000] {logging_mixin.py:190} INFO - [2026-08-11T19:03:28.225+0000] {dagbag.py:587} INFO - Filling up the DagBag from /opt/airflow/dags/flex_eau_pipeline.py
[2026-08-11T19:03:28.264+0000] {processor.py:925} INFO - DAG(s) 'flex_eau_pipeline' retrieved from /opt/airflow/dags/flex_eau_pipeline.py
[2026-08-11T19:03:28.340+0000] {logging_mixin.py:190} INFO - [2026-08-11T19:03:28.339+0000] {dag.py:3211} INFO - Sync 1 DAGs
[2026-08-11T19:03:28.383+0000] {logging_mixin.py:190} INFO - [2026-08-11T19:03:28.382+0000] {dag.py:4138} INFO - Setting next_dagrun for flex_eau_pipeline to 2026-08-11 00:00:00+00:00, run_after=2026-08-12 00:00:00+00:00
[2026-08-11T19:03:28.421+0000] {processor.py:208} INFO - Processing /opt/airflow/dags/flex_eau_pipeline.py took 0.214 seconds
[2026-08-11T19:03:58.817+0000] {processor.py:186} INFO - Started process (PID=4857) to work on /opt/airflow/dags/flex_eau_pipeline.py
[2026-08-11T19:03:58.819+0000] {processor.py:914} INFO - Processing file /opt/airflow/dags/flex_eau_pipeline.py for tasks to queue
[2026-08-11T19:03:58.823+0000] {logging_mixin.py:190} INFO - [2026-08-11T19:03:58.822+0000] {dagbag.py:587} INFO - Filling up the DagBag from /opt/airflow/dags/flex_eau_pipeline.py
[2026-08-11T19:03:58.866+0000] {processor.py:925} INFO - DAG(s) 'flex_eau_pipeline' retrieved from /opt/airflow/dags/flex_eau_pipeline.py
[2026-08-11T19:03:58.947+0000] {logging_mixin.py:190} INFO - [2026-08-11T19:03:58.947+0000] {dag.py:3211} INFO - Sync 1 DAGs
[2026-08-11T19:03:58.996+0000] {logging_mixin.py:190} INFO - [2026-08-11T19:03:58.995+0000] {dag.py:4138} INFO - Setting next_dagrun for flex_eau_pipeline to 2026-08-11 00:00:00+00:00, run_after=2026-08-12 00:00:00+00:00
[2026-08-11T19:03:59.033+0000] {processor.py:208} INFO - Processing /opt/airflow/dags/flex_eau_pipeline.py took 0.231 seconds
[2026-08-11T19:04:29.315+0000] {processor.py:186} INFO - Started process (PID=4862) to work on /opt/airflow/dags/flex_eau_pipeline.py
[2026-08-11T19:04:29.317+0000] {processor.py:914} INFO - Processing file /opt/airflow/dags/flex_eau_pipeline.py for tasks to queue
[2026-08-11T19:04:29.320+0000] {logging_mixin.py:190} INFO - [2026-08-11T19:04:29.320+0000] {dagbag.py:587} INFO - Filling up the DagBag from /opt/airflow/dags/flex_eau_pipeline.py
[2026-08-11T19:04:29.360+0000] {processor.py:925} INFO - DAG(s) 'flex_eau_pipeline' retrieved from /opt/airflow/dags/flex_eau_pipeline.py
[2026-08-11T19:04:29.420+0000] {logging_mixin.py:190} INFO - [2026-08-11T19:04:29.420+0000] {dag.py:3211} INFO - Sync 1 DAGs
[2026-08-11T19:04:29.460+0000] {logging_mixin.py:190} INFO - [2026-08-11T19:04:29.460+0000] {dag.py:4138} INFO - Setting next_dagrun for flex_eau_pipeline to 2026-08-11 00:00:00+00:00, run_after=2026-08-12 00:00:00+00:00
[2026-08-11T19:04:29.496+0000] {processor.py:208} INFO - Processing /opt/airflow/dags/flex_eau_pipeline.py took 0.192 seconds
[2026-08-11T19:04:59.721+0000] {processor.py:186} INFO - Started process (PID=4867) to work on /opt/airflow/dags/flex_eau_pipeline.py
[2026-08-11T19:04:59.722+0000] {processor.py:914} INFO - Processing file /opt/airflow/dags/flex_eau_pipeline.py for tasks to queue
[2026-08-11T19:04:59.724+0000] {logging_mixin.py:190} INFO - [2026-08-11T19:04:59.724+0000] {dagbag.py:587} INFO - Filling up the DagBag from /opt/airflow/dags/flex_eau_pipeline.py
[2026-08-11T19:04:59.753+0000] {processor.py:925} INFO - DAG(s) 'flex_eau_pipeline' retrieved from /opt/airflow/dags/flex_eau_pipeline.py
[2026-08-11T19:04:59.802+0000] {logging_mixin.py:190} INFO - [2026-08-11T19:04:59.802+0000] {dag.py:3211} INFO - Sync 1 DAGs
[2026-08-11T19:04:59.836+0000] {logging_mixin.py:190} INFO - [2026-08-11T19:04:59.836+0000] {dag.py:4138} INFO - Setting next_dagrun for flex_eau_pipeline to 2026-08-11 00:00:00+00:00, run_after=2026-08-12 00:00:00+00:00
[2026-08-11T19:04:59.865+0000] {processor.py:208} INFO - Processing /opt/airflow/dags/flex_eau_pipeline.py took 0.156 seconds
[2026-08-11T19:05:30.221+0000] {processor.py:186} INFO - Started process (PID=4872) to work on /opt/airflow/dags/flex_eau_pipeline.py
[2026-08-11T19:05:30.223+0000] {processor.py:914} INFO - Processing file /opt/airflow/dags/flex_eau_pipeline.py for tasks to queue
[2026-08-11T19:05:30.226+0000] {logging_mixin.py:190} INFO - [2026-08-11T19:05:30.225+0000] {dagbag.py:587} INFO - Filling up the DagBag from /opt/airflow/dags/flex_eau_pipeline.py
[2026-08-11T19:05:30.262+0000] {processor.py:925} INFO - DAG(s) 'flex_eau_pipeline' retrieved from /opt/airflow/dags/flex_eau_pipeline.py
[2026-08-11T19:05:30.342+0000] {logging_mixin.py:190} INFO - [2026-08-11T19:05:30.341+0000] {dag.py:3211} INFO - Sync 1 DAGs
[2026-08-11T19:05:30.388+0000] {logging_mixin.py:190} INFO - [2026-08-11T19:05:30.388+0000] {dag.py:4138} INFO - Setting next_dagrun for flex_eau_pipeline to 2026-08-11 00:00:00+00:00, run_after=2026-08-12 00:00:00+00:00
[2026-08-11T19:05:30.426+0000] {processor.py:208} INFO - Processing /opt/airflow/dags/flex_eau_pipeline.py took 0.217 seconds
[2026-08-11T19:06:00.667+0000] {processor.py:186} INFO - Started process (PID=4877) to work on /opt/airflow/dags/flex_eau_pipeline.py
[2026-08-11T19:06:00.669+0000] {processor.py:914} INFO - Processing file /opt/airflow/dags/flex_eau_pipeline.py for tasks to queue
[2026-08-11T19:06:00.670+0000] {logging_mixin.py:190} INFO - [2026-08-11T19:06:00.670+0000] {dagbag.py:587} INFO - Filling up the DagBag from /opt/airflow/dags/flex_eau_pipeline.py
[2026-08-11T19:06:00.705+0000] {processor.py:925} INFO - DAG(s) 'flex_eau_pipeline' retrieved from /opt/airflow/dags/flex_eau_pipeline.py
[2026-08-11T19:06:00.770+0000] {logging_mixin.py:190} INFO - [2026-08-11T19:06:00.770+0000] {dag.py:3211} INFO - Sync 1 DAGs
[2026-08-11T19:06:00.815+0000] {logging_mixin.py:190} INFO - [2026-08-11T19:06:00.814+0000] {dag.py:4138} INFO - Setting next_dagrun for flex_eau_pipeline to 2026-08-11 00:00:00+00:00, run_after=2026-08-12 00:00:00+00:00
[2026-08-11T19:06:00.851+0000] {processor.py:208} INFO - Processing /opt/airflow/dags/flex_eau_pipeline.py took 0.196 seconds
[2026-08-11T19:06:31.154+0000] {processor.py:186} INFO - Started process (PID=4882) to work on /opt/airflow/dags/flex_eau_pipeline.py
[2026-08-11T19:06:31.156+0000] {processor.py:914} INFO - Processing file /opt/airflow/dags/flex_eau_pipeline.py for tasks to queue
[2026-08-11T19:06:31.158+0000] {logging_mixin.py:190} INFO - [2026-08-11T19:06:31.158+0000] {dagbag.py:587} INFO - Filling up the DagBag from /opt/airflow/dags/flex_eau_pipeline.py
[2026-08-11T19:06:31.188+0000] {processor.py:925} INFO - DAG(s) 'flex_eau_pipeline' retrieved from /opt/airflow/dags/flex_eau_pipeline.py
[2026-08-11T19:06:31.240+0000] {logging_mixin.py:190} INFO - [2026-08-11T19:06:31.240+0000] {dag.py:3211} INFO - Sync 1 DAGs
[2026-08-11T19:06:31.276+0000] {logging_mixin.py:190} INFO - [2026-08-11T19:06:31.276+0000] {dag.py:4138} INFO - Setting next_dagrun for flex_eau_pipeline to 2026-08-11 00:00:00+00:00, run_after=2026-08-12 00:00:00+00:00
[2026-08-11T19:06:31.310+0000] {processor.py:208} INFO - Processing /opt/airflow/dags/flex_eau_pipeline.py took 0.166 seconds
[2026-08-11T19:07:01.572+0000] {processor.py:186} INFO - Started process (PID=4887) to work on /opt/airflow/dags/flex_eau_pipeline.py
[2026-08-11T19:07:01.574+0000] {processor.py:914} INFO - Processing file /opt/airflow/dags/flex_eau_pipeline.py for tasks to queue
[2026-08-11T19:07:01.576+0000] {logging_mixin.py:190} INFO - [2026-08-11T19:07:01.576+0000] {dagbag.py:587} INFO - Filling up the DagBag from /opt/airflow/dags/flex_eau_pipeline.py
[2026-08-11T19:07:01.610+0000] {processor.py:925} INFO - DAG(s) 'flex_eau_pipeline' retrieved from /opt/airflow/dags/flex_eau_pipeline.py
[2026-08-11T19:07:01.676+0000] {logging_mixin.py:190} INFO - [2026-08-11T19:07:01.675+0000] {dag.py:3211} INFO - Sync 1 DAGs
[2026-08-11T19:07:01.729+0000] {logging_mixin.py:190} INFO - [2026-08-11T19:07:01.728+0000] {dag.py:4138} INFO - Setting next_dagrun for flex_eau_pipeline to 2026-08-11 00:00:00+00:00, run_after=2026-08-12 00:00:00+00:00
[2026-08-11T19:07:01.769+0000] {processor.py:208} INFO - Processing /opt/airflow/dags/flex_eau_pipeline.py took 0.207 seconds
[2026-08-11T19:07:32.317+0000] {processor.py:186} INFO - Started process (PID=4892) to work on /opt/airflow/dags/flex_eau_pipeline.py
[2026-08-11T19:07:32.319+0000] {processor.py:914} INFO - Processing file /opt/airflow/dags/flex_eau_pipeline.py for tasks to queue
[2026-08-11T19:07:32.322+0000] {logging_mixin.py:190} INFO - [2026-08-11T19:07:32.321+0000] {dagbag.py:587} INFO - Filling up the DagBag from /opt/airflow/dags/flex_eau_pipeline.py
[2026-08-11T19:07:32.366+0000] {processor.py:925} INFO - DAG(s) 'flex_eau_pipeline' retrieved from /opt/airflow/dags/flex_eau_pipeline.py
[2026-08-11T19:07:32.474+0000] {logging_mixin.py:190} INFO - [2026-08-11T19:07:32.473+0000] {dag.py:3211} INFO - Sync 1 DAGs
[2026-08-11T19:07:32.536+0000] {logging_mixin.py:190} INFO - [2026-08-11T19:07:32.536+0000] {dag.py:4138} INFO - Setting next_dagrun for flex_eau_pipeline to 2026-08-11 00:00:00+00:00, run_after=2026-08-12 00:00:00+00:00
[2026-08-11T19:07:32.581+0000] {processor.py:208} INFO - Processing /opt/airflow/dags/flex_eau_pipeline.py took 0.279 seconds
[2026-08-11T19:08:02.803+0000] {processor.py:186} INFO - Started process (PID=4897) to work on /opt/airflow/dags/flex_eau_pipeline.py
[2026-08-11T19:08:02.806+0000] {processor.py:914} INFO - Processing file /opt/airflow/dags/flex_eau_pipeline.py for tasks to queue
[2026-08-11T19:08:02.811+0000] {logging_mixin.py:190} INFO - [2026-08-11T19:08:02.810+0000] {dagbag.py:587} INFO - Filling up the DagBag from /opt/airflow/dags/flex_eau_pipeline.py
[2026-08-11T19:08:02.857+0000] {processor.py:925} INFO - DAG(s) 'flex_eau_pipeline' retrieved from /opt/airflow/dags/flex_eau_pipeline.py
[2026-08-11T19:08:02.944+0000] {logging_mixin.py:190} INFO - [2026-08-11T19:08:02.943+0000] {dag.py:3211} INFO - Sync 1 DAGs
[2026-08-11T19:08:03.006+0000] {logging_mixin.py:190} INFO - [2026-08-11T19:08:03.006+0000] {dag.py:4138} INFO - Setting next_dagrun for flex_eau_pipeline to 2026-08-11 00:00:00+00:00, run_after=2026-08-12 00:00:00+00:00
[2026-08-11T19:08:03.055+0000] {processor.py:208} INFO - Processing /opt/airflow/dags/flex_eau_pipeline.py took 0.270 seconds
[2026-08-11T19:08:33.292+0000] {processor.py:186} INFO - Started process (PID=4902) to work on /opt/airflow/dags/flex_eau_pipeline.py
[2026-08-11T19:08:33.298+0000] {processor.py:914} INFO - Processing file /opt/airflow/dags/flex_eau_pipeline.py for tasks to queue
[2026-08-11T19:08:33.301+0000] {logging_mixin.py:190} INFO - [2026-08-11T19:08:33.300+0000] {dagbag.py:587} INFO - Filling up the DagBag from /opt/airflow/dags/flex_eau_pipeline.py
[2026-08-11T19:08:33.340+0000] {processor.py:925} INFO - DAG(s) 'flex_eau_pipeline' retrieved from /opt/airflow/dags/flex_eau_pipeline.py
[2026-08-11T19:08:33.438+0000] {logging_mixin.py:190} INFO - [2026-08-11T19:08:33.438+0000] {dag.py:3211} INFO - Sync 1 DAGs
[2026-08-11T19:08:33.536+0000] {logging_mixin.py:190} INFO - [2026-08-11T19:08:33.531+0000] {dag.py:4138} INFO - Setting next_dagrun for flex_eau_pipeline to 2026-08-11 00:00:00+00:00, run_after=2026-08-12 00:00:00+00:00
[2026-08-11T19:08:33.620+0000] {processor.py:208} INFO - Processing /opt/airflow/dags/flex_eau_pipeline.py took 0.346 seconds
[2026-08-11T19:09:04.040+0000] {processor.py:186} INFO - Started process (PID=4907) to work on /opt/airflow/dags/flex_eau_pipeline.py
[2026-08-11T19:09:04.045+0000] {processor.py:914} INFO - Processing file /opt/airflow/dags/flex_eau_pipeline.py for tasks to queue
[2026-08-11T19:09:04.049+0000] {logging_mixin.py:190} INFO - [2026-08-11T19:09:04.048+0000] {dagbag.py:587} INFO - Filling up the DagBag from /opt/airflow/dags/flex_eau_pipeline.py
[2026-08-11T19:09:04.113+0000] {processor.py:925} INFO - DAG(s) 'flex_eau_pipeline' retrieved from /opt/airflow/dags/flex_eau_pipeline.py
[2026-08-11T19:09:04.241+0000] {logging_mixin.py:190} INFO - [2026-08-11T19:09:04.241+0000] {dag.py:3211} INFO - Sync 1 DAGs
[2026-08-11T19:09:04.325+0000] {logging_mixin.py:190} INFO - [2026-08-11T19:09:04.325+0000] {dag.py:4138} INFO - Setting next_dagrun for flex_eau_pipeline to 2026-08-11 00:00:00+00:00, run_after=2026-08-12 00:00:00+00:00
[2026-08-11T19:09:04.379+0000] {processor.py:208} INFO - Processing /opt/airflow/dags/flex_eau_pipeline.py took 0.371 seconds
[2026-08-11T19:09:34.941+0000] {processor.py:186} INFO - Started process (PID=4912) to work on /opt/airflow/dags/flex_eau_pipeline.py
[2026-08-11T19:09:34.943+0000] {processor.py:914} INFO - Processing file /opt/airflow/dags/flex_eau_pipeline.py for tasks to queue
[2026-08-11T19:09:34.947+0000] {logging_mixin.py:190} INFO - [2026-08-11T19:09:34.946+0000] {dagbag.py:587} INFO - Filling up the DagBag from /opt/airflow/dags/flex_eau_pipeline.py
[2026-08-11T19:09:34.983+0000] {processor.py:925} INFO - DAG(s) 'flex_eau_pipeline' retrieved from /opt/airflow/dags/flex_eau_pipeline.py
[2026-08-11T19:09:35.053+0000] {logging_mixin.py:190} INFO - [2026-08-11T19:09:35.053+0000] {dag.py:3211} INFO - Sync 1 DAGs
[2026-08-11T19:09:35.098+0000] {logging_mixin.py:190} INFO - [2026-08-11T19:09:35.097+0000] {dag.py:4138} INFO - Setting next_dagrun for flex_eau_pipeline to 2026-08-11 00:00:00+00:00, run_after=2026-08-12 00:00:00+00:00
[2026-08-11T19:09:35.133+0000] {processor.py:208} INFO - Processing /opt/airflow/dags/flex_eau_pipeline.py took 0.206 seconds
[2026-08-11T19:10:05.314+0000] {processor.py:186} INFO - Started process (PID=4917) to work on /opt/airflow/dags/flex_eau_pipeline.py
[2026-08-11T19:10:05.316+0000] {processor.py:914} INFO - Processing file /opt/airflow/dags/flex_eau_pipeline.py for tasks to queue
[2026-08-11T19:10:05.318+0000] {logging_mixin.py:190} INFO - [2026-08-11T19:10:05.318+0000] {dagbag.py:587} INFO - Filling up the DagBag from /opt/airflow/dags/flex_eau_pipeline.py
[2026-08-11T19:10:05.354+0000] {processor.py:925} INFO - DAG(s) 'flex_eau_pipeline' retrieved from /opt/airflow/dags/flex_eau_pipeline.py
[2026-08-11T19:10:05.428+0000] {logging_mixin.py:190} INFO - [2026-08-11T19:10:05.427+0000] {dag.py:3211} INFO - Sync 1 DAGs
[2026-08-11T19:10:05.468+0000] {logging_mixin.py:190} INFO - [2026-08-11T19:10:05.467+0000] {dag.py:4138} INFO - Setting next_dagrun for flex_eau_pipeline to 2026-08-11 00:00:00+00:00, run_after=2026-08-12 00:00:00+00:00
[2026-08-11T19:10:05.497+0000] {processor.py:208} INFO - Processing /opt/airflow/dags/flex_eau_pipeline.py took 0.193 seconds
[2026-08-11T19:10:35.674+0000] {processor.py:186} INFO - Started process (PID=4922) to work on /opt/airflow/dags/flex_eau_pipeline.py
[2026-08-11T19:10:35.676+0000] {processor.py:914} INFO - Processing file /opt/airflow/dags/flex_eau_pipeline.py for tasks to queue
[2026-08-11T19:10:35.679+0000] {logging_mixin.py:190} INFO - [2026-08-11T19:10:35.678+0000] {dagbag.py:587} INFO - Filling up the DagBag from /opt/airflow/dags/flex_eau_pipeline.py
[2026-08-11T19:10:35.734+0000] {processor.py:925} INFO - DAG(s) 'flex_eau_pipeline' retrieved from /opt/airflow/dags/flex_eau_pipeline.py
[2026-08-11T19:10:35.816+0000] {logging_mixin.py:190} INFO - [2026-08-11T19:10:35.815+0000] {dag.py:3211} INFO - Sync 1 DAGs
[2026-08-11T19:10:35.871+0000] {logging_mixin.py:190} INFO - [2026-08-11T19:10:35.870+0000] {dag.py:4138} INFO - Setting next_dagrun for flex_eau_pipeline to 2026-08-11 00:00:00+00:00, run_after=2026-08-12 00:00:00+00:00
[2026-08-11T19:10:35.915+0000] {processor.py:208} INFO - Processing /opt/airflow/dags/flex_eau_pipeline.py took 0.257 seconds
[2026-08-11T19:11:06.600+0000] {processor.py:186} INFO - Started process (PID=4927) to work on /opt/airflow/dags/flex_eau_pipeline.py
[2026-08-11T19:11:06.602+0000] {processor.py:914} INFO - Processing file /opt/airflow/dags/flex_eau_pipeline.py for tasks to queue
[2026-08-11T19:11:06.610+0000] {logging_mixin.py:190} INFO - [2026-08-11T19:11:06.608+0000] {dagbag.py:587} INFO - Filling up the DagBag from /opt/airflow/dags/flex_eau_pipeline.py
[2026-08-11T19:11:06.672+0000] {processor.py:925} INFO - DAG(s) 'flex_eau_pipeline' retrieved from /opt/airflow/dags/flex_eau_pipeline.py
[2026-08-11T19:11:06.822+0000] {logging_mixin.py:190} INFO - [2026-08-11T19:11:06.822+0000] {dag.py:3211} INFO - Sync 1 DAGs
[2026-08-11T19:11:06.935+0000] {logging_mixin.py:190} INFO - [2026-08-11T19:11:06.934+0000] {dag.py:4138} INFO - Setting next_dagrun for flex_eau_pipeline to 2026-08-11 00:00:00+00:00, run_after=2026-08-12 00:00:00+00:00
[2026-08-11T19:11:06.992+0000] {processor.py:208} INFO - Processing /opt/airflow/dags/flex_eau_pipeline.py took 0.415 seconds
[2026-08-11T19:11:37.559+0000] {processor.py:186} INFO - Started process (PID=4932) to work on /opt/airflow/dags/flex_eau_pipeline.py
[2026-08-11T19:11:37.561+0000] {processor.py:914} INFO - Processing file /opt/airflow/dags/flex_eau_pipeline.py for tasks to queue
[2026-08-11T19:11:37.566+0000] {logging_mixin.py:190} INFO - [2026-08-11T19:11:37.565+0000] {dagbag.py:587} INFO - Filling up the DagBag from /opt/airflow/dags/flex_eau_pipeline.py
[2026-08-11T19:11:37.620+0000] {processor.py:925} INFO - DAG(s) 'flex_eau_pipeline' retrieved from /opt/airflow/dags/flex_eau_pipeline.py
[2026-08-11T19:11:37.726+0000] {logging_mixin.py:190} INFO - [2026-08-11T19:11:37.726+0000] {dag.py:3211} INFO - Sync 1 DAGs
[2026-08-11T19:11:37.794+0000] {logging_mixin.py:190} INFO - [2026-08-11T19:11:37.794+0000] {dag.py:4138} INFO - Setting next_dagrun for flex_eau_pipeline to 2026-08-11 00:00:00+00:00, run_after=2026-08-12 00:00:00+00:00
[2026-08-11T19:11:37.843+0000] {processor.py:208} INFO - Processing /opt/airflow/dags/flex_eau_pipeline.py took 0.308 seconds
[2026-08-11T19:12:07.999+0000] {processor.py:186} INFO - Started process (PID=4937) to work on /opt/airflow/dags/flex_eau_pipeline.py
[2026-08-11T19:12:08.002+0000] {processor.py:914} INFO - Processing file /opt/airflow/dags/flex_eau_pipeline.py for tasks to queue
[2026-08-11T19:12:08.004+0000] {logging_mixin.py:190} INFO - [2026-08-11T19:12:08.004+0000] {dagbag.py:587} INFO - Filling up the DagBag from /opt/airflow/dags/flex_eau_pipeline.py
[2026-08-11T19:12:08.032+0000] {processor.py:925} INFO - DAG(s) 'flex_eau_pipeline' retrieved from /opt/airflow/dags/flex_eau_pipeline.py
[2026-08-11T19:12:08.091+0000] {logging_mixin.py:190} INFO - [2026-08-11T19:12:08.090+0000] {dag.py:3211} INFO - Sync 1 DAGs
[2026-08-11T19:12:08.124+0000] {logging_mixin.py:190} INFO - [2026-08-11T19:12:08.124+0000] {dag.py:4138} INFO - Setting next_dagrun for flex_eau_pipeline to 2026-08-11 00:00:00+00:00, run_after=2026-08-12 00:00:00+00:00
[2026-08-11T19:12:08.156+0000] {processor.py:208} INFO - Processing /opt/airflow/dags/flex_eau_pipeline.py took 0.166 seconds
[2026-08-11T19:12:38.369+0000] {processor.py:186} INFO - Started process (PID=4942) to work on /opt/airflow/dags/flex_eau_pipeline.py
[2026-08-11T19:12:38.371+0000] {processor.py:914} INFO - Processing file /opt/airflow/dags/flex_eau_pipeline.py for tasks to queue
[2026-08-11T19:12:38.374+0000] {logging_mixin.py:190} INFO - [2026-08-11T19:12:38.374+0000] {dagbag.py:587} INFO - Filling up the DagBag from /opt/airflow/dags/flex_eau_pipeline.py
[2026-08-11T19:12:38.412+0000] {processor.py:925} INFO - DAG(s) 'flex_eau_pipeline' retrieved from /opt/airflow/dags/flex_eau_pipeline.py
[2026-08-11T19:12:38.459+0000] {logging_mixin.py:190} INFO - [2026-08-11T19:12:38.459+0000] {dag.py:3211} INFO - Sync 1 DAGs
[2026-08-11T19:12:38.488+0000] {logging_mixin.py:190} INFO - [2026-08-11T19:12:38.488+0000] {dag.py:4138} INFO - Setting next_dagrun for flex_eau_pipeline to 2026-08-11 00:00:00+00:00, run_after=2026-08-12 00:00:00+00:00
[2026-08-11T19:12:38.526+0000] {processor.py:208} INFO - Processing /opt/airflow/dags/flex_eau_pipeline.py took 0.165 seconds
[2026-08-11T19:13:08.770+0000] {processor.py:186} INFO - Started process (PID=4947) to work on /opt/airflow/dags/flex_eau_pipeline.py
[2026-08-11T19:13:08.772+0000] {processor.py:914} INFO - Processing file /opt/airflow/dags/flex_eau_pipeline.py for tasks to queue
[2026-08-11T19:13:08.773+0000] {logging_mixin.py:190} INFO - [2026-08-11T19:13:08.773+0000] {dagbag.py:587} INFO - Filling up the DagBag from /opt/airflow/dags/flex_eau_pipeline.py
[2026-08-11T19:13:08.801+0000] {processor.py:925} INFO - DAG(s) 'flex_eau_pipeline' retrieved from /opt/airflow/dags/flex_eau_pipeline.py
[2026-08-11T19:13:08.856+0000] {logging_mixin.py:190} INFO - [2026-08-11T19:13:08.856+0000] {dag.py:3211} INFO - Sync 1 DAGs
[2026-08-11T19:13:08.898+0000] {logging_mixin.py:190} INFO - [2026-08-11T19:13:08.898+0000] {dag.py:4138} INFO - Setting next_dagrun for flex_eau_pipeline to 2026-08-11 00:00:00+00:00, run_after=2026-08-12 00:00:00+00:00
[2026-08-11T19:13:08.936+0000] {processor.py:208} INFO - Processing /opt/airflow/dags/flex_eau_pipeline.py took 0.175 seconds
[2026-08-11T19:13:39.447+0000] {processor.py:186} INFO - Started process (PID=4952) to work on /opt/airflow/dags/flex_eau_pipeline.py
[2026-08-11T19:13:39.451+0000] {processor.py:914} INFO - Processing file /opt/airflow/dags/flex_eau_pipeline.py for tasks to queue
[2026-08-11T19:13:39.455+0000] {logging_mixin.py:190} INFO - [2026-08-11T19:13:39.454+0000] {dagbag.py:587} INFO - Filling up the DagBag from /opt/airflow/dags/flex_eau_pipeline.py
[2026-08-11T19:13:39.510+0000] {processor.py:925} INFO - DAG(s) 'flex_eau_pipeline' retrieved from /opt/airflow/dags/flex_eau_pipeline.py
[2026-08-11T19:13:39.608+0000] {logging_mixin.py:190} INFO - [2026-08-11T19:13:39.608+0000] {dag.py:3211} INFO - Sync 1 DAGs
[2026-08-11T19:13:39.660+0000] {logging_mixin.py:190} INFO - [2026-08-11T19:13:39.660+0000] {dag.py:4138} INFO - Setting next_dagrun for flex_eau_pipeline to 2026-08-11 00:00:00+00:00, run_after=2026-08-12 00:00:00+00:00
[2026-08-11T19:13:39.696+0000] {processor.py:208} INFO - Processing /opt/airflow/dags/flex_eau_pipeline.py took 0.267 seconds
[2026-08-11T19:14:09.828+0000] {processor.py:186} INFO - Started process (PID=4957) to work on /opt/airflow/dags/flex_eau_pipeline.py
[2026-08-11T19:14:09.830+0000] {processor.py:914} INFO - Processing file /opt/airflow/dags/flex_eau_pipeline.py for tasks to queue
[2026-08-11T19:14:09.831+0000] {logging_mixin.py:190} INFO - [2026-08-11T19:14:09.831+0000] {dagbag.py:587} INFO - Filling up the DagBag from /opt/airflow/dags/flex_eau_pipeline.py
[2026-08-11T19:14:09.861+0000] {processor.py:925} INFO - DAG(s) 'flex_eau_pipeline' retrieved from /opt/airflow/dags/flex_eau_pipeline.py
[2026-08-11T19:14:09.908+0000] {logging_mixin.py:190} INFO - [2026-08-11T19:14:09.908+0000] {dag.py:3211} INFO - Sync 1 DAGs
[2026-08-11T19:14:09.942+0000] {logging_mixin.py:190} INFO - [2026-08-11T19:14:09.941+0000] {dag.py:4138} INFO - Setting next_dagrun for flex_eau_pipeline to 2026-08-11 00:00:00+00:00, run_after=2026-08-12 00:00:00+00:00
[2026-08-11T19:14:09.972+0000] {processor.py:208} INFO - Processing /opt/airflow/dags/flex_eau_pipeline.py took 0.153 seconds
[2026-08-11T19:14:40.221+0000] {processor.py:186} INFO - Started process (PID=4962) to work on /opt/airflow/dags/flex_eau_pipeline.py
[2026-08-11T19:14:40.222+0000] {processor.py:914} INFO - Processing file /opt/airflow/dags/flex_eau_pipeline.py for tasks to queue
[2026-08-11T19:14:40.224+0000] {logging_mixin.py:190} INFO - [2026-08-11T19:14:40.224+0000] {dagbag.py:587} INFO - Filling up the DagBag from /opt/airflow/dags/flex_eau_pipeline.py
[2026-08-11T19:14:40.256+0000] {processor.py:925} INFO - DAG(s) 'flex_eau_pipeline' retrieved from /opt/airflow/dags/flex_eau_pipeline.py
[2026-08-11T19:14:40.314+0000] {logging_mixin.py:190} INFO - [2026-08-11T19:14:40.314+0000] {dag.py:3211} INFO - Sync 1 DAGs
[2026-08-11T19:14:40.353+0000] {logging_mixin.py:190} INFO - [2026-08-11T19:14:40.353+0000] {dag.py:4138} INFO - Setting next_dagrun for flex_eau_pipeline to 2026-08-11 00:00:00+00:00, run_after=2026-08-12 00:00:00+00:00
[2026-08-11T19:14:40.387+0000] {processor.py:208} INFO - Processing /opt/airflow/dags/flex_eau_pipeline.py took 0.178 seconds
[2026-08-11T19:15:10.771+0000] {processor.py:186} INFO - Started process (PID=4967) to work on /opt/airflow/dags/flex_eau_pipeline.py
[2026-08-11T19:15:10.772+0000] {processor.py:914} INFO - Processing file /opt/airflow/dags/flex_eau_pipeline.py for tasks to queue
[2026-08-11T19:15:10.774+0000] {logging_mixin.py:190} INFO - [2026-08-11T19:15:10.773+0000] {dagbag.py:587} INFO - Filling up the DagBag from /opt/airflow/dags/flex_eau_pipeline.py
[2026-08-11T19:15:10.801+0000] {processor.py:925} INFO - DAG(s) 'flex_eau_pipeline' retrieved from /opt/airflow/dags/flex_eau_pipeline.py
[2026-08-11T19:15:10.850+0000] {logging_mixin.py:190} INFO - [2026-08-11T19:15:10.850+0000] {dag.py:3211} INFO - Sync 1 DAGs
[2026-08-11T19:15:10.877+0000] {logging_mixin.py:190} INFO - [2026-08-11T19:15:10.877+0000] {dag.py:4138} INFO - Setting next_dagrun for flex_eau_pipeline to 2026-08-11 00:00:00+00:00, run_after=2026-08-12 00:00:00+00:00
[2026-08-11T19:15:10.906+0000] {processor.py:208} INFO - Processing /opt/airflow/dags/flex_eau_pipeline.py took 0.143 seconds
[2026-08-11T19:15:41.374+0000] {processor.py:186} INFO - Started process (PID=4972) to work on /opt/airflow/dags/flex_eau_pipeline.py
[2026-08-11T19:15:41.375+0000] {processor.py:914} INFO - Processing file /opt/airflow/dags/flex_eau_pipeline.py for tasks to queue
[2026-08-11T19:15:41.378+0000] {logging_mixin.py:190} INFO - [2026-08-11T19:15:41.377+0000] {dagbag.py:587} INFO - Filling up the DagBag from /opt/airflow/dags/flex_eau_pipeline.py
[2026-08-11T19:15:41.418+0000] {processor.py:925} INFO - DAG(s) 'flex_eau_pipeline' retrieved from /opt/airflow/dags/flex_eau_pipeline.py
[2026-08-11T19:15:41.492+0000] {logging_mixin.py:190} INFO - [2026-08-11T19:15:41.492+0000] {dag.py:3211} INFO - Sync 1 DAGs
[2026-08-11T19:15:41.547+0000] {logging_mixin.py:190} INFO - [2026-08-11T19:15:41.546+0000] {dag.py:4138} INFO - Setting next_dagrun for flex_eau_pipeline to 2026-08-11 00:00:00+00:00, run_after=2026-08-12 00:00:00+00:00
[2026-08-11T19:15:41.591+0000] {processor.py:208} INFO - Processing /opt/airflow/dags/flex_eau_pipeline.py took 0.229 seconds
[2026-08-11T19:16:11.784+0000] {processor.py:186} INFO - Started process (PID=4977) to work on /opt/airflow/dags/flex_eau_pipeline.py
[2026-08-11T19:16:11.786+0000] {processor.py:914} INFO - Processing file /opt/airflow/dags/flex_eau_pipeline.py for tasks to queue
[2026-08-11T19:16:11.789+0000] {logging_mixin.py:190} INFO - [2026-08-11T19:16:11.788+0000] {dagbag.py:587} INFO - Filling up the DagBag from /opt/airflow/dags/flex_eau_pipeline.py
[2026-08-11T19:16:11.825+0000] {processor.py:925} INFO - DAG(s) 'flex_eau_pipeline' retrieved from /opt/airflow/dags/flex_eau_pipeline.py
[2026-08-11T19:16:11.892+0000] {logging_mixin.py:190} INFO - [2026-08-11T19:16:11.892+0000] {dag.py:3211} INFO - Sync 1 DAGs
[2026-08-11T19:16:11.931+0000] {logging_mixin.py:190} INFO - [2026-08-11T19:16:11.930+0000] {dag.py:4138} INFO - Setting next_dagrun for flex_eau_pipeline to 2026-08-11 00:00:00+00:00, run_after=2026-08-12 00:00:00+00:00
[2026-08-11T19:16:11.970+0000] {processor.py:208} INFO - Processing /opt/airflow/dags/flex_eau_pipeline.py took 0.203 seconds
[2026-08-11T19:16:42.424+0000] {processor.py:186} INFO - Started process (PID=4982) to work on /opt/airflow/dags/flex_eau_pipeline.py
[2026-08-11T19:16:42.427+0000] {processor.py:914} INFO - Processing file /opt/airflow/dags/flex_eau_pipeline.py for tasks to queue
[2026-08-11T19:16:42.429+0000] {logging_mixin.py:190} INFO - [2026-08-11T19:16:42.429+0000] {dagbag.py:587} INFO - Filling up the DagBag from /opt/airflow/dags/flex_eau_pipeline.py
[2026-08-11T19:16:42.468+0000] {processor.py:925} INFO - DAG(s) 'flex_eau_pipeline' retrieved from /opt/airflow/dags/flex_eau_pipeline.py
[2026-08-11T19:16:42.535+0000] {logging_mixin.py:190} INFO - [2026-08-11T19:16:42.535+0000] {dag.py:3211} INFO - Sync 1 DAGs
[2026-08-11T19:16:42.577+0000] {logging_mixin.py:190} INFO - [2026-08-11T19:16:42.577+0000] {dag.py:4138} INFO - Setting next_dagrun for flex_eau_pipeline to 2026-08-11 00:00:00+00:00, run_after=2026-08-12 00:00:00+00:00
[2026-08-11T19:16:42.612+0000] {processor.py:208} INFO - Processing /opt/airflow/dags/flex_eau_pipeline.py took 0.196 seconds
[2026-08-11T19:17:12.863+0000] {processor.py:186} INFO - Started process (PID=4987) to work on /opt/airflow/dags/flex_eau_pipeline.py
[2026-08-11T19:17:12.865+0000] {processor.py:914} INFO - Processing file /opt/airflow/dags/flex_eau_pipeline.py for tasks to queue
[2026-08-11T19:17:12.867+0000] {logging_mixin.py:190} INFO - [2026-08-11T19:17:12.866+0000] {dagbag.py:587} INFO - Filling up the DagBag from /opt/airflow/dags/flex_eau_pipeline.py
[2026-08-11T19:17:12.917+0000] {processor.py:925} INFO - DAG(s) 'flex_eau_pipeline' retrieved from /opt/airflow/dags/flex_eau_pipeline.py
[2026-08-11T19:17:13.012+0000] {logging_mixin.py:190} INFO - [2026-08-11T19:17:13.011+0000] {dag.py:3211} INFO - Sync 1 DAGs
[2026-08-11T19:17:13.061+0000] {logging_mixin.py:190} INFO - [2026-08-11T19:17:13.061+0000] {dag.py:4138} INFO - Setting next_dagrun for flex_eau_pipeline to 2026-08-11 00:00:00+00:00, run_after=2026-08-12 00:00:00+00:00
[2026-08-11T19:17:13.110+0000] {processor.py:208} INFO - Processing /opt/airflow/dags/flex_eau_pipeline.py took 0.261 seconds
[2026-08-11T19:17:43.487+0000] {processor.py:186} INFO - Started process (PID=4992) to work on /opt/airflow/dags/flex_eau_pipeline.py
[2026-08-11T19:17:43.488+0000] {processor.py:914} INFO - Processing file /opt/airflow/dags/flex_eau_pipeline.py for tasks to queue
[2026-08-11T19:17:43.490+0000] {logging_mixin.py:190} INFO - [2026-08-11T19:17:43.489+0000] {dagbag.py:587} INFO - Filling up the DagBag from /opt/airflow/dags/flex_eau_pipeline.py
[2026-08-11T19:17:43.516+0000] {processor.py:925} INFO - DAG(s) 'flex_eau_pipeline' retrieved from /opt/airflow/dags/flex_eau_pipeline.py
[2026-08-11T19:17:43.567+0000] {logging_mixin.py:190} INFO - [2026-08-11T19:17:43.567+0000] {dag.py:3211} INFO - Sync 1 DAGs
[2026-08-11T19:17:43.600+0000] {logging_mixin.py:190} INFO - [2026-08-11T19:17:43.600+0000] {dag.py:4138} INFO - Setting next_dagrun for flex_eau_pipeline to 2026-08-11 00:00:00+00:00, run_after=2026-08-12 00:00:00+00:00
[2026-08-11T19:17:43.631+0000] {processor.py:208} INFO - Processing /opt/airflow/dags/flex_eau_pipeline.py took 0.152 seconds
[2026-08-11T19:18:13.913+0000] {processor.py:186} INFO - Started process (PID=4997) to work on /opt/airflow/dags/flex_eau_pipeline.py
[2026-08-11T19:18:13.915+0000] {processor.py:914} INFO - Processing file /opt/airflow/dags/flex_eau_pipeline.py for tasks to queue
[2026-08-11T19:18:13.917+0000] {logging_mixin.py:190} INFO - [2026-08-11T19:18:13.917+0000] {dagbag.py:587} INFO - Filling up the DagBag from /opt/airflow/dags/flex_eau_pipeline.py
[2026-08-11T19:18:13.963+0000] {processor.py:925} INFO - DAG(s) 'flex_eau_pipeline' retrieved from /opt/airflow/dags/flex_eau_pipeline.py
[2026-08-11T19:18:14.066+0000] {logging_mixin.py:190} INFO - [2026-08-11T19:18:14.065+0000] {dag.py:3211} INFO - Sync 1 DAGs
[2026-08-11T19:18:14.150+0000] {logging_mixin.py:190} INFO - [2026-08-11T19:18:14.150+0000] {dag.py:4138} INFO - Setting next_dagrun for flex_eau_pipeline to 2026-08-11 00:00:00+00:00, run_after=2026-08-12 00:00:00+00:00
[2026-08-11T19:18:14.204+0000] {processor.py:208} INFO - Processing /opt/airflow/dags/flex_eau_pipeline.py took 0.307 seconds
[2026-08-11T19:18:44.491+0000] {processor.py:186} INFO - Started process (PID=5002) to work on /opt/airflow/dags/flex_eau_pipeline.py
[2026-08-11T19:18:44.493+0000] {processor.py:914} INFO - Processing file /opt/airflow/dags/flex_eau_pipeline.py for tasks to queue
[2026-08-11T19:18:44.497+0000] {logging_mixin.py:190} INFO - [2026-08-11T19:18:44.496+0000] {dagbag.py:587} INFO - Filling up the DagBag from /opt/airflow/dags/flex_eau_pipeline.py
[2026-08-11T19:18:44.537+0000] {processor.py:925} INFO - DAG(s) 'flex_eau_pipeline' retrieved from /opt/airflow/dags/flex_eau_pipeline.py
[2026-08-11T19:18:44.612+0000] {logging_mixin.py:190} INFO - [2026-08-11T19:18:44.612+0000] {dag.py:3211} INFO - Sync 1 DAGs
[2026-08-11T19:18:44.679+0000] {logging_mixin.py:190} INFO - [2026-08-11T19:18:44.679+0000] {dag.py:4138} INFO - Setting next_dagrun for flex_eau_pipeline to 2026-08-11 00:00:00+00:00, run_after=2026-08-12 00:00:00+00:00
[2026-08-11T19:18:44.732+0000] {processor.py:208} INFO - Processing /opt/airflow/dags/flex_eau_pipeline.py took 0.257 seconds
[2026-08-11T19:19:15.124+0000] {processor.py:186} INFO - Started process (PID=5007) to work on /opt/airflow/dags/flex_eau_pipeline.py
[2026-08-11T19:19:15.127+0000] {processor.py:914} INFO - Processing file /opt/airflow/dags/flex_eau_pipeline.py for tasks to queue
[2026-08-11T19:19:15.129+0000] {logging_mixin.py:190} INFO - [2026-08-11T19:19:15.128+0000] {dagbag.py:587} INFO - Filling up the DagBag from /opt/airflow/dags/flex_eau_pipeline.py
[2026-08-11T19:19:15.190+0000] {processor.py:925} INFO - DAG(s) 'flex_eau_pipeline' retrieved from /opt/airflow/dags/flex_eau_pipeline.py
[2026-08-11T19:19:15.291+0000] {logging_mixin.py:190} INFO - [2026-08-11T19:19:15.289+0000] {dag.py:3211} INFO - Sync 1 DAGs
[2026-08-11T19:19:15.356+0000] {logging_mixin.py:190} INFO - [2026-08-11T19:19:15.355+0000] {dag.py:4138} INFO - Setting next_dagrun for flex_eau_pipeline to 2026-08-11 00:00:00+00:00, run_after=2026-08-12 00:00:00+00:00
[2026-08-11T19:19:15.429+0000] {processor.py:208} INFO - Processing /opt/airflow/dags/flex_eau_pipeline.py took 0.322 seconds
[2026-08-11T19:19:45.614+0000] {processor.py:186} INFO - Started process (PID=5012) to work on /opt/airflow/dags/flex_eau_pipeline.py
[2026-08-11T19:19:45.619+0000] {processor.py:914} INFO - Processing file /opt/airflow/dags/flex_eau_pipeline.py for tasks to queue
[2026-08-11T19:19:45.624+0000] {logging_mixin.py:190} INFO - [2026-08-11T19:19:45.623+0000] {dagbag.py:587} INFO - Filling up the DagBag from /opt/airflow/dags/flex_eau_pipeline.py
[2026-08-11T19:19:45.684+0000] {processor.py:925} INFO - DAG(s) 'flex_eau_pipeline' retrieved from /opt/airflow/dags/flex_eau_pipeline.py
[2026-08-11T19:19:45.786+0000] {logging_mixin.py:190} INFO - [2026-08-11T19:19:45.786+0000] {dag.py:3211} INFO - Sync 1 DAGs
[2026-08-11T19:19:45.840+0000] {logging_mixin.py:190} INFO - [2026-08-11T19:19:45.839+0000] {dag.py:4138} INFO - Setting next_dagrun for flex_eau_pipeline to 2026-08-11 00:00:00+00:00, run_after=2026-08-12 00:00:00+00:00
[2026-08-11T19:19:45.876+0000] {processor.py:208} INFO - Processing /opt/airflow/dags/flex_eau_pipeline.py took 0.287 seconds
[2026-08-11T19:20:16.414+0000] {processor.py:186} INFO - Started process (PID=5017) to work on /opt/airflow/dags/flex_eau_pipeline.py
[2026-08-11T19:20:16.415+0000] {processor.py:914} INFO - Processing file /opt/airflow/dags/flex_eau_pipeline.py for tasks to queue
[2026-08-11T19:20:16.417+0000] {logging_mixin.py:190} INFO - [2026-08-11T19:20:16.416+0000] {dagbag.py:587} INFO - Filling up the DagBag from /opt/airflow/dags/flex_eau_pipeline.py
[2026-08-11T19:20:16.443+0000] {processor.py:925} INFO - DAG(s) 'flex_eau_pipeline' retrieved from /opt/airflow/dags/flex_eau_pipeline.py
[2026-08-11T19:20:16.494+0000] {logging_mixin.py:190} INFO - [2026-08-11T19:20:16.494+0000] {dag.py:3211} INFO - Sync 1 DAGs
[2026-08-11T19:20:16.531+0000] {logging_mixin.py:190} INFO - [2026-08-11T19:20:16.530+0000] {dag.py:4138} INFO - Setting next_dagrun for flex_eau_pipeline to 2026-08-11 00:00:00+00:00, run_after=2026-08-12 00:00:00+00:00
[2026-08-11T19:20:16.579+0000] {processor.py:208} INFO - Processing /opt/airflow/dags/flex_eau_pipeline.py took 0.174 seconds
[2026-08-11T19:20:47.301+0000] {processor.py:186} INFO - Started process (PID=5022) to work on /opt/airflow/dags/flex_eau_pipeline.py
[2026-08-11T19:20:47.307+0000] {processor.py:914} INFO - Processing file /opt/airflow/dags/flex_eau_pipeline.py for tasks to queue
[2026-08-11T19:20:47.312+0000] {logging_mixin.py:190} INFO - [2026-08-11T19:20:47.311+0000] {dagbag.py:587} INFO - Filling up the DagBag from /opt/airflow/dags/flex_eau_pipeline.py
[2026-08-11T19:20:47.391+0000] {processor.py:925} INFO - DAG(s) 'flex_eau_pipeline' retrieved from /opt/airflow/dags/flex_eau_pipeline.py
[2026-08-11T19:20:47.556+0000] {logging_mixin.py:190} INFO - [2026-08-11T19:20:47.555+0000] {dag.py:3211} INFO - Sync 1 DAGs
[2026-08-11T19:20:47.653+0000] {logging_mixin.py:190} INFO - [2026-08-11T19:20:47.653+0000] {dag.py:4138} INFO - Setting next_dagrun for flex_eau_pipeline to 2026-08-11 00:00:00+00:00, run_after=2026-08-12 00:00:00+00:00
[2026-08-11T19:20:47.756+0000] {processor.py:208} INFO - Processing /opt/airflow/dags/flex_eau_pipeline.py took 0.484 seconds
[2026-08-11T19:21:18.329+0000] {processor.py:186} INFO - Started process (PID=5027) to work on /opt/airflow/dags/flex_eau_pipeline.py
[2026-08-11T19:21:18.331+0000] {processor.py:914} INFO - Processing file /opt/airflow/dags/flex_eau_pipeline.py for tasks to queue
[2026-08-11T19:21:18.334+0000] {logging_mixin.py:190} INFO - [2026-08-11T19:21:18.333+0000] {dagbag.py:587} INFO - Filling up the DagBag from /opt/airflow/dags/flex_eau_pipeline.py
[2026-08-11T19:21:18.377+0000] {processor.py:925} INFO - DAG(s) 'flex_eau_pipeline' retrieved from /opt/airflow/dags/flex_eau_pipeline.py
[2026-08-11T19:21:18.466+0000] {logging_mixin.py:190} INFO - [2026-08-11T19:21:18.465+0000] {dag.py:3211} INFO - Sync 1 DAGs
[2026-08-11T19:21:18.516+0000] {logging_mixin.py:190} INFO - [2026-08-11T19:21:18.516+0000] {dag.py:4138} INFO - Setting next_dagrun for flex_eau_pipeline to 2026-08-11 00:00:00+00:00, run_after=2026-08-12 00:00:00+00:00
[2026-08-11T19:21:18.555+0000] {processor.py:208} INFO - Processing /opt/airflow/dags/flex_eau_pipeline.py took 0.242 seconds
[2026-08-11T19:21:48.727+0000] {processor.py:186} INFO - Started process (PID=5032) to work on /opt/airflow/dags/flex_eau_pipeline.py
[2026-08-11T19:21:48.730+0000] {processor.py:914} INFO - Processing file /opt/airflow/dags/flex_eau_pipeline.py for tasks to queue
[2026-08-11T19:21:48.733+0000] {logging_mixin.py:190} INFO - [2026-08-11T19:21:48.733+0000] {dagbag.py:587} INFO - Filling up the DagBag from /opt/airflow/dags/flex_eau_pipeline.py
[2026-08-11T19:21:48.770+0000] {processor.py:925} INFO - DAG(s) 'flex_eau_pipeline' retrieved from /opt/airflow/dags/flex_eau_pipeline.py
[2026-08-11T19:21:48.848+0000] {logging_mixin.py:190} INFO - [2026-08-11T19:21:48.847+0000] {dag.py:3211} INFO - Sync 1 DAGs
[2026-08-11T19:21:48.889+0000] {logging_mixin.py:190} INFO - [2026-08-11T19:21:48.889+0000] {dag.py:4138} INFO - Setting next_dagrun for flex_eau_pipeline to 2026-08-11 00:00:00+00:00, run_after=2026-08-12 00:00:00+00:00
[2026-08-11T19:21:48.925+0000] {processor.py:208} INFO - Processing /opt/airflow/dags/flex_eau_pipeline.py took 0.209 seconds
[2026-08-11T19:22:19.285+0000] {processor.py:186} INFO - Started process (PID=5037) to work on /opt/airflow/dags/flex_eau_pipeline.py
[2026-08-11T19:22:19.287+0000] {processor.py:914} INFO - Processing file /opt/airflow/dags/flex_eau_pipeline.py for tasks to queue
[2026-08-11T19:22:19.289+0000] {logging_mixin.py:190} INFO - [2026-08-11T19:22:19.289+0000] {dagbag.py:587} INFO - Filling up the DagBag from /opt/airflow/dags/flex_eau_pipeline.py
[2026-08-11T19:22:19.328+0000] {processor.py:925} INFO - DAG(s) 'flex_eau_pipeline' retrieved from /opt/airflow/dags/flex_eau_pipeline.py
[2026-08-11T19:22:19.401+0000] {logging_mixin.py:190} INFO - [2026-08-11T19:22:19.401+0000] {dag.py:3211} INFO - Sync 1 DAGs
[2026-08-11T19:22:19.447+0000] {logging_mixin.py:190} INFO - [2026-08-11T19:22:19.446+0000] {dag.py:4138} INFO - Setting next_dagrun for flex_eau_pipeline to 2026-08-11 00:00:00+00:00, run_after=2026-08-12 00:00:00+00:00
[2026-08-11T19:22:19.491+0000] {processor.py:208} INFO - Processing /opt/airflow/dags/flex_eau_pipeline.py took 0.219 seconds
[2026-08-11T19:22:49.662+0000] {processor.py:186} INFO - Started process (PID=5042) to work on /opt/airflow/dags/flex_eau_pipeline.py
[2026-08-11T19:22:49.664+0000] {processor.py:914} INFO - Processing file /opt/airflow/dags/flex_eau_pipeline.py for tasks to queue
[2026-08-11T19:22:49.667+0000] {logging_mixin.py:190} INFO - [2026-08-11T19:22:49.667+0000] {dagbag.py:587} INFO - Filling up the DagBag from /opt/airflow/dags/flex_eau_pipeline.py
[2026-08-11T19:22:49.713+0000] {processor.py:925} INFO - DAG(s) 'flex_eau_pipeline' retrieved from /opt/airflow/dags/flex_eau_pipeline.py
[2026-08-11T19:22:49.785+0000] {logging_mixin.py:190} INFO - [2026-08-11T19:22:49.784+0000] {dag.py:3211} INFO - Sync 1 DAGs
[2026-08-11T19:22:49.827+0000] {logging_mixin.py:190} INFO - [2026-08-11T19:22:49.827+0000] {dag.py:4138} INFO - Setting next_dagrun for flex_eau_pipeline to 2026-08-11 00:00:00+00:00, run_after=2026-08-12 00:00:00+00:00
[2026-08-11T19:22:49.866+0000] {processor.py:208} INFO - Processing /opt/airflow/dags/flex_eau_pipeline.py took 0.220 seconds
[2026-08-11T19:23:20.087+0000] {processor.py:186} INFO - Started process (PID=5047) to work on /opt/airflow/dags/flex_eau_pipeline.py
[2026-08-11T19:23:20.089+0000] {processor.py:914} INFO - Processing file /opt/airflow/dags/flex_eau_pipeline.py for tasks to queue
[2026-08-11T19:23:20.092+0000] {logging_mixin.py:190} INFO - [2026-08-11T19:23:20.091+0000] {dagbag.py:587} INFO - Filling up the DagBag from /opt/airflow/dags/flex_eau_pipeline.py
[2026-08-11T19:23:20.141+0000] {processor.py:925} INFO - DAG(s) 'flex_eau_pipeline' retrieved from /opt/airflow/dags/flex_eau_pipeline.py
[2026-08-11T19:23:20.259+0000] {logging_mixin.py:190} INFO - [2026-08-11T19:23:20.258+0000] {dag.py:3211} INFO - Sync 1 DAGs
[2026-08-11T19:23:20.319+0000] {logging_mixin.py:190} INFO - [2026-08-11T19:23:20.319+0000] {dag.py:4138} INFO - Setting next_dagrun for flex_eau_pipeline to 2026-08-11 00:00:00+00:00, run_after=2026-08-12 00:00:00+00:00
[2026-08-11T19:23:20.364+0000] {processor.py:208} INFO - Processing /opt/airflow/dags/flex_eau_pipeline.py took 0.291 seconds
[2026-08-11T19:23:50.753+0000] {processor.py:186} INFO - Started process (PID=5052) to work on /opt/airflow/dags/flex_eau_pipeline.py
[2026-08-11T19:23:50.754+0000] {processor.py:914} INFO - Processing file /opt/airflow/dags/flex_eau_pipeline.py for tasks to queue
[2026-08-11T19:23:50.756+0000] {logging_mixin.py:190} INFO - [2026-08-11T19:23:50.756+0000] {dagbag.py:587} INFO - Filling up the DagBag from /opt/airflow/dags/flex_eau_pipeline.py
[2026-08-11T19:23:50.794+0000] {processor.py:925} INFO - DAG(s) 'flex_eau_pipeline' retrieved from /opt/airflow/dags/flex_eau_pipeline.py
[2026-08-11T19:23:50.859+0000] {logging_mixin.py:190} INFO - [2026-08-11T19:23:50.859+0000] {dag.py:3211} INFO - Sync 1 DAGs
[2026-08-11T19:23:50.905+0000] {logging_mixin.py:190} INFO - [2026-08-11T19:23:50.904+0000] {dag.py:4138} INFO - Setting next_dagrun for flex_eau_pipeline to 2026-08-11 00:00:00+00:00, run_after=2026-08-12 00:00:00+00:00
[2026-08-11T19:23:50.943+0000] {processor.py:208} INFO - Processing /opt/airflow/dags/flex_eau_pipeline.py took 0.200 seconds
[2026-08-11T19:24:21.186+0000] {processor.py:186} INFO - Started process (PID=5057) to work on /opt/airflow/dags/flex_eau_pipeline.py
[2026-08-11T19:24:21.188+0000] {processor.py:914} INFO - Processing file /opt/airflow/dags/flex_eau_pipeline.py for tasks to queue
[2026-08-11T19:24:21.190+0000] {logging_mixin.py:190} INFO - [2026-08-11T19:24:21.190+0000] {dagbag.py:587} INFO - Filling up the DagBag from /opt/airflow/dags/flex_eau_pipeline.py
[2026-08-11T19:24:21.238+0000] {processor.py:925} INFO - DAG(s) 'flex_eau_pipeline' retrieved from /opt/airflow/dags/flex_eau_pipeline.py
[2026-08-11T19:24:21.322+0000] {logging_mixin.py:190} INFO - [2026-08-11T19:24:21.321+0000] {dag.py:3211} INFO - Sync 1 DAGs
[2026-08-11T19:24:21.376+0000] {logging_mixin.py:190} INFO - [2026-08-11T19:24:21.376+0000] {dag.py:4138} INFO - Setting next_dagrun for flex_eau_pipeline to 2026-08-11 00:00:00+00:00, run_after=2026-08-12 00:00:00+00:00
[2026-08-11T19:24:21.414+0000] {processor.py:208} INFO - Processing /opt/airflow/dags/flex_eau_pipeline.py took 0.241 seconds
[2026-08-11T19:24:51.866+0000] {processor.py:186} INFO - Started process (PID=5062) to work on /opt/airflow/dags/flex_eau_pipeline.py
[2026-08-11T19:24:51.867+0000] {processor.py:914} INFO - Processing file /opt/airflow/dags/flex_eau_pipeline.py for tasks to queue
[2026-08-11T19:24:51.869+0000] {logging_mixin.py:190} INFO - [2026-08-11T19:24:51.869+0000] {dagbag.py:587} INFO - Filling up the DagBag from /opt/airflow/dags/flex_eau_pipeline.py
[2026-08-11T19:24:51.896+0000] {processor.py:925} INFO - DAG(s) 'flex_eau_pipeline' retrieved from /opt/airflow/dags/flex_eau_pipeline.py
[2026-08-11T19:24:51.949+0000] {logging_mixin.py:190} INFO - [2026-08-11T19:24:51.949+0000] {dag.py:3211} INFO - Sync 1 DAGs
[2026-08-11T19:24:51.983+0000] {logging_mixin.py:190} INFO - [2026-08-11T19:24:51.983+0000] {dag.py:4138} INFO - Setting next_dagrun for flex_eau_pipeline to 2026-08-11 00:00:00+00:00, run_after=2026-08-12 00:00:00+00:00
[2026-08-11T19:24:52.013+0000] {processor.py:208} INFO - Processing /opt/airflow/dags/flex_eau_pipeline.py took 0.156 seconds
[2026-08-11T19:25:22.422+0000] {processor.py:186} INFO - Started process (PID=5067) to work on /opt/airflow/dags/flex_eau_pipeline.py
[2026-08-11T19:25:22.425+0000] {processor.py:914} INFO - Processing file /opt/airflow/dags/flex_eau_pipeline.py for tasks to queue
[2026-08-11T19:25:22.429+0000] {logging_mixin.py:190} INFO - [2026-08-11T19:25:22.429+0000] {dagbag.py:587} INFO - Filling up the DagBag from /opt/airflow/dags/flex_eau_pipeline.py
[2026-08-11T19:25:22.478+0000] {processor.py:925} INFO - DAG(s) 'flex_eau_pipeline' retrieved from /opt/airflow/dags/flex_eau_pipeline.py
[2026-08-11T19:25:22.611+0000] {logging_mixin.py:190} INFO - [2026-08-11T19:25:22.610+0000] {dag.py:3211} INFO - Sync 1 DAGs
[2026-08-11T19:25:22.673+0000] {logging_mixin.py:190} INFO - [2026-08-11T19:25:22.672+0000] {dag.py:4138} INFO - Setting next_dagrun for flex_eau_pipeline to 2026-08-11 00:00:00+00:00, run_after=2026-08-12 00:00:00+00:00
[2026-08-11T19:25:22.903+0000] {processor.py:208} INFO - Processing /opt/airflow/dags/flex_eau_pipeline.py took 0.504 seconds
[2026-08-11T19:25:53.365+0000] {processor.py:186} INFO - Started process (PID=5072) to work on /opt/airflow/dags/flex_eau_pipeline.py
[2026-08-11T19:25:53.367+0000] {processor.py:914} INFO - Processing file /opt/airflow/dags/flex_eau_pipeline.py for tasks to queue
[2026-08-11T19:25:53.370+0000] {logging_mixin.py:190} INFO - [2026-08-11T19:25:53.369+0000] {dagbag.py:587} INFO - Filling up the DagBag from /opt/airflow/dags/flex_eau_pipeline.py
[2026-08-11T19:25:53.421+0000] {processor.py:925} INFO - DAG(s) 'flex_eau_pipeline' retrieved from /opt/airflow/dags/flex_eau_pipeline.py
[2026-08-11T19:25:53.520+0000] {logging_mixin.py:190} INFO - [2026-08-11T19:25:53.519+0000] {dag.py:3211} INFO - Sync 1 DAGs
[2026-08-11T19:25:53.583+0000] {logging_mixin.py:190} INFO - [2026-08-11T19:25:53.583+0000] {dag.py:4138} INFO - Setting next_dagrun for flex_eau_pipeline to 2026-08-11 00:00:00+00:00, run_after=2026-08-12 00:00:00+00:00
[2026-08-11T19:25:53.628+0000] {processor.py:208} INFO - Processing /opt/airflow/dags/flex_eau_pipeline.py took 0.280 seconds
[2026-08-11T19:26:23.823+0000] {processor.py:186} INFO - Started process (PID=5077) to work on /opt/airflow/dags/flex_eau_pipeline.py
[2026-08-11T19:26:23.828+0000] {processor.py:914} INFO - Processing file /opt/airflow/dags/flex_eau_pipeline.py for tasks to queue
[2026-08-11T19:26:23.831+0000] {logging_mixin.py:190} INFO - [2026-08-11T19:26:23.830+0000] {dagbag.py:587} INFO - Filling up the DagBag from /opt/airflow/dags/flex_eau_pipeline.py
[2026-08-11T19:26:23.869+0000] {processor.py:925} INFO - DAG(s) 'flex_eau_pipeline' retrieved from /opt/airflow/dags/flex_eau_pipeline.py
[2026-08-11T19:26:23.953+0000] {logging_mixin.py:190} INFO - [2026-08-11T19:26:23.953+0000] {dag.py:3211} INFO - Sync 1 DAGs
[2026-08-11T19:26:24.003+0000] {logging_mixin.py:190} INFO - [2026-08-11T19:26:24.003+0000] {dag.py:4138} INFO - Setting next_dagrun for flex_eau_pipeline to 2026-08-11 00:00:00+00:00, run_after=2026-08-12 00:00:00+00:00
[2026-08-11T19:26:24.045+0000] {processor.py:208} INFO - Processing /opt/airflow/dags/flex_eau_pipeline.py took 0.235 seconds
[2026-08-11T19:26:54.272+0000] {processor.py:186} INFO - Started process (PID=5082) to work on /opt/airflow/dags/flex_eau_pipeline.py
[2026-08-11T19:26:54.277+0000] {processor.py:914} INFO - Processing file /opt/airflow/dags/flex_eau_pipeline.py for tasks to queue
[2026-08-11T19:26:54.281+0000] {logging_mixin.py:190} INFO - [2026-08-11T19:26:54.280+0000] {dagbag.py:587} INFO - Filling up the DagBag from /opt/airflow/dags/flex_eau_pipeline.py
[2026-08-11T19:26:54.328+0000] {processor.py:925} INFO - DAG(s) 'flex_eau_pipeline' retrieved from /opt/airflow/dags/flex_eau_pipeline.py
[2026-08-11T19:26:54.415+0000] {logging_mixin.py:190} INFO - [2026-08-11T19:26:54.415+0000] {dag.py:3211} INFO - Sync 1 DAGs
[2026-08-11T19:26:54.482+0000] {logging_mixin.py:190} INFO - [2026-08-11T19:26:54.482+0000] {dag.py:4138} INFO - Setting next_dagrun for flex_eau_pipeline to 2026-08-11 00:00:00+00:00, run_after=2026-08-12 00:00:00+00:00
[2026-08-11T19:26:54.529+0000] {processor.py:208} INFO - Processing /opt/airflow/dags/flex_eau_pipeline.py took 0.277 seconds
[2026-08-11T19:27:24.988+0000] {processor.py:186} INFO - Started process (PID=5087) to work on /opt/airflow/dags/flex_eau_pipeline.py
[2026-08-11T19:27:24.990+0000] {processor.py:914} INFO - Processing file /opt/airflow/dags/flex_eau_pipeline.py for tasks to queue
[2026-08-11T19:27:24.992+0000] {logging_mixin.py:190} INFO - [2026-08-11T19:27:24.992+0000] {dagbag.py:587} INFO - Filling up the DagBag from /opt/airflow/dags/flex_eau_pipeline.py
[2026-08-11T19:27:25.035+0000] {processor.py:925} INFO - DAG(s) 'flex_eau_pipeline' retrieved from /opt/airflow/dags/flex_eau_pipeline.py
[2026-08-11T19:27:25.118+0000] {logging_mixin.py:190} INFO - [2026-08-11T19:27:25.117+0000] {dag.py:3211} INFO - Sync 1 DAGs
[2026-08-11T19:27:25.182+0000] {logging_mixin.py:190} INFO - [2026-08-11T19:27:25.182+0000] {dag.py:4138} INFO - Setting next_dagrun for flex_eau_pipeline to 2026-08-11 00:00:00+00:00, run_after=2026-08-12 00:00:00+00:00
[2026-08-11T19:27:25.230+0000] {processor.py:208} INFO - Processing /opt/airflow/dags/flex_eau_pipeline.py took 0.256 seconds
[2026-08-11T19:27:55.480+0000] {processor.py:186} INFO - Started process (PID=5092) to work on /opt/airflow/dags/flex_eau_pipeline.py
[2026-08-11T19:27:55.482+0000] {processor.py:914} INFO - Processing file /opt/airflow/dags/flex_eau_pipeline.py for tasks to queue
[2026-08-11T19:27:55.484+0000] {logging_mixin.py:190} INFO - [2026-08-11T19:27:55.484+0000] {dagbag.py:587} INFO - Filling up the DagBag from /opt/airflow/dags/flex_eau_pipeline.py
[2026-08-11T19:27:55.522+0000] {processor.py:925} INFO - DAG(s) 'flex_eau_pipeline' retrieved from /opt/airflow/dags/flex_eau_pipeline.py
[2026-08-11T19:27:55.582+0000] {logging_mixin.py:190} INFO - [2026-08-11T19:27:55.582+0000] {dag.py:3211} INFO - Sync 1 DAGs
[2026-08-11T19:27:55.621+0000] {logging_mixin.py:190} INFO - [2026-08-11T19:27:55.621+0000] {dag.py:4138} INFO - Setting next_dagrun for flex_eau_pipeline to 2026-08-11 00:00:00+00:00, run_after=2026-08-12 00:00:00+00:00
[2026-08-11T19:27:55.655+0000] {processor.py:208} INFO - Processing /opt/airflow/dags/flex_eau_pipeline.py took 0.186 seconds
[2026-08-11T19:28:26.215+0000] {processor.py:186} INFO - Started process (PID=5097) to work on /opt/airflow/dags/flex_eau_pipeline.py
[2026-08-11T19:28:26.219+0000] {processor.py:914} INFO - Processing file /opt/airflow/dags/flex_eau_pipeline.py for tasks to queue
[2026-08-11T19:28:26.224+0000] {logging_mixin.py:190} INFO - [2026-08-11T19:28:26.223+0000] {dagbag.py:587} INFO - Filling up the DagBag from /opt/airflow/dags/flex_eau_pipeline.py
[2026-08-11T19:28:26.271+0000] {processor.py:925} INFO - DAG(s) 'flex_eau_pipeline' retrieved from /opt/airflow/dags/flex_eau_pipeline.py
[2026-08-11T19:28:26.372+0000] {logging_mixin.py:190} INFO - [2026-08-11T19:28:26.370+0000] {dag.py:3211} INFO - Sync 1 DAGs
[2026-08-11T19:28:26.434+0000] {logging_mixin.py:190} INFO - [2026-08-11T19:28:26.434+0000] {dag.py:4138} INFO - Setting next_dagrun for flex_eau_pipeline to 2026-08-11 00:00:00+00:00, run_after=2026-08-12 00:00:00+00:00
[2026-08-11T19:28:26.513+0000] {processor.py:208} INFO - Processing /opt/airflow/dags/flex_eau_pipeline.py took 0.315 seconds
[2026-08-11T19:28:56.820+0000] {processor.py:186} INFO - Started process (PID=5102) to work on /opt/airflow/dags/flex_eau_pipeline.py
[2026-08-11T19:28:56.822+0000] {processor.py:914} INFO - Processing file /opt/airflow/dags/flex_eau_pipeline.py for tasks to queue
[2026-08-11T19:28:56.824+0000] {logging_mixin.py:190} INFO - [2026-08-11T19:28:56.823+0000] {dagbag.py:587} INFO - Filling up the DagBag from /opt/airflow/dags/flex_eau_pipeline.py
[2026-08-11T19:28:56.858+0000] {processor.py:925} INFO - DAG(s) 'flex_eau_pipeline' retrieved from /opt/airflow/dags/flex_eau_pipeline.py
[2026-08-11T19:28:56.929+0000] {logging_mixin.py:190} INFO - [2026-08-11T19:28:56.928+0000] {dag.py:3211} INFO - Sync 1 DAGs
[2026-08-11T19:28:56.974+0000] {logging_mixin.py:190} INFO - [2026-08-11T19:28:56.973+0000] {dag.py:4138} INFO - Setting next_dagrun for flex_eau_pipeline to 2026-08-11 00:00:00+00:00, run_after=2026-08-12 00:00:00+00:00
[2026-08-11T19:28:57.005+0000] {processor.py:208} INFO - Processing /opt/airflow/dags/flex_eau_pipeline.py took 0.195 seconds
[2026-08-11T19:29:27.192+0000] {processor.py:186} INFO - Started process (PID=5107) to work on /opt/airflow/dags/flex_eau_pipeline.py
[2026-08-11T19:29:27.194+0000] {processor.py:914} INFO - Processing file /opt/airflow/dags/flex_eau_pipeline.py for tasks to queue
[2026-08-11T19:29:27.197+0000] {logging_mixin.py:190} INFO - [2026-08-11T19:29:27.196+0000] {dagbag.py:587} INFO - Filling up the DagBag from /opt/airflow/dags/flex_eau_pipeline.py
[2026-08-11T19:29:27.232+0000] {processor.py:925} INFO - DAG(s) 'flex_eau_pipeline' retrieved from /opt/airflow/dags/flex_eau_pipeline.py
[2026-08-11T19:29:27.307+0000] {logging_mixin.py:190} INFO - [2026-08-11T19:29:27.307+0000] {dag.py:3211} INFO - Sync 1 DAGs
[2026-08-11T19:29:27.362+0000] {logging_mixin.py:190} INFO - [2026-08-11T19:29:27.361+0000] {dag.py:4138} INFO - Setting next_dagrun for flex_eau_pipeline to 2026-08-11 00:00:00+00:00, run_after=2026-08-12 00:00:00+00:00
[2026-08-11T19:29:27.398+0000] {processor.py:208} INFO - Processing /opt/airflow/dags/flex_eau_pipeline.py took 0.219 seconds
[2026-08-11T19:29:57.752+0000] {processor.py:186} INFO - Started process (PID=5112) to work on /opt/airflow/dags/flex_eau_pipeline.py
[2026-08-11T19:29:57.755+0000] {processor.py:914} INFO - Processing file /opt/airflow/dags/flex_eau_pipeline.py for tasks to queue
[2026-08-11T19:29:57.758+0000] {logging_mixin.py:190} INFO - [2026-08-11T19:29:57.758+0000] {dagbag.py:587} INFO - Filling up the DagBag from /opt/airflow/dags/flex_eau_pipeline.py
[2026-08-11T19:29:57.793+0000] {processor.py:925} INFO - DAG(s) 'flex_eau_pipeline' retrieved from /opt/airflow/dags/flex_eau_pipeline.py
[2026-08-11T19:29:57.869+0000] {logging_mixin.py:190} INFO - [2026-08-11T19:29:57.868+0000] {dag.py:3211} INFO - Sync 1 DAGs
[2026-08-11T19:29:57.909+0000] {logging_mixin.py:190} INFO - [2026-08-11T19:29:57.909+0000] {dag.py:4138} INFO - Setting next_dagrun for flex_eau_pipeline to 2026-08-11 00:00:00+00:00, run_after=2026-08-12 00:00:00+00:00
[2026-08-11T19:29:57.958+0000] {processor.py:208} INFO - Processing /opt/airflow/dags/flex_eau_pipeline.py took 0.220 seconds
[2026-08-11T19:30:28.702+0000] {processor.py:186} INFO - Started process (PID=5117) to work on /opt/airflow/dags/flex_eau_pipeline.py
[2026-08-11T19:30:28.703+0000] {processor.py:914} INFO - Processing file /opt/airflow/dags/flex_eau_pipeline.py for tasks to queue
[2026-08-11T19:30:28.706+0000] {logging_mixin.py:190} INFO - [2026-08-11T19:30:28.706+0000] {dagbag.py:587} INFO - Filling up the DagBag from /opt/airflow/dags/flex_eau_pipeline.py
[2026-08-11T19:30:28.784+0000] {processor.py:925} INFO - DAG(s) 'flex_eau_pipeline' retrieved from /opt/airflow/dags/flex_eau_pipeline.py
[2026-08-11T19:30:28.931+0000] {logging_mixin.py:190} INFO - [2026-08-11T19:30:28.931+0000] {dag.py:3211} INFO - Sync 1 DAGs
[2026-08-11T19:30:29.015+0000] {logging_mixin.py:190} INFO - [2026-08-11T19:30:29.014+0000] {dag.py:4138} INFO - Setting next_dagrun for flex_eau_pipeline to 2026-08-11 00:00:00+00:00, run_after=2026-08-12 00:00:00+00:00
[2026-08-11T19:30:29.102+0000] {processor.py:208} INFO - Processing /opt/airflow/dags/flex_eau_pipeline.py took 0.432 seconds
[2026-08-11T19:30:59.644+0000] {processor.py:186} INFO - Started process (PID=5122) to work on /opt/airflow/dags/flex_eau_pipeline.py
[2026-08-11T19:30:59.646+0000] {processor.py:914} INFO - Processing file /opt/airflow/dags/flex_eau_pipeline.py for tasks to queue
[2026-08-11T19:30:59.648+0000] {logging_mixin.py:190} INFO - [2026-08-11T19:30:59.648+0000] {dagbag.py:587} INFO - Filling up the DagBag from /opt/airflow/dags/flex_eau_pipeline.py
[2026-08-11T19:30:59.687+0000] {processor.py:925} INFO - DAG(s) 'flex_eau_pipeline' retrieved from /opt/airflow/dags/flex_eau_pipeline.py
[2026-08-11T19:30:59.757+0000] {logging_mixin.py:190} INFO - [2026-08-11T19:30:59.756+0000] {dag.py:3211} INFO - Sync 1 DAGs
[2026-08-11T19:30:59.799+0000] {logging_mixin.py:190} INFO - [2026-08-11T19:30:59.798+0000] {dag.py:4138} INFO - Setting next_dagrun for flex_eau_pipeline to 2026-08-11 00:00:00+00:00, run_after=2026-08-12 00:00:00+00:00
[2026-08-11T19:30:59.838+0000] {processor.py:208} INFO - Processing /opt/airflow/dags/flex_eau_pipeline.py took 0.208 seconds
[2026-08-11T19:31:30.714+0000] {processor.py:186} INFO - Started process (PID=5127) to work on /opt/airflow/dags/flex_eau_pipeline.py
[2026-08-11T19:31:30.716+0000] {processor.py:914} INFO - Processing file /opt/airflow/dags/flex_eau_pipeline.py for tasks to queue
[2026-08-11T19:31:30.718+0000] {logging_mixin.py:190} INFO - [2026-08-11T19:31:30.718+0000] {dagbag.py:587} INFO - Filling up the DagBag from /opt/airflow/dags/flex_eau_pipeline.py
[2026-08-11T19:31:30.757+0000] {processor.py:925} INFO - DAG(s) 'flex_eau_pipeline' retrieved from /opt/airflow/dags/flex_eau_pipeline.py
[2026-08-11T19:31:30.820+0000] {logging_mixin.py:190} INFO - [2026-08-11T19:31:30.820+0000] {dag.py:3211} INFO - Sync 1 DAGs
[2026-08-11T19:31:30.863+0000] {logging_mixin.py:190} INFO - [2026-08-11T19:31:30.862+0000] {dag.py:4138} INFO - Setting next_dagrun for flex_eau_pipeline to 2026-08-11 00:00:00+00:00, run_after=2026-08-12 00:00:00+00:00
[2026-08-11T19:31:30.898+0000] {processor.py:208} INFO - Processing /opt/airflow/dags/flex_eau_pipeline.py took 0.197 seconds
[2026-08-11T19:32:01.277+0000] {processor.py:186} INFO - Started process (PID=5132) to work on /opt/airflow/dags/flex_eau_pipeline.py
[2026-08-11T19:32:01.279+0000] {processor.py:914} INFO - Processing file /opt/airflow/dags/flex_eau_pipeline.py for tasks to queue
[2026-08-11T19:32:01.281+0000] {logging_mixin.py:190} INFO - [2026-08-11T19:32:01.281+0000] {dagbag.py:587} INFO - Filling up the DagBag from /opt/airflow/dags/flex_eau_pipeline.py
[2026-08-11T19:32:01.315+0000] {processor.py:925} INFO - DAG(s) 'flex_eau_pipeline' retrieved from /opt/airflow/dags/flex_eau_pipeline.py
[2026-08-11T19:32:01.381+0000] {logging_mixin.py:190} INFO - [2026-08-11T19:32:01.380+0000] {dag.py:3211} INFO - Sync 1 DAGs
[2026-08-11T19:32:01.421+0000] {logging_mixin.py:190} INFO - [2026-08-11T19:32:01.420+0000] {dag.py:4138} INFO - Setting next_dagrun for flex_eau_pipeline to 2026-08-11 00:00:00+00:00, run_after=2026-08-12 00:00:00+00:00
[2026-08-11T19:32:01.455+0000] {processor.py:208} INFO - Processing /opt/airflow/dags/flex_eau_pipeline.py took 0.190 seconds
[2026-08-11T19:32:31.811+0000] {processor.py:186} INFO - Started process (PID=5137) to work on /opt/airflow/dags/flex_eau_pipeline.py
[2026-08-11T19:32:31.814+0000] {processor.py:914} INFO - Processing file /opt/airflow/dags/flex_eau_pipeline.py for tasks to queue
[2026-08-11T19:32:31.817+0000] {logging_mixin.py:190} INFO - [2026-08-11T19:32:31.817+0000] {dagbag.py:587} INFO - Filling up the DagBag from /opt/airflow/dags/flex_eau_pipeline.py
[2026-08-11T19:32:31.858+0000] {processor.py:925} INFO - DAG(s) 'flex_eau_pipeline' retrieved from /opt/airflow/dags/flex_eau_pipeline.py
[2026-08-11T19:32:31.994+0000] {logging_mixin.py:190} INFO - [2026-08-11T19:32:31.994+0000] {dag.py:3211} INFO - Sync 1 DAGs
[2026-08-11T19:32:32.091+0000] {logging_mixin.py:190} INFO - [2026-08-11T19:32:32.090+0000] {dag.py:4138} INFO - Setting next_dagrun for flex_eau_pipeline to 2026-08-11 00:00:00+00:00, run_after=2026-08-12 00:00:00+00:00
[2026-08-11T19:32:32.156+0000] {processor.py:208} INFO - Processing /opt/airflow/dags/flex_eau_pipeline.py took 0.358 seconds
[2026-08-11T19:33:02.432+0000] {processor.py:186} INFO - Started process (PID=5142) to work on /opt/airflow/dags/flex_eau_pipeline.py
[2026-08-11T19:33:02.434+0000] {processor.py:914} INFO - Processing file /opt/airflow/dags/flex_eau_pipeline.py for tasks to queue
[2026-08-11T19:33:02.436+0000] {logging_mixin.py:190} INFO - [2026-08-11T19:33:02.436+0000] {dagbag.py:587} INFO - Filling up the DagBag from /opt/airflow/dags/flex_eau_pipeline.py
[2026-08-11T19:33:02.486+0000] {processor.py:925} INFO - DAG(s) 'flex_eau_pipeline' retrieved from /opt/airflow/dags/flex_eau_pipeline.py
[2026-08-11T19:33:02.623+0000] {logging_mixin.py:190} INFO - [2026-08-11T19:33:02.621+0000] {dag.py:3211} INFO - Sync 1 DAGs
[2026-08-11T19:33:02.708+0000] {logging_mixin.py:190} INFO - [2026-08-11T19:33:02.708+0000] {dag.py:4138} INFO - Setting next_dagrun for flex_eau_pipeline to 2026-08-11 00:00:00+00:00, run_after=2026-08-12 00:00:00+00:00
[2026-08-11T19:33:02.773+0000] {processor.py:208} INFO - Processing /opt/airflow/dags/flex_eau_pipeline.py took 0.370 seconds
[2026-08-11T19:33:33.087+0000] {processor.py:186} INFO - Started process (PID=5147) to work on /opt/airflow/dags/flex_eau_pipeline.py
[2026-08-11T19:33:33.090+0000] {processor.py:914} INFO - Processing file /opt/airflow/dags/flex_eau_pipeline.py for tasks to queue
[2026-08-11T19:33:33.092+0000] {logging_mixin.py:190} INFO - [2026-08-11T19:33:33.092+0000] {dagbag.py:587} INFO - Filling up the DagBag from /opt/airflow/dags/flex_eau_pipeline.py
[2026-08-11T19:33:33.137+0000] {processor.py:925} INFO - DAG(s) 'flex_eau_pipeline' retrieved from /opt/airflow/dags/flex_eau_pipeline.py
[2026-08-11T19:33:33.196+0000] {logging_mixin.py:190} INFO - [2026-08-11T19:33:33.196+0000] {dag.py:3211} INFO - Sync 1 DAGs
[2026-08-11T19:33:33.229+0000] {logging_mixin.py:190} INFO - [2026-08-11T19:33:33.229+0000] {dag.py:4138} INFO - Setting next_dagrun for flex_eau_pipeline to 2026-08-11 00:00:00+00:00, run_after=2026-08-12 00:00:00+00:00
[2026-08-11T19:33:33.255+0000] {processor.py:208} INFO - Processing /opt/airflow/dags/flex_eau_pipeline.py took 0.184 seconds
[2026-08-11T19:34:03.531+0000] {processor.py:186} INFO - Started process (PID=5152) to work on /opt/airflow/dags/flex_eau_pipeline.py
[2026-08-11T19:34:03.532+0000] {processor.py:914} INFO - Processing file /opt/airflow/dags/flex_eau_pipeline.py for tasks to queue
[2026-08-11T19:34:03.535+0000] {logging_mixin.py:190} INFO - [2026-08-11T19:34:03.534+0000] {dagbag.py:587} INFO - Filling up the DagBag from /opt/airflow/dags/flex_eau_pipeline.py
[2026-08-11T19:34:03.569+0000] {processor.py:925} INFO - DAG(s) 'flex_eau_pipeline' retrieved from /opt/airflow/dags/flex_eau_pipeline.py
[2026-08-11T19:34:03.623+0000] {logging_mixin.py:190} INFO - [2026-08-11T19:34:03.622+0000] {dag.py:3211} INFO - Sync 1 DAGs
[2026-08-11T19:34:03.656+0000] {logging_mixin.py:190} INFO - [2026-08-11T19:34:03.655+0000] {dag.py:4138} INFO - Setting next_dagrun for flex_eau_pipeline to 2026-08-11 00:00:00+00:00, run_after=2026-08-12 00:00:00+00:00
[2026-08-11T19:34:03.688+0000] {processor.py:208} INFO - Processing /opt/airflow/dags/flex_eau_pipeline.py took 0.168 seconds
[2026-08-11T19:34:33.869+0000] {processor.py:186} INFO - Started process (PID=5157) to work on /opt/airflow/dags/flex_eau_pipeline.py
[2026-08-11T19:34:33.871+0000] {processor.py:914} INFO - Processing file /opt/airflow/dags/flex_eau_pipeline.py for tasks to queue
[2026-08-11T19:34:33.872+0000] {logging_mixin.py:190} INFO - [2026-08-11T19:34:33.872+0000] {dagbag.py:587} INFO - Filling up the DagBag from /opt/airflow/dags/flex_eau_pipeline.py
[2026-08-11T19:34:33.903+0000] {processor.py:925} INFO - DAG(s) 'flex_eau_pipeline' retrieved from /opt/airflow/dags/flex_eau_pipeline.py
[2026-08-11T19:34:33.956+0000] {logging_mixin.py:190} INFO - [2026-08-11T19:34:33.956+0000] {dag.py:3211} INFO - Sync 1 DAGs
[2026-08-11T19:34:34.002+0000] {logging_mixin.py:190} INFO - [2026-08-11T19:34:34.001+0000] {dag.py:4138} INFO - Setting next_dagrun for flex_eau_pipeline to 2026-08-11 00:00:00+00:00, run_after=2026-08-12 00:00:00+00:00
[2026-08-11T19:34:34.032+0000] {processor.py:208} INFO - Processing /opt/airflow/dags/flex_eau_pipeline.py took 0.172 seconds
[2026-08-11T19:35:04.408+0000] {processor.py:186} INFO - Started process (PID=5162) to work on /opt/airflow/dags/flex_eau_pipeline.py
[2026-08-11T19:35:04.410+0000] {processor.py:914} INFO - Processing file /opt/airflow/dags/flex_eau_pipeline.py for tasks to queue
[2026-08-11T19:35:04.412+0000] {logging_mixin.py:190} INFO - [2026-08-11T19:35:04.411+0000] {dagbag.py:587} INFO - Filling up the DagBag from /opt/airflow/dags/flex_eau_pipeline.py
[2026-08-11T19:35:04.449+0000] {processor.py:925} INFO - DAG(s) 'flex_eau_pipeline' retrieved from /opt/airflow/dags/flex_eau_pipeline.py
[2026-08-11T19:35:04.505+0000] {logging_mixin.py:190} INFO - [2026-08-11T19:35:04.505+0000] {dag.py:3211} INFO - Sync 1 DAGs
[2026-08-11T19:35:04.540+0000] {logging_mixin.py:190} INFO - [2026-08-11T19:35:04.539+0000] {dag.py:4138} INFO - Setting next_dagrun for flex_eau_pipeline to 2026-08-11 00:00:00+00:00, run_after=2026-08-12 00:00:00+00:00
[2026-08-11T19:35:04.573+0000] {processor.py:208} INFO - Processing /opt/airflow/dags/flex_eau_pipeline.py took 0.173 seconds
[2026-08-11T19:35:34.932+0000] {processor.py:186} INFO - Started process (PID=5167) to work on /opt/airflow/dags/flex_eau_pipeline.py
[2026-08-11T19:35:34.933+0000] {processor.py:914} INFO - Processing file /opt/airflow/dags/flex_eau_pipeline.py for tasks to queue
[2026-08-11T19:35:34.935+0000] {logging_mixin.py:190} INFO - [2026-08-11T19:35:34.934+0000] {dagbag.py:587} INFO - Filling up the DagBag from /opt/airflow/dags/flex_eau_pipeline.py
[2026-08-11T19:35:34.973+0000] {processor.py:925} INFO - DAG(s) 'flex_eau_pipeline' retrieved from /opt/airflow/dags/flex_eau_pipeline.py
[2026-08-11T19:35:35.035+0000] {logging_mixin.py:190} INFO - [2026-08-11T19:35:35.035+0000] {dag.py:3211} INFO - Sync 1 DAGs
[2026-08-11T19:35:35.072+0000] {logging_mixin.py:190} INFO - [2026-08-11T19:35:35.072+0000] {dag.py:4138} INFO - Setting next_dagrun for flex_eau_pipeline to 2026-08-11 00:00:00+00:00, run_after=2026-08-12 00:00:00+00:00
[2026-08-11T19:35:35.104+0000] {processor.py:208} INFO - Processing /opt/airflow/dags/flex_eau_pipeline.py took 0.184 seconds
[2026-08-11T19:36:05.532+0000] {processor.py:186} INFO - Started process (PID=5172) to work on /opt/airflow/dags/flex_eau_pipeline.py
[2026-08-11T19:36:05.534+0000] {processor.py:914} INFO - Processing file /opt/airflow/dags/flex_eau_pipeline.py for tasks to queue
[2026-08-11T19:36:05.537+0000] {logging_mixin.py:190} INFO - [2026-08-11T19:36:05.536+0000] {dagbag.py:587} INFO - Filling up the DagBag from /opt/airflow/dags/flex_eau_pipeline.py
[2026-08-11T19:36:05.574+0000] {processor.py:925} INFO - DAG(s) 'flex_eau_pipeline' retrieved from /opt/airflow/dags/flex_eau_pipeline.py
[2026-08-11T19:36:05.637+0000] {logging_mixin.py:190} INFO - [2026-08-11T19:36:05.636+0000] {dag.py:3211} INFO - Sync 1 DAGs
[2026-08-11T19:36:05.680+0000] {logging_mixin.py:190} INFO - [2026-08-11T19:36:05.680+0000] {dag.py:4138} INFO - Setting next_dagrun for flex_eau_pipeline to 2026-08-11 00:00:00+00:00, run_after=2026-08-12 00:00:00+00:00
[2026-08-11T19:36:05.716+0000] {processor.py:208} INFO - Processing /opt/airflow/dags/flex_eau_pipeline.py took 0.195 seconds
[2026-08-11T19:36:35.857+0000] {processor.py:186} INFO - Started process (PID=5177) to work on /opt/airflow/dags/flex_eau_pipeline.py
[2026-08-11T19:36:35.859+0000] {processor.py:914} INFO - Processing file /opt/airflow/dags/flex_eau_pipeline.py for tasks to queue
[2026-08-11T19:36:35.862+0000] {logging_mixin.py:190} INFO - [2026-08-11T19:36:35.861+0000] {dagbag.py:587} INFO - Filling up the DagBag from /opt/airflow/dags/flex_eau_pipeline.py
[2026-08-11T19:36:35.891+0000] {processor.py:925} INFO - DAG(s) 'flex_eau_pipeline' retrieved from /opt/airflow/dags/flex_eau_pipeline.py
[2026-08-11T19:36:35.946+0000] {logging_mixin.py:190} INFO - [2026-08-11T19:36:35.946+0000] {dag.py:3211} INFO - Sync 1 DAGs
[2026-08-11T19:36:35.976+0000] {logging_mixin.py:190} INFO - [2026-08-11T19:36:35.975+0000] {dag.py:4138} INFO - Setting next_dagrun for flex_eau_pipeline to 2026-08-11 00:00:00+00:00, run_after=2026-08-12 00:00:00+00:00
[2026-08-11T19:36:36.008+0000] {processor.py:208} INFO - Processing /opt/airflow/dags/flex_eau_pipeline.py took 0.160 seconds
[2026-08-11T19:37:06.205+0000] {processor.py:186} INFO - Started process (PID=5182) to work on /opt/airflow/dags/flex_eau_pipeline.py
[2026-08-11T19:37:06.207+0000] {processor.py:914} INFO - Processing file /opt/airflow/dags/flex_eau_pipeline.py for tasks to queue
[2026-08-11T19:37:06.210+0000] {logging_mixin.py:190} INFO - [2026-08-11T19:37:06.210+0000] {dagbag.py:587} INFO - Filling up the DagBag from /opt/airflow/dags/flex_eau_pipeline.py
[2026-08-11T19:37:06.243+0000] {processor.py:925} INFO - DAG(s) 'flex_eau_pipeline' retrieved from /opt/airflow/dags/flex_eau_pipeline.py
[2026-08-11T19:37:06.298+0000] {logging_mixin.py:190} INFO - [2026-08-11T19:37:06.297+0000] {dag.py:3211} INFO - Sync 1 DAGs
[2026-08-11T19:37:06.338+0000] {logging_mixin.py:190} INFO - [2026-08-11T19:37:06.338+0000] {dag.py:4138} INFO - Setting next_dagrun for flex_eau_pipeline to 2026-08-11 00:00:00+00:00, run_after=2026-08-12 00:00:00+00:00
[2026-08-11T19:37:06.364+0000] {processor.py:208} INFO - Processing /opt/airflow/dags/flex_eau_pipeline.py took 0.174 seconds
[2026-08-11T19:37:37.726+0000] {processor.py:186} INFO - Started process (PID=5187) to work on /opt/airflow/dags/flex_eau_pipeline.py
[2026-08-11T19:37:37.739+0000] {processor.py:914} INFO - Processing file /opt/airflow/dags/flex_eau_pipeline.py for tasks to queue
[2026-08-11T19:37:37.748+0000] {logging_mixin.py:190} INFO - [2026-08-11T19:37:37.747+0000] {dagbag.py:587} INFO - Filling up the DagBag from /opt/airflow/dags/flex_eau_pipeline.py
[2026-08-11T19:37:38.119+0000] {processor.py:925} INFO - DAG(s) 'flex_eau_pipeline' retrieved from /opt/airflow/dags/flex_eau_pipeline.py
[2026-08-11T19:37:38.298+0000] {logging_mixin.py:190} INFO - [2026-08-11T19:37:38.297+0000] {dag.py:3211} INFO - Sync 1 DAGs
[2026-08-11T19:37:38.422+0000] {logging_mixin.py:190} INFO - [2026-08-11T19:37:38.420+0000] {dag.py:4138} INFO - Setting next_dagrun for flex_eau_pipeline to 2026-08-11 00:00:00+00:00, run_after=2026-08-12 00:00:00+00:00
[2026-08-11T19:37:38.499+0000] {processor.py:208} INFO - Processing /opt/airflow/dags/flex_eau_pipeline.py took 0.802 seconds
[2026-08-11T19:38:08.926+0000] {processor.py:186} INFO - Started process (PID=5192) to work on /opt/airflow/dags/flex_eau_pipeline.py
[2026-08-11T19:38:08.936+0000] {processor.py:914} INFO - Processing file /opt/airflow/dags/flex_eau_pipeline.py for tasks to queue
[2026-08-11T19:38:08.949+0000] {logging_mixin.py:190} INFO - [2026-08-11T19:38:08.940+0000] {dagbag.py:587} INFO - Filling up the DagBag from /opt/airflow/dags/flex_eau_pipeline.py
[2026-08-11T19:38:09.089+0000] {processor.py:925} INFO - DAG(s) 'flex_eau_pipeline' retrieved from /opt/airflow/dags/flex_eau_pipeline.py
[2026-08-11T19:38:09.327+0000] {logging_mixin.py:190} INFO - [2026-08-11T19:38:09.326+0000] {dag.py:3211} INFO - Sync 1 DAGs
[2026-08-11T19:38:09.481+0000] {logging_mixin.py:190} INFO - [2026-08-11T19:38:09.481+0000] {dag.py:4138} INFO - Setting next_dagrun for flex_eau_pipeline to 2026-08-11 00:00:00+00:00, run_after=2026-08-12 00:00:00+00:00
[2026-08-11T19:38:09.598+0000] {processor.py:208} INFO - Processing /opt/airflow/dags/flex_eau_pipeline.py took 0.749 seconds
[2026-08-11T19:38:39.793+0000] {processor.py:186} INFO - Started process (PID=5197) to work on /opt/airflow/dags/flex_eau_pipeline.py
[2026-08-11T19:38:39.795+0000] {processor.py:914} INFO - Processing file /opt/airflow/dags/flex_eau_pipeline.py for tasks to queue
[2026-08-11T19:38:39.797+0000] {logging_mixin.py:190} INFO - [2026-08-11T19:38:39.797+0000] {dagbag.py:587} INFO - Filling up the DagBag from /opt/airflow/dags/flex_eau_pipeline.py
[2026-08-11T19:38:39.841+0000] {processor.py:925} INFO - DAG(s) 'flex_eau_pipeline' retrieved from /opt/airflow/dags/flex_eau_pipeline.py
[2026-08-11T19:38:39.912+0000] {logging_mixin.py:190} INFO - [2026-08-11T19:38:39.911+0000] {dag.py:3211} INFO - Sync 1 DAGs
[2026-08-11T19:38:39.960+0000] {logging_mixin.py:190} INFO - [2026-08-11T19:38:39.959+0000] {dag.py:4138} INFO - Setting next_dagrun for flex_eau_pipeline to 2026-08-11 00:00:00+00:00, run_after=2026-08-12 00:00:00+00:00
[2026-08-11T19:38:39.996+0000] {processor.py:208} INFO - Processing /opt/airflow/dags/flex_eau_pipeline.py took 0.220 seconds
[2026-08-11T19:39:10.749+0000] {processor.py:186} INFO - Started process (PID=5202) to work on /opt/airflow/dags/flex_eau_pipeline.py
[2026-08-11T19:39:10.750+0000] {processor.py:914} INFO - Processing file /opt/airflow/dags/flex_eau_pipeline.py for tasks to queue
[2026-08-11T19:39:10.752+0000] {logging_mixin.py:190} INFO - [2026-08-11T19:39:10.752+0000] {dagbag.py:587} INFO - Filling up the DagBag from /opt/airflow/dags/flex_eau_pipeline.py
[2026-08-11T19:39:10.779+0000] {processor.py:925} INFO - DAG(s) 'flex_eau_pipeline' retrieved from /opt/airflow/dags/flex_eau_pipeline.py
[2026-08-11T19:39:10.831+0000] {logging_mixin.py:190} INFO - [2026-08-11T19:39:10.830+0000] {dag.py:3211} INFO - Sync 1 DAGs
[2026-08-11T19:39:10.865+0000] {logging_mixin.py:190} INFO - [2026-08-11T19:39:10.864+0000] {dag.py:4138} INFO - Setting next_dagrun for flex_eau_pipeline to 2026-08-11 00:00:00+00:00, run_after=2026-08-12 00:00:00+00:00
[2026-08-11T19:39:10.895+0000] {processor.py:208} INFO - Processing /opt/airflow/dags/flex_eau_pipeline.py took 0.155 seconds
[2026-08-11T19:39:41.223+0000] {processor.py:186} INFO - Started process (PID=5207) to work on /opt/airflow/dags/flex_eau_pipeline.py
[2026-08-11T19:39:41.225+0000] {processor.py:914} INFO - Processing file /opt/airflow/dags/flex_eau_pipeline.py for tasks to queue
[2026-08-11T19:39:41.226+0000] {logging_mixin.py:190} INFO - [2026-08-11T19:39:41.226+0000] {dagbag.py:587} INFO - Filling up the DagBag from /opt/airflow/dags/flex_eau_pipeline.py
[2026-08-11T19:39:41.254+0000] {processor.py:925} INFO - DAG(s) 'flex_eau_pipeline' retrieved from /opt/airflow/dags/flex_eau_pipeline.py
[2026-08-11T19:39:41.303+0000] {logging_mixin.py:190} INFO - [2026-08-11T19:39:41.302+0000] {dag.py:3211} INFO - Sync 1 DAGs
[2026-08-11T19:39:41.330+0000] {logging_mixin.py:190} INFO - [2026-08-11T19:39:41.330+0000] {dag.py:4138} INFO - Setting next_dagrun for flex_eau_pipeline to 2026-08-11 00:00:00+00:00, run_after=2026-08-12 00:00:00+00:00
[2026-08-11T19:39:41.357+0000] {processor.py:208} INFO - Processing /opt/airflow/dags/flex_eau_pipeline.py took 0.143 seconds
[2026-08-11T19:40:11.718+0000] {processor.py:186} INFO - Started process (PID=5212) to work on /opt/airflow/dags/flex_eau_pipeline.py
[2026-08-11T19:40:11.721+0000] {processor.py:914} INFO - Processing file /opt/airflow/dags/flex_eau_pipeline.py for tasks to queue
[2026-08-11T19:40:11.722+0000] {logging_mixin.py:190} INFO - [2026-08-11T19:40:11.722+0000] {dagbag.py:587} INFO - Filling up the DagBag from /opt/airflow/dags/flex_eau_pipeline.py
[2026-08-11T19:40:11.753+0000] {processor.py:925} INFO - DAG(s) 'flex_eau_pipeline' retrieved from /opt/airflow/dags/flex_eau_pipeline.py
[2026-08-11T19:40:11.798+0000] {logging_mixin.py:190} INFO - [2026-08-11T19:40:11.798+0000] {dag.py:3211} INFO - Sync 1 DAGs
[2026-08-11T19:40:11.826+0000] {logging_mixin.py:190} INFO - [2026-08-11T19:40:11.825+0000] {dag.py:4138} INFO - Setting next_dagrun for flex_eau_pipeline to 2026-08-11 00:00:00+00:00, run_after=2026-08-12 00:00:00+00:00
[2026-08-11T19:40:11.850+0000] {processor.py:208} INFO - Processing /opt/airflow/dags/flex_eau_pipeline.py took 0.139 seconds
[2026-08-11T19:40:42.587+0000] {processor.py:186} INFO - Started process (PID=5217) to work on /opt/airflow/dags/flex_eau_pipeline.py
[2026-08-11T19:40:42.590+0000] {processor.py:914} INFO - Processing file /opt/airflow/dags/flex_eau_pipeline.py for tasks to queue
[2026-08-11T19:40:42.593+0000] {logging_mixin.py:190} INFO - [2026-08-11T19:40:42.592+0000] {dagbag.py:587} INFO - Filling up the DagBag from /opt/airflow/dags/flex_eau_pipeline.py
[2026-08-11T19:40:42.620+0000] {processor.py:925} INFO - DAG(s) 'flex_eau_pipeline' retrieved from /opt/airflow/dags/flex_eau_pipeline.py
[2026-08-11T19:40:42.673+0000] {logging_mixin.py:190} INFO - [2026-08-11T19:40:42.673+0000] {dag.py:3211} INFO - Sync 1 DAGs
[2026-08-11T19:40:42.701+0000] {logging_mixin.py:190} INFO - [2026-08-11T19:40:42.701+0000] {dag.py:4138} INFO - Setting next_dagrun for flex_eau_pipeline to 2026-08-11 00:00:00+00:00, run_after=2026-08-12 00:00:00+00:00
[2026-08-11T19:40:42.730+0000] {processor.py:208} INFO - Processing /opt/airflow/dags/flex_eau_pipeline.py took 0.150 seconds
[2026-08-11T19:41:13.510+0000] {processor.py:186} INFO - Started process (PID=5222) to work on /opt/airflow/dags/flex_eau_pipeline.py
[2026-08-11T19:41:13.512+0000] {processor.py:914} INFO - Processing file /opt/airflow/dags/flex_eau_pipeline.py for tasks to queue
[2026-08-11T19:41:13.514+0000] {logging_mixin.py:190} INFO - [2026-08-11T19:41:13.514+0000] {dagbag.py:587} INFO - Filling up the DagBag from /opt/airflow/dags/flex_eau_pipeline.py
[2026-08-11T19:41:13.556+0000] {processor.py:925} INFO - DAG(s) 'flex_eau_pipeline' retrieved from /opt/airflow/dags/flex_eau_pipeline.py
[2026-08-11T19:41:13.630+0000] {logging_mixin.py:190} INFO - [2026-08-11T19:41:13.629+0000] {dag.py:3211} INFO - Sync 1 DAGs
[2026-08-11T19:41:13.671+0000] {logging_mixin.py:190} INFO - [2026-08-11T19:41:13.671+0000] {dag.py:4138} INFO - Setting next_dagrun for flex_eau_pipeline to 2026-08-11 00:00:00+00:00, run_after=2026-08-12 00:00:00+00:00
[2026-08-11T19:41:13.708+0000] {processor.py:208} INFO - Processing /opt/airflow/dags/flex_eau_pipeline.py took 0.212 seconds
[2026-08-11T19:41:43.993+0000] {processor.py:186} INFO - Started process (PID=5227) to work on /opt/airflow/dags/flex_eau_pipeline.py
[2026-08-11T19:41:43.996+0000] {processor.py:914} INFO - Processing file /opt/airflow/dags/flex_eau_pipeline.py for tasks to queue
[2026-08-11T19:41:43.998+0000] {logging_mixin.py:190} INFO - [2026-08-11T19:41:43.998+0000] {dagbag.py:587} INFO - Filling up the DagBag from /opt/airflow/dags/flex_eau_pipeline.py
[2026-08-11T19:41:44.074+0000] {processor.py:925} INFO - DAG(s) 'flex_eau_pipeline' retrieved from /opt/airflow/dags/flex_eau_pipeline.py
[2026-08-11T19:41:44.190+0000] {logging_mixin.py:190} INFO - [2026-08-11T19:41:44.189+0000] {dag.py:3211} INFO - Sync 1 DAGs
[2026-08-11T19:41:44.265+0000] {logging_mixin.py:190} INFO - [2026-08-11T19:41:44.263+0000] {dag.py:4138} INFO - Setting next_dagrun for flex_eau_pipeline to 2026-08-11 00:00:00+00:00, run_after=2026-08-12 00:00:00+00:00
[2026-08-11T19:41:44.322+0000] {processor.py:208} INFO - Processing /opt/airflow/dags/flex_eau_pipeline.py took 0.355 seconds
[2026-08-11T19:42:14.653+0000] {processor.py:186} INFO - Started process (PID=5232) to work on /opt/airflow/dags/flex_eau_pipeline.py
[2026-08-11T19:42:14.654+0000] {processor.py:914} INFO - Processing file /opt/airflow/dags/flex_eau_pipeline.py for tasks to queue
[2026-08-11T19:42:14.657+0000] {logging_mixin.py:190} INFO - [2026-08-11T19:42:14.656+0000] {dagbag.py:587} INFO - Filling up the DagBag from /opt/airflow/dags/flex_eau_pipeline.py
[2026-08-11T19:42:14.700+0000] {processor.py:925} INFO - DAG(s) 'flex_eau_pipeline' retrieved from /opt/airflow/dags/flex_eau_pipeline.py
[2026-08-11T19:42:14.760+0000] {logging_mixin.py:190} INFO - [2026-08-11T19:42:14.760+0000] {dag.py:3211} INFO - Sync 1 DAGs
[2026-08-11T19:42:14.798+0000] {logging_mixin.py:190} INFO - [2026-08-11T19:42:14.798+0000] {dag.py:4138} INFO - Setting next_dagrun for flex_eau_pipeline to 2026-08-11 00:00:00+00:00, run_after=2026-08-12 00:00:00+00:00
[2026-08-11T19:42:14.831+0000] {processor.py:208} INFO - Processing /opt/airflow/dags/flex_eau_pipeline.py took 0.188 seconds
[2026-08-11T19:42:44.971+0000] {processor.py:186} INFO - Started process (PID=5237) to work on /opt/airflow/dags/flex_eau_pipeline.py
[2026-08-11T19:42:44.973+0000] {processor.py:914} INFO - Processing file /opt/airflow/dags/flex_eau_pipeline.py for tasks to queue
[2026-08-11T19:42:44.975+0000] {logging_mixin.py:190} INFO - [2026-08-11T19:42:44.975+0000] {dagbag.py:587} INFO - Filling up the DagBag from /opt/airflow/dags/flex_eau_pipeline.py
[2026-08-11T19:42:45.010+0000] {processor.py:925} INFO - DAG(s) 'flex_eau_pipeline' retrieved from /opt/airflow/dags/flex_eau_pipeline.py
[2026-08-11T19:42:45.080+0000] {logging_mixin.py:190} INFO - [2026-08-11T19:42:45.079+0000] {dag.py:3211} INFO - Sync 1 DAGs
[2026-08-11T19:42:45.124+0000] {logging_mixin.py:190} INFO - [2026-08-11T19:42:45.123+0000] {dag.py:4138} INFO - Setting next_dagrun for flex_eau_pipeline to 2026-08-11 00:00:00+00:00, run_after=2026-08-12 00:00:00+00:00
[2026-08-11T19:42:45.159+0000] {processor.py:208} INFO - Processing /opt/airflow/dags/flex_eau_pipeline.py took 0.199 seconds
[2026-08-11T19:43:15.457+0000] {processor.py:186} INFO - Started process (PID=5242) to work on /opt/airflow/dags/flex_eau_pipeline.py
[2026-08-11T19:43:15.459+0000] {processor.py:914} INFO - Processing file /opt/airflow/dags/flex_eau_pipeline.py for tasks to queue
[2026-08-11T19:43:15.461+0000] {logging_mixin.py:190} INFO - [2026-08-11T19:43:15.461+0000] {dagbag.py:587} INFO - Filling up the DagBag from /opt/airflow/dags/flex_eau_pipeline.py
[2026-08-11T19:43:15.496+0000] {processor.py:925} INFO - DAG(s) 'flex_eau_pipeline' retrieved from /opt/airflow/dags/flex_eau_pipeline.py
[2026-08-11T19:43:15.562+0000] {logging_mixin.py:190} INFO - [2026-08-11T19:43:15.562+0000] {dag.py:3211} INFO - Sync 1 DAGs
[2026-08-11T19:43:15.601+0000] {logging_mixin.py:190} INFO - [2026-08-11T19:43:15.601+0000] {dag.py:4138} INFO - Setting next_dagrun for flex_eau_pipeline to 2026-08-11 00:00:00+00:00, run_after=2026-08-12 00:00:00+00:00
[2026-08-11T19:43:15.637+0000] {processor.py:208} INFO - Processing /opt/airflow/dags/flex_eau_pipeline.py took 0.193 seconds
[2026-08-11T19:43:46.373+0000] {processor.py:186} INFO - Started process (PID=5247) to work on /opt/airflow/dags/flex_eau_pipeline.py
[2026-08-11T19:43:46.381+0000] {processor.py:914} INFO - Processing file /opt/airflow/dags/flex_eau_pipeline.py for tasks to queue
[2026-08-11T19:43:46.385+0000] {logging_mixin.py:190} INFO - [2026-08-11T19:43:46.384+0000] {dagbag.py:587} INFO - Filling up the DagBag from /opt/airflow/dags/flex_eau_pipeline.py
[2026-08-11T19:43:46.447+0000] {processor.py:925} INFO - DAG(s) 'flex_eau_pipeline' retrieved from /opt/airflow/dags/flex_eau_pipeline.py
[2026-08-11T19:43:46.543+0000] {logging_mixin.py:190} INFO - [2026-08-11T19:43:46.543+0000] {dag.py:3211} INFO - Sync 1 DAGs
[2026-08-11T19:43:46.605+0000] {logging_mixin.py:190} INFO - [2026-08-11T19:43:46.604+0000] {dag.py:4138} INFO - Setting next_dagrun for flex_eau_pipeline to 2026-08-11 00:00:00+00:00, run_after=2026-08-12 00:00:00+00:00
[2026-08-11T19:43:46.673+0000] {processor.py:208} INFO - Processing /opt/airflow/dags/flex_eau_pipeline.py took 0.329 seconds
[2026-08-11T19:44:16.953+0000] {processor.py:186} INFO - Started process (PID=5252) to work on /opt/airflow/dags/flex_eau_pipeline.py
[2026-08-11T19:44:16.954+0000] {processor.py:914} INFO - Processing file /opt/airflow/dags/flex_eau_pipeline.py for tasks to queue
[2026-08-11T19:44:16.957+0000] {logging_mixin.py:190} INFO - [2026-08-11T19:44:16.956+0000] {dagbag.py:587} INFO - Filling up the DagBag from /opt/airflow/dags/flex_eau_pipeline.py
[2026-08-11T19:44:16.998+0000] {processor.py:925} INFO - DAG(s) 'flex_eau_pipeline' retrieved from /opt/airflow/dags/flex_eau_pipeline.py
[2026-08-11T19:44:17.077+0000] {logging_mixin.py:190} INFO - [2026-08-11T19:44:17.076+0000] {dag.py:3211} INFO - Sync 1 DAGs
[2026-08-11T19:44:17.139+0000] {logging_mixin.py:190} INFO - [2026-08-11T19:44:17.139+0000] {dag.py:4138} INFO - Setting next_dagrun for flex_eau_pipeline to 2026-08-11 00:00:00+00:00, run_after=2026-08-12 00:00:00+00:00
[2026-08-11T19:44:17.187+0000] {processor.py:208} INFO - Processing /opt/airflow/dags/flex_eau_pipeline.py took 0.247 seconds
[2026-08-11T19:44:47.461+0000] {processor.py:186} INFO - Started process (PID=5257) to work on /opt/airflow/dags/flex_eau_pipeline.py
[2026-08-11T19:44:47.462+0000] {processor.py:914} INFO - Processing file /opt/airflow/dags/flex_eau_pipeline.py for tasks to queue
[2026-08-11T19:44:47.465+0000] {logging_mixin.py:190} INFO - [2026-08-11T19:44:47.465+0000] {dagbag.py:587} INFO - Filling up the DagBag from /opt/airflow/dags/flex_eau_pipeline.py
[2026-08-11T19:44:47.502+0000] {processor.py:925} INFO - DAG(s) 'flex_eau_pipeline' retrieved from /opt/airflow/dags/flex_eau_pipeline.py
[2026-08-11T19:44:47.581+0000] {logging_mixin.py:190} INFO - [2026-08-11T19:44:47.580+0000] {dag.py:3211} INFO - Sync 1 DAGs
[2026-08-11T19:44:47.659+0000] {logging_mixin.py:190} INFO - [2026-08-11T19:44:47.659+0000] {dag.py:4138} INFO - Setting next_dagrun for flex_eau_pipeline to 2026-08-11 00:00:00+00:00, run_after=2026-08-12 00:00:00+00:00
[2026-08-11T19:44:47.700+0000] {processor.py:208} INFO - Processing /opt/airflow/dags/flex_eau_pipeline.py took 0.251 seconds
[2026-08-11T19:45:18.539+0000] {processor.py:186} INFO - Started process (PID=5262) to work on /opt/airflow/dags/flex_eau_pipeline.py
[2026-08-11T19:45:18.541+0000] {processor.py:914} INFO - Processing file /opt/airflow/dags/flex_eau_pipeline.py for tasks to queue
[2026-08-11T19:45:18.544+0000] {logging_mixin.py:190} INFO - [2026-08-11T19:45:18.543+0000] {dagbag.py:587} INFO - Filling up the DagBag from /opt/airflow/dags/flex_eau_pipeline.py
[2026-08-11T19:45:18.578+0000] {processor.py:925} INFO - DAG(s) 'flex_eau_pipeline' retrieved from /opt/airflow/dags/flex_eau_pipeline.py
[2026-08-11T19:45:18.646+0000] {logging_mixin.py:190} INFO - [2026-08-11T19:45:18.645+0000] {dag.py:3211} INFO - Sync 1 DAGs
[2026-08-11T19:45:18.689+0000] {logging_mixin.py:190} INFO - [2026-08-11T19:45:18.689+0000] {dag.py:4138} INFO - Setting next_dagrun for flex_eau_pipeline to 2026-08-11 00:00:00+00:00, run_after=2026-08-12 00:00:00+00:00
[2026-08-11T19:45:18.724+0000] {processor.py:208} INFO - Processing /opt/airflow/dags/flex_eau_pipeline.py took 0.199 seconds
[2026-08-11T19:45:48.852+0000] {processor.py:186} INFO - Started process (PID=5267) to work on /opt/airflow/dags/flex_eau_pipeline.py
[2026-08-11T19:45:48.856+0000] {processor.py:914} INFO - Processing file /opt/airflow/dags/flex_eau_pipeline.py for tasks to queue
[2026-08-11T19:45:48.862+0000] {logging_mixin.py:190} INFO - [2026-08-11T19:45:48.860+0000] {dagbag.py:587} INFO - Filling up the DagBag from /opt/airflow/dags/flex_eau_pipeline.py
[2026-08-11T19:45:48.919+0000] {processor.py:925} INFO - DAG(s) 'flex_eau_pipeline' retrieved from /opt/airflow/dags/flex_eau_pipeline.py
[2026-08-11T19:45:49.005+0000] {logging_mixin.py:190} INFO - [2026-08-11T19:45:49.005+0000] {dag.py:3211} INFO - Sync 1 DAGs
[2026-08-11T19:45:49.053+0000] {logging_mixin.py:190} INFO - [2026-08-11T19:45:49.053+0000] {dag.py:4138} INFO - Setting next_dagrun for flex_eau_pipeline to 2026-08-11 00:00:00+00:00, run_after=2026-08-12 00:00:00+00:00
[2026-08-11T19:45:49.091+0000] {processor.py:208} INFO - Processing /opt/airflow/dags/flex_eau_pipeline.py took 0.252 seconds
[2026-08-11T19:46:19.423+0000] {processor.py:186} INFO - Started process (PID=5272) to work on /opt/airflow/dags/flex_eau_pipeline.py
[2026-08-11T19:46:19.424+0000] {processor.py:914} INFO - Processing file /opt/airflow/dags/flex_eau_pipeline.py for tasks to queue
[2026-08-11T19:46:19.427+0000] {logging_mixin.py:190} INFO - [2026-08-11T19:46:19.426+0000] {dagbag.py:587} INFO - Filling up the DagBag from /opt/airflow/dags/flex_eau_pipeline.py
[2026-08-11T19:46:19.471+0000] {processor.py:925} INFO - DAG(s) 'flex_eau_pipeline' retrieved from /opt/airflow/dags/flex_eau_pipeline.py
[2026-08-11T19:46:19.641+0000] {logging_mixin.py:190} INFO - [2026-08-11T19:46:19.641+0000] {dag.py:3211} INFO - Sync 1 DAGs
[2026-08-11T19:46:19.768+0000] {logging_mixin.py:190} INFO - [2026-08-11T19:46:19.762+0000] {dag.py:4138} INFO - Setting next_dagrun for flex_eau_pipeline to 2026-08-11 00:00:00+00:00, run_after=2026-08-12 00:00:00+00:00
[2026-08-11T19:46:19.857+0000] {processor.py:208} INFO - Processing /opt/airflow/dags/flex_eau_pipeline.py took 0.449 seconds
[2026-08-11T19:46:50.379+0000] {processor.py:186} INFO - Started process (PID=5277) to work on /opt/airflow/dags/flex_eau_pipeline.py
[2026-08-11T19:46:50.399+0000] {processor.py:914} INFO - Processing file /opt/airflow/dags/flex_eau_pipeline.py for tasks to queue
[2026-08-11T19:46:50.401+0000] {logging_mixin.py:190} INFO - [2026-08-11T19:46:50.400+0000] {dagbag.py:587} INFO - Filling up the DagBag from /opt/airflow/dags/flex_eau_pipeline.py
[2026-08-11T19:46:50.452+0000] {processor.py:925} INFO - DAG(s) 'flex_eau_pipeline' retrieved from /opt/airflow/dags/flex_eau_pipeline.py
[2026-08-11T19:46:50.535+0000] {logging_mixin.py:190} INFO - [2026-08-11T19:46:50.534+0000] {dag.py:3211} INFO - Sync 1 DAGs
[2026-08-11T19:46:50.601+0000] {logging_mixin.py:190} INFO - [2026-08-11T19:46:50.600+0000] {dag.py:4138} INFO - Setting next_dagrun for flex_eau_pipeline to 2026-08-11 00:00:00+00:00, run_after=2026-08-12 00:00:00+00:00
[2026-08-11T19:46:50.655+0000] {processor.py:208} INFO - Processing /opt/airflow/dags/flex_eau_pipeline.py took 0.291 seconds
[2026-08-11T19:47:20.765+0000] {processor.py:186} INFO - Started process (PID=5282) to work on /opt/airflow/dags/flex_eau_pipeline.py
[2026-08-11T19:47:20.768+0000] {processor.py:914} INFO - Processing file /opt/airflow/dags/flex_eau_pipeline.py for tasks to queue
[2026-08-11T19:47:20.772+0000] {logging_mixin.py:190} INFO - [2026-08-11T19:47:20.771+0000] {dagbag.py:587} INFO - Filling up the DagBag from /opt/airflow/dags/flex_eau_pipeline.py
[2026-08-11T19:47:20.811+0000] {processor.py:925} INFO - DAG(s) 'flex_eau_pipeline' retrieved from /opt/airflow/dags/flex_eau_pipeline.py
[2026-08-11T19:47:20.888+0000] {logging_mixin.py:190} INFO - [2026-08-11T19:47:20.888+0000] {dag.py:3211} INFO - Sync 1 DAGs
[2026-08-11T19:47:20.935+0000] {logging_mixin.py:190} INFO - [2026-08-11T19:47:20.935+0000] {dag.py:4138} INFO - Setting next_dagrun for flex_eau_pipeline to 2026-08-11 00:00:00+00:00, run_after=2026-08-12 00:00:00+00:00
[2026-08-11T19:47:20.979+0000] {processor.py:208} INFO - Processing /opt/airflow/dags/flex_eau_pipeline.py took 0.230 seconds
[2026-08-11T19:47:51.446+0000] {processor.py:186} INFO - Started process (PID=5287) to work on /opt/airflow/dags/flex_eau_pipeline.py
[2026-08-11T19:47:51.448+0000] {processor.py:914} INFO - Processing file /opt/airflow/dags/flex_eau_pipeline.py for tasks to queue
[2026-08-11T19:47:51.450+0000] {logging_mixin.py:190} INFO - [2026-08-11T19:47:51.449+0000] {dagbag.py:587} INFO - Filling up the DagBag from /opt/airflow/dags/flex_eau_pipeline.py
[2026-08-11T19:47:51.481+0000] {processor.py:925} INFO - DAG(s) 'flex_eau_pipeline' retrieved from /opt/airflow/dags/flex_eau_pipeline.py
[2026-08-11T19:47:51.539+0000] {logging_mixin.py:190} INFO - [2026-08-11T19:47:51.539+0000] {dag.py:3211} INFO - Sync 1 DAGs
[2026-08-11T19:47:51.575+0000] {logging_mixin.py:190} INFO - [2026-08-11T19:47:51.574+0000] {dag.py:4138} INFO - Setting next_dagrun for flex_eau_pipeline to 2026-08-11 00:00:00+00:00, run_after=2026-08-12 00:00:00+00:00
[2026-08-11T19:47:51.622+0000] {processor.py:208} INFO - Processing /opt/airflow/dags/flex_eau_pipeline.py took 0.188 seconds
[2026-08-11T19:48:21.956+0000] {processor.py:186} INFO - Started process (PID=5292) to work on /opt/airflow/dags/flex_eau_pipeline.py
[2026-08-11T19:48:21.958+0000] {processor.py:914} INFO - Processing file /opt/airflow/dags/flex_eau_pipeline.py for tasks to queue
[2026-08-11T19:48:21.961+0000] {logging_mixin.py:190} INFO - [2026-08-11T19:48:21.960+0000] {dagbag.py:587} INFO - Filling up the DagBag from /opt/airflow/dags/flex_eau_pipeline.py
[2026-08-11T19:48:21.996+0000] {processor.py:925} INFO - DAG(s) 'flex_eau_pipeline' retrieved from /opt/airflow/dags/flex_eau_pipeline.py
[2026-08-11T19:48:22.074+0000] {logging_mixin.py:190} INFO - [2026-08-11T19:48:22.074+0000] {dag.py:3211} INFO - Sync 1 DAGs
[2026-08-11T19:48:22.124+0000] {logging_mixin.py:190} INFO - [2026-08-11T19:48:22.123+0000] {dag.py:4138} INFO - Setting next_dagrun for flex_eau_pipeline to 2026-08-11 00:00:00+00:00, run_after=2026-08-12 00:00:00+00:00
[2026-08-11T19:48:22.161+0000] {processor.py:208} INFO - Processing /opt/airflow/dags/flex_eau_pipeline.py took 0.216 seconds
[2026-08-11T19:48:52.341+0000] {processor.py:186} INFO - Started process (PID=5297) to work on /opt/airflow/dags/flex_eau_pipeline.py
[2026-08-11T19:48:52.343+0000] {processor.py:914} INFO - Processing file /opt/airflow/dags/flex_eau_pipeline.py for tasks to queue
[2026-08-11T19:48:52.345+0000] {logging_mixin.py:190} INFO - [2026-08-11T19:48:52.345+0000] {dagbag.py:587} INFO - Filling up the DagBag from /opt/airflow/dags/flex_eau_pipeline.py
[2026-08-11T19:48:52.449+0000] {processor.py:925} INFO - DAG(s) 'flex_eau_pipeline' retrieved from /opt/airflow/dags/flex_eau_pipeline.py
[2026-08-11T19:48:52.524+0000] {logging_mixin.py:190} INFO - [2026-08-11T19:48:52.524+0000] {dag.py:3211} INFO - Sync 1 DAGs
[2026-08-11T19:48:52.574+0000] {logging_mixin.py:190} INFO - [2026-08-11T19:48:52.573+0000] {dag.py:4138} INFO - Setting next_dagrun for flex_eau_pipeline to 2026-08-11 00:00:00+00:00, run_after=2026-08-12 00:00:00+00:00
[2026-08-11T19:48:52.615+0000] {processor.py:208} INFO - Processing /opt/airflow/dags/flex_eau_pipeline.py took 0.224 seconds
[2026-08-11T19:49:23.047+0000] {processor.py:186} INFO - Started process (PID=5302) to work on /opt/airflow/dags/flex_eau_pipeline.py
[2026-08-11T19:49:23.049+0000] {processor.py:914} INFO - Processing file /opt/airflow/dags/flex_eau_pipeline.py for tasks to queue
[2026-08-11T19:49:23.051+0000] {logging_mixin.py:190} INFO - [2026-08-11T19:49:23.050+0000] {dagbag.py:587} INFO - Filling up the DagBag from /opt/airflow/dags/flex_eau_pipeline.py
[2026-08-11T19:49:23.086+0000] {processor.py:925} INFO - DAG(s) 'flex_eau_pipeline' retrieved from /opt/airflow/dags/flex_eau_pipeline.py
[2026-08-11T19:49:23.158+0000] {logging_mixin.py:190} INFO - [2026-08-11T19:49:23.157+0000] {dag.py:3211} INFO - Sync 1 DAGs
[2026-08-11T19:49:23.208+0000] {logging_mixin.py:190} INFO - [2026-08-11T19:49:23.208+0000] {dag.py:4138} INFO - Setting next_dagrun for flex_eau_pipeline to 2026-08-11 00:00:00+00:00, run_after=2026-08-12 00:00:00+00:00
[2026-08-11T19:49:23.248+0000] {processor.py:208} INFO - Processing /opt/airflow/dags/flex_eau_pipeline.py took 0.211 seconds
[2026-08-11T19:49:53.570+0000] {processor.py:186} INFO - Started process (PID=5307) to work on /opt/airflow/dags/flex_eau_pipeline.py
[2026-08-11T19:49:53.572+0000] {processor.py:914} INFO - Processing file /opt/airflow/dags/flex_eau_pipeline.py for tasks to queue
[2026-08-11T19:49:53.574+0000] {logging_mixin.py:190} INFO - [2026-08-11T19:49:53.574+0000] {dagbag.py:587} INFO - Filling up the DagBag from /opt/airflow/dags/flex_eau_pipeline.py
[2026-08-11T19:49:53.618+0000] {processor.py:925} INFO - DAG(s) 'flex_eau_pipeline' retrieved from /opt/airflow/dags/flex_eau_pipeline.py
[2026-08-11T19:49:53.708+0000] {logging_mixin.py:190} INFO - [2026-08-11T19:49:53.708+0000] {dag.py:3211} INFO - Sync 1 DAGs
[2026-08-11T19:49:53.765+0000] {logging_mixin.py:190} INFO - [2026-08-11T19:49:53.765+0000] {dag.py:4138} INFO - Setting next_dagrun for flex_eau_pipeline to 2026-08-11 00:00:00+00:00, run_after=2026-08-12 00:00:00+00:00
[2026-08-11T19:49:53.817+0000] {processor.py:208} INFO - Processing /opt/airflow/dags/flex_eau_pipeline.py took 0.263 seconds
[2026-08-11T19:50:24.013+0000] {processor.py:186} INFO - Started process (PID=5312) to work on /opt/airflow/dags/flex_eau_pipeline.py
[2026-08-11T19:50:24.015+0000] {processor.py:914} INFO - Processing file /opt/airflow/dags/flex_eau_pipeline.py for tasks to queue
[2026-08-11T19:50:24.017+0000] {logging_mixin.py:190} INFO - [2026-08-11T19:50:24.017+0000] {dagbag.py:587} INFO - Filling up the DagBag from /opt/airflow/dags/flex_eau_pipeline.py
[2026-08-11T19:50:24.051+0000] {processor.py:925} INFO - DAG(s) 'flex_eau_pipeline' retrieved from /opt/airflow/dags/flex_eau_pipeline.py
[2026-08-11T19:50:24.110+0000] {logging_mixin.py:190} INFO - [2026-08-11T19:50:24.110+0000] {dag.py:3211} INFO - Sync 1 DAGs
[2026-08-11T19:50:24.144+0000] {logging_mixin.py:190} INFO - [2026-08-11T19:50:24.143+0000] {dag.py:4138} INFO - Setting next_dagrun for flex_eau_pipeline to 2026-08-11 00:00:00+00:00, run_after=2026-08-12 00:00:00+00:00
[2026-08-11T19:50:24.173+0000] {processor.py:208} INFO - Processing /opt/airflow/dags/flex_eau_pipeline.py took 0.175 seconds
[2026-08-11T19:50:54.888+0000] {processor.py:186} INFO - Started process (PID=5317) to work on /opt/airflow/dags/flex_eau_pipeline.py
[2026-08-11T19:50:54.890+0000] {processor.py:914} INFO - Processing file /opt/airflow/dags/flex_eau_pipeline.py for tasks to queue
[2026-08-11T19:50:54.892+0000] {logging_mixin.py:190} INFO - [2026-08-11T19:50:54.892+0000] {dagbag.py:587} INFO - Filling up the DagBag from /opt/airflow/dags/flex_eau_pipeline.py
[2026-08-11T19:50:54.925+0000] {processor.py:925} INFO - DAG(s) 'flex_eau_pipeline' retrieved from /opt/airflow/dags/flex_eau_pipeline.py
[2026-08-11T19:50:54.980+0000] {logging_mixin.py:190} INFO - [2026-08-11T19:50:54.980+0000] {dag.py:3211} INFO - Sync 1 DAGs
[2026-08-11T19:50:55.014+0000] {logging_mixin.py:190} INFO - [2026-08-11T19:50:55.013+0000] {dag.py:4138} INFO - Setting next_dagrun for flex_eau_pipeline to 2026-08-11 00:00:00+00:00, run_after=2026-08-12 00:00:00+00:00
[2026-08-11T19:50:55.046+0000] {processor.py:208} INFO - Processing /opt/airflow/dags/flex_eau_pipeline.py took 0.169 seconds
[2026-08-11T19:51:25.147+0000] {processor.py:186} INFO - Started process (PID=5322) to work on /opt/airflow/dags/flex_eau_pipeline.py
[2026-08-11T19:51:25.149+0000] {processor.py:914} INFO - Processing file /opt/airflow/dags/flex_eau_pipeline.py for tasks to queue
[2026-08-11T19:51:25.153+0000] {logging_mixin.py:190} INFO - [2026-08-11T19:51:25.152+0000] {dagbag.py:587} INFO - Filling up the DagBag from /opt/airflow/dags/flex_eau_pipeline.py
[2026-08-11T19:51:25.181+0000] {processor.py:925} INFO - DAG(s) 'flex_eau_pipeline' retrieved from /opt/airflow/dags/flex_eau_pipeline.py
[2026-08-11T19:51:25.243+0000] {logging_mixin.py:190} INFO - [2026-08-11T19:51:25.243+0000] {dag.py:3211} INFO - Sync 1 DAGs
[2026-08-11T19:51:25.277+0000] {logging_mixin.py:190} INFO - [2026-08-11T19:51:25.277+0000] {dag.py:4138} INFO - Setting next_dagrun for flex_eau_pipeline to 2026-08-11 00:00:00+00:00, run_after=2026-08-12 00:00:00+00:00
[2026-08-11T19:51:25.308+0000] {processor.py:208} INFO - Processing /opt/airflow/dags/flex_eau_pipeline.py took 0.170 seconds
[2026-08-11T19:51:55.399+0000] {processor.py:186} INFO - Started process (PID=5327) to work on /opt/airflow/dags/flex_eau_pipeline.py
[2026-08-11T19:51:55.400+0000] {processor.py:914} INFO - Processing file /opt/airflow/dags/flex_eau_pipeline.py for tasks to queue
[2026-08-11T19:51:55.403+0000] {logging_mixin.py:190} INFO - [2026-08-11T19:51:55.403+0000] {dagbag.py:587} INFO - Filling up the DagBag from /opt/airflow/dags/flex_eau_pipeline.py
[2026-08-11T19:51:55.429+0000] {processor.py:925} INFO - DAG(s) 'flex_eau_pipeline' retrieved from /opt/airflow/dags/flex_eau_pipeline.py
[2026-08-11T19:51:55.481+0000] {logging_mixin.py:190} INFO - [2026-08-11T19:51:55.481+0000] {dag.py:3211} INFO - Sync 1 DAGs
[2026-08-11T19:51:55.511+0000] {logging_mixin.py:190} INFO - [2026-08-11T19:51:55.511+0000] {dag.py:4138} INFO - Setting next_dagrun for flex_eau_pipeline to 2026-08-11 00:00:00+00:00, run_after=2026-08-12 00:00:00+00:00
[2026-08-11T19:51:55.541+0000] {processor.py:208} INFO - Processing /opt/airflow/dags/flex_eau_pipeline.py took 0.151 seconds
[2026-08-11T19:52:25.834+0000] {processor.py:186} INFO - Started process (PID=5332) to work on /opt/airflow/dags/flex_eau_pipeline.py
[2026-08-11T19:52:25.837+0000] {processor.py:914} INFO - Processing file /opt/airflow/dags/flex_eau_pipeline.py for tasks to queue
[2026-08-11T19:52:25.840+0000] {logging_mixin.py:190} INFO - [2026-08-11T19:52:25.839+0000] {dagbag.py:587} INFO - Filling up the DagBag from /opt/airflow/dags/flex_eau_pipeline.py
[2026-08-11T19:52:25.889+0000] {processor.py:925} INFO - DAG(s) 'flex_eau_pipeline' retrieved from /opt/airflow/dags/flex_eau_pipeline.py
[2026-08-11T19:52:26.006+0000] {logging_mixin.py:190} INFO - [2026-08-11T19:52:26.006+0000] {dag.py:3211} INFO - Sync 1 DAGs
[2026-08-11T19:52:26.058+0000] {logging_mixin.py:190} INFO - [2026-08-11T19:52:26.057+0000] {dag.py:4138} INFO - Setting next_dagrun for flex_eau_pipeline to 2026-08-11 00:00:00+00:00, run_after=2026-08-12 00:00:00+00:00
[2026-08-11T19:52:26.103+0000] {processor.py:208} INFO - Processing /opt/airflow/dags/flex_eau_pipeline.py took 0.283 seconds
[2026-08-11T19:52:56.460+0000] {processor.py:186} INFO - Started process (PID=5337) to work on /opt/airflow/dags/flex_eau_pipeline.py
[2026-08-11T19:52:56.462+0000] {processor.py:914} INFO - Processing file /opt/airflow/dags/flex_eau_pipeline.py for tasks to queue
[2026-08-11T19:52:56.463+0000] {logging_mixin.py:190} INFO - [2026-08-11T19:52:56.463+0000] {dagbag.py:587} INFO - Filling up the DagBag from /opt/airflow/dags/flex_eau_pipeline.py
[2026-08-11T19:52:56.494+0000] {processor.py:925} INFO - DAG(s) 'flex_eau_pipeline' retrieved from /opt/airflow/dags/flex_eau_pipeline.py
[2026-08-11T19:52:56.546+0000] {logging_mixin.py:190} INFO - [2026-08-11T19:52:56.545+0000] {dag.py:3211} INFO - Sync 1 DAGs
[2026-08-11T19:52:56.575+0000] {logging_mixin.py:190} INFO - [2026-08-11T19:52:56.574+0000] {dag.py:4138} INFO - Setting next_dagrun for flex_eau_pipeline to 2026-08-11 00:00:00+00:00, run_after=2026-08-12 00:00:00+00:00
[2026-08-11T19:52:56.600+0000] {processor.py:208} INFO - Processing /opt/airflow/dags/flex_eau_pipeline.py took 0.150 seconds
[2026-08-11T19:53:27.553+0000] {processor.py:186} INFO - Started process (PID=5342) to work on /opt/airflow/dags/flex_eau_pipeline.py
[2026-08-11T19:53:27.555+0000] {processor.py:914} INFO - Processing file /opt/airflow/dags/flex_eau_pipeline.py for tasks to queue
[2026-08-11T19:53:27.556+0000] {logging_mixin.py:190} INFO - [2026-08-11T19:53:27.556+0000] {dagbag.py:587} INFO - Filling up the DagBag from /opt/airflow/dags/flex_eau_pipeline.py
[2026-08-11T19:53:27.587+0000] {processor.py:925} INFO - DAG(s) 'flex_eau_pipeline' retrieved from /opt/airflow/dags/flex_eau_pipeline.py
[2026-08-11T19:53:27.636+0000] {logging_mixin.py:190} INFO - [2026-08-11T19:53:27.635+0000] {dag.py:3211} INFO - Sync 1 DAGs
[2026-08-11T19:53:27.665+0000] {logging_mixin.py:190} INFO - [2026-08-11T19:53:27.665+0000] {dag.py:4138} INFO - Setting next_dagrun for flex_eau_pipeline to 2026-08-11 00:00:00+00:00, run_after=2026-08-12 00:00:00+00:00
[2026-08-11T19:53:27.697+0000] {processor.py:208} INFO - Processing /opt/airflow/dags/flex_eau_pipeline.py took 0.153 seconds
[2026-08-11T19:53:58.025+0000] {processor.py:186} INFO - Started process (PID=5347) to work on /opt/airflow/dags/flex_eau_pipeline.py
[2026-08-11T19:53:58.028+0000] {processor.py:914} INFO - Processing file /opt/airflow/dags/flex_eau_pipeline.py for tasks to queue
[2026-08-11T19:53:58.039+0000] {logging_mixin.py:190} INFO - [2026-08-11T19:53:58.035+0000] {dagbag.py:587} INFO - Filling up the DagBag from /opt/airflow/dags/flex_eau_pipeline.py
[2026-08-11T19:53:58.079+0000] {processor.py:925} INFO - DAG(s) 'flex_eau_pipeline' retrieved from /opt/airflow/dags/flex_eau_pipeline.py
[2026-08-11T19:53:58.135+0000] {logging_mixin.py:190} INFO - [2026-08-11T19:53:58.135+0000] {dag.py:3211} INFO - Sync 1 DAGs
[2026-08-11T19:53:58.165+0000] {logging_mixin.py:190} INFO - [2026-08-11T19:53:58.164+0000] {dag.py:4138} INFO - Setting next_dagrun for flex_eau_pipeline to 2026-08-11 00:00:00+00:00, run_after=2026-08-12 00:00:00+00:00
[2026-08-11T19:53:58.191+0000] {processor.py:208} INFO - Processing /opt/airflow/dags/flex_eau_pipeline.py took 0.176 seconds
[2026-08-11T19:54:28.909+0000] {processor.py:186} INFO - Started process (PID=5352) to work on /opt/airflow/dags/flex_eau_pipeline.py
[2026-08-11T19:54:28.910+0000] {processor.py:914} INFO - Processing file /opt/airflow/dags/flex_eau_pipeline.py for tasks to queue
[2026-08-11T19:54:28.912+0000] {logging_mixin.py:190} INFO - [2026-08-11T19:54:28.911+0000] {dagbag.py:587} INFO - Filling up the DagBag from /opt/airflow/dags/flex_eau_pipeline.py
[2026-08-11T19:54:28.938+0000] {processor.py:925} INFO - DAG(s) 'flex_eau_pipeline' retrieved from /opt/airflow/dags/flex_eau_pipeline.py
[2026-08-11T19:54:28.988+0000] {logging_mixin.py:190} INFO - [2026-08-11T19:54:28.987+0000] {dag.py:3211} INFO - Sync 1 DAGs
[2026-08-11T19:54:29.019+0000] {logging_mixin.py:190} INFO - [2026-08-11T19:54:29.019+0000] {dag.py:4138} INFO - Setting next_dagrun for flex_eau_pipeline to 2026-08-11 00:00:00+00:00, run_after=2026-08-12 00:00:00+00:00
[2026-08-11T19:54:29.045+0000] {processor.py:208} INFO - Processing /opt/airflow/dags/flex_eau_pipeline.py took 0.145 seconds
[2026-08-11T19:54:59.188+0000] {processor.py:186} INFO - Started process (PID=5357) to work on /opt/airflow/dags/flex_eau_pipeline.py
[2026-08-11T19:54:59.189+0000] {processor.py:914} INFO - Processing file /opt/airflow/dags/flex_eau_pipeline.py for tasks to queue
[2026-08-11T19:54:59.191+0000] {logging_mixin.py:190} INFO - [2026-08-11T19:54:59.191+0000] {dagbag.py:587} INFO - Filling up the DagBag from /opt/airflow/dags/flex_eau_pipeline.py
[2026-08-11T19:54:59.218+0000] {processor.py:925} INFO - DAG(s) 'flex_eau_pipeline' retrieved from /opt/airflow/dags/flex_eau_pipeline.py
[2026-08-11T19:54:59.271+0000] {logging_mixin.py:190} INFO - [2026-08-11T19:54:59.270+0000] {dag.py:3211} INFO - Sync 1 DAGs
[2026-08-11T19:54:59.302+0000] {logging_mixin.py:190} INFO - [2026-08-11T19:54:59.301+0000] {dag.py:4138} INFO - Setting next_dagrun for flex_eau_pipeline to 2026-08-11 00:00:00+00:00, run_after=2026-08-12 00:00:00+00:00
[2026-08-11T19:54:59.331+0000] {processor.py:208} INFO - Processing /opt/airflow/dags/flex_eau_pipeline.py took 0.152 seconds
[2026-08-11T19:55:29.498+0000] {processor.py:186} INFO - Started process (PID=5362) to work on /opt/airflow/dags/flex_eau_pipeline.py
[2026-08-11T19:55:29.500+0000] {processor.py:914} INFO - Processing file /opt/airflow/dags/flex_eau_pipeline.py for tasks to queue
[2026-08-11T19:55:29.502+0000] {logging_mixin.py:190} INFO - [2026-08-11T19:55:29.502+0000] {dagbag.py:587} INFO - Filling up the DagBag from /opt/airflow/dags/flex_eau_pipeline.py
[2026-08-11T19:55:29.535+0000] {processor.py:925} INFO - DAG(s) 'flex_eau_pipeline' retrieved from /opt/airflow/dags/flex_eau_pipeline.py
[2026-08-11T19:55:29.587+0000] {logging_mixin.py:190} INFO - [2026-08-11T19:55:29.586+0000] {dag.py:3211} INFO - Sync 1 DAGs
[2026-08-11T19:55:29.618+0000] {logging_mixin.py:190} INFO - [2026-08-11T19:55:29.618+0000] {dag.py:4138} INFO - Setting next_dagrun for flex_eau_pipeline to 2026-08-11 00:00:00+00:00, run_after=2026-08-12 00:00:00+00:00
[2026-08-11T19:55:29.643+0000] {processor.py:208} INFO - Processing /opt/airflow/dags/flex_eau_pipeline.py took 0.155 seconds
[2026-08-11T19:56:00.223+0000] {processor.py:186} INFO - Started process (PID=5367) to work on /opt/airflow/dags/flex_eau_pipeline.py
[2026-08-11T19:56:00.225+0000] {processor.py:914} INFO - Processing file /opt/airflow/dags/flex_eau_pipeline.py for tasks to queue
[2026-08-11T19:56:00.227+0000] {logging_mixin.py:190} INFO - [2026-08-11T19:56:00.227+0000] {dagbag.py:587} INFO - Filling up the DagBag from /opt/airflow/dags/flex_eau_pipeline.py
[2026-08-11T19:56:00.258+0000] {processor.py:925} INFO - DAG(s) 'flex_eau_pipeline' retrieved from /opt/airflow/dags/flex_eau_pipeline.py
[2026-08-11T19:56:00.316+0000] {logging_mixin.py:190} INFO - [2026-08-11T19:56:00.315+0000] {dag.py:3211} INFO - Sync 1 DAGs
[2026-08-11T19:56:00.349+0000] {logging_mixin.py:190} INFO - [2026-08-11T19:56:00.349+0000] {dag.py:4138} INFO - Setting next_dagrun for flex_eau_pipeline to 2026-08-11 00:00:00+00:00, run_after=2026-08-12 00:00:00+00:00
[2026-08-11T19:56:00.382+0000] {processor.py:208} INFO - Processing /opt/airflow/dags/flex_eau_pipeline.py took 0.167 seconds
[2026-08-11T19:56:31.388+0000] {processor.py:186} INFO - Started process (PID=5372) to work on /opt/airflow/dags/flex_eau_pipeline.py
[2026-08-11T19:56:31.390+0000] {processor.py:914} INFO - Processing file /opt/airflow/dags/flex_eau_pipeline.py for tasks to queue
[2026-08-11T19:56:31.393+0000] {logging_mixin.py:190} INFO - [2026-08-11T19:56:31.392+0000] {dagbag.py:587} INFO - Filling up the DagBag from /opt/airflow/dags/flex_eau_pipeline.py
[2026-08-11T19:56:31.419+0000] {processor.py:925} INFO - DAG(s) 'flex_eau_pipeline' retrieved from /opt/airflow/dags/flex_eau_pipeline.py
[2026-08-11T19:56:31.465+0000] {logging_mixin.py:190} INFO - [2026-08-11T19:56:31.465+0000] {dag.py:3211} INFO - Sync 1 DAGs
[2026-08-11T19:56:31.492+0000] {logging_mixin.py:190} INFO - [2026-08-11T19:56:31.492+0000] {dag.py:4138} INFO - Setting next_dagrun for flex_eau_pipeline to 2026-08-11 00:00:00+00:00, run_after=2026-08-12 00:00:00+00:00
[2026-08-11T19:56:31.519+0000] {processor.py:208} INFO - Processing /opt/airflow/dags/flex_eau_pipeline.py took 0.140 seconds
[2026-08-11T19:57:01.661+0000] {processor.py:186} INFO - Started process (PID=5377) to work on /opt/airflow/dags/flex_eau_pipeline.py
[2026-08-11T19:57:01.662+0000] {processor.py:914} INFO - Processing file /opt/airflow/dags/flex_eau_pipeline.py for tasks to queue
[2026-08-11T19:57:01.664+0000] {logging_mixin.py:190} INFO - [2026-08-11T19:57:01.664+0000] {dagbag.py:587} INFO - Filling up the DagBag from /opt/airflow/dags/flex_eau_pipeline.py
[2026-08-11T19:57:01.693+0000] {processor.py:925} INFO - DAG(s) 'flex_eau_pipeline' retrieved from /opt/airflow/dags/flex_eau_pipeline.py
[2026-08-11T19:57:01.743+0000] {logging_mixin.py:190} INFO - [2026-08-11T19:57:01.743+0000] {dag.py:3211} INFO - Sync 1 DAGs
[2026-08-11T19:57:01.771+0000] {logging_mixin.py:190} INFO - [2026-08-11T19:57:01.771+0000] {dag.py:4138} INFO - Setting next_dagrun for flex_eau_pipeline to 2026-08-11 00:00:00+00:00, run_after=2026-08-12 00:00:00+00:00
[2026-08-11T19:57:01.798+0000] {processor.py:208} INFO - Processing /opt/airflow/dags/flex_eau_pipeline.py took 0.145 seconds
[2026-08-11T19:57:32.202+0000] {processor.py:186} INFO - Started process (PID=5382) to work on /opt/airflow/dags/flex_eau_pipeline.py
[2026-08-11T19:57:32.204+0000] {processor.py:914} INFO - Processing file /opt/airflow/dags/flex_eau_pipeline.py for tasks to queue
[2026-08-11T19:57:32.206+0000] {logging_mixin.py:190} INFO - [2026-08-11T19:57:32.206+0000] {dagbag.py:587} INFO - Filling up the DagBag from /opt/airflow/dags/flex_eau_pipeline.py
[2026-08-11T19:57:32.233+0000] {processor.py:925} INFO - DAG(s) 'flex_eau_pipeline' retrieved from /opt/airflow/dags/flex_eau_pipeline.py
[2026-08-11T19:57:32.277+0000] {logging_mixin.py:190} INFO - [2026-08-11T19:57:32.277+0000] {dag.py:3211} INFO - Sync 1 DAGs
[2026-08-11T19:57:32.305+0000] {logging_mixin.py:190} INFO - [2026-08-11T19:57:32.304+0000] {dag.py:4138} INFO - Setting next_dagrun for flex_eau_pipeline to 2026-08-11 00:00:00+00:00, run_after=2026-08-12 00:00:00+00:00
[2026-08-11T19:57:32.328+0000] {processor.py:208} INFO - Processing /opt/airflow/dags/flex_eau_pipeline.py took 0.132 seconds
[2026-08-11T19:58:02.548+0000] {processor.py:186} INFO - Started process (PID=5387) to work on /opt/airflow/dags/flex_eau_pipeline.py
[2026-08-11T19:58:02.550+0000] {processor.py:914} INFO - Processing file /opt/airflow/dags/flex_eau_pipeline.py for tasks to queue
[2026-08-11T19:58:02.551+0000] {logging_mixin.py:190} INFO - [2026-08-11T19:58:02.551+0000] {dagbag.py:587} INFO - Filling up the DagBag from /opt/airflow/dags/flex_eau_pipeline.py
[2026-08-11T19:58:02.582+0000] {processor.py:925} INFO - DAG(s) 'flex_eau_pipeline' retrieved from /opt/airflow/dags/flex_eau_pipeline.py
[2026-08-11T19:58:02.631+0000] {logging_mixin.py:190} INFO - [2026-08-11T19:58:02.631+0000] {dag.py:3211} INFO - Sync 1 DAGs
[2026-08-11T19:58:02.659+0000] {logging_mixin.py:190} INFO - [2026-08-11T19:58:02.658+0000] {dag.py:4138} INFO - Setting next_dagrun for flex_eau_pipeline to 2026-08-11 00:00:00+00:00, run_after=2026-08-12 00:00:00+00:00
[2026-08-11T19:58:02.688+0000] {processor.py:208} INFO - Processing /opt/airflow/dags/flex_eau_pipeline.py took 0.151 seconds
[2026-08-11T19:58:32.977+0000] {processor.py:186} INFO - Started process (PID=5392) to work on /opt/airflow/dags/flex_eau_pipeline.py
[2026-08-11T19:58:32.979+0000] {processor.py:914} INFO - Processing file /opt/airflow/dags/flex_eau_pipeline.py for tasks to queue
[2026-08-11T19:58:32.982+0000] {logging_mixin.py:190} INFO - [2026-08-11T19:58:32.982+0000] {dagbag.py:587} INFO - Filling up the DagBag from /opt/airflow/dags/flex_eau_pipeline.py
[2026-08-11T19:58:33.026+0000] {processor.py:925} INFO - DAG(s) 'flex_eau_pipeline' retrieved from /opt/airflow/dags/flex_eau_pipeline.py
[2026-08-11T19:58:33.104+0000] {logging_mixin.py:190} INFO - [2026-08-11T19:58:33.104+0000] {dag.py:3211} INFO - Sync 1 DAGs
[2026-08-11T19:58:33.138+0000] {logging_mixin.py:190} INFO - [2026-08-11T19:58:33.138+0000] {dag.py:4138} INFO - Setting next_dagrun for flex_eau_pipeline to 2026-08-11 00:00:00+00:00, run_after=2026-08-12 00:00:00+00:00
[2026-08-11T19:58:33.164+0000] {processor.py:208} INFO - Processing /opt/airflow/dags/flex_eau_pipeline.py took 0.202 seconds
[2026-08-11T19:59:03.887+0000] {processor.py:186} INFO - Started process (PID=5397) to work on /opt/airflow/dags/flex_eau_pipeline.py
[2026-08-11T19:59:03.889+0000] {processor.py:914} INFO - Processing file /opt/airflow/dags/flex_eau_pipeline.py for tasks to queue
[2026-08-11T19:59:03.891+0000] {logging_mixin.py:190} INFO - [2026-08-11T19:59:03.890+0000] {dagbag.py:587} INFO - Filling up the DagBag from /opt/airflow/dags/flex_eau_pipeline.py
[2026-08-11T19:59:03.915+0000] {processor.py:925} INFO - DAG(s) 'flex_eau_pipeline' retrieved from /opt/airflow/dags/flex_eau_pipeline.py
[2026-08-11T19:59:03.969+0000] {logging_mixin.py:190} INFO - [2026-08-11T19:59:03.969+0000] {dag.py:3211} INFO - Sync 1 DAGs
[2026-08-11T19:59:03.997+0000] {logging_mixin.py:190} INFO - [2026-08-11T19:59:03.997+0000] {dag.py:4138} INFO - Setting next_dagrun for flex_eau_pipeline to 2026-08-11 00:00:00+00:00, run_after=2026-08-12 00:00:00+00:00
[2026-08-11T19:59:04.036+0000] {processor.py:208} INFO - Processing /opt/airflow/dags/flex_eau_pipeline.py took 0.158 seconds
[2026-08-11T19:59:34.711+0000] {processor.py:186} INFO - Started process (PID=5402) to work on /opt/airflow/dags/flex_eau_pipeline.py
[2026-08-11T19:59:34.713+0000] {processor.py:914} INFO - Processing file /opt/airflow/dags/flex_eau_pipeline.py for tasks to queue
[2026-08-11T19:59:34.715+0000] {logging_mixin.py:190} INFO - [2026-08-11T19:59:34.715+0000] {dagbag.py:587} INFO - Filling up the DagBag from /opt/airflow/dags/flex_eau_pipeline.py
[2026-08-11T19:59:34.749+0000] {processor.py:925} INFO - DAG(s) 'flex_eau_pipeline' retrieved from /opt/airflow/dags/flex_eau_pipeline.py
[2026-08-11T19:59:34.802+0000] {logging_mixin.py:190} INFO - [2026-08-11T19:59:34.802+0000] {dag.py:3211} INFO - Sync 1 DAGs
[2026-08-11T19:59:34.834+0000] {logging_mixin.py:190} INFO - [2026-08-11T19:59:34.833+0000] {dag.py:4138} INFO - Setting next_dagrun for flex_eau_pipeline to 2026-08-11 00:00:00+00:00, run_after=2026-08-12 00:00:00+00:00
[2026-08-11T19:59:34.864+0000] {processor.py:208} INFO - Processing /opt/airflow/dags/flex_eau_pipeline.py took 0.164 seconds
[2026-08-11T20:00:05.160+0000] {processor.py:186} INFO - Started process (PID=5407) to work on /opt/airflow/dags/flex_eau_pipeline.py
[2026-08-11T20:00:05.162+0000] {processor.py:914} INFO - Processing file /opt/airflow/dags/flex_eau_pipeline.py for tasks to queue
[2026-08-11T20:00:05.164+0000] {logging_mixin.py:190} INFO - [2026-08-11T20:00:05.164+0000] {dagbag.py:587} INFO - Filling up the DagBag from /opt/airflow/dags/flex_eau_pipeline.py
[2026-08-11T20:00:05.184+0000] {processor.py:925} INFO - DAG(s) 'flex_eau_pipeline' retrieved from /opt/airflow/dags/flex_eau_pipeline.py
[2026-08-11T20:00:05.226+0000] {logging_mixin.py:190} INFO - [2026-08-11T20:00:05.226+0000] {dag.py:3211} INFO - Sync 1 DAGs
[2026-08-11T20:00:05.251+0000] {logging_mixin.py:190} INFO - [2026-08-11T20:00:05.251+0000] {dag.py:4138} INFO - Setting next_dagrun for flex_eau_pipeline to 2026-08-11 00:00:00+00:00, run_after=2026-08-12 00:00:00+00:00
[2026-08-11T20:00:05.276+0000] {processor.py:208} INFO - Processing /opt/airflow/dags/flex_eau_pipeline.py took 0.124 seconds
[2026-08-11T20:00:35.344+0000] {processor.py:186} INFO - Started process (PID=5412) to work on /opt/airflow/dags/flex_eau_pipeline.py
[2026-08-11T20:00:35.346+0000] {processor.py:914} INFO - Processing file /opt/airflow/dags/flex_eau_pipeline.py for tasks to queue
[2026-08-11T20:00:35.347+0000] {logging_mixin.py:190} INFO - [2026-08-11T20:00:35.347+0000] {dagbag.py:587} INFO - Filling up the DagBag from /opt/airflow/dags/flex_eau_pipeline.py
[2026-08-11T20:00:35.375+0000] {processor.py:925} INFO - DAG(s) 'flex_eau_pipeline' retrieved from /opt/airflow/dags/flex_eau_pipeline.py
[2026-08-11T20:00:35.425+0000] {logging_mixin.py:190} INFO - [2026-08-11T20:00:35.424+0000] {dag.py:3211} INFO - Sync 1 DAGs
[2026-08-11T20:00:35.454+0000] {logging_mixin.py:190} INFO - [2026-08-11T20:00:35.453+0000] {dag.py:4138} INFO - Setting next_dagrun for flex_eau_pipeline to 2026-08-11 00:00:00+00:00, run_after=2026-08-12 00:00:00+00:00
[2026-08-11T20:00:35.487+0000] {processor.py:208} INFO - Processing /opt/airflow/dags/flex_eau_pipeline.py took 0.152 seconds
[2026-08-11T20:01:05.720+0000] {processor.py:186} INFO - Started process (PID=5417) to work on /opt/airflow/dags/flex_eau_pipeline.py
[2026-08-11T20:01:05.721+0000] {processor.py:914} INFO - Processing file /opt/airflow/dags/flex_eau_pipeline.py for tasks to queue
[2026-08-11T20:01:05.724+0000] {logging_mixin.py:190} INFO - [2026-08-11T20:01:05.724+0000] {dagbag.py:587} INFO - Filling up the DagBag from /opt/airflow/dags/flex_eau_pipeline.py
[2026-08-11T20:01:05.755+0000] {processor.py:925} INFO - DAG(s) 'flex_eau_pipeline' retrieved from /opt/airflow/dags/flex_eau_pipeline.py
[2026-08-11T20:01:05.804+0000] {logging_mixin.py:190} INFO - [2026-08-11T20:01:05.804+0000] {dag.py:3211} INFO - Sync 1 DAGs
[2026-08-11T20:01:05.835+0000] {logging_mixin.py:190} INFO - [2026-08-11T20:01:05.835+0000] {dag.py:4138} INFO - Setting next_dagrun for flex_eau_pipeline to 2026-08-11 00:00:00+00:00, run_after=2026-08-12 00:00:00+00:00
[2026-08-11T20:01:05.868+0000] {processor.py:208} INFO - Processing /opt/airflow/dags/flex_eau_pipeline.py took 0.157 seconds
[2026-08-11T20:01:36.736+0000] {processor.py:186} INFO - Started process (PID=5422) to work on /opt/airflow/dags/flex_eau_pipeline.py
[2026-08-11T20:01:36.738+0000] {processor.py:914} INFO - Processing file /opt/airflow/dags/flex_eau_pipeline.py for tasks to queue
[2026-08-11T20:01:36.739+0000] {logging_mixin.py:190} INFO - [2026-08-11T20:01:36.739+0000] {dagbag.py:587} INFO - Filling up the DagBag from /opt/airflow/dags/flex_eau_pipeline.py
[2026-08-11T20:01:36.769+0000] {processor.py:925} INFO - DAG(s) 'flex_eau_pipeline' retrieved from /opt/airflow/dags/flex_eau_pipeline.py
[2026-08-11T20:01:36.819+0000] {logging_mixin.py:190} INFO - [2026-08-11T20:01:36.819+0000] {dag.py:3211} INFO - Sync 1 DAGs
[2026-08-11T20:01:36.847+0000] {logging_mixin.py:190} INFO - [2026-08-11T20:01:36.847+0000] {dag.py:4138} INFO - Setting next_dagrun for flex_eau_pipeline to 2026-08-11 00:00:00+00:00, run_after=2026-08-12 00:00:00+00:00
[2026-08-11T20:01:36.872+0000] {processor.py:208} INFO - Processing /opt/airflow/dags/flex_eau_pipeline.py took 0.146 seconds
[2026-08-11T20:02:07.949+0000] {processor.py:186} INFO - Started process (PID=5427) to work on /opt/airflow/dags/flex_eau_pipeline.py
[2026-08-11T20:02:07.953+0000] {processor.py:914} INFO - Processing file /opt/airflow/dags/flex_eau_pipeline.py for tasks to queue
[2026-08-11T20:02:07.960+0000] {logging_mixin.py:190} INFO - [2026-08-11T20:02:07.959+0000] {dagbag.py:587} INFO - Filling up the DagBag from /opt/airflow/dags/flex_eau_pipeline.py
[2026-08-11T20:02:08.069+0000] {processor.py:925} INFO - DAG(s) 'flex_eau_pipeline' retrieved from /opt/airflow/dags/flex_eau_pipeline.py
[2026-08-11T20:02:08.170+0000] {logging_mixin.py:190} INFO - [2026-08-11T20:02:08.170+0000] {dag.py:3211} INFO - Sync 1 DAGs
[2026-08-11T20:02:08.228+0000] {logging_mixin.py:190} INFO - [2026-08-11T20:02:08.228+0000] {dag.py:4138} INFO - Setting next_dagrun for flex_eau_pipeline to 2026-08-11 00:00:00+00:00, run_after=2026-08-12 00:00:00+00:00
[2026-08-11T20:02:08.289+0000] {processor.py:208} INFO - Processing /opt/airflow/dags/flex_eau_pipeline.py took 0.368 seconds
[2026-08-11T20:02:38.512+0000] {processor.py:186} INFO - Started process (PID=5432) to work on /opt/airflow/dags/flex_eau_pipeline.py
[2026-08-11T20:02:38.514+0000] {processor.py:914} INFO - Processing file /opt/airflow/dags/flex_eau_pipeline.py for tasks to queue
[2026-08-11T20:02:38.516+0000] {logging_mixin.py:190} INFO - [2026-08-11T20:02:38.516+0000] {dagbag.py:587} INFO - Filling up the DagBag from /opt/airflow/dags/flex_eau_pipeline.py
[2026-08-11T20:02:38.573+0000] {processor.py:925} INFO - DAG(s) 'flex_eau_pipeline' retrieved from /opt/airflow/dags/flex_eau_pipeline.py
[2026-08-11T20:02:38.626+0000] {logging_mixin.py:190} INFO - [2026-08-11T20:02:38.626+0000] {dag.py:3211} INFO - Sync 1 DAGs
[2026-08-11T20:02:38.657+0000] {logging_mixin.py:190} INFO - [2026-08-11T20:02:38.657+0000] {dag.py:4138} INFO - Setting next_dagrun for flex_eau_pipeline to 2026-08-11 00:00:00+00:00, run_after=2026-08-12 00:00:00+00:00
[2026-08-11T20:02:38.687+0000] {processor.py:208} INFO - Processing /opt/airflow/dags/flex_eau_pipeline.py took 0.183 seconds
[2026-08-11T20:03:09.366+0000] {processor.py:186} INFO - Started process (PID=5437) to work on /opt/airflow/dags/flex_eau_pipeline.py
[2026-08-11T20:03:09.368+0000] {processor.py:914} INFO - Processing file /opt/airflow/dags/flex_eau_pipeline.py for tasks to queue
[2026-08-11T20:03:09.370+0000] {logging_mixin.py:190} INFO - [2026-08-11T20:03:09.369+0000] {dagbag.py:587} INFO - Filling up the DagBag from /opt/airflow/dags/flex_eau_pipeline.py
[2026-08-11T20:03:09.399+0000] {processor.py:925} INFO - DAG(s) 'flex_eau_pipeline' retrieved from /opt/airflow/dags/flex_eau_pipeline.py
[2026-08-11T20:03:09.448+0000] {logging_mixin.py:190} INFO - [2026-08-11T20:03:09.448+0000] {dag.py:3211} INFO - Sync 1 DAGs
[2026-08-11T20:03:09.478+0000] {logging_mixin.py:190} INFO - [2026-08-11T20:03:09.477+0000] {dag.py:4138} INFO - Setting next_dagrun for flex_eau_pipeline to 2026-08-11 00:00:00+00:00, run_after=2026-08-12 00:00:00+00:00
[2026-08-11T20:03:09.505+0000] {processor.py:208} INFO - Processing /opt/airflow/dags/flex_eau_pipeline.py took 0.148 seconds
[2026-08-11T20:03:39.907+0000] {processor.py:186} INFO - Started process (PID=5442) to work on /opt/airflow/dags/flex_eau_pipeline.py
[2026-08-11T20:03:39.909+0000] {processor.py:914} INFO - Processing file /opt/airflow/dags/flex_eau_pipeline.py for tasks to queue
[2026-08-11T20:03:39.911+0000] {logging_mixin.py:190} INFO - [2026-08-11T20:03:39.911+0000] {dagbag.py:587} INFO - Filling up the DagBag from /opt/airflow/dags/flex_eau_pipeline.py
[2026-08-11T20:03:39.948+0000] {processor.py:925} INFO - DAG(s) 'flex_eau_pipeline' retrieved from /opt/airflow/dags/flex_eau_pipeline.py
[2026-08-11T20:03:40.024+0000] {logging_mixin.py:190} INFO - [2026-08-11T20:03:40.024+0000] {dag.py:3211} INFO - Sync 1 DAGs
[2026-08-11T20:03:40.083+0000] {logging_mixin.py:190} INFO - [2026-08-11T20:03:40.083+0000] {dag.py:4138} INFO - Setting next_dagrun for flex_eau_pipeline to 2026-08-11 00:00:00+00:00, run_after=2026-08-12 00:00:00+00:00
[2026-08-11T20:03:40.125+0000] {processor.py:208} INFO - Processing /opt/airflow/dags/flex_eau_pipeline.py took 0.228 seconds
[2026-08-11T20:04:10.484+0000] {processor.py:186} INFO - Started process (PID=5447) to work on /opt/airflow/dags/flex_eau_pipeline.py
[2026-08-11T20:04:10.486+0000] {processor.py:914} INFO - Processing file /opt/airflow/dags/flex_eau_pipeline.py for tasks to queue
[2026-08-11T20:04:10.488+0000] {logging_mixin.py:190} INFO - [2026-08-11T20:04:10.487+0000] {dagbag.py:587} INFO - Filling up the DagBag from /opt/airflow/dags/flex_eau_pipeline.py
[2026-08-11T20:04:10.516+0000] {processor.py:925} INFO - DAG(s) 'flex_eau_pipeline' retrieved from /opt/airflow/dags/flex_eau_pipeline.py
[2026-08-11T20:04:10.574+0000] {logging_mixin.py:190} INFO - [2026-08-11T20:04:10.573+0000] {dag.py:3211} INFO - Sync 1 DAGs
[2026-08-11T20:04:10.605+0000] {logging_mixin.py:190} INFO - [2026-08-11T20:04:10.605+0000] {dag.py:4138} INFO - Setting next_dagrun for flex_eau_pipeline to 2026-08-11 00:00:00+00:00, run_after=2026-08-12 00:00:00+00:00
[2026-08-11T20:04:10.633+0000] {processor.py:208} INFO - Processing /opt/airflow/dags/flex_eau_pipeline.py took 0.160 seconds
[2026-08-11T20:04:40.852+0000] {processor.py:186} INFO - Started process (PID=5452) to work on /opt/airflow/dags/flex_eau_pipeline.py
[2026-08-11T20:04:40.854+0000] {processor.py:914} INFO - Processing file /opt/airflow/dags/flex_eau_pipeline.py for tasks to queue
[2026-08-11T20:04:40.857+0000] {logging_mixin.py:190} INFO - [2026-08-11T20:04:40.856+0000] {dagbag.py:587} INFO - Filling up the DagBag from /opt/airflow/dags/flex_eau_pipeline.py
[2026-08-11T20:04:40.891+0000] {processor.py:925} INFO - DAG(s) 'flex_eau_pipeline' retrieved from /opt/airflow/dags/flex_eau_pipeline.py
[2026-08-11T20:04:40.939+0000] {logging_mixin.py:190} INFO - [2026-08-11T20:04:40.939+0000] {dag.py:3211} INFO - Sync 1 DAGs
[2026-08-11T20:04:40.969+0000] {logging_mixin.py:190} INFO - [2026-08-11T20:04:40.968+0000] {dag.py:4138} INFO - Setting next_dagrun for flex_eau_pipeline to 2026-08-11 00:00:00+00:00, run_after=2026-08-12 00:00:00+00:00
[2026-08-11T20:04:40.998+0000] {processor.py:208} INFO - Processing /opt/airflow/dags/flex_eau_pipeline.py took 0.155 seconds
[2026-08-11T20:05:11.468+0000] {processor.py:186} INFO - Started process (PID=5457) to work on /opt/airflow/dags/flex_eau_pipeline.py
[2026-08-11T20:05:11.469+0000] {processor.py:914} INFO - Processing file /opt/airflow/dags/flex_eau_pipeline.py for tasks to queue
[2026-08-11T20:05:11.471+0000] {logging_mixin.py:190} INFO - [2026-08-11T20:05:11.471+0000] {dagbag.py:587} INFO - Filling up the DagBag from /opt/airflow/dags/flex_eau_pipeline.py
[2026-08-11T20:05:11.503+0000] {processor.py:925} INFO - DAG(s) 'flex_eau_pipeline' retrieved from /opt/airflow/dags/flex_eau_pipeline.py
[2026-08-11T20:05:11.564+0000] {logging_mixin.py:190} INFO - [2026-08-11T20:05:11.564+0000] {dag.py:3211} INFO - Sync 1 DAGs
[2026-08-11T20:05:11.596+0000] {logging_mixin.py:190} INFO - [2026-08-11T20:05:11.596+0000] {dag.py:4138} INFO - Setting next_dagrun for flex_eau_pipeline to 2026-08-11 00:00:00+00:00, run_after=2026-08-12 00:00:00+00:00
[2026-08-11T20:05:11.624+0000] {processor.py:208} INFO - Processing /opt/airflow/dags/flex_eau_pipeline.py took 0.166 seconds
[2026-08-11T20:05:41.912+0000] {processor.py:186} INFO - Started process (PID=5462) to work on /opt/airflow/dags/flex_eau_pipeline.py
[2026-08-11T20:05:41.914+0000] {processor.py:914} INFO - Processing file /opt/airflow/dags/flex_eau_pipeline.py for tasks to queue
[2026-08-11T20:05:41.915+0000] {logging_mixin.py:190} INFO - [2026-08-11T20:05:41.915+0000] {dagbag.py:587} INFO - Filling up the DagBag from /opt/airflow/dags/flex_eau_pipeline.py
[2026-08-11T20:05:41.946+0000] {processor.py:925} INFO - DAG(s) 'flex_eau_pipeline' retrieved from /opt/airflow/dags/flex_eau_pipeline.py
[2026-08-11T20:05:41.998+0000] {logging_mixin.py:190} INFO - [2026-08-11T20:05:41.998+0000] {dag.py:3211} INFO - Sync 1 DAGs
[2026-08-11T20:05:42.034+0000] {logging_mixin.py:190} INFO - [2026-08-11T20:05:42.034+0000] {dag.py:4138} INFO - Setting next_dagrun for flex_eau_pipeline to 2026-08-11 00:00:00+00:00, run_after=2026-08-12 00:00:00+00:00
[2026-08-11T20:05:42.065+0000] {processor.py:208} INFO - Processing /opt/airflow/dags/flex_eau_pipeline.py took 0.163 seconds
[2026-08-11T20:06:12.246+0000] {processor.py:186} INFO - Started process (PID=5467) to work on /opt/airflow/dags/flex_eau_pipeline.py
[2026-08-11T20:06:12.247+0000] {processor.py:914} INFO - Processing file /opt/airflow/dags/flex_eau_pipeline.py for tasks to queue
[2026-08-11T20:06:12.249+0000] {logging_mixin.py:190} INFO - [2026-08-11T20:06:12.249+0000] {dagbag.py:587} INFO - Filling up the DagBag from /opt/airflow/dags/flex_eau_pipeline.py
[2026-08-11T20:06:12.278+0000] {processor.py:925} INFO - DAG(s) 'flex_eau_pipeline' retrieved from /opt/airflow/dags/flex_eau_pipeline.py
[2026-08-11T20:06:12.331+0000] {logging_mixin.py:190} INFO - [2026-08-11T20:06:12.331+0000] {dag.py:3211} INFO - Sync 1 DAGs
[2026-08-11T20:06:12.362+0000] {logging_mixin.py:190} INFO - [2026-08-11T20:06:12.362+0000] {dag.py:4138} INFO - Setting next_dagrun for flex_eau_pipeline to 2026-08-11 00:00:00+00:00, run_after=2026-08-12 00:00:00+00:00
[2026-08-11T20:06:12.393+0000] {processor.py:208} INFO - Processing /opt/airflow/dags/flex_eau_pipeline.py took 0.155 seconds
[2026-08-11T20:06:43.237+0000] {processor.py:186} INFO - Started process (PID=5472) to work on /opt/airflow/dags/flex_eau_pipeline.py
[2026-08-11T20:06:43.238+0000] {processor.py:914} INFO - Processing file /opt/airflow/dags/flex_eau_pipeline.py for tasks to queue
[2026-08-11T20:06:43.240+0000] {logging_mixin.py:190} INFO - [2026-08-11T20:06:43.240+0000] {dagbag.py:587} INFO - Filling up the DagBag from /opt/airflow/dags/flex_eau_pipeline.py
[2026-08-11T20:06:43.266+0000] {processor.py:925} INFO - DAG(s) 'flex_eau_pipeline' retrieved from /opt/airflow/dags/flex_eau_pipeline.py
[2026-08-11T20:06:43.317+0000] {logging_mixin.py:190} INFO - [2026-08-11T20:06:43.317+0000] {dag.py:3211} INFO - Sync 1 DAGs
[2026-08-11T20:06:43.349+0000] {logging_mixin.py:190} INFO - [2026-08-11T20:06:43.349+0000] {dag.py:4138} INFO - Setting next_dagrun for flex_eau_pipeline to 2026-08-11 00:00:00+00:00, run_after=2026-08-12 00:00:00+00:00
[2026-08-11T20:06:43.374+0000] {processor.py:208} INFO - Processing /opt/airflow/dags/flex_eau_pipeline.py took 0.144 seconds
[2026-08-11T20:07:13.865+0000] {processor.py:186} INFO - Started process (PID=5477) to work on /opt/airflow/dags/flex_eau_pipeline.py
[2026-08-11T20:07:13.866+0000] {processor.py:914} INFO - Processing file /opt/airflow/dags/flex_eau_pipeline.py for tasks to queue
[2026-08-11T20:07:13.868+0000] {logging_mixin.py:190} INFO - [2026-08-11T20:07:13.867+0000] {dagbag.py:587} INFO - Filling up the DagBag from /opt/airflow/dags/flex_eau_pipeline.py
[2026-08-11T20:07:13.897+0000] {processor.py:925} INFO - DAG(s) 'flex_eau_pipeline' retrieved from /opt/airflow/dags/flex_eau_pipeline.py
[2026-08-11T20:07:13.959+0000] {logging_mixin.py:190} INFO - [2026-08-11T20:07:13.958+0000] {dag.py:3211} INFO - Sync 1 DAGs
[2026-08-11T20:07:13.991+0000] {logging_mixin.py:190} INFO - [2026-08-11T20:07:13.991+0000] {dag.py:4138} INFO - Setting next_dagrun for flex_eau_pipeline to 2026-08-11 00:00:00+00:00, run_after=2026-08-12 00:00:00+00:00
[2026-08-11T20:07:14.017+0000] {processor.py:208} INFO - Processing /opt/airflow/dags/flex_eau_pipeline.py took 0.161 seconds
[2026-08-11T20:07:44.407+0000] {processor.py:186} INFO - Started process (PID=5482) to work on /opt/airflow/dags/flex_eau_pipeline.py
[2026-08-11T20:07:44.409+0000] {processor.py:914} INFO - Processing file /opt/airflow/dags/flex_eau_pipeline.py for tasks to queue
[2026-08-11T20:07:44.411+0000] {logging_mixin.py:190} INFO - [2026-08-11T20:07:44.411+0000] {dagbag.py:587} INFO - Filling up the DagBag from /opt/airflow/dags/flex_eau_pipeline.py
[2026-08-11T20:07:44.444+0000] {processor.py:925} INFO - DAG(s) 'flex_eau_pipeline' retrieved from /opt/airflow/dags/flex_eau_pipeline.py
[2026-08-11T20:07:44.515+0000] {logging_mixin.py:190} INFO - [2026-08-11T20:07:44.515+0000] {dag.py:3211} INFO - Sync 1 DAGs
[2026-08-11T20:07:44.545+0000] {logging_mixin.py:190} INFO - [2026-08-11T20:07:44.545+0000] {dag.py:4138} INFO - Setting next_dagrun for flex_eau_pipeline to 2026-08-11 00:00:00+00:00, run_after=2026-08-12 00:00:00+00:00
[2026-08-11T20:07:44.571+0000] {processor.py:208} INFO - Processing /opt/airflow/dags/flex_eau_pipeline.py took 0.175 seconds
[2026-08-11T20:08:14.804+0000] {processor.py:186} INFO - Started process (PID=5487) to work on /opt/airflow/dags/flex_eau_pipeline.py
[2026-08-11T20:08:14.806+0000] {processor.py:914} INFO - Processing file /opt/airflow/dags/flex_eau_pipeline.py for tasks to queue
[2026-08-11T20:08:14.808+0000] {logging_mixin.py:190} INFO - [2026-08-11T20:08:14.808+0000] {dagbag.py:587} INFO - Filling up the DagBag from /opt/airflow/dags/flex_eau_pipeline.py
[2026-08-11T20:08:14.835+0000] {processor.py:925} INFO - DAG(s) 'flex_eau_pipeline' retrieved from /opt/airflow/dags/flex_eau_pipeline.py
[2026-08-11T20:08:14.888+0000] {logging_mixin.py:190} INFO - [2026-08-11T20:08:14.888+0000] {dag.py:3211} INFO - Sync 1 DAGs
[2026-08-11T20:08:14.922+0000] {logging_mixin.py:190} INFO - [2026-08-11T20:08:14.922+0000] {dag.py:4138} INFO - Setting next_dagrun for flex_eau_pipeline to 2026-08-11 00:00:00+00:00, run_after=2026-08-12 00:00:00+00:00
[2026-08-11T20:08:14.952+0000] {processor.py:208} INFO - Processing /opt/airflow/dags/flex_eau_pipeline.py took 0.164 seconds
[2026-08-11T20:08:45.601+0000] {processor.py:186} INFO - Started process (PID=5492) to work on /opt/airflow/dags/flex_eau_pipeline.py
[2026-08-11T20:08:45.608+0000] {processor.py:914} INFO - Processing file /opt/airflow/dags/flex_eau_pipeline.py for tasks to queue
[2026-08-11T20:08:45.616+0000] {logging_mixin.py:190} INFO - [2026-08-11T20:08:45.614+0000] {dagbag.py:587} INFO - Filling up the DagBag from /opt/airflow/dags/flex_eau_pipeline.py
[2026-08-11T20:08:45.725+0000] {processor.py:925} INFO - DAG(s) 'flex_eau_pipeline' retrieved from /opt/airflow/dags/flex_eau_pipeline.py
[2026-08-11T20:08:45.835+0000] {logging_mixin.py:190} INFO - [2026-08-11T20:08:45.834+0000] {dag.py:3211} INFO - Sync 1 DAGs
[2026-08-11T20:08:45.925+0000] {logging_mixin.py:190} INFO - [2026-08-11T20:08:45.924+0000] {dag.py:4138} INFO - Setting next_dagrun for flex_eau_pipeline to 2026-08-11 00:00:00+00:00, run_after=2026-08-12 00:00:00+00:00
[2026-08-11T20:08:45.984+0000] {processor.py:208} INFO - Processing /opt/airflow/dags/flex_eau_pipeline.py took 0.422 seconds
[2026-08-11T20:09:16.455+0000] {processor.py:186} INFO - Started process (PID=5497) to work on /opt/airflow/dags/flex_eau_pipeline.py
[2026-08-11T20:09:16.458+0000] {processor.py:914} INFO - Processing file /opt/airflow/dags/flex_eau_pipeline.py for tasks to queue
[2026-08-11T20:09:16.461+0000] {logging_mixin.py:190} INFO - [2026-08-11T20:09:16.461+0000] {dagbag.py:587} INFO - Filling up the DagBag from /opt/airflow/dags/flex_eau_pipeline.py
[2026-08-11T20:09:16.493+0000] {processor.py:925} INFO - DAG(s) 'flex_eau_pipeline' retrieved from /opt/airflow/dags/flex_eau_pipeline.py
[2026-08-11T20:09:16.555+0000] {logging_mixin.py:190} INFO - [2026-08-11T20:09:16.555+0000] {dag.py:3211} INFO - Sync 1 DAGs
[2026-08-11T20:09:16.599+0000] {logging_mixin.py:190} INFO - [2026-08-11T20:09:16.598+0000] {dag.py:4138} INFO - Setting next_dagrun for flex_eau_pipeline to 2026-08-11 00:00:00+00:00, run_after=2026-08-12 00:00:00+00:00
[2026-08-11T20:09:16.632+0000] {processor.py:208} INFO - Processing /opt/airflow/dags/flex_eau_pipeline.py took 0.187 seconds
[2026-08-11T20:09:46.787+0000] {processor.py:186} INFO - Started process (PID=5502) to work on /opt/airflow/dags/flex_eau_pipeline.py
[2026-08-11T20:09:46.790+0000] {processor.py:914} INFO - Processing file /opt/airflow/dags/flex_eau_pipeline.py for tasks to queue
[2026-08-11T20:09:46.792+0000] {logging_mixin.py:190} INFO - [2026-08-11T20:09:46.792+0000] {dagbag.py:587} INFO - Filling up the DagBag from /opt/airflow/dags/flex_eau_pipeline.py
[2026-08-11T20:09:46.837+0000] {processor.py:925} INFO - DAG(s) 'flex_eau_pipeline' retrieved from /opt/airflow/dags/flex_eau_pipeline.py
[2026-08-11T20:09:46.897+0000] {logging_mixin.py:190} INFO - [2026-08-11T20:09:46.896+0000] {dag.py:3211} INFO - Sync 1 DAGs
[2026-08-11T20:09:46.928+0000] {logging_mixin.py:190} INFO - [2026-08-11T20:09:46.928+0000] {dag.py:4138} INFO - Setting next_dagrun for flex_eau_pipeline to 2026-08-11 00:00:00+00:00, run_after=2026-08-12 00:00:00+00:00
[2026-08-11T20:09:46.955+0000] {processor.py:208} INFO - Processing /opt/airflow/dags/flex_eau_pipeline.py took 0.179 seconds
[2026-08-11T20:10:17.304+0000] {processor.py:186} INFO - Started process (PID=5507) to work on /opt/airflow/dags/flex_eau_pipeline.py
[2026-08-11T20:10:17.308+0000] {processor.py:914} INFO - Processing file /opt/airflow/dags/flex_eau_pipeline.py for tasks to queue
[2026-08-11T20:10:17.312+0000] {logging_mixin.py:190} INFO - [2026-08-11T20:10:17.311+0000] {dagbag.py:587} INFO - Filling up the DagBag from /opt/airflow/dags/flex_eau_pipeline.py
[2026-08-11T20:10:17.375+0000] {processor.py:925} INFO - DAG(s) 'flex_eau_pipeline' retrieved from /opt/airflow/dags/flex_eau_pipeline.py
[2026-08-11T20:10:17.490+0000] {logging_mixin.py:190} INFO - [2026-08-11T20:10:17.490+0000] {dag.py:3211} INFO - Sync 1 DAGs
[2026-08-11T20:10:17.541+0000] {logging_mixin.py:190} INFO - [2026-08-11T20:10:17.541+0000] {dag.py:4138} INFO - Setting next_dagrun for flex_eau_pipeline to 2026-08-11 00:00:00+00:00, run_after=2026-08-12 00:00:00+00:00
[2026-08-11T20:10:17.597+0000] {processor.py:208} INFO - Processing /opt/airflow/dags/flex_eau_pipeline.py took 0.319 seconds
[2026-08-11T20:10:48.567+0000] {processor.py:186} INFO - Started process (PID=5512) to work on /opt/airflow/dags/flex_eau_pipeline.py
[2026-08-11T20:10:48.569+0000] {processor.py:914} INFO - Processing file /opt/airflow/dags/flex_eau_pipeline.py for tasks to queue
[2026-08-11T20:10:48.571+0000] {logging_mixin.py:190} INFO - [2026-08-11T20:10:48.570+0000] {dagbag.py:587} INFO - Filling up the DagBag from /opt/airflow/dags/flex_eau_pipeline.py
[2026-08-11T20:10:48.601+0000] {processor.py:925} INFO - DAG(s) 'flex_eau_pipeline' retrieved from /opt/airflow/dags/flex_eau_pipeline.py
[2026-08-11T20:10:48.651+0000] {logging_mixin.py:190} INFO - [2026-08-11T20:10:48.650+0000] {dag.py:3211} INFO - Sync 1 DAGs
[2026-08-11T20:10:48.680+0000] {logging_mixin.py:190} INFO - [2026-08-11T20:10:48.680+0000] {dag.py:4138} INFO - Setting next_dagrun for flex_eau_pipeline to 2026-08-11 00:00:00+00:00, run_after=2026-08-12 00:00:00+00:00
[2026-08-11T20:10:48.706+0000] {processor.py:208} INFO - Processing /opt/airflow/dags/flex_eau_pipeline.py took 0.149 seconds
[2026-08-11T20:11:19.340+0000] {processor.py:186} INFO - Started process (PID=5517) to work on /opt/airflow/dags/flex_eau_pipeline.py
[2026-08-11T20:11:19.343+0000] {processor.py:914} INFO - Processing file /opt/airflow/dags/flex_eau_pipeline.py for tasks to queue
[2026-08-11T20:11:19.345+0000] {logging_mixin.py:190} INFO - [2026-08-11T20:11:19.345+0000] {dagbag.py:587} INFO - Filling up the DagBag from /opt/airflow/dags/flex_eau_pipeline.py
[2026-08-11T20:11:19.377+0000] {processor.py:925} INFO - DAG(s) 'flex_eau_pipeline' retrieved from /opt/airflow/dags/flex_eau_pipeline.py
[2026-08-11T20:11:19.431+0000] {logging_mixin.py:190} INFO - [2026-08-11T20:11:19.430+0000] {dag.py:3211} INFO - Sync 1 DAGs
[2026-08-11T20:11:19.466+0000] {logging_mixin.py:190} INFO - [2026-08-11T20:11:19.465+0000] {dag.py:4138} INFO - Setting next_dagrun for flex_eau_pipeline to 2026-08-11 00:00:00+00:00, run_after=2026-08-12 00:00:00+00:00
[2026-08-11T20:11:19.493+0000] {processor.py:208} INFO - Processing /opt/airflow/dags/flex_eau_pipeline.py took 0.162 seconds
[2026-08-11T20:11:49.917+0000] {processor.py:186} INFO - Started process (PID=5522) to work on /opt/airflow/dags/flex_eau_pipeline.py
[2026-08-11T20:11:49.920+0000] {processor.py:914} INFO - Processing file /opt/airflow/dags/flex_eau_pipeline.py for tasks to queue
[2026-08-11T20:11:49.923+0000] {logging_mixin.py:190} INFO - [2026-08-11T20:11:49.923+0000] {dagbag.py:587} INFO - Filling up the DagBag from /opt/airflow/dags/flex_eau_pipeline.py
[2026-08-11T20:11:49.969+0000] {processor.py:925} INFO - DAG(s) 'flex_eau_pipeline' retrieved from /opt/airflow/dags/flex_eau_pipeline.py
[2026-08-11T20:11:50.056+0000] {logging_mixin.py:190} INFO - [2026-08-11T20:11:50.056+0000] {dag.py:3211} INFO - Sync 1 DAGs
[2026-08-11T20:11:50.089+0000] {logging_mixin.py:190} INFO - [2026-08-11T20:11:50.089+0000] {dag.py:4138} INFO - Setting next_dagrun for flex_eau_pipeline to 2026-08-11 00:00:00+00:00, run_after=2026-08-12 00:00:00+00:00
[2026-08-11T20:11:50.120+0000] {processor.py:208} INFO - Processing /opt/airflow/dags/flex_eau_pipeline.py took 0.218 seconds
[2026-08-11T20:12:20.369+0000] {processor.py:186} INFO - Started process (PID=5527) to work on /opt/airflow/dags/flex_eau_pipeline.py
[2026-08-11T20:12:20.371+0000] {processor.py:914} INFO - Processing file /opt/airflow/dags/flex_eau_pipeline.py for tasks to queue
[2026-08-11T20:12:20.373+0000] {logging_mixin.py:190} INFO - [2026-08-11T20:12:20.372+0000] {dagbag.py:587} INFO - Filling up the DagBag from /opt/airflow/dags/flex_eau_pipeline.py
[2026-08-11T20:12:20.401+0000] {processor.py:925} INFO - DAG(s) 'flex_eau_pipeline' retrieved from /opt/airflow/dags/flex_eau_pipeline.py
[2026-08-11T20:12:20.462+0000] {logging_mixin.py:190} INFO - [2026-08-11T20:12:20.462+0000] {dag.py:3211} INFO - Sync 1 DAGs
[2026-08-11T20:12:20.497+0000] {logging_mixin.py:190} INFO - [2026-08-11T20:12:20.497+0000] {dag.py:4138} INFO - Setting next_dagrun for flex_eau_pipeline to 2026-08-11 00:00:00+00:00, run_after=2026-08-12 00:00:00+00:00
[2026-08-11T20:12:20.526+0000] {processor.py:208} INFO - Processing /opt/airflow/dags/flex_eau_pipeline.py took 0.165 seconds
[2026-08-11T20:12:50.815+0000] {processor.py:186} INFO - Started process (PID=5532) to work on /opt/airflow/dags/flex_eau_pipeline.py
[2026-08-11T20:12:50.817+0000] {processor.py:914} INFO - Processing file /opt/airflow/dags/flex_eau_pipeline.py for tasks to queue
[2026-08-11T20:12:50.819+0000] {logging_mixin.py:190} INFO - [2026-08-11T20:12:50.819+0000] {dagbag.py:587} INFO - Filling up the DagBag from /opt/airflow/dags/flex_eau_pipeline.py
[2026-08-11T20:12:50.861+0000] {processor.py:925} INFO - DAG(s) 'flex_eau_pipeline' retrieved from /opt/airflow/dags/flex_eau_pipeline.py
[2026-08-11T20:12:50.939+0000] {logging_mixin.py:190} INFO - [2026-08-11T20:12:50.939+0000] {dag.py:3211} INFO - Sync 1 DAGs
[2026-08-11T20:12:50.975+0000] {logging_mixin.py:190} INFO - [2026-08-11T20:12:50.975+0000] {dag.py:4138} INFO - Setting next_dagrun for flex_eau_pipeline to 2026-08-11 00:00:00+00:00, run_after=2026-08-12 00:00:00+00:00
[2026-08-11T20:12:51.006+0000] {processor.py:208} INFO - Processing /opt/airflow/dags/flex_eau_pipeline.py took 0.203 seconds
[2026-08-11T20:13:21.173+0000] {processor.py:186} INFO - Started process (PID=5537) to work on /opt/airflow/dags/flex_eau_pipeline.py
[2026-08-11T20:13:21.175+0000] {processor.py:914} INFO - Processing file /opt/airflow/dags/flex_eau_pipeline.py for tasks to queue
[2026-08-11T20:13:21.177+0000] {logging_mixin.py:190} INFO - [2026-08-11T20:13:21.177+0000] {dagbag.py:587} INFO - Filling up the DagBag from /opt/airflow/dags/flex_eau_pipeline.py
[2026-08-11T20:13:21.228+0000] {processor.py:925} INFO - DAG(s) 'flex_eau_pipeline' retrieved from /opt/airflow/dags/flex_eau_pipeline.py
[2026-08-11T20:13:21.323+0000] {logging_mixin.py:190} INFO - [2026-08-11T20:13:21.323+0000] {dag.py:3211} INFO - Sync 1 DAGs
[2026-08-11T20:13:21.386+0000] {logging_mixin.py:190} INFO - [2026-08-11T20:13:21.385+0000] {dag.py:4138} INFO - Setting next_dagrun for flex_eau_pipeline to 2026-08-11 00:00:00+00:00, run_after=2026-08-12 00:00:00+00:00
[2026-08-11T20:13:21.436+0000] {processor.py:208} INFO - Processing /opt/airflow/dags/flex_eau_pipeline.py took 0.279 seconds
[2026-08-11T20:13:51.606+0000] {processor.py:186} INFO - Started process (PID=5542) to work on /opt/airflow/dags/flex_eau_pipeline.py
[2026-08-11T20:13:51.610+0000] {processor.py:914} INFO - Processing file /opt/airflow/dags/flex_eau_pipeline.py for tasks to queue
[2026-08-11T20:13:51.616+0000] {logging_mixin.py:190} INFO - [2026-08-11T20:13:51.615+0000] {dagbag.py:587} INFO - Filling up the DagBag from /opt/airflow/dags/flex_eau_pipeline.py
[2026-08-11T20:13:51.691+0000] {processor.py:925} INFO - DAG(s) 'flex_eau_pipeline' retrieved from /opt/airflow/dags/flex_eau_pipeline.py
[2026-08-11T20:13:51.880+0000] {logging_mixin.py:190} INFO - [2026-08-11T20:13:51.880+0000] {dag.py:3211} INFO - Sync 1 DAGs
[2026-08-11T20:13:52.017+0000] {logging_mixin.py:190} INFO - [2026-08-11T20:13:52.017+0000] {dag.py:4138} INFO - Setting next_dagrun for flex_eau_pipeline to 2026-08-11 00:00:00+00:00, run_after=2026-08-12 00:00:00+00:00
[2026-08-11T20:13:52.066+0000] {processor.py:208} INFO - Processing /opt/airflow/dags/flex_eau_pipeline.py took 0.483 seconds
[2026-08-11T20:14:22.717+0000] {processor.py:186} INFO - Started process (PID=5547) to work on /opt/airflow/dags/flex_eau_pipeline.py
[2026-08-11T20:14:22.720+0000] {processor.py:914} INFO - Processing file /opt/airflow/dags/flex_eau_pipeline.py for tasks to queue
[2026-08-11T20:14:22.724+0000] {logging_mixin.py:190} INFO - [2026-08-11T20:14:22.723+0000] {dagbag.py:587} INFO - Filling up the DagBag from /opt/airflow/dags/flex_eau_pipeline.py
[2026-08-11T20:14:22.767+0000] {processor.py:925} INFO - DAG(s) 'flex_eau_pipeline' retrieved from /opt/airflow/dags/flex_eau_pipeline.py
[2026-08-11T20:14:22.861+0000] {logging_mixin.py:190} INFO - [2026-08-11T20:14:22.861+0000] {dag.py:3211} INFO - Sync 1 DAGs
[2026-08-11T20:14:22.918+0000] {logging_mixin.py:190} INFO - [2026-08-11T20:14:22.917+0000] {dag.py:4138} INFO - Setting next_dagrun for flex_eau_pipeline to 2026-08-11 00:00:00+00:00, run_after=2026-08-12 00:00:00+00:00
[2026-08-11T20:14:22.960+0000] {processor.py:208} INFO - Processing /opt/airflow/dags/flex_eau_pipeline.py took 0.259 seconds
[2026-08-11T20:14:53.123+0000] {processor.py:186} INFO - Started process (PID=5552) to work on /opt/airflow/dags/flex_eau_pipeline.py
[2026-08-11T20:14:53.125+0000] {processor.py:914} INFO - Processing file /opt/airflow/dags/flex_eau_pipeline.py for tasks to queue
[2026-08-11T20:14:53.127+0000] {logging_mixin.py:190} INFO - [2026-08-11T20:14:53.127+0000] {dagbag.py:587} INFO - Filling up the DagBag from /opt/airflow/dags/flex_eau_pipeline.py
[2026-08-11T20:14:53.171+0000] {processor.py:925} INFO - DAG(s) 'flex_eau_pipeline' retrieved from /opt/airflow/dags/flex_eau_pipeline.py
[2026-08-11T20:14:53.262+0000] {logging_mixin.py:190} INFO - [2026-08-11T20:14:53.262+0000] {dag.py:3211} INFO - Sync 1 DAGs
[2026-08-11T20:14:53.312+0000] {logging_mixin.py:190} INFO - [2026-08-11T20:14:53.312+0000] {dag.py:4138} INFO - Setting next_dagrun for flex_eau_pipeline to 2026-08-11 00:00:00+00:00, run_after=2026-08-12 00:00:00+00:00
[2026-08-11T20:14:53.351+0000] {processor.py:208} INFO - Processing /opt/airflow/dags/flex_eau_pipeline.py took 0.243 seconds
[2026-08-11T20:15:24.252+0000] {processor.py:186} INFO - Started process (PID=5557) to work on /opt/airflow/dags/flex_eau_pipeline.py
[2026-08-11T20:15:24.256+0000] {processor.py:914} INFO - Processing file /opt/airflow/dags/flex_eau_pipeline.py for tasks to queue
[2026-08-11T20:15:24.260+0000] {logging_mixin.py:190} INFO - [2026-08-11T20:15:24.259+0000] {dagbag.py:587} INFO - Filling up the DagBag from /opt/airflow/dags/flex_eau_pipeline.py
[2026-08-11T20:15:24.299+0000] {processor.py:925} INFO - DAG(s) 'flex_eau_pipeline' retrieved from /opt/airflow/dags/flex_eau_pipeline.py
[2026-08-11T20:15:24.379+0000] {logging_mixin.py:190} INFO - [2026-08-11T20:15:24.378+0000] {dag.py:3211} INFO - Sync 1 DAGs
[2026-08-11T20:15:24.442+0000] {logging_mixin.py:190} INFO - [2026-08-11T20:15:24.442+0000] {dag.py:4138} INFO - Setting next_dagrun for flex_eau_pipeline to 2026-08-11 00:00:00+00:00, run_after=2026-08-12 00:00:00+00:00
[2026-08-11T20:15:24.482+0000] {processor.py:208} INFO - Processing /opt/airflow/dags/flex_eau_pipeline.py took 0.248 seconds
[2026-08-11T20:15:55.018+0000] {processor.py:186} INFO - Started process (PID=5562) to work on /opt/airflow/dags/flex_eau_pipeline.py
[2026-08-11T20:15:55.022+0000] {processor.py:914} INFO - Processing file /opt/airflow/dags/flex_eau_pipeline.py for tasks to queue
[2026-08-11T20:15:55.027+0000] {logging_mixin.py:190} INFO - [2026-08-11T20:15:55.026+0000] {dagbag.py:587} INFO - Filling up the DagBag from /opt/airflow/dags/flex_eau_pipeline.py
[2026-08-11T20:15:55.091+0000] {processor.py:925} INFO - DAG(s) 'flex_eau_pipeline' retrieved from /opt/airflow/dags/flex_eau_pipeline.py
[2026-08-11T20:15:55.199+0000] {logging_mixin.py:190} INFO - [2026-08-11T20:15:55.198+0000] {dag.py:3211} INFO - Sync 1 DAGs
[2026-08-11T20:15:55.270+0000] {logging_mixin.py:190} INFO - [2026-08-11T20:15:55.270+0000] {dag.py:4138} INFO - Setting next_dagrun for flex_eau_pipeline to 2026-08-11 00:00:00+00:00, run_after=2026-08-12 00:00:00+00:00
[2026-08-11T20:15:55.306+0000] {processor.py:208} INFO - Processing /opt/airflow/dags/flex_eau_pipeline.py took 0.322 seconds
[2026-08-11T20:16:28.686+0000] {processor.py:186} INFO - Started process (PID=5567) to work on /opt/airflow/dags/flex_eau_pipeline.py
[2026-08-11T20:16:28.946+0000] {processor.py:914} INFO - Processing file /opt/airflow/dags/flex_eau_pipeline.py for tasks to queue
[2026-08-11T20:16:29.004+0000] {logging_mixin.py:190} INFO - [2026-08-11T20:16:29.004+0000] {dagbag.py:587} INFO - Filling up the DagBag from /opt/airflow/dags/flex_eau_pipeline.py
[2026-08-11T20:16:29.730+0000] {processor.py:925} INFO - DAG(s) 'flex_eau_pipeline' retrieved from /opt/airflow/dags/flex_eau_pipeline.py
[2026-08-11T20:16:30.019+0000] {logging_mixin.py:190} INFO - [2026-08-11T20:16:30.018+0000] {dag.py:3211} INFO - Sync 1 DAGs
[2026-08-11T20:16:30.133+0000] {logging_mixin.py:190} INFO - [2026-08-11T20:16:30.133+0000] {dag.py:4138} INFO - Setting next_dagrun for flex_eau_pipeline to 2026-08-11 00:00:00+00:00, run_after=2026-08-12 00:00:00+00:00
[2026-08-11T20:16:30.249+0000] {processor.py:208} INFO - Processing /opt/airflow/dags/flex_eau_pipeline.py took 1.653 seconds
[2026-08-11T20:17:01.058+0000] {processor.py:186} INFO - Started process (PID=5572) to work on /opt/airflow/dags/flex_eau_pipeline.py
[2026-08-11T20:17:01.060+0000] {processor.py:914} INFO - Processing file /opt/airflow/dags/flex_eau_pipeline.py for tasks to queue
[2026-08-11T20:17:01.062+0000] {logging_mixin.py:190} INFO - [2026-08-11T20:17:01.061+0000] {dagbag.py:587} INFO - Filling up the DagBag from /opt/airflow/dags/flex_eau_pipeline.py
[2026-08-11T20:17:01.102+0000] {processor.py:925} INFO - DAG(s) 'flex_eau_pipeline' retrieved from /opt/airflow/dags/flex_eau_pipeline.py
[2026-08-11T20:17:01.169+0000] {logging_mixin.py:190} INFO - [2026-08-11T20:17:01.168+0000] {dag.py:3211} INFO - Sync 1 DAGs
[2026-08-11T20:17:01.200+0000] {logging_mixin.py:190} INFO - [2026-08-11T20:17:01.200+0000] {dag.py:4138} INFO - Setting next_dagrun for flex_eau_pipeline to 2026-08-11 00:00:00+00:00, run_after=2026-08-12 00:00:00+00:00
[2026-08-11T20:17:01.232+0000] {processor.py:208} INFO - Processing /opt/airflow/dags/flex_eau_pipeline.py took 0.187 seconds
[2026-08-11T20:17:31.799+0000] {processor.py:186} INFO - Started process (PID=5577) to work on /opt/airflow/dags/flex_eau_pipeline.py
[2026-08-11T20:17:31.806+0000] {processor.py:914} INFO - Processing file /opt/airflow/dags/flex_eau_pipeline.py for tasks to queue
[2026-08-11T20:17:31.815+0000] {logging_mixin.py:190} INFO - [2026-08-11T20:17:31.814+0000] {dagbag.py:587} INFO - Filling up the DagBag from /opt/airflow/dags/flex_eau_pipeline.py
[2026-08-11T20:17:31.875+0000] {processor.py:925} INFO - DAG(s) 'flex_eau_pipeline' retrieved from /opt/airflow/dags/flex_eau_pipeline.py
[2026-08-11T20:17:31.966+0000] {logging_mixin.py:190} INFO - [2026-08-11T20:17:31.966+0000] {dag.py:3211} INFO - Sync 1 DAGs
[2026-08-11T20:17:32.005+0000] {logging_mixin.py:190} INFO - [2026-08-11T20:17:32.004+0000] {dag.py:4138} INFO - Setting next_dagrun for flex_eau_pipeline to 2026-08-11 00:00:00+00:00, run_after=2026-08-12 00:00:00+00:00
[2026-08-11T20:17:32.045+0000] {processor.py:208} INFO - Processing /opt/airflow/dags/flex_eau_pipeline.py took 0.276 seconds
[2026-08-11T20:18:02.437+0000] {processor.py:186} INFO - Started process (PID=5582) to work on /opt/airflow/dags/flex_eau_pipeline.py
[2026-08-11T20:18:02.439+0000] {processor.py:914} INFO - Processing file /opt/airflow/dags/flex_eau_pipeline.py for tasks to queue
[2026-08-11T20:18:02.442+0000] {logging_mixin.py:190} INFO - [2026-08-11T20:18:02.442+0000] {dagbag.py:587} INFO - Filling up the DagBag from /opt/airflow/dags/flex_eau_pipeline.py
[2026-08-11T20:18:02.501+0000] {processor.py:925} INFO - DAG(s) 'flex_eau_pipeline' retrieved from /opt/airflow/dags/flex_eau_pipeline.py
[2026-08-11T20:18:02.577+0000] {logging_mixin.py:190} INFO - [2026-08-11T20:18:02.576+0000] {dag.py:3211} INFO - Sync 1 DAGs
[2026-08-11T20:18:02.616+0000] {logging_mixin.py:190} INFO - [2026-08-11T20:18:02.616+0000] {dag.py:4138} INFO - Setting next_dagrun for flex_eau_pipeline to 2026-08-11 00:00:00+00:00, run_after=2026-08-12 00:00:00+00:00
[2026-08-11T20:18:02.644+0000] {processor.py:208} INFO - Processing /opt/airflow/dags/flex_eau_pipeline.py took 0.224 seconds
[2026-08-11T20:18:33.208+0000] {processor.py:186} INFO - Started process (PID=5587) to work on /opt/airflow/dags/flex_eau_pipeline.py
[2026-08-11T20:18:33.210+0000] {processor.py:914} INFO - Processing file /opt/airflow/dags/flex_eau_pipeline.py for tasks to queue
[2026-08-11T20:18:33.216+0000] {logging_mixin.py:190} INFO - [2026-08-11T20:18:33.212+0000] {dagbag.py:587} INFO - Filling up the DagBag from /opt/airflow/dags/flex_eau_pipeline.py
[2026-08-11T20:18:33.271+0000] {processor.py:925} INFO - DAG(s) 'flex_eau_pipeline' retrieved from /opt/airflow/dags/flex_eau_pipeline.py
[2026-08-11T20:18:33.342+0000] {logging_mixin.py:190} INFO - [2026-08-11T20:18:33.342+0000] {dag.py:3211} INFO - Sync 1 DAGs
[2026-08-11T20:18:33.382+0000] {logging_mixin.py:190} INFO - [2026-08-11T20:18:33.382+0000] {dag.py:4138} INFO - Setting next_dagrun for flex_eau_pipeline to 2026-08-11 00:00:00+00:00, run_after=2026-08-12 00:00:00+00:00
[2026-08-11T20:18:33.419+0000] {processor.py:208} INFO - Processing /opt/airflow/dags/flex_eau_pipeline.py took 0.232 seconds
[2026-08-11T20:19:03.822+0000] {processor.py:186} INFO - Started process (PID=5592) to work on /opt/airflow/dags/flex_eau_pipeline.py
[2026-08-11T20:19:03.825+0000] {processor.py:914} INFO - Processing file /opt/airflow/dags/flex_eau_pipeline.py for tasks to queue
[2026-08-11T20:19:03.830+0000] {logging_mixin.py:190} INFO - [2026-08-11T20:19:03.829+0000] {dagbag.py:587} INFO - Filling up the DagBag from /opt/airflow/dags/flex_eau_pipeline.py
[2026-08-11T20:19:03.903+0000] {processor.py:925} INFO - DAG(s) 'flex_eau_pipeline' retrieved from /opt/airflow/dags/flex_eau_pipeline.py
[2026-08-11T20:19:04.030+0000] {logging_mixin.py:190} INFO - [2026-08-11T20:19:04.029+0000] {dag.py:3211} INFO - Sync 1 DAGs
[2026-08-11T20:19:04.090+0000] {logging_mixin.py:190} INFO - [2026-08-11T20:19:04.090+0000] {dag.py:4138} INFO - Setting next_dagrun for flex_eau_pipeline to 2026-08-11 00:00:00+00:00, run_after=2026-08-12 00:00:00+00:00
[2026-08-11T20:19:04.136+0000] {processor.py:208} INFO - Processing /opt/airflow/dags/flex_eau_pipeline.py took 0.337 seconds
[2026-08-11T20:19:34.528+0000] {processor.py:186} INFO - Started process (PID=5597) to work on /opt/airflow/dags/flex_eau_pipeline.py
[2026-08-11T20:19:34.529+0000] {processor.py:914} INFO - Processing file /opt/airflow/dags/flex_eau_pipeline.py for tasks to queue
[2026-08-11T20:19:34.531+0000] {logging_mixin.py:190} INFO - [2026-08-11T20:19:34.531+0000] {dagbag.py:587} INFO - Filling up the DagBag from /opt/airflow/dags/flex_eau_pipeline.py
[2026-08-11T20:19:34.562+0000] {processor.py:925} INFO - DAG(s) 'flex_eau_pipeline' retrieved from /opt/airflow/dags/flex_eau_pipeline.py
[2026-08-11T20:19:34.623+0000] {logging_mixin.py:190} INFO - [2026-08-11T20:19:34.622+0000] {dag.py:3211} INFO - Sync 1 DAGs
[2026-08-11T20:19:34.661+0000] {logging_mixin.py:190} INFO - [2026-08-11T20:19:34.660+0000] {dag.py:4138} INFO - Setting next_dagrun for flex_eau_pipeline to 2026-08-11 00:00:00+00:00, run_after=2026-08-12 00:00:00+00:00
[2026-08-11T20:19:34.694+0000] {processor.py:208} INFO - Processing /opt/airflow/dags/flex_eau_pipeline.py took 0.178 seconds
[2026-08-11T20:20:05.242+0000] {processor.py:186} INFO - Started process (PID=5602) to work on /opt/airflow/dags/flex_eau_pipeline.py
[2026-08-11T20:20:05.244+0000] {processor.py:914} INFO - Processing file /opt/airflow/dags/flex_eau_pipeline.py for tasks to queue
[2026-08-11T20:20:05.249+0000] {logging_mixin.py:190} INFO - [2026-08-11T20:20:05.248+0000] {dagbag.py:587} INFO - Filling up the DagBag from /opt/airflow/dags/flex_eau_pipeline.py
[2026-08-11T20:20:05.321+0000] {processor.py:925} INFO - DAG(s) 'flex_eau_pipeline' retrieved from /opt/airflow/dags/flex_eau_pipeline.py
[2026-08-11T20:20:05.449+0000] {logging_mixin.py:190} INFO - [2026-08-11T20:20:05.448+0000] {dag.py:3211} INFO - Sync 1 DAGs
[2026-08-11T20:20:05.495+0000] {logging_mixin.py:190} INFO - [2026-08-11T20:20:05.494+0000] {dag.py:4138} INFO - Setting next_dagrun for flex_eau_pipeline to 2026-08-11 00:00:00+00:00, run_after=2026-08-12 00:00:00+00:00
[2026-08-11T20:20:05.539+0000] {processor.py:208} INFO - Processing /opt/airflow/dags/flex_eau_pipeline.py took 0.324 seconds
[2026-08-11T20:20:35.967+0000] {processor.py:186} INFO - Started process (PID=5607) to work on /opt/airflow/dags/flex_eau_pipeline.py
[2026-08-11T20:20:35.969+0000] {processor.py:914} INFO - Processing file /opt/airflow/dags/flex_eau_pipeline.py for tasks to queue
[2026-08-11T20:20:35.971+0000] {logging_mixin.py:190} INFO - [2026-08-11T20:20:35.971+0000] {dagbag.py:587} INFO - Filling up the DagBag from /opt/airflow/dags/flex_eau_pipeline.py
[2026-08-11T20:20:36.009+0000] {processor.py:925} INFO - DAG(s) 'flex_eau_pipeline' retrieved from /opt/airflow/dags/flex_eau_pipeline.py
[2026-08-11T20:20:36.067+0000] {logging_mixin.py:190} INFO - [2026-08-11T20:20:36.066+0000] {dag.py:3211} INFO - Sync 1 DAGs
[2026-08-11T20:20:36.106+0000] {logging_mixin.py:190} INFO - [2026-08-11T20:20:36.105+0000] {dag.py:4138} INFO - Setting next_dagrun for flex_eau_pipeline to 2026-08-11 00:00:00+00:00, run_after=2026-08-12 00:00:00+00:00
[2026-08-11T20:20:36.140+0000] {processor.py:208} INFO - Processing /opt/airflow/dags/flex_eau_pipeline.py took 0.184 seconds
[2026-08-11T20:21:06.803+0000] {processor.py:186} INFO - Started process (PID=5612) to work on /opt/airflow/dags/flex_eau_pipeline.py
[2026-08-11T20:21:06.805+0000] {processor.py:914} INFO - Processing file /opt/airflow/dags/flex_eau_pipeline.py for tasks to queue
[2026-08-11T20:21:06.809+0000] {logging_mixin.py:190} INFO - [2026-08-11T20:21:06.809+0000] {dagbag.py:587} INFO - Filling up the DagBag from /opt/airflow/dags/flex_eau_pipeline.py
[2026-08-11T20:21:06.875+0000] {processor.py:925} INFO - DAG(s) 'flex_eau_pipeline' retrieved from /opt/airflow/dags/flex_eau_pipeline.py
[2026-08-11T20:21:07.004+0000] {logging_mixin.py:190} INFO - [2026-08-11T20:21:07.004+0000] {dag.py:3211} INFO - Sync 1 DAGs
[2026-08-11T20:21:07.080+0000] {logging_mixin.py:190} INFO - [2026-08-11T20:21:07.079+0000] {dag.py:4138} INFO - Setting next_dagrun for flex_eau_pipeline to 2026-08-11 00:00:00+00:00, run_after=2026-08-12 00:00:00+00:00
[2026-08-11T20:21:07.137+0000] {processor.py:208} INFO - Processing /opt/airflow/dags/flex_eau_pipeline.py took 0.354 seconds
[2026-08-11T20:21:37.417+0000] {processor.py:186} INFO - Started process (PID=5617) to work on /opt/airflow/dags/flex_eau_pipeline.py
[2026-08-11T20:21:37.419+0000] {processor.py:914} INFO - Processing file /opt/airflow/dags/flex_eau_pipeline.py for tasks to queue
[2026-08-11T20:21:37.423+0000] {logging_mixin.py:190} INFO - [2026-08-11T20:21:37.422+0000] {dagbag.py:587} INFO - Filling up the DagBag from /opt/airflow/dags/flex_eau_pipeline.py
[2026-08-11T20:21:37.456+0000] {processor.py:925} INFO - DAG(s) 'flex_eau_pipeline' retrieved from /opt/airflow/dags/flex_eau_pipeline.py
[2026-08-11T20:21:37.524+0000] {logging_mixin.py:190} INFO - [2026-08-11T20:21:37.523+0000] {dag.py:3211} INFO - Sync 1 DAGs
[2026-08-11T20:21:37.563+0000] {logging_mixin.py:190} INFO - [2026-08-11T20:21:37.563+0000] {dag.py:4138} INFO - Setting next_dagrun for flex_eau_pipeline to 2026-08-11 00:00:00+00:00, run_after=2026-08-12 00:00:00+00:00
[2026-08-11T20:21:37.596+0000] {processor.py:208} INFO - Processing /opt/airflow/dags/flex_eau_pipeline.py took 0.190 seconds
[2026-08-11T20:22:08.016+0000] {processor.py:186} INFO - Started process (PID=5622) to work on /opt/airflow/dags/flex_eau_pipeline.py
[2026-08-11T20:22:08.019+0000] {processor.py:914} INFO - Processing file /opt/airflow/dags/flex_eau_pipeline.py for tasks to queue
[2026-08-11T20:22:08.024+0000] {logging_mixin.py:190} INFO - [2026-08-11T20:22:08.023+0000] {dagbag.py:587} INFO - Filling up the DagBag from /opt/airflow/dags/flex_eau_pipeline.py
[2026-08-11T20:22:08.092+0000] {processor.py:925} INFO - DAG(s) 'flex_eau_pipeline' retrieved from /opt/airflow/dags/flex_eau_pipeline.py
[2026-08-11T20:22:08.216+0000] {logging_mixin.py:190} INFO - [2026-08-11T20:22:08.216+0000] {dag.py:3211} INFO - Sync 1 DAGs
[2026-08-11T20:22:08.289+0000] {logging_mixin.py:190} INFO - [2026-08-11T20:22:08.288+0000] {dag.py:4138} INFO - Setting next_dagrun for flex_eau_pipeline to 2026-08-11 00:00:00+00:00, run_after=2026-08-12 00:00:00+00:00
[2026-08-11T20:22:08.343+0000] {processor.py:208} INFO - Processing /opt/airflow/dags/flex_eau_pipeline.py took 0.351 seconds
[2026-08-11T20:22:38.872+0000] {processor.py:186} INFO - Started process (PID=5627) to work on /opt/airflow/dags/flex_eau_pipeline.py
[2026-08-11T20:22:38.876+0000] {processor.py:914} INFO - Processing file /opt/airflow/dags/flex_eau_pipeline.py for tasks to queue
[2026-08-11T20:22:38.880+0000] {logging_mixin.py:190} INFO - [2026-08-11T20:22:38.879+0000] {dagbag.py:587} INFO - Filling up the DagBag from /opt/airflow/dags/flex_eau_pipeline.py
[2026-08-11T20:22:38.946+0000] {processor.py:925} INFO - DAG(s) 'flex_eau_pipeline' retrieved from /opt/airflow/dags/flex_eau_pipeline.py
[2026-08-11T20:22:39.061+0000] {logging_mixin.py:190} INFO - [2026-08-11T20:22:39.061+0000] {dag.py:3211} INFO - Sync 1 DAGs
[2026-08-11T20:22:39.146+0000] {logging_mixin.py:190} INFO - [2026-08-11T20:22:39.145+0000] {dag.py:4138} INFO - Setting next_dagrun for flex_eau_pipeline to 2026-08-11 00:00:00+00:00, run_after=2026-08-12 00:00:00+00:00
[2026-08-11T20:22:39.245+0000] {processor.py:208} INFO - Processing /opt/airflow/dags/flex_eau_pipeline.py took 0.398 seconds
[2026-08-11T20:23:09.456+0000] {processor.py:186} INFO - Started process (PID=5632) to work on /opt/airflow/dags/flex_eau_pipeline.py
[2026-08-11T20:23:09.457+0000] {processor.py:914} INFO - Processing file /opt/airflow/dags/flex_eau_pipeline.py for tasks to queue
[2026-08-11T20:23:09.460+0000] {logging_mixin.py:190} INFO - [2026-08-11T20:23:09.459+0000] {dagbag.py:587} INFO - Filling up the DagBag from /opt/airflow/dags/flex_eau_pipeline.py
[2026-08-11T20:23:09.499+0000] {processor.py:925} INFO - DAG(s) 'flex_eau_pipeline' retrieved from /opt/airflow/dags/flex_eau_pipeline.py
[2026-08-11T20:23:09.580+0000] {logging_mixin.py:190} INFO - [2026-08-11T20:23:09.579+0000] {dag.py:3211} INFO - Sync 1 DAGs
[2026-08-11T20:23:09.636+0000] {logging_mixin.py:190} INFO - [2026-08-11T20:23:09.636+0000] {dag.py:4138} INFO - Setting next_dagrun for flex_eau_pipeline to 2026-08-11 00:00:00+00:00, run_after=2026-08-12 00:00:00+00:00
[2026-08-11T20:23:09.681+0000] {processor.py:208} INFO - Processing /opt/airflow/dags/flex_eau_pipeline.py took 0.239 seconds
[2026-08-11T20:23:40.384+0000] {processor.py:186} INFO - Started process (PID=5637) to work on /opt/airflow/dags/flex_eau_pipeline.py
[2026-08-11T20:23:40.385+0000] {processor.py:914} INFO - Processing file /opt/airflow/dags/flex_eau_pipeline.py for tasks to queue
[2026-08-11T20:23:40.390+0000] {logging_mixin.py:190} INFO - [2026-08-11T20:23:40.387+0000] {dagbag.py:587} INFO - Filling up the DagBag from /opt/airflow/dags/flex_eau_pipeline.py
[2026-08-11T20:23:40.433+0000] {processor.py:925} INFO - DAG(s) 'flex_eau_pipeline' retrieved from /opt/airflow/dags/flex_eau_pipeline.py
[2026-08-11T20:23:40.525+0000] {logging_mixin.py:190} INFO - [2026-08-11T20:23:40.525+0000] {dag.py:3211} INFO - Sync 1 DAGs
[2026-08-11T20:23:40.583+0000] {logging_mixin.py:190} INFO - [2026-08-11T20:23:40.583+0000] {dag.py:4138} INFO - Setting next_dagrun for flex_eau_pipeline to 2026-08-11 00:00:00+00:00, run_after=2026-08-12 00:00:00+00:00
[2026-08-11T20:23:40.635+0000] {processor.py:208} INFO - Processing /opt/airflow/dags/flex_eau_pipeline.py took 0.265 seconds
[2026-08-11T20:24:11.185+0000] {processor.py:186} INFO - Started process (PID=5642) to work on /opt/airflow/dags/flex_eau_pipeline.py
[2026-08-11T20:24:11.187+0000] {processor.py:914} INFO - Processing file /opt/airflow/dags/flex_eau_pipeline.py for tasks to queue
[2026-08-11T20:24:11.191+0000] {logging_mixin.py:190} INFO - [2026-08-11T20:24:11.190+0000] {dagbag.py:587} INFO - Filling up the DagBag from /opt/airflow/dags/flex_eau_pipeline.py
[2026-08-11T20:24:11.250+0000] {processor.py:925} INFO - DAG(s) 'flex_eau_pipeline' retrieved from /opt/airflow/dags/flex_eau_pipeline.py
[2026-08-11T20:24:11.350+0000] {logging_mixin.py:190} INFO - [2026-08-11T20:24:11.350+0000] {dag.py:3211} INFO - Sync 1 DAGs
[2026-08-11T20:24:11.419+0000] {logging_mixin.py:190} INFO - [2026-08-11T20:24:11.419+0000] {dag.py:4138} INFO - Setting next_dagrun for flex_eau_pipeline to 2026-08-11 00:00:00+00:00, run_after=2026-08-12 00:00:00+00:00
[2026-08-11T20:24:11.472+0000] {processor.py:208} INFO - Processing /opt/airflow/dags/flex_eau_pipeline.py took 0.306 seconds
[2026-08-11T20:24:42.101+0000] {processor.py:186} INFO - Started process (PID=5647) to work on /opt/airflow/dags/flex_eau_pipeline.py
[2026-08-11T20:24:42.105+0000] {processor.py:914} INFO - Processing file /opt/airflow/dags/flex_eau_pipeline.py for tasks to queue
[2026-08-11T20:24:42.108+0000] {logging_mixin.py:190} INFO - [2026-08-11T20:24:42.107+0000] {dagbag.py:587} INFO - Filling up the DagBag from /opt/airflow/dags/flex_eau_pipeline.py
[2026-08-11T20:24:42.162+0000] {processor.py:925} INFO - DAG(s) 'flex_eau_pipeline' retrieved from /opt/airflow/dags/flex_eau_pipeline.py
[2026-08-11T20:24:42.250+0000] {logging_mixin.py:190} INFO - [2026-08-11T20:24:42.250+0000] {dag.py:3211} INFO - Sync 1 DAGs
[2026-08-11T20:24:42.326+0000] {logging_mixin.py:190} INFO - [2026-08-11T20:24:42.325+0000] {dag.py:4138} INFO - Setting next_dagrun for flex_eau_pipeline to 2026-08-11 00:00:00+00:00, run_after=2026-08-12 00:00:00+00:00
[2026-08-11T20:24:42.405+0000] {processor.py:208} INFO - Processing /opt/airflow/dags/flex_eau_pipeline.py took 0.325 seconds
[2026-08-11T20:25:12.880+0000] {processor.py:186} INFO - Started process (PID=5652) to work on /opt/airflow/dags/flex_eau_pipeline.py
[2026-08-11T20:25:12.881+0000] {processor.py:914} INFO - Processing file /opt/airflow/dags/flex_eau_pipeline.py for tasks to queue
[2026-08-11T20:25:12.885+0000] {logging_mixin.py:190} INFO - [2026-08-11T20:25:12.885+0000] {dagbag.py:587} INFO - Filling up the DagBag from /opt/airflow/dags/flex_eau_pipeline.py
[2026-08-11T20:25:12.931+0000] {processor.py:925} INFO - DAG(s) 'flex_eau_pipeline' retrieved from /opt/airflow/dags/flex_eau_pipeline.py
[2026-08-11T20:25:13.023+0000] {logging_mixin.py:190} INFO - [2026-08-11T20:25:13.022+0000] {dag.py:3211} INFO - Sync 1 DAGs
[2026-08-11T20:25:13.077+0000] {logging_mixin.py:190} INFO - [2026-08-11T20:25:13.076+0000] {dag.py:4138} INFO - Setting next_dagrun for flex_eau_pipeline to 2026-08-11 00:00:00+00:00, run_after=2026-08-12 00:00:00+00:00
[2026-08-11T20:25:13.122+0000] {processor.py:208} INFO - Processing /opt/airflow/dags/flex_eau_pipeline.py took 0.258 seconds
[2026-08-11T20:25:43.805+0000] {processor.py:186} INFO - Started process (PID=5657) to work on /opt/airflow/dags/flex_eau_pipeline.py
[2026-08-11T20:25:43.809+0000] {processor.py:914} INFO - Processing file /opt/airflow/dags/flex_eau_pipeline.py for tasks to queue
[2026-08-11T20:25:43.813+0000] {logging_mixin.py:190} INFO - [2026-08-11T20:25:43.812+0000] {dagbag.py:587} INFO - Filling up the DagBag from /opt/airflow/dags/flex_eau_pipeline.py
[2026-08-11T20:25:43.883+0000] {processor.py:925} INFO - DAG(s) 'flex_eau_pipeline' retrieved from /opt/airflow/dags/flex_eau_pipeline.py
[2026-08-11T20:25:43.985+0000] {logging_mixin.py:190} INFO - [2026-08-11T20:25:43.985+0000] {dag.py:3211} INFO - Sync 1 DAGs
[2026-08-11T20:25:44.041+0000] {logging_mixin.py:190} INFO - [2026-08-11T20:25:44.040+0000] {dag.py:4138} INFO - Setting next_dagrun for flex_eau_pipeline to 2026-08-11 00:00:00+00:00, run_after=2026-08-12 00:00:00+00:00
[2026-08-11T20:25:44.081+0000] {processor.py:208} INFO - Processing /opt/airflow/dags/flex_eau_pipeline.py took 0.295 seconds
[2026-08-11T20:26:14.421+0000] {processor.py:186} INFO - Started process (PID=5662) to work on /opt/airflow/dags/flex_eau_pipeline.py
[2026-08-11T20:26:14.424+0000] {processor.py:914} INFO - Processing file /opt/airflow/dags/flex_eau_pipeline.py for tasks to queue
[2026-08-11T20:26:14.429+0000] {logging_mixin.py:190} INFO - [2026-08-11T20:26:14.428+0000] {dagbag.py:587} INFO - Filling up the DagBag from /opt/airflow/dags/flex_eau_pipeline.py
[2026-08-11T20:26:14.513+0000] {processor.py:925} INFO - DAG(s) 'flex_eau_pipeline' retrieved from /opt/airflow/dags/flex_eau_pipeline.py
[2026-08-11T20:26:14.647+0000] {logging_mixin.py:190} INFO - [2026-08-11T20:26:14.647+0000] {dag.py:3211} INFO - Sync 1 DAGs
[2026-08-11T20:26:14.694+0000] {logging_mixin.py:190} INFO - [2026-08-11T20:26:14.693+0000] {dag.py:4138} INFO - Setting next_dagrun for flex_eau_pipeline to 2026-08-11 00:00:00+00:00, run_after=2026-08-12 00:00:00+00:00
[2026-08-11T20:26:14.734+0000] {processor.py:208} INFO - Processing /opt/airflow/dags/flex_eau_pipeline.py took 0.348 seconds
[2026-08-11T20:26:45.699+0000] {processor.py:186} INFO - Started process (PID=5667) to work on /opt/airflow/dags/flex_eau_pipeline.py
[2026-08-11T20:26:45.705+0000] {processor.py:914} INFO - Processing file /opt/airflow/dags/flex_eau_pipeline.py for tasks to queue
[2026-08-11T20:26:45.711+0000] {logging_mixin.py:190} INFO - [2026-08-11T20:26:45.710+0000] {dagbag.py:587} INFO - Filling up the DagBag from /opt/airflow/dags/flex_eau_pipeline.py
[2026-08-11T20:26:45.760+0000] {processor.py:925} INFO - DAG(s) 'flex_eau_pipeline' retrieved from /opt/airflow/dags/flex_eau_pipeline.py
[2026-08-11T20:26:45.822+0000] {logging_mixin.py:190} INFO - [2026-08-11T20:26:45.822+0000] {dag.py:3211} INFO - Sync 1 DAGs
[2026-08-11T20:26:45.860+0000] {logging_mixin.py:190} INFO - [2026-08-11T20:26:45.860+0000] {dag.py:4138} INFO - Setting next_dagrun for flex_eau_pipeline to 2026-08-11 00:00:00+00:00, run_after=2026-08-12 00:00:00+00:00
[2026-08-11T20:26:45.897+0000] {processor.py:208} INFO - Processing /opt/airflow/dags/flex_eau_pipeline.py took 0.234 seconds
[2026-08-11T20:27:16.432+0000] {processor.py:186} INFO - Started process (PID=5672) to work on /opt/airflow/dags/flex_eau_pipeline.py
[2026-08-11T20:27:16.435+0000] {processor.py:914} INFO - Processing file /opt/airflow/dags/flex_eau_pipeline.py for tasks to queue
[2026-08-11T20:27:16.439+0000] {logging_mixin.py:190} INFO - [2026-08-11T20:27:16.438+0000] {dagbag.py:587} INFO - Filling up the DagBag from /opt/airflow/dags/flex_eau_pipeline.py
[2026-08-11T20:27:16.492+0000] {processor.py:925} INFO - DAG(s) 'flex_eau_pipeline' retrieved from /opt/airflow/dags/flex_eau_pipeline.py
[2026-08-11T20:27:16.638+0000] {logging_mixin.py:190} INFO - [2026-08-11T20:27:16.637+0000] {dag.py:3211} INFO - Sync 1 DAGs
[2026-08-11T20:27:16.747+0000] {logging_mixin.py:190} INFO - [2026-08-11T20:27:16.745+0000] {dag.py:4138} INFO - Setting next_dagrun for flex_eau_pipeline to 2026-08-11 00:00:00+00:00, run_after=2026-08-12 00:00:00+00:00
[2026-08-11T20:27:16.817+0000] {processor.py:208} INFO - Processing /opt/airflow/dags/flex_eau_pipeline.py took 0.414 seconds
[2026-08-11T20:27:47.087+0000] {processor.py:186} INFO - Started process (PID=5677) to work on /opt/airflow/dags/flex_eau_pipeline.py
[2026-08-11T20:27:47.091+0000] {processor.py:914} INFO - Processing file /opt/airflow/dags/flex_eau_pipeline.py for tasks to queue
[2026-08-11T20:27:47.095+0000] {logging_mixin.py:190} INFO - [2026-08-11T20:27:47.094+0000] {dagbag.py:587} INFO - Filling up the DagBag from /opt/airflow/dags/flex_eau_pipeline.py
[2026-08-11T20:27:47.170+0000] {processor.py:925} INFO - DAG(s) 'flex_eau_pipeline' retrieved from /opt/airflow/dags/flex_eau_pipeline.py
[2026-08-11T20:27:47.280+0000] {logging_mixin.py:190} INFO - [2026-08-11T20:27:47.280+0000] {dag.py:3211} INFO - Sync 1 DAGs
[2026-08-11T20:27:47.355+0000] {logging_mixin.py:190} INFO - [2026-08-11T20:27:47.355+0000] {dag.py:4138} INFO - Setting next_dagrun for flex_eau_pipeline to 2026-08-11 00:00:00+00:00, run_after=2026-08-12 00:00:00+00:00
[2026-08-11T20:27:47.407+0000] {processor.py:208} INFO - Processing /opt/airflow/dags/flex_eau_pipeline.py took 0.348 seconds
[2026-08-11T20:28:17.666+0000] {processor.py:186} INFO - Started process (PID=5682) to work on /opt/airflow/dags/flex_eau_pipeline.py
[2026-08-11T20:28:17.670+0000] {processor.py:914} INFO - Processing file /opt/airflow/dags/flex_eau_pipeline.py for tasks to queue
[2026-08-11T20:28:17.673+0000] {logging_mixin.py:190} INFO - [2026-08-11T20:28:17.673+0000] {dagbag.py:587} INFO - Filling up the DagBag from /opt/airflow/dags/flex_eau_pipeline.py
[2026-08-11T20:28:17.743+0000] {processor.py:925} INFO - DAG(s) 'flex_eau_pipeline' retrieved from /opt/airflow/dags/flex_eau_pipeline.py
[2026-08-11T20:28:17.856+0000] {logging_mixin.py:190} INFO - [2026-08-11T20:28:17.855+0000] {dag.py:3211} INFO - Sync 1 DAGs
[2026-08-11T20:28:17.914+0000] {logging_mixin.py:190} INFO - [2026-08-11T20:28:17.914+0000] {dag.py:4138} INFO - Setting next_dagrun for flex_eau_pipeline to 2026-08-11 00:00:00+00:00, run_after=2026-08-12 00:00:00+00:00
[2026-08-11T20:28:17.981+0000] {processor.py:208} INFO - Processing /opt/airflow/dags/flex_eau_pipeline.py took 0.333 seconds
[2026-08-11T20:28:48.660+0000] {processor.py:186} INFO - Started process (PID=5687) to work on /opt/airflow/dags/flex_eau_pipeline.py
[2026-08-11T20:28:48.662+0000] {processor.py:914} INFO - Processing file /opt/airflow/dags/flex_eau_pipeline.py for tasks to queue
[2026-08-11T20:28:48.667+0000] {logging_mixin.py:190} INFO - [2026-08-11T20:28:48.667+0000] {dagbag.py:587} INFO - Filling up the DagBag from /opt/airflow/dags/flex_eau_pipeline.py
[2026-08-11T20:28:48.713+0000] {processor.py:925} INFO - DAG(s) 'flex_eau_pipeline' retrieved from /opt/airflow/dags/flex_eau_pipeline.py
[2026-08-11T20:28:48.804+0000] {logging_mixin.py:190} INFO - [2026-08-11T20:28:48.802+0000] {dag.py:3211} INFO - Sync 1 DAGs
[2026-08-11T20:28:48.863+0000] {logging_mixin.py:190} INFO - [2026-08-11T20:28:48.863+0000] {dag.py:4138} INFO - Setting next_dagrun for flex_eau_pipeline to 2026-08-11 00:00:00+00:00, run_after=2026-08-12 00:00:00+00:00
[2026-08-11T20:28:48.916+0000] {processor.py:208} INFO - Processing /opt/airflow/dags/flex_eau_pipeline.py took 0.273 seconds
[2026-08-11T20:29:19.208+0000] {processor.py:186} INFO - Started process (PID=5692) to work on /opt/airflow/dags/flex_eau_pipeline.py
[2026-08-11T20:29:19.212+0000] {processor.py:914} INFO - Processing file /opt/airflow/dags/flex_eau_pipeline.py for tasks to queue
[2026-08-11T20:29:19.214+0000] {logging_mixin.py:190} INFO - [2026-08-11T20:29:19.214+0000] {dagbag.py:587} INFO - Filling up the DagBag from /opt/airflow/dags/flex_eau_pipeline.py
[2026-08-11T20:29:19.259+0000] {processor.py:925} INFO - DAG(s) 'flex_eau_pipeline' retrieved from /opt/airflow/dags/flex_eau_pipeline.py
[2026-08-11T20:29:19.341+0000] {logging_mixin.py:190} INFO - [2026-08-11T20:29:19.341+0000] {dag.py:3211} INFO - Sync 1 DAGs
[2026-08-11T20:29:19.415+0000] {logging_mixin.py:190} INFO - [2026-08-11T20:29:19.415+0000] {dag.py:4138} INFO - Setting next_dagrun for flex_eau_pipeline to 2026-08-11 00:00:00+00:00, run_after=2026-08-12 00:00:00+00:00
[2026-08-11T20:29:19.469+0000] {processor.py:208} INFO - Processing /opt/airflow/dags/flex_eau_pipeline.py took 0.274 seconds
[2026-08-11T20:29:49.890+0000] {processor.py:186} INFO - Started process (PID=5697) to work on /opt/airflow/dags/flex_eau_pipeline.py
[2026-08-11T20:29:49.894+0000] {processor.py:914} INFO - Processing file /opt/airflow/dags/flex_eau_pipeline.py for tasks to queue
[2026-08-11T20:29:49.897+0000] {logging_mixin.py:190} INFO - [2026-08-11T20:29:49.897+0000] {dagbag.py:587} INFO - Filling up the DagBag from /opt/airflow/dags/flex_eau_pipeline.py
[2026-08-11T20:29:49.952+0000] {processor.py:925} INFO - DAG(s) 'flex_eau_pipeline' retrieved from /opt/airflow/dags/flex_eau_pipeline.py
[2026-08-11T20:29:50.057+0000] {logging_mixin.py:190} INFO - [2026-08-11T20:29:50.056+0000] {dag.py:3211} INFO - Sync 1 DAGs
[2026-08-11T20:29:50.142+0000] {logging_mixin.py:190} INFO - [2026-08-11T20:29:50.142+0000] {dag.py:4138} INFO - Setting next_dagrun for flex_eau_pipeline to 2026-08-11 00:00:00+00:00, run_after=2026-08-12 00:00:00+00:00
[2026-08-11T20:29:50.192+0000] {processor.py:208} INFO - Processing /opt/airflow/dags/flex_eau_pipeline.py took 0.327 seconds
[2026-08-11T20:30:20.781+0000] {processor.py:186} INFO - Started process (PID=5702) to work on /opt/airflow/dags/flex_eau_pipeline.py
[2026-08-11T20:30:20.786+0000] {processor.py:914} INFO - Processing file /opt/airflow/dags/flex_eau_pipeline.py for tasks to queue
[2026-08-11T20:30:20.792+0000] {logging_mixin.py:190} INFO - [2026-08-11T20:30:20.791+0000] {dagbag.py:587} INFO - Filling up the DagBag from /opt/airflow/dags/flex_eau_pipeline.py
[2026-08-11T20:30:20.878+0000] {processor.py:925} INFO - DAG(s) 'flex_eau_pipeline' retrieved from /opt/airflow/dags/flex_eau_pipeline.py
[2026-08-11T20:30:20.992+0000] {logging_mixin.py:190} INFO - [2026-08-11T20:30:20.989+0000] {dag.py:3211} INFO - Sync 1 DAGs
[2026-08-11T20:30:21.080+0000] {logging_mixin.py:190} INFO - [2026-08-11T20:30:21.079+0000] {dag.py:4138} INFO - Setting next_dagrun for flex_eau_pipeline to 2026-08-11 00:00:00+00:00, run_after=2026-08-12 00:00:00+00:00
[2026-08-11T20:30:21.147+0000] {processor.py:208} INFO - Processing /opt/airflow/dags/flex_eau_pipeline.py took 0.390 seconds
[2026-08-11T20:30:51.671+0000] {processor.py:186} INFO - Started process (PID=5707) to work on /opt/airflow/dags/flex_eau_pipeline.py
[2026-08-11T20:30:51.674+0000] {processor.py:914} INFO - Processing file /opt/airflow/dags/flex_eau_pipeline.py for tasks to queue
[2026-08-11T20:30:51.680+0000] {logging_mixin.py:190} INFO - [2026-08-11T20:30:51.679+0000] {dagbag.py:587} INFO - Filling up the DagBag from /opt/airflow/dags/flex_eau_pipeline.py
[2026-08-11T20:30:51.769+0000] {processor.py:925} INFO - DAG(s) 'flex_eau_pipeline' retrieved from /opt/airflow/dags/flex_eau_pipeline.py
[2026-08-11T20:30:51.880+0000] {logging_mixin.py:190} INFO - [2026-08-11T20:30:51.880+0000] {dag.py:3211} INFO - Sync 1 DAGs
[2026-08-11T20:30:51.956+0000] {logging_mixin.py:190} INFO - [2026-08-11T20:30:51.956+0000] {dag.py:4138} INFO - Setting next_dagrun for flex_eau_pipeline to 2026-08-11 00:00:00+00:00, run_after=2026-08-12 00:00:00+00:00
[2026-08-11T20:30:52.016+0000] {processor.py:208} INFO - Processing /opt/airflow/dags/flex_eau_pipeline.py took 0.374 seconds
[2026-08-11T20:31:22.706+0000] {processor.py:186} INFO - Started process (PID=5712) to work on /opt/airflow/dags/flex_eau_pipeline.py
[2026-08-11T20:31:22.709+0000] {processor.py:914} INFO - Processing file /opt/airflow/dags/flex_eau_pipeline.py for tasks to queue
[2026-08-11T20:31:22.713+0000] {logging_mixin.py:190} INFO - [2026-08-11T20:31:22.712+0000] {dagbag.py:587} INFO - Filling up the DagBag from /opt/airflow/dags/flex_eau_pipeline.py
[2026-08-11T20:31:22.766+0000] {processor.py:925} INFO - DAG(s) 'flex_eau_pipeline' retrieved from /opt/airflow/dags/flex_eau_pipeline.py
[2026-08-11T20:31:22.864+0000] {logging_mixin.py:190} INFO - [2026-08-11T20:31:22.864+0000] {dag.py:3211} INFO - Sync 1 DAGs
[2026-08-11T20:31:22.921+0000] {logging_mixin.py:190} INFO - [2026-08-11T20:31:22.921+0000] {dag.py:4138} INFO - Setting next_dagrun for flex_eau_pipeline to 2026-08-11 00:00:00+00:00, run_after=2026-08-12 00:00:00+00:00
[2026-08-11T20:31:22.968+0000] {processor.py:208} INFO - Processing /opt/airflow/dags/flex_eau_pipeline.py took 0.285 seconds
[2026-08-11T20:31:53.491+0000] {processor.py:186} INFO - Started process (PID=5717) to work on /opt/airflow/dags/flex_eau_pipeline.py
[2026-08-11T20:31:53.493+0000] {processor.py:914} INFO - Processing file /opt/airflow/dags/flex_eau_pipeline.py for tasks to queue
[2026-08-11T20:31:53.495+0000] {logging_mixin.py:190} INFO - [2026-08-11T20:31:53.494+0000] {dagbag.py:587} INFO - Filling up the DagBag from /opt/airflow/dags/flex_eau_pipeline.py
[2026-08-11T20:31:53.532+0000] {processor.py:925} INFO - DAG(s) 'flex_eau_pipeline' retrieved from /opt/airflow/dags/flex_eau_pipeline.py
[2026-08-11T20:31:53.603+0000] {logging_mixin.py:190} INFO - [2026-08-11T20:31:53.603+0000] {dag.py:3211} INFO - Sync 1 DAGs
[2026-08-11T20:31:53.645+0000] {logging_mixin.py:190} INFO - [2026-08-11T20:31:53.645+0000] {dag.py:4138} INFO - Setting next_dagrun for flex_eau_pipeline to 2026-08-11 00:00:00+00:00, run_after=2026-08-12 00:00:00+00:00
[2026-08-11T20:31:53.683+0000] {processor.py:208} INFO - Processing /opt/airflow/dags/flex_eau_pipeline.py took 0.209 seconds
[2026-08-11T20:32:24.324+0000] {processor.py:186} INFO - Started process (PID=5722) to work on /opt/airflow/dags/flex_eau_pipeline.py
[2026-08-11T20:32:24.328+0000] {processor.py:914} INFO - Processing file /opt/airflow/dags/flex_eau_pipeline.py for tasks to queue
[2026-08-11T20:32:24.332+0000] {logging_mixin.py:190} INFO - [2026-08-11T20:32:24.331+0000] {dagbag.py:587} INFO - Filling up the DagBag from /opt/airflow/dags/flex_eau_pipeline.py
[2026-08-11T20:32:24.372+0000] {processor.py:925} INFO - DAG(s) 'flex_eau_pipeline' retrieved from /opt/airflow/dags/flex_eau_pipeline.py
[2026-08-11T20:32:24.446+0000] {logging_mixin.py:190} INFO - [2026-08-11T20:32:24.445+0000] {dag.py:3211} INFO - Sync 1 DAGs
[2026-08-11T20:32:24.487+0000] {logging_mixin.py:190} INFO - [2026-08-11T20:32:24.486+0000] {dag.py:4138} INFO - Setting next_dagrun for flex_eau_pipeline to 2026-08-11 00:00:00+00:00, run_after=2026-08-12 00:00:00+00:00
[2026-08-11T20:32:24.527+0000] {processor.py:208} INFO - Processing /opt/airflow/dags/flex_eau_pipeline.py took 0.225 seconds
[2026-08-11T20:32:55.032+0000] {processor.py:186} INFO - Started process (PID=5727) to work on /opt/airflow/dags/flex_eau_pipeline.py
[2026-08-11T20:32:55.035+0000] {processor.py:914} INFO - Processing file /opt/airflow/dags/flex_eau_pipeline.py for tasks to queue
[2026-08-11T20:32:55.042+0000] {logging_mixin.py:190} INFO - [2026-08-11T20:32:55.039+0000] {dagbag.py:587} INFO - Filling up the DagBag from /opt/airflow/dags/flex_eau_pipeline.py
[2026-08-11T20:32:55.114+0000] {processor.py:925} INFO - DAG(s) 'flex_eau_pipeline' retrieved from /opt/airflow/dags/flex_eau_pipeline.py
[2026-08-11T20:32:55.214+0000] {logging_mixin.py:190} INFO - [2026-08-11T20:32:55.213+0000] {dag.py:3211} INFO - Sync 1 DAGs
[2026-08-11T20:32:55.268+0000] {logging_mixin.py:190} INFO - [2026-08-11T20:32:55.268+0000] {dag.py:4138} INFO - Setting next_dagrun for flex_eau_pipeline to 2026-08-11 00:00:00+00:00, run_after=2026-08-12 00:00:00+00:00
[2026-08-11T20:32:55.317+0000] {processor.py:208} INFO - Processing /opt/airflow/dags/flex_eau_pipeline.py took 0.312 seconds
[2026-08-11T20:33:25.673+0000] {processor.py:186} INFO - Started process (PID=5732) to work on /opt/airflow/dags/flex_eau_pipeline.py
[2026-08-11T20:33:25.679+0000] {processor.py:914} INFO - Processing file /opt/airflow/dags/flex_eau_pipeline.py for tasks to queue
[2026-08-11T20:33:25.683+0000] {logging_mixin.py:190} INFO - [2026-08-11T20:33:25.683+0000] {dagbag.py:587} INFO - Filling up the DagBag from /opt/airflow/dags/flex_eau_pipeline.py
[2026-08-11T20:33:25.732+0000] {processor.py:925} INFO - DAG(s) 'flex_eau_pipeline' retrieved from /opt/airflow/dags/flex_eau_pipeline.py
[2026-08-11T20:33:25.805+0000] {logging_mixin.py:190} INFO - [2026-08-11T20:33:25.804+0000] {dag.py:3211} INFO - Sync 1 DAGs
[2026-08-11T20:33:25.850+0000] {logging_mixin.py:190} INFO - [2026-08-11T20:33:25.849+0000] {dag.py:4138} INFO - Setting next_dagrun for flex_eau_pipeline to 2026-08-11 00:00:00+00:00, run_after=2026-08-12 00:00:00+00:00
[2026-08-11T20:33:25.893+0000] {processor.py:208} INFO - Processing /opt/airflow/dags/flex_eau_pipeline.py took 0.246 seconds
[2026-08-11T20:33:56.316+0000] {processor.py:186} INFO - Started process (PID=5737) to work on /opt/airflow/dags/flex_eau_pipeline.py
[2026-08-11T20:33:56.320+0000] {processor.py:914} INFO - Processing file /opt/airflow/dags/flex_eau_pipeline.py for tasks to queue
[2026-08-11T20:33:56.326+0000] {logging_mixin.py:190} INFO - [2026-08-11T20:33:56.324+0000] {dagbag.py:587} INFO - Filling up the DagBag from /opt/airflow/dags/flex_eau_pipeline.py
[2026-08-11T20:33:56.407+0000] {processor.py:925} INFO - DAG(s) 'flex_eau_pipeline' retrieved from /opt/airflow/dags/flex_eau_pipeline.py
[2026-08-11T20:33:56.513+0000] {logging_mixin.py:190} INFO - [2026-08-11T20:33:56.512+0000] {dag.py:3211} INFO - Sync 1 DAGs
[2026-08-11T20:33:56.581+0000] {logging_mixin.py:190} INFO - [2026-08-11T20:33:56.581+0000] {dag.py:4138} INFO - Setting next_dagrun for flex_eau_pipeline to 2026-08-11 00:00:00+00:00, run_after=2026-08-12 00:00:00+00:00
[2026-08-11T20:33:56.623+0000] {processor.py:208} INFO - Processing /opt/airflow/dags/flex_eau_pipeline.py took 0.344 seconds
[2026-08-11T20:34:27.114+0000] {processor.py:186} INFO - Started process (PID=5742) to work on /opt/airflow/dags/flex_eau_pipeline.py
[2026-08-11T20:34:27.118+0000] {processor.py:914} INFO - Processing file /opt/airflow/dags/flex_eau_pipeline.py for tasks to queue
[2026-08-11T20:34:27.123+0000] {logging_mixin.py:190} INFO - [2026-08-11T20:34:27.122+0000] {dagbag.py:587} INFO - Filling up the DagBag from /opt/airflow/dags/flex_eau_pipeline.py
[2026-08-11T20:34:27.175+0000] {processor.py:925} INFO - DAG(s) 'flex_eau_pipeline' retrieved from /opt/airflow/dags/flex_eau_pipeline.py
[2026-08-11T20:34:27.250+0000] {logging_mixin.py:190} INFO - [2026-08-11T20:34:27.249+0000] {dag.py:3211} INFO - Sync 1 DAGs
[2026-08-11T20:34:27.296+0000] {logging_mixin.py:190} INFO - [2026-08-11T20:34:27.295+0000] {dag.py:4138} INFO - Setting next_dagrun for flex_eau_pipeline to 2026-08-11 00:00:00+00:00, run_after=2026-08-12 00:00:00+00:00
[2026-08-11T20:34:27.338+0000] {processor.py:208} INFO - Processing /opt/airflow/dags/flex_eau_pipeline.py took 0.243 seconds
[2026-08-11T20:34:57.893+0000] {processor.py:186} INFO - Started process (PID=5747) to work on /opt/airflow/dags/flex_eau_pipeline.py
[2026-08-11T20:34:57.898+0000] {processor.py:914} INFO - Processing file /opt/airflow/dags/flex_eau_pipeline.py for tasks to queue
[2026-08-11T20:34:57.903+0000] {logging_mixin.py:190} INFO - [2026-08-11T20:34:57.902+0000] {dagbag.py:587} INFO - Filling up the DagBag from /opt/airflow/dags/flex_eau_pipeline.py
[2026-08-11T20:34:57.988+0000] {processor.py:925} INFO - DAG(s) 'flex_eau_pipeline' retrieved from /opt/airflow/dags/flex_eau_pipeline.py
[2026-08-11T20:34:58.119+0000] {logging_mixin.py:190} INFO - [2026-08-11T20:34:58.118+0000] {dag.py:3211} INFO - Sync 1 DAGs
[2026-08-11T20:34:58.222+0000] {logging_mixin.py:190} INFO - [2026-08-11T20:34:58.222+0000] {dag.py:4138} INFO - Setting next_dagrun for flex_eau_pipeline to 2026-08-11 00:00:00+00:00, run_after=2026-08-12 00:00:00+00:00
[2026-08-11T20:34:58.304+0000] {processor.py:208} INFO - Processing /opt/airflow/dags/flex_eau_pipeline.py took 0.435 seconds
[2026-08-11T20:35:28.613+0000] {processor.py:186} INFO - Started process (PID=5752) to work on /opt/airflow/dags/flex_eau_pipeline.py
[2026-08-11T20:35:28.615+0000] {processor.py:914} INFO - Processing file /opt/airflow/dags/flex_eau_pipeline.py for tasks to queue
[2026-08-11T20:35:28.618+0000] {logging_mixin.py:190} INFO - [2026-08-11T20:35:28.617+0000] {dagbag.py:587} INFO - Filling up the DagBag from /opt/airflow/dags/flex_eau_pipeline.py
[2026-08-11T20:35:28.656+0000] {processor.py:925} INFO - DAG(s) 'flex_eau_pipeline' retrieved from /opt/airflow/dags/flex_eau_pipeline.py
[2026-08-11T20:35:28.861+0000] {logging_mixin.py:190} INFO - [2026-08-11T20:35:28.860+0000] {dag.py:3211} INFO - Sync 1 DAGs
[2026-08-11T20:35:28.918+0000] {logging_mixin.py:190} INFO - [2026-08-11T20:35:28.918+0000] {dag.py:4138} INFO - Setting next_dagrun for flex_eau_pipeline to 2026-08-11 00:00:00+00:00, run_after=2026-08-12 00:00:00+00:00
[2026-08-11T20:35:28.956+0000] {processor.py:208} INFO - Processing /opt/airflow/dags/flex_eau_pipeline.py took 0.358 seconds
[2026-08-11T20:35:59.642+0000] {processor.py:186} INFO - Started process (PID=5757) to work on /opt/airflow/dags/flex_eau_pipeline.py
[2026-08-11T20:35:59.644+0000] {processor.py:914} INFO - Processing file /opt/airflow/dags/flex_eau_pipeline.py for tasks to queue
[2026-08-11T20:35:59.649+0000] {logging_mixin.py:190} INFO - [2026-08-11T20:35:59.648+0000] {dagbag.py:587} INFO - Filling up the DagBag from /opt/airflow/dags/flex_eau_pipeline.py
[2026-08-11T20:35:59.701+0000] {processor.py:925} INFO - DAG(s) 'flex_eau_pipeline' retrieved from /opt/airflow/dags/flex_eau_pipeline.py
[2026-08-11T20:35:59.788+0000] {logging_mixin.py:190} INFO - [2026-08-11T20:35:59.788+0000] {dag.py:3211} INFO - Sync 1 DAGs
[2026-08-11T20:35:59.844+0000] {logging_mixin.py:190} INFO - [2026-08-11T20:35:59.844+0000] {dag.py:4138} INFO - Setting next_dagrun for flex_eau_pipeline to 2026-08-11 00:00:00+00:00, run_after=2026-08-12 00:00:00+00:00
[2026-08-11T20:35:59.894+0000] {processor.py:208} INFO - Processing /opt/airflow/dags/flex_eau_pipeline.py took 0.267 seconds
[2026-08-11T20:36:30.427+0000] {processor.py:186} INFO - Started process (PID=5762) to work on /opt/airflow/dags/flex_eau_pipeline.py
[2026-08-11T20:36:30.429+0000] {processor.py:914} INFO - Processing file /opt/airflow/dags/flex_eau_pipeline.py for tasks to queue
[2026-08-11T20:36:30.432+0000] {logging_mixin.py:190} INFO - [2026-08-11T20:36:30.431+0000] {dagbag.py:587} INFO - Filling up the DagBag from /opt/airflow/dags/flex_eau_pipeline.py
[2026-08-11T20:36:30.489+0000] {processor.py:925} INFO - DAG(s) 'flex_eau_pipeline' retrieved from /opt/airflow/dags/flex_eau_pipeline.py
[2026-08-11T20:36:30.590+0000] {logging_mixin.py:190} INFO - [2026-08-11T20:36:30.590+0000] {dag.py:3211} INFO - Sync 1 DAGs
[2026-08-11T20:36:30.640+0000] {logging_mixin.py:190} INFO - [2026-08-11T20:36:30.639+0000] {dag.py:4138} INFO - Setting next_dagrun for flex_eau_pipeline to 2026-08-11 00:00:00+00:00, run_after=2026-08-12 00:00:00+00:00
[2026-08-11T20:36:30.682+0000] {processor.py:208} INFO - Processing /opt/airflow/dags/flex_eau_pipeline.py took 0.270 seconds
[2026-08-11T20:37:01.249+0000] {processor.py:186} INFO - Started process (PID=5767) to work on /opt/airflow/dags/flex_eau_pipeline.py
[2026-08-11T20:37:01.252+0000] {processor.py:914} INFO - Processing file /opt/airflow/dags/flex_eau_pipeline.py for tasks to queue
[2026-08-11T20:37:01.255+0000] {logging_mixin.py:190} INFO - [2026-08-11T20:37:01.255+0000] {dagbag.py:587} INFO - Filling up the DagBag from /opt/airflow/dags/flex_eau_pipeline.py
[2026-08-11T20:37:01.315+0000] {processor.py:925} INFO - DAG(s) 'flex_eau_pipeline' retrieved from /opt/airflow/dags/flex_eau_pipeline.py
[2026-08-11T20:37:01.435+0000] {logging_mixin.py:190} INFO - [2026-08-11T20:37:01.434+0000] {dag.py:3211} INFO - Sync 1 DAGs
[2026-08-11T20:37:01.542+0000] {logging_mixin.py:190} INFO - [2026-08-11T20:37:01.542+0000] {dag.py:4138} INFO - Setting next_dagrun for flex_eau_pipeline to 2026-08-11 00:00:00+00:00, run_after=2026-08-12 00:00:00+00:00
[2026-08-11T20:37:01.607+0000] {processor.py:208} INFO - Processing /opt/airflow/dags/flex_eau_pipeline.py took 0.381 seconds
[2026-08-11T20:37:32.034+0000] {processor.py:186} INFO - Started process (PID=5772) to work on /opt/airflow/dags/flex_eau_pipeline.py
[2026-08-11T20:37:32.036+0000] {processor.py:914} INFO - Processing file /opt/airflow/dags/flex_eau_pipeline.py for tasks to queue
[2026-08-11T20:37:32.045+0000] {logging_mixin.py:190} INFO - [2026-08-11T20:37:32.044+0000] {dagbag.py:587} INFO - Filling up the DagBag from /opt/airflow/dags/flex_eau_pipeline.py
[2026-08-11T20:37:32.097+0000] {processor.py:925} INFO - DAG(s) 'flex_eau_pipeline' retrieved from /opt/airflow/dags/flex_eau_pipeline.py
[2026-08-11T20:37:32.198+0000] {logging_mixin.py:190} INFO - [2026-08-11T20:37:32.197+0000] {dag.py:3211} INFO - Sync 1 DAGs
[2026-08-11T20:37:32.266+0000] {logging_mixin.py:190} INFO - [2026-08-11T20:37:32.265+0000] {dag.py:4138} INFO - Setting next_dagrun for flex_eau_pipeline to 2026-08-11 00:00:00+00:00, run_after=2026-08-12 00:00:00+00:00
[2026-08-11T20:37:32.340+0000] {processor.py:208} INFO - Processing /opt/airflow/dags/flex_eau_pipeline.py took 0.326 seconds
[2026-08-11T20:38:02.931+0000] {processor.py:186} INFO - Started process (PID=5777) to work on /opt/airflow/dags/flex_eau_pipeline.py
[2026-08-11T20:38:02.936+0000] {processor.py:914} INFO - Processing file /opt/airflow/dags/flex_eau_pipeline.py for tasks to queue
[2026-08-11T20:38:02.939+0000] {logging_mixin.py:190} INFO - [2026-08-11T20:38:02.939+0000] {dagbag.py:587} INFO - Filling up the DagBag from /opt/airflow/dags/flex_eau_pipeline.py
[2026-08-11T20:38:03.003+0000] {processor.py:925} INFO - DAG(s) 'flex_eau_pipeline' retrieved from /opt/airflow/dags/flex_eau_pipeline.py
[2026-08-11T20:38:03.136+0000] {logging_mixin.py:190} INFO - [2026-08-11T20:38:03.135+0000] {dag.py:3211} INFO - Sync 1 DAGs
[2026-08-11T20:38:03.254+0000] {logging_mixin.py:190} INFO - [2026-08-11T20:38:03.254+0000] {dag.py:4138} INFO - Setting next_dagrun for flex_eau_pipeline to 2026-08-11 00:00:00+00:00, run_after=2026-08-12 00:00:00+00:00
[2026-08-11T20:38:03.323+0000] {processor.py:208} INFO - Processing /opt/airflow/dags/flex_eau_pipeline.py took 0.414 seconds
[2026-08-11T20:38:34.875+0000] {processor.py:186} INFO - Started process (PID=5782) to work on /opt/airflow/dags/flex_eau_pipeline.py
[2026-08-11T20:38:34.901+0000] {processor.py:914} INFO - Processing file /opt/airflow/dags/flex_eau_pipeline.py for tasks to queue
[2026-08-11T20:38:34.941+0000] {logging_mixin.py:190} INFO - [2026-08-11T20:38:34.925+0000] {dagbag.py:587} INFO - Filling up the DagBag from /opt/airflow/dags/flex_eau_pipeline.py
[2026-08-11T20:38:35.555+0000] {processor.py:925} INFO - DAG(s) 'flex_eau_pipeline' retrieved from /opt/airflow/dags/flex_eau_pipeline.py
[2026-08-11T20:38:36.622+0000] {logging_mixin.py:190} INFO - [2026-08-11T20:38:36.607+0000] {dag.py:3211} INFO - Sync 1 DAGs
[2026-08-11T20:38:37.470+0000] {logging_mixin.py:190} INFO - [2026-08-11T20:38:37.469+0000] {dag.py:4138} INFO - Setting next_dagrun for flex_eau_pipeline to 2026-08-11 00:00:00+00:00, run_after=2026-08-12 00:00:00+00:00
[2026-08-11T20:38:37.923+0000] {processor.py:208} INFO - Processing /opt/airflow/dags/flex_eau_pipeline.py took 3.208 seconds
[2026-08-11T20:39:08.990+0000] {processor.py:186} INFO - Started process (PID=5787) to work on /opt/airflow/dags/flex_eau_pipeline.py
[2026-08-11T20:39:09.020+0000] {processor.py:914} INFO - Processing file /opt/airflow/dags/flex_eau_pipeline.py for tasks to queue
[2026-08-11T20:39:09.057+0000] {logging_mixin.py:190} INFO - [2026-08-11T20:39:09.055+0000] {dagbag.py:587} INFO - Filling up the DagBag from /opt/airflow/dags/flex_eau_pipeline.py
[2026-08-11T20:39:09.528+0000] {processor.py:925} INFO - DAG(s) 'flex_eau_pipeline' retrieved from /opt/airflow/dags/flex_eau_pipeline.py
[2026-08-11T20:39:10.218+0000] {logging_mixin.py:190} INFO - [2026-08-11T20:39:10.216+0000] {dag.py:3211} INFO - Sync 1 DAGs
[2026-08-11T20:39:10.793+0000] {logging_mixin.py:190} INFO - [2026-08-11T20:39:10.779+0000] {dag.py:4138} INFO - Setting next_dagrun for flex_eau_pipeline to 2026-08-11 00:00:00+00:00, run_after=2026-08-12 00:00:00+00:00
[2026-08-11T20:39:11.187+0000] {processor.py:208} INFO - Processing /opt/airflow/dags/flex_eau_pipeline.py took 2.350 seconds
[2026-08-11T20:39:41.732+0000] {processor.py:186} INFO - Started process (PID=5792) to work on /opt/airflow/dags/flex_eau_pipeline.py
[2026-08-11T20:39:41.736+0000] {processor.py:914} INFO - Processing file /opt/airflow/dags/flex_eau_pipeline.py for tasks to queue
[2026-08-11T20:39:41.741+0000] {logging_mixin.py:190} INFO - [2026-08-11T20:39:41.740+0000] {dagbag.py:587} INFO - Filling up the DagBag from /opt/airflow/dags/flex_eau_pipeline.py
[2026-08-11T20:39:41.814+0000] {processor.py:925} INFO - DAG(s) 'flex_eau_pipeline' retrieved from /opt/airflow/dags/flex_eau_pipeline.py
[2026-08-11T20:39:41.932+0000] {logging_mixin.py:190} INFO - [2026-08-11T20:39:41.932+0000] {dag.py:3211} INFO - Sync 1 DAGs
[2026-08-11T20:39:41.968+0000] {logging_mixin.py:190} INFO - [2026-08-11T20:39:41.968+0000] {dag.py:4138} INFO - Setting next_dagrun for flex_eau_pipeline to 2026-08-11 00:00:00+00:00, run_after=2026-08-12 00:00:00+00:00
[2026-08-11T20:39:41.999+0000] {processor.py:208} INFO - Processing /opt/airflow/dags/flex_eau_pipeline.py took 0.293 seconds
[2026-08-11T20:40:12.526+0000] {processor.py:186} INFO - Started process (PID=5797) to work on /opt/airflow/dags/flex_eau_pipeline.py
[2026-08-11T20:40:12.528+0000] {processor.py:914} INFO - Processing file /opt/airflow/dags/flex_eau_pipeline.py for tasks to queue
[2026-08-11T20:40:12.534+0000] {logging_mixin.py:190} INFO - [2026-08-11T20:40:12.533+0000] {dagbag.py:587} INFO - Filling up the DagBag from /opt/airflow/dags/flex_eau_pipeline.py
[2026-08-11T20:40:12.585+0000] {processor.py:925} INFO - DAG(s) 'flex_eau_pipeline' retrieved from /opt/airflow/dags/flex_eau_pipeline.py
[2026-08-11T20:40:12.656+0000] {logging_mixin.py:190} INFO - [2026-08-11T20:40:12.655+0000] {dag.py:3211} INFO - Sync 1 DAGs
[2026-08-11T20:40:12.698+0000] {logging_mixin.py:190} INFO - [2026-08-11T20:40:12.697+0000] {dag.py:4138} INFO - Setting next_dagrun for flex_eau_pipeline to 2026-08-11 00:00:00+00:00, run_after=2026-08-12 00:00:00+00:00
[2026-08-11T20:40:12.749+0000] {processor.py:208} INFO - Processing /opt/airflow/dags/flex_eau_pipeline.py took 0.251 seconds
[2026-08-11T20:40:43.149+0000] {processor.py:186} INFO - Started process (PID=5802) to work on /opt/airflow/dags/flex_eau_pipeline.py
[2026-08-11T20:40:43.152+0000] {processor.py:914} INFO - Processing file /opt/airflow/dags/flex_eau_pipeline.py for tasks to queue
[2026-08-11T20:40:43.156+0000] {logging_mixin.py:190} INFO - [2026-08-11T20:40:43.155+0000] {dagbag.py:587} INFO - Filling up the DagBag from /opt/airflow/dags/flex_eau_pipeline.py
[2026-08-11T20:40:43.195+0000] {processor.py:925} INFO - DAG(s) 'flex_eau_pipeline' retrieved from /opt/airflow/dags/flex_eau_pipeline.py
[2026-08-11T20:40:43.265+0000] {logging_mixin.py:190} INFO - [2026-08-11T20:40:43.265+0000] {dag.py:3211} INFO - Sync 1 DAGs
[2026-08-11T20:40:43.308+0000] {logging_mixin.py:190} INFO - [2026-08-11T20:40:43.307+0000] {dag.py:4138} INFO - Setting next_dagrun for flex_eau_pipeline to 2026-08-11 00:00:00+00:00, run_after=2026-08-12 00:00:00+00:00
[2026-08-11T20:40:43.362+0000] {processor.py:208} INFO - Processing /opt/airflow/dags/flex_eau_pipeline.py took 0.229 seconds
[2026-08-11T20:41:13.772+0000] {processor.py:186} INFO - Started process (PID=5807) to work on /opt/airflow/dags/flex_eau_pipeline.py
[2026-08-11T20:41:13.775+0000] {processor.py:914} INFO - Processing file /opt/airflow/dags/flex_eau_pipeline.py for tasks to queue
[2026-08-11T20:41:13.779+0000] {logging_mixin.py:190} INFO - [2026-08-11T20:41:13.778+0000] {dagbag.py:587} INFO - Filling up the DagBag from /opt/airflow/dags/flex_eau_pipeline.py
[2026-08-11T20:41:13.856+0000] {processor.py:925} INFO - DAG(s) 'flex_eau_pipeline' retrieved from /opt/airflow/dags/flex_eau_pipeline.py
[2026-08-11T20:41:13.951+0000] {logging_mixin.py:190} INFO - [2026-08-11T20:41:13.951+0000] {dag.py:3211} INFO - Sync 1 DAGs
[2026-08-11T20:41:14.021+0000] {logging_mixin.py:190} INFO - [2026-08-11T20:41:14.020+0000] {dag.py:4138} INFO - Setting next_dagrun for flex_eau_pipeline to 2026-08-11 00:00:00+00:00, run_after=2026-08-12 00:00:00+00:00
[2026-08-11T20:41:14.061+0000] {processor.py:208} INFO - Processing /opt/airflow/dags/flex_eau_pipeline.py took 0.311 seconds
[2026-08-11T20:41:44.693+0000] {processor.py:186} INFO - Started process (PID=5812) to work on /opt/airflow/dags/flex_eau_pipeline.py
[2026-08-11T20:41:44.698+0000] {processor.py:914} INFO - Processing file /opt/airflow/dags/flex_eau_pipeline.py for tasks to queue
[2026-08-11T20:41:44.702+0000] {logging_mixin.py:190} INFO - [2026-08-11T20:41:44.701+0000] {dagbag.py:587} INFO - Filling up the DagBag from /opt/airflow/dags/flex_eau_pipeline.py
[2026-08-11T20:41:44.782+0000] {processor.py:925} INFO - DAG(s) 'flex_eau_pipeline' retrieved from /opt/airflow/dags/flex_eau_pipeline.py
[2026-08-11T20:41:44.914+0000] {logging_mixin.py:190} INFO - [2026-08-11T20:41:44.914+0000] {dag.py:3211} INFO - Sync 1 DAGs
[2026-08-11T20:41:44.967+0000] {logging_mixin.py:190} INFO - [2026-08-11T20:41:44.966+0000] {dag.py:4138} INFO - Setting next_dagrun for flex_eau_pipeline to 2026-08-11 00:00:00+00:00, run_after=2026-08-12 00:00:00+00:00
[2026-08-11T20:41:45.012+0000] {processor.py:208} INFO - Processing /opt/airflow/dags/flex_eau_pipeline.py took 0.346 seconds
[2026-08-11T20:42:15.327+0000] {processor.py:186} INFO - Started process (PID=5817) to work on /opt/airflow/dags/flex_eau_pipeline.py
[2026-08-11T20:42:15.330+0000] {processor.py:914} INFO - Processing file /opt/airflow/dags/flex_eau_pipeline.py for tasks to queue
[2026-08-11T20:42:15.334+0000] {logging_mixin.py:190} INFO - [2026-08-11T20:42:15.334+0000] {dagbag.py:587} INFO - Filling up the DagBag from /opt/airflow/dags/flex_eau_pipeline.py
[2026-08-11T20:42:15.391+0000] {processor.py:925} INFO - DAG(s) 'flex_eau_pipeline' retrieved from /opt/airflow/dags/flex_eau_pipeline.py
[2026-08-11T20:42:15.480+0000] {logging_mixin.py:190} INFO - [2026-08-11T20:42:15.479+0000] {dag.py:3211} INFO - Sync 1 DAGs
[2026-08-11T20:42:15.623+0000] {logging_mixin.py:190} INFO - [2026-08-11T20:42:15.623+0000] {dag.py:4138} INFO - Setting next_dagrun for flex_eau_pipeline to 2026-08-11 00:00:00+00:00, run_after=2026-08-12 00:00:00+00:00
[2026-08-11T20:42:15.664+0000] {processor.py:208} INFO - Processing /opt/airflow/dags/flex_eau_pipeline.py took 0.277 seconds
[2026-08-11T20:42:46.076+0000] {processor.py:186} INFO - Started process (PID=5822) to work on /opt/airflow/dags/flex_eau_pipeline.py
[2026-08-11T20:42:46.078+0000] {processor.py:914} INFO - Processing file /opt/airflow/dags/flex_eau_pipeline.py for tasks to queue
[2026-08-11T20:42:46.081+0000] {logging_mixin.py:190} INFO - [2026-08-11T20:42:46.081+0000] {dagbag.py:587} INFO - Filling up the DagBag from /opt/airflow/dags/flex_eau_pipeline.py
[2026-08-11T20:42:46.132+0000] {processor.py:925} INFO - DAG(s) 'flex_eau_pipeline' retrieved from /opt/airflow/dags/flex_eau_pipeline.py
[2026-08-11T20:42:46.216+0000] {logging_mixin.py:190} INFO - [2026-08-11T20:42:46.216+0000] {dag.py:3211} INFO - Sync 1 DAGs
[2026-08-11T20:42:46.262+0000] {logging_mixin.py:190} INFO - [2026-08-11T20:42:46.262+0000] {dag.py:4138} INFO - Setting next_dagrun for flex_eau_pipeline to 2026-08-11 00:00:00+00:00, run_after=2026-08-12 00:00:00+00:00
[2026-08-11T20:42:46.304+0000] {processor.py:208} INFO - Processing /opt/airflow/dags/flex_eau_pipeline.py took 0.248 seconds
[2026-08-11T20:43:17.015+0000] {processor.py:186} INFO - Started process (PID=5827) to work on /opt/airflow/dags/flex_eau_pipeline.py
[2026-08-11T20:43:17.017+0000] {processor.py:914} INFO - Processing file /opt/airflow/dags/flex_eau_pipeline.py for tasks to queue
[2026-08-11T20:43:17.026+0000] {logging_mixin.py:190} INFO - [2026-08-11T20:43:17.026+0000] {dagbag.py:587} INFO - Filling up the DagBag from /opt/airflow/dags/flex_eau_pipeline.py
[2026-08-11T20:43:17.086+0000] {processor.py:925} INFO - DAG(s) 'flex_eau_pipeline' retrieved from /opt/airflow/dags/flex_eau_pipeline.py
[2026-08-11T20:43:17.197+0000] {logging_mixin.py:190} INFO - [2026-08-11T20:43:17.196+0000] {dag.py:3211} INFO - Sync 1 DAGs
[2026-08-11T20:43:17.246+0000] {logging_mixin.py:190} INFO - [2026-08-11T20:43:17.246+0000] {dag.py:4138} INFO - Setting next_dagrun for flex_eau_pipeline to 2026-08-11 00:00:00+00:00, run_after=2026-08-12 00:00:00+00:00
[2026-08-11T20:43:17.292+0000] {processor.py:208} INFO - Processing /opt/airflow/dags/flex_eau_pipeline.py took 0.300 seconds
[2026-08-11T20:43:47.571+0000] {processor.py:186} INFO - Started process (PID=5832) to work on /opt/airflow/dags/flex_eau_pipeline.py
[2026-08-11T20:43:47.573+0000] {processor.py:914} INFO - Processing file /opt/airflow/dags/flex_eau_pipeline.py for tasks to queue
[2026-08-11T20:43:47.576+0000] {logging_mixin.py:190} INFO - [2026-08-11T20:43:47.575+0000] {dagbag.py:587} INFO - Filling up the DagBag from /opt/airflow/dags/flex_eau_pipeline.py
[2026-08-11T20:43:47.624+0000] {processor.py:925} INFO - DAG(s) 'flex_eau_pipeline' retrieved from /opt/airflow/dags/flex_eau_pipeline.py
[2026-08-11T20:43:47.723+0000] {logging_mixin.py:190} INFO - [2026-08-11T20:43:47.722+0000] {dag.py:3211} INFO - Sync 1 DAGs
[2026-08-11T20:43:47.810+0000] {logging_mixin.py:190} INFO - [2026-08-11T20:43:47.810+0000] {dag.py:4138} INFO - Setting next_dagrun for flex_eau_pipeline to 2026-08-11 00:00:00+00:00, run_after=2026-08-12 00:00:00+00:00
[2026-08-11T20:43:47.925+0000] {processor.py:208} INFO - Processing /opt/airflow/dags/flex_eau_pipeline.py took 0.369 seconds
[2026-08-11T20:44:18.195+0000] {processor.py:186} INFO - Started process (PID=5837) to work on /opt/airflow/dags/flex_eau_pipeline.py
[2026-08-11T20:44:18.197+0000] {processor.py:914} INFO - Processing file /opt/airflow/dags/flex_eau_pipeline.py for tasks to queue
[2026-08-11T20:44:18.200+0000] {logging_mixin.py:190} INFO - [2026-08-11T20:44:18.200+0000] {dagbag.py:587} INFO - Filling up the DagBag from /opt/airflow/dags/flex_eau_pipeline.py
[2026-08-11T20:44:18.256+0000] {processor.py:925} INFO - DAG(s) 'flex_eau_pipeline' retrieved from /opt/airflow/dags/flex_eau_pipeline.py
[2026-08-11T20:44:18.371+0000] {logging_mixin.py:190} INFO - [2026-08-11T20:44:18.370+0000] {dag.py:3211} INFO - Sync 1 DAGs
[2026-08-11T20:44:18.445+0000] {logging_mixin.py:190} INFO - [2026-08-11T20:44:18.444+0000] {dag.py:4138} INFO - Setting next_dagrun for flex_eau_pipeline to 2026-08-11 00:00:00+00:00, run_after=2026-08-12 00:00:00+00:00
[2026-08-11T20:44:18.502+0000] {processor.py:208} INFO - Processing /opt/airflow/dags/flex_eau_pipeline.py took 0.322 seconds
[2026-08-11T20:44:49.105+0000] {processor.py:186} INFO - Started process (PID=5842) to work on /opt/airflow/dags/flex_eau_pipeline.py
[2026-08-11T20:44:49.107+0000] {processor.py:914} INFO - Processing file /opt/airflow/dags/flex_eau_pipeline.py for tasks to queue
[2026-08-11T20:44:49.109+0000] {logging_mixin.py:190} INFO - [2026-08-11T20:44:49.108+0000] {dagbag.py:587} INFO - Filling up the DagBag from /opt/airflow/dags/flex_eau_pipeline.py
[2026-08-11T20:44:49.165+0000] {processor.py:925} INFO - DAG(s) 'flex_eau_pipeline' retrieved from /opt/airflow/dags/flex_eau_pipeline.py
[2026-08-11T20:44:49.248+0000] {logging_mixin.py:190} INFO - [2026-08-11T20:44:49.247+0000] {dag.py:3211} INFO - Sync 1 DAGs
[2026-08-11T20:44:49.298+0000] {logging_mixin.py:190} INFO - [2026-08-11T20:44:49.297+0000] {dag.py:4138} INFO - Setting next_dagrun for flex_eau_pipeline to 2026-08-11 00:00:00+00:00, run_after=2026-08-12 00:00:00+00:00
[2026-08-11T20:44:49.357+0000] {processor.py:208} INFO - Processing /opt/airflow/dags/flex_eau_pipeline.py took 0.263 seconds
[2026-08-11T20:45:19.700+0000] {processor.py:186} INFO - Started process (PID=5847) to work on /opt/airflow/dags/flex_eau_pipeline.py
[2026-08-11T20:45:19.704+0000] {processor.py:914} INFO - Processing file /opt/airflow/dags/flex_eau_pipeline.py for tasks to queue
[2026-08-11T20:45:19.707+0000] {logging_mixin.py:190} INFO - [2026-08-11T20:45:19.706+0000] {dagbag.py:587} INFO - Filling up the DagBag from /opt/airflow/dags/flex_eau_pipeline.py
[2026-08-11T20:45:19.757+0000] {processor.py:925} INFO - DAG(s) 'flex_eau_pipeline' retrieved from /opt/airflow/dags/flex_eau_pipeline.py
[2026-08-11T20:45:19.841+0000] {logging_mixin.py:190} INFO - [2026-08-11T20:45:19.841+0000] {dag.py:3211} INFO - Sync 1 DAGs
[2026-08-11T20:45:19.894+0000] {logging_mixin.py:190} INFO - [2026-08-11T20:45:19.894+0000] {dag.py:4138} INFO - Setting next_dagrun for flex_eau_pipeline to 2026-08-11 00:00:00+00:00, run_after=2026-08-12 00:00:00+00:00
[2026-08-11T20:45:19.978+0000] {processor.py:208} INFO - Processing /opt/airflow/dags/flex_eau_pipeline.py took 0.291 seconds
[2026-08-11T20:45:50.623+0000] {processor.py:186} INFO - Started process (PID=5852) to work on /opt/airflow/dags/flex_eau_pipeline.py
[2026-08-11T20:45:50.628+0000] {processor.py:914} INFO - Processing file /opt/airflow/dags/flex_eau_pipeline.py for tasks to queue
[2026-08-11T20:45:50.632+0000] {logging_mixin.py:190} INFO - [2026-08-11T20:45:50.631+0000] {dagbag.py:587} INFO - Filling up the DagBag from /opt/airflow/dags/flex_eau_pipeline.py
[2026-08-11T20:45:50.690+0000] {processor.py:925} INFO - DAG(s) 'flex_eau_pipeline' retrieved from /opt/airflow/dags/flex_eau_pipeline.py
[2026-08-11T20:45:50.781+0000] {logging_mixin.py:190} INFO - [2026-08-11T20:45:50.781+0000] {dag.py:3211} INFO - Sync 1 DAGs
[2026-08-11T20:45:50.839+0000] {logging_mixin.py:190} INFO - [2026-08-11T20:45:50.839+0000] {dag.py:4138} INFO - Setting next_dagrun for flex_eau_pipeline to 2026-08-11 00:00:00+00:00, run_after=2026-08-12 00:00:00+00:00
[2026-08-11T20:45:50.886+0000] {processor.py:208} INFO - Processing /opt/airflow/dags/flex_eau_pipeline.py took 0.278 seconds
[2026-08-11T20:46:21.380+0000] {processor.py:186} INFO - Started process (PID=5857) to work on /opt/airflow/dags/flex_eau_pipeline.py
[2026-08-11T20:46:21.384+0000] {processor.py:914} INFO - Processing file /opt/airflow/dags/flex_eau_pipeline.py for tasks to queue
[2026-08-11T20:46:21.389+0000] {logging_mixin.py:190} INFO - [2026-08-11T20:46:21.388+0000] {dagbag.py:587} INFO - Filling up the DagBag from /opt/airflow/dags/flex_eau_pipeline.py
[2026-08-11T20:46:21.452+0000] {processor.py:925} INFO - DAG(s) 'flex_eau_pipeline' retrieved from /opt/airflow/dags/flex_eau_pipeline.py
[2026-08-11T20:46:21.571+0000] {logging_mixin.py:190} INFO - [2026-08-11T20:46:21.571+0000] {dag.py:3211} INFO - Sync 1 DAGs
[2026-08-11T20:46:21.645+0000] {logging_mixin.py:190} INFO - [2026-08-11T20:46:21.644+0000] {dag.py:4138} INFO - Setting next_dagrun for flex_eau_pipeline to 2026-08-11 00:00:00+00:00, run_after=2026-08-12 00:00:00+00:00
[2026-08-11T20:46:21.702+0000] {processor.py:208} INFO - Processing /opt/airflow/dags/flex_eau_pipeline.py took 0.341 seconds
[2026-08-11T20:46:52.233+0000] {processor.py:186} INFO - Started process (PID=5862) to work on /opt/airflow/dags/flex_eau_pipeline.py
[2026-08-11T20:46:52.236+0000] {processor.py:914} INFO - Processing file /opt/airflow/dags/flex_eau_pipeline.py for tasks to queue
[2026-08-11T20:46:52.240+0000] {logging_mixin.py:190} INFO - [2026-08-11T20:46:52.239+0000] {dagbag.py:587} INFO - Filling up the DagBag from /opt/airflow/dags/flex_eau_pipeline.py
[2026-08-11T20:46:52.289+0000] {processor.py:925} INFO - DAG(s) 'flex_eau_pipeline' retrieved from /opt/airflow/dags/flex_eau_pipeline.py
[2026-08-11T20:46:52.366+0000] {logging_mixin.py:190} INFO - [2026-08-11T20:46:52.365+0000] {dag.py:3211} INFO - Sync 1 DAGs
[2026-08-11T20:46:52.417+0000] {logging_mixin.py:190} INFO - [2026-08-11T20:46:52.417+0000] {dag.py:4138} INFO - Setting next_dagrun for flex_eau_pipeline to 2026-08-11 00:00:00+00:00, run_after=2026-08-12 00:00:00+00:00
[2026-08-11T20:46:52.464+0000] {processor.py:208} INFO - Processing /opt/airflow/dags/flex_eau_pipeline.py took 0.250 seconds
[2026-08-11T20:47:23.007+0000] {processor.py:186} INFO - Started process (PID=5867) to work on /opt/airflow/dags/flex_eau_pipeline.py
[2026-08-11T20:47:23.010+0000] {processor.py:914} INFO - Processing file /opt/airflow/dags/flex_eau_pipeline.py for tasks to queue
[2026-08-11T20:47:23.013+0000] {logging_mixin.py:190} INFO - [2026-08-11T20:47:23.012+0000] {dagbag.py:587} INFO - Filling up the DagBag from /opt/airflow/dags/flex_eau_pipeline.py
[2026-08-11T20:47:23.060+0000] {processor.py:925} INFO - DAG(s) 'flex_eau_pipeline' retrieved from /opt/airflow/dags/flex_eau_pipeline.py
[2026-08-11T20:47:23.139+0000] {logging_mixin.py:190} INFO - [2026-08-11T20:47:23.139+0000] {dag.py:3211} INFO - Sync 1 DAGs
[2026-08-11T20:47:23.213+0000] {logging_mixin.py:190} INFO - [2026-08-11T20:47:23.212+0000] {dag.py:4138} INFO - Setting next_dagrun for flex_eau_pipeline to 2026-08-11 00:00:00+00:00, run_after=2026-08-12 00:00:00+00:00
[2026-08-11T20:47:23.261+0000] {processor.py:208} INFO - Processing /opt/airflow/dags/flex_eau_pipeline.py took 0.274 seconds
[2026-08-11T20:47:53.725+0000] {processor.py:186} INFO - Started process (PID=5872) to work on /opt/airflow/dags/flex_eau_pipeline.py
[2026-08-11T20:47:53.728+0000] {processor.py:914} INFO - Processing file /opt/airflow/dags/flex_eau_pipeline.py for tasks to queue
[2026-08-11T20:47:53.734+0000] {logging_mixin.py:190} INFO - [2026-08-11T20:47:53.733+0000] {dagbag.py:587} INFO - Filling up the DagBag from /opt/airflow/dags/flex_eau_pipeline.py
[2026-08-11T20:47:53.804+0000] {processor.py:925} INFO - DAG(s) 'flex_eau_pipeline' retrieved from /opt/airflow/dags/flex_eau_pipeline.py
[2026-08-11T20:47:53.903+0000] {logging_mixin.py:190} INFO - [2026-08-11T20:47:53.902+0000] {dag.py:3211} INFO - Sync 1 DAGs
[2026-08-11T20:47:53.968+0000] {logging_mixin.py:190} INFO - [2026-08-11T20:47:53.967+0000] {dag.py:4138} INFO - Setting next_dagrun for flex_eau_pipeline to 2026-08-11 00:00:00+00:00, run_after=2026-08-12 00:00:00+00:00
[2026-08-11T20:47:54.041+0000] {processor.py:208} INFO - Processing /opt/airflow/dags/flex_eau_pipeline.py took 0.337 seconds
[2026-08-11T20:48:24.619+0000] {processor.py:186} INFO - Started process (PID=5877) to work on /opt/airflow/dags/flex_eau_pipeline.py
[2026-08-11T20:48:24.622+0000] {processor.py:914} INFO - Processing file /opt/airflow/dags/flex_eau_pipeline.py for tasks to queue
[2026-08-11T20:48:24.625+0000] {logging_mixin.py:190} INFO - [2026-08-11T20:48:24.624+0000] {dagbag.py:587} INFO - Filling up the DagBag from /opt/airflow/dags/flex_eau_pipeline.py
[2026-08-11T20:48:24.681+0000] {processor.py:925} INFO - DAG(s) 'flex_eau_pipeline' retrieved from /opt/airflow/dags/flex_eau_pipeline.py
[2026-08-11T20:48:24.776+0000] {logging_mixin.py:190} INFO - [2026-08-11T20:48:24.776+0000] {dag.py:3211} INFO - Sync 1 DAGs
[2026-08-11T20:48:24.856+0000] {logging_mixin.py:190} INFO - [2026-08-11T20:48:24.855+0000] {dag.py:4138} INFO - Setting next_dagrun for flex_eau_pipeline to 2026-08-11 00:00:00+00:00, run_after=2026-08-12 00:00:00+00:00
[2026-08-11T20:48:24.906+0000] {processor.py:208} INFO - Processing /opt/airflow/dags/flex_eau_pipeline.py took 0.311 seconds
[2026-08-11T20:48:55.390+0000] {processor.py:186} INFO - Started process (PID=5882) to work on /opt/airflow/dags/flex_eau_pipeline.py
[2026-08-11T20:48:55.394+0000] {processor.py:914} INFO - Processing file /opt/airflow/dags/flex_eau_pipeline.py for tasks to queue
[2026-08-11T20:48:55.402+0000] {logging_mixin.py:190} INFO - [2026-08-11T20:48:55.399+0000] {dagbag.py:587} INFO - Filling up the DagBag from /opt/airflow/dags/flex_eau_pipeline.py
[2026-08-11T20:48:55.476+0000] {processor.py:925} INFO - DAG(s) 'flex_eau_pipeline' retrieved from /opt/airflow/dags/flex_eau_pipeline.py
[2026-08-11T20:48:55.593+0000] {logging_mixin.py:190} INFO - [2026-08-11T20:48:55.593+0000] {dag.py:3211} INFO - Sync 1 DAGs
[2026-08-11T20:48:55.660+0000] {logging_mixin.py:190} INFO - [2026-08-11T20:48:55.660+0000] {dag.py:4138} INFO - Setting next_dagrun for flex_eau_pipeline to 2026-08-11 00:00:00+00:00, run_after=2026-08-12 00:00:00+00:00
[2026-08-11T20:48:55.703+0000] {processor.py:208} INFO - Processing /opt/airflow/dags/flex_eau_pipeline.py took 0.328 seconds
[2026-08-11T20:49:26.325+0000] {processor.py:186} INFO - Started process (PID=5887) to work on /opt/airflow/dags/flex_eau_pipeline.py
[2026-08-11T20:49:26.327+0000] {processor.py:914} INFO - Processing file /opt/airflow/dags/flex_eau_pipeline.py for tasks to queue
[2026-08-11T20:49:26.331+0000] {logging_mixin.py:190} INFO - [2026-08-11T20:49:26.330+0000] {dagbag.py:587} INFO - Filling up the DagBag from /opt/airflow/dags/flex_eau_pipeline.py
[2026-08-11T20:49:26.370+0000] {processor.py:925} INFO - DAG(s) 'flex_eau_pipeline' retrieved from /opt/airflow/dags/flex_eau_pipeline.py
[2026-08-11T20:49:26.438+0000] {logging_mixin.py:190} INFO - [2026-08-11T20:49:26.438+0000] {dag.py:3211} INFO - Sync 1 DAGs
[2026-08-11T20:49:26.482+0000] {logging_mixin.py:190} INFO - [2026-08-11T20:49:26.481+0000] {dag.py:4138} INFO - Setting next_dagrun for flex_eau_pipeline to 2026-08-11 00:00:00+00:00, run_after=2026-08-12 00:00:00+00:00
[2026-08-11T20:49:26.521+0000] {processor.py:208} INFO - Processing /opt/airflow/dags/flex_eau_pipeline.py took 0.210 seconds
[2026-08-11T20:49:57.364+0000] {processor.py:186} INFO - Started process (PID=5892) to work on /opt/airflow/dags/flex_eau_pipeline.py
[2026-08-11T20:49:57.366+0000] {processor.py:914} INFO - Processing file /opt/airflow/dags/flex_eau_pipeline.py for tasks to queue
[2026-08-11T20:49:57.368+0000] {logging_mixin.py:190} INFO - [2026-08-11T20:49:57.368+0000] {dagbag.py:587} INFO - Filling up the DagBag from /opt/airflow/dags/flex_eau_pipeline.py
[2026-08-11T20:49:57.404+0000] {processor.py:925} INFO - DAG(s) 'flex_eau_pipeline' retrieved from /opt/airflow/dags/flex_eau_pipeline.py
[2026-08-11T20:49:57.464+0000] {logging_mixin.py:190} INFO - [2026-08-11T20:49:57.463+0000] {dag.py:3211} INFO - Sync 1 DAGs
[2026-08-11T20:49:57.503+0000] {logging_mixin.py:190} INFO - [2026-08-11T20:49:57.503+0000] {dag.py:4138} INFO - Setting next_dagrun for flex_eau_pipeline to 2026-08-11 00:00:00+00:00, run_after=2026-08-12 00:00:00+00:00
[2026-08-11T20:49:57.534+0000] {processor.py:208} INFO - Processing /opt/airflow/dags/flex_eau_pipeline.py took 0.182 seconds
[2026-08-11T20:50:28.164+0000] {processor.py:186} INFO - Started process (PID=5897) to work on /opt/airflow/dags/flex_eau_pipeline.py
[2026-08-11T20:50:28.165+0000] {processor.py:914} INFO - Processing file /opt/airflow/dags/flex_eau_pipeline.py for tasks to queue
[2026-08-11T20:50:28.167+0000] {logging_mixin.py:190} INFO - [2026-08-11T20:50:28.167+0000] {dagbag.py:587} INFO - Filling up the DagBag from /opt/airflow/dags/flex_eau_pipeline.py
[2026-08-11T20:50:28.219+0000] {processor.py:925} INFO - DAG(s) 'flex_eau_pipeline' retrieved from /opt/airflow/dags/flex_eau_pipeline.py
[2026-08-11T20:50:28.280+0000] {logging_mixin.py:190} INFO - [2026-08-11T20:50:28.280+0000] {dag.py:3211} INFO - Sync 1 DAGs
[2026-08-11T20:50:28.314+0000] {logging_mixin.py:190} INFO - [2026-08-11T20:50:28.314+0000] {dag.py:4138} INFO - Setting next_dagrun for flex_eau_pipeline to 2026-08-11 00:00:00+00:00, run_after=2026-08-12 00:00:00+00:00
[2026-08-11T20:50:28.358+0000] {processor.py:208} INFO - Processing /opt/airflow/dags/flex_eau_pipeline.py took 0.208 seconds
[2026-08-11T20:50:58.806+0000] {processor.py:186} INFO - Started process (PID=5902) to work on /opt/airflow/dags/flex_eau_pipeline.py
[2026-08-11T20:50:58.811+0000] {processor.py:914} INFO - Processing file /opt/airflow/dags/flex_eau_pipeline.py for tasks to queue
[2026-08-11T20:50:58.815+0000] {logging_mixin.py:190} INFO - [2026-08-11T20:50:58.814+0000] {dagbag.py:587} INFO - Filling up the DagBag from /opt/airflow/dags/flex_eau_pipeline.py
[2026-08-11T20:50:58.883+0000] {processor.py:925} INFO - DAG(s) 'flex_eau_pipeline' retrieved from /opt/airflow/dags/flex_eau_pipeline.py
[2026-08-11T20:50:59.030+0000] {logging_mixin.py:190} INFO - [2026-08-11T20:50:59.029+0000] {dag.py:3211} INFO - Sync 1 DAGs
[2026-08-11T20:50:59.091+0000] {logging_mixin.py:190} INFO - [2026-08-11T20:50:59.091+0000] {dag.py:4138} INFO - Setting next_dagrun for flex_eau_pipeline to 2026-08-11 00:00:00+00:00, run_after=2026-08-12 00:00:00+00:00
[2026-08-11T20:50:59.131+0000] {processor.py:208} INFO - Processing /opt/airflow/dags/flex_eau_pipeline.py took 0.351 seconds
[2026-08-11T20:51:29.847+0000] {processor.py:186} INFO - Started process (PID=5907) to work on /opt/airflow/dags/flex_eau_pipeline.py
[2026-08-11T20:51:29.848+0000] {processor.py:914} INFO - Processing file /opt/airflow/dags/flex_eau_pipeline.py for tasks to queue
[2026-08-11T20:51:29.851+0000] {logging_mixin.py:190} INFO - [2026-08-11T20:51:29.850+0000] {dagbag.py:587} INFO - Filling up the DagBag from /opt/airflow/dags/flex_eau_pipeline.py
[2026-08-11T20:51:29.919+0000] {processor.py:925} INFO - DAG(s) 'flex_eau_pipeline' retrieved from /opt/airflow/dags/flex_eau_pipeline.py
[2026-08-11T20:51:30.015+0000] {logging_mixin.py:190} INFO - [2026-08-11T20:51:30.014+0000] {dag.py:3211} INFO - Sync 1 DAGs
[2026-08-11T20:51:30.076+0000] {logging_mixin.py:190} INFO - [2026-08-11T20:51:30.075+0000] {dag.py:4138} INFO - Setting next_dagrun for flex_eau_pipeline to 2026-08-11 00:00:00+00:00, run_after=2026-08-12 00:00:00+00:00
[2026-08-11T20:51:30.125+0000] {processor.py:208} INFO - Processing /opt/airflow/dags/flex_eau_pipeline.py took 0.291 seconds
[2026-08-11T20:52:00.832+0000] {processor.py:186} INFO - Started process (PID=5912) to work on /opt/airflow/dags/flex_eau_pipeline.py
[2026-08-11T20:52:00.834+0000] {processor.py:914} INFO - Processing file /opt/airflow/dags/flex_eau_pipeline.py for tasks to queue
[2026-08-11T20:52:00.840+0000] {logging_mixin.py:190} INFO - [2026-08-11T20:52:00.838+0000] {dagbag.py:587} INFO - Filling up the DagBag from /opt/airflow/dags/flex_eau_pipeline.py
[2026-08-11T20:52:00.915+0000] {processor.py:925} INFO - DAG(s) 'flex_eau_pipeline' retrieved from /opt/airflow/dags/flex_eau_pipeline.py
[2026-08-11T20:52:01.024+0000] {logging_mixin.py:190} INFO - [2026-08-11T20:52:01.024+0000] {dag.py:3211} INFO - Sync 1 DAGs
[2026-08-11T20:52:01.091+0000] {logging_mixin.py:190} INFO - [2026-08-11T20:52:01.087+0000] {dag.py:4138} INFO - Setting next_dagrun for flex_eau_pipeline to 2026-08-11 00:00:00+00:00, run_after=2026-08-12 00:00:00+00:00
[2026-08-11T20:52:01.148+0000] {processor.py:208} INFO - Processing /opt/airflow/dags/flex_eau_pipeline.py took 0.336 seconds
[2026-08-11T20:52:31.420+0000] {processor.py:186} INFO - Started process (PID=5917) to work on /opt/airflow/dags/flex_eau_pipeline.py
[2026-08-11T20:52:31.423+0000] {processor.py:914} INFO - Processing file /opt/airflow/dags/flex_eau_pipeline.py for tasks to queue
[2026-08-11T20:52:31.426+0000] {logging_mixin.py:190} INFO - [2026-08-11T20:52:31.426+0000] {dagbag.py:587} INFO - Filling up the DagBag from /opt/airflow/dags/flex_eau_pipeline.py
[2026-08-11T20:52:31.489+0000] {processor.py:925} INFO - DAG(s) 'flex_eau_pipeline' retrieved from /opt/airflow/dags/flex_eau_pipeline.py
[2026-08-11T20:52:31.549+0000] {logging_mixin.py:190} INFO - [2026-08-11T20:52:31.549+0000] {dag.py:3211} INFO - Sync 1 DAGs
[2026-08-11T20:52:31.586+0000] {logging_mixin.py:190} INFO - [2026-08-11T20:52:31.586+0000] {dag.py:4138} INFO - Setting next_dagrun for flex_eau_pipeline to 2026-08-11 00:00:00+00:00, run_after=2026-08-12 00:00:00+00:00
[2026-08-11T20:52:31.620+0000] {processor.py:208} INFO - Processing /opt/airflow/dags/flex_eau_pipeline.py took 0.225 seconds
[2026-08-11T20:53:02.030+0000] {processor.py:186} INFO - Started process (PID=5922) to work on /opt/airflow/dags/flex_eau_pipeline.py
[2026-08-11T20:53:02.032+0000] {processor.py:914} INFO - Processing file /opt/airflow/dags/flex_eau_pipeline.py for tasks to queue
[2026-08-11T20:53:02.035+0000] {logging_mixin.py:190} INFO - [2026-08-11T20:53:02.034+0000] {dagbag.py:587} INFO - Filling up the DagBag from /opt/airflow/dags/flex_eau_pipeline.py
[2026-08-11T20:53:02.076+0000] {processor.py:925} INFO - DAG(s) 'flex_eau_pipeline' retrieved from /opt/airflow/dags/flex_eau_pipeline.py
[2026-08-11T20:53:02.130+0000] {logging_mixin.py:190} INFO - [2026-08-11T20:53:02.130+0000] {dag.py:3211} INFO - Sync 1 DAGs
[2026-08-11T20:53:02.163+0000] {logging_mixin.py:190} INFO - [2026-08-11T20:53:02.162+0000] {dag.py:4138} INFO - Setting next_dagrun for flex_eau_pipeline to 2026-08-11 00:00:00+00:00, run_after=2026-08-12 00:00:00+00:00
[2026-08-11T20:53:02.195+0000] {processor.py:208} INFO - Processing /opt/airflow/dags/flex_eau_pipeline.py took 0.182 seconds
[2026-08-11T20:53:32.915+0000] {processor.py:186} INFO - Started process (PID=5927) to work on /opt/airflow/dags/flex_eau_pipeline.py
[2026-08-11T20:53:32.918+0000] {processor.py:914} INFO - Processing file /opt/airflow/dags/flex_eau_pipeline.py for tasks to queue
[2026-08-11T20:53:32.921+0000] {logging_mixin.py:190} INFO - [2026-08-11T20:53:32.920+0000] {dagbag.py:587} INFO - Filling up the DagBag from /opt/airflow/dags/flex_eau_pipeline.py
[2026-08-11T20:53:32.963+0000] {processor.py:925} INFO - DAG(s) 'flex_eau_pipeline' retrieved from /opt/airflow/dags/flex_eau_pipeline.py
[2026-08-11T20:53:33.032+0000] {logging_mixin.py:190} INFO - [2026-08-11T20:53:33.031+0000] {dag.py:3211} INFO - Sync 1 DAGs
[2026-08-11T20:53:33.079+0000] {logging_mixin.py:190} INFO - [2026-08-11T20:53:33.079+0000] {dag.py:4138} INFO - Setting next_dagrun for flex_eau_pipeline to 2026-08-11 00:00:00+00:00, run_after=2026-08-12 00:00:00+00:00
[2026-08-11T20:53:33.130+0000] {processor.py:208} INFO - Processing /opt/airflow/dags/flex_eau_pipeline.py took 0.227 seconds
[2026-08-11T20:54:03.599+0000] {processor.py:186} INFO - Started process (PID=5932) to work on /opt/airflow/dags/flex_eau_pipeline.py
[2026-08-11T20:54:03.602+0000] {processor.py:914} INFO - Processing file /opt/airflow/dags/flex_eau_pipeline.py for tasks to queue
[2026-08-11T20:54:03.605+0000] {logging_mixin.py:190} INFO - [2026-08-11T20:54:03.604+0000] {dagbag.py:587} INFO - Filling up the DagBag from /opt/airflow/dags/flex_eau_pipeline.py
[2026-08-11T20:54:03.688+0000] {processor.py:925} INFO - DAG(s) 'flex_eau_pipeline' retrieved from /opt/airflow/dags/flex_eau_pipeline.py
[2026-08-11T20:54:03.761+0000] {logging_mixin.py:190} INFO - [2026-08-11T20:54:03.761+0000] {dag.py:3211} INFO - Sync 1 DAGs
[2026-08-11T20:54:03.815+0000] {logging_mixin.py:190} INFO - [2026-08-11T20:54:03.815+0000] {dag.py:4138} INFO - Setting next_dagrun for flex_eau_pipeline to 2026-08-11 00:00:00+00:00, run_after=2026-08-12 00:00:00+00:00
[2026-08-11T20:54:03.855+0000] {processor.py:208} INFO - Processing /opt/airflow/dags/flex_eau_pipeline.py took 0.274 seconds
[2026-08-11T20:54:34.264+0000] {processor.py:186} INFO - Started process (PID=5937) to work on /opt/airflow/dags/flex_eau_pipeline.py
[2026-08-11T20:54:34.268+0000] {processor.py:914} INFO - Processing file /opt/airflow/dags/flex_eau_pipeline.py for tasks to queue
[2026-08-11T20:54:34.272+0000] {logging_mixin.py:190} INFO - [2026-08-11T20:54:34.271+0000] {dagbag.py:587} INFO - Filling up the DagBag from /opt/airflow/dags/flex_eau_pipeline.py
[2026-08-11T20:54:34.325+0000] {processor.py:925} INFO - DAG(s) 'flex_eau_pipeline' retrieved from /opt/airflow/dags/flex_eau_pipeline.py
[2026-08-11T20:54:34.419+0000] {logging_mixin.py:190} INFO - [2026-08-11T20:54:34.418+0000] {dag.py:3211} INFO - Sync 1 DAGs
[2026-08-11T20:54:34.458+0000] {logging_mixin.py:190} INFO - [2026-08-11T20:54:34.458+0000] {dag.py:4138} INFO - Setting next_dagrun for flex_eau_pipeline to 2026-08-11 00:00:00+00:00, run_after=2026-08-12 00:00:00+00:00
[2026-08-11T20:54:34.491+0000] {processor.py:208} INFO - Processing /opt/airflow/dags/flex_eau_pipeline.py took 0.241 seconds
[2026-08-11T20:55:05.192+0000] {processor.py:186} INFO - Started process (PID=5942) to work on /opt/airflow/dags/flex_eau_pipeline.py
[2026-08-11T20:55:05.195+0000] {processor.py:914} INFO - Processing file /opt/airflow/dags/flex_eau_pipeline.py for tasks to queue
[2026-08-11T20:55:05.198+0000] {logging_mixin.py:190} INFO - [2026-08-11T20:55:05.198+0000] {dagbag.py:587} INFO - Filling up the DagBag from /opt/airflow/dags/flex_eau_pipeline.py
[2026-08-11T20:55:05.242+0000] {processor.py:925} INFO - DAG(s) 'flex_eau_pipeline' retrieved from /opt/airflow/dags/flex_eau_pipeline.py
[2026-08-11T20:55:05.323+0000] {logging_mixin.py:190} INFO - [2026-08-11T20:55:05.323+0000] {dag.py:3211} INFO - Sync 1 DAGs
[2026-08-11T20:55:05.374+0000] {logging_mixin.py:190} INFO - [2026-08-11T20:55:05.374+0000] {dag.py:4138} INFO - Setting next_dagrun for flex_eau_pipeline to 2026-08-11 00:00:00+00:00, run_after=2026-08-12 00:00:00+00:00
[2026-08-11T20:55:05.422+0000] {processor.py:208} INFO - Processing /opt/airflow/dags/flex_eau_pipeline.py took 0.244 seconds
[2026-08-11T20:55:40.644+0000] {processor.py:186} INFO - Started process (PID=5947) to work on /opt/airflow/dags/flex_eau_pipeline.py
[2026-08-11T20:55:40.697+0000] {processor.py:914} INFO - Processing file /opt/airflow/dags/flex_eau_pipeline.py for tasks to queue
[2026-08-11T20:55:40.752+0000] {logging_mixin.py:190} INFO - [2026-08-11T20:55:40.750+0000] {dagbag.py:587} INFO - Filling up the DagBag from /opt/airflow/dags/flex_eau_pipeline.py
[2026-08-11T20:55:41.497+0000] {processor.py:925} INFO - DAG(s) 'flex_eau_pipeline' retrieved from /opt/airflow/dags/flex_eau_pipeline.py
[2026-08-11T20:55:42.978+0000] {logging_mixin.py:190} INFO - [2026-08-11T20:55:42.976+0000] {dag.py:3211} INFO - Sync 1 DAGs
[2026-08-11T20:55:43.925+0000] {logging_mixin.py:190} INFO - [2026-08-11T20:55:43.925+0000] {dag.py:4138} INFO - Setting next_dagrun for flex_eau_pipeline to 2026-08-11 00:00:00+00:00, run_after=2026-08-12 00:00:00+00:00
[2026-08-11T20:55:44.525+0000] {processor.py:208} INFO - Processing /opt/airflow/dags/flex_eau_pipeline.py took 4.029 seconds
[2026-08-11T20:56:32.683+0000] {processor.py:186} INFO - Started process (PID=5952) to work on /opt/airflow/dags/flex_eau_pipeline.py
[2026-08-11T20:56:32.810+0000] {processor.py:914} INFO - Processing file /opt/airflow/dags/flex_eau_pipeline.py for tasks to queue
[2026-08-11T20:56:32.920+0000] {logging_mixin.py:190} INFO - [2026-08-11T20:56:32.913+0000] {dagbag.py:587} INFO - Filling up the DagBag from /opt/airflow/dags/flex_eau_pipeline.py
[2026-08-11T20:56:34.667+0000] {processor.py:925} INFO - DAG(s) 'flex_eau_pipeline' retrieved from /opt/airflow/dags/flex_eau_pipeline.py
[2026-08-11T20:56:36.344+0000] {logging_mixin.py:190} INFO - [2026-08-11T20:56:36.334+0000] {dag.py:3211} INFO - Sync 1 DAGs
[2026-08-11T20:56:37.417+0000] {logging_mixin.py:190} INFO - [2026-08-11T20:56:37.406+0000] {dag.py:4138} INFO - Setting next_dagrun for flex_eau_pipeline to 2026-08-11 00:00:00+00:00, run_after=2026-08-12 00:00:00+00:00
[2026-08-11T20:56:38.297+0000] {processor.py:208} INFO - Processing /opt/airflow/dags/flex_eau_pipeline.py took 6.132 seconds
[2026-08-11T20:57:08.758+0000] {processor.py:186} INFO - Started process (PID=5957) to work on /opt/airflow/dags/flex_eau_pipeline.py
[2026-08-11T20:57:08.760+0000] {processor.py:914} INFO - Processing file /opt/airflow/dags/flex_eau_pipeline.py for tasks to queue
[2026-08-11T20:57:08.763+0000] {logging_mixin.py:190} INFO - [2026-08-11T20:57:08.762+0000] {dagbag.py:587} INFO - Filling up the DagBag from /opt/airflow/dags/flex_eau_pipeline.py
[2026-08-11T20:57:08.796+0000] {processor.py:925} INFO - DAG(s) 'flex_eau_pipeline' retrieved from /opt/airflow/dags/flex_eau_pipeline.py
[2026-08-11T20:57:08.863+0000] {logging_mixin.py:190} INFO - [2026-08-11T20:57:08.862+0000] {dag.py:3211} INFO - Sync 1 DAGs
[2026-08-11T20:57:08.907+0000] {logging_mixin.py:190} INFO - [2026-08-11T20:57:08.906+0000] {dag.py:4138} INFO - Setting next_dagrun for flex_eau_pipeline to 2026-08-11 00:00:00+00:00, run_after=2026-08-12 00:00:00+00:00
[2026-08-11T20:57:08.946+0000] {processor.py:208} INFO - Processing /opt/airflow/dags/flex_eau_pipeline.py took 0.201 seconds
[2026-08-11T20:57:39.600+0000] {processor.py:186} INFO - Started process (PID=5962) to work on /opt/airflow/dags/flex_eau_pipeline.py
[2026-08-11T20:57:39.603+0000] {processor.py:914} INFO - Processing file /opt/airflow/dags/flex_eau_pipeline.py for tasks to queue
[2026-08-11T20:57:39.606+0000] {logging_mixin.py:190} INFO - [2026-08-11T20:57:39.605+0000] {dagbag.py:587} INFO - Filling up the DagBag from /opt/airflow/dags/flex_eau_pipeline.py
[2026-08-11T20:57:39.676+0000] {processor.py:925} INFO - DAG(s) 'flex_eau_pipeline' retrieved from /opt/airflow/dags/flex_eau_pipeline.py
[2026-08-11T20:57:39.757+0000] {logging_mixin.py:190} INFO - [2026-08-11T20:57:39.757+0000] {dag.py:3211} INFO - Sync 1 DAGs
[2026-08-11T20:57:39.822+0000] {logging_mixin.py:190} INFO - [2026-08-11T20:57:39.821+0000] {dag.py:4138} INFO - Setting next_dagrun for flex_eau_pipeline to 2026-08-11 00:00:00+00:00, run_after=2026-08-12 00:00:00+00:00
[2026-08-11T20:57:39.865+0000] {processor.py:208} INFO - Processing /opt/airflow/dags/flex_eau_pipeline.py took 0.281 seconds
[2026-08-11T20:58:10.352+0000] {processor.py:186} INFO - Started process (PID=5967) to work on /opt/airflow/dags/flex_eau_pipeline.py
[2026-08-11T20:58:10.355+0000] {processor.py:914} INFO - Processing file /opt/airflow/dags/flex_eau_pipeline.py for tasks to queue
[2026-08-11T20:58:10.360+0000] {logging_mixin.py:190} INFO - [2026-08-11T20:58:10.359+0000] {dagbag.py:587} INFO - Filling up the DagBag from /opt/airflow/dags/flex_eau_pipeline.py
[2026-08-11T20:58:10.436+0000] {processor.py:925} INFO - DAG(s) 'flex_eau_pipeline' retrieved from /opt/airflow/dags/flex_eau_pipeline.py
[2026-08-11T20:58:10.517+0000] {logging_mixin.py:190} INFO - [2026-08-11T20:58:10.517+0000] {dag.py:3211} INFO - Sync 1 DAGs
[2026-08-11T20:58:10.551+0000] {logging_mixin.py:190} INFO - [2026-08-11T20:58:10.550+0000] {dag.py:4138} INFO - Setting next_dagrun for flex_eau_pipeline to 2026-08-11 00:00:00+00:00, run_after=2026-08-12 00:00:00+00:00
[2026-08-11T20:58:10.581+0000] {processor.py:208} INFO - Processing /opt/airflow/dags/flex_eau_pipeline.py took 0.254 seconds
[2026-08-11T20:58:41.173+0000] {processor.py:186} INFO - Started process (PID=5972) to work on /opt/airflow/dags/flex_eau_pipeline.py
[2026-08-11T20:58:41.175+0000] {processor.py:914} INFO - Processing file /opt/airflow/dags/flex_eau_pipeline.py for tasks to queue
[2026-08-11T20:58:41.178+0000] {logging_mixin.py:190} INFO - [2026-08-11T20:58:41.178+0000] {dagbag.py:587} INFO - Filling up the DagBag from /opt/airflow/dags/flex_eau_pipeline.py
[2026-08-11T20:58:41.225+0000] {processor.py:925} INFO - DAG(s) 'flex_eau_pipeline' retrieved from /opt/airflow/dags/flex_eau_pipeline.py
[2026-08-11T20:58:41.301+0000] {logging_mixin.py:190} INFO - [2026-08-11T20:58:41.300+0000] {dag.py:3211} INFO - Sync 1 DAGs
[2026-08-11T20:58:41.350+0000] {logging_mixin.py:190} INFO - [2026-08-11T20:58:41.349+0000] {dag.py:4138} INFO - Setting next_dagrun for flex_eau_pipeline to 2026-08-11 00:00:00+00:00, run_after=2026-08-12 00:00:00+00:00
[2026-08-11T20:58:41.388+0000] {processor.py:208} INFO - Processing /opt/airflow/dags/flex_eau_pipeline.py took 0.231 seconds
[2026-08-11T20:59:13.580+0000] {processor.py:186} INFO - Started process (PID=5977) to work on /opt/airflow/dags/flex_eau_pipeline.py
[2026-08-11T20:59:13.616+0000] {processor.py:914} INFO - Processing file /opt/airflow/dags/flex_eau_pipeline.py for tasks to queue
[2026-08-11T20:59:13.653+0000] {logging_mixin.py:190} INFO - [2026-08-11T20:59:13.652+0000] {dagbag.py:587} INFO - Filling up the DagBag from /opt/airflow/dags/flex_eau_pipeline.py
[2026-08-11T20:59:14.853+0000] {processor.py:925} INFO - DAG(s) 'flex_eau_pipeline' retrieved from /opt/airflow/dags/flex_eau_pipeline.py
[2026-08-11T20:59:17.890+0000] {logging_mixin.py:190} INFO - [2026-08-11T20:59:17.881+0000] {dag.py:3211} INFO - Sync 1 DAGs
[2026-08-11T20:59:18.893+0000] {logging_mixin.py:190} INFO - [2026-08-11T20:59:18.892+0000] {dag.py:4138} INFO - Setting next_dagrun for flex_eau_pipeline to 2026-08-11 00:00:00+00:00, run_after=2026-08-12 00:00:00+00:00
[2026-08-11T20:59:20.603+0000] {processor.py:208} INFO - Processing /opt/airflow/dags/flex_eau_pipeline.py took 7.210 seconds
[2026-08-11T21:00:03.257+0000] {processor.py:186} INFO - Started process (PID=5982) to work on /opt/airflow/dags/flex_eau_pipeline.py
[2026-08-11T21:00:04.542+0000] {processor.py:914} INFO - Processing file /opt/airflow/dags/flex_eau_pipeline.py for tasks to queue
[2026-08-11T21:00:04.610+0000] {logging_mixin.py:190} INFO - [2026-08-11T21:00:04.607+0000] {dagbag.py:587} INFO - Filling up the DagBag from /opt/airflow/dags/flex_eau_pipeline.py
[2026-08-11T21:00:05.601+0000] {processor.py:925} INFO - DAG(s) 'flex_eau_pipeline' retrieved from /opt/airflow/dags/flex_eau_pipeline.py
[2026-08-11T21:00:06.937+0000] {logging_mixin.py:190} INFO - [2026-08-11T21:00:06.937+0000] {dag.py:3211} INFO - Sync 1 DAGs
[2026-08-11T21:00:08.895+0000] {logging_mixin.py:190} INFO - [2026-08-11T21:00:08.892+0000] {dag.py:4138} INFO - Setting next_dagrun for flex_eau_pipeline to 2026-08-11 00:00:00+00:00, run_after=2026-08-12 00:00:00+00:00
[2026-08-11T21:00:09.704+0000] {processor.py:208} INFO - Processing /opt/airflow/dags/flex_eau_pipeline.py took 6.703 seconds
[2026-08-11T21:00:45.410+0000] {processor.py:186} INFO - Started process (PID=5987) to work on /opt/airflow/dags/flex_eau_pipeline.py
[2026-08-11T21:00:45.889+0000] {processor.py:914} INFO - Processing file /opt/airflow/dags/flex_eau_pipeline.py for tasks to queue
[2026-08-11T21:00:45.966+0000] {logging_mixin.py:190} INFO - [2026-08-11T21:00:45.955+0000] {dagbag.py:587} INFO - Filling up the DagBag from /opt/airflow/dags/flex_eau_pipeline.py
[2026-08-11T21:00:49.106+0000] {processor.py:925} INFO - DAG(s) 'flex_eau_pipeline' retrieved from /opt/airflow/dags/flex_eau_pipeline.py
[2026-08-11T21:00:51.033+0000] {logging_mixin.py:190} INFO - [2026-08-11T21:00:51.018+0000] {dag.py:3211} INFO - Sync 1 DAGs
[2026-08-11T21:00:52.098+0000] {logging_mixin.py:190} INFO - [2026-08-11T21:00:52.094+0000] {dag.py:4138} INFO - Setting next_dagrun for flex_eau_pipeline to 2026-08-11 00:00:00+00:00, run_after=2026-08-12 00:00:00+00:00
[2026-08-11T21:00:53.841+0000] {processor.py:208} INFO - Processing /opt/airflow/dags/flex_eau_pipeline.py took 8.719 seconds
[2026-08-11T21:02:11.382+0000] {processor.py:186} INFO - Started process (PID=5992) to work on /opt/airflow/dags/flex_eau_pipeline.py
[2026-08-11T21:02:11.665+0000] {processor.py:914} INFO - Processing file /opt/airflow/dags/flex_eau_pipeline.py for tasks to queue
[2026-08-11T21:02:12.450+0000] {logging_mixin.py:190} INFO - [2026-08-11T21:02:12.434+0000] {dagbag.py:587} INFO - Filling up the DagBag from /opt/airflow/dags/flex_eau_pipeline.py
[2026-08-11T21:02:32.232+0000] {processor.py:925} INFO - DAG(s) 'flex_eau_pipeline' retrieved from /opt/airflow/dags/flex_eau_pipeline.py
[2026-08-11T21:02:33.660+0000] {logging_mixin.py:190} INFO - [2026-08-11T21:02:33.657+0000] {dag.py:3211} INFO - Sync 1 DAGs
[2026-08-11T21:02:34.599+0000] {logging_mixin.py:190} INFO - [2026-08-11T21:02:34.585+0000] {dag.py:4138} INFO - Setting next_dagrun for flex_eau_pipeline to 2026-08-11 00:00:00+00:00, run_after=2026-08-12 00:00:00+00:00
[2026-08-11T21:02:35.443+0000] {processor.py:208} INFO - Processing /opt/airflow/dags/flex_eau_pipeline.py took 24.311 seconds
[2026-08-11T21:03:11.961+0000] {processor.py:186} INFO - Started process (PID=5997) to work on /opt/airflow/dags/flex_eau_pipeline.py
[2026-08-11T21:03:13.502+0000] {processor.py:914} INFO - Processing file /opt/airflow/dags/flex_eau_pipeline.py for tasks to queue
[2026-08-11T21:03:13.744+0000] {logging_mixin.py:190} INFO - [2026-08-11T21:03:13.733+0000] {dagbag.py:587} INFO - Filling up the DagBag from /opt/airflow/dags/flex_eau_pipeline.py
[2026-08-11T21:03:21.819+0000] {processor.py:925} INFO - DAG(s) 'flex_eau_pipeline' retrieved from /opt/airflow/dags/flex_eau_pipeline.py
[2026-08-11T21:03:27.992+0000] {logging_mixin.py:190} INFO - [2026-08-11T21:03:27.988+0000] {dag.py:3211} INFO - Sync 1 DAGs
[2026-08-11T21:03:29.053+0000] {logging_mixin.py:190} INFO - [2026-08-11T21:03:29.052+0000] {dag.py:4138} INFO - Setting next_dagrun for flex_eau_pipeline to 2026-08-11 00:00:00+00:00, run_after=2026-08-12 00:00:00+00:00
[2026-08-11T21:03:31.071+0000] {processor.py:208} INFO - Processing /opt/airflow/dags/flex_eau_pipeline.py took 19.504 seconds
[2026-08-11T21:04:09.612+0000] {processor.py:186} INFO - Started process (PID=6002) to work on /opt/airflow/dags/flex_eau_pipeline.py
[2026-08-11T21:04:09.743+0000] {processor.py:914} INFO - Processing file /opt/airflow/dags/flex_eau_pipeline.py for tasks to queue
[2026-08-11T21:04:10.162+0000] {logging_mixin.py:190} INFO - [2026-08-11T21:04:10.141+0000] {dagbag.py:587} INFO - Filling up the DagBag from /opt/airflow/dags/flex_eau_pipeline.py
[2026-08-11T21:04:15.736+0000] {processor.py:925} INFO - DAG(s) 'flex_eau_pipeline' retrieved from /opt/airflow/dags/flex_eau_pipeline.py
[2026-08-11T21:04:17.573+0000] {logging_mixin.py:190} INFO - [2026-08-11T21:04:17.568+0000] {dag.py:3211} INFO - Sync 1 DAGs
[2026-08-11T21:04:18.703+0000] {logging_mixin.py:190} INFO - [2026-08-11T21:04:18.700+0000] {dag.py:4138} INFO - Setting next_dagrun for flex_eau_pipeline to 2026-08-11 00:00:00+00:00, run_after=2026-08-12 00:00:00+00:00
[2026-08-11T21:04:19.667+0000] {processor.py:208} INFO - Processing /opt/airflow/dags/flex_eau_pipeline.py took 9.979 seconds
[2026-08-11T21:04:52.216+0000] {processor.py:186} INFO - Started process (PID=6007) to work on /opt/airflow/dags/flex_eau_pipeline.py
[2026-08-11T21:04:52.301+0000] {processor.py:914} INFO - Processing file /opt/airflow/dags/flex_eau_pipeline.py for tasks to queue
[2026-08-11T21:04:52.374+0000] {logging_mixin.py:190} INFO - [2026-08-11T21:04:52.371+0000] {dagbag.py:587} INFO - Filling up the DagBag from /opt/airflow/dags/flex_eau_pipeline.py
[2026-08-11T21:04:53.371+0000] {processor.py:925} INFO - DAG(s) 'flex_eau_pipeline' retrieved from /opt/airflow/dags/flex_eau_pipeline.py
[2026-08-11T21:04:55.437+0000] {logging_mixin.py:190} INFO - [2026-08-11T21:04:55.433+0000] {dag.py:3211} INFO - Sync 1 DAGs
[2026-08-11T21:04:56.478+0000] {logging_mixin.py:190} INFO - [2026-08-11T21:04:56.477+0000] {dag.py:4138} INFO - Setting next_dagrun for flex_eau_pipeline to 2026-08-11 00:00:00+00:00, run_after=2026-08-12 00:00:00+00:00
[2026-08-11T21:04:57.870+0000] {processor.py:208} INFO - Processing /opt/airflow/dags/flex_eau_pipeline.py took 5.982 seconds
[2026-08-11T21:05:35.839+0000] {processor.py:186} INFO - Started process (PID=6012) to work on /opt/airflow/dags/flex_eau_pipeline.py
[2026-08-11T21:05:35.889+0000] {processor.py:914} INFO - Processing file /opt/airflow/dags/flex_eau_pipeline.py for tasks to queue
[2026-08-11T21:05:35.951+0000] {logging_mixin.py:190} INFO - [2026-08-11T21:05:35.937+0000] {dagbag.py:587} INFO - Filling up the DagBag from /opt/airflow/dags/flex_eau_pipeline.py
[2026-08-11T21:05:37.013+0000] {processor.py:925} INFO - DAG(s) 'flex_eau_pipeline' retrieved from /opt/airflow/dags/flex_eau_pipeline.py
[2026-08-11T21:05:38.541+0000] {logging_mixin.py:190} INFO - [2026-08-11T21:05:38.538+0000] {dag.py:3211} INFO - Sync 1 DAGs
[2026-08-11T21:05:39.548+0000] {logging_mixin.py:190} INFO - [2026-08-11T21:05:39.544+0000] {dag.py:4138} INFO - Setting next_dagrun for flex_eau_pipeline to 2026-08-11 00:00:00+00:00, run_after=2026-08-12 00:00:00+00:00
[2026-08-11T21:05:41.122+0000] {processor.py:208} INFO - Processing /opt/airflow/dags/flex_eau_pipeline.py took 5.552 seconds
[2026-08-11T21:06:18.392+0000] {processor.py:186} INFO - Started process (PID=6017) to work on /opt/airflow/dags/flex_eau_pipeline.py
[2026-08-11T21:06:18.420+0000] {processor.py:914} INFO - Processing file /opt/airflow/dags/flex_eau_pipeline.py for tasks to queue
[2026-08-11T21:06:18.477+0000] {logging_mixin.py:190} INFO - [2026-08-11T21:06:18.462+0000] {dagbag.py:587} INFO - Filling up the DagBag from /opt/airflow/dags/flex_eau_pipeline.py
[2026-08-11T21:06:22.402+0000] {processor.py:925} INFO - DAG(s) 'flex_eau_pipeline' retrieved from /opt/airflow/dags/flex_eau_pipeline.py
[2026-08-11T21:06:24.046+0000] {logging_mixin.py:190} INFO - [2026-08-11T21:06:24.031+0000] {dag.py:3211} INFO - Sync 1 DAGs
[2026-08-11T21:06:25.284+0000] {logging_mixin.py:190} INFO - [2026-08-11T21:06:25.281+0000] {dag.py:4138} INFO - Setting next_dagrun for flex_eau_pipeline to 2026-08-11 00:00:00+00:00, run_after=2026-08-12 00:00:00+00:00
[2026-08-11T21:06:30.547+0000] {processor.py:208} INFO - Processing /opt/airflow/dags/flex_eau_pipeline.py took 12.422 seconds
[2026-08-11T21:07:03.617+0000] {processor.py:186} INFO - Started process (PID=6022) to work on /opt/airflow/dags/flex_eau_pipeline.py
[2026-08-11T21:07:03.719+0000] {processor.py:914} INFO - Processing file /opt/airflow/dags/flex_eau_pipeline.py for tasks to queue
[2026-08-11T21:07:03.809+0000] {logging_mixin.py:190} INFO - [2026-08-11T21:07:03.804+0000] {dagbag.py:587} INFO - Filling up the DagBag from /opt/airflow/dags/flex_eau_pipeline.py
[2026-08-11T21:07:05.727+0000] {processor.py:925} INFO - DAG(s) 'flex_eau_pipeline' retrieved from /opt/airflow/dags/flex_eau_pipeline.py
[2026-08-11T21:07:07.338+0000] {logging_mixin.py:190} INFO - [2026-08-11T21:07:07.334+0000] {dag.py:3211} INFO - Sync 1 DAGs
[2026-08-11T21:07:10.173+0000] {logging_mixin.py:190} INFO - [2026-08-11T21:07:10.158+0000] {dag.py:4138} INFO - Setting next_dagrun for flex_eau_pipeline to 2026-08-11 00:00:00+00:00, run_after=2026-08-12 00:00:00+00:00
[2026-08-11T21:07:11.986+0000] {processor.py:208} INFO - Processing /opt/airflow/dags/flex_eau_pipeline.py took 8.699 seconds
[2026-08-11T21:07:44.783+0000] {processor.py:186} INFO - Started process (PID=6027) to work on /opt/airflow/dags/flex_eau_pipeline.py
[2026-08-11T21:07:44.895+0000] {processor.py:914} INFO - Processing file /opt/airflow/dags/flex_eau_pipeline.py for tasks to queue
[2026-08-11T21:07:45.009+0000] {logging_mixin.py:190} INFO - [2026-08-11T21:07:44.975+0000] {dagbag.py:587} INFO - Filling up the DagBag from /opt/airflow/dags/flex_eau_pipeline.py
[2026-08-11T21:07:46.015+0000] {processor.py:925} INFO - DAG(s) 'flex_eau_pipeline' retrieved from /opt/airflow/dags/flex_eau_pipeline.py
[2026-08-11T21:07:48.571+0000] {logging_mixin.py:190} INFO - [2026-08-11T21:07:48.568+0000] {dag.py:3211} INFO - Sync 1 DAGs
[2026-08-11T21:07:51.371+0000] {logging_mixin.py:190} INFO - [2026-08-11T21:07:51.357+0000] {dag.py:4138} INFO - Setting next_dagrun for flex_eau_pipeline to 2026-08-11 00:00:00+00:00, run_after=2026-08-12 00:00:00+00:00
[2026-08-11T21:07:52.339+0000] {processor.py:208} INFO - Processing /opt/airflow/dags/flex_eau_pipeline.py took 7.880 seconds
[2026-08-11T21:08:22.894+0000] {processor.py:186} INFO - Started process (PID=6032) to work on /opt/airflow/dags/flex_eau_pipeline.py
[2026-08-11T21:08:22.896+0000] {processor.py:914} INFO - Processing file /opt/airflow/dags/flex_eau_pipeline.py for tasks to queue
[2026-08-11T21:08:22.898+0000] {logging_mixin.py:190} INFO - [2026-08-11T21:08:22.898+0000] {dagbag.py:587} INFO - Filling up the DagBag from /opt/airflow/dags/flex_eau_pipeline.py
[2026-08-11T21:08:22.952+0000] {processor.py:925} INFO - DAG(s) 'flex_eau_pipeline' retrieved from /opt/airflow/dags/flex_eau_pipeline.py
[2026-08-11T21:08:23.037+0000] {logging_mixin.py:190} INFO - [2026-08-11T21:08:23.037+0000] {dag.py:3211} INFO - Sync 1 DAGs
[2026-08-11T21:08:23.078+0000] {logging_mixin.py:190} INFO - [2026-08-11T21:08:23.077+0000] {dag.py:4138} INFO - Setting next_dagrun for flex_eau_pipeline to 2026-08-11 00:00:00+00:00, run_after=2026-08-12 00:00:00+00:00
[2026-08-11T21:08:23.130+0000] {processor.py:208} INFO - Processing /opt/airflow/dags/flex_eau_pipeline.py took 0.248 seconds
[2026-08-11T21:08:53.623+0000] {processor.py:186} INFO - Started process (PID=6037) to work on /opt/airflow/dags/flex_eau_pipeline.py
[2026-08-11T21:08:53.625+0000] {processor.py:914} INFO - Processing file /opt/airflow/dags/flex_eau_pipeline.py for tasks to queue
[2026-08-11T21:08:53.627+0000] {logging_mixin.py:190} INFO - [2026-08-11T21:08:53.627+0000] {dagbag.py:587} INFO - Filling up the DagBag from /opt/airflow/dags/flex_eau_pipeline.py
[2026-08-11T21:08:53.658+0000] {processor.py:925} INFO - DAG(s) 'flex_eau_pipeline' retrieved from /opt/airflow/dags/flex_eau_pipeline.py
[2026-08-11T21:08:53.714+0000] {logging_mixin.py:190} INFO - [2026-08-11T21:08:53.714+0000] {dag.py:3211} INFO - Sync 1 DAGs
[2026-08-11T21:08:53.744+0000] {logging_mixin.py:190} INFO - [2026-08-11T21:08:53.744+0000] {dag.py:4138} INFO - Setting next_dagrun for flex_eau_pipeline to 2026-08-11 00:00:00+00:00, run_after=2026-08-12 00:00:00+00:00
[2026-08-11T21:08:53.775+0000] {processor.py:208} INFO - Processing /opt/airflow/dags/flex_eau_pipeline.py took 0.165 seconds
[2026-08-11T21:09:24.320+0000] {processor.py:186} INFO - Started process (PID=6042) to work on /opt/airflow/dags/flex_eau_pipeline.py
[2026-08-11T21:09:24.323+0000] {processor.py:914} INFO - Processing file /opt/airflow/dags/flex_eau_pipeline.py for tasks to queue
[2026-08-11T21:09:24.327+0000] {logging_mixin.py:190} INFO - [2026-08-11T21:09:24.326+0000] {dagbag.py:587} INFO - Filling up the DagBag from /opt/airflow/dags/flex_eau_pipeline.py
[2026-08-11T21:09:24.371+0000] {processor.py:925} INFO - DAG(s) 'flex_eau_pipeline' retrieved from /opt/airflow/dags/flex_eau_pipeline.py
[2026-08-11T21:09:24.428+0000] {logging_mixin.py:190} INFO - [2026-08-11T21:09:24.428+0000] {dag.py:3211} INFO - Sync 1 DAGs
[2026-08-11T21:09:24.469+0000] {logging_mixin.py:190} INFO - [2026-08-11T21:09:24.468+0000] {dag.py:4138} INFO - Setting next_dagrun for flex_eau_pipeline to 2026-08-11 00:00:00+00:00, run_after=2026-08-12 00:00:00+00:00
[2026-08-11T21:09:24.515+0000] {processor.py:208} INFO - Processing /opt/airflow/dags/flex_eau_pipeline.py took 0.213 seconds
[2026-08-11T21:09:55.017+0000] {processor.py:186} INFO - Started process (PID=6047) to work on /opt/airflow/dags/flex_eau_pipeline.py
[2026-08-11T21:09:55.020+0000] {processor.py:914} INFO - Processing file /opt/airflow/dags/flex_eau_pipeline.py for tasks to queue
[2026-08-11T21:09:55.022+0000] {logging_mixin.py:190} INFO - [2026-08-11T21:09:55.021+0000] {dagbag.py:587} INFO - Filling up the DagBag from /opt/airflow/dags/flex_eau_pipeline.py
[2026-08-11T21:09:55.058+0000] {processor.py:925} INFO - DAG(s) 'flex_eau_pipeline' retrieved from /opt/airflow/dags/flex_eau_pipeline.py
[2026-08-11T21:09:55.124+0000] {logging_mixin.py:190} INFO - [2026-08-11T21:09:55.124+0000] {dag.py:3211} INFO - Sync 1 DAGs
[2026-08-11T21:09:55.164+0000] {logging_mixin.py:190} INFO - [2026-08-11T21:09:55.164+0000] {dag.py:4138} INFO - Setting next_dagrun for flex_eau_pipeline to 2026-08-11 00:00:00+00:00, run_after=2026-08-12 00:00:00+00:00
[2026-08-11T21:09:55.196+0000] {processor.py:208} INFO - Processing /opt/airflow/dags/flex_eau_pipeline.py took 0.189 seconds
[2026-08-11T21:10:25.326+0000] {processor.py:186} INFO - Started process (PID=6052) to work on /opt/airflow/dags/flex_eau_pipeline.py
[2026-08-11T21:10:25.329+0000] {processor.py:914} INFO - Processing file /opt/airflow/dags/flex_eau_pipeline.py for tasks to queue
[2026-08-11T21:10:25.334+0000] {logging_mixin.py:190} INFO - [2026-08-11T21:10:25.333+0000] {dagbag.py:587} INFO - Filling up the DagBag from /opt/airflow/dags/flex_eau_pipeline.py
[2026-08-11T21:10:25.396+0000] {processor.py:925} INFO - DAG(s) 'flex_eau_pipeline' retrieved from /opt/airflow/dags/flex_eau_pipeline.py
[2026-08-11T21:10:25.474+0000] {logging_mixin.py:190} INFO - [2026-08-11T21:10:25.474+0000] {dag.py:3211} INFO - Sync 1 DAGs
[2026-08-11T21:10:25.526+0000] {logging_mixin.py:190} INFO - [2026-08-11T21:10:25.525+0000] {dag.py:4138} INFO - Setting next_dagrun for flex_eau_pipeline to 2026-08-11 00:00:00+00:00, run_after=2026-08-12 00:00:00+00:00
[2026-08-11T21:10:25.578+0000] {processor.py:208} INFO - Processing /opt/airflow/dags/flex_eau_pipeline.py took 0.274 seconds
[2026-08-11T21:10:56.235+0000] {processor.py:186} INFO - Started process (PID=6057) to work on /opt/airflow/dags/flex_eau_pipeline.py
[2026-08-11T21:10:56.237+0000] {processor.py:914} INFO - Processing file /opt/airflow/dags/flex_eau_pipeline.py for tasks to queue
[2026-08-11T21:10:56.240+0000] {logging_mixin.py:190} INFO - [2026-08-11T21:10:56.239+0000] {dagbag.py:587} INFO - Filling up the DagBag from /opt/airflow/dags/flex_eau_pipeline.py
[2026-08-11T21:10:56.275+0000] {processor.py:925} INFO - DAG(s) 'flex_eau_pipeline' retrieved from /opt/airflow/dags/flex_eau_pipeline.py
[2026-08-11T21:10:56.332+0000] {logging_mixin.py:190} INFO - [2026-08-11T21:10:56.331+0000] {dag.py:3211} INFO - Sync 1 DAGs
[2026-08-11T21:10:56.372+0000] {logging_mixin.py:190} INFO - [2026-08-11T21:10:56.372+0000] {dag.py:4138} INFO - Setting next_dagrun for flex_eau_pipeline to 2026-08-11 00:00:00+00:00, run_after=2026-08-12 00:00:00+00:00
[2026-08-11T21:10:56.416+0000] {processor.py:208} INFO - Processing /opt/airflow/dags/flex_eau_pipeline.py took 0.207 seconds
[2026-08-11T21:11:26.891+0000] {processor.py:186} INFO - Started process (PID=6062) to work on /opt/airflow/dags/flex_eau_pipeline.py
[2026-08-11T21:11:26.893+0000] {processor.py:914} INFO - Processing file /opt/airflow/dags/flex_eau_pipeline.py for tasks to queue
[2026-08-11T21:11:26.897+0000] {logging_mixin.py:190} INFO - [2026-08-11T21:11:26.896+0000] {dagbag.py:587} INFO - Filling up the DagBag from /opt/airflow/dags/flex_eau_pipeline.py
[2026-08-11T21:11:26.929+0000] {processor.py:925} INFO - DAG(s) 'flex_eau_pipeline' retrieved from /opt/airflow/dags/flex_eau_pipeline.py
[2026-08-11T21:11:26.987+0000] {logging_mixin.py:190} INFO - [2026-08-11T21:11:26.986+0000] {dag.py:3211} INFO - Sync 1 DAGs
[2026-08-11T21:11:27.020+0000] {logging_mixin.py:190} INFO - [2026-08-11T21:11:27.020+0000] {dag.py:4138} INFO - Setting next_dagrun for flex_eau_pipeline to 2026-08-11 00:00:00+00:00, run_after=2026-08-12 00:00:00+00:00
[2026-08-11T21:11:27.058+0000] {processor.py:208} INFO - Processing /opt/airflow/dags/flex_eau_pipeline.py took 0.179 seconds
[2026-08-11T21:11:57.714+0000] {processor.py:186} INFO - Started process (PID=6067) to work on /opt/airflow/dags/flex_eau_pipeline.py
[2026-08-11T21:11:57.716+0000] {processor.py:914} INFO - Processing file /opt/airflow/dags/flex_eau_pipeline.py for tasks to queue
[2026-08-11T21:11:57.719+0000] {logging_mixin.py:190} INFO - [2026-08-11T21:11:57.718+0000] {dagbag.py:587} INFO - Filling up the DagBag from /opt/airflow/dags/flex_eau_pipeline.py
[2026-08-11T21:11:57.754+0000] {processor.py:925} INFO - DAG(s) 'flex_eau_pipeline' retrieved from /opt/airflow/dags/flex_eau_pipeline.py
[2026-08-11T21:11:57.812+0000] {logging_mixin.py:190} INFO - [2026-08-11T21:11:57.812+0000] {dag.py:3211} INFO - Sync 1 DAGs
[2026-08-11T21:11:57.861+0000] {logging_mixin.py:190} INFO - [2026-08-11T21:11:57.861+0000] {dag.py:4138} INFO - Setting next_dagrun for flex_eau_pipeline to 2026-08-11 00:00:00+00:00, run_after=2026-08-12 00:00:00+00:00
[2026-08-11T21:11:57.901+0000] {processor.py:208} INFO - Processing /opt/airflow/dags/flex_eau_pipeline.py took 0.197 seconds
[2026-08-11T21:12:28.415+0000] {processor.py:186} INFO - Started process (PID=6072) to work on /opt/airflow/dags/flex_eau_pipeline.py
[2026-08-11T21:12:28.417+0000] {processor.py:914} INFO - Processing file /opt/airflow/dags/flex_eau_pipeline.py for tasks to queue
[2026-08-11T21:12:28.420+0000] {logging_mixin.py:190} INFO - [2026-08-11T21:12:28.420+0000] {dagbag.py:587} INFO - Filling up the DagBag from /opt/airflow/dags/flex_eau_pipeline.py
[2026-08-11T21:12:28.468+0000] {processor.py:925} INFO - DAG(s) 'flex_eau_pipeline' retrieved from /opt/airflow/dags/flex_eau_pipeline.py
[2026-08-11T21:12:28.534+0000] {logging_mixin.py:190} INFO - [2026-08-11T21:12:28.534+0000] {dag.py:3211} INFO - Sync 1 DAGs
[2026-08-11T21:12:28.566+0000] {logging_mixin.py:190} INFO - [2026-08-11T21:12:28.566+0000] {dag.py:4138} INFO - Setting next_dagrun for flex_eau_pipeline to 2026-08-11 00:00:00+00:00, run_after=2026-08-12 00:00:00+00:00
[2026-08-11T21:12:28.608+0000] {processor.py:208} INFO - Processing /opt/airflow/dags/flex_eau_pipeline.py took 0.208 seconds
[2026-08-11T21:12:59.334+0000] {processor.py:186} INFO - Started process (PID=6077) to work on /opt/airflow/dags/flex_eau_pipeline.py
[2026-08-11T21:12:59.336+0000] {processor.py:914} INFO - Processing file /opt/airflow/dags/flex_eau_pipeline.py for tasks to queue
[2026-08-11T21:12:59.338+0000] {logging_mixin.py:190} INFO - [2026-08-11T21:12:59.337+0000] {dagbag.py:587} INFO - Filling up the DagBag from /opt/airflow/dags/flex_eau_pipeline.py
[2026-08-11T21:12:59.367+0000] {processor.py:925} INFO - DAG(s) 'flex_eau_pipeline' retrieved from /opt/airflow/dags/flex_eau_pipeline.py
[2026-08-11T21:12:59.415+0000] {logging_mixin.py:190} INFO - [2026-08-11T21:12:59.414+0000] {dag.py:3211} INFO - Sync 1 DAGs
[2026-08-11T21:12:59.452+0000] {logging_mixin.py:190} INFO - [2026-08-11T21:12:59.452+0000] {dag.py:4138} INFO - Setting next_dagrun for flex_eau_pipeline to 2026-08-11 00:00:00+00:00, run_after=2026-08-12 00:00:00+00:00
[2026-08-11T21:12:59.482+0000] {processor.py:208} INFO - Processing /opt/airflow/dags/flex_eau_pipeline.py took 0.158 seconds
[2026-08-11T21:13:30.451+0000] {processor.py:186} INFO - Started process (PID=6082) to work on /opt/airflow/dags/flex_eau_pipeline.py
[2026-08-11T21:13:30.457+0000] {processor.py:914} INFO - Processing file /opt/airflow/dags/flex_eau_pipeline.py for tasks to queue
[2026-08-11T21:13:30.464+0000] {logging_mixin.py:190} INFO - [2026-08-11T21:13:30.462+0000] {dagbag.py:587} INFO - Filling up the DagBag from /opt/airflow/dags/flex_eau_pipeline.py
[2026-08-11T21:13:30.568+0000] {processor.py:925} INFO - DAG(s) 'flex_eau_pipeline' retrieved from /opt/airflow/dags/flex_eau_pipeline.py
[2026-08-11T21:13:30.669+0000] {logging_mixin.py:190} INFO - [2026-08-11T21:13:30.669+0000] {dag.py:3211} INFO - Sync 1 DAGs
[2026-08-11T21:13:30.714+0000] {logging_mixin.py:190} INFO - [2026-08-11T21:13:30.714+0000] {dag.py:4138} INFO - Setting next_dagrun for flex_eau_pipeline to 2026-08-11 00:00:00+00:00, run_after=2026-08-12 00:00:00+00:00
[2026-08-11T21:13:30.766+0000] {processor.py:208} INFO - Processing /opt/airflow/dags/flex_eau_pipeline.py took 0.350 seconds
[2026-08-11T21:14:01.459+0000] {processor.py:186} INFO - Started process (PID=6087) to work on /opt/airflow/dags/flex_eau_pipeline.py
[2026-08-11T21:14:01.466+0000] {processor.py:914} INFO - Processing file /opt/airflow/dags/flex_eau_pipeline.py for tasks to queue
[2026-08-11T21:14:01.475+0000] {logging_mixin.py:190} INFO - [2026-08-11T21:14:01.473+0000] {dagbag.py:587} INFO - Filling up the DagBag from /opt/airflow/dags/flex_eau_pipeline.py
[2026-08-11T21:14:01.598+0000] {processor.py:925} INFO - DAG(s) 'flex_eau_pipeline' retrieved from /opt/airflow/dags/flex_eau_pipeline.py
[2026-08-11T21:14:01.771+0000] {logging_mixin.py:190} INFO - [2026-08-11T21:14:01.770+0000] {dag.py:3211} INFO - Sync 1 DAGs
[2026-08-11T21:14:01.907+0000] {logging_mixin.py:190} INFO - [2026-08-11T21:14:01.904+0000] {dag.py:4138} INFO - Setting next_dagrun for flex_eau_pipeline to 2026-08-11 00:00:00+00:00, run_after=2026-08-12 00:00:00+00:00
[2026-08-11T21:14:02.030+0000] {processor.py:208} INFO - Processing /opt/airflow/dags/flex_eau_pipeline.py took 0.624 seconds
[2026-08-11T21:14:32.541+0000] {processor.py:186} INFO - Started process (PID=6092) to work on /opt/airflow/dags/flex_eau_pipeline.py
[2026-08-11T21:14:32.553+0000] {processor.py:914} INFO - Processing file /opt/airflow/dags/flex_eau_pipeline.py for tasks to queue
[2026-08-11T21:14:32.570+0000] {logging_mixin.py:190} INFO - [2026-08-11T21:14:32.567+0000] {dagbag.py:587} INFO - Filling up the DagBag from /opt/airflow/dags/flex_eau_pipeline.py
[2026-08-11T21:14:32.654+0000] {processor.py:925} INFO - DAG(s) 'flex_eau_pipeline' retrieved from /opt/airflow/dags/flex_eau_pipeline.py
[2026-08-11T21:14:32.777+0000] {logging_mixin.py:190} INFO - [2026-08-11T21:14:32.777+0000] {dag.py:3211} INFO - Sync 1 DAGs
[2026-08-11T21:14:32.845+0000] {logging_mixin.py:190} INFO - [2026-08-11T21:14:32.845+0000] {dag.py:4138} INFO - Setting next_dagrun for flex_eau_pipeline to 2026-08-11 00:00:00+00:00, run_after=2026-08-12 00:00:00+00:00
[2026-08-11T21:14:32.916+0000] {processor.py:208} INFO - Processing /opt/airflow/dags/flex_eau_pipeline.py took 0.445 seconds
[2026-08-11T21:15:03.789+0000] {processor.py:186} INFO - Started process (PID=6097) to work on /opt/airflow/dags/flex_eau_pipeline.py
[2026-08-11T21:15:03.795+0000] {processor.py:914} INFO - Processing file /opt/airflow/dags/flex_eau_pipeline.py for tasks to queue
[2026-08-11T21:15:03.802+0000] {logging_mixin.py:190} INFO - [2026-08-11T21:15:03.801+0000] {dagbag.py:587} INFO - Filling up the DagBag from /opt/airflow/dags/flex_eau_pipeline.py
[2026-08-11T21:15:03.916+0000] {processor.py:925} INFO - DAG(s) 'flex_eau_pipeline' retrieved from /opt/airflow/dags/flex_eau_pipeline.py
[2026-08-11T21:15:04.141+0000] {logging_mixin.py:190} INFO - [2026-08-11T21:15:04.139+0000] {dag.py:3211} INFO - Sync 1 DAGs
[2026-08-11T21:15:04.281+0000] {logging_mixin.py:190} INFO - [2026-08-11T21:15:04.280+0000] {dag.py:4138} INFO - Setting next_dagrun for flex_eau_pipeline to 2026-08-11 00:00:00+00:00, run_after=2026-08-12 00:00:00+00:00
[2026-08-11T21:15:04.391+0000] {processor.py:208} INFO - Processing /opt/airflow/dags/flex_eau_pipeline.py took 0.640 seconds
[2026-08-11T21:15:34.656+0000] {processor.py:186} INFO - Started process (PID=6102) to work on /opt/airflow/dags/flex_eau_pipeline.py
[2026-08-11T21:15:34.663+0000] {processor.py:914} INFO - Processing file /opt/airflow/dags/flex_eau_pipeline.py for tasks to queue
[2026-08-11T21:15:34.670+0000] {logging_mixin.py:190} INFO - [2026-08-11T21:15:34.668+0000] {dagbag.py:587} INFO - Filling up the DagBag from /opt/airflow/dags/flex_eau_pipeline.py
[2026-08-11T21:15:34.778+0000] {processor.py:925} INFO - DAG(s) 'flex_eau_pipeline' retrieved from /opt/airflow/dags/flex_eau_pipeline.py
[2026-08-11T21:15:35.027+0000] {logging_mixin.py:190} INFO - [2026-08-11T21:15:35.026+0000] {dag.py:3211} INFO - Sync 1 DAGs
[2026-08-11T21:15:35.149+0000] {logging_mixin.py:190} INFO - [2026-08-11T21:15:35.148+0000] {dag.py:4138} INFO - Setting next_dagrun for flex_eau_pipeline to 2026-08-11 00:00:00+00:00, run_after=2026-08-12 00:00:00+00:00
[2026-08-11T21:15:35.241+0000] {processor.py:208} INFO - Processing /opt/airflow/dags/flex_eau_pipeline.py took 0.621 seconds
[2026-08-11T21:16:06.284+0000] {processor.py:186} INFO - Started process (PID=6107) to work on /opt/airflow/dags/flex_eau_pipeline.py
[2026-08-11T21:16:06.290+0000] {processor.py:914} INFO - Processing file /opt/airflow/dags/flex_eau_pipeline.py for tasks to queue
[2026-08-11T21:16:06.297+0000] {logging_mixin.py:190} INFO - [2026-08-11T21:16:06.296+0000] {dagbag.py:587} INFO - Filling up the DagBag from /opt/airflow/dags/flex_eau_pipeline.py
[2026-08-11T21:16:06.404+0000] {processor.py:925} INFO - DAG(s) 'flex_eau_pipeline' retrieved from /opt/airflow/dags/flex_eau_pipeline.py
[2026-08-11T21:16:06.554+0000] {logging_mixin.py:190} INFO - [2026-08-11T21:16:06.554+0000] {dag.py:3211} INFO - Sync 1 DAGs
[2026-08-11T21:16:06.604+0000] {logging_mixin.py:190} INFO - [2026-08-11T21:16:06.603+0000] {dag.py:4138} INFO - Setting next_dagrun for flex_eau_pipeline to 2026-08-11 00:00:00+00:00, run_after=2026-08-12 00:00:00+00:00
[2026-08-11T21:16:06.647+0000] {processor.py:208} INFO - Processing /opt/airflow/dags/flex_eau_pipeline.py took 0.395 seconds
[2026-08-11T21:16:37.085+0000] {processor.py:186} INFO - Started process (PID=6112) to work on /opt/airflow/dags/flex_eau_pipeline.py
[2026-08-11T21:16:37.091+0000] {processor.py:914} INFO - Processing file /opt/airflow/dags/flex_eau_pipeline.py for tasks to queue
[2026-08-11T21:16:37.097+0000] {logging_mixin.py:190} INFO - [2026-08-11T21:16:37.096+0000] {dagbag.py:587} INFO - Filling up the DagBag from /opt/airflow/dags/flex_eau_pipeline.py
[2026-08-11T21:16:37.206+0000] {processor.py:925} INFO - DAG(s) 'flex_eau_pipeline' retrieved from /opt/airflow/dags/flex_eau_pipeline.py
[2026-08-11T21:16:37.311+0000] {logging_mixin.py:190} INFO - [2026-08-11T21:16:37.310+0000] {dag.py:3211} INFO - Sync 1 DAGs
[2026-08-11T21:16:37.370+0000] {logging_mixin.py:190} INFO - [2026-08-11T21:16:37.369+0000] {dag.py:4138} INFO - Setting next_dagrun for flex_eau_pipeline to 2026-08-11 00:00:00+00:00, run_after=2026-08-12 00:00:00+00:00
[2026-08-11T21:16:37.421+0000] {processor.py:208} INFO - Processing /opt/airflow/dags/flex_eau_pipeline.py took 0.371 seconds
[2026-08-11T21:17:08.309+0000] {processor.py:186} INFO - Started process (PID=6117) to work on /opt/airflow/dags/flex_eau_pipeline.py
[2026-08-11T21:17:08.314+0000] {processor.py:914} INFO - Processing file /opt/airflow/dags/flex_eau_pipeline.py for tasks to queue
[2026-08-11T21:17:08.321+0000] {logging_mixin.py:190} INFO - [2026-08-11T21:17:08.319+0000] {dagbag.py:587} INFO - Filling up the DagBag from /opt/airflow/dags/flex_eau_pipeline.py
[2026-08-11T21:17:08.434+0000] {processor.py:925} INFO - DAG(s) 'flex_eau_pipeline' retrieved from /opt/airflow/dags/flex_eau_pipeline.py
[2026-08-11T21:17:08.534+0000] {logging_mixin.py:190} INFO - [2026-08-11T21:17:08.533+0000] {dag.py:3211} INFO - Sync 1 DAGs
[2026-08-11T21:17:08.613+0000] {logging_mixin.py:190} INFO - [2026-08-11T21:17:08.611+0000] {dag.py:4138} INFO - Setting next_dagrun for flex_eau_pipeline to 2026-08-11 00:00:00+00:00, run_after=2026-08-12 00:00:00+00:00
[2026-08-11T21:17:08.670+0000] {processor.py:208} INFO - Processing /opt/airflow/dags/flex_eau_pipeline.py took 0.398 seconds
[2026-08-11T21:17:39.081+0000] {processor.py:186} INFO - Started process (PID=6122) to work on /opt/airflow/dags/flex_eau_pipeline.py
[2026-08-11T21:17:39.087+0000] {processor.py:914} INFO - Processing file /opt/airflow/dags/flex_eau_pipeline.py for tasks to queue
[2026-08-11T21:17:39.094+0000] {logging_mixin.py:190} INFO - [2026-08-11T21:17:39.093+0000] {dagbag.py:587} INFO - Filling up the DagBag from /opt/airflow/dags/flex_eau_pipeline.py
[2026-08-11T21:17:39.204+0000] {processor.py:925} INFO - DAG(s) 'flex_eau_pipeline' retrieved from /opt/airflow/dags/flex_eau_pipeline.py
[2026-08-11T21:17:39.379+0000] {logging_mixin.py:190} INFO - [2026-08-11T21:17:39.379+0000] {dag.py:3211} INFO - Sync 1 DAGs
[2026-08-11T21:17:39.436+0000] {logging_mixin.py:190} INFO - [2026-08-11T21:17:39.435+0000] {dag.py:4138} INFO - Setting next_dagrun for flex_eau_pipeline to 2026-08-11 00:00:00+00:00, run_after=2026-08-12 00:00:00+00:00
[2026-08-11T21:17:39.486+0000] {processor.py:208} INFO - Processing /opt/airflow/dags/flex_eau_pipeline.py took 0.440 seconds
[2026-08-11T21:18:10.320+0000] {processor.py:186} INFO - Started process (PID=6127) to work on /opt/airflow/dags/flex_eau_pipeline.py
[2026-08-11T21:18:10.326+0000] {processor.py:914} INFO - Processing file /opt/airflow/dags/flex_eau_pipeline.py for tasks to queue
[2026-08-11T21:18:10.333+0000] {logging_mixin.py:190} INFO - [2026-08-11T21:18:10.332+0000] {dagbag.py:587} INFO - Filling up the DagBag from /opt/airflow/dags/flex_eau_pipeline.py
[2026-08-11T21:18:10.442+0000] {processor.py:925} INFO - DAG(s) 'flex_eau_pipeline' retrieved from /opt/airflow/dags/flex_eau_pipeline.py
[2026-08-11T21:18:10.606+0000] {logging_mixin.py:190} INFO - [2026-08-11T21:18:10.605+0000] {dag.py:3211} INFO - Sync 1 DAGs
[2026-08-11T21:18:10.668+0000] {logging_mixin.py:190} INFO - [2026-08-11T21:18:10.668+0000] {dag.py:4138} INFO - Setting next_dagrun for flex_eau_pipeline to 2026-08-11 00:00:00+00:00, run_after=2026-08-12 00:00:00+00:00
[2026-08-11T21:18:10.722+0000] {processor.py:208} INFO - Processing /opt/airflow/dags/flex_eau_pipeline.py took 0.435 seconds
[2026-08-11T21:18:41.121+0000] {processor.py:186} INFO - Started process (PID=6132) to work on /opt/airflow/dags/flex_eau_pipeline.py
[2026-08-11T21:18:41.126+0000] {processor.py:914} INFO - Processing file /opt/airflow/dags/flex_eau_pipeline.py for tasks to queue
[2026-08-11T21:18:41.132+0000] {logging_mixin.py:190} INFO - [2026-08-11T21:18:41.131+0000] {dagbag.py:587} INFO - Filling up the DagBag from /opt/airflow/dags/flex_eau_pipeline.py
[2026-08-11T21:18:41.250+0000] {processor.py:925} INFO - DAG(s) 'flex_eau_pipeline' retrieved from /opt/airflow/dags/flex_eau_pipeline.py
[2026-08-11T21:18:41.403+0000] {logging_mixin.py:190} INFO - [2026-08-11T21:18:41.403+0000] {dag.py:3211} INFO - Sync 1 DAGs
[2026-08-11T21:18:41.465+0000] {logging_mixin.py:190} INFO - [2026-08-11T21:18:41.464+0000] {dag.py:4138} INFO - Setting next_dagrun for flex_eau_pipeline to 2026-08-11 00:00:00+00:00, run_after=2026-08-12 00:00:00+00:00
[2026-08-11T21:18:41.513+0000] {processor.py:208} INFO - Processing /opt/airflow/dags/flex_eau_pipeline.py took 0.429 seconds
[2026-08-11T21:19:12.609+0000] {processor.py:186} INFO - Started process (PID=6137) to work on /opt/airflow/dags/flex_eau_pipeline.py
[2026-08-11T21:19:12.612+0000] {processor.py:914} INFO - Processing file /opt/airflow/dags/flex_eau_pipeline.py for tasks to queue
[2026-08-11T21:19:12.616+0000] {logging_mixin.py:190} INFO - [2026-08-11T21:19:12.615+0000] {dagbag.py:587} INFO - Filling up the DagBag from /opt/airflow/dags/flex_eau_pipeline.py
[2026-08-11T21:19:12.682+0000] {processor.py:925} INFO - DAG(s) 'flex_eau_pipeline' retrieved from /opt/airflow/dags/flex_eau_pipeline.py
[2026-08-11T21:19:12.806+0000] {logging_mixin.py:190} INFO - [2026-08-11T21:19:12.806+0000] {dag.py:3211} INFO - Sync 1 DAGs
[2026-08-11T21:19:12.883+0000] {logging_mixin.py:190} INFO - [2026-08-11T21:19:12.881+0000] {dag.py:4138} INFO - Setting next_dagrun for flex_eau_pipeline to 2026-08-11 00:00:00+00:00, run_after=2026-08-12 00:00:00+00:00
[2026-08-11T21:19:12.947+0000] {processor.py:208} INFO - Processing /opt/airflow/dags/flex_eau_pipeline.py took 0.363 seconds
[2026-08-11T21:19:43.568+0000] {processor.py:186} INFO - Started process (PID=6142) to work on /opt/airflow/dags/flex_eau_pipeline.py
[2026-08-11T21:19:43.575+0000] {processor.py:914} INFO - Processing file /opt/airflow/dags/flex_eau_pipeline.py for tasks to queue
[2026-08-11T21:19:43.581+0000] {logging_mixin.py:190} INFO - [2026-08-11T21:19:43.579+0000] {dagbag.py:587} INFO - Filling up the DagBag from /opt/airflow/dags/flex_eau_pipeline.py
[2026-08-11T21:19:43.663+0000] {processor.py:925} INFO - DAG(s) 'flex_eau_pipeline' retrieved from /opt/airflow/dags/flex_eau_pipeline.py
[2026-08-11T21:19:43.767+0000] {logging_mixin.py:190} INFO - [2026-08-11T21:19:43.766+0000] {dag.py:3211} INFO - Sync 1 DAGs
[2026-08-11T21:19:43.842+0000] {logging_mixin.py:190} INFO - [2026-08-11T21:19:43.841+0000] {dag.py:4138} INFO - Setting next_dagrun for flex_eau_pipeline to 2026-08-11 00:00:00+00:00, run_after=2026-08-12 00:00:00+00:00
[2026-08-11T21:19:43.911+0000] {processor.py:208} INFO - Processing /opt/airflow/dags/flex_eau_pipeline.py took 0.384 seconds
[2026-08-11T21:20:14.982+0000] {processor.py:186} INFO - Started process (PID=6147) to work on /opt/airflow/dags/flex_eau_pipeline.py
[2026-08-11T21:20:14.986+0000] {processor.py:914} INFO - Processing file /opt/airflow/dags/flex_eau_pipeline.py for tasks to queue
[2026-08-11T21:20:14.990+0000] {logging_mixin.py:190} INFO - [2026-08-11T21:20:14.989+0000] {dagbag.py:587} INFO - Filling up the DagBag from /opt/airflow/dags/flex_eau_pipeline.py
[2026-08-11T21:20:15.045+0000] {processor.py:925} INFO - DAG(s) 'flex_eau_pipeline' retrieved from /opt/airflow/dags/flex_eau_pipeline.py
[2026-08-11T21:20:15.164+0000] {logging_mixin.py:190} INFO - [2026-08-11T21:20:15.163+0000] {dag.py:3211} INFO - Sync 1 DAGs
[2026-08-11T21:20:15.241+0000] {logging_mixin.py:190} INFO - [2026-08-11T21:20:15.241+0000] {dag.py:4138} INFO - Setting next_dagrun for flex_eau_pipeline to 2026-08-11 00:00:00+00:00, run_after=2026-08-12 00:00:00+00:00
[2026-08-11T21:20:15.302+0000] {processor.py:208} INFO - Processing /opt/airflow/dags/flex_eau_pipeline.py took 0.352 seconds
[2026-08-11T21:20:46.141+0000] {processor.py:186} INFO - Started process (PID=6152) to work on /opt/airflow/dags/flex_eau_pipeline.py
[2026-08-11T21:20:46.145+0000] {processor.py:914} INFO - Processing file /opt/airflow/dags/flex_eau_pipeline.py for tasks to queue
[2026-08-11T21:20:46.150+0000] {logging_mixin.py:190} INFO - [2026-08-11T21:20:46.149+0000] {dagbag.py:587} INFO - Filling up the DagBag from /opt/airflow/dags/flex_eau_pipeline.py
[2026-08-11T21:20:46.235+0000] {processor.py:925} INFO - DAG(s) 'flex_eau_pipeline' retrieved from /opt/airflow/dags/flex_eau_pipeline.py
[2026-08-11T21:20:46.364+0000] {logging_mixin.py:190} INFO - [2026-08-11T21:20:46.363+0000] {dag.py:3211} INFO - Sync 1 DAGs
[2026-08-11T21:20:46.441+0000] {logging_mixin.py:190} INFO - [2026-08-11T21:20:46.441+0000] {dag.py:4138} INFO - Setting next_dagrun for flex_eau_pipeline to 2026-08-11 00:00:00+00:00, run_after=2026-08-12 00:00:00+00:00
[2026-08-11T21:20:46.494+0000] {processor.py:208} INFO - Processing /opt/airflow/dags/flex_eau_pipeline.py took 0.380 seconds
[2026-08-11T21:21:17.185+0000] {processor.py:186} INFO - Started process (PID=6157) to work on /opt/airflow/dags/flex_eau_pipeline.py
[2026-08-11T21:21:17.189+0000] {processor.py:914} INFO - Processing file /opt/airflow/dags/flex_eau_pipeline.py for tasks to queue
[2026-08-11T21:21:17.194+0000] {logging_mixin.py:190} INFO - [2026-08-11T21:21:17.193+0000] {dagbag.py:587} INFO - Filling up the DagBag from /opt/airflow/dags/flex_eau_pipeline.py
[2026-08-11T21:21:17.289+0000] {processor.py:925} INFO - DAG(s) 'flex_eau_pipeline' retrieved from /opt/airflow/dags/flex_eau_pipeline.py
[2026-08-11T21:21:17.423+0000] {logging_mixin.py:190} INFO - [2026-08-11T21:21:17.423+0000] {dag.py:3211} INFO - Sync 1 DAGs
[2026-08-11T21:21:17.498+0000] {logging_mixin.py:190} INFO - [2026-08-11T21:21:17.498+0000] {dag.py:4138} INFO - Setting next_dagrun for flex_eau_pipeline to 2026-08-11 00:00:00+00:00, run_after=2026-08-12 00:00:00+00:00
[2026-08-11T21:21:17.556+0000] {processor.py:208} INFO - Processing /opt/airflow/dags/flex_eau_pipeline.py took 0.405 seconds
[2026-08-11T21:21:48.418+0000] {processor.py:186} INFO - Started process (PID=6162) to work on /opt/airflow/dags/flex_eau_pipeline.py
[2026-08-11T21:21:48.425+0000] {processor.py:914} INFO - Processing file /opt/airflow/dags/flex_eau_pipeline.py for tasks to queue
[2026-08-11T21:21:48.432+0000] {logging_mixin.py:190} INFO - [2026-08-11T21:21:48.430+0000] {dagbag.py:587} INFO - Filling up the DagBag from /opt/airflow/dags/flex_eau_pipeline.py
[2026-08-11T21:21:48.505+0000] {processor.py:925} INFO - DAG(s) 'flex_eau_pipeline' retrieved from /opt/airflow/dags/flex_eau_pipeline.py
[2026-08-11T21:21:48.601+0000] {logging_mixin.py:190} INFO - [2026-08-11T21:21:48.600+0000] {dag.py:3211} INFO - Sync 1 DAGs
[2026-08-11T21:21:48.698+0000] {logging_mixin.py:190} INFO - [2026-08-11T21:21:48.697+0000] {dag.py:4138} INFO - Setting next_dagrun for flex_eau_pipeline to 2026-08-11 00:00:00+00:00, run_after=2026-08-12 00:00:00+00:00
[2026-08-11T21:21:48.802+0000] {processor.py:208} INFO - Processing /opt/airflow/dags/flex_eau_pipeline.py took 0.421 seconds
[2026-08-11T21:22:19.521+0000] {processor.py:186} INFO - Started process (PID=6167) to work on /opt/airflow/dags/flex_eau_pipeline.py
[2026-08-11T21:22:19.527+0000] {processor.py:914} INFO - Processing file /opt/airflow/dags/flex_eau_pipeline.py for tasks to queue
[2026-08-11T21:22:19.534+0000] {logging_mixin.py:190} INFO - [2026-08-11T21:22:19.533+0000] {dagbag.py:587} INFO - Filling up the DagBag from /opt/airflow/dags/flex_eau_pipeline.py
[2026-08-11T21:22:19.646+0000] {processor.py:925} INFO - DAG(s) 'flex_eau_pipeline' retrieved from /opt/airflow/dags/flex_eau_pipeline.py
[2026-08-11T21:22:19.854+0000] {logging_mixin.py:190} INFO - [2026-08-11T21:22:19.853+0000] {dag.py:3211} INFO - Sync 1 DAGs
[2026-08-11T21:22:19.935+0000] {logging_mixin.py:190} INFO - [2026-08-11T21:22:19.934+0000] {dag.py:4138} INFO - Setting next_dagrun for flex_eau_pipeline to 2026-08-11 00:00:00+00:00, run_after=2026-08-12 00:00:00+00:00
[2026-08-11T21:22:20.018+0000] {processor.py:208} INFO - Processing /opt/airflow/dags/flex_eau_pipeline.py took 0.533 seconds
[2026-08-11T21:22:50.831+0000] {processor.py:186} INFO - Started process (PID=6172) to work on /opt/airflow/dags/flex_eau_pipeline.py
[2026-08-11T21:22:50.837+0000] {processor.py:914} INFO - Processing file /opt/airflow/dags/flex_eau_pipeline.py for tasks to queue
[2026-08-11T21:22:50.846+0000] {logging_mixin.py:190} INFO - [2026-08-11T21:22:50.844+0000] {dagbag.py:587} INFO - Filling up the DagBag from /opt/airflow/dags/flex_eau_pipeline.py
[2026-08-11T21:22:50.956+0000] {processor.py:925} INFO - DAG(s) 'flex_eau_pipeline' retrieved from /opt/airflow/dags/flex_eau_pipeline.py
[2026-08-11T21:22:51.131+0000] {logging_mixin.py:190} INFO - [2026-08-11T21:22:51.130+0000] {dag.py:3211} INFO - Sync 1 DAGs
[2026-08-11T21:22:51.244+0000] {logging_mixin.py:190} INFO - [2026-08-11T21:22:51.243+0000] {dag.py:4138} INFO - Setting next_dagrun for flex_eau_pipeline to 2026-08-11 00:00:00+00:00, run_after=2026-08-12 00:00:00+00:00
[2026-08-11T21:22:51.338+0000] {processor.py:208} INFO - Processing /opt/airflow/dags/flex_eau_pipeline.py took 0.558 seconds
[2026-08-11T21:23:21.778+0000] {processor.py:186} INFO - Started process (PID=6177) to work on /opt/airflow/dags/flex_eau_pipeline.py
[2026-08-11T21:23:21.784+0000] {processor.py:914} INFO - Processing file /opt/airflow/dags/flex_eau_pipeline.py for tasks to queue
[2026-08-11T21:23:21.792+0000] {logging_mixin.py:190} INFO - [2026-08-11T21:23:21.790+0000] {dagbag.py:587} INFO - Filling up the DagBag from /opt/airflow/dags/flex_eau_pipeline.py
[2026-08-11T21:23:21.889+0000] {processor.py:925} INFO - DAG(s) 'flex_eau_pipeline' retrieved from /opt/airflow/dags/flex_eau_pipeline.py
[2026-08-11T21:23:21.993+0000] {logging_mixin.py:190} INFO - [2026-08-11T21:23:21.992+0000] {dag.py:3211} INFO - Sync 1 DAGs
[2026-08-11T21:23:22.058+0000] {logging_mixin.py:190} INFO - [2026-08-11T21:23:22.057+0000] {dag.py:4138} INFO - Setting next_dagrun for flex_eau_pipeline to 2026-08-11 00:00:00+00:00, run_after=2026-08-12 00:00:00+00:00
[2026-08-11T21:23:22.125+0000] {processor.py:208} INFO - Processing /opt/airflow/dags/flex_eau_pipeline.py took 0.384 seconds
[2026-08-11T21:23:52.642+0000] {processor.py:186} INFO - Started process (PID=6182) to work on /opt/airflow/dags/flex_eau_pipeline.py
[2026-08-11T21:23:52.648+0000] {processor.py:914} INFO - Processing file /opt/airflow/dags/flex_eau_pipeline.py for tasks to queue
[2026-08-11T21:23:52.655+0000] {logging_mixin.py:190} INFO - [2026-08-11T21:23:52.654+0000] {dagbag.py:587} INFO - Filling up the DagBag from /opt/airflow/dags/flex_eau_pipeline.py
[2026-08-11T21:23:52.760+0000] {processor.py:925} INFO - DAG(s) 'flex_eau_pipeline' retrieved from /opt/airflow/dags/flex_eau_pipeline.py
[2026-08-11T21:23:53.172+0000] {logging_mixin.py:190} INFO - [2026-08-11T21:23:53.170+0000] {dag.py:3211} INFO - Sync 1 DAGs
[2026-08-11T21:23:53.283+0000] {logging_mixin.py:190} INFO - [2026-08-11T21:23:53.282+0000] {dag.py:4138} INFO - Setting next_dagrun for flex_eau_pipeline to 2026-08-11 00:00:00+00:00, run_after=2026-08-12 00:00:00+00:00
[2026-08-11T21:23:53.362+0000] {processor.py:208} INFO - Processing /opt/airflow/dags/flex_eau_pipeline.py took 0.576 seconds
[2026-08-11T21:24:24.258+0000] {processor.py:186} INFO - Started process (PID=6187) to work on /opt/airflow/dags/flex_eau_pipeline.py
[2026-08-11T21:24:24.274+0000] {processor.py:914} INFO - Processing file /opt/airflow/dags/flex_eau_pipeline.py for tasks to queue
[2026-08-11T21:24:24.282+0000] {logging_mixin.py:190} INFO - [2026-08-11T21:24:24.281+0000] {dagbag.py:587} INFO - Filling up the DagBag from /opt/airflow/dags/flex_eau_pipeline.py
[2026-08-11T21:24:24.337+0000] {processor.py:925} INFO - DAG(s) 'flex_eau_pipeline' retrieved from /opt/airflow/dags/flex_eau_pipeline.py
[2026-08-11T21:24:24.443+0000] {logging_mixin.py:190} INFO - [2026-08-11T21:24:24.442+0000] {dag.py:3211} INFO - Sync 1 DAGs
[2026-08-11T21:24:24.541+0000] {logging_mixin.py:190} INFO - [2026-08-11T21:24:24.541+0000] {dag.py:4138} INFO - Setting next_dagrun for flex_eau_pipeline to 2026-08-11 00:00:00+00:00, run_after=2026-08-12 00:00:00+00:00
[2026-08-11T21:24:24.629+0000] {processor.py:208} INFO - Processing /opt/airflow/dags/flex_eau_pipeline.py took 0.452 seconds
[2026-08-11T21:24:55.171+0000] {processor.py:186} INFO - Started process (PID=6192) to work on /opt/airflow/dags/flex_eau_pipeline.py
[2026-08-11T21:24:55.174+0000] {processor.py:914} INFO - Processing file /opt/airflow/dags/flex_eau_pipeline.py for tasks to queue
[2026-08-11T21:24:55.177+0000] {logging_mixin.py:190} INFO - [2026-08-11T21:24:55.176+0000] {dagbag.py:587} INFO - Filling up the DagBag from /opt/airflow/dags/flex_eau_pipeline.py
[2026-08-11T21:24:55.219+0000] {processor.py:925} INFO - DAG(s) 'flex_eau_pipeline' retrieved from /opt/airflow/dags/flex_eau_pipeline.py
[2026-08-11T21:24:55.300+0000] {logging_mixin.py:190} INFO - [2026-08-11T21:24:55.299+0000] {dag.py:3211} INFO - Sync 1 DAGs
[2026-08-11T21:24:55.351+0000] {logging_mixin.py:190} INFO - [2026-08-11T21:24:55.351+0000] {dag.py:4138} INFO - Setting next_dagrun for flex_eau_pipeline to 2026-08-11 00:00:00+00:00, run_after=2026-08-12 00:00:00+00:00
[2026-08-11T21:24:55.407+0000] {processor.py:208} INFO - Processing /opt/airflow/dags/flex_eau_pipeline.py took 0.251 seconds
[2026-08-11T21:25:26.125+0000] {processor.py:186} INFO - Started process (PID=6197) to work on /opt/airflow/dags/flex_eau_pipeline.py
[2026-08-11T21:25:26.132+0000] {processor.py:914} INFO - Processing file /opt/airflow/dags/flex_eau_pipeline.py for tasks to queue
[2026-08-11T21:25:26.138+0000] {logging_mixin.py:190} INFO - [2026-08-11T21:25:26.137+0000] {dagbag.py:587} INFO - Filling up the DagBag from /opt/airflow/dags/flex_eau_pipeline.py
[2026-08-11T21:25:26.250+0000] {processor.py:925} INFO - DAG(s) 'flex_eau_pipeline' retrieved from /opt/airflow/dags/flex_eau_pipeline.py
[2026-08-11T21:25:26.437+0000] {logging_mixin.py:190} INFO - [2026-08-11T21:25:26.436+0000] {dag.py:3211} INFO - Sync 1 DAGs
[2026-08-11T21:25:26.502+0000] {logging_mixin.py:190} INFO - [2026-08-11T21:25:26.501+0000] {dag.py:4138} INFO - Setting next_dagrun for flex_eau_pipeline to 2026-08-11 00:00:00+00:00, run_after=2026-08-12 00:00:00+00:00
[2026-08-11T21:25:26.547+0000] {processor.py:208} INFO - Processing /opt/airflow/dags/flex_eau_pipeline.py took 0.460 seconds
[2026-08-11T21:25:57.229+0000] {processor.py:186} INFO - Started process (PID=6202) to work on /opt/airflow/dags/flex_eau_pipeline.py
[2026-08-11T21:25:57.234+0000] {processor.py:914} INFO - Processing file /opt/airflow/dags/flex_eau_pipeline.py for tasks to queue
[2026-08-11T21:25:57.243+0000] {logging_mixin.py:190} INFO - [2026-08-11T21:25:57.241+0000] {dagbag.py:587} INFO - Filling up the DagBag from /opt/airflow/dags/flex_eau_pipeline.py
[2026-08-11T21:25:57.356+0000] {processor.py:925} INFO - DAG(s) 'flex_eau_pipeline' retrieved from /opt/airflow/dags/flex_eau_pipeline.py
[2026-08-11T21:25:57.533+0000] {logging_mixin.py:190} INFO - [2026-08-11T21:25:57.533+0000] {dag.py:3211} INFO - Sync 1 DAGs
[2026-08-11T21:25:57.581+0000] {logging_mixin.py:190} INFO - [2026-08-11T21:25:57.580+0000] {dag.py:4138} INFO - Setting next_dagrun for flex_eau_pipeline to 2026-08-11 00:00:00+00:00, run_after=2026-08-12 00:00:00+00:00
[2026-08-11T21:25:57.630+0000] {processor.py:208} INFO - Processing /opt/airflow/dags/flex_eau_pipeline.py took 0.443 seconds
[2026-08-11T21:26:28.530+0000] {processor.py:186} INFO - Started process (PID=6207) to work on /opt/airflow/dags/flex_eau_pipeline.py
[2026-08-11T21:26:28.536+0000] {processor.py:914} INFO - Processing file /opt/airflow/dags/flex_eau_pipeline.py for tasks to queue
[2026-08-11T21:26:28.545+0000] {logging_mixin.py:190} INFO - [2026-08-11T21:26:28.544+0000] {dagbag.py:587} INFO - Filling up the DagBag from /opt/airflow/dags/flex_eau_pipeline.py
[2026-08-11T21:26:28.664+0000] {processor.py:925} INFO - DAG(s) 'flex_eau_pipeline' retrieved from /opt/airflow/dags/flex_eau_pipeline.py
[2026-08-11T21:26:28.875+0000] {logging_mixin.py:190} INFO - [2026-08-11T21:26:28.874+0000] {dag.py:3211} INFO - Sync 1 DAGs
[2026-08-11T21:26:29.000+0000] {logging_mixin.py:190} INFO - [2026-08-11T21:26:28.999+0000] {dag.py:4138} INFO - Setting next_dagrun for flex_eau_pipeline to 2026-08-11 00:00:00+00:00, run_after=2026-08-12 00:00:00+00:00
[2026-08-11T21:26:29.096+0000] {processor.py:208} INFO - Processing /opt/airflow/dags/flex_eau_pipeline.py took 0.604 seconds
[2026-08-11T21:26:59.429+0000] {processor.py:186} INFO - Started process (PID=6212) to work on /opt/airflow/dags/flex_eau_pipeline.py
[2026-08-11T21:26:59.435+0000] {processor.py:914} INFO - Processing file /opt/airflow/dags/flex_eau_pipeline.py for tasks to queue
[2026-08-11T21:26:59.441+0000] {logging_mixin.py:190} INFO - [2026-08-11T21:26:59.440+0000] {dagbag.py:587} INFO - Filling up the DagBag from /opt/airflow/dags/flex_eau_pipeline.py
[2026-08-11T21:26:59.559+0000] {processor.py:925} INFO - DAG(s) 'flex_eau_pipeline' retrieved from /opt/airflow/dags/flex_eau_pipeline.py
[2026-08-11T21:26:59.767+0000] {logging_mixin.py:190} INFO - [2026-08-11T21:26:59.766+0000] {dag.py:3211} INFO - Sync 1 DAGs
[2026-08-11T21:26:59.868+0000] {logging_mixin.py:190} INFO - [2026-08-11T21:26:59.868+0000] {dag.py:4138} INFO - Setting next_dagrun for flex_eau_pipeline to 2026-08-11 00:00:00+00:00, run_after=2026-08-12 00:00:00+00:00
[2026-08-11T21:26:59.923+0000] {processor.py:208} INFO - Processing /opt/airflow/dags/flex_eau_pipeline.py took 0.531 seconds
[2026-08-11T21:27:30.182+0000] {processor.py:186} INFO - Started process (PID=6217) to work on /opt/airflow/dags/flex_eau_pipeline.py
[2026-08-11T21:27:30.185+0000] {processor.py:914} INFO - Processing file /opt/airflow/dags/flex_eau_pipeline.py for tasks to queue
[2026-08-11T21:27:30.189+0000] {logging_mixin.py:190} INFO - [2026-08-11T21:27:30.188+0000] {dagbag.py:587} INFO - Filling up the DagBag from /opt/airflow/dags/flex_eau_pipeline.py
[2026-08-11T21:27:30.248+0000] {processor.py:925} INFO - DAG(s) 'flex_eau_pipeline' retrieved from /opt/airflow/dags/flex_eau_pipeline.py
[2026-08-11T21:27:30.361+0000] {logging_mixin.py:190} INFO - [2026-08-11T21:27:30.360+0000] {dag.py:3211} INFO - Sync 1 DAGs
[2026-08-11T21:27:30.442+0000] {logging_mixin.py:190} INFO - [2026-08-11T21:27:30.442+0000] {dag.py:4138} INFO - Setting next_dagrun for flex_eau_pipeline to 2026-08-11 00:00:00+00:00, run_after=2026-08-12 00:00:00+00:00
[2026-08-11T21:27:30.508+0000] {processor.py:208} INFO - Processing /opt/airflow/dags/flex_eau_pipeline.py took 0.344 seconds
[2026-08-11T21:28:01.058+0000] {processor.py:186} INFO - Started process (PID=6222) to work on /opt/airflow/dags/flex_eau_pipeline.py
[2026-08-11T21:28:01.062+0000] {processor.py:914} INFO - Processing file /opt/airflow/dags/flex_eau_pipeline.py for tasks to queue
[2026-08-11T21:28:01.069+0000] {logging_mixin.py:190} INFO - [2026-08-11T21:28:01.068+0000] {dagbag.py:587} INFO - Filling up the DagBag from /opt/airflow/dags/flex_eau_pipeline.py
[2026-08-11T21:28:01.180+0000] {processor.py:925} INFO - DAG(s) 'flex_eau_pipeline' retrieved from /opt/airflow/dags/flex_eau_pipeline.py
[2026-08-11T21:28:01.326+0000] {logging_mixin.py:190} INFO - [2026-08-11T21:28:01.326+0000] {dag.py:3211} INFO - Sync 1 DAGs
[2026-08-11T21:28:01.379+0000] {logging_mixin.py:190} INFO - [2026-08-11T21:28:01.379+0000] {dag.py:4138} INFO - Setting next_dagrun for flex_eau_pipeline to 2026-08-11 00:00:00+00:00, run_after=2026-08-12 00:00:00+00:00
[2026-08-11T21:28:01.432+0000] {processor.py:208} INFO - Processing /opt/airflow/dags/flex_eau_pipeline.py took 0.409 seconds
[2026-08-11T21:28:32.214+0000] {processor.py:186} INFO - Started process (PID=6227) to work on /opt/airflow/dags/flex_eau_pipeline.py
[2026-08-11T21:28:32.217+0000] {processor.py:914} INFO - Processing file /opt/airflow/dags/flex_eau_pipeline.py for tasks to queue
[2026-08-11T21:28:32.221+0000] {logging_mixin.py:190} INFO - [2026-08-11T21:28:32.220+0000] {dagbag.py:587} INFO - Filling up the DagBag from /opt/airflow/dags/flex_eau_pipeline.py
[2026-08-11T21:28:32.284+0000] {processor.py:925} INFO - DAG(s) 'flex_eau_pipeline' retrieved from /opt/airflow/dags/flex_eau_pipeline.py
[2026-08-11T21:28:32.391+0000] {logging_mixin.py:190} INFO - [2026-08-11T21:28:32.390+0000] {dag.py:3211} INFO - Sync 1 DAGs
[2026-08-11T21:28:32.449+0000] {logging_mixin.py:190} INFO - [2026-08-11T21:28:32.449+0000] {dag.py:4138} INFO - Setting next_dagrun for flex_eau_pipeline to 2026-08-11 00:00:00+00:00, run_after=2026-08-12 00:00:00+00:00
[2026-08-11T21:28:32.500+0000] {processor.py:208} INFO - Processing /opt/airflow/dags/flex_eau_pipeline.py took 0.306 seconds
[2026-08-11T21:29:03.197+0000] {processor.py:186} INFO - Started process (PID=6232) to work on /opt/airflow/dags/flex_eau_pipeline.py
[2026-08-11T21:29:03.203+0000] {processor.py:914} INFO - Processing file /opt/airflow/dags/flex_eau_pipeline.py for tasks to queue
[2026-08-11T21:29:03.210+0000] {logging_mixin.py:190} INFO - [2026-08-11T21:29:03.209+0000] {dagbag.py:587} INFO - Filling up the DagBag from /opt/airflow/dags/flex_eau_pipeline.py
[2026-08-11T21:29:03.325+0000] {processor.py:925} INFO - DAG(s) 'flex_eau_pipeline' retrieved from /opt/airflow/dags/flex_eau_pipeline.py
[2026-08-11T21:29:03.492+0000] {logging_mixin.py:190} INFO - [2026-08-11T21:29:03.491+0000] {dag.py:3211} INFO - Sync 1 DAGs
[2026-08-11T21:29:03.563+0000] {logging_mixin.py:190} INFO - [2026-08-11T21:29:03.562+0000] {dag.py:4138} INFO - Setting next_dagrun for flex_eau_pipeline to 2026-08-11 00:00:00+00:00, run_after=2026-08-12 00:00:00+00:00
[2026-08-11T21:29:03.615+0000] {processor.py:208} INFO - Processing /opt/airflow/dags/flex_eau_pipeline.py took 0.455 seconds
[2026-08-11T21:29:34.286+0000] {processor.py:186} INFO - Started process (PID=6237) to work on /opt/airflow/dags/flex_eau_pipeline.py
[2026-08-11T21:29:34.293+0000] {processor.py:914} INFO - Processing file /opt/airflow/dags/flex_eau_pipeline.py for tasks to queue
[2026-08-11T21:29:34.300+0000] {logging_mixin.py:190} INFO - [2026-08-11T21:29:34.299+0000] {dagbag.py:587} INFO - Filling up the DagBag from /opt/airflow/dags/flex_eau_pipeline.py
[2026-08-11T21:29:34.418+0000] {processor.py:925} INFO - DAG(s) 'flex_eau_pipeline' retrieved from /opt/airflow/dags/flex_eau_pipeline.py
[2026-08-11T21:29:34.632+0000] {logging_mixin.py:190} INFO - [2026-08-11T21:29:34.631+0000] {dag.py:3211} INFO - Sync 1 DAGs
[2026-08-11T21:29:34.754+0000] {logging_mixin.py:190} INFO - [2026-08-11T21:29:34.752+0000] {dag.py:4138} INFO - Setting next_dagrun for flex_eau_pipeline to 2026-08-11 00:00:00+00:00, run_after=2026-08-12 00:00:00+00:00
[2026-08-11T21:29:34.845+0000] {processor.py:208} INFO - Processing /opt/airflow/dags/flex_eau_pipeline.py took 0.603 seconds
[2026-08-11T21:30:05.395+0000] {processor.py:186} INFO - Started process (PID=6242) to work on /opt/airflow/dags/flex_eau_pipeline.py
[2026-08-11T21:30:05.401+0000] {processor.py:914} INFO - Processing file /opt/airflow/dags/flex_eau_pipeline.py for tasks to queue
[2026-08-11T21:30:05.408+0000] {logging_mixin.py:190} INFO - [2026-08-11T21:30:05.406+0000] {dagbag.py:587} INFO - Filling up the DagBag from /opt/airflow/dags/flex_eau_pipeline.py
[2026-08-11T21:30:05.517+0000] {processor.py:925} INFO - DAG(s) 'flex_eau_pipeline' retrieved from /opt/airflow/dags/flex_eau_pipeline.py
[2026-08-11T21:30:05.703+0000] {logging_mixin.py:190} INFO - [2026-08-11T21:30:05.702+0000] {dag.py:3211} INFO - Sync 1 DAGs
[2026-08-11T21:30:05.752+0000] {logging_mixin.py:190} INFO - [2026-08-11T21:30:05.752+0000] {dag.py:4138} INFO - Setting next_dagrun for flex_eau_pipeline to 2026-08-11 00:00:00+00:00, run_after=2026-08-12 00:00:00+00:00
[2026-08-11T21:30:05.794+0000] {processor.py:208} INFO - Processing /opt/airflow/dags/flex_eau_pipeline.py took 0.433 seconds
[2026-08-11T21:30:36.753+0000] {processor.py:186} INFO - Started process (PID=6247) to work on /opt/airflow/dags/flex_eau_pipeline.py
[2026-08-11T21:30:36.755+0000] {processor.py:914} INFO - Processing file /opt/airflow/dags/flex_eau_pipeline.py for tasks to queue
[2026-08-11T21:30:36.758+0000] {logging_mixin.py:190} INFO - [2026-08-11T21:30:36.757+0000] {dagbag.py:587} INFO - Filling up the DagBag from /opt/airflow/dags/flex_eau_pipeline.py
[2026-08-11T21:30:36.798+0000] {processor.py:925} INFO - DAG(s) 'flex_eau_pipeline' retrieved from /opt/airflow/dags/flex_eau_pipeline.py
[2026-08-11T21:30:36.898+0000] {logging_mixin.py:190} INFO - [2026-08-11T21:30:36.897+0000] {dag.py:3211} INFO - Sync 1 DAGs
[2026-08-11T21:30:36.971+0000] {logging_mixin.py:190} INFO - [2026-08-11T21:30:36.970+0000] {dag.py:4138} INFO - Setting next_dagrun for flex_eau_pipeline to 2026-08-11 00:00:00+00:00, run_after=2026-08-12 00:00:00+00:00
[2026-08-11T21:30:37.029+0000] {processor.py:208} INFO - Processing /opt/airflow/dags/flex_eau_pipeline.py took 0.287 seconds
[2026-08-11T21:31:07.562+0000] {processor.py:186} INFO - Started process (PID=6252) to work on /opt/airflow/dags/flex_eau_pipeline.py
[2026-08-11T21:31:07.564+0000] {processor.py:914} INFO - Processing file /opt/airflow/dags/flex_eau_pipeline.py for tasks to queue
[2026-08-11T21:31:07.567+0000] {logging_mixin.py:190} INFO - [2026-08-11T21:31:07.566+0000] {dagbag.py:587} INFO - Filling up the DagBag from /opt/airflow/dags/flex_eau_pipeline.py
[2026-08-11T21:31:07.609+0000] {processor.py:925} INFO - DAG(s) 'flex_eau_pipeline' retrieved from /opt/airflow/dags/flex_eau_pipeline.py
[2026-08-11T21:31:07.704+0000] {logging_mixin.py:190} INFO - [2026-08-11T21:31:07.703+0000] {dag.py:3211} INFO - Sync 1 DAGs
[2026-08-11T21:31:07.755+0000] {logging_mixin.py:190} INFO - [2026-08-11T21:31:07.754+0000] {dag.py:4138} INFO - Setting next_dagrun for flex_eau_pipeline to 2026-08-11 00:00:00+00:00, run_after=2026-08-12 00:00:00+00:00
[2026-08-11T21:31:07.792+0000] {processor.py:208} INFO - Processing /opt/airflow/dags/flex_eau_pipeline.py took 0.248 seconds
[2026-08-11T21:31:38.612+0000] {processor.py:186} INFO - Started process (PID=6257) to work on /opt/airflow/dags/flex_eau_pipeline.py
[2026-08-11T21:31:38.618+0000] {processor.py:914} INFO - Processing file /opt/airflow/dags/flex_eau_pipeline.py for tasks to queue
[2026-08-11T21:31:38.625+0000] {logging_mixin.py:190} INFO - [2026-08-11T21:31:38.624+0000] {dagbag.py:587} INFO - Filling up the DagBag from /opt/airflow/dags/flex_eau_pipeline.py
[2026-08-11T21:31:38.735+0000] {processor.py:925} INFO - DAG(s) 'flex_eau_pipeline' retrieved from /opt/airflow/dags/flex_eau_pipeline.py
[2026-08-11T21:31:38.897+0000] {logging_mixin.py:190} INFO - [2026-08-11T21:31:38.897+0000] {dag.py:3211} INFO - Sync 1 DAGs
[2026-08-11T21:31:38.939+0000] {logging_mixin.py:190} INFO - [2026-08-11T21:31:38.939+0000] {dag.py:4138} INFO - Setting next_dagrun for flex_eau_pipeline to 2026-08-11 00:00:00+00:00, run_after=2026-08-12 00:00:00+00:00
[2026-08-11T21:31:38.981+0000] {processor.py:208} INFO - Processing /opt/airflow/dags/flex_eau_pipeline.py took 0.403 seconds
[2026-08-11T21:32:09.688+0000] {processor.py:186} INFO - Started process (PID=6262) to work on /opt/airflow/dags/flex_eau_pipeline.py
[2026-08-11T21:32:09.693+0000] {processor.py:914} INFO - Processing file /opt/airflow/dags/flex_eau_pipeline.py for tasks to queue
[2026-08-11T21:32:09.700+0000] {logging_mixin.py:190} INFO - [2026-08-11T21:32:09.699+0000] {dagbag.py:587} INFO - Filling up the DagBag from /opt/airflow/dags/flex_eau_pipeline.py
[2026-08-11T21:32:09.817+0000] {processor.py:925} INFO - DAG(s) 'flex_eau_pipeline' retrieved from /opt/airflow/dags/flex_eau_pipeline.py
[2026-08-11T21:32:10.009+0000] {logging_mixin.py:190} INFO - [2026-08-11T21:32:10.008+0000] {dag.py:3211} INFO - Sync 1 DAGs
[2026-08-11T21:32:10.126+0000] {logging_mixin.py:190} INFO - [2026-08-11T21:32:10.125+0000] {dag.py:4138} INFO - Setting next_dagrun for flex_eau_pipeline to 2026-08-11 00:00:00+00:00, run_after=2026-08-12 00:00:00+00:00
[2026-08-11T21:32:10.213+0000] {processor.py:208} INFO - Processing /opt/airflow/dags/flex_eau_pipeline.py took 0.563 seconds
[2026-08-11T21:32:40.656+0000] {processor.py:186} INFO - Started process (PID=6267) to work on /opt/airflow/dags/flex_eau_pipeline.py
[2026-08-11T21:32:40.661+0000] {processor.py:914} INFO - Processing file /opt/airflow/dags/flex_eau_pipeline.py for tasks to queue
[2026-08-11T21:32:40.669+0000] {logging_mixin.py:190} INFO - [2026-08-11T21:32:40.668+0000] {dagbag.py:587} INFO - Filling up the DagBag from /opt/airflow/dags/flex_eau_pipeline.py
[2026-08-11T21:32:40.788+0000] {processor.py:925} INFO - DAG(s) 'flex_eau_pipeline' retrieved from /opt/airflow/dags/flex_eau_pipeline.py
[2026-08-11T21:32:40.999+0000] {logging_mixin.py:190} INFO - [2026-08-11T21:32:40.997+0000] {dag.py:3211} INFO - Sync 1 DAGs
[2026-08-11T21:32:41.115+0000] {logging_mixin.py:190} INFO - [2026-08-11T21:32:41.114+0000] {dag.py:4138} INFO - Setting next_dagrun for flex_eau_pipeline to 2026-08-11 00:00:00+00:00, run_after=2026-08-12 00:00:00+00:00
[2026-08-11T21:32:41.200+0000] {processor.py:208} INFO - Processing /opt/airflow/dags/flex_eau_pipeline.py took 0.579 seconds
[2026-08-11T21:33:11.914+0000] {processor.py:186} INFO - Started process (PID=6272) to work on /opt/airflow/dags/flex_eau_pipeline.py
[2026-08-11T21:33:11.920+0000] {processor.py:914} INFO - Processing file /opt/airflow/dags/flex_eau_pipeline.py for tasks to queue
[2026-08-11T21:33:11.927+0000] {logging_mixin.py:190} INFO - [2026-08-11T21:33:11.925+0000] {dagbag.py:587} INFO - Filling up the DagBag from /opt/airflow/dags/flex_eau_pipeline.py
[2026-08-11T21:33:12.039+0000] {processor.py:925} INFO - DAG(s) 'flex_eau_pipeline' retrieved from /opt/airflow/dags/flex_eau_pipeline.py
[2026-08-11T21:33:12.230+0000] {logging_mixin.py:190} INFO - [2026-08-11T21:33:12.230+0000] {dag.py:3211} INFO - Sync 1 DAGs
[2026-08-11T21:33:12.346+0000] {logging_mixin.py:190} INFO - [2026-08-11T21:33:12.345+0000] {dag.py:4138} INFO - Setting next_dagrun for flex_eau_pipeline to 2026-08-11 00:00:00+00:00, run_after=2026-08-12 00:00:00+00:00
[2026-08-11T21:33:12.438+0000] {processor.py:208} INFO - Processing /opt/airflow/dags/flex_eau_pipeline.py took 0.559 seconds
[2026-08-11T21:33:43.012+0000] {processor.py:186} INFO - Started process (PID=6277) to work on /opt/airflow/dags/flex_eau_pipeline.py
[2026-08-11T21:33:43.016+0000] {processor.py:914} INFO - Processing file /opt/airflow/dags/flex_eau_pipeline.py for tasks to queue
[2026-08-11T21:33:43.021+0000] {logging_mixin.py:190} INFO - [2026-08-11T21:33:43.020+0000] {dagbag.py:587} INFO - Filling up the DagBag from /opt/airflow/dags/flex_eau_pipeline.py
[2026-08-11T21:33:43.101+0000] {processor.py:925} INFO - DAG(s) 'flex_eau_pipeline' retrieved from /opt/airflow/dags/flex_eau_pipeline.py
[2026-08-11T21:33:43.237+0000] {logging_mixin.py:190} INFO - [2026-08-11T21:33:43.236+0000] {dag.py:3211} INFO - Sync 1 DAGs
[2026-08-11T21:33:43.284+0000] {logging_mixin.py:190} INFO - [2026-08-11T21:33:43.284+0000] {dag.py:4138} INFO - Setting next_dagrun for flex_eau_pipeline to 2026-08-11 00:00:00+00:00, run_after=2026-08-12 00:00:00+00:00
[2026-08-11T21:33:43.330+0000] {processor.py:208} INFO - Processing /opt/airflow/dags/flex_eau_pipeline.py took 0.352 seconds
[2026-08-11T21:34:14.275+0000] {processor.py:186} INFO - Started process (PID=6282) to work on /opt/airflow/dags/flex_eau_pipeline.py
[2026-08-11T21:34:14.280+0000] {processor.py:914} INFO - Processing file /opt/airflow/dags/flex_eau_pipeline.py for tasks to queue
[2026-08-11T21:34:14.286+0000] {logging_mixin.py:190} INFO - [2026-08-11T21:34:14.285+0000] {dagbag.py:587} INFO - Filling up the DagBag from /opt/airflow/dags/flex_eau_pipeline.py
[2026-08-11T21:34:14.403+0000] {processor.py:925} INFO - DAG(s) 'flex_eau_pipeline' retrieved from /opt/airflow/dags/flex_eau_pipeline.py
[2026-08-11T21:34:14.569+0000] {logging_mixin.py:190} INFO - [2026-08-11T21:34:14.569+0000] {dag.py:3211} INFO - Sync 1 DAGs
[2026-08-11T21:34:14.627+0000] {logging_mixin.py:190} INFO - [2026-08-11T21:34:14.626+0000] {dag.py:4138} INFO - Setting next_dagrun for flex_eau_pipeline to 2026-08-11 00:00:00+00:00, run_after=2026-08-12 00:00:00+00:00
[2026-08-11T21:34:14.690+0000] {processor.py:208} INFO - Processing /opt/airflow/dags/flex_eau_pipeline.py took 0.446 seconds
[2026-08-11T21:34:45.093+0000] {processor.py:186} INFO - Started process (PID=6287) to work on /opt/airflow/dags/flex_eau_pipeline.py
[2026-08-11T21:34:45.096+0000] {processor.py:914} INFO - Processing file /opt/airflow/dags/flex_eau_pipeline.py for tasks to queue
[2026-08-11T21:34:45.100+0000] {logging_mixin.py:190} INFO - [2026-08-11T21:34:45.099+0000] {dagbag.py:587} INFO - Filling up the DagBag from /opt/airflow/dags/flex_eau_pipeline.py
[2026-08-11T21:34:45.161+0000] {processor.py:925} INFO - DAG(s) 'flex_eau_pipeline' retrieved from /opt/airflow/dags/flex_eau_pipeline.py
[2026-08-11T21:34:45.279+0000] {logging_mixin.py:190} INFO - [2026-08-11T21:34:45.278+0000] {dag.py:3211} INFO - Sync 1 DAGs
[2026-08-11T21:34:45.361+0000] {logging_mixin.py:190} INFO - [2026-08-11T21:34:45.360+0000] {dag.py:4138} INFO - Setting next_dagrun for flex_eau_pipeline to 2026-08-11 00:00:00+00:00, run_after=2026-08-12 00:00:00+00:00
[2026-08-11T21:34:45.427+0000] {processor.py:208} INFO - Processing /opt/airflow/dags/flex_eau_pipeline.py took 0.353 seconds
[2026-08-11T21:35:16.002+0000] {processor.py:186} INFO - Started process (PID=6292) to work on /opt/airflow/dags/flex_eau_pipeline.py
[2026-08-11T21:35:16.011+0000] {processor.py:914} INFO - Processing file /opt/airflow/dags/flex_eau_pipeline.py for tasks to queue
[2026-08-11T21:35:16.021+0000] {logging_mixin.py:190} INFO - [2026-08-11T21:35:16.019+0000] {dagbag.py:587} INFO - Filling up the DagBag from /opt/airflow/dags/flex_eau_pipeline.py
[2026-08-11T21:35:16.144+0000] {processor.py:925} INFO - DAG(s) 'flex_eau_pipeline' retrieved from /opt/airflow/dags/flex_eau_pipeline.py
[2026-08-11T21:35:16.352+0000] {logging_mixin.py:190} INFO - [2026-08-11T21:35:16.352+0000] {dag.py:3211} INFO - Sync 1 DAGs
[2026-08-11T21:35:16.472+0000] {logging_mixin.py:190} INFO - [2026-08-11T21:35:16.471+0000] {dag.py:4138} INFO - Setting next_dagrun for flex_eau_pipeline to 2026-08-11 00:00:00+00:00, run_after=2026-08-12 00:00:00+00:00
[2026-08-11T21:35:16.560+0000] {processor.py:208} INFO - Processing /opt/airflow/dags/flex_eau_pipeline.py took 0.607 seconds
[2026-08-11T21:35:47.263+0000] {processor.py:186} INFO - Started process (PID=6297) to work on /opt/airflow/dags/flex_eau_pipeline.py
[2026-08-11T21:35:47.268+0000] {processor.py:914} INFO - Processing file /opt/airflow/dags/flex_eau_pipeline.py for tasks to queue
[2026-08-11T21:35:47.275+0000] {logging_mixin.py:190} INFO - [2026-08-11T21:35:47.274+0000] {dagbag.py:587} INFO - Filling up the DagBag from /opt/airflow/dags/flex_eau_pipeline.py
[2026-08-11T21:35:47.375+0000] {processor.py:925} INFO - DAG(s) 'flex_eau_pipeline' retrieved from /opt/airflow/dags/flex_eau_pipeline.py
[2026-08-11T21:35:47.542+0000] {logging_mixin.py:190} INFO - [2026-08-11T21:35:47.542+0000] {dag.py:3211} INFO - Sync 1 DAGs
[2026-08-11T21:35:47.637+0000] {logging_mixin.py:190} INFO - [2026-08-11T21:35:47.636+0000] {dag.py:4138} INFO - Setting next_dagrun for flex_eau_pipeline to 2026-08-11 00:00:00+00:00, run_after=2026-08-12 00:00:00+00:00
[2026-08-11T21:35:47.730+0000] {processor.py:208} INFO - Processing /opt/airflow/dags/flex_eau_pipeline.py took 0.492 seconds
[2026-08-11T21:36:18.483+0000] {processor.py:186} INFO - Started process (PID=6302) to work on /opt/airflow/dags/flex_eau_pipeline.py
[2026-08-11T21:36:18.487+0000] {processor.py:914} INFO - Processing file /opt/airflow/dags/flex_eau_pipeline.py for tasks to queue
[2026-08-11T21:36:18.492+0000] {logging_mixin.py:190} INFO - [2026-08-11T21:36:18.491+0000] {dagbag.py:587} INFO - Filling up the DagBag from /opt/airflow/dags/flex_eau_pipeline.py
[2026-08-11T21:36:18.555+0000] {processor.py:925} INFO - DAG(s) 'flex_eau_pipeline' retrieved from /opt/airflow/dags/flex_eau_pipeline.py
[2026-08-11T21:36:18.654+0000] {logging_mixin.py:190} INFO - [2026-08-11T21:36:18.653+0000] {dag.py:3211} INFO - Sync 1 DAGs
[2026-08-11T21:36:18.698+0000] {logging_mixin.py:190} INFO - [2026-08-11T21:36:18.697+0000] {dag.py:4138} INFO - Setting next_dagrun for flex_eau_pipeline to 2026-08-11 00:00:00+00:00, run_after=2026-08-12 00:00:00+00:00
[2026-08-11T21:36:18.744+0000] {processor.py:208} INFO - Processing /opt/airflow/dags/flex_eau_pipeline.py took 0.284 seconds
[2026-08-11T21:36:49.398+0000] {processor.py:186} INFO - Started process (PID=6307) to work on /opt/airflow/dags/flex_eau_pipeline.py
[2026-08-11T21:36:49.401+0000] {processor.py:914} INFO - Processing file /opt/airflow/dags/flex_eau_pipeline.py for tasks to queue
[2026-08-11T21:36:49.405+0000] {logging_mixin.py:190} INFO - [2026-08-11T21:36:49.404+0000] {dagbag.py:587} INFO - Filling up the DagBag from /opt/airflow/dags/flex_eau_pipeline.py
[2026-08-11T21:36:49.471+0000] {processor.py:925} INFO - DAG(s) 'flex_eau_pipeline' retrieved from /opt/airflow/dags/flex_eau_pipeline.py
[2026-08-11T21:36:49.592+0000] {logging_mixin.py:190} INFO - [2026-08-11T21:36:49.592+0000] {dag.py:3211} INFO - Sync 1 DAGs
[2026-08-11T21:36:49.657+0000] {logging_mixin.py:190} INFO - [2026-08-11T21:36:49.657+0000] {dag.py:4138} INFO - Setting next_dagrun for flex_eau_pipeline to 2026-08-11 00:00:00+00:00, run_after=2026-08-12 00:00:00+00:00
[2026-08-11T21:36:49.712+0000] {processor.py:208} INFO - Processing /opt/airflow/dags/flex_eau_pipeline.py took 0.332 seconds
[2026-08-11T21:37:20.476+0000] {processor.py:186} INFO - Started process (PID=6312) to work on /opt/airflow/dags/flex_eau_pipeline.py
[2026-08-11T21:37:20.482+0000] {processor.py:914} INFO - Processing file /opt/airflow/dags/flex_eau_pipeline.py for tasks to queue
[2026-08-11T21:37:20.489+0000] {logging_mixin.py:190} INFO - [2026-08-11T21:37:20.488+0000] {dagbag.py:587} INFO - Filling up the DagBag from /opt/airflow/dags/flex_eau_pipeline.py
[2026-08-11T21:37:20.598+0000] {processor.py:925} INFO - DAG(s) 'flex_eau_pipeline' retrieved from /opt/airflow/dags/flex_eau_pipeline.py
[2026-08-11T21:37:20.748+0000] {logging_mixin.py:190} INFO - [2026-08-11T21:37:20.747+0000] {dag.py:3211} INFO - Sync 1 DAGs
[2026-08-11T21:37:20.811+0000] {logging_mixin.py:190} INFO - [2026-08-11T21:37:20.810+0000] {dag.py:4138} INFO - Setting next_dagrun for flex_eau_pipeline to 2026-08-11 00:00:00+00:00, run_after=2026-08-12 00:00:00+00:00
[2026-08-11T21:37:20.879+0000] {processor.py:208} INFO - Processing /opt/airflow/dags/flex_eau_pipeline.py took 0.441 seconds
[2026-08-11T21:37:51.404+0000] {processor.py:186} INFO - Started process (PID=6317) to work on /opt/airflow/dags/flex_eau_pipeline.py
[2026-08-11T21:37:51.408+0000] {processor.py:914} INFO - Processing file /opt/airflow/dags/flex_eau_pipeline.py for tasks to queue
[2026-08-11T21:37:51.412+0000] {logging_mixin.py:190} INFO - [2026-08-11T21:37:51.411+0000] {dagbag.py:587} INFO - Filling up the DagBag from /opt/airflow/dags/flex_eau_pipeline.py
[2026-08-11T21:37:51.472+0000] {processor.py:925} INFO - DAG(s) 'flex_eau_pipeline' retrieved from /opt/airflow/dags/flex_eau_pipeline.py
[2026-08-11T21:37:51.586+0000] {logging_mixin.py:190} INFO - [2026-08-11T21:37:51.586+0000] {dag.py:3211} INFO - Sync 1 DAGs
[2026-08-11T21:37:51.652+0000] {logging_mixin.py:190} INFO - [2026-08-11T21:37:51.651+0000] {dag.py:4138} INFO - Setting next_dagrun for flex_eau_pipeline to 2026-08-11 00:00:00+00:00, run_after=2026-08-12 00:00:00+00:00
[2026-08-11T21:37:51.706+0000] {processor.py:208} INFO - Processing /opt/airflow/dags/flex_eau_pipeline.py took 0.322 seconds
[2026-08-11T21:38:22.726+0000] {processor.py:186} INFO - Started process (PID=6322) to work on /opt/airflow/dags/flex_eau_pipeline.py
[2026-08-11T21:38:22.731+0000] {processor.py:914} INFO - Processing file /opt/airflow/dags/flex_eau_pipeline.py for tasks to queue
[2026-08-11T21:38:22.737+0000] {logging_mixin.py:190} INFO - [2026-08-11T21:38:22.736+0000] {dagbag.py:587} INFO - Filling up the DagBag from /opt/airflow/dags/flex_eau_pipeline.py
[2026-08-11T21:38:22.801+0000] {processor.py:925} INFO - DAG(s) 'flex_eau_pipeline' retrieved from /opt/airflow/dags/flex_eau_pipeline.py
[2026-08-11T21:38:22.902+0000] {logging_mixin.py:190} INFO - [2026-08-11T21:38:22.902+0000] {dag.py:3211} INFO - Sync 1 DAGs
[2026-08-11T21:38:22.965+0000] {logging_mixin.py:190} INFO - [2026-08-11T21:38:22.965+0000] {dag.py:4138} INFO - Setting next_dagrun for flex_eau_pipeline to 2026-08-11 00:00:00+00:00, run_after=2026-08-12 00:00:00+00:00
[2026-08-11T21:38:23.016+0000] {processor.py:208} INFO - Processing /opt/airflow/dags/flex_eau_pipeline.py took 0.332 seconds
[2026-08-11T21:38:53.548+0000] {processor.py:186} INFO - Started process (PID=6327) to work on /opt/airflow/dags/flex_eau_pipeline.py
[2026-08-11T21:38:53.551+0000] {processor.py:914} INFO - Processing file /opt/airflow/dags/flex_eau_pipeline.py for tasks to queue
[2026-08-11T21:38:53.554+0000] {logging_mixin.py:190} INFO - [2026-08-11T21:38:53.553+0000] {dagbag.py:587} INFO - Filling up the DagBag from /opt/airflow/dags/flex_eau_pipeline.py
[2026-08-11T21:38:53.604+0000] {processor.py:925} INFO - DAG(s) 'flex_eau_pipeline' retrieved from /opt/airflow/dags/flex_eau_pipeline.py
[2026-08-11T21:38:53.702+0000] {logging_mixin.py:190} INFO - [2026-08-11T21:38:53.701+0000] {dag.py:3211} INFO - Sync 1 DAGs
[2026-08-11T21:38:53.766+0000] {logging_mixin.py:190} INFO - [2026-08-11T21:38:53.765+0000] {dag.py:4138} INFO - Setting next_dagrun for flex_eau_pipeline to 2026-08-11 00:00:00+00:00, run_after=2026-08-12 00:00:00+00:00
[2026-08-11T21:38:53.822+0000] {processor.py:208} INFO - Processing /opt/airflow/dags/flex_eau_pipeline.py took 0.292 seconds
[2026-08-11T21:39:24.801+0000] {processor.py:186} INFO - Started process (PID=6332) to work on /opt/airflow/dags/flex_eau_pipeline.py
[2026-08-11T21:39:24.810+0000] {processor.py:914} INFO - Processing file /opt/airflow/dags/flex_eau_pipeline.py for tasks to queue
[2026-08-11T21:39:24.818+0000] {logging_mixin.py:190} INFO - [2026-08-11T21:39:24.816+0000] {dagbag.py:587} INFO - Filling up the DagBag from /opt/airflow/dags/flex_eau_pipeline.py
[2026-08-11T21:39:24.940+0000] {processor.py:925} INFO - DAG(s) 'flex_eau_pipeline' retrieved from /opt/airflow/dags/flex_eau_pipeline.py
[2026-08-11T21:39:25.115+0000] {logging_mixin.py:190} INFO - [2026-08-11T21:39:25.115+0000] {dag.py:3211} INFO - Sync 1 DAGs
[2026-08-11T21:39:25.189+0000] {logging_mixin.py:190} INFO - [2026-08-11T21:39:25.188+0000] {dag.py:4138} INFO - Setting next_dagrun for flex_eau_pipeline to 2026-08-11 00:00:00+00:00, run_after=2026-08-12 00:00:00+00:00
[2026-08-11T21:39:25.256+0000] {processor.py:208} INFO - Processing /opt/airflow/dags/flex_eau_pipeline.py took 0.514 seconds
[2026-08-11T21:39:55.668+0000] {processor.py:186} INFO - Started process (PID=6337) to work on /opt/airflow/dags/flex_eau_pipeline.py
[2026-08-11T21:39:55.674+0000] {processor.py:914} INFO - Processing file /opt/airflow/dags/flex_eau_pipeline.py for tasks to queue
[2026-08-11T21:39:55.680+0000] {logging_mixin.py:190} INFO - [2026-08-11T21:39:55.679+0000] {dagbag.py:587} INFO - Filling up the DagBag from /opt/airflow/dags/flex_eau_pipeline.py
[2026-08-11T21:39:55.788+0000] {processor.py:925} INFO - DAG(s) 'flex_eau_pipeline' retrieved from /opt/airflow/dags/flex_eau_pipeline.py
[2026-08-11T21:39:55.991+0000] {logging_mixin.py:190} INFO - [2026-08-11T21:39:55.990+0000] {dag.py:3211} INFO - Sync 1 DAGs
[2026-08-11T21:39:56.109+0000] {logging_mixin.py:190} INFO - [2026-08-11T21:39:56.107+0000] {dag.py:4138} INFO - Setting next_dagrun for flex_eau_pipeline to 2026-08-11 00:00:00+00:00, run_after=2026-08-12 00:00:00+00:00
[2026-08-11T21:39:56.198+0000] {processor.py:208} INFO - Processing /opt/airflow/dags/flex_eau_pipeline.py took 0.564 seconds
[2026-08-11T21:40:27.073+0000] {processor.py:186} INFO - Started process (PID=6342) to work on /opt/airflow/dags/flex_eau_pipeline.py
[2026-08-11T21:40:27.078+0000] {processor.py:914} INFO - Processing file /opt/airflow/dags/flex_eau_pipeline.py for tasks to queue
[2026-08-11T21:40:27.084+0000] {logging_mixin.py:190} INFO - [2026-08-11T21:40:27.083+0000] {dagbag.py:587} INFO - Filling up the DagBag from /opt/airflow/dags/flex_eau_pipeline.py
[2026-08-11T21:40:27.192+0000] {processor.py:925} INFO - DAG(s) 'flex_eau_pipeline' retrieved from /opt/airflow/dags/flex_eau_pipeline.py
[2026-08-11T21:40:27.371+0000] {logging_mixin.py:190} INFO - [2026-08-11T21:40:27.370+0000] {dag.py:3211} INFO - Sync 1 DAGs
[2026-08-11T21:40:27.415+0000] {logging_mixin.py:190} INFO - [2026-08-11T21:40:27.415+0000] {dag.py:4138} INFO - Setting next_dagrun for flex_eau_pipeline to 2026-08-11 00:00:00+00:00, run_after=2026-08-12 00:00:00+00:00
[2026-08-11T21:40:27.471+0000] {processor.py:208} INFO - Processing /opt/airflow/dags/flex_eau_pipeline.py took 0.434 seconds
[2026-08-11T21:40:58.206+0000] {processor.py:186} INFO - Started process (PID=6347) to work on /opt/airflow/dags/flex_eau_pipeline.py
[2026-08-11T21:40:58.209+0000] {processor.py:914} INFO - Processing file /opt/airflow/dags/flex_eau_pipeline.py for tasks to queue
[2026-08-11T21:40:58.213+0000] {logging_mixin.py:190} INFO - [2026-08-11T21:40:58.212+0000] {dagbag.py:587} INFO - Filling up the DagBag from /opt/airflow/dags/flex_eau_pipeline.py
[2026-08-11T21:40:58.256+0000] {processor.py:925} INFO - DAG(s) 'flex_eau_pipeline' retrieved from /opt/airflow/dags/flex_eau_pipeline.py
[2026-08-11T21:40:58.338+0000] {logging_mixin.py:190} INFO - [2026-08-11T21:40:58.338+0000] {dag.py:3211} INFO - Sync 1 DAGs
[2026-08-11T21:40:58.391+0000] {logging_mixin.py:190} INFO - [2026-08-11T21:40:58.390+0000] {dag.py:4138} INFO - Setting next_dagrun for flex_eau_pipeline to 2026-08-11 00:00:00+00:00, run_after=2026-08-12 00:00:00+00:00
[2026-08-11T21:40:58.426+0000] {processor.py:208} INFO - Processing /opt/airflow/dags/flex_eau_pipeline.py took 0.234 seconds
[2026-08-11T21:41:29.396+0000] {processor.py:186} INFO - Started process (PID=6352) to work on /opt/airflow/dags/flex_eau_pipeline.py
[2026-08-11T21:41:29.402+0000] {processor.py:914} INFO - Processing file /opt/airflow/dags/flex_eau_pipeline.py for tasks to queue
[2026-08-11T21:41:29.409+0000] {logging_mixin.py:190} INFO - [2026-08-11T21:41:29.408+0000] {dagbag.py:587} INFO - Filling up the DagBag from /opt/airflow/dags/flex_eau_pipeline.py
[2026-08-11T21:41:29.495+0000] {processor.py:925} INFO - DAG(s) 'flex_eau_pipeline' retrieved from /opt/airflow/dags/flex_eau_pipeline.py
[2026-08-11T21:41:29.606+0000] {logging_mixin.py:190} INFO - [2026-08-11T21:41:29.606+0000] {dag.py:3211} INFO - Sync 1 DAGs
[2026-08-11T21:41:29.649+0000] {logging_mixin.py:190} INFO - [2026-08-11T21:41:29.648+0000] {dag.py:4138} INFO - Setting next_dagrun for flex_eau_pipeline to 2026-08-11 00:00:00+00:00, run_after=2026-08-12 00:00:00+00:00
[2026-08-11T21:41:29.695+0000] {processor.py:208} INFO - Processing /opt/airflow/dags/flex_eau_pipeline.py took 0.331 seconds
[2026-08-11T21:42:00.344+0000] {processor.py:186} INFO - Started process (PID=6357) to work on /opt/airflow/dags/flex_eau_pipeline.py
[2026-08-11T21:42:00.350+0000] {processor.py:914} INFO - Processing file /opt/airflow/dags/flex_eau_pipeline.py for tasks to queue
[2026-08-11T21:42:00.358+0000] {logging_mixin.py:190} INFO - [2026-08-11T21:42:00.357+0000] {dagbag.py:587} INFO - Filling up the DagBag from /opt/airflow/dags/flex_eau_pipeline.py
[2026-08-11T21:42:00.471+0000] {processor.py:925} INFO - DAG(s) 'flex_eau_pipeline' retrieved from /opt/airflow/dags/flex_eau_pipeline.py
[2026-08-11T21:42:00.635+0000] {logging_mixin.py:190} INFO - [2026-08-11T21:42:00.635+0000] {dag.py:3211} INFO - Sync 1 DAGs
[2026-08-11T21:42:00.705+0000] {logging_mixin.py:190} INFO - [2026-08-11T21:42:00.704+0000] {dag.py:4138} INFO - Setting next_dagrun for flex_eau_pipeline to 2026-08-11 00:00:00+00:00, run_after=2026-08-12 00:00:00+00:00
[2026-08-11T21:42:00.758+0000] {processor.py:208} INFO - Processing /opt/airflow/dags/flex_eau_pipeline.py took 0.450 seconds
[2026-08-11T21:42:31.472+0000] {processor.py:186} INFO - Started process (PID=6362) to work on /opt/airflow/dags/flex_eau_pipeline.py
[2026-08-11T21:42:31.479+0000] {processor.py:914} INFO - Processing file /opt/airflow/dags/flex_eau_pipeline.py for tasks to queue
[2026-08-11T21:42:31.488+0000] {logging_mixin.py:190} INFO - [2026-08-11T21:42:31.486+0000] {dagbag.py:587} INFO - Filling up the DagBag from /opt/airflow/dags/flex_eau_pipeline.py
[2026-08-11T21:42:31.626+0000] {processor.py:925} INFO - DAG(s) 'flex_eau_pipeline' retrieved from /opt/airflow/dags/flex_eau_pipeline.py
[2026-08-11T21:42:31.802+0000] {logging_mixin.py:190} INFO - [2026-08-11T21:42:31.802+0000] {dag.py:3211} INFO - Sync 1 DAGs
[2026-08-11T21:42:31.852+0000] {logging_mixin.py:190} INFO - [2026-08-11T21:42:31.852+0000] {dag.py:4138} INFO - Setting next_dagrun for flex_eau_pipeline to 2026-08-11 00:00:00+00:00, run_after=2026-08-12 00:00:00+00:00
[2026-08-11T21:42:31.917+0000] {processor.py:208} INFO - Processing /opt/airflow/dags/flex_eau_pipeline.py took 0.485 seconds
[2026-08-11T21:43:02.556+0000] {processor.py:186} INFO - Started process (PID=6367) to work on /opt/airflow/dags/flex_eau_pipeline.py
[2026-08-11T21:43:02.562+0000] {processor.py:914} INFO - Processing file /opt/airflow/dags/flex_eau_pipeline.py for tasks to queue
[2026-08-11T21:43:02.569+0000] {logging_mixin.py:190} INFO - [2026-08-11T21:43:02.567+0000] {dagbag.py:587} INFO - Filling up the DagBag from /opt/airflow/dags/flex_eau_pipeline.py
[2026-08-11T21:43:02.634+0000] {processor.py:925} INFO - DAG(s) 'flex_eau_pipeline' retrieved from /opt/airflow/dags/flex_eau_pipeline.py
[2026-08-11T21:43:02.745+0000] {logging_mixin.py:190} INFO - [2026-08-11T21:43:02.745+0000] {dag.py:3211} INFO - Sync 1 DAGs
[2026-08-11T21:43:02.832+0000] {logging_mixin.py:190} INFO - [2026-08-11T21:43:02.831+0000] {dag.py:4138} INFO - Setting next_dagrun for flex_eau_pipeline to 2026-08-11 00:00:00+00:00, run_after=2026-08-12 00:00:00+00:00
[2026-08-11T21:43:02.893+0000] {processor.py:208} INFO - Processing /opt/airflow/dags/flex_eau_pipeline.py took 0.374 seconds
[2026-08-11T21:43:33.616+0000] {processor.py:186} INFO - Started process (PID=6372) to work on /opt/airflow/dags/flex_eau_pipeline.py
[2026-08-11T21:43:33.619+0000] {processor.py:914} INFO - Processing file /opt/airflow/dags/flex_eau_pipeline.py for tasks to queue
[2026-08-11T21:43:33.623+0000] {logging_mixin.py:190} INFO - [2026-08-11T21:43:33.623+0000] {dagbag.py:587} INFO - Filling up the DagBag from /opt/airflow/dags/flex_eau_pipeline.py
[2026-08-11T21:43:33.687+0000] {processor.py:925} INFO - DAG(s) 'flex_eau_pipeline' retrieved from /opt/airflow/dags/flex_eau_pipeline.py
[2026-08-11T21:43:33.800+0000] {logging_mixin.py:190} INFO - [2026-08-11T21:43:33.799+0000] {dag.py:3211} INFO - Sync 1 DAGs
[2026-08-11T21:43:33.855+0000] {logging_mixin.py:190} INFO - [2026-08-11T21:43:33.854+0000] {dag.py:4138} INFO - Setting next_dagrun for flex_eau_pipeline to 2026-08-11 00:00:00+00:00, run_after=2026-08-12 00:00:00+00:00
[2026-08-11T21:43:33.908+0000] {processor.py:208} INFO - Processing /opt/airflow/dags/flex_eau_pipeline.py took 0.311 seconds
[2026-08-11T21:44:04.646+0000] {processor.py:186} INFO - Started process (PID=6377) to work on /opt/airflow/dags/flex_eau_pipeline.py
[2026-08-11T21:44:04.652+0000] {processor.py:914} INFO - Processing file /opt/airflow/dags/flex_eau_pipeline.py for tasks to queue
[2026-08-11T21:44:04.659+0000] {logging_mixin.py:190} INFO - [2026-08-11T21:44:04.658+0000] {dagbag.py:587} INFO - Filling up the DagBag from /opt/airflow/dags/flex_eau_pipeline.py
[2026-08-11T21:44:04.784+0000] {processor.py:925} INFO - DAG(s) 'flex_eau_pipeline' retrieved from /opt/airflow/dags/flex_eau_pipeline.py
[2026-08-11T21:44:04.982+0000] {logging_mixin.py:190} INFO - [2026-08-11T21:44:04.982+0000] {dag.py:3211} INFO - Sync 1 DAGs
[2026-08-11T21:44:05.026+0000] {logging_mixin.py:190} INFO - [2026-08-11T21:44:05.025+0000] {dag.py:4138} INFO - Setting next_dagrun for flex_eau_pipeline to 2026-08-11 00:00:00+00:00, run_after=2026-08-12 00:00:00+00:00
[2026-08-11T21:44:05.073+0000] {processor.py:208} INFO - Processing /opt/airflow/dags/flex_eau_pipeline.py took 0.472 seconds
[2026-08-11T21:44:35.714+0000] {processor.py:186} INFO - Started process (PID=6382) to work on /opt/airflow/dags/flex_eau_pipeline.py
[2026-08-11T21:44:35.720+0000] {processor.py:914} INFO - Processing file /opt/airflow/dags/flex_eau_pipeline.py for tasks to queue
[2026-08-11T21:44:35.726+0000] {logging_mixin.py:190} INFO - [2026-08-11T21:44:35.725+0000] {dagbag.py:587} INFO - Filling up the DagBag from /opt/airflow/dags/flex_eau_pipeline.py
[2026-08-11T21:44:35.837+0000] {processor.py:925} INFO - DAG(s) 'flex_eau_pipeline' retrieved from /opt/airflow/dags/flex_eau_pipeline.py
[2026-08-11T21:44:35.974+0000] {logging_mixin.py:190} INFO - [2026-08-11T21:44:35.973+0000] {dag.py:3211} INFO - Sync 1 DAGs
[2026-08-11T21:44:36.028+0000] {logging_mixin.py:190} INFO - [2026-08-11T21:44:36.028+0000] {dag.py:4138} INFO - Setting next_dagrun for flex_eau_pipeline to 2026-08-11 00:00:00+00:00, run_after=2026-08-12 00:00:00+00:00
[2026-08-11T21:44:36.075+0000] {processor.py:208} INFO - Processing /opt/airflow/dags/flex_eau_pipeline.py took 0.398 seconds
[2026-08-11T21:45:06.906+0000] {processor.py:186} INFO - Started process (PID=6387) to work on /opt/airflow/dags/flex_eau_pipeline.py
[2026-08-11T21:45:06.912+0000] {processor.py:914} INFO - Processing file /opt/airflow/dags/flex_eau_pipeline.py for tasks to queue
[2026-08-11T21:45:06.920+0000] {logging_mixin.py:190} INFO - [2026-08-11T21:45:06.919+0000] {dagbag.py:587} INFO - Filling up the DagBag from /opt/airflow/dags/flex_eau_pipeline.py
[2026-08-11T21:45:07.049+0000] {processor.py:925} INFO - DAG(s) 'flex_eau_pipeline' retrieved from /opt/airflow/dags/flex_eau_pipeline.py
[2026-08-11T21:45:07.254+0000] {logging_mixin.py:190} INFO - [2026-08-11T21:45:07.253+0000] {dag.py:3211} INFO - Sync 1 DAGs
[2026-08-11T21:45:07.344+0000] {logging_mixin.py:190} INFO - [2026-08-11T21:45:07.343+0000] {dag.py:4138} INFO - Setting next_dagrun for flex_eau_pipeline to 2026-08-11 00:00:00+00:00, run_after=2026-08-12 00:00:00+00:00
[2026-08-11T21:45:07.416+0000] {processor.py:208} INFO - Processing /opt/airflow/dags/flex_eau_pipeline.py took 0.548 seconds
[2026-08-11T21:45:38.032+0000] {processor.py:186} INFO - Started process (PID=6392) to work on /opt/airflow/dags/flex_eau_pipeline.py
[2026-08-11T21:45:38.038+0000] {processor.py:914} INFO - Processing file /opt/airflow/dags/flex_eau_pipeline.py for tasks to queue
[2026-08-11T21:45:38.044+0000] {logging_mixin.py:190} INFO - [2026-08-11T21:45:38.043+0000] {dagbag.py:587} INFO - Filling up the DagBag from /opt/airflow/dags/flex_eau_pipeline.py
[2026-08-11T21:45:38.155+0000] {processor.py:925} INFO - DAG(s) 'flex_eau_pipeline' retrieved from /opt/airflow/dags/flex_eau_pipeline.py
[2026-08-11T21:45:38.299+0000] {logging_mixin.py:190} INFO - [2026-08-11T21:45:38.298+0000] {dag.py:3211} INFO - Sync 1 DAGs
[2026-08-11T21:45:38.362+0000] {logging_mixin.py:190} INFO - [2026-08-11T21:45:38.361+0000] {dag.py:4138} INFO - Setting next_dagrun for flex_eau_pipeline to 2026-08-11 00:00:00+00:00, run_after=2026-08-12 00:00:00+00:00
[2026-08-11T21:45:38.413+0000] {processor.py:208} INFO - Processing /opt/airflow/dags/flex_eau_pipeline.py took 0.415 seconds
[2026-08-11T21:46:09.236+0000] {processor.py:186} INFO - Started process (PID=6397) to work on /opt/airflow/dags/flex_eau_pipeline.py
[2026-08-11T21:46:09.241+0000] {processor.py:914} INFO - Processing file /opt/airflow/dags/flex_eau_pipeline.py for tasks to queue
[2026-08-11T21:46:09.249+0000] {logging_mixin.py:190} INFO - [2026-08-11T21:46:09.247+0000] {dagbag.py:587} INFO - Filling up the DagBag from /opt/airflow/dags/flex_eau_pipeline.py
[2026-08-11T21:46:09.368+0000] {processor.py:925} INFO - DAG(s) 'flex_eau_pipeline' retrieved from /opt/airflow/dags/flex_eau_pipeline.py
[2026-08-11T21:46:09.572+0000] {logging_mixin.py:190} INFO - [2026-08-11T21:46:09.571+0000] {dag.py:3211} INFO - Sync 1 DAGs
[2026-08-11T21:46:09.643+0000] {logging_mixin.py:190} INFO - [2026-08-11T21:46:09.642+0000] {dag.py:4138} INFO - Setting next_dagrun for flex_eau_pipeline to 2026-08-11 00:00:00+00:00, run_after=2026-08-12 00:00:00+00:00
[2026-08-11T21:46:09.729+0000] {processor.py:208} INFO - Processing /opt/airflow/dags/flex_eau_pipeline.py took 0.533 seconds
[2026-08-11T21:46:40.166+0000] {processor.py:186} INFO - Started process (PID=6402) to work on /opt/airflow/dags/flex_eau_pipeline.py
[2026-08-11T21:46:40.172+0000] {processor.py:914} INFO - Processing file /opt/airflow/dags/flex_eau_pipeline.py for tasks to queue
[2026-08-11T21:46:40.178+0000] {logging_mixin.py:190} INFO - [2026-08-11T21:46:40.177+0000] {dagbag.py:587} INFO - Filling up the DagBag from /opt/airflow/dags/flex_eau_pipeline.py
[2026-08-11T21:46:40.297+0000] {processor.py:925} INFO - DAG(s) 'flex_eau_pipeline' retrieved from /opt/airflow/dags/flex_eau_pipeline.py
[2026-08-11T21:46:40.498+0000] {logging_mixin.py:190} INFO - [2026-08-11T21:46:40.497+0000] {dag.py:3211} INFO - Sync 1 DAGs
[2026-08-11T21:46:40.623+0000] {logging_mixin.py:190} INFO - [2026-08-11T21:46:40.622+0000] {dag.py:4138} INFO - Setting next_dagrun for flex_eau_pipeline to 2026-08-11 00:00:00+00:00, run_after=2026-08-12 00:00:00+00:00
[2026-08-11T21:46:40.712+0000] {processor.py:208} INFO - Processing /opt/airflow/dags/flex_eau_pipeline.py took 0.583 seconds
[2026-08-11T21:47:11.552+0000] {processor.py:186} INFO - Started process (PID=6407) to work on /opt/airflow/dags/flex_eau_pipeline.py
[2026-08-11T21:47:11.558+0000] {processor.py:914} INFO - Processing file /opt/airflow/dags/flex_eau_pipeline.py for tasks to queue
[2026-08-11T21:47:11.576+0000] {logging_mixin.py:190} INFO - [2026-08-11T21:47:11.574+0000] {dagbag.py:587} INFO - Filling up the DagBag from /opt/airflow/dags/flex_eau_pipeline.py
[2026-08-11T21:47:11.643+0000] {processor.py:925} INFO - DAG(s) 'flex_eau_pipeline' retrieved from /opt/airflow/dags/flex_eau_pipeline.py
[2026-08-11T21:47:11.709+0000] {logging_mixin.py:190} INFO - [2026-08-11T21:47:11.708+0000] {dag.py:3211} INFO - Sync 1 DAGs
[2026-08-11T21:47:11.782+0000] {logging_mixin.py:190} INFO - [2026-08-11T21:47:11.781+0000] {dag.py:4138} INFO - Setting next_dagrun for flex_eau_pipeline to 2026-08-11 00:00:00+00:00, run_after=2026-08-12 00:00:00+00:00
[2026-08-11T21:47:11.850+0000] {processor.py:208} INFO - Processing /opt/airflow/dags/flex_eau_pipeline.py took 0.351 seconds
[2026-08-11T21:47:42.387+0000] {processor.py:186} INFO - Started process (PID=6412) to work on /opt/airflow/dags/flex_eau_pipeline.py
[2026-08-11T21:47:42.389+0000] {processor.py:914} INFO - Processing file /opt/airflow/dags/flex_eau_pipeline.py for tasks to queue
[2026-08-11T21:47:42.392+0000] {logging_mixin.py:190} INFO - [2026-08-11T21:47:42.391+0000] {dagbag.py:587} INFO - Filling up the DagBag from /opt/airflow/dags/flex_eau_pipeline.py
[2026-08-11T21:47:42.433+0000] {processor.py:925} INFO - DAG(s) 'flex_eau_pipeline' retrieved from /opt/airflow/dags/flex_eau_pipeline.py
[2026-08-11T21:47:42.571+0000] {logging_mixin.py:190} INFO - [2026-08-11T21:47:42.570+0000] {dag.py:3211} INFO - Sync 1 DAGs
[2026-08-11T21:47:42.680+0000] {logging_mixin.py:190} INFO - [2026-08-11T21:47:42.679+0000] {dag.py:4138} INFO - Setting next_dagrun for flex_eau_pipeline to 2026-08-11 00:00:00+00:00, run_after=2026-08-12 00:00:00+00:00
[2026-08-11T21:47:42.747+0000] {processor.py:208} INFO - Processing /opt/airflow/dags/flex_eau_pipeline.py took 0.372 seconds
[2026-08-11T21:48:13.629+0000] {processor.py:186} INFO - Started process (PID=6417) to work on /opt/airflow/dags/flex_eau_pipeline.py
[2026-08-11T21:48:13.634+0000] {processor.py:914} INFO - Processing file /opt/airflow/dags/flex_eau_pipeline.py for tasks to queue
[2026-08-11T21:48:13.641+0000] {logging_mixin.py:190} INFO - [2026-08-11T21:48:13.640+0000] {dagbag.py:587} INFO - Filling up the DagBag from /opt/airflow/dags/flex_eau_pipeline.py
[2026-08-11T21:48:13.750+0000] {processor.py:925} INFO - DAG(s) 'flex_eau_pipeline' retrieved from /opt/airflow/dags/flex_eau_pipeline.py
[2026-08-11T21:48:13.918+0000] {logging_mixin.py:190} INFO - [2026-08-11T21:48:13.917+0000] {dag.py:3211} INFO - Sync 1 DAGs
[2026-08-11T21:48:13.963+0000] {logging_mixin.py:190} INFO - [2026-08-11T21:48:13.962+0000] {dag.py:4138} INFO - Setting next_dagrun for flex_eau_pipeline to 2026-08-11 00:00:00+00:00, run_after=2026-08-12 00:00:00+00:00
[2026-08-11T21:48:14.005+0000] {processor.py:208} INFO - Processing /opt/airflow/dags/flex_eau_pipeline.py took 0.414 seconds
[2026-08-11T21:48:44.518+0000] {processor.py:186} INFO - Started process (PID=6422) to work on /opt/airflow/dags/flex_eau_pipeline.py
[2026-08-11T21:48:44.524+0000] {processor.py:914} INFO - Processing file /opt/airflow/dags/flex_eau_pipeline.py for tasks to queue
[2026-08-11T21:48:44.531+0000] {logging_mixin.py:190} INFO - [2026-08-11T21:48:44.529+0000] {dagbag.py:587} INFO - Filling up the DagBag from /opt/airflow/dags/flex_eau_pipeline.py
[2026-08-11T21:48:44.634+0000] {processor.py:925} INFO - DAG(s) 'flex_eau_pipeline' retrieved from /opt/airflow/dags/flex_eau_pipeline.py
[2026-08-11T21:48:44.843+0000] {logging_mixin.py:190} INFO - [2026-08-11T21:48:44.843+0000] {dag.py:3211} INFO - Sync 1 DAGs
[2026-08-11T21:48:44.944+0000] {logging_mixin.py:190} INFO - [2026-08-11T21:48:44.943+0000] {dag.py:4138} INFO - Setting next_dagrun for flex_eau_pipeline to 2026-08-11 00:00:00+00:00, run_after=2026-08-12 00:00:00+00:00
[2026-08-11T21:48:45.010+0000] {processor.py:208} INFO - Processing /opt/airflow/dags/flex_eau_pipeline.py took 0.529 seconds
[2026-08-11T21:49:15.756+0000] {processor.py:186} INFO - Started process (PID=6427) to work on /opt/airflow/dags/flex_eau_pipeline.py
[2026-08-11T21:49:15.762+0000] {processor.py:914} INFO - Processing file /opt/airflow/dags/flex_eau_pipeline.py for tasks to queue
[2026-08-11T21:49:15.769+0000] {logging_mixin.py:190} INFO - [2026-08-11T21:49:15.767+0000] {dagbag.py:587} INFO - Filling up the DagBag from /opt/airflow/dags/flex_eau_pipeline.py
[2026-08-11T21:49:15.871+0000] {processor.py:925} INFO - DAG(s) 'flex_eau_pipeline' retrieved from /opt/airflow/dags/flex_eau_pipeline.py
[2026-08-11T21:49:15.998+0000] {logging_mixin.py:190} INFO - [2026-08-11T21:49:15.997+0000] {dag.py:3211} INFO - Sync 1 DAGs
[2026-08-11T21:49:16.060+0000] {logging_mixin.py:190} INFO - [2026-08-11T21:49:16.059+0000] {dag.py:4138} INFO - Setting next_dagrun for flex_eau_pipeline to 2026-08-11 00:00:00+00:00, run_after=2026-08-12 00:00:00+00:00
[2026-08-11T21:49:16.114+0000] {processor.py:208} INFO - Processing /opt/airflow/dags/flex_eau_pipeline.py took 0.394 seconds
[2026-08-11T21:49:46.889+0000] {processor.py:186} INFO - Started process (PID=6432) to work on /opt/airflow/dags/flex_eau_pipeline.py
[2026-08-11T21:49:46.892+0000] {processor.py:914} INFO - Processing file /opt/airflow/dags/flex_eau_pipeline.py for tasks to queue
[2026-08-11T21:49:46.895+0000] {logging_mixin.py:190} INFO - [2026-08-11T21:49:46.895+0000] {dagbag.py:587} INFO - Filling up the DagBag from /opt/airflow/dags/flex_eau_pipeline.py
[2026-08-11T21:49:46.955+0000] {processor.py:925} INFO - DAG(s) 'flex_eau_pipeline' retrieved from /opt/airflow/dags/flex_eau_pipeline.py
[2026-08-11T21:49:47.080+0000] {logging_mixin.py:190} INFO - [2026-08-11T21:49:47.079+0000] {dag.py:3211} INFO - Sync 1 DAGs
[2026-08-11T21:49:47.141+0000] {logging_mixin.py:190} INFO - [2026-08-11T21:49:47.141+0000] {dag.py:4138} INFO - Setting next_dagrun for flex_eau_pipeline to 2026-08-11 00:00:00+00:00, run_after=2026-08-12 00:00:00+00:00
[2026-08-11T21:49:47.175+0000] {processor.py:208} INFO - Processing /opt/airflow/dags/flex_eau_pipeline.py took 0.322 seconds
[2026-08-11T21:50:17.870+0000] {processor.py:186} INFO - Started process (PID=6437) to work on /opt/airflow/dags/flex_eau_pipeline.py
[2026-08-11T21:50:17.875+0000] {processor.py:914} INFO - Processing file /opt/airflow/dags/flex_eau_pipeline.py for tasks to queue
[2026-08-11T21:50:17.879+0000] {logging_mixin.py:190} INFO - [2026-08-11T21:50:17.878+0000] {dagbag.py:587} INFO - Filling up the DagBag from /opt/airflow/dags/flex_eau_pipeline.py
[2026-08-11T21:50:17.954+0000] {processor.py:925} INFO - DAG(s) 'flex_eau_pipeline' retrieved from /opt/airflow/dags/flex_eau_pipeline.py
[2026-08-11T21:50:18.076+0000] {logging_mixin.py:190} INFO - [2026-08-11T21:50:18.076+0000] {dag.py:3211} INFO - Sync 1 DAGs
[2026-08-11T21:50:18.137+0000] {logging_mixin.py:190} INFO - [2026-08-11T21:50:18.136+0000] {dag.py:4138} INFO - Setting next_dagrun for flex_eau_pipeline to 2026-08-11 00:00:00+00:00, run_after=2026-08-12 00:00:00+00:00
[2026-08-11T21:50:18.189+0000] {processor.py:208} INFO - Processing /opt/airflow/dags/flex_eau_pipeline.py took 0.355 seconds
[2026-08-11T21:50:48.547+0000] {processor.py:186} INFO - Started process (PID=6442) to work on /opt/airflow/dags/flex_eau_pipeline.py
[2026-08-11T21:50:48.549+0000] {processor.py:914} INFO - Processing file /opt/airflow/dags/flex_eau_pipeline.py for tasks to queue
[2026-08-11T21:50:48.550+0000] {logging_mixin.py:190} INFO - [2026-08-11T21:50:48.550+0000] {dagbag.py:587} INFO - Filling up the DagBag from /opt/airflow/dags/flex_eau_pipeline.py
[2026-08-11T21:50:48.579+0000] {processor.py:925} INFO - DAG(s) 'flex_eau_pipeline' retrieved from /opt/airflow/dags/flex_eau_pipeline.py
[2026-08-11T21:50:48.626+0000] {logging_mixin.py:190} INFO - [2026-08-11T21:50:48.625+0000] {dag.py:3211} INFO - Sync 1 DAGs
[2026-08-11T21:50:48.654+0000] {logging_mixin.py:190} INFO - [2026-08-11T21:50:48.654+0000] {dag.py:4138} INFO - Setting next_dagrun for flex_eau_pipeline to 2026-08-11 00:00:00+00:00, run_after=2026-08-12 00:00:00+00:00
[2026-08-11T21:50:48.682+0000] {processor.py:208} INFO - Processing /opt/airflow/dags/flex_eau_pipeline.py took 0.143 seconds
[2026-08-11T21:51:19.055+0000] {processor.py:186} INFO - Started process (PID=6447) to work on /opt/airflow/dags/flex_eau_pipeline.py
[2026-08-11T21:51:19.056+0000] {processor.py:914} INFO - Processing file /opt/airflow/dags/flex_eau_pipeline.py for tasks to queue
[2026-08-11T21:51:19.058+0000] {logging_mixin.py:190} INFO - [2026-08-11T21:51:19.058+0000] {dagbag.py:587} INFO - Filling up the DagBag from /opt/airflow/dags/flex_eau_pipeline.py
[2026-08-11T21:51:19.083+0000] {processor.py:925} INFO - DAG(s) 'flex_eau_pipeline' retrieved from /opt/airflow/dags/flex_eau_pipeline.py
[2026-08-11T21:51:19.127+0000] {logging_mixin.py:190} INFO - [2026-08-11T21:51:19.127+0000] {dag.py:3211} INFO - Sync 1 DAGs
[2026-08-11T21:51:19.158+0000] {logging_mixin.py:190} INFO - [2026-08-11T21:51:19.157+0000] {dag.py:4138} INFO - Setting next_dagrun for flex_eau_pipeline to 2026-08-11 00:00:00+00:00, run_after=2026-08-12 00:00:00+00:00
[2026-08-11T21:51:19.179+0000] {processor.py:208} INFO - Processing /opt/airflow/dags/flex_eau_pipeline.py took 0.131 seconds
[2026-08-11T21:51:49.514+0000] {processor.py:186} INFO - Started process (PID=6452) to work on /opt/airflow/dags/flex_eau_pipeline.py
[2026-08-11T21:51:49.515+0000] {processor.py:914} INFO - Processing file /opt/airflow/dags/flex_eau_pipeline.py for tasks to queue
[2026-08-11T21:51:49.517+0000] {logging_mixin.py:190} INFO - [2026-08-11T21:51:49.516+0000] {dagbag.py:587} INFO - Filling up the DagBag from /opt/airflow/dags/flex_eau_pipeline.py
[2026-08-11T21:51:49.543+0000] {processor.py:925} INFO - DAG(s) 'flex_eau_pipeline' retrieved from /opt/airflow/dags/flex_eau_pipeline.py
[2026-08-11T21:51:49.584+0000] {logging_mixin.py:190} INFO - [2026-08-11T21:51:49.584+0000] {dag.py:3211} INFO - Sync 1 DAGs
[2026-08-11T21:51:49.610+0000] {logging_mixin.py:190} INFO - [2026-08-11T21:51:49.609+0000] {dag.py:4138} INFO - Setting next_dagrun for flex_eau_pipeline to 2026-08-11 00:00:00+00:00, run_after=2026-08-12 00:00:00+00:00
[2026-08-11T21:51:49.631+0000] {processor.py:208} INFO - Processing /opt/airflow/dags/flex_eau_pipeline.py took 0.126 seconds
[2026-08-11T21:52:20.014+0000] {processor.py:186} INFO - Started process (PID=6457) to work on /opt/airflow/dags/flex_eau_pipeline.py
[2026-08-11T21:52:20.015+0000] {processor.py:914} INFO - Processing file /opt/airflow/dags/flex_eau_pipeline.py for tasks to queue
[2026-08-11T21:52:20.017+0000] {logging_mixin.py:190} INFO - [2026-08-11T21:52:20.016+0000] {dagbag.py:587} INFO - Filling up the DagBag from /opt/airflow/dags/flex_eau_pipeline.py
[2026-08-11T21:52:20.043+0000] {processor.py:925} INFO - DAG(s) 'flex_eau_pipeline' retrieved from /opt/airflow/dags/flex_eau_pipeline.py
[2026-08-11T21:52:20.084+0000] {logging_mixin.py:190} INFO - [2026-08-11T21:52:20.083+0000] {dag.py:3211} INFO - Sync 1 DAGs
[2026-08-11T21:52:20.108+0000] {logging_mixin.py:190} INFO - [2026-08-11T21:52:20.108+0000] {dag.py:4138} INFO - Setting next_dagrun for flex_eau_pipeline to 2026-08-11 00:00:00+00:00, run_after=2026-08-12 00:00:00+00:00
[2026-08-11T21:52:20.130+0000] {processor.py:208} INFO - Processing /opt/airflow/dags/flex_eau_pipeline.py took 0.124 seconds
[2026-08-11T21:52:50.413+0000] {processor.py:186} INFO - Started process (PID=6462) to work on /opt/airflow/dags/flex_eau_pipeline.py
[2026-08-11T21:52:50.414+0000] {processor.py:914} INFO - Processing file /opt/airflow/dags/flex_eau_pipeline.py for tasks to queue
[2026-08-11T21:52:50.415+0000] {logging_mixin.py:190} INFO - [2026-08-11T21:52:50.415+0000] {dagbag.py:587} INFO - Filling up the DagBag from /opt/airflow/dags/flex_eau_pipeline.py
[2026-08-11T21:52:50.440+0000] {processor.py:925} INFO - DAG(s) 'flex_eau_pipeline' retrieved from /opt/airflow/dags/flex_eau_pipeline.py
[2026-08-11T21:52:50.485+0000] {logging_mixin.py:190} INFO - [2026-08-11T21:52:50.485+0000] {dag.py:3211} INFO - Sync 1 DAGs
[2026-08-11T21:52:50.510+0000] {logging_mixin.py:190} INFO - [2026-08-11T21:52:50.509+0000] {dag.py:4138} INFO - Setting next_dagrun for flex_eau_pipeline to 2026-08-11 00:00:00+00:00, run_after=2026-08-12 00:00:00+00:00
[2026-08-11T21:52:50.532+0000] {processor.py:208} INFO - Processing /opt/airflow/dags/flex_eau_pipeline.py took 0.128 seconds
[2026-08-11T21:53:20.738+0000] {processor.py:186} INFO - Started process (PID=6467) to work on /opt/airflow/dags/flex_eau_pipeline.py
[2026-08-11T21:53:20.740+0000] {processor.py:914} INFO - Processing file /opt/airflow/dags/flex_eau_pipeline.py for tasks to queue
[2026-08-11T21:53:20.741+0000] {logging_mixin.py:190} INFO - [2026-08-11T21:53:20.741+0000] {dagbag.py:587} INFO - Filling up the DagBag from /opt/airflow/dags/flex_eau_pipeline.py
[2026-08-11T21:53:20.764+0000] {processor.py:925} INFO - DAG(s) 'flex_eau_pipeline' retrieved from /opt/airflow/dags/flex_eau_pipeline.py
[2026-08-11T21:53:20.808+0000] {logging_mixin.py:190} INFO - [2026-08-11T21:53:20.808+0000] {dag.py:3211} INFO - Sync 1 DAGs
[2026-08-11T21:53:20.833+0000] {logging_mixin.py:190} INFO - [2026-08-11T21:53:20.833+0000] {dag.py:4138} INFO - Setting next_dagrun for flex_eau_pipeline to 2026-08-11 00:00:00+00:00, run_after=2026-08-12 00:00:00+00:00
[2026-08-11T21:53:20.860+0000] {processor.py:208} INFO - Processing /opt/airflow/dags/flex_eau_pipeline.py took 0.129 seconds
[2026-08-11T21:53:51.265+0000] {processor.py:186} INFO - Started process (PID=6472) to work on /opt/airflow/dags/flex_eau_pipeline.py
[2026-08-11T21:53:51.266+0000] {processor.py:914} INFO - Processing file /opt/airflow/dags/flex_eau_pipeline.py for tasks to queue
[2026-08-11T21:53:51.268+0000] {logging_mixin.py:190} INFO - [2026-08-11T21:53:51.268+0000] {dagbag.py:587} INFO - Filling up the DagBag from /opt/airflow/dags/flex_eau_pipeline.py
[2026-08-11T21:53:51.293+0000] {processor.py:925} INFO - DAG(s) 'flex_eau_pipeline' retrieved from /opt/airflow/dags/flex_eau_pipeline.py
[2026-08-11T21:53:51.333+0000] {logging_mixin.py:190} INFO - [2026-08-11T21:53:51.333+0000] {dag.py:3211} INFO - Sync 1 DAGs
[2026-08-11T21:53:51.356+0000] {logging_mixin.py:190} INFO - [2026-08-11T21:53:51.356+0000] {dag.py:4138} INFO - Setting next_dagrun for flex_eau_pipeline to 2026-08-11 00:00:00+00:00, run_after=2026-08-12 00:00:00+00:00
[2026-08-11T21:53:51.383+0000] {processor.py:208} INFO - Processing /opt/airflow/dags/flex_eau_pipeline.py took 0.128 seconds
[2026-08-11T21:54:21.741+0000] {processor.py:186} INFO - Started process (PID=6477) to work on /opt/airflow/dags/flex_eau_pipeline.py
[2026-08-11T21:54:21.742+0000] {processor.py:914} INFO - Processing file /opt/airflow/dags/flex_eau_pipeline.py for tasks to queue
[2026-08-11T21:54:21.744+0000] {logging_mixin.py:190} INFO - [2026-08-11T21:54:21.743+0000] {dagbag.py:587} INFO - Filling up the DagBag from /opt/airflow/dags/flex_eau_pipeline.py
[2026-08-11T21:54:21.770+0000] {processor.py:925} INFO - DAG(s) 'flex_eau_pipeline' retrieved from /opt/airflow/dags/flex_eau_pipeline.py
[2026-08-11T21:54:21.810+0000] {logging_mixin.py:190} INFO - [2026-08-11T21:54:21.809+0000] {dag.py:3211} INFO - Sync 1 DAGs
[2026-08-11T21:54:21.833+0000] {logging_mixin.py:190} INFO - [2026-08-11T21:54:21.833+0000] {dag.py:4138} INFO - Setting next_dagrun for flex_eau_pipeline to 2026-08-11 00:00:00+00:00, run_after=2026-08-12 00:00:00+00:00
[2026-08-11T21:54:21.855+0000] {processor.py:208} INFO - Processing /opt/airflow/dags/flex_eau_pipeline.py took 0.122 seconds
[2026-08-11T21:54:52.231+0000] {processor.py:186} INFO - Started process (PID=6482) to work on /opt/airflow/dags/flex_eau_pipeline.py
[2026-08-11T21:54:52.233+0000] {processor.py:914} INFO - Processing file /opt/airflow/dags/flex_eau_pipeline.py for tasks to queue
[2026-08-11T21:54:52.235+0000] {logging_mixin.py:190} INFO - [2026-08-11T21:54:52.234+0000] {dagbag.py:587} INFO - Filling up the DagBag from /opt/airflow/dags/flex_eau_pipeline.py
[2026-08-11T21:54:52.264+0000] {processor.py:925} INFO - DAG(s) 'flex_eau_pipeline' retrieved from /opt/airflow/dags/flex_eau_pipeline.py
[2026-08-11T21:54:52.315+0000] {logging_mixin.py:190} INFO - [2026-08-11T21:54:52.314+0000] {dag.py:3211} INFO - Sync 1 DAGs
[2026-08-11T21:54:52.343+0000] {logging_mixin.py:190} INFO - [2026-08-11T21:54:52.343+0000] {dag.py:4138} INFO - Setting next_dagrun for flex_eau_pipeline to 2026-08-11 00:00:00+00:00, run_after=2026-08-12 00:00:00+00:00
[2026-08-11T21:54:52.387+0000] {processor.py:208} INFO - Processing /opt/airflow/dags/flex_eau_pipeline.py took 0.164 seconds
[2026-08-11T21:55:22.763+0000] {processor.py:186} INFO - Started process (PID=6487) to work on /opt/airflow/dags/flex_eau_pipeline.py
[2026-08-11T21:55:22.765+0000] {processor.py:914} INFO - Processing file /opt/airflow/dags/flex_eau_pipeline.py for tasks to queue
[2026-08-11T21:55:22.768+0000] {logging_mixin.py:190} INFO - [2026-08-11T21:55:22.768+0000] {dagbag.py:587} INFO - Filling up the DagBag from /opt/airflow/dags/flex_eau_pipeline.py
[2026-08-11T21:55:22.815+0000] {processor.py:925} INFO - DAG(s) 'flex_eau_pipeline' retrieved from /opt/airflow/dags/flex_eau_pipeline.py
[2026-08-11T21:55:22.878+0000] {logging_mixin.py:190} INFO - [2026-08-11T21:55:22.877+0000] {dag.py:3211} INFO - Sync 1 DAGs
[2026-08-11T21:55:22.915+0000] {logging_mixin.py:190} INFO - [2026-08-11T21:55:22.915+0000] {dag.py:4138} INFO - Setting next_dagrun for flex_eau_pipeline to 2026-08-11 00:00:00+00:00, run_after=2026-08-12 00:00:00+00:00
[2026-08-11T21:55:22.947+0000] {processor.py:208} INFO - Processing /opt/airflow/dags/flex_eau_pipeline.py took 0.200 seconds
[2026-08-11T21:55:53.198+0000] {processor.py:186} INFO - Started process (PID=6492) to work on /opt/airflow/dags/flex_eau_pipeline.py
[2026-08-11T21:55:53.200+0000] {processor.py:914} INFO - Processing file /opt/airflow/dags/flex_eau_pipeline.py for tasks to queue
[2026-08-11T21:55:53.205+0000] {logging_mixin.py:190} INFO - [2026-08-11T21:55:53.204+0000] {dagbag.py:587} INFO - Filling up the DagBag from /opt/airflow/dags/flex_eau_pipeline.py
[2026-08-11T21:55:53.253+0000] {processor.py:925} INFO - DAG(s) 'flex_eau_pipeline' retrieved from /opt/airflow/dags/flex_eau_pipeline.py
[2026-08-11T21:55:53.345+0000] {logging_mixin.py:190} INFO - [2026-08-11T21:55:53.344+0000] {dag.py:3211} INFO - Sync 1 DAGs
[2026-08-11T21:55:53.400+0000] {logging_mixin.py:190} INFO - [2026-08-11T21:55:53.400+0000] {dag.py:4138} INFO - Setting next_dagrun for flex_eau_pipeline to 2026-08-11 00:00:00+00:00, run_after=2026-08-12 00:00:00+00:00
[2026-08-11T21:55:53.436+0000] {processor.py:208} INFO - Processing /opt/airflow/dags/flex_eau_pipeline.py took 0.255 seconds
[2026-08-11T21:56:23.806+0000] {processor.py:186} INFO - Started process (PID=6497) to work on /opt/airflow/dags/flex_eau_pipeline.py
[2026-08-11T21:56:23.809+0000] {processor.py:914} INFO - Processing file /opt/airflow/dags/flex_eau_pipeline.py for tasks to queue
[2026-08-11T21:56:23.811+0000] {logging_mixin.py:190} INFO - [2026-08-11T21:56:23.811+0000] {dagbag.py:587} INFO - Filling up the DagBag from /opt/airflow/dags/flex_eau_pipeline.py
[2026-08-11T21:56:23.852+0000] {processor.py:925} INFO - DAG(s) 'flex_eau_pipeline' retrieved from /opt/airflow/dags/flex_eau_pipeline.py
[2026-08-11T21:56:23.927+0000] {logging_mixin.py:190} INFO - [2026-08-11T21:56:23.927+0000] {dag.py:3211} INFO - Sync 1 DAGs
[2026-08-11T21:56:23.966+0000] {logging_mixin.py:190} INFO - [2026-08-11T21:56:23.965+0000] {dag.py:4138} INFO - Setting next_dagrun for flex_eau_pipeline to 2026-08-11 00:00:00+00:00, run_after=2026-08-12 00:00:00+00:00
[2026-08-11T21:56:24.003+0000] {processor.py:208} INFO - Processing /opt/airflow/dags/flex_eau_pipeline.py took 0.212 seconds
[2026-08-11T21:56:54.843+0000] {processor.py:186} INFO - Started process (PID=6502) to work on /opt/airflow/dags/flex_eau_pipeline.py
[2026-08-11T21:56:54.845+0000] {processor.py:914} INFO - Processing file /opt/airflow/dags/flex_eau_pipeline.py for tasks to queue
[2026-08-11T21:56:54.847+0000] {logging_mixin.py:190} INFO - [2026-08-11T21:56:54.847+0000] {dagbag.py:587} INFO - Filling up the DagBag from /opt/airflow/dags/flex_eau_pipeline.py
[2026-08-11T21:56:54.880+0000] {processor.py:925} INFO - DAG(s) 'flex_eau_pipeline' retrieved from /opt/airflow/dags/flex_eau_pipeline.py
[2026-08-11T21:56:54.945+0000] {logging_mixin.py:190} INFO - [2026-08-11T21:56:54.945+0000] {dag.py:3211} INFO - Sync 1 DAGs
[2026-08-11T21:56:54.986+0000] {logging_mixin.py:190} INFO - [2026-08-11T21:56:54.985+0000] {dag.py:4138} INFO - Setting next_dagrun for flex_eau_pipeline to 2026-08-11 00:00:00+00:00, run_after=2026-08-12 00:00:00+00:00
[2026-08-11T21:56:55.021+0000] {processor.py:208} INFO - Processing /opt/airflow/dags/flex_eau_pipeline.py took 0.193 seconds
[2026-08-11T21:57:25.203+0000] {processor.py:186} INFO - Started process (PID=6507) to work on /opt/airflow/dags/flex_eau_pipeline.py
[2026-08-11T21:57:25.205+0000] {processor.py:914} INFO - Processing file /opt/airflow/dags/flex_eau_pipeline.py for tasks to queue
[2026-08-11T21:57:25.208+0000] {logging_mixin.py:190} INFO - [2026-08-11T21:57:25.207+0000] {dagbag.py:587} INFO - Filling up the DagBag from /opt/airflow/dags/flex_eau_pipeline.py
[2026-08-11T21:57:25.251+0000] {processor.py:925} INFO - DAG(s) 'flex_eau_pipeline' retrieved from /opt/airflow/dags/flex_eau_pipeline.py
[2026-08-11T21:57:25.327+0000] {logging_mixin.py:190} INFO - [2026-08-11T21:57:25.327+0000] {dag.py:3211} INFO - Sync 1 DAGs
[2026-08-11T21:57:25.385+0000] {logging_mixin.py:190} INFO - [2026-08-11T21:57:25.385+0000] {dag.py:4138} INFO - Setting next_dagrun for flex_eau_pipeline to 2026-08-11 00:00:00+00:00, run_after=2026-08-12 00:00:00+00:00
[2026-08-11T21:57:25.428+0000] {processor.py:208} INFO - Processing /opt/airflow/dags/flex_eau_pipeline.py took 0.238 seconds
[2026-08-11T21:57:55.653+0000] {processor.py:186} INFO - Started process (PID=6512) to work on /opt/airflow/dags/flex_eau_pipeline.py
[2026-08-11T21:57:55.655+0000] {processor.py:914} INFO - Processing file /opt/airflow/dags/flex_eau_pipeline.py for tasks to queue
[2026-08-11T21:57:55.657+0000] {logging_mixin.py:190} INFO - [2026-08-11T21:57:55.657+0000] {dagbag.py:587} INFO - Filling up the DagBag from /opt/airflow/dags/flex_eau_pipeline.py
[2026-08-11T21:57:55.689+0000] {processor.py:925} INFO - DAG(s) 'flex_eau_pipeline' retrieved from /opt/airflow/dags/flex_eau_pipeline.py
[2026-08-11T21:57:55.747+0000] {logging_mixin.py:190} INFO - [2026-08-11T21:57:55.747+0000] {dag.py:3211} INFO - Sync 1 DAGs
[2026-08-11T21:57:55.783+0000] {logging_mixin.py:190} INFO - [2026-08-11T21:57:55.783+0000] {dag.py:4138} INFO - Setting next_dagrun for flex_eau_pipeline to 2026-08-11 00:00:00+00:00, run_after=2026-08-12 00:00:00+00:00
[2026-08-11T21:57:55.813+0000] {processor.py:208} INFO - Processing /opt/airflow/dags/flex_eau_pipeline.py took 0.170 seconds
[2026-08-11T21:58:26.436+0000] {processor.py:186} INFO - Started process (PID=6517) to work on /opt/airflow/dags/flex_eau_pipeline.py
[2026-08-11T21:58:26.439+0000] {processor.py:914} INFO - Processing file /opt/airflow/dags/flex_eau_pipeline.py for tasks to queue
[2026-08-11T21:58:26.442+0000] {logging_mixin.py:190} INFO - [2026-08-11T21:58:26.442+0000] {dagbag.py:587} INFO - Filling up the DagBag from /opt/airflow/dags/flex_eau_pipeline.py
[2026-08-11T21:58:26.486+0000] {processor.py:925} INFO - DAG(s) 'flex_eau_pipeline' retrieved from /opt/airflow/dags/flex_eau_pipeline.py
[2026-08-11T21:58:26.572+0000] {logging_mixin.py:190} INFO - [2026-08-11T21:58:26.571+0000] {dag.py:3211} INFO - Sync 1 DAGs
[2026-08-11T21:58:26.621+0000] {logging_mixin.py:190} INFO - [2026-08-11T21:58:26.620+0000] {dag.py:4138} INFO - Setting next_dagrun for flex_eau_pipeline to 2026-08-11 00:00:00+00:00, run_after=2026-08-12 00:00:00+00:00
[2026-08-11T21:58:26.671+0000] {processor.py:208} INFO - Processing /opt/airflow/dags/flex_eau_pipeline.py took 0.253 seconds
[2026-08-11T21:58:56.843+0000] {processor.py:186} INFO - Started process (PID=6522) to work on /opt/airflow/dags/flex_eau_pipeline.py
[2026-08-11T21:58:56.845+0000] {processor.py:914} INFO - Processing file /opt/airflow/dags/flex_eau_pipeline.py for tasks to queue
[2026-08-11T21:58:56.847+0000] {logging_mixin.py:190} INFO - [2026-08-11T21:58:56.847+0000] {dagbag.py:587} INFO - Filling up the DagBag from /opt/airflow/dags/flex_eau_pipeline.py
[2026-08-11T21:58:56.883+0000] {processor.py:925} INFO - DAG(s) 'flex_eau_pipeline' retrieved from /opt/airflow/dags/flex_eau_pipeline.py
[2026-08-11T21:58:56.951+0000] {logging_mixin.py:190} INFO - [2026-08-11T21:58:56.951+0000] {dag.py:3211} INFO - Sync 1 DAGs
[2026-08-11T21:58:56.988+0000] {logging_mixin.py:190} INFO - [2026-08-11T21:58:56.988+0000] {dag.py:4138} INFO - Setting next_dagrun for flex_eau_pipeline to 2026-08-11 00:00:00+00:00, run_after=2026-08-12 00:00:00+00:00
[2026-08-11T21:58:57.017+0000] {processor.py:208} INFO - Processing /opt/airflow/dags/flex_eau_pipeline.py took 0.184 seconds
[2026-08-11T21:59:27.468+0000] {processor.py:186} INFO - Started process (PID=6527) to work on /opt/airflow/dags/flex_eau_pipeline.py
[2026-08-11T21:59:27.470+0000] {processor.py:914} INFO - Processing file /opt/airflow/dags/flex_eau_pipeline.py for tasks to queue
[2026-08-11T21:59:27.473+0000] {logging_mixin.py:190} INFO - [2026-08-11T21:59:27.472+0000] {dagbag.py:587} INFO - Filling up the DagBag from /opt/airflow/dags/flex_eau_pipeline.py
[2026-08-11T21:59:27.512+0000] {processor.py:925} INFO - DAG(s) 'flex_eau_pipeline' retrieved from /opt/airflow/dags/flex_eau_pipeline.py
[2026-08-11T21:59:27.628+0000] {logging_mixin.py:190} INFO - [2026-08-11T21:59:27.628+0000] {dag.py:3211} INFO - Sync 1 DAGs
[2026-08-11T21:59:27.715+0000] {logging_mixin.py:190} INFO - [2026-08-11T21:59:27.714+0000] {dag.py:4138} INFO - Setting next_dagrun for flex_eau_pipeline to 2026-08-11 00:00:00+00:00, run_after=2026-08-12 00:00:00+00:00
[2026-08-11T21:59:27.829+0000] {processor.py:208} INFO - Processing /opt/airflow/dags/flex_eau_pipeline.py took 0.376 seconds
[2026-08-11T21:59:58.020+0000] {processor.py:186} INFO - Started process (PID=6532) to work on /opt/airflow/dags/flex_eau_pipeline.py
[2026-08-11T21:59:58.022+0000] {processor.py:914} INFO - Processing file /opt/airflow/dags/flex_eau_pipeline.py for tasks to queue
[2026-08-11T21:59:58.024+0000] {logging_mixin.py:190} INFO - [2026-08-11T21:59:58.024+0000] {dagbag.py:587} INFO - Filling up the DagBag from /opt/airflow/dags/flex_eau_pipeline.py
[2026-08-11T21:59:58.055+0000] {processor.py:925} INFO - DAG(s) 'flex_eau_pipeline' retrieved from /opt/airflow/dags/flex_eau_pipeline.py
[2026-08-11T21:59:58.128+0000] {logging_mixin.py:190} INFO - [2026-08-11T21:59:58.127+0000] {dag.py:3211} INFO - Sync 1 DAGs
[2026-08-11T21:59:58.166+0000] {logging_mixin.py:190} INFO - [2026-08-11T21:59:58.165+0000] {dag.py:4138} INFO - Setting next_dagrun for flex_eau_pipeline to 2026-08-11 00:00:00+00:00, run_after=2026-08-12 00:00:00+00:00
[2026-08-11T21:59:58.200+0000] {processor.py:208} INFO - Processing /opt/airflow/dags/flex_eau_pipeline.py took 0.192 seconds
[2026-08-11T22:00:28.859+0000] {processor.py:186} INFO - Started process (PID=6537) to work on /opt/airflow/dags/flex_eau_pipeline.py
[2026-08-11T22:00:28.865+0000] {processor.py:914} INFO - Processing file /opt/airflow/dags/flex_eau_pipeline.py for tasks to queue
[2026-08-11T22:00:28.874+0000] {logging_mixin.py:190} INFO - [2026-08-11T22:00:28.874+0000] {dagbag.py:587} INFO - Filling up the DagBag from /opt/airflow/dags/flex_eau_pipeline.py
[2026-08-11T22:00:29.028+0000] {processor.py:925} INFO - DAG(s) 'flex_eau_pipeline' retrieved from /opt/airflow/dags/flex_eau_pipeline.py
[2026-08-11T22:00:29.226+0000] {logging_mixin.py:190} INFO - [2026-08-11T22:00:29.226+0000] {dag.py:3211} INFO - Sync 1 DAGs
[2026-08-11T22:00:29.364+0000] {logging_mixin.py:190} INFO - [2026-08-11T22:00:29.363+0000] {dag.py:4138} INFO - Setting next_dagrun for flex_eau_pipeline to 2026-08-11 00:00:00+00:00, run_after=2026-08-12 00:00:00+00:00
[2026-08-11T22:00:29.465+0000] {processor.py:208} INFO - Processing /opt/airflow/dags/flex_eau_pipeline.py took 0.641 seconds
[2026-08-11T22:00:59.613+0000] {processor.py:186} INFO - Started process (PID=6542) to work on /opt/airflow/dags/flex_eau_pipeline.py
[2026-08-11T22:00:59.615+0000] {processor.py:914} INFO - Processing file /opt/airflow/dags/flex_eau_pipeline.py for tasks to queue
[2026-08-11T22:00:59.619+0000] {logging_mixin.py:190} INFO - [2026-08-11T22:00:59.618+0000] {dagbag.py:587} INFO - Filling up the DagBag from /opt/airflow/dags/flex_eau_pipeline.py
[2026-08-11T22:00:59.670+0000] {processor.py:925} INFO - DAG(s) 'flex_eau_pipeline' retrieved from /opt/airflow/dags/flex_eau_pipeline.py
[2026-08-11T22:00:59.770+0000] {logging_mixin.py:190} INFO - [2026-08-11T22:00:59.770+0000] {dag.py:3211} INFO - Sync 1 DAGs
[2026-08-11T22:00:59.842+0000] {logging_mixin.py:190} INFO - [2026-08-11T22:00:59.841+0000] {dag.py:4138} INFO - Setting next_dagrun for flex_eau_pipeline to 2026-08-11 00:00:00+00:00, run_after=2026-08-12 00:00:00+00:00
[2026-08-11T22:00:59.899+0000] {processor.py:208} INFO - Processing /opt/airflow/dags/flex_eau_pipeline.py took 0.303 seconds
[2026-08-11T22:01:30.026+0000] {processor.py:186} INFO - Started process (PID=6547) to work on /opt/airflow/dags/flex_eau_pipeline.py
[2026-08-11T22:01:30.028+0000] {processor.py:914} INFO - Processing file /opt/airflow/dags/flex_eau_pipeline.py for tasks to queue
[2026-08-11T22:01:30.030+0000] {logging_mixin.py:190} INFO - [2026-08-11T22:01:30.030+0000] {dagbag.py:587} INFO - Filling up the DagBag from /opt/airflow/dags/flex_eau_pipeline.py
[2026-08-11T22:01:30.064+0000] {processor.py:925} INFO - DAG(s) 'flex_eau_pipeline' retrieved from /opt/airflow/dags/flex_eau_pipeline.py
[2026-08-11T22:01:30.122+0000] {logging_mixin.py:190} INFO - [2026-08-11T22:01:30.122+0000] {dag.py:3211} INFO - Sync 1 DAGs
[2026-08-11T22:01:30.162+0000] {logging_mixin.py:190} INFO - [2026-08-11T22:01:30.162+0000] {dag.py:4138} INFO - Setting next_dagrun for flex_eau_pipeline to 2026-08-11 00:00:00+00:00, run_after=2026-08-12 00:00:00+00:00
[2026-08-11T22:01:30.194+0000] {processor.py:208} INFO - Processing /opt/airflow/dags/flex_eau_pipeline.py took 0.177 seconds
[2026-08-11T22:02:00.676+0000] {processor.py:186} INFO - Started process (PID=6552) to work on /opt/airflow/dags/flex_eau_pipeline.py
[2026-08-11T22:02:00.683+0000] {processor.py:914} INFO - Processing file /opt/airflow/dags/flex_eau_pipeline.py for tasks to queue
[2026-08-11T22:02:00.685+0000] {logging_mixin.py:190} INFO - [2026-08-11T22:02:00.684+0000] {dagbag.py:587} INFO - Filling up the DagBag from /opt/airflow/dags/flex_eau_pipeline.py
[2026-08-11T22:02:00.713+0000] {processor.py:925} INFO - DAG(s) 'flex_eau_pipeline' retrieved from /opt/airflow/dags/flex_eau_pipeline.py
[2026-08-11T22:02:00.756+0000] {logging_mixin.py:190} INFO - [2026-08-11T22:02:00.756+0000] {dag.py:3211} INFO - Sync 1 DAGs
[2026-08-11T22:02:00.782+0000] {logging_mixin.py:190} INFO - [2026-08-11T22:02:00.782+0000] {dag.py:4138} INFO - Setting next_dagrun for flex_eau_pipeline to 2026-08-11 00:00:00+00:00, run_after=2026-08-12 00:00:00+00:00
[2026-08-11T22:02:01.180+0000] {processor.py:208} INFO - Processing /opt/airflow/dags/flex_eau_pipeline.py took 0.512 seconds
[2026-08-11T22:02:31.670+0000] {processor.py:186} INFO - Started process (PID=6557) to work on /opt/airflow/dags/flex_eau_pipeline.py
[2026-08-11T22:02:31.673+0000] {processor.py:914} INFO - Processing file /opt/airflow/dags/flex_eau_pipeline.py for tasks to queue
[2026-08-11T22:02:31.675+0000] {logging_mixin.py:190} INFO - [2026-08-11T22:02:31.675+0000] {dagbag.py:587} INFO - Filling up the DagBag from /opt/airflow/dags/flex_eau_pipeline.py
[2026-08-11T22:02:31.705+0000] {processor.py:925} INFO - DAG(s) 'flex_eau_pipeline' retrieved from /opt/airflow/dags/flex_eau_pipeline.py
[2026-08-11T22:02:31.771+0000] {logging_mixin.py:190} INFO - [2026-08-11T22:02:31.770+0000] {dag.py:3211} INFO - Sync 1 DAGs
[2026-08-11T22:02:31.810+0000] {logging_mixin.py:190} INFO - [2026-08-11T22:02:31.809+0000] {dag.py:4138} INFO - Setting next_dagrun for flex_eau_pipeline to 2026-08-11 00:00:00+00:00, run_after=2026-08-12 00:00:00+00:00
[2026-08-11T22:02:31.834+0000] {processor.py:208} INFO - Processing /opt/airflow/dags/flex_eau_pipeline.py took 0.181 seconds
[2026-08-11T22:03:01.994+0000] {processor.py:186} INFO - Started process (PID=6562) to work on /opt/airflow/dags/flex_eau_pipeline.py
[2026-08-11T22:03:01.996+0000] {processor.py:914} INFO - Processing file /opt/airflow/dags/flex_eau_pipeline.py for tasks to queue
[2026-08-11T22:03:01.997+0000] {logging_mixin.py:190} INFO - [2026-08-11T22:03:01.997+0000] {dagbag.py:587} INFO - Filling up the DagBag from /opt/airflow/dags/flex_eau_pipeline.py
[2026-08-11T22:03:02.028+0000] {processor.py:925} INFO - DAG(s) 'flex_eau_pipeline' retrieved from /opt/airflow/dags/flex_eau_pipeline.py
[2026-08-11T22:03:02.079+0000] {logging_mixin.py:190} INFO - [2026-08-11T22:03:02.078+0000] {dag.py:3211} INFO - Sync 1 DAGs
[2026-08-11T22:03:02.108+0000] {logging_mixin.py:190} INFO - [2026-08-11T22:03:02.108+0000] {dag.py:4138} INFO - Setting next_dagrun for flex_eau_pipeline to 2026-08-11 00:00:00+00:00, run_after=2026-08-12 00:00:00+00:00
[2026-08-11T22:03:02.131+0000] {processor.py:208} INFO - Processing /opt/airflow/dags/flex_eau_pipeline.py took 0.146 seconds
[2026-08-11T22:03:32.915+0000] {processor.py:186} INFO - Started process (PID=6567) to work on /opt/airflow/dags/flex_eau_pipeline.py
[2026-08-11T22:03:32.916+0000] {processor.py:914} INFO - Processing file /opt/airflow/dags/flex_eau_pipeline.py for tasks to queue
[2026-08-11T22:03:32.918+0000] {logging_mixin.py:190} INFO - [2026-08-11T22:03:32.918+0000] {dagbag.py:587} INFO - Filling up the DagBag from /opt/airflow/dags/flex_eau_pipeline.py
[2026-08-11T22:03:32.946+0000] {processor.py:925} INFO - DAG(s) 'flex_eau_pipeline' retrieved from /opt/airflow/dags/flex_eau_pipeline.py
[2026-08-11T22:03:33.002+0000] {logging_mixin.py:190} INFO - [2026-08-11T22:03:33.001+0000] {dag.py:3211} INFO - Sync 1 DAGs
[2026-08-11T22:03:33.038+0000] {logging_mixin.py:190} INFO - [2026-08-11T22:03:33.038+0000] {dag.py:4138} INFO - Setting next_dagrun for flex_eau_pipeline to 2026-08-11 00:00:00+00:00, run_after=2026-08-12 00:00:00+00:00
[2026-08-11T22:03:33.072+0000] {processor.py:208} INFO - Processing /opt/airflow/dags/flex_eau_pipeline.py took 0.167 seconds
[2026-08-11T22:04:03.289+0000] {processor.py:186} INFO - Started process (PID=6572) to work on /opt/airflow/dags/flex_eau_pipeline.py
[2026-08-11T22:04:03.291+0000] {processor.py:914} INFO - Processing file /opt/airflow/dags/flex_eau_pipeline.py for tasks to queue
[2026-08-11T22:04:03.293+0000] {logging_mixin.py:190} INFO - [2026-08-11T22:04:03.293+0000] {dagbag.py:587} INFO - Filling up the DagBag from /opt/airflow/dags/flex_eau_pipeline.py
[2026-08-11T22:04:03.327+0000] {processor.py:925} INFO - DAG(s) 'flex_eau_pipeline' retrieved from /opt/airflow/dags/flex_eau_pipeline.py
[2026-08-11T22:04:03.388+0000] {logging_mixin.py:190} INFO - [2026-08-11T22:04:03.388+0000] {dag.py:3211} INFO - Sync 1 DAGs
[2026-08-11T22:04:03.425+0000] {logging_mixin.py:190} INFO - [2026-08-11T22:04:03.424+0000] {dag.py:4138} INFO - Setting next_dagrun for flex_eau_pipeline to 2026-08-11 00:00:00+00:00, run_after=2026-08-12 00:00:00+00:00
[2026-08-11T22:04:03.454+0000] {processor.py:208} INFO - Processing /opt/airflow/dags/flex_eau_pipeline.py took 0.177 seconds
[2026-08-11T22:04:33.646+0000] {processor.py:186} INFO - Started process (PID=6577) to work on /opt/airflow/dags/flex_eau_pipeline.py
[2026-08-11T22:04:33.647+0000] {processor.py:914} INFO - Processing file /opt/airflow/dags/flex_eau_pipeline.py for tasks to queue
[2026-08-11T22:04:33.650+0000] {logging_mixin.py:190} INFO - [2026-08-11T22:04:33.650+0000] {dagbag.py:587} INFO - Filling up the DagBag from /opt/airflow/dags/flex_eau_pipeline.py
[2026-08-11T22:04:33.677+0000] {processor.py:925} INFO - DAG(s) 'flex_eau_pipeline' retrieved from /opt/airflow/dags/flex_eau_pipeline.py
[2026-08-11T22:04:33.727+0000] {logging_mixin.py:190} INFO - [2026-08-11T22:04:33.727+0000] {dag.py:3211} INFO - Sync 1 DAGs
[2026-08-11T22:04:33.756+0000] {logging_mixin.py:190} INFO - [2026-08-11T22:04:33.756+0000] {dag.py:4138} INFO - Setting next_dagrun for flex_eau_pipeline to 2026-08-11 00:00:00+00:00, run_after=2026-08-12 00:00:00+00:00
[2026-08-11T22:04:33.786+0000] {processor.py:208} INFO - Processing /opt/airflow/dags/flex_eau_pipeline.py took 0.149 seconds
[2026-08-11T22:05:03.989+0000] {processor.py:186} INFO - Started process (PID=6582) to work on /opt/airflow/dags/flex_eau_pipeline.py
[2026-08-11T22:05:03.991+0000] {processor.py:914} INFO - Processing file /opt/airflow/dags/flex_eau_pipeline.py for tasks to queue
[2026-08-11T22:05:03.992+0000] {logging_mixin.py:190} INFO - [2026-08-11T22:05:03.992+0000] {dagbag.py:587} INFO - Filling up the DagBag from /opt/airflow/dags/flex_eau_pipeline.py
[2026-08-11T22:05:04.020+0000] {processor.py:925} INFO - DAG(s) 'flex_eau_pipeline' retrieved from /opt/airflow/dags/flex_eau_pipeline.py
[2026-08-11T22:05:04.070+0000] {logging_mixin.py:190} INFO - [2026-08-11T22:05:04.070+0000] {dag.py:3211} INFO - Sync 1 DAGs
[2026-08-11T22:05:04.099+0000] {logging_mixin.py:190} INFO - [2026-08-11T22:05:04.099+0000] {dag.py:4138} INFO - Setting next_dagrun for flex_eau_pipeline to 2026-08-11 00:00:00+00:00, run_after=2026-08-12 00:00:00+00:00
[2026-08-11T22:05:04.129+0000] {processor.py:208} INFO - Processing /opt/airflow/dags/flex_eau_pipeline.py took 0.148 seconds
[2026-08-11T22:05:34.479+0000] {processor.py:186} INFO - Started process (PID=6587) to work on /opt/airflow/dags/flex_eau_pipeline.py
[2026-08-11T22:05:34.480+0000] {processor.py:914} INFO - Processing file /opt/airflow/dags/flex_eau_pipeline.py for tasks to queue
[2026-08-11T22:05:34.482+0000] {logging_mixin.py:190} INFO - [2026-08-11T22:05:34.482+0000] {dagbag.py:587} INFO - Filling up the DagBag from /opt/airflow/dags/flex_eau_pipeline.py
[2026-08-11T22:05:34.507+0000] {processor.py:925} INFO - DAG(s) 'flex_eau_pipeline' retrieved from /opt/airflow/dags/flex_eau_pipeline.py
[2026-08-11T22:05:34.553+0000] {logging_mixin.py:190} INFO - [2026-08-11T22:05:34.553+0000] {dag.py:3211} INFO - Sync 1 DAGs
[2026-08-11T22:05:34.581+0000] {logging_mixin.py:190} INFO - [2026-08-11T22:05:34.580+0000] {dag.py:4138} INFO - Setting next_dagrun for flex_eau_pipeline to 2026-08-11 00:00:00+00:00, run_after=2026-08-12 00:00:00+00:00
[2026-08-11T22:05:34.605+0000] {processor.py:208} INFO - Processing /opt/airflow/dags/flex_eau_pipeline.py took 0.134 seconds
[2026-08-11T22:06:04.947+0000] {processor.py:186} INFO - Started process (PID=6592) to work on /opt/airflow/dags/flex_eau_pipeline.py
[2026-08-11T22:06:04.960+0000] {processor.py:914} INFO - Processing file /opt/airflow/dags/flex_eau_pipeline.py for tasks to queue
[2026-08-11T22:06:04.976+0000] {logging_mixin.py:190} INFO - [2026-08-11T22:06:04.975+0000] {dagbag.py:587} INFO - Filling up the DagBag from /opt/airflow/dags/flex_eau_pipeline.py
[2026-08-11T22:06:05.069+0000] {processor.py:925} INFO - DAG(s) 'flex_eau_pipeline' retrieved from /opt/airflow/dags/flex_eau_pipeline.py
[2026-08-11T22:06:05.222+0000] {logging_mixin.py:190} INFO - [2026-08-11T22:06:05.221+0000] {dag.py:3211} INFO - Sync 1 DAGs
[2026-08-11T22:06:05.305+0000] {logging_mixin.py:190} INFO - [2026-08-11T22:06:05.304+0000] {dag.py:4138} INFO - Setting next_dagrun for flex_eau_pipeline to 2026-08-11 00:00:00+00:00, run_after=2026-08-12 00:00:00+00:00
[2026-08-11T22:06:05.380+0000] {processor.py:208} INFO - Processing /opt/airflow/dags/flex_eau_pipeline.py took 0.464 seconds
[2026-08-11T22:06:35.521+0000] {processor.py:186} INFO - Started process (PID=6597) to work on /opt/airflow/dags/flex_eau_pipeline.py
[2026-08-11T22:06:35.522+0000] {processor.py:914} INFO - Processing file /opt/airflow/dags/flex_eau_pipeline.py for tasks to queue
[2026-08-11T22:06:35.524+0000] {logging_mixin.py:190} INFO - [2026-08-11T22:06:35.524+0000] {dagbag.py:587} INFO - Filling up the DagBag from /opt/airflow/dags/flex_eau_pipeline.py
[2026-08-11T22:06:35.552+0000] {processor.py:925} INFO - DAG(s) 'flex_eau_pipeline' retrieved from /opt/airflow/dags/flex_eau_pipeline.py
[2026-08-11T22:06:35.605+0000] {logging_mixin.py:190} INFO - [2026-08-11T22:06:35.604+0000] {dag.py:3211} INFO - Sync 1 DAGs
[2026-08-11T22:06:35.637+0000] {logging_mixin.py:190} INFO - [2026-08-11T22:06:35.636+0000] {dag.py:4138} INFO - Setting next_dagrun for flex_eau_pipeline to 2026-08-11 00:00:00+00:00, run_after=2026-08-12 00:00:00+00:00
[2026-08-11T22:06:35.665+0000] {processor.py:208} INFO - Processing /opt/airflow/dags/flex_eau_pipeline.py took 0.152 seconds
[2026-08-11T22:07:05.977+0000] {processor.py:186} INFO - Started process (PID=6602) to work on /opt/airflow/dags/flex_eau_pipeline.py
[2026-08-11T22:07:05.979+0000] {processor.py:914} INFO - Processing file /opt/airflow/dags/flex_eau_pipeline.py for tasks to queue
[2026-08-11T22:07:05.980+0000] {logging_mixin.py:190} INFO - [2026-08-11T22:07:05.980+0000] {dagbag.py:587} INFO - Filling up the DagBag from /opt/airflow/dags/flex_eau_pipeline.py
[2026-08-11T22:07:06.007+0000] {processor.py:925} INFO - DAG(s) 'flex_eau_pipeline' retrieved from /opt/airflow/dags/flex_eau_pipeline.py
[2026-08-11T22:07:06.058+0000] {logging_mixin.py:190} INFO - [2026-08-11T22:07:06.058+0000] {dag.py:3211} INFO - Sync 1 DAGs
[2026-08-11T22:07:06.090+0000] {logging_mixin.py:190} INFO - [2026-08-11T22:07:06.090+0000] {dag.py:4138} INFO - Setting next_dagrun for flex_eau_pipeline to 2026-08-11 00:00:00+00:00, run_after=2026-08-12 00:00:00+00:00
[2026-08-11T22:07:06.119+0000] {processor.py:208} INFO - Processing /opt/airflow/dags/flex_eau_pipeline.py took 0.151 seconds
[2026-08-11T22:07:36.438+0000] {processor.py:186} INFO - Started process (PID=6607) to work on /opt/airflow/dags/flex_eau_pipeline.py
[2026-08-11T22:07:36.440+0000] {processor.py:914} INFO - Processing file /opt/airflow/dags/flex_eau_pipeline.py for tasks to queue
[2026-08-11T22:07:36.442+0000] {logging_mixin.py:190} INFO - [2026-08-11T22:07:36.441+0000] {dagbag.py:587} INFO - Filling up the DagBag from /opt/airflow/dags/flex_eau_pipeline.py
[2026-08-11T22:07:36.470+0000] {processor.py:925} INFO - DAG(s) 'flex_eau_pipeline' retrieved from /opt/airflow/dags/flex_eau_pipeline.py
[2026-08-11T22:07:36.516+0000] {logging_mixin.py:190} INFO - [2026-08-11T22:07:36.515+0000] {dag.py:3211} INFO - Sync 1 DAGs
[2026-08-11T22:07:36.545+0000] {logging_mixin.py:190} INFO - [2026-08-11T22:07:36.545+0000] {dag.py:4138} INFO - Setting next_dagrun for flex_eau_pipeline to 2026-08-11 00:00:00+00:00, run_after=2026-08-12 00:00:00+00:00
[2026-08-11T22:07:36.573+0000] {processor.py:208} INFO - Processing /opt/airflow/dags/flex_eau_pipeline.py took 0.144 seconds
[2026-08-11T22:08:06.934+0000] {processor.py:186} INFO - Started process (PID=6612) to work on /opt/airflow/dags/flex_eau_pipeline.py
[2026-08-11T22:08:06.936+0000] {processor.py:914} INFO - Processing file /opt/airflow/dags/flex_eau_pipeline.py for tasks to queue
[2026-08-11T22:08:06.937+0000] {logging_mixin.py:190} INFO - [2026-08-11T22:08:06.937+0000] {dagbag.py:587} INFO - Filling up the DagBag from /opt/airflow/dags/flex_eau_pipeline.py
[2026-08-11T22:08:06.965+0000] {processor.py:925} INFO - DAG(s) 'flex_eau_pipeline' retrieved from /opt/airflow/dags/flex_eau_pipeline.py
[2026-08-11T22:08:07.016+0000] {logging_mixin.py:190} INFO - [2026-08-11T22:08:07.016+0000] {dag.py:3211} INFO - Sync 1 DAGs
[2026-08-11T22:08:07.048+0000] {logging_mixin.py:190} INFO - [2026-08-11T22:08:07.048+0000] {dag.py:4138} INFO - Setting next_dagrun for flex_eau_pipeline to 2026-08-11 00:00:00+00:00, run_after=2026-08-12 00:00:00+00:00
[2026-08-11T22:08:07.075+0000] {processor.py:208} INFO - Processing /opt/airflow/dags/flex_eau_pipeline.py took 0.150 seconds
[2026-08-11T22:08:37.351+0000] {processor.py:186} INFO - Started process (PID=6617) to work on /opt/airflow/dags/flex_eau_pipeline.py
[2026-08-11T22:08:37.352+0000] {processor.py:914} INFO - Processing file /opt/airflow/dags/flex_eau_pipeline.py for tasks to queue
[2026-08-11T22:08:37.354+0000] {logging_mixin.py:190} INFO - [2026-08-11T22:08:37.353+0000] {dagbag.py:587} INFO - Filling up the DagBag from /opt/airflow/dags/flex_eau_pipeline.py
[2026-08-11T22:08:37.379+0000] {processor.py:925} INFO - DAG(s) 'flex_eau_pipeline' retrieved from /opt/airflow/dags/flex_eau_pipeline.py
[2026-08-11T22:08:37.427+0000] {logging_mixin.py:190} INFO - [2026-08-11T22:08:37.427+0000] {dag.py:3211} INFO - Sync 1 DAGs
[2026-08-11T22:08:37.456+0000] {logging_mixin.py:190} INFO - [2026-08-11T22:08:37.456+0000] {dag.py:4138} INFO - Setting next_dagrun for flex_eau_pipeline to 2026-08-11 00:00:00+00:00, run_after=2026-08-12 00:00:00+00:00
[2026-08-11T22:08:37.482+0000] {processor.py:208} INFO - Processing /opt/airflow/dags/flex_eau_pipeline.py took 0.140 seconds
[2026-08-11T22:09:07.841+0000] {processor.py:186} INFO - Started process (PID=6622) to work on /opt/airflow/dags/flex_eau_pipeline.py
[2026-08-11T22:09:07.843+0000] {processor.py:914} INFO - Processing file /opt/airflow/dags/flex_eau_pipeline.py for tasks to queue
[2026-08-11T22:09:07.844+0000] {logging_mixin.py:190} INFO - [2026-08-11T22:09:07.844+0000] {dagbag.py:587} INFO - Filling up the DagBag from /opt/airflow/dags/flex_eau_pipeline.py
[2026-08-11T22:09:07.873+0000] {processor.py:925} INFO - DAG(s) 'flex_eau_pipeline' retrieved from /opt/airflow/dags/flex_eau_pipeline.py
[2026-08-11T22:09:07.922+0000] {logging_mixin.py:190} INFO - [2026-08-11T22:09:07.921+0000] {dag.py:3211} INFO - Sync 1 DAGs
[2026-08-11T22:09:07.950+0000] {logging_mixin.py:190} INFO - [2026-08-11T22:09:07.950+0000] {dag.py:4138} INFO - Setting next_dagrun for flex_eau_pipeline to 2026-08-11 00:00:00+00:00, run_after=2026-08-12 00:00:00+00:00
[2026-08-11T22:09:07.977+0000] {processor.py:208} INFO - Processing /opt/airflow/dags/flex_eau_pipeline.py took 0.144 seconds
[2026-08-11T22:09:38.343+0000] {processor.py:186} INFO - Started process (PID=6627) to work on /opt/airflow/dags/flex_eau_pipeline.py
[2026-08-11T22:09:38.345+0000] {processor.py:914} INFO - Processing file /opt/airflow/dags/flex_eau_pipeline.py for tasks to queue
[2026-08-11T22:09:38.346+0000] {logging_mixin.py:190} INFO - [2026-08-11T22:09:38.346+0000] {dagbag.py:587} INFO - Filling up the DagBag from /opt/airflow/dags/flex_eau_pipeline.py
[2026-08-11T22:09:38.383+0000] {processor.py:925} INFO - DAG(s) 'flex_eau_pipeline' retrieved from /opt/airflow/dags/flex_eau_pipeline.py
[2026-08-11T22:09:38.431+0000] {logging_mixin.py:190} INFO - [2026-08-11T22:09:38.431+0000] {dag.py:3211} INFO - Sync 1 DAGs
[2026-08-11T22:09:38.464+0000] {logging_mixin.py:190} INFO - [2026-08-11T22:09:38.463+0000] {dag.py:4138} INFO - Setting next_dagrun for flex_eau_pipeline to 2026-08-11 00:00:00+00:00, run_after=2026-08-12 00:00:00+00:00
[2026-08-11T22:09:38.493+0000] {processor.py:208} INFO - Processing /opt/airflow/dags/flex_eau_pipeline.py took 0.158 seconds
[2026-08-11T22:10:08.932+0000] {processor.py:186} INFO - Started process (PID=6632) to work on /opt/airflow/dags/flex_eau_pipeline.py
[2026-08-11T22:10:08.934+0000] {processor.py:914} INFO - Processing file /opt/airflow/dags/flex_eau_pipeline.py for tasks to queue
[2026-08-11T22:10:08.936+0000] {logging_mixin.py:190} INFO - [2026-08-11T22:10:08.935+0000] {dagbag.py:587} INFO - Filling up the DagBag from /opt/airflow/dags/flex_eau_pipeline.py
[2026-08-11T22:10:08.961+0000] {processor.py:925} INFO - DAG(s) 'flex_eau_pipeline' retrieved from /opt/airflow/dags/flex_eau_pipeline.py
[2026-08-11T22:10:09.010+0000] {logging_mixin.py:190} INFO - [2026-08-11T22:10:09.009+0000] {dag.py:3211} INFO - Sync 1 DAGs
[2026-08-11T22:10:09.038+0000] {logging_mixin.py:190} INFO - [2026-08-11T22:10:09.037+0000] {dag.py:4138} INFO - Setting next_dagrun for flex_eau_pipeline to 2026-08-11 00:00:00+00:00, run_after=2026-08-12 00:00:00+00:00
[2026-08-11T22:10:09.064+0000] {processor.py:208} INFO - Processing /opt/airflow/dags/flex_eau_pipeline.py took 0.140 seconds
[2026-08-11T22:10:39.861+0000] {processor.py:186} INFO - Started process (PID=6637) to work on /opt/airflow/dags/flex_eau_pipeline.py
[2026-08-11T22:10:39.866+0000] {processor.py:914} INFO - Processing file /opt/airflow/dags/flex_eau_pipeline.py for tasks to queue
[2026-08-11T22:10:39.887+0000] {logging_mixin.py:190} INFO - [2026-08-11T22:10:39.885+0000] {dagbag.py:587} INFO - Filling up the DagBag from /opt/airflow/dags/flex_eau_pipeline.py
[2026-08-11T22:10:40.160+0000] {processor.py:925} INFO - DAG(s) 'flex_eau_pipeline' retrieved from /opt/airflow/dags/flex_eau_pipeline.py
[2026-08-11T22:10:40.476+0000] {logging_mixin.py:190} INFO - [2026-08-11T22:10:40.476+0000] {dag.py:3211} INFO - Sync 1 DAGs
[2026-08-11T22:10:40.659+0000] {logging_mixin.py:190} INFO - [2026-08-11T22:10:40.658+0000] {dag.py:4138} INFO - Setting next_dagrun for flex_eau_pipeline to 2026-08-11 00:00:00+00:00, run_after=2026-08-12 00:00:00+00:00
[2026-08-11T22:10:40.749+0000] {processor.py:208} INFO - Processing /opt/airflow/dags/flex_eau_pipeline.py took 1.031 seconds
[2026-08-11T22:11:11.310+0000] {processor.py:186} INFO - Started process (PID=6642) to work on /opt/airflow/dags/flex_eau_pipeline.py
[2026-08-11T22:11:11.316+0000] {processor.py:914} INFO - Processing file /opt/airflow/dags/flex_eau_pipeline.py for tasks to queue
[2026-08-11T22:11:11.319+0000] {logging_mixin.py:190} INFO - [2026-08-11T22:11:11.318+0000] {dagbag.py:587} INFO - Filling up the DagBag from /opt/airflow/dags/flex_eau_pipeline.py
[2026-08-11T22:11:11.362+0000] {processor.py:925} INFO - DAG(s) 'flex_eau_pipeline' retrieved from /opt/airflow/dags/flex_eau_pipeline.py
[2026-08-11T22:11:11.719+0000] {logging_mixin.py:190} INFO - [2026-08-11T22:11:11.718+0000] {dag.py:3211} INFO - Sync 1 DAGs
[2026-08-11T22:11:12.095+0000] {logging_mixin.py:190} INFO - [2026-08-11T22:11:12.091+0000] {dag.py:4138} INFO - Setting next_dagrun for flex_eau_pipeline to 2026-08-11 00:00:00+00:00, run_after=2026-08-12 00:00:00+00:00
[2026-08-11T22:11:12.272+0000] {processor.py:208} INFO - Processing /opt/airflow/dags/flex_eau_pipeline.py took 0.981 seconds
[2026-08-11T22:11:42.977+0000] {processor.py:186} INFO - Started process (PID=6647) to work on /opt/airflow/dags/flex_eau_pipeline.py
[2026-08-11T22:11:42.986+0000] {processor.py:914} INFO - Processing file /opt/airflow/dags/flex_eau_pipeline.py for tasks to queue
[2026-08-11T22:11:42.993+0000] {logging_mixin.py:190} INFO - [2026-08-11T22:11:42.992+0000] {dagbag.py:587} INFO - Filling up the DagBag from /opt/airflow/dags/flex_eau_pipeline.py
[2026-08-11T22:11:43.057+0000] {processor.py:925} INFO - DAG(s) 'flex_eau_pipeline' retrieved from /opt/airflow/dags/flex_eau_pipeline.py
[2026-08-11T22:11:43.160+0000] {logging_mixin.py:190} INFO - [2026-08-11T22:11:43.160+0000] {dag.py:3211} INFO - Sync 1 DAGs
[2026-08-11T22:11:43.218+0000] {logging_mixin.py:190} INFO - [2026-08-11T22:11:43.217+0000] {dag.py:4138} INFO - Setting next_dagrun for flex_eau_pipeline to 2026-08-11 00:00:00+00:00, run_after=2026-08-12 00:00:00+00:00
[2026-08-11T22:11:43.255+0000] {processor.py:208} INFO - Processing /opt/airflow/dags/flex_eau_pipeline.py took 0.312 seconds
[2026-08-11T22:12:13.595+0000] {processor.py:186} INFO - Started process (PID=6652) to work on /opt/airflow/dags/flex_eau_pipeline.py
[2026-08-11T22:12:13.597+0000] {processor.py:914} INFO - Processing file /opt/airflow/dags/flex_eau_pipeline.py for tasks to queue
[2026-08-11T22:12:13.598+0000] {logging_mixin.py:190} INFO - [2026-08-11T22:12:13.598+0000] {dagbag.py:587} INFO - Filling up the DagBag from /opt/airflow/dags/flex_eau_pipeline.py
[2026-08-11T22:12:13.632+0000] {processor.py:925} INFO - DAG(s) 'flex_eau_pipeline' retrieved from /opt/airflow/dags/flex_eau_pipeline.py
[2026-08-11T22:12:13.689+0000] {logging_mixin.py:190} INFO - [2026-08-11T22:12:13.689+0000] {dag.py:3211} INFO - Sync 1 DAGs
[2026-08-11T22:12:13.747+0000] {logging_mixin.py:190} INFO - [2026-08-11T22:12:13.747+0000] {dag.py:4138} INFO - Setting next_dagrun for flex_eau_pipeline to 2026-08-11 00:00:00+00:00, run_after=2026-08-12 00:00:00+00:00
[2026-08-11T22:12:13.781+0000] {processor.py:208} INFO - Processing /opt/airflow/dags/flex_eau_pipeline.py took 0.196 seconds
[2026-08-11T22:12:43.859+0000] {processor.py:186} INFO - Started process (PID=6657) to work on /opt/airflow/dags/flex_eau_pipeline.py
[2026-08-11T22:12:43.860+0000] {processor.py:914} INFO - Processing file /opt/airflow/dags/flex_eau_pipeline.py for tasks to queue
[2026-08-11T22:12:43.862+0000] {logging_mixin.py:190} INFO - [2026-08-11T22:12:43.862+0000] {dagbag.py:587} INFO - Filling up the DagBag from /opt/airflow/dags/flex_eau_pipeline.py
[2026-08-11T22:12:43.888+0000] {processor.py:925} INFO - DAG(s) 'flex_eau_pipeline' retrieved from /opt/airflow/dags/flex_eau_pipeline.py
[2026-08-11T22:12:43.939+0000] {logging_mixin.py:190} INFO - [2026-08-11T22:12:43.939+0000] {dag.py:3211} INFO - Sync 1 DAGs
[2026-08-11T22:12:43.985+0000] {logging_mixin.py:190} INFO - [2026-08-11T22:12:43.985+0000] {dag.py:4138} INFO - Setting next_dagrun for flex_eau_pipeline to 2026-08-11 00:00:00+00:00, run_after=2026-08-12 00:00:00+00:00
[2026-08-11T22:12:44.020+0000] {processor.py:208} INFO - Processing /opt/airflow/dags/flex_eau_pipeline.py took 0.171 seconds
[2026-08-11T22:13:14.212+0000] {processor.py:186} INFO - Started process (PID=6662) to work on /opt/airflow/dags/flex_eau_pipeline.py
[2026-08-11T22:13:14.213+0000] {processor.py:914} INFO - Processing file /opt/airflow/dags/flex_eau_pipeline.py for tasks to queue
[2026-08-11T22:13:14.215+0000] {logging_mixin.py:190} INFO - [2026-08-11T22:13:14.215+0000] {dagbag.py:587} INFO - Filling up the DagBag from /opt/airflow/dags/flex_eau_pipeline.py
[2026-08-11T22:13:14.241+0000] {processor.py:925} INFO - DAG(s) 'flex_eau_pipeline' retrieved from /opt/airflow/dags/flex_eau_pipeline.py
[2026-08-11T22:13:14.291+0000] {logging_mixin.py:190} INFO - [2026-08-11T22:13:14.291+0000] {dag.py:3211} INFO - Sync 1 DAGs
[2026-08-11T22:13:14.327+0000] {logging_mixin.py:190} INFO - [2026-08-11T22:13:14.327+0000] {dag.py:4138} INFO - Setting next_dagrun for flex_eau_pipeline to 2026-08-11 00:00:00+00:00, run_after=2026-08-12 00:00:00+00:00
[2026-08-11T22:13:14.361+0000] {processor.py:208} INFO - Processing /opt/airflow/dags/flex_eau_pipeline.py took 0.158 seconds
[2026-08-11T22:13:44.633+0000] {processor.py:186} INFO - Started process (PID=6667) to work on /opt/airflow/dags/flex_eau_pipeline.py
[2026-08-11T22:13:44.635+0000] {processor.py:914} INFO - Processing file /opt/airflow/dags/flex_eau_pipeline.py for tasks to queue
[2026-08-11T22:13:44.637+0000] {logging_mixin.py:190} INFO - [2026-08-11T22:13:44.637+0000] {dagbag.py:587} INFO - Filling up the DagBag from /opt/airflow/dags/flex_eau_pipeline.py
[2026-08-11T22:13:44.666+0000] {processor.py:925} INFO - DAG(s) 'flex_eau_pipeline' retrieved from /opt/airflow/dags/flex_eau_pipeline.py
[2026-08-11T22:13:44.729+0000] {logging_mixin.py:190} INFO - [2026-08-11T22:13:44.729+0000] {dag.py:3211} INFO - Sync 1 DAGs
[2026-08-11T22:13:44.766+0000] {logging_mixin.py:190} INFO - [2026-08-11T22:13:44.766+0000] {dag.py:4138} INFO - Setting next_dagrun for flex_eau_pipeline to 2026-08-11 00:00:00+00:00, run_after=2026-08-12 00:00:00+00:00
[2026-08-11T22:13:44.799+0000] {processor.py:208} INFO - Processing /opt/airflow/dags/flex_eau_pipeline.py took 0.179 seconds
[2026-08-11T22:14:15.172+0000] {processor.py:186} INFO - Started process (PID=6672) to work on /opt/airflow/dags/flex_eau_pipeline.py
[2026-08-11T22:14:15.174+0000] {processor.py:914} INFO - Processing file /opt/airflow/dags/flex_eau_pipeline.py for tasks to queue
[2026-08-11T22:14:15.175+0000] {logging_mixin.py:190} INFO - [2026-08-11T22:14:15.175+0000] {dagbag.py:587} INFO - Filling up the DagBag from /opt/airflow/dags/flex_eau_pipeline.py
[2026-08-11T22:14:15.200+0000] {processor.py:925} INFO - DAG(s) 'flex_eau_pipeline' retrieved from /opt/airflow/dags/flex_eau_pipeline.py
[2026-08-11T22:14:15.244+0000] {logging_mixin.py:190} INFO - [2026-08-11T22:14:15.244+0000] {dag.py:3211} INFO - Sync 1 DAGs
[2026-08-11T22:14:15.274+0000] {logging_mixin.py:190} INFO - [2026-08-11T22:14:15.273+0000] {dag.py:4138} INFO - Setting next_dagrun for flex_eau_pipeline to 2026-08-11 00:00:00+00:00, run_after=2026-08-12 00:00:00+00:00
[2026-08-11T22:14:15.300+0000] {processor.py:208} INFO - Processing /opt/airflow/dags/flex_eau_pipeline.py took 0.136 seconds
[2026-08-11T22:14:45.490+0000] {processor.py:186} INFO - Started process (PID=6677) to work on /opt/airflow/dags/flex_eau_pipeline.py
[2026-08-11T22:14:45.491+0000] {processor.py:914} INFO - Processing file /opt/airflow/dags/flex_eau_pipeline.py for tasks to queue
[2026-08-11T22:14:45.493+0000] {logging_mixin.py:190} INFO - [2026-08-11T22:14:45.493+0000] {dagbag.py:587} INFO - Filling up the DagBag from /opt/airflow/dags/flex_eau_pipeline.py
[2026-08-11T22:14:45.519+0000] {processor.py:925} INFO - DAG(s) 'flex_eau_pipeline' retrieved from /opt/airflow/dags/flex_eau_pipeline.py
[2026-08-11T22:14:45.570+0000] {logging_mixin.py:190} INFO - [2026-08-11T22:14:45.570+0000] {dag.py:3211} INFO - Sync 1 DAGs
[2026-08-11T22:14:45.602+0000] {logging_mixin.py:190} INFO - [2026-08-11T22:14:45.602+0000] {dag.py:4138} INFO - Setting next_dagrun for flex_eau_pipeline to 2026-08-11 00:00:00+00:00, run_after=2026-08-12 00:00:00+00:00
[2026-08-11T22:14:45.629+0000] {processor.py:208} INFO - Processing /opt/airflow/dags/flex_eau_pipeline.py took 0.148 seconds
[2026-08-11T22:15:16.089+0000] {processor.py:186} INFO - Started process (PID=6682) to work on /opt/airflow/dags/flex_eau_pipeline.py
[2026-08-11T22:15:16.091+0000] {processor.py:914} INFO - Processing file /opt/airflow/dags/flex_eau_pipeline.py for tasks to queue
[2026-08-11T22:15:16.094+0000] {logging_mixin.py:190} INFO - [2026-08-11T22:15:16.094+0000] {dagbag.py:587} INFO - Filling up the DagBag from /opt/airflow/dags/flex_eau_pipeline.py
[2026-08-11T22:15:16.124+0000] {processor.py:925} INFO - DAG(s) 'flex_eau_pipeline' retrieved from /opt/airflow/dags/flex_eau_pipeline.py
[2026-08-11T22:15:16.160+0000] {logging_mixin.py:190} INFO - [2026-08-11T22:15:16.160+0000] {dag.py:3211} INFO - Sync 1 DAGs
[2026-08-11T22:15:16.182+0000] {logging_mixin.py:190} INFO - [2026-08-11T22:15:16.182+0000] {dag.py:4138} INFO - Setting next_dagrun for flex_eau_pipeline to 2026-08-11 00:00:00+00:00, run_after=2026-08-12 00:00:00+00:00
[2026-08-11T22:15:16.205+0000] {processor.py:208} INFO - Processing /opt/airflow/dags/flex_eau_pipeline.py took 0.123 seconds
[2026-08-11T22:15:46.747+0000] {processor.py:186} INFO - Started process (PID=6687) to work on /opt/airflow/dags/flex_eau_pipeline.py
[2026-08-11T22:15:46.749+0000] {processor.py:914} INFO - Processing file /opt/airflow/dags/flex_eau_pipeline.py for tasks to queue
[2026-08-11T22:15:46.750+0000] {logging_mixin.py:190} INFO - [2026-08-11T22:15:46.750+0000] {dagbag.py:587} INFO - Filling up the DagBag from /opt/airflow/dags/flex_eau_pipeline.py
[2026-08-11T22:15:46.781+0000] {processor.py:925} INFO - DAG(s) 'flex_eau_pipeline' retrieved from /opt/airflow/dags/flex_eau_pipeline.py
[2026-08-11T22:15:46.818+0000] {logging_mixin.py:190} INFO - [2026-08-11T22:15:46.817+0000] {dag.py:3211} INFO - Sync 1 DAGs
[2026-08-11T22:15:46.839+0000] {logging_mixin.py:190} INFO - [2026-08-11T22:15:46.839+0000] {dag.py:4138} INFO - Setting next_dagrun for flex_eau_pipeline to 2026-08-11 00:00:00+00:00, run_after=2026-08-12 00:00:00+00:00
[2026-08-11T22:15:46.864+0000] {processor.py:208} INFO - Processing /opt/airflow/dags/flex_eau_pipeline.py took 0.123 seconds
[2026-08-11T22:16:17.290+0000] {processor.py:186} INFO - Started process (PID=6692) to work on /opt/airflow/dags/flex_eau_pipeline.py
[2026-08-11T22:16:17.291+0000] {processor.py:914} INFO - Processing file /opt/airflow/dags/flex_eau_pipeline.py for tasks to queue
[2026-08-11T22:16:17.292+0000] {logging_mixin.py:190} INFO - [2026-08-11T22:16:17.292+0000] {dagbag.py:587} INFO - Filling up the DagBag from /opt/airflow/dags/flex_eau_pipeline.py
[2026-08-11T22:16:17.318+0000] {processor.py:925} INFO - DAG(s) 'flex_eau_pipeline' retrieved from /opt/airflow/dags/flex_eau_pipeline.py
[2026-08-11T22:16:17.357+0000] {logging_mixin.py:190} INFO - [2026-08-11T22:16:17.357+0000] {dag.py:3211} INFO - Sync 1 DAGs
[2026-08-11T22:16:17.381+0000] {logging_mixin.py:190} INFO - [2026-08-11T22:16:17.381+0000] {dag.py:4138} INFO - Setting next_dagrun for flex_eau_pipeline to 2026-08-11 00:00:00+00:00, run_after=2026-08-12 00:00:00+00:00
[2026-08-11T22:16:17.408+0000] {processor.py:208} INFO - Processing /opt/airflow/dags/flex_eau_pipeline.py took 0.126 seconds
[2026-08-11T22:16:47.787+0000] {processor.py:186} INFO - Started process (PID=6697) to work on /opt/airflow/dags/flex_eau_pipeline.py
[2026-08-11T22:16:47.788+0000] {processor.py:914} INFO - Processing file /opt/airflow/dags/flex_eau_pipeline.py for tasks to queue
[2026-08-11T22:16:47.790+0000] {logging_mixin.py:190} INFO - [2026-08-11T22:16:47.790+0000] {dagbag.py:587} INFO - Filling up the DagBag from /opt/airflow/dags/flex_eau_pipeline.py
[2026-08-11T22:16:47.817+0000] {processor.py:925} INFO - DAG(s) 'flex_eau_pipeline' retrieved from /opt/airflow/dags/flex_eau_pipeline.py
[2026-08-11T22:16:47.856+0000] {logging_mixin.py:190} INFO - [2026-08-11T22:16:47.855+0000] {dag.py:3211} INFO - Sync 1 DAGs
[2026-08-11T22:16:47.878+0000] {logging_mixin.py:190} INFO - [2026-08-11T22:16:47.878+0000] {dag.py:4138} INFO - Setting next_dagrun for flex_eau_pipeline to 2026-08-11 00:00:00+00:00, run_after=2026-08-12 00:00:00+00:00
[2026-08-11T22:16:47.902+0000] {processor.py:208} INFO - Processing /opt/airflow/dags/flex_eau_pipeline.py took 0.125 seconds
[2026-08-11T22:17:18.528+0000] {processor.py:186} INFO - Started process (PID=6702) to work on /opt/airflow/dags/flex_eau_pipeline.py
[2026-08-11T22:17:18.530+0000] {processor.py:914} INFO - Processing file /opt/airflow/dags/flex_eau_pipeline.py for tasks to queue
[2026-08-11T22:17:18.531+0000] {logging_mixin.py:190} INFO - [2026-08-11T22:17:18.531+0000] {dagbag.py:587} INFO - Filling up the DagBag from /opt/airflow/dags/flex_eau_pipeline.py
[2026-08-11T22:17:18.559+0000] {processor.py:925} INFO - DAG(s) 'flex_eau_pipeline' retrieved from /opt/airflow/dags/flex_eau_pipeline.py
[2026-08-11T22:17:18.596+0000] {logging_mixin.py:190} INFO - [2026-08-11T22:17:18.596+0000] {dag.py:3211} INFO - Sync 1 DAGs
[2026-08-11T22:17:18.625+0000] {logging_mixin.py:190} INFO - [2026-08-11T22:17:18.624+0000] {dag.py:4138} INFO - Setting next_dagrun for flex_eau_pipeline to 2026-08-11 00:00:00+00:00, run_after=2026-08-12 00:00:00+00:00
[2026-08-11T22:17:18.653+0000] {processor.py:208} INFO - Processing /opt/airflow/dags/flex_eau_pipeline.py took 0.132 seconds
[2026-08-11T22:17:49.088+0000] {processor.py:186} INFO - Started process (PID=6707) to work on /opt/airflow/dags/flex_eau_pipeline.py
[2026-08-11T22:17:49.090+0000] {processor.py:914} INFO - Processing file /opt/airflow/dags/flex_eau_pipeline.py for tasks to queue
[2026-08-11T22:17:49.092+0000] {logging_mixin.py:190} INFO - [2026-08-11T22:17:49.091+0000] {dagbag.py:587} INFO - Filling up the DagBag from /opt/airflow/dags/flex_eau_pipeline.py
[2026-08-11T22:17:49.119+0000] {processor.py:925} INFO - DAG(s) 'flex_eau_pipeline' retrieved from /opt/airflow/dags/flex_eau_pipeline.py
[2026-08-11T22:17:49.166+0000] {logging_mixin.py:190} INFO - [2026-08-11T22:17:49.165+0000] {dag.py:3211} INFO - Sync 1 DAGs
[2026-08-11T22:17:49.190+0000] {logging_mixin.py:190} INFO - [2026-08-11T22:17:49.190+0000] {dag.py:4138} INFO - Setting next_dagrun for flex_eau_pipeline to 2026-08-11 00:00:00+00:00, run_after=2026-08-12 00:00:00+00:00
[2026-08-11T22:17:49.212+0000] {processor.py:208} INFO - Processing /opt/airflow/dags/flex_eau_pipeline.py took 0.133 seconds
[2026-08-11T22:18:19.671+0000] {processor.py:186} INFO - Started process (PID=6712) to work on /opt/airflow/dags/flex_eau_pipeline.py
[2026-08-11T22:18:19.672+0000] {processor.py:914} INFO - Processing file /opt/airflow/dags/flex_eau_pipeline.py for tasks to queue
[2026-08-11T22:18:19.674+0000] {logging_mixin.py:190} INFO - [2026-08-11T22:18:19.674+0000] {dagbag.py:587} INFO - Filling up the DagBag from /opt/airflow/dags/flex_eau_pipeline.py
[2026-08-11T22:18:19.701+0000] {processor.py:925} INFO - DAG(s) 'flex_eau_pipeline' retrieved from /opt/airflow/dags/flex_eau_pipeline.py
[2026-08-11T22:18:19.743+0000] {logging_mixin.py:190} INFO - [2026-08-11T22:18:19.743+0000] {dag.py:3211} INFO - Sync 1 DAGs
[2026-08-11T22:18:19.767+0000] {logging_mixin.py:190} INFO - [2026-08-11T22:18:19.766+0000] {dag.py:4138} INFO - Setting next_dagrun for flex_eau_pipeline to 2026-08-11 00:00:00+00:00, run_after=2026-08-12 00:00:00+00:00
[2026-08-11T22:18:19.789+0000] {processor.py:208} INFO - Processing /opt/airflow/dags/flex_eau_pipeline.py took 0.126 seconds
[2026-08-11T22:18:50.118+0000] {processor.py:186} INFO - Started process (PID=6717) to work on /opt/airflow/dags/flex_eau_pipeline.py
[2026-08-11T22:18:50.120+0000] {processor.py:914} INFO - Processing file /opt/airflow/dags/flex_eau_pipeline.py for tasks to queue
[2026-08-11T22:18:50.122+0000] {logging_mixin.py:190} INFO - [2026-08-11T22:18:50.122+0000] {dagbag.py:587} INFO - Filling up the DagBag from /opt/airflow/dags/flex_eau_pipeline.py
[2026-08-11T22:18:50.150+0000] {processor.py:925} INFO - DAG(s) 'flex_eau_pipeline' retrieved from /opt/airflow/dags/flex_eau_pipeline.py
[2026-08-11T22:18:50.193+0000] {logging_mixin.py:190} INFO - [2026-08-11T22:18:50.193+0000] {dag.py:3211} INFO - Sync 1 DAGs
[2026-08-11T22:18:50.219+0000] {logging_mixin.py:190} INFO - [2026-08-11T22:18:50.219+0000] {dag.py:4138} INFO - Setting next_dagrun for flex_eau_pipeline to 2026-08-11 00:00:00+00:00, run_after=2026-08-12 00:00:00+00:00
[2026-08-11T22:18:50.242+0000] {processor.py:208} INFO - Processing /opt/airflow/dags/flex_eau_pipeline.py took 0.133 seconds
[2026-08-11T22:19:20.704+0000] {processor.py:186} INFO - Started process (PID=6722) to work on /opt/airflow/dags/flex_eau_pipeline.py
[2026-08-11T22:19:20.706+0000] {processor.py:914} INFO - Processing file /opt/airflow/dags/flex_eau_pipeline.py for tasks to queue
[2026-08-11T22:19:20.707+0000] {logging_mixin.py:190} INFO - [2026-08-11T22:19:20.707+0000] {dagbag.py:587} INFO - Filling up the DagBag from /opt/airflow/dags/flex_eau_pipeline.py
[2026-08-11T22:19:20.733+0000] {processor.py:925} INFO - DAG(s) 'flex_eau_pipeline' retrieved from /opt/airflow/dags/flex_eau_pipeline.py
[2026-08-11T22:19:20.775+0000] {logging_mixin.py:190} INFO - [2026-08-11T22:19:20.775+0000] {dag.py:3211} INFO - Sync 1 DAGs
[2026-08-11T22:19:20.799+0000] {logging_mixin.py:190} INFO - [2026-08-11T22:19:20.799+0000] {dag.py:4138} INFO - Setting next_dagrun for flex_eau_pipeline to 2026-08-11 00:00:00+00:00, run_after=2026-08-12 00:00:00+00:00
[2026-08-11T22:19:20.824+0000] {processor.py:208} INFO - Processing /opt/airflow/dags/flex_eau_pipeline.py took 0.127 seconds
[2026-08-11T22:19:51.261+0000] {processor.py:186} INFO - Started process (PID=6727) to work on /opt/airflow/dags/flex_eau_pipeline.py
[2026-08-11T22:19:51.262+0000] {processor.py:914} INFO - Processing file /opt/airflow/dags/flex_eau_pipeline.py for tasks to queue
[2026-08-11T22:19:51.264+0000] {logging_mixin.py:190} INFO - [2026-08-11T22:19:51.264+0000] {dagbag.py:587} INFO - Filling up the DagBag from /opt/airflow/dags/flex_eau_pipeline.py
[2026-08-11T22:19:51.293+0000] {processor.py:925} INFO - DAG(s) 'flex_eau_pipeline' retrieved from /opt/airflow/dags/flex_eau_pipeline.py
[2026-08-11T22:19:51.334+0000] {logging_mixin.py:190} INFO - [2026-08-11T22:19:51.333+0000] {dag.py:3211} INFO - Sync 1 DAGs
[2026-08-11T22:19:51.360+0000] {logging_mixin.py:190} INFO - [2026-08-11T22:19:51.360+0000] {dag.py:4138} INFO - Setting next_dagrun for flex_eau_pipeline to 2026-08-11 00:00:00+00:00, run_after=2026-08-12 00:00:00+00:00
[2026-08-11T22:19:51.384+0000] {processor.py:208} INFO - Processing /opt/airflow/dags/flex_eau_pipeline.py took 0.132 seconds
[2026-08-11T22:20:22.110+0000] {processor.py:186} INFO - Started process (PID=6732) to work on /opt/airflow/dags/flex_eau_pipeline.py
[2026-08-11T22:20:22.111+0000] {processor.py:914} INFO - Processing file /opt/airflow/dags/flex_eau_pipeline.py for tasks to queue
[2026-08-11T22:20:22.112+0000] {logging_mixin.py:190} INFO - [2026-08-11T22:20:22.112+0000] {dagbag.py:587} INFO - Filling up the DagBag from /opt/airflow/dags/flex_eau_pipeline.py
[2026-08-11T22:20:22.139+0000] {processor.py:925} INFO - DAG(s) 'flex_eau_pipeline' retrieved from /opt/airflow/dags/flex_eau_pipeline.py
[2026-08-11T22:20:22.181+0000] {logging_mixin.py:190} INFO - [2026-08-11T22:20:22.181+0000] {dag.py:3211} INFO - Sync 1 DAGs
[2026-08-11T22:20:22.205+0000] {logging_mixin.py:190} INFO - [2026-08-11T22:20:22.205+0000] {dag.py:4138} INFO - Setting next_dagrun for flex_eau_pipeline to 2026-08-11 00:00:00+00:00, run_after=2026-08-12 00:00:00+00:00
[2026-08-11T22:20:22.227+0000] {processor.py:208} INFO - Processing /opt/airflow/dags/flex_eau_pipeline.py took 0.124 seconds
[2026-08-11T22:20:53.116+0000] {processor.py:186} INFO - Started process (PID=6737) to work on /opt/airflow/dags/flex_eau_pipeline.py
[2026-08-11T22:20:53.117+0000] {processor.py:914} INFO - Processing file /opt/airflow/dags/flex_eau_pipeline.py for tasks to queue
[2026-08-11T22:20:53.119+0000] {logging_mixin.py:190} INFO - [2026-08-11T22:20:53.119+0000] {dagbag.py:587} INFO - Filling up the DagBag from /opt/airflow/dags/flex_eau_pipeline.py
[2026-08-11T22:20:53.145+0000] {processor.py:925} INFO - DAG(s) 'flex_eau_pipeline' retrieved from /opt/airflow/dags/flex_eau_pipeline.py
[2026-08-11T22:20:53.191+0000] {logging_mixin.py:190} INFO - [2026-08-11T22:20:53.191+0000] {dag.py:3211} INFO - Sync 1 DAGs
[2026-08-11T22:20:53.214+0000] {logging_mixin.py:190} INFO - [2026-08-11T22:20:53.214+0000] {dag.py:4138} INFO - Setting next_dagrun for flex_eau_pipeline to 2026-08-11 00:00:00+00:00, run_after=2026-08-12 00:00:00+00:00
[2026-08-11T22:20:53.236+0000] {processor.py:208} INFO - Processing /opt/airflow/dags/flex_eau_pipeline.py took 0.129 seconds
[2026-08-11T22:21:23.912+0000] {processor.py:186} INFO - Started process (PID=6742) to work on /opt/airflow/dags/flex_eau_pipeline.py
[2026-08-11T22:21:23.914+0000] {processor.py:914} INFO - Processing file /opt/airflow/dags/flex_eau_pipeline.py for tasks to queue
[2026-08-11T22:21:23.915+0000] {logging_mixin.py:190} INFO - [2026-08-11T22:21:23.915+0000] {dagbag.py:587} INFO - Filling up the DagBag from /opt/airflow/dags/flex_eau_pipeline.py
[2026-08-11T22:21:23.941+0000] {processor.py:925} INFO - DAG(s) 'flex_eau_pipeline' retrieved from /opt/airflow/dags/flex_eau_pipeline.py
[2026-08-11T22:21:23.990+0000] {logging_mixin.py:190} INFO - [2026-08-11T22:21:23.990+0000] {dag.py:3211} INFO - Sync 1 DAGs
[2026-08-11T22:21:24.014+0000] {logging_mixin.py:190} INFO - [2026-08-11T22:21:24.014+0000] {dag.py:4138} INFO - Setting next_dagrun for flex_eau_pipeline to 2026-08-11 00:00:00+00:00, run_after=2026-08-12 00:00:00+00:00
[2026-08-11T22:21:24.036+0000] {processor.py:208} INFO - Processing /opt/airflow/dags/flex_eau_pipeline.py took 0.132 seconds
[2026-08-11T22:21:54.714+0000] {processor.py:186} INFO - Started process (PID=6747) to work on /opt/airflow/dags/flex_eau_pipeline.py
[2026-08-11T22:21:54.716+0000] {processor.py:914} INFO - Processing file /opt/airflow/dags/flex_eau_pipeline.py for tasks to queue
[2026-08-11T22:21:54.718+0000] {logging_mixin.py:190} INFO - [2026-08-11T22:21:54.718+0000] {dagbag.py:587} INFO - Filling up the DagBag from /opt/airflow/dags/flex_eau_pipeline.py
[2026-08-11T22:21:54.746+0000] {processor.py:925} INFO - DAG(s) 'flex_eau_pipeline' retrieved from /opt/airflow/dags/flex_eau_pipeline.py
[2026-08-11T22:21:54.801+0000] {logging_mixin.py:190} INFO - [2026-08-11T22:21:54.801+0000] {dag.py:3211} INFO - Sync 1 DAGs
[2026-08-11T22:21:54.832+0000] {logging_mixin.py:190} INFO - [2026-08-11T22:21:54.832+0000] {dag.py:4138} INFO - Setting next_dagrun for flex_eau_pipeline to 2026-08-11 00:00:00+00:00, run_after=2026-08-12 00:00:00+00:00
[2026-08-11T22:21:54.862+0000] {processor.py:208} INFO - Processing /opt/airflow/dags/flex_eau_pipeline.py took 0.157 seconds
[2026-08-11T22:22:25.253+0000] {processor.py:186} INFO - Started process (PID=6752) to work on /opt/airflow/dags/flex_eau_pipeline.py
[2026-08-11T22:22:25.255+0000] {processor.py:914} INFO - Processing file /opt/airflow/dags/flex_eau_pipeline.py for tasks to queue
[2026-08-11T22:22:25.256+0000] {logging_mixin.py:190} INFO - [2026-08-11T22:22:25.256+0000] {dagbag.py:587} INFO - Filling up the DagBag from /opt/airflow/dags/flex_eau_pipeline.py
[2026-08-11T22:22:25.283+0000] {processor.py:925} INFO - DAG(s) 'flex_eau_pipeline' retrieved from /opt/airflow/dags/flex_eau_pipeline.py
[2026-08-11T22:22:25.343+0000] {logging_mixin.py:190} INFO - [2026-08-11T22:22:25.343+0000] {dag.py:3211} INFO - Sync 1 DAGs
[2026-08-11T22:22:25.378+0000] {logging_mixin.py:190} INFO - [2026-08-11T22:22:25.377+0000] {dag.py:4138} INFO - Setting next_dagrun for flex_eau_pipeline to 2026-08-11 00:00:00+00:00, run_after=2026-08-12 00:00:00+00:00
[2026-08-11T22:22:25.405+0000] {processor.py:208} INFO - Processing /opt/airflow/dags/flex_eau_pipeline.py took 0.161 seconds
[2026-08-11T22:22:55.884+0000] {processor.py:186} INFO - Started process (PID=6757) to work on /opt/airflow/dags/flex_eau_pipeline.py
[2026-08-11T22:22:55.886+0000] {processor.py:914} INFO - Processing file /opt/airflow/dags/flex_eau_pipeline.py for tasks to queue
[2026-08-11T22:22:55.888+0000] {logging_mixin.py:190} INFO - [2026-08-11T22:22:55.888+0000] {dagbag.py:587} INFO - Filling up the DagBag from /opt/airflow/dags/flex_eau_pipeline.py
[2026-08-11T22:22:55.917+0000] {processor.py:925} INFO - DAG(s) 'flex_eau_pipeline' retrieved from /opt/airflow/dags/flex_eau_pipeline.py
[2026-08-11T22:22:55.978+0000] {logging_mixin.py:190} INFO - [2026-08-11T22:22:55.978+0000] {dag.py:3211} INFO - Sync 1 DAGs
[2026-08-11T22:22:56.007+0000] {logging_mixin.py:190} INFO - [2026-08-11T22:22:56.007+0000] {dag.py:4138} INFO - Setting next_dagrun for flex_eau_pipeline to 2026-08-11 00:00:00+00:00, run_after=2026-08-12 00:00:00+00:00
[2026-08-11T22:22:56.048+0000] {processor.py:208} INFO - Processing /opt/airflow/dags/flex_eau_pipeline.py took 0.178 seconds
[2026-08-11T22:23:26.537+0000] {processor.py:186} INFO - Started process (PID=6762) to work on /opt/airflow/dags/flex_eau_pipeline.py
[2026-08-11T22:23:26.539+0000] {processor.py:914} INFO - Processing file /opt/airflow/dags/flex_eau_pipeline.py for tasks to queue
[2026-08-11T22:23:26.540+0000] {logging_mixin.py:190} INFO - [2026-08-11T22:23:26.540+0000] {dagbag.py:587} INFO - Filling up the DagBag from /opt/airflow/dags/flex_eau_pipeline.py
[2026-08-11T22:23:26.567+0000] {processor.py:925} INFO - DAG(s) 'flex_eau_pipeline' retrieved from /opt/airflow/dags/flex_eau_pipeline.py
[2026-08-11T22:23:26.606+0000] {logging_mixin.py:190} INFO - [2026-08-11T22:23:26.606+0000] {dag.py:3211} INFO - Sync 1 DAGs
[2026-08-11T22:23:26.629+0000] {logging_mixin.py:190} INFO - [2026-08-11T22:23:26.629+0000] {dag.py:4138} INFO - Setting next_dagrun for flex_eau_pipeline to 2026-08-11 00:00:00+00:00, run_after=2026-08-12 00:00:00+00:00
[2026-08-11T22:23:26.652+0000] {processor.py:208} INFO - Processing /opt/airflow/dags/flex_eau_pipeline.py took 0.123 seconds
[2026-08-11T22:23:56.906+0000] {processor.py:186} INFO - Started process (PID=6767) to work on /opt/airflow/dags/flex_eau_pipeline.py
[2026-08-11T22:23:56.907+0000] {processor.py:914} INFO - Processing file /opt/airflow/dags/flex_eau_pipeline.py for tasks to queue
[2026-08-11T22:23:56.909+0000] {logging_mixin.py:190} INFO - [2026-08-11T22:23:56.908+0000] {dagbag.py:587} INFO - Filling up the DagBag from /opt/airflow/dags/flex_eau_pipeline.py
[2026-08-11T22:23:56.935+0000] {processor.py:925} INFO - DAG(s) 'flex_eau_pipeline' retrieved from /opt/airflow/dags/flex_eau_pipeline.py
[2026-08-11T22:23:56.977+0000] {logging_mixin.py:190} INFO - [2026-08-11T22:23:56.977+0000] {dag.py:3211} INFO - Sync 1 DAGs
[2026-08-11T22:23:57.003+0000] {logging_mixin.py:190} INFO - [2026-08-11T22:23:57.002+0000] {dag.py:4138} INFO - Setting next_dagrun for flex_eau_pipeline to 2026-08-11 00:00:00+00:00, run_after=2026-08-12 00:00:00+00:00
[2026-08-11T22:23:57.025+0000] {processor.py:208} INFO - Processing /opt/airflow/dags/flex_eau_pipeline.py took 0.129 seconds
[2026-08-11T22:24:27.296+0000] {processor.py:186} INFO - Started process (PID=6772) to work on /opt/airflow/dags/flex_eau_pipeline.py
[2026-08-11T22:24:27.298+0000] {processor.py:914} INFO - Processing file /opt/airflow/dags/flex_eau_pipeline.py for tasks to queue
[2026-08-11T22:24:27.299+0000] {logging_mixin.py:190} INFO - [2026-08-11T22:24:27.299+0000] {dagbag.py:587} INFO - Filling up the DagBag from /opt/airflow/dags/flex_eau_pipeline.py
[2026-08-11T22:24:27.320+0000] {processor.py:925} INFO - DAG(s) 'flex_eau_pipeline' retrieved from /opt/airflow/dags/flex_eau_pipeline.py
[2026-08-11T22:24:27.361+0000] {logging_mixin.py:190} INFO - [2026-08-11T22:24:27.361+0000] {dag.py:3211} INFO - Sync 1 DAGs
[2026-08-11T22:24:27.384+0000] {logging_mixin.py:190} INFO - [2026-08-11T22:24:27.384+0000] {dag.py:4138} INFO - Setting next_dagrun for flex_eau_pipeline to 2026-08-11 00:00:00+00:00, run_after=2026-08-12 00:00:00+00:00
[2026-08-11T22:24:27.407+0000] {processor.py:208} INFO - Processing /opt/airflow/dags/flex_eau_pipeline.py took 0.118 seconds
[2026-08-11T22:24:57.838+0000] {processor.py:186} INFO - Started process (PID=6777) to work on /opt/airflow/dags/flex_eau_pipeline.py
[2026-08-11T22:24:57.840+0000] {processor.py:914} INFO - Processing file /opt/airflow/dags/flex_eau_pipeline.py for tasks to queue
[2026-08-11T22:24:57.841+0000] {logging_mixin.py:190} INFO - [2026-08-11T22:24:57.841+0000] {dagbag.py:587} INFO - Filling up the DagBag from /opt/airflow/dags/flex_eau_pipeline.py
[2026-08-11T22:24:57.868+0000] {processor.py:925} INFO - DAG(s) 'flex_eau_pipeline' retrieved from /opt/airflow/dags/flex_eau_pipeline.py
[2026-08-11T22:24:57.911+0000] {logging_mixin.py:190} INFO - [2026-08-11T22:24:57.911+0000] {dag.py:3211} INFO - Sync 1 DAGs
[2026-08-11T22:24:57.935+0000] {logging_mixin.py:190} INFO - [2026-08-11T22:24:57.935+0000] {dag.py:4138} INFO - Setting next_dagrun for flex_eau_pipeline to 2026-08-11 00:00:00+00:00, run_after=2026-08-12 00:00:00+00:00
[2026-08-11T22:24:57.957+0000] {processor.py:208} INFO - Processing /opt/airflow/dags/flex_eau_pipeline.py took 0.126 seconds
[2026-08-11T22:25:28.508+0000] {processor.py:186} INFO - Started process (PID=6782) to work on /opt/airflow/dags/flex_eau_pipeline.py
[2026-08-11T22:25:28.509+0000] {processor.py:914} INFO - Processing file /opt/airflow/dags/flex_eau_pipeline.py for tasks to queue
[2026-08-11T22:25:28.511+0000] {logging_mixin.py:190} INFO - [2026-08-11T22:25:28.511+0000] {dagbag.py:587} INFO - Filling up the DagBag from /opt/airflow/dags/flex_eau_pipeline.py
[2026-08-11T22:25:28.535+0000] {processor.py:925} INFO - DAG(s) 'flex_eau_pipeline' retrieved from /opt/airflow/dags/flex_eau_pipeline.py
[2026-08-11T22:25:28.579+0000] {logging_mixin.py:190} INFO - [2026-08-11T22:25:28.578+0000] {dag.py:3211} INFO - Sync 1 DAGs
[2026-08-11T22:25:28.604+0000] {logging_mixin.py:190} INFO - [2026-08-11T22:25:28.604+0000] {dag.py:4138} INFO - Setting next_dagrun for flex_eau_pipeline to 2026-08-11 00:00:00+00:00, run_after=2026-08-12 00:00:00+00:00
[2026-08-11T22:25:28.627+0000] {processor.py:208} INFO - Processing /opt/airflow/dags/flex_eau_pipeline.py took 0.127 seconds
[2026-08-11T22:25:59.215+0000] {processor.py:186} INFO - Started process (PID=6787) to work on /opt/airflow/dags/flex_eau_pipeline.py
[2026-08-11T22:25:59.216+0000] {processor.py:914} INFO - Processing file /opt/airflow/dags/flex_eau_pipeline.py for tasks to queue
[2026-08-11T22:25:59.218+0000] {logging_mixin.py:190} INFO - [2026-08-11T22:25:59.218+0000] {dagbag.py:587} INFO - Filling up the DagBag from /opt/airflow/dags/flex_eau_pipeline.py
[2026-08-11T22:25:59.244+0000] {processor.py:925} INFO - DAG(s) 'flex_eau_pipeline' retrieved from /opt/airflow/dags/flex_eau_pipeline.py
[2026-08-11T22:25:59.282+0000] {logging_mixin.py:190} INFO - [2026-08-11T22:25:59.282+0000] {dag.py:3211} INFO - Sync 1 DAGs
[2026-08-11T22:25:59.306+0000] {logging_mixin.py:190} INFO - [2026-08-11T22:25:59.305+0000] {dag.py:4138} INFO - Setting next_dagrun for flex_eau_pipeline to 2026-08-11 00:00:00+00:00, run_after=2026-08-12 00:00:00+00:00
[2026-08-11T22:25:59.328+0000] {processor.py:208} INFO - Processing /opt/airflow/dags/flex_eau_pipeline.py took 0.120 seconds
[2026-08-11T22:26:29.880+0000] {processor.py:186} INFO - Started process (PID=6792) to work on /opt/airflow/dags/flex_eau_pipeline.py
[2026-08-11T22:26:29.881+0000] {processor.py:914} INFO - Processing file /opt/airflow/dags/flex_eau_pipeline.py for tasks to queue
[2026-08-11T22:26:29.883+0000] {logging_mixin.py:190} INFO - [2026-08-11T22:26:29.882+0000] {dagbag.py:587} INFO - Filling up the DagBag from /opt/airflow/dags/flex_eau_pipeline.py
[2026-08-11T22:26:29.904+0000] {processor.py:925} INFO - DAG(s) 'flex_eau_pipeline' retrieved from /opt/airflow/dags/flex_eau_pipeline.py
[2026-08-11T22:26:29.949+0000] {logging_mixin.py:190} INFO - [2026-08-11T22:26:29.949+0000] {dag.py:3211} INFO - Sync 1 DAGs
[2026-08-11T22:26:29.972+0000] {logging_mixin.py:190} INFO - [2026-08-11T22:26:29.972+0000] {dag.py:4138} INFO - Setting next_dagrun for flex_eau_pipeline to 2026-08-11 00:00:00+00:00, run_after=2026-08-12 00:00:00+00:00
[2026-08-11T22:26:29.992+0000] {processor.py:208} INFO - Processing /opt/airflow/dags/flex_eau_pipeline.py took 0.118 seconds
[2026-08-11T22:27:00.658+0000] {processor.py:186} INFO - Started process (PID=6797) to work on /opt/airflow/dags/flex_eau_pipeline.py
[2026-08-11T22:27:00.660+0000] {processor.py:914} INFO - Processing file /opt/airflow/dags/flex_eau_pipeline.py for tasks to queue
[2026-08-11T22:27:00.661+0000] {logging_mixin.py:190} INFO - [2026-08-11T22:27:00.661+0000] {dagbag.py:587} INFO - Filling up the DagBag from /opt/airflow/dags/flex_eau_pipeline.py
[2026-08-11T22:27:00.687+0000] {processor.py:925} INFO - DAG(s) 'flex_eau_pipeline' retrieved from /opt/airflow/dags/flex_eau_pipeline.py
[2026-08-11T22:27:00.731+0000] {logging_mixin.py:190} INFO - [2026-08-11T22:27:00.731+0000] {dag.py:3211} INFO - Sync 1 DAGs
[2026-08-11T22:27:00.757+0000] {logging_mixin.py:190} INFO - [2026-08-11T22:27:00.757+0000] {dag.py:4138} INFO - Setting next_dagrun for flex_eau_pipeline to 2026-08-11 00:00:00+00:00, run_after=2026-08-12 00:00:00+00:00
[2026-08-11T22:27:00.780+0000] {processor.py:208} INFO - Processing /opt/airflow/dags/flex_eau_pipeline.py took 0.129 seconds
